cell_id,leiden,reviewed_cell_type,predicted_cell_type,model_knows_reviewed_class,prediction_matches_reviewed_label,max_probability,normalized_probability_entropy,low_confidence,probability__Activated/transitional T cells,probability__B cells,probability__CD16+ non-classical monocytes,probability__Classical monocytes,probability__Cytotoxic CD8 T cells,probability__Dendritic cells,probability__IL7R+ memory/helper T cells,probability__NK cells,probability__Naive/resting T cells
AAACATACAACCAC-1,0,Cytotoxic CD8 T cells,Activated/transitional T cells,True,False,0.7113831043243408,0.3863077163038854,False,0.7113831043243408,0.002616066252812743,0.0017774436855688691,0.0042352862656116486,0.21104800701141357,0.0017614548560231924,0.05694061145186424,0.004483954515308142,0.005754096899181604
AAACATTGAGCTAC-1,1,B cells,B cells,True,True,0.998889148235321,0.0047075546286671046,False,0.0002858244115486741,0.998889148235321,2.9121438274160028e-05,3.557839590939693e-05,9.877959382720292e-05,2.3928201699163765e-05,0.000510748999658972,2.1018877305323258e-05,0.00010587179713184014
AAACATTGATCAGC-1,2,IL7R+ memory/helper T cells,IL7R+ memory/helper T cells,True,True,0.9859309196472168,0.04347214659410057,False,0.007044692523777485,0.0007259520352818072,0.0004969905712641776,0.0008994668605737388,0.0030513510573655367,0.0005240173195488751,0.9859309196472168,0.0005034914356656373,0.0008231568499468267
AAACCGTGCTTCCG-1,3,Classical monocytes,Classical monocytes,True,True,0.8906290531158447,0.17754215483840757,False,0.0019640366081148386,0.0016132660675793886,0.10102967917919159,0.8906290531158447,0.0009429582860320807,0.00048650905955582857,0.001654452527873218,0.0010267117759212852,0.0006533743580803275
AAACCGTGTATGCG-1,5,NK cells,NK cells,True,True,0.9809102416038513,0.056681723877966265,False,0.0037892619147896767,0.0007032066932879388,0.0004823371709790081,0.001250229892320931,0.009348277933895588,0.0014329049736261368,0.001131395110860467,0.9809102416038513,0.0009521775064058602
AAACGCACTGGTAC-1,2,IL7R+ memory/helper T cells,IL7R+ memory/helper T cells,True,True,0.7862521409988403,0.36268461246162664,False,0.1316155195236206,0.010626137256622314,0.0022286989260464907,0.009806930087506771,0.009492448531091213,0.014494824223220348,0.7862521409988403,0.002730052452534437,0.03275328874588013
AAACGCTGACCAGT-1,0,Cytotoxic CD8 T cells,Cytotoxic CD8 T cells,True,True,0.9256207942962646,0.16234518515470375,False,0.04416152834892273,0.0010500041535124183,0.0005530832568183541,0.0012641996145248413,0.9256207942962646,0.0007036437746137381,0.015318392775952816,0.004820987582206726,0.006507297046482563
AAACGCTGGTTCTT-1,0,Cytotoxic CD8 T cells,Cytotoxic CD8 T cells,True,True,0.9812971353530884,0.048917627809283507,False,0.015289838425815105,0.00029576561064459383,0.00017661442689131945,0.0003732018230948597,0.9812971353530884,0.00021051554358564317,0.0014330361736938357,0.00025048357201740146,0.0006733780610375106
AAACGCTGTAGCCA-1,6,Activated/transitional T cells,Cytotoxic CD8 T cells,True,False,0.9165689945220947,0.1415628053946287,False,0.0028770987410098314,0.07876481115818024,0.00011580374120967463,0.00027036305982619524,0.9165689945220947,0.00016277922259178013,0.0005682411720044911,0.00014588332851417363,0.0005260810721665621
AAACGCTGTTTCTG-1,4,CD16+ non-classical monocytes,CD16+ non-classical monocytes,True,True,0.7376055121421814,0.4344730971871215,False,0.03121928498148918,0.06496334075927734,0.7376055121421814,0.12846137583255768,0.008480864576995373,0.004071890376508236,0.013717264868319035,0.0069240787997841835,0.00455643841996789
AAACTTGAAAAACG-1,1,B cells,B cells,True,True,0.9984873533248901,0.0063650344044184045,False,0.000517061969731003,0.9984873533248901,4.9035159463528544e-05,9.198644693242386e-05,0.00017547559400554746,5.909942774451338e-05,0.0003590297419577837,4.912282383884303e-05,0.00021175887377467006
AAACTTGATCCAGA-1,7,Naive/resting T cells,Activated/transitional T cells,True,False,0.9956104159355164,0.01653678020311474,False,0.9956104159355164,0.0010710088536143303,0.00016969868738669902,0.00038533969200216234,0.0005944303702563047,0.00023557274835184216,0.0012863626470789313,0.00024674914311617613,0.0004004652437288314
AAAGAGACGAGATA-1,2,IL7R+ memory/helper T cells,IL7R+ memory/helper T cells,True,True,0.7391127943992615,0.3231715000034576,False,0.23438243567943573,0.0033340961672365665,0.0017159288981929421,0.004080978222191334,0.005067697260528803,0.00427700811997056,0.7391127943992615,0.003105762181803584,0.004923324566334486
AAAGAGACGCGAGA-1,3,Classical monocytes,Classical monocytes,True,True,0.9988535642623901,0.004959688265027226,False,0.0001382833725074306,7.454992737621069e-05,0.000432366447057575,0.9988535642623901,4.847518721362576e-05,0.00011661709140753374,0.0002564508467912674,4.058365084347315e-05,3.90754321415443e-05
AAAGAGACGGACTT-1,6,Activated/transitional T cells,Cytotoxic CD8 T cells,True,False,0.9917507767677307,0.02678734029808829,False,0.005024723242968321,0.00020924261480104178,0.00012256533955223858,0.00036150190862827003,0.9917507767677307,0.0001417457388015464,0.0007582578109577298,0.00078568235039711,0.0008455480565316975
AAAGAGACGGCATT-1,6,Activated/transitional T cells,Activated/transitional T cells,True,True,0.7564104795455933,0.42155699170972294,False,0.7564104795455933,0.019433852285146713,0.0016548022394999862,0.004830972291529179,0.09357629716396332,0.011398018337786198,0.03931796923279762,0.0023966406006366014,0.07098101079463959
AAAGCAGATATCGG-1,4,CD16+ non-classical monocytes,CD16+ non-classical monocytes,True,True,0.932888925075531,0.1255614759771905,False,0.0007467435789294541,0.0022976435720920563,0.932888925075531,0.061268728226423264,0.0006551244878210127,0.000350379035808146,0.0010405941866338253,0.00045214322744868696,0.0002997714327648282
AAAGCCTGTATGCG-1,2,IL7R+ memory/helper T cells,IL7R+ memory/helper T cells,True,True,0.9611248970031738,0.09633166670843818,False,0.016718076542019844,0.0007874705479480326,0.00040395924588665366,0.0007899395423009992,0.016961263492703438,0.0005168230272829533,0.9611248970031738,0.000890404568053782,0.0018071577651426196
AAAGGCCTGTCTAG-1,1,B cells,B cells,True,True,0.9953500032424927,0.015482416970246177,False,0.00038408886757679284,0.9953500032424927,2.8868045774288476e-05,5.877719377167523e-05,0.0007372961845248938,2.903137828980107e-05,0.0033204113133251667,3.338911119499244e-05,5.814967516926117e-05
AAAGTTTGATCACG-1,1,B cells,B cells,True,True,0.9985431432723999,0.005797266242930372,False,0.0009645228856243193,0.9985431432723999,2.5695992007968016e-05,0.00012296586646698415,5.113890438224189e-05,3.3440752304159105e-05,5.660128954332322e-05,2.7176482035429217e-05,0.00017536594532430172
AAAGTTTGGGGTGA-1,1,B cells,B cells,True,True,0.9991686344146729,0.003526866293578291,False,0.0005486640147864819,0.9991686344146729,2.0124816728639416e-05,3.0384988349396735e-05,4.3873842514585704e-05,2.401533129159361e-05,0.00011060904944315553,1.7884982298710383e-05,3.5794346331385896e-05
AAAGTTTGTAGAGA-1,6,Activated/transitional T cells,Activated/transitional T cells,True,True,0.9780714511871338,0.06562644431999651,False,0.9780714511871338,0.0015225392999127507,0.0007604699931107461,0.0028176165651530027,0.001842063502408564,0.001060964772477746,0.005101363640278578,0.0009894532850012183,0.007834031246602535
AAAGTTTGTAGCGT-1,3,Classical monocytes,Classical monocytes,True,True,0.9993091821670532,0.003135637085125717,False,0.00027659753686748445,3.62099744961597e-05,0.00013112439773976803,0.9993091821670532,5.0347902288194746e-05,2.359137579333037e-05,0.00012061488087056205,2.700421646295581e-05,2.5375444238306955e-05
AAATCAACAATGCC-1,1,B cells,B cells,True,True,0.9986898303031921,0.005400973308873849,False,0.0007705424795858562,0.9986898303031921,3.1173505703918636e-05,0.00011616200936259702,7.730534707661718e-05,3.6244520742911845e-05,0.00011408560385461897,3.517988443491049e-05,0.00012950581731274724
AAATCAACACCAGT-1,7,Naive/resting T cells,Activated/transitional T cells,True,False,0.9982787370681763,0.0072119489408063115,False,0.9982787370681763,0.00012920655717607588,8.151738438755274e-05,0.00015615427400916815,0.0005770542193204165,8.681536564836279e-05,0.00027167488588020205,9.917103307088837e-05,0.00031973625300452113
AAATCAACCAGGAG-1,7,Naive/resting T cells,Activated/transitional T cells,True,False,0.9924644231796265,0.02534288912571681,False,0.9924644231796265,0.0003181278589181602,0.00018594709399621934,0.0003714746853802353,0.000498406938277185,0.0002090358320856467,0.003177468664944172,0.0002810506266541779,0.002494018990546465
AAATCAACCCTATT-1,4,CD16+ non-classical monocytes,CD16+ non-classical monocytes,True,True,0.9726125001907349,0.07700655225093028,False,0.003564020385965705,0.0011727168457582593,0.9726125001907349,0.005562131758779287,0.0018865906167775393,0.0006597605533897877,0.012548014521598816,0.0012682287488132715,0.0007259491248987615
AAATCAACGGAAGC-1,7,Naive/resting T cells,Activated/transitional T cells,True,False,0.9858125448226929,0.04326157780974909,False,0.9858125448226929,0.0005553814116865396,0.0004179775423835963,0.0008949678740464151,0.0008747859974391758,0.00038692046655341983,0.007506935857236385,0.00043577380711212754,0.003114731516689062
AAATCAACTCGCAA-1,2,IL7R+ memory/helper T cells,IL7R+ memory/helper T cells,True,True,0.837361752986908,0.29596973396471765,False,0.09424394369125366,0.003299298696219921,0.002058646874502301,0.003962486516684294,0.005666024051606655,0.012777170166373253,0.837361752986908,0.0028868597000837326,0.037743788212537766
AAATCATGACCACA-1,4,CD16+ non-classical monocytes,CD16+ non-classical monocytes,True,True,0.9979901313781738,0.008276197572402595,False,0.0003818418481387198,0.00011978243855992332,0.9979901313781738,0.0004161987453699112,0.00014405991532839835,7.723350427113473e-05,0.0006116234580986202,0.0001351253013126552,0.00012395053636282682
AAATCCCTCCACAA-1,6,Activated/transitional T cells,Cytotoxic CD8 T cells,True,False,0.9104669094085693,0.17476661350227796,False,0.06473881751298904,0.0014402669621631503,0.00078356679296121,0.0018120710738003254,0.9104669094085693,0.0010289070196449757,0.01677064411342144,0.0014884864212945104,0.001470345538109541
AAATCCCTGCTATG-1,1,B cells,B cells,True,True,0.9989712238311768,0.0041060854777348966,False,0.0008175933617167175,0.9989712238311768,1.4733474927197676e-05,3.1002808100311086e-05,3.346670200699009e-05,2.114931703545153e-05,2.4699118512216955e-05,2.9311690013855696e-05,5.6779510487103835e-05
AAATGTTGAACGAA-1,3,Classical monocytes,Classical monocytes,True,True,0.9993613362312317,0.0029951019245107006,False,0.00017107893654610962,8.09606135590002e-05,8.886562136467546e-05,0.9993613362312317,6.1011356592644006e-05,3.6775665648747236e-05,0.00011129006452392787,3.414430102566257e-05,5.4494990763487294e-05
AAATGTTGCCACAA-1,2,IL7R+ memory/helper T cells,Cytotoxic CD8 T cells,True,False,0.8672992587089539,0.24113542924544676,False,0.027602287009358406,0.004550344310700893,0.001842060941271484,0.0023200493305921555,0.8672992587089539,0.0015398836694657803,0.08954797685146332,0.0015898332931101322,0.0037082978524267673
AAATGTTGTGGCAT-1,3,Classical monocytes,Classical monocytes,True,True,0.9993370175361633,0.003062016478925257,False,8.046302536968142e-05,5.6009041145443916e-05,0.0002549089549575001,0.9993370175361633,5.1132192311342806e-05,3.636276596807875e-05,9.576120646670461e-05,4.744141551782377e-05,4.093462848686613e-05
AAATTCGAAGGTTC-1,7,Naive/resting T cells,IL7R+ memory/helper T cells,True,False,0.5508814454078674,0.5432898513102373,False,0.19637997448444366,0.003234288888052106,0.001688130316324532,0.003239542944356799,0.056159235537052155,0.0018567061051726341,0.5508814454078674,0.0020104318391531706,0.1845502257347107
AAATTCGAATCACG-1,3,Classical monocytes,Classical monocytes,True,True,0.9995166063308716,0.0023274419792839356,False,0.00011415990593377501,3.6580164305632934e-05,0.00010972956079058349,0.9995166063308716,5.9315651014912874e-05,3.1069295800989494e-05,6.77221905789338e-05,3.1055784347699955e-05,3.378959445399232e-05
AAATTCGAGCTGAT-1,4,CD16+ non-classical monocytes,CD16+ non-classical monocytes,True,True,0.9858601093292236,0.03731218655897212,False,0.0002911539631895721,0.00016942014917731285,0.9858601093292236,0.012582848779857159,0.00015634500596206635,0.00012339302338659763,0.0005011034081690013,0.0001826953812269494,0.00013286581088323146
AAATTCGAGGAGTG-1,7,Naive/resting T cells,Activated/transitional T cells,True,False,0.9815270304679871,0.052290170291998506,False,0.9815270304679871,0.0008143071318045259,0.0003776622761506587,0.0009214328601956367,0.0018176052253693342,0.00040366270695813,0.01231271494179964,0.0005369957070797682,0.0012886219192296267
AAATTCGATTCTCA-1,0,Cytotoxic CD8 T cells,NK cells,True,False,0.9755040407180786,0.06348596907740968,False,0.0035371272824704647,0.0006297525251284242,0.00030283592059277,0.0003362745337653905,0.017710693180561066,0.00019019753381144255,0.0011514350771903992,0.9755040407180786,0.0006376000819727778
AAATTGACACGACT-1,0,Cytotoxic CD8 T cells,Cytotoxic CD8 T cells,True,True,0.9975023865699768,0.009463821453161218,False,0.0014945485163480043,0.00017958003445528448,4.3301904952386394e-05,9.575646254234016e-05,0.9975023865699768,4.4090109440730885e-05,0.0004263943701516837,0.00011610713409027085,9.781510016182438e-05
AAATTGACTCGCTC-1,2,IL7R+ memory/helper T cells,IL7R+ memory/helper T cells,True,True,0.9659579992294312,0.07908792381956897,False,0.009321189485490322,0.00015336564683821052,0.0001147005968960002,0.000203054427402094,0.023856716230511665,0.00010469465632922947,0.9659579992294312,0.00011111990170320496,0.00017719068273436278
AACAAACTCATTTC-1,7,Naive/resting T cells,Activated/transitional T cells,True,False,0.9917398691177368,0.026589722537777135,False,0.9917398691177368,0.00032227658084593713,0.0005303423386067152,0.0003763356653507799,0.0005153552046976984,0.00021175705478526652,0.005446234717965126,0.00023038154176902026,0.0006273843464441597
AACAAACTTTCGTT-1,2,IL7R+ memory/helper T cells,Activated/transitional T cells,True,False,0.9781715869903564,0.06133080382953446,False,0.9781715869903564,0.001106094103306532,0.0007234715158119798,0.0014199630822986364,0.001620532595552504,0.0007588354637846351,0.013720380142331123,0.0007443051435984671,0.0017348179826512933
AACAATACGACGAG-1,2,IL7R+ memory/helper T cells,Activated/transitional T cells,True,False,0.9774137735366821,0.057608406800415665,False,0.9774137735366821,0.0005523132858797908,0.00028800120344385505,0.0008633764227852225,0.0011961490381509066,0.0003652315936051309,0.018355071544647217,0.00036529917269945145,0.0006007803604006767
AACACGTGCAGAGG-1,2,IL7R+ memory/helper T cells,IL7R+ memory/helper T cells,True,True,0.9491541385650635,0.12920100305616325,False,0.023066524416208267,0.007555630058050156,0.0012157956371083856,0.003748777089640498,0.008167550899088383,0.0015765579883009195,0.9491541385650635,0.0015466854674741626,0.003968328237533569
AACACGTGGAAAGT-1,7,Naive/resting T cells,Activated/transitional T cells,True,False,0.8731056451797485,0.23820109184381283,False,0.8731056451797485,0.005303221754729748,0.0014552855864167213,0.003444475354626775,0.006145602557808161,0.0025240257382392883,0.08585070073604584,0.0018893129890784621,0.020281735807657242
AACACGTGGAACCT-1,3,Classical monocytes,Classical monocytes,True,True,0.9992160797119141,0.003535418964919533,False,0.00011400548828532919,3.9309841668000445e-05,0.00027883853181265295,0.9992160797119141,5.352453808882274e-05,2.9098649974912405e-05,0.0001809042732929811,6.0376489273039624e-05,2.7893733204109594e-05
AACACGTGGCTACA-1,7,Naive/resting T cells,Activated/transitional T cells,True,False,0.9894356727600098,0.0349930522818479,False,0.9894356727600098,0.0006406591855920851,0.00042341029620729387,0.0007376903668045998,0.00385356810875237,0.0004187430895399302,0.002483303425833583,0.0004137203504797071,0.001593155087903142
AACACGTGTACGAC-1,4,CD16+ non-classical monocytes,CD16+ non-classical monocytes,True,True,0.9925541281700134,0.024853055966735687,False,0.000521617301274091,0.00031398129067383707,0.9925541281700134,0.004311826080083847,0.0003846812469419092,0.00021077434939797968,0.0010627068113535643,0.00036599874147213995,0.00027423229767009616
AACAGCACAAGAGT-1,3,Classical monocytes,Classical monocytes,True,True,0.9983546137809753,0.006558715873668113,False,0.0010028843535110354,6.188693078001961e-05,0.00024882040452212095,0.9983546137809753,7.611743785673752e-05,3.953593477490358e-05,8.519880793755874e-05,4.802360854228027e-05,8.288813842227682e-05
AACATTGATGGGAG-1,4,CD16+ non-classical monocytes,CD16+ non-classical monocytes,True,True,0.9828174114227295,0.04516597586005077,False,0.0002611141244415194,0.0008095293305814266,0.9828174114227295,0.014300283044576645,0.0002192124375142157,0.00011244975758017972,0.0011383442906662822,0.00018499032012186944,0.00015668243577238172
AACCAGTGATACCG-1,4,CD16+ non-classical monocytes,CD16+ non-classical monocytes,True,True,0.9908028841018677,0.029777672088021036,False,0.00063489587046206,0.0008757786708883941,0.9908028841018677,0.005332137458026409,0.0003961714683100581,0.00021559752349276096,0.0011367570841684937,0.00036517585976980627,0.0002405547274975106
AACCCAGATCGCTC-1,7,Naive/resting T cells,Activated/transitional T cells,True,False,0.9595365524291992,0.09032867676022832,False,0.9595365524291992,0.000692889909259975,0.000232574951951392,0.0005067826132290065,0.0005386951379477978,0.0002949543122667819,0.03284256160259247,0.0003750354517251253,0.004980032332241535
AACCGATGCTCCCA-1,2,IL7R+ memory/helper T cells,Activated/transitional T cells,True,False,0.8822617530822754,0.1928496011439471,False,0.8822617530822754,0.0010165054118260741,0.0005276896408759058,0.0017847212729975581,0.007066246122121811,0.0006791719351895154,0.10442612320184708,0.0007144503761082888,0.001523330109193921
AACCGATGGTCATG-1,1,B cells,B cells,True,True,0.9993261098861694,0.0030633554398682202,False,0.00029006635304540396,0.9993261098861694,3.2611929782433435e-05,3.458930950728245e-05,9.776607475942001e-05,2.3367811081698164e-05,6.453936657635495e-05,2.0243087419657968e-05,0.00011077798262704164
AACCGATGTTCTAC-1,3,Classical monocytes,Classical monocytes,True,True,0.9991872906684875,0.0036624508046037368,False,0.0001562500692671165,5.156153565621935e-05,0.00029763439670205116,0.9991872906684875,6.921173917362466e-05,3.8389116525650024e-05,0.00012337137013673782,3.747123264474794e-05,3.8808830140624195e-05
AACCGCCTAGCGTT-1,2,IL7R+ memory/helper T cells,IL7R+ memory/helper T cells,True,True,0.9800946712493896,0.05074002356737315,False,0.016928615048527718,0.0005370766739360988,0.00016025220975279808,0.00036917830584570765,0.0008794845780357718,0.0002823276736307889,0.9800946712493896,0.00026964032440446317,0.0004787755024153739
AACCGCCTCTACGA-1,3,Classical monocytes,Classical monocytes,True,True,0.9972048401832581,0.010376011089455194,False,0.0001725940965116024,0.00027410071925260127,0.0017872623866423965,0.9972048401832581,9.524119377601892e-05,5.0871942221419886e-05,0.0002914819633588195,6.219078932190314e-05,6.140168261481449e-05
AACCTACTGTGAGG-1,4,CD16+ non-classical monocytes,Classical monocytes,True,False,0.9988011121749878,0.005101209090329831,False,8.977921243058518e-05,6.23924788669683e-05,0.00038100857636891305,0.9988011121749878,9.518408478470519e-05,4.083985913894139e-05,0.0004496306646615267,3.9813228795537725e-05,4.024574809591286e-05
AACCTACTGTGTTG-1,7,Naive/resting T cells,Activated/transitional T cells,True,False,0.9966872334480286,0.012730340395212468,False,0.9966872334480286,0.0005880501703359187,7.92622595326975e-05,0.0002869641757570207,0.0005264884675852954,0.00010102897067554295,0.001222707680426538,9.255797340301797e-05,0.00041574914939701557
AACCTTACGAGACG-1,7,Naive/resting T cells,Activated/transitional T cells,True,False,0.9986786246299744,0.00565506939858788,False,0.9986786246299744,9.941382450051606e-05,5.20928660989739e-05,0.00011792225268436596,0.00011301002086838707,6.944877532077953e-05,0.00048177409917116165,7.570986053906381e-05,0.0003119280154351145
AACCTTACGCGAGA-1,5,NK cells,NK cells,True,True,0.9741266369819641,0.07205907957813683,False,0.004771780222654343,0.0009465697803534567,0.0008990354253910482,0.0012627762043848634,0.013941149227321148,0.0007176654180511832,0.0021289708092808723,0.9741266369819641,0.0012054023100063205
AACCTTACTAACGC-1,4,CD16+ non-classical monocytes,CD16+ non-classical monocytes,True,True,0.9902440905570984,0.03271862211660659,False,0.001270832261070609,0.0006391776259988546,0.9902440905570984,0.0041486965492367744,0.0006374594522640109,0.0003786626330111176,0.001451666234061122,0.000601723266299814,0.0006277136271819472
AACCTTTGGACGGA-1,2,IL7R+ memory/helper T cells,Activated/transitional T cells,True,False,0.9102034568786621,0.20463228114288856,False,0.9102034568786621,0.004008869174867868,0.0020733249839395285,0.0064397030510008335,0.02843223698437214,0.0029284947086125612,0.031037503853440285,0.0032986861187964678,0.011577744036912918
AACCTTTGTACGCA-1,4,CD16+ non-classical monocytes,CD16+ non-classical monocytes,True,True,0.9981988072395325,0.007447427445508505,False,0.0001666970201767981,0.00011052560876123607,0.9981988072395325,0.0006202920922078192,0.00011412099411245435,6.197188486112282e-05,0.0004840964684262872,0.00012868295016232878,0.00011480477405712008
AACGCAACAAGTAG-1,2,IL7R+ memory/helper T cells,IL7R+ memory/helper T cells,True,True,0.7377992272377014,0.3248012643515527,False,0.2349507063627243,0.0036177148576825857,0.0019463320495560765,0.004608090501278639,0.006852686405181885,0.002759424038231373,0.7377992272377014,0.0025016460567712784,0.004964159801602364
AACGCATGACCCAA-1,2,IL7R+ memory/helper T cells,IL7R+ memory/helper T cells,True,True,0.8932844400405884,0.17230111476636004,False,0.09969233721494675,0.0008866561111062765,0.00047384342178702354,0.0012627989053726196,0.0011905920691788197,0.0007520411163568497,0.8932844400405884,0.0006719179800711572,0.001785386586561799
AACGCATGCCTTCG-1,7,Naive/resting T cells,Activated/transitional T cells,True,False,0.9863126873970032,0.04401547270666785,False,0.9863126873970032,0.0019117752090096474,0.0005713167483918369,0.0012106429785490036,0.0016700373962521553,0.0007121668313629925,0.005526241846382618,0.0006771560874767601,0.0014080074615776539
AACGCATGTACTTC-1,2,IL7R+ memory/helper T cells,IL7R+ memory/helper T cells,True,True,0.9481749534606934,0.115315131417653,False,0.038714099675416946,0.006271836813539267,0.00046221259981393814,0.0009824443841353059,0.0019505583913996816,0.0005612092791125178,0.9481749534606934,0.0007376147550530732,0.002145040314644575
AACGCCCTCGGGAA-1,2,IL7R+ memory/helper T cells,IL7R+ memory/helper T cells,True,True,0.9690348505973816,0.06967873071205137,False,0.028046462684869766,0.0006760428077541292,0.00023130301269702613,0.0004110720183234662,0.0007493960438296199,0.00022350983635988086,0.9690348505973816,0.00022622841061092913,0.00040113943396136165
AACGCCCTCGTACA-1,5,NK cells,NK cells,True,True,0.9969340562820435,0.011800836843458501,False,0.0005195864359848201,0.00012960452295374125,0.0001412166893715039,0.00016740702267270535,0.001320085721090436,9.26175489439629e-05,0.0005112625076435506,0.9969340562820435,0.00018417109095025808
AACGCCCTGGCATT-1,2,IL7R+ memory/helper T cells,IL7R+ memory/helper T cells,True,True,0.8076959848403931,0.3618647144383771,False,0.09500154107809067,0.008169109933078289,0.012380815111100674,0.01173236034810543,0.02715124934911728,0.005613915156573057,0.8076959848403931,0.005937386769801378,0.026317639276385307
AACGTCGAGTATCG-1,5,NK cells,NK cells,True,True,0.9803855419158936,0.05500792032619989,False,0.0018695519538596272,0.0008014262421056628,0.0003647476842161268,0.0007279379642568529,0.01308175828307867,0.0005841751117259264,0.0014789740089327097,0.9803855419158936,0.0007059475174173713
AACGTGTGAAAGCA-1,2,IL7R+ memory/helper T cells,Activated/transitional T cells,True,False,0.7963026165962219,0.24754609425686644,False,0.7963026165962219,0.0008040553075261414,0.00043998006731271744,0.0009581660851836205,0.001790026668459177,0.0005413881153799593,0.19763228297233582,0.0005410590674728155,0.0009903545724228024
AACGTGTGGCGGAA-1,1,B cells,B cells,True,True,0.9967477321624756,0.01097424629254146,False,0.0027796649374067783,0.9967477321624756,3.387312972336076e-05,9.884449536912143e-05,9.672968735685572e-05,4.7117788199102506e-05,8.261113543994725e-05,4.3536536395549774e-05,6.98963922332041e-05
AACGTGTGTCCAAG-1,7,Naive/resting T cells,Activated/transitional T cells,True,False,0.6707015633583069,0.37537944087899744,False,0.6707015633583069,0.001714043435640633,0.0009257671190425754,0.0023761261254549026,0.004018113482743502,0.0012202529469504952,0.27668124437332153,0.0011734537547454238,0.04118945449590683
AACGTGTGTGCTTT-1,2,IL7R+ memory/helper T cells,IL7R+ memory/helper T cells,True,True,0.9232301115989685,0.1588068415087909,False,0.05660280957818031,0.001668958575464785,0.0010325422044843435,0.002870539901778102,0.007449050899595022,0.0011758615728467703,0.9232301115989685,0.0012512756511569023,0.0047188797034323215
AACTACCTTAGAGA-1,7,Naive/resting T cells,Activated/transitional T cells,True,False,0.9572166204452515,0.10684034438151918,False,0.9572166204452515,0.0033775190822780132,0.0008640228770673275,0.0017926008440554142,0.0035925672855228186,0.0010177352232858539,0.025915460661053658,0.0009934979025274515,0.005230023991316557
AACTCACTCAAGCT-1,3,Classical monocytes,Classical monocytes,True,True,0.9996147155761719,0.0019052549161676256,False,8.264918142231181e-05,3.478696453385055e-05,7.589293090859428e-05,0.9996147155761719,4.7898589400574565e-05,3.133277641609311e-05,4.9038397264666855e-05,3.072545587201603e-05,3.2921754609560594e-05
AACTCACTTGGAGG-1,3,Classical monocytes,Classical monocytes,True,True,0.9995573163032532,0.0021344132131677182,False,0.00010970306902891025,4.463259028852917e-05,0.00010016880696639419,0.9995573163032532,3.179033228661865e-05,1.7460297385696322e-05,9.025588951772079e-05,2.110637979058083e-05,2.7539277652977034e-05
AACTCGGAAAGTGA-1,0,Cytotoxic CD8 T cells,Cytotoxic CD8 T cells,True,True,0.9893200397491455,0.033335345555698594,False,0.006435028277337551,0.0003945973876398057,0.0001832173584261909,0.0004294247191864997,0.9893200397491455,0.00024150972603820264,0.0016111055156216025,0.0011285374639555812,0.0002565709000919014
AACTCGGAAGGTCT-1,3,Classical monocytes,Classical monocytes,True,True,0.9982409477233887,0.007382082572328459,False,0.00034796801628544927,0.00021974655101075768,0.0005612505483441055,0.9982409477233887,9.787258022697642e-05,0.00012231682194396853,0.0001750868104863912,0.0001417297316947952,9.302515536546707e-05
AACTCTTGCAGGAG-1,2,IL7R+ memory/helper T cells,IL7R+ memory/helper T cells,True,True,0.7714052796363831,0.2994284458546011,False,0.20420248806476593,0.0019634966738522053,0.0010621575638651848,0.002422080375254154,0.004057927988469601,0.0042106229811906815,0.7714052796363831,0.002139860764145851,0.00853605568408966
AACTGTCTCCCTTG-1,3,Classical monocytes,Classical monocytes,True,True,0.9993135929107666,0.0031674802292770646,False,0.00015242026711348444,0.00021081209706608206,5.4252977861324325e-05,0.9993135929107666,8.038834494072944e-05,3.599618503358215e-05,8.59778665471822e-05,2.8698907044599764e-05,3.784117507166229e-05
AACTTGCTACGCTA-1,1,B cells,B cells,True,True,0.9977282881736755,0.009009688961445933,False,0.0007214565412141383,0.9977282881736755,0.00011014813208021224,0.00022745085880160332,0.00012922377209179103,8.194261317839846e-05,0.000841110129840672,7.222230487968773e-05,8.822403469821438e-05
AACTTGCTGGGACA-1,7,Naive/resting T cells,Activated/transitional T cells,True,False,0.9821861982345581,0.052647322535883875,False,0.9821861982345581,0.001790667767636478,0.0004018171748612076,0.0009241398656740785,0.009858216159045696,0.0005260811885818839,0.0024271581787616014,0.000556090846657753,0.001329591847024858
AAGAACGAGTGTTG-1,6,Activated/transitional T cells,Activated/transitional T cells,True,True,0.8416666388511658,0.33697218188581146,False,0.8416666388511658,0.01721324771642685,0.005987365264445543,0.015160788781940937,0.01725991629064083,0.0396912544965744,0.03558970242738724,0.007166935596615076,0.020264094695448875
AAGAAGACGTAGGG-1,1,B cells,B cells,True,True,0.9988634586334229,0.004940914712889999,False,0.0004232433275319636,0.9988634586334229,6.465354090323672e-05,0.00022490763512905687,7.605918654007837e-05,4.8697427700972185e-05,9.691975719761103e-05,4.004743823315948e-05,0.00016199365200009197
AAGACAGAAGTCTG-1,1,B cells,B cells,True,True,0.9993526339530945,0.0029884733954629794,False,0.0002141680452041328,0.9993526339530945,1.9926375898648985e-05,4.3445819756016135e-05,0.00010100367944687605,2.8703805583063513e-05,9.867455810308456e-05,2.4192499040509574e-05,0.00011721012560883537
AAGACAGAGGATCT-1,7,Naive/resting T cells,Activated/transitional T cells,True,False,0.9934822916984558,0.02288512032257483,False,0.9934822916984558,0.0006888209609314799,0.00023351855634246022,0.0005048088496550918,0.0005670776008628309,0.0003017407434526831,0.0029844429809600115,0.0002841282112058252,0.0009531464311294258
AAGACAGATTACCT-1,3,Classical monocytes,Classical monocytes,True,True,0.9991981387138367,0.0036876518658368962,False,0.0001459599588997662,8.40883658383973e-05,0.00016980113286990672,0.9991981387138367,0.00010384309280198067,3.820297933998518e-05,0.00013510022836271673,7.907933468231931e-05,4.574627018882893e-05
AAGAGATGGGTAGG-1,1,B cells,B cells,True,True,0.9944565296173096,0.01752732112587063,False,0.004624195862561464,0.9944565296173096,6.442983431043103e-05,0.00014655124687124044,0.00016828064690344036,8.905345021048561e-05,0.0002563419984653592,7.643254502909258e-05,0.00011821473890449852
AAGATGGAAAACAG-1,1,B cells,B cells,True,True,0.9962890148162842,0.013818099175631583,False,0.0019506019307300448,0.9962890148162842,0.00010862429189728573,0.00024582265177741647,0.0003006865445058793,0.00016383363981731236,0.00037281392724253237,0.00029956112848594785,0.00026906238053925335
AAGATGGAGAACTC-1,3,Classical monocytes,Classical monocytes,True,True,0.999097466468811,0.003997636678835955,False,0.00016334808606188744,5.195566700422205e-05,0.0003655497857835144,0.999097466468811,4.5294502342585474e-05,3.278281292296015e-05,0.00014427670976147056,4.891299977316521e-05,5.0396989536238834e-05
AAGATGGAGATAAG-1,3,Classical monocytes,Classical monocytes,True,True,0.9980935454368591,0.007672507363198347,False,0.00015775235078763217,0.0003459113941062242,0.0009037167765200138,0.9980935454368591,9.519487502984703e-05,4.8251757107209414e-05,0.0002451583568472415,5.9041140048066154e-05,5.140058055985719e-05
AAGATTACAACCTG-1,7,Naive/resting T cells,Activated/transitional T cells,True,False,0.5362859964370728,0.3543248350186125,False,0.5362859964370728,0.0028780316933989525,0.000819808803498745,0.0018723637331277132,0.0021255940664559603,0.0010804575867950916,0.004232090897858143,0.0010114737087860703,0.4496941864490509
AAGATTACAGATCC-1,3,Classical monocytes,Classical monocytes,True,True,0.9984861016273499,0.006275884032357384,False,0.00020545654115267098,6.806031160522252e-05,0.0006984536303207278,0.9984861016273499,0.00014713819837197661,4.352728865342215e-05,0.0002541806024964899,4.632386117009446e-05,5.0787806685548276e-05
AAGATTACCCGTTC-1,3,Classical monocytes,Classical monocytes,True,True,0.9994308352470398,0.0026792797005604557,False,6.842872244305909e-05,9.26387365325354e-05,0.00017854540783446282,0.9994308352470398,7.241982530103996e-05,2.4592371119069867e-05,7.711579382885247e-05,3.5711600503418595e-05,1.9665623767650686e-05
AAGATTACCGCCTT-1,3,Classical monocytes,Classical monocytes,True,True,0.9991756081581116,0.0037725734753345946,False,0.00020107741875108331,0.00017049147572834045,0.00010469661356182769,0.9991756081581116,6.680382648482919e-05,8.652397809782997e-05,0.0001007081227726303,4.037522739963606e-05,5.367751145968214e-05
AAGATTACCTCAAG-1,5,NK cells,NK cells,True,True,0.998238205909729,0.007224792732772225,False,0.0003074033302254975,7.572368485853076e-05,0.00013033243885729462,9.452705853618681e-05,0.0007507907575927675,5.800468716188334e-05,0.00029099173843860626,0.998238205909729,5.406657146522775e-05
AAGATTACTCCTCG-1,3,Classical monocytes,Classical monocytes,True,True,0.9941214919090271,0.02118268503031861,False,0.0015514693222939968,0.0006538763409480453,0.0015874073142185807,0.9941214919090271,0.0003312588087283075,0.0011141671566292644,0.00020879182557109743,0.00014696001017000526,0.00028454052517190576
AAGCAAGAGCGAGA-1,0,Cytotoxic CD8 T cells,Cytotoxic CD8 T cells,True,True,0.764326274394989,0.34367499700343873,False,0.058504652231931686,0.002453343942761421,0.002046461682766676,0.003007978666573763,0.764326274394989,0.0016754972748458385,0.16238954663276672,0.00246851216070354,0.0031277076341211796
AAGCAAGAGCTTAG-1,5,NK cells,Cytotoxic CD8 T cells,True,False,0.9909665584564209,0.02884757379327478,False,0.0009881932055577636,0.00010289867350365967,0.00010435056901769713,0.0001665101881371811,0.9909665584564209,7.723721500951797e-05,0.0005837862845510244,0.0048233987763524055,0.0021871139761060476
AAGCAAGAGGTGTT-1,5,NK cells,NK cells,True,True,0.9891583919525146,0.03466813966033325,False,0.0014764167135581374,0.00028509864932857454,0.00025463002384640276,0.0005571813089773059,0.005738463252782822,0.0011626373743638396,0.0011025122366845608,0.9891583919525146,0.00026471371529623866
AAGCACTGAGCAAA-1,1,B cells,B cells,True,True,0.998276948928833,0.006672668511769667,False,0.0011423322139307857,0.998276948928833,2.5170968001475558e-05,4.713439557235688e-05,5.503993452293798e-05,3.252467286074534e-05,0.000299435225315392,2.7080845029558986e-05,9.435401443624869e-05
AAGCACTGCATACG-1,6,Activated/transitional T cells,Cytotoxic CD8 T cells,True,False,0.7296361923217773,0.31427728299509616,False,0.25028032064437866,0.0012436920078471303,0.0006709067965857685,0.0019530962454155087,0.7296361923217773,0.004417655058205128,0.002740067895501852,0.002972818212583661,0.006085246801376343
AAGCACTGGTTCTT-1,1,B cells,B cells,True,True,0.9990124702453613,0.004216702882337454,False,0.0004853431892115623,0.9990124702453613,2.2772266675019637e-05,3.9793565520085394e-05,5.041654367232695e-05,2.908589522121474e-05,0.00025777833070605993,2.3425598556059413e-05,7.889170956332237e-05
AAGCCAACGTGTTG-1,7,Naive/resting T cells,Activated/transitional T cells,True,False,0.9959661960601807,0.01532194003765516,False,0.9959661960601807,0.000316810910589993,0.00021274221944622695,0.00037878230796195567,0.0004161288379691541,0.00020986962772440165,0.0011584009043872356,0.00021242231014184654,0.0011286042863503098
AAGCCATGAACTGC-1,3,Classical monocytes,Classical monocytes,True,True,0.988624095916748,0.03753213636048783,False,0.0011696565197780728,0.00199467153288424,0.001621343195438385,0.988624095916748,0.0006314103375189006,0.000550081895198673,0.004339148290455341,0.000571473385207355,0.0004981466918252409
AAGCCATGACACGT-1,3,Classical monocytes,Classical monocytes,True,True,0.9983464479446411,0.006692911073195728,False,0.00022191398602444679,0.0001385343784932047,0.0009208330302499235,0.9983464479446411,9.845729800872505e-05,5.123739174450748e-05,0.00010974910401273519,6.059643783373758e-05,5.2275718189775944e-05
AAGCCATGCGTGAT-1,2,IL7R+ memory/helper T cells,IL7R+ memory/helper T cells,True,True,0.675215482711792,0.33801981669506126,False,0.3046073615550995,0.004430052824318409,0.0014335757587105036,0.002981115598231554,0.005725210998207331,0.0016297386027872562,0.675215482711792,0.0016559590585529804,0.0023214693646878004
AAGCCATGTCTCGC-1,6,Activated/transitional T cells,Cytotoxic CD8 T cells,True,False,0.946354329586029,0.12481696863835556,False,0.030054176226258278,0.0013417103327810764,0.0007908190600574017,0.0013033938594162464,0.946354329586029,0.0006858996930532157,0.002799087204039097,0.01564398594200611,0.0010265579912811518
AAGCCTGACATGCA-1,2,IL7R+ memory/helper T cells,IL7R+ memory/helper T cells,True,True,0.890733003616333,0.2458325904372582,False,0.029078707098960876,0.005742876324802637,0.0034323756117373705,0.01315442193299532,0.028717271983623505,0.0043530273251235485,0.890733003616333,0.003940240014344454,0.020848093554377556
AAGCCTGACCGAAT-1,3,Classical monocytes,Classical monocytes,True,True,0.9991350769996643,0.0038600937833579946,False,0.00028721033595502377,0.00013106680125929415,0.00021106227359268814,0.9991350769996643,9.614673035684973e-05,2.7129985028295778e-05,4.9048718210542575e-05,3.308285886305384e-05,3.017398194060661e-05
AAGCGACTCCTCAC-1,3,Classical monocytes,CD16+ non-classical monocytes,True,False,0.9642977118492126,0.08937742673735552,False,0.001940655056387186,0.002796050626784563,0.9642977118492126,0.024709612131118774,0.001491963746957481,0.0006004709866829216,0.001965113915503025,0.0013575394405052066,0.0008408664143644273
AAGCGACTGTGTCA-1,7,Naive/resting T cells,Activated/transitional T cells,True,False,0.9956116080284119,0.014702963526665511,False,0.9956116080284119,0.00010006583761423826,4.3008854845538735e-05,0.00012701898231171072,0.00048060057451948524,5.718204192817211e-05,0.0033338696230202913,6.174432928673923e-05,0.00018488540081307292
AAGCGACTTACAGC-1,1,B cells,B cells,True,True,0.9995390176773071,0.002132232047219043,False,0.00026412689476273954,0.9995390176773071,1.6979063730104826e-05,5.1270617404952645e-05,3.6505673051578924e-05,2.1588772142422386e-05,3.017912786162924e-05,1.8546068531577475e-05,2.1786499928566627e-05
AAGCGACTTTGACG-1,4,CD16+ non-classical monocytes,CD16+ non-classical monocytes,True,True,0.9731239676475525,0.0687612494436056,False,0.0013382055331021547,0.0014878929359838367,0.9731239676475525,0.019966719672083855,0.0009157088352367282,0.0002731828426476568,0.002054397016763687,0.0004520091461017728,0.00038788586971350014
AAGCGTACGTCTTT-1,7,Naive/resting T cells,Activated/transitional T cells,True,False,0.8947752118110657,0.17582715783424915,False,0.8947752118110657,0.0008991209324449301,0.0004866898525506258,0.0011864186963066459,0.09522239118814468,0.0006282643298618495,0.0038369973190128803,0.000754142994992435,0.002210792386904359
AAGGCTTGCGAACT-1,0,Cytotoxic CD8 T cells,Cytotoxic CD8 T cells,True,True,0.9942581653594971,0.02072672837010809,False,0.0016471014823764563,0.000272554432740435,0.00016706327733118087,0.0003084175696130842,0.9942581653594971,0.00017519405810162425,0.0011387186823412776,0.00142037239857018,0.0006123457569628954
AAGGTCACGGTTAC-1,3,Classical monocytes,Classical monocytes,True,True,0.9986357092857361,0.005770098815531472,False,0.00021958223078399897,0.0005719373002648354,0.00023899978259578347,0.9986357092857361,8.430794696323574e-05,4.3683528929250315e-05,6.601522909477353e-05,6.669994763797149e-05,7.302565791178495e-05
AAGGTCACTGTTTC-1,1,B cells,B cells,True,True,0.9987300038337708,0.004932882390275887,False,0.001019623945467174,0.9987300038337708,2.1606547306873836e-05,4.6862456656526774e-05,3.43067295034416e-05,2.5460580218350515e-05,5.1364237151574343e-05,1.924796379171312e-05,5.14886669407133e-05
AAGGTCACTTCCCG-1,0,Cytotoxic CD8 T cells,Cytotoxic CD8 T cells,True,True,0.9977095127105713,0.009118097303538436,False,0.000701779848895967,9.553370182402432e-05,7.690365600865334e-05,0.00014070414181333035,0.9977095127105713,6.644859240623191e-05,0.000794065766967833,0.0002941020647995174,0.0001209194160765037
AAGGTCTGACAGTC-1,2,IL7R+ memory/helper T cells,Activated/transitional T cells,True,False,0.6945992112159729,0.29723289414762993,False,0.6945992112159729,0.0007209564791992307,0.00045138594578020275,0.0008551814826205373,0.0016525244573131204,0.0004946119152009487,0.29989680647850037,0.0005513410433195531,0.0007779846200719476
AAGGTCTGCAGATC-1,6,Activated/transitional T cells,Activated/transitional T cells,True,True,0.9785793423652649,0.0658657880377841,False,0.9785793423652649,0.001441070344299078,0.0007764788460917771,0.0032407112885266542,0.0023890379816293716,0.003013297915458679,0.0054878718219697475,0.001128161558881402,0.00394401466473937
AAGTAACTCTGAAC-1,3,Classical monocytes,Classical monocytes,True,True,0.9991414546966553,0.0038834624213381678,False,0.00022172945318743587,0.00021995484712533653,0.0001111753226723522,0.9991414546966553,6.943386688362807e-05,3.5351276892470196e-05,0.00010299475979991257,4.571083627524786e-05,5.2208044508006424e-05
AAGTAACTGAGATA-1,1,B cells,B cells,True,True,0.9983355402946472,0.006520748731330646,False,0.0008166750194504857,0.9983355402946472,1.847291423473507e-05,3.6739038478117436e-05,0.0006260897498577833,2.5929457478923723e-05,5.9674872318282723e-05,2.1156325601623394e-05,5.975938984192908e-05
AAGTAGGATACAGC-1,5,NK cells,NK cells,True,True,0.742777943611145,0.29351804798641934,False,0.005984957795590162,0.0008009815355762839,0.0010962532833218575,0.0010206259321421385,0.24371668696403503,0.000616645731497556,0.002621194114908576,0.742777943611145,0.0013647029409185052
AAGTATACCGAACT-1,7,Naive/resting T cells,IL7R+ memory/helper T cells,True,False,0.684481680393219,0.3311518009667246,False,0.29681533575057983,0.0018380964174866676,0.0016045101219788194,0.002180306240916252,0.0054175155237317085,0.0012376307277008891,0.684481680393219,0.0013917040778324008,0.005033212713897228
AAGTCCGACTTGTT-1,7,Naive/resting T cells,Activated/transitional T cells,True,False,0.9624559283256531,0.09780408992458937,False,0.9624559283256531,0.0017502551199868321,0.0010378377046436071,0.0021524277981370687,0.003194354474544525,0.001246064668521285,0.020878927782177925,0.0012154155410826206,0.006068798713386059
AAGTCCGATAGAAG-1,2,IL7R+ memory/helper T cells,Activated/transitional T cells,True,False,0.8257905840873718,0.24705366511131285,False,0.8257905840873718,0.0027581837493926287,0.0009624945232644677,0.002010202966630459,0.0038247343618422747,0.0011525293812155724,0.15889360010623932,0.002499178284779191,0.002108525950461626
AAGTCTCTAGTCGT-1,7,Naive/resting T cells,Activated/transitional T cells,True,False,0.9763031005859375,0.06293014081305161,False,0.9763031005859375,0.00037475553108379245,0.00019626584253273904,0.0004384262138046324,0.011545689776539803,0.0002553966478444636,0.009853617288172245,0.00026572600472718477,0.0007670419872738421
AAGTCTCTCGGAGA-1,0,Cytotoxic CD8 T cells,Cytotoxic CD8 T cells,True,True,0.9778842329978943,0.0588299237037685,False,0.01619536057114601,0.0003128709795419127,0.0002561359142418951,0.0003796060918830335,0.9778842329978943,0.0009879436111077666,0.0009156218147836626,0.0010786543134599924,0.001989576034247875
AAGTGGCTTGGAGG-1,1,B cells,B cells,True,True,0.9991508722305298,0.0036407524825069577,False,0.0005386882112361491,0.9991508722305298,3.220421785954386e-05,5.420732486527413e-05,6.835073872935027e-05,3.3906486351042986e-05,5.640691961161792e-05,2.739702358667273e-05,3.7994945159880444e-05
AAGTTCCTCATTCT-1,4,CD16+ non-classical monocytes,Classical monocytes,True,False,0.6626287698745728,0.31375755979993364,False,0.0021301894448697567,0.0018259682692587376,0.32974326610565186,0.6626287698745728,0.0008311332785524428,0.000396334013203159,0.0012047920608893037,0.0005683593335561454,0.000671196379698813
AAGTTCCTTCTTAC-1,2,IL7R+ memory/helper T cells,Cytotoxic CD8 T cells,True,False,0.7096803188323975,0.3824720002881638,False,0.09600996226072311,0.002469457220286131,0.0009712355677038431,0.0020821774378418922,0.7096803188323975,0.001042220275849104,0.18495650589466095,0.0011895822826772928,0.0015985555946826935
AATAAGCTCGAATC-1,2,IL7R+ memory/helper T cells,Activated/transitional T cells,True,False,0.7916391491889954,0.30929080192738134,False,0.7916391491889954,0.005339967552572489,0.00275055761449039,0.0072434754110872746,0.009171012789011002,0.00300863990560174,0.17082488536834717,0.0031863434705883265,0.006835959851741791
AATAAGCTCGTTGA-1,7,Naive/resting T cells,Activated/transitional T cells,True,False,0.9794279932975769,0.0591697057508124,False,0.9794279932975769,0.0007509731221944094,0.00038839183980599046,0.0009445701725780964,0.008557574823498726,0.0005056467489339411,0.0015425169840455055,0.0005053396453149617,0.007376960478723049
AATACCCTGGACGA-1,1,B cells,B cells,True,True,0.9984922409057617,0.00618869841521001,False,0.0008326987735927105,0.9984922409057617,5.2288887673057616e-05,0.00011520161206135526,0.00012726483691949397,7.377811562037095e-05,0.0001708669151412323,6.06962748861406e-05,7.491022552130744e-05
AATACCCTGGCATT-1,7,Naive/resting T cells,Activated/transitional T cells,True,False,0.741957426071167,0.37912483407972614,False,0.741957426071167,0.0044457982294261456,0.0024011649657040834,0.005273499991744757,0.00695977546274662,0.00299345375970006,0.1699562966823578,0.0031877425499260426,0.0628248006105423
AATACTGAAAGGGC-1,0,Cytotoxic CD8 T cells,Cytotoxic CD8 T cells,True,True,0.7038108706474304,0.39156514106409646,False,0.028938842937350273,0.008973832242190838,0.0037516625598073006,0.004260744899511337,0.7038108706474304,0.002567267743870616,0.005865896120667458,0.23375862836837769,0.008072217926383018
AATACTGAATTGGC-1,5,NK cells,NK cells,True,True,0.849949061870575,0.21340728331863187,False,0.002236309228464961,0.0012935397680848837,0.0006529210950247943,0.0007138170767575502,0.1418781578540802,0.00036406630533747375,0.002246426185593009,0.849949061870575,0.0006656709010712802
AATAGGGAACCCTC-1,1,B cells,B cells,True,True,0.9989041090011597,0.004602354584771592,False,0.0006360632833093405,0.9989041090011597,3.8035985198803246e-05,5.3972151363268495e-05,4.415063449414447e-05,2.7670792405842803e-05,0.00014702611952088773,2.9858005291316658e-05,0.00011912659101653844
AATAGGGAGAATGA-1,0,Cytotoxic CD8 T cells,Cytotoxic CD8 T cells,True,True,0.9386788010597229,0.1469850379470586,False,0.03014150820672512,0.0018627289682626724,0.0012091815005987883,0.00228208489716053,0.9386788010597229,0.0013455565785989165,0.010391405783593655,0.01059455331414938,0.003494181204587221
AATCAAACTATCGG-1,0,Cytotoxic CD8 T cells,Cytotoxic CD8 T cells,True,True,0.9567575454711914,0.10594675945794307,False,0.0267387293279171,0.0007639608811587095,0.0004400318139232695,0.0017072279006242752,0.9567575454711914,0.0005452177720144391,0.004452466033399105,0.006469745188951492,0.0021251109428703785
AATCCGGAATGCTG-1,1,B cells,B cells,True,True,0.9989842772483826,0.004504478615921367,False,0.0001415415172232315,0.9989842772483826,7.682074647163972e-05,5.5218573834281415e-05,7.099819777067751e-05,0.0002423309051664546,0.00029564337455667555,3.0983646865934134e-05,0.00010214579378953204
AATCCTACCGGTAT-1,7,Naive/resting T cells,Activated/transitional T cells,True,False,0.8927450180053711,0.23356304932564836,False,0.8927450180053711,0.003506995504721999,0.0018978057196363807,0.004221128299832344,0.0053195469081401825,0.03578897938132286,0.026596371084451675,0.002500101225450635,0.02742408961057663
AATCCTTGACGGGA-1,3,Classical monocytes,Classical monocytes,True,True,0.9975456595420837,0.00985649308865359,False,0.00042885573930107057,0.00039481036947108805,0.0008695690776221454,0.9975456595420837,0.00014189709327183664,0.00011128477490274236,0.00024309357104357332,0.00012529110244940966,0.00013951424625702202
AATCCTTGGTGAGG-1,5,NK cells,NK cells,True,True,0.9859927892684937,0.0420573040890327,False,0.0036072428338229656,0.00032614197698421776,0.00026250319206155837,0.0004309576761443168,0.007590109016746283,0.0002394850889686495,0.0009923087200149894,0.9859927892684937,0.0005584037280641496
AATCGGTGGAACTC-1,0,Cytotoxic CD8 T cells,Cytotoxic CD8 T cells,True,True,0.9917904138565063,0.026265396735652292,False,0.0010246682213619351,0.0002015171921811998,0.0001779271988198161,0.0002721386554185301,0.9917904138565063,0.00013265421148389578,0.0009585019433870912,0.005265897139906883,0.00017623102758079767
AATCGGTGTGCTTT-1,7,Naive/resting T cells,Activated/transitional T cells,True,False,0.9879371523857117,0.03691782624812253,False,0.9879371523857117,0.0006041624001227319,0.0003288306179456413,0.0006559728644788265,0.0012487568892538548,0.0003682085662148893,0.007735774852335453,0.00037905064527876675,0.0007420499459840357
AATCTAGAAAAGTG-1,2,IL7R+ memory/helper T cells,IL7R+ memory/helper T cells,True,True,0.968822181224823,0.0807567412855637,False,0.019986988976597786,0.0012674079043790698,0.0005533857620321214,0.0014120679115876555,0.0014290903927758336,0.0005823822575621307,0.968822181224823,0.0008868935401551425,0.0050596268847584724
AATCTAGAATCGGT-1,7,Naive/resting T cells,Activated/transitional T cells,True,False,0.9884063005447388,0.036157378210332325,False,0.9884063005447388,0.0005439745145849884,0.0002950486959889531,0.0006388358306139708,0.0007819659658707678,0.00037150431307964027,0.0017970232293009758,0.0003707247960846871,0.006794680375605822
AATCTCACAGCCTA-1,3,Classical monocytes,Classical monocytes,True,True,0.9993011951446533,0.0032107698377120903,False,6.595944432774559e-05,6.551814294653013e-05,0.0002698154130484909,0.9993011951446533,9.935197158483788e-05,3.395478779566474e-05,7.028748950688168e-05,4.36196532973554e-05,5.02745206176769e-05
AATCTCACTCTAGG-1,2,IL7R+ memory/helper T cells,Activated/transitional T cells,True,False,0.7193518877029419,0.4008944232990972,False,0.7193518877029419,0.009089579805731773,0.00502194045111537,0.01533813588321209,0.015088450163602829,0.006383494008332491,0.2109486162662506,0.006420520134270191,0.012357336468994617
AATCTCTGAACAGA-1,7,Naive/resting T cells,Activated/transitional T cells,True,False,0.9992431402206421,0.0034652793886934606,False,0.9992431402206421,6.511462561320513e-05,3.7189227441558614e-05,7.422769704135135e-05,0.0002264362119603902,4.352424730313942e-05,0.00017534317157696933,4.643261127057485e-05,8.866624557413161e-05
AATCTCTGCTTTAC-1,5,NK cells,NK cells,True,True,0.992010235786438,0.026716503585776333,False,0.0020207141060382128,0.00034613889874890447,0.000209269201150164,0.0003837577532976866,0.003786827204748988,0.0001621531555429101,0.0004871333367191255,0.992010235786438,0.0005937482346780598
AATGATACACCAAC-1,0,Cytotoxic CD8 T cells,Cytotoxic CD8 T cells,True,True,0.9951595664024353,0.01792660229890725,False,0.0010540868388488889,0.0005200933082960546,0.0001644768490223214,0.0002465774305164814,0.9951595664024353,0.00013017009769100696,0.0010249075712636113,0.0013537995982915163,0.00034626590786501765
AATGATACGGTCAT-1,3,Classical monocytes,Classical monocytes,True,True,0.9880306124687195,0.03186325877160243,False,0.00014400608779396862,0.0002782033698167652,0.0001116385537898168,0.9880306124687195,0.00021643887157551944,4.947118213749491e-05,0.00010964258399326354,0.010992632247507572,6.731526809744537e-05
AATGCGTGACACCA-1,1,B cells,B cells,True,True,0.9986586570739746,0.005561285865345742,False,0.0007327995845116675,0.9986586570739746,4.874472870142199e-05,9.554837743053213e-05,6.765424768673256e-05,5.5867240007501096e-05,0.00021457296679727733,4.034660378238186e-05,8.580597932450473e-05
AATGCGTGGACGGA-1,3,Classical monocytes,Classical monocytes,True,True,0.9966392517089844,0.01316392103847193,False,0.0006418412667699158,0.0008043402340263128,0.00038556172512471676,0.9966392517089844,0.00020048455917276442,0.0001548165746498853,0.0006826958851888776,0.00015437867841683328,0.0003366359160281718
AATGCGTGGCTATG-1,1,B cells,B cells,True,True,0.9993529915809631,0.002942169652964767,False,0.0003173175791744143,0.9993529915809631,3.06366928271018e-05,8.52930243127048e-05,4.427704698173329e-05,3.4382319427095354e-05,6.229617429198697e-05,3.056592322536744e-05,4.227847603033297e-05
AATGGAGAATCGTG-1,3,Classical monocytes,Classical monocytes,True,True,0.9993847608566284,0.0029036060698118525,False,0.00011631914821919054,7.712327351327986e-05,9.82503843260929e-05,0.9993847608566284,4.3236581404926255e-05,0.0001370341778965667,4.659401747630909e-05,3.3644562790868804e-05,6.299981032498181e-05
AATGGAGATCCTTA-1,0,Cytotoxic CD8 T cells,Cytotoxic CD8 T cells,True,True,0.9898764491081238,0.028450208581604436,False,0.0009732457692734897,8.456523210043088e-05,5.132375372340903e-05,0.0001399156026309356,0.9898764491081238,6.291688623605296e-05,0.00866490788757801,8.371986041311175e-05,6.291952740866691e-05
AATGGCTGACACCA-1,1,B cells,B cells,True,True,0.9991338849067688,0.0037168688012394957,False,0.0005195466219447553,0.9991338849067688,1.8724513211054727e-05,3.546115112840198e-05,6.389663758454844e-05,2.6836185497813858e-05,0.00010200006363447756,1.9523648006725125e-05,8.015741332201287e-05
AATGGCTGCGTGAT-1,2,IL7R+ memory/helper T cells,IL7R+ memory/helper T cells,True,True,0.9513480067253113,0.10656847791395037,False,0.03896121680736542,0.0044089085422456264,0.00038364008651115,0.0011486060684546828,0.0015829207841306925,0.00043724957504309714,0.9513480067253113,0.0004329561488702893,0.0012965523637831211
AATGGCTGTAAAGG-1,6,Activated/transitional T cells,Cytotoxic CD8 T cells,True,False,0.9632259011268616,0.09733121957142847,False,0.015334906056523323,0.010807991959154606,0.0005314131849445403,0.0012092289980500937,0.9632259011268616,0.0006858027190901339,0.004322584252804518,0.0014462689869105816,0.002435927279293537
AATGGCTGTACTCT-1,6,Activated/transitional T cells,Cytotoxic CD8 T cells,True,False,0.9338243007659912,0.15786693788098616,False,0.024011025205254555,0.02306540496647358,0.0010555036133155227,0.002240362809970975,0.9338243007659912,0.0014619738794863224,0.006515706889331341,0.0030802832916378975,0.004745420068502426
AATGGCTGTGAAGA-1,7,Naive/resting T cells,Activated/transitional T cells,True,False,0.9930621981620789,0.024313219271615075,False,0.9930621981620789,0.0006624961388297379,0.00020792073337361217,0.0004451469867490232,0.0025224299170076847,0.000261456414591521,0.0015740578528493643,0.00024205130466725677,0.00102223118301481
AATGTAACGGTGGA-1,7,Naive/resting T cells,Activated/transitional T cells,True,False,0.9943457245826721,0.02049105461823184,False,0.9943457245826721,0.0004243006696924567,0.00021589665266219527,0.0006451934459619224,0.0004603555134963244,0.00029757217271253467,0.0021567491348832846,0.00037878414150327444,0.0010753797832876444
AATGTCCTCTTCTA-1,2,IL7R+ memory/helper T cells,IL7R+ memory/helper T cells,True,True,0.9041761159896851,0.17251155024965567,False,0.0790853276848793,0.000891535310074687,0.0004884676891379058,0.0010590212186798453,0.01174959447234869,0.0006608437979593873,0.9041761159896851,0.0005860977689735591,0.0013029674300923944
AATGTTGACAGTCA-1,2,IL7R+ memory/helper T cells,IL7R+ memory/helper T cells,True,True,0.9644070267677307,0.08815031146684395,False,0.02555258385837078,0.0015213435981422663,0.0006774623179808259,0.0015442890580743551,0.002032093470916152,0.0010173434857279062,0.9644070267677307,0.0010008940007537603,0.0022469316609203815
AATGTTGAGTTGAC-1,3,Classical monocytes,Classical monocytes,True,True,0.9994451403617859,0.002626878456295845,False,0.00010107595153385773,3.770260445890017e-05,0.00011221812746953219,0.9994451403617859,8.042660920182243e-05,2.3378441255772486e-05,0.00013441694318316877,2.7086718546343036e-05,3.856159310089424e-05
AATGTTGATCTACT-1,2,IL7R+ memory/helper T cells,IL7R+ memory/helper T cells,True,True,0.9848424196243286,0.046284141863808685,False,0.007772944401949644,0.0008069458999671042,0.00042917061364278197,0.0009906652849167585,0.0029986596200615168,0.0006011858349665999,0.9848424196243286,0.0005671160761266947,0.000990930711850524
AATTACGAATTCCT-1,3,Classical monocytes,Classical monocytes,True,True,0.9990246295928955,0.0043591810850899014,False,0.00015363677812274545,0.00027159720775671303,0.00014722751802764833,0.9990246295928955,7.238997204694897e-05,4.278734195395373e-05,0.00018491070659365505,4.764327240991406e-05,5.515727025340311e-05
AATTACGACTTCTA-1,7,Naive/resting T cells,Activated/transitional T cells,True,False,0.9924790859222412,0.024610266049689734,False,0.9924790859222412,0.0003018943243660033,0.0001535621122457087,0.0003506580542307347,0.0003447396447882056,0.00020105185103602707,0.0014046508586034179,0.00020252556714694947,0.004561862908303738
AATTACGAGTGAGG-1,2,IL7R+ memory/helper T cells,IL7R+ memory/helper T cells,True,True,0.8987488150596619,0.20806815907065687,False,0.04929348826408386,0.0022933264262974262,0.001291570719331503,0.002999866148456931,0.006700986530631781,0.0016294806264340878,0.8987488150596619,0.0016736792167648673,0.035368792712688446
AATTACGATTGGCA-1,1,B cells,B cells,True,True,0.9989948868751526,0.004167842903400087,False,0.0006953019183129072,0.9989948868751526,3.4888682421296835e-05,5.209490700508468e-05,5.451726246974431e-05,3.5152057535015047e-05,6.0189864598214626e-05,3.1863051844993606e-05,4.109237124794163e-05
AATTCCTGCTCAGA-1,1,B cells,B cells,True,True,0.9989715814590454,0.004231096820863699,False,0.0007273374940268695,0.9989715814590454,2.8649685191339813e-05,6.394161027856171e-05,5.097587563795969e-05,3.1901345209917054e-05,5.6277898693224415e-05,2.710509033931885e-05,4.2290037526981905e-05
AATTGATGTCGCAA-1,4,CD16+ non-classical monocytes,CD16+ non-classical monocytes,True,True,0.9954721927642822,0.016483446301124156,False,0.00034736806992441416,0.000521709444001317,0.9954721927642822,0.002206002129241824,0.00025766168255358934,0.00012867679470218718,0.0007063677767291665,0.00023124150175135583,0.00012884821626357734
AATTGTGACTTGGA-1,1,B cells,B cells,True,True,0.9983910322189331,0.006103594881282363,False,0.0012753214687108994,0.9983910322189331,3.047331301786471e-05,6.733376358170062e-05,6.038960418663919e-05,3.592575740185566e-05,6.610045966226608e-05,3.183619992341846e-05,4.163972698734142e-05
ACAAAGGAGGGTGA-1,7,Naive/resting T cells,Naive/resting T cells,True,True,0.8056082725524902,0.2530008278730051,False,0.18150338530540466,0.0007993415929377079,0.0004639625840354711,0.0009514180710539222,0.008479855954647064,0.000510787358507514,0.0011134279193356633,0.0005695710424333811,0.8056082725524902
ACAAATTGATTCTC-1,4,CD16+ non-classical monocytes,CD16+ non-classical monocytes,True,True,0.9928584098815918,0.024551600666537696,False,0.0006561012705788016,0.0005757363978773355,0.9928584098815918,0.0035225069150328636,0.00046838674461469054,0.00020943974959664047,0.0010713859228417277,0.00031494826544076204,0.0003231358132325113
ACAAATTGCTCAGA-1,3,Classical monocytes,Classical monocytes,True,True,0.9989225268363953,0.00478898557588052,False,0.0003099351015407592,0.0002005686255870387,0.00014129150076769292,0.9989225268363953,0.00010691291390685365,6.645937537541613e-05,9.989176760427654e-05,6.841251160949469e-05,8.399978105444461e-05
ACAAATTGTTGCGA-1,5,NK cells,NK cells,True,True,0.9960953593254089,0.014202146843862881,False,0.00048812487511895597,0.0002751918218564242,6.217695045052096e-05,0.00013482090434990823,0.0021846320014446974,0.00015286201960407197,0.0004848671960644424,0.9960953593254089,0.00012201981007819995
ACAACCGAGGGATG-1,5,NK cells,NK cells,True,True,0.9964343309402466,0.013256335217212138,False,0.0008453720365650952,0.00011265029024798423,9.763119305716828e-05,0.00015017538680694997,0.0016622892580926418,0.00014680602180305868,0.00044295829138718545,0.9964343309402466,0.00010772902896860614
ACAACCGAGTTACG-1,2,IL7R+ memory/helper T cells,Activated/transitional T cells,True,False,0.8045020699501038,0.24059746399311305,False,0.8045020699501038,0.0006163538200780749,0.0003185422101523727,0.0010219451505690813,0.0014080083929002285,0.000424705765908584,0.19008871912956238,0.00042980918078683317,0.0011899098753929138
ACAAGAGAAGTCGT-1,3,Classical monocytes,Classical monocytes,True,True,0.9980999827384949,0.007419170041953714,False,0.00010403827036498114,0.0001485242391936481,0.0012216496979817748,0.9980999827384949,0.00011157174594700336,6.298737571341917e-05,0.00015044966130517423,5.747511750087142e-05,4.33710083598271e-05
ACAAGAGACTTATC-1,6,Activated/transitional T cells,Activated/transitional T cells,True,True,0.757880687713623,0.425425371264275,False,0.757880687713623,0.013206529431045055,0.005083754193037748,0.011773146688938141,0.03640659153461456,0.006250140257179737,0.04872192069888115,0.009642771445214748,0.11103442311286926
ACAAGAGAGTTGAC-1,1,B cells,B cells,True,True,0.9991050362586975,0.0037805252058674076,False,0.000599888211581856,0.9991050362586975,2.7609265089267865e-05,5.4741056374041364e-05,4.698900011135265e-05,3.589126208680682e-05,5.4204116167966276e-05,2.647586734383367e-05,4.9148387915920466e-05
ACAATCCTAACCGT-1,2,IL7R+ memory/helper T cells,IL7R+ memory/helper T cells,True,True,0.9398919343948364,0.1365169189231801,False,0.040889427065849304,0.004569166339933872,0.0016954572638496757,0.00328848697245121,0.004900719504803419,0.0014176502590999007,0.9398919343948364,0.001479228027164936,0.0018678822088986635
ACAATCCTTAGCGT-1,1,B cells,B cells,True,True,0.999372661113739,0.0027411153332259006,False,0.00042820684029720724,0.999372661113739,1.6246473023784347e-05,4.381505641504191e-05,3.637412009993568e-05,2.154330832127016e-05,3.159662810503505e-05,1.9110191715299152e-05,3.0523413443006575e-05
ACAATTGACTGACA-1,0,Cytotoxic CD8 T cells,Cytotoxic CD8 T cells,True,True,0.919416069984436,0.18357158298096396,False,0.030431926250457764,0.0017255161656066775,0.0018911025254055858,0.0020724625792354345,0.919416069984436,0.0011947531020268798,0.006462262012064457,0.010521466843783855,0.026284445077180862
ACAATTGATGACTG-1,5,NK cells,NK cells,True,True,0.9967063069343567,0.011612920017227642,False,0.0003843416052404791,5.119078923598863e-05,4.3925665522692725e-05,8.347145194420591e-05,0.0023826223332434893,3.84548184229061e-05,0.00021402361744549125,0.9967063069343567,9.572495764587075e-05
ACACAGACCATACG-1,0,Cytotoxic CD8 T cells,Cytotoxic CD8 T cells,True,True,0.9940083026885986,0.021316290771124333,False,0.0023059810046106577,0.00019860199245158583,0.0001272811641683802,0.0002282048371853307,0.9940083026885986,0.0004010145494248718,0.0013028824469074607,0.0008424822590313852,0.000585283967666328
ACACCAGAGGGCAA-1,0,Cytotoxic CD8 T cells,Cytotoxic CD8 T cells,True,True,0.9986823201179504,0.005589176799307318,False,0.000480213260743767,5.9077265177620575e-05,4.6569970436394215e-05,6.017011764924973e-05,0.9986823201179504,3.388286131666973e-05,0.00018515839474275708,0.00010448149259900674,0.00034813318052329123
ACACCCTGGTGTTG-1,5,NK cells,NK cells,True,True,0.9916256070137024,0.027943848061858168,False,0.0015573293203487992,0.0002850092714652419,0.0002976342220790684,0.0004038545594085008,0.004025597125291824,0.00020657277491409332,0.0012434710515663028,0.9916256070137024,0.000354998919647187
ACACGAACAGTTCG-1,2,IL7R+ memory/helper T cells,Cytotoxic CD8 T cells,True,False,0.5362139940261841,0.4478138613070037,False,0.37814557552337646,0.004786125849932432,0.001086260424926877,0.002667645225301385,0.5362139940261841,0.0013066483661532402,0.06814536452293396,0.0018602752825245261,0.0057881479151546955
ACACGATGACGCAT-1,0,Cytotoxic CD8 T cells,Cytotoxic CD8 T cells,True,True,0.9637517333030701,0.08495264344364088,False,0.0025096635799854994,0.0011657632421702147,0.00026191913639195263,0.0008946079178713262,0.9637517333030701,0.00034670199966058135,0.028940122574567795,0.0014238402945920825,0.0007056783069856465
ACACGATGATGTGC-1,3,Classical monocytes,Classical monocytes,True,True,0.99886155128479,0.004905419268874431,False,0.00021996810392010957,0.00013251707423478365,0.0004897406906820834,0.99886155128479,6.293146725511178e-05,4.628430542652495e-05,9.103857155423611e-05,5.08157245349139e-05,4.516645276453346e-05
ACACGATGTCGTAG-1,0,Cytotoxic CD8 T cells,Cytotoxic CD8 T cells,True,True,0.9958642721176147,0.014652550829050374,False,0.0010443351930007339,0.00020296534057706594,6.610594573430717e-05,0.00017129235493484885,0.9958642721176147,7.295548130059615e-05,0.0023296703584492207,0.00012940767919644713,0.00011904210987268016
ACACGATGTGGTCA-1,0,Cytotoxic CD8 T cells,Cytotoxic CD8 T cells,True,True,0.9892592430114746,0.03498709715108006,False,0.00390757666900754,0.0002957926189992577,0.00015799755055923015,0.0007196306833066046,0.9892592430114746,0.00020257089636288583,0.0021034572273492813,0.0026422052178531885,0.0007115122862160206
ACAGACACGGCATT-1,0,Cytotoxic CD8 T cells,Cytotoxic CD8 T cells,True,True,0.9818653464317322,0.04841558649029545,False,0.014247694052755833,0.00025049291434697807,0.00013572696479968727,0.0002941751154139638,0.9818653464317322,0.00017648428911343217,0.0013483709190040827,0.001223849132657051,0.0004578575026243925
ACAGACACGTTGTG-1,2,IL7R+ memory/helper T cells,Activated/transitional T cells,True,False,0.8495321273803711,0.25614800617942657,False,0.8495321273803711,0.0042441715486347675,0.0012122576590627432,0.0022643774282187223,0.003501902800053358,0.0011893326882272959,0.10742215812206268,0.0011555568780750036,0.02947811223566532
ACAGCAACACCTAG-1,3,Classical monocytes,Classical monocytes,True,True,0.9861982464790344,0.04140808778265399,False,0.008064843714237213,0.00045879860408604145,0.002995742717757821,0.9861982464790344,0.0005146713810972869,0.00027608932578004897,0.0004920322680845857,0.0003649004502221942,0.0006346767186187208
ACAGCAACCTCAAG-1,4,CD16+ non-classical monocytes,CD16+ non-classical monocytes,True,True,0.996672511100769,0.013007256821623105,False,0.0004057817277498543,0.0006249528960324824,0.996672511100769,0.0007265055901370943,0.00027503998717293143,0.00011954709043493494,0.0008196617127396166,0.0002091711648972705,0.00014678147272206843
ACAGGTACCCCACT-1,7,Naive/resting T cells,Activated/transitional T cells,True,False,0.988796591758728,0.03430347856187165,False,0.988796591758728,0.0004411520785652101,0.00025703379651531577,0.0005451518227346241,0.0006649870774708688,0.00038776019937358797,0.0074874223209917545,0.00030109702493064106,0.0011188146891072392
ACAGGTACGCTGTA-1,0,Cytotoxic CD8 T cells,Cytotoxic CD8 T cells,True,True,0.9919465184211731,0.026638776601668485,False,0.00312758213840425,0.0002896806981880218,0.00011689233360812068,0.00037298802635632455,0.9919465184211731,0.00016794925613794476,0.003083670511841774,0.000261616864008829,0.0006331445765681565
ACAGGTACTGGTGT-1,5,NK cells,NK cells,True,True,0.9988549947738647,0.004866394481761802,False,0.00015972406254149973,4.293948586564511e-05,3.90386521758046e-05,5.770694406237453e-05,0.0005856503848917782,3.481563180685043e-05,0.0001294621470151469,0.9988549947738647,9.56677395151928e-05
ACAGTCGACCCAAA-1,6,Activated/transitional T cells,Cytotoxic CD8 T cells,True,False,0.7935029864311218,0.32013622231842265,False,0.15278801321983337,0.00888572633266449,0.0014624065952375531,0.008747323416173458,0.7935029864311218,0.001789995119906962,0.028245311230421066,0.0019853375852108,0.0025929242838174105
ACAGTCGACCGATA-1,0,Cytotoxic CD8 T cells,Cytotoxic CD8 T cells,True,True,0.9978703260421753,0.008681859523910035,False,0.000540275068487972,0.0001128016592701897,7.23044722690247e-05,0.00018714743782766163,0.9978703260421753,7.821952021913603e-05,0.0006507589132525027,0.0002979749406222254,0.00019014424469787627
ACAGTGACTCACCC-1,0,Cytotoxic CD8 T cells,Cytotoxic CD8 T cells,True,True,0.8050798773765564,0.2645864995569066,False,0.01569727435708046,0.002804065588861704,0.0003825095482170582,0.0007268142071552575,0.8050798773765564,0.00040708493907004595,0.17357265949249268,0.000595341669395566,0.0007343331817537546
ACAGTGACTCTATC-1,0,Cytotoxic CD8 T cells,Cytotoxic CD8 T cells,True,True,0.9918175339698792,0.025450859535523118,False,0.005167260766029358,0.00013140172814019024,8.081032137852162e-05,0.00017849290452431887,0.9918175339698792,0.00010084387758979574,0.00224725971929729,0.00013708477490581572,0.00013931526336818933
ACAGTGTGGTCACA-1,7,Naive/resting T cells,Activated/transitional T cells,True,False,0.8939381837844849,0.21147766271105287,False,0.8939381837844849,0.0034220258239656687,0.003046110039576888,0.003798171877861023,0.07180284708738327,0.002076125703752041,0.011631752364337444,0.0022224395070225,0.008062268607318401
ACAGTGTGTTGCGA-1,3,Classical monocytes,Classical monocytes,True,True,0.99924635887146,0.003459565770958335,False,0.00016474438598379493,5.399620204116218e-05,0.00019342925224918872,0.99924635887146,5.389619036577642e-05,4.728273052023724e-05,0.00014039194502402097,3.1676656362833455e-05,6.819760892540216e-05
ACATCACTCTACTT-1,3,Classical monocytes,Classical monocytes,True,True,0.9856424927711487,0.03855517179993378,False,0.0006411764770746231,0.0002023159177042544,0.012284481897950172,0.9856424927711487,0.0002086690510623157,0.00013808092626277357,0.0005802501109428704,0.00015094925765879452,0.00015158948372118175
ACATGGTGAAGCCT-1,2,IL7R+ memory/helper T cells,Activated/transitional T cells,True,False,0.9876396059989929,0.03989522252622344,False,0.9876396059989929,0.0010605292627587914,0.0003328086750116199,0.0006933907861821353,0.00300803710706532,0.0003997915191575885,0.004515951499342918,0.0004853022110182792,0.0018646055832505226
ACATGGTGCAACCA-1,1,B cells,B cells,True,True,0.9991177916526794,0.0037989955703825093,False,0.0004459988558664918,0.9991177916526794,1.778267505869735e-05,3.325620127725415e-05,8.577832340961322e-05,2.5410901798750274e-05,0.00022136818733997643,1.778584555722773e-05,3.4826585761038586e-05
ACATGGTGCGAGTT-1,2,IL7R+ memory/helper T cells,Activated/transitional T cells,True,False,0.9500107169151306,0.12044131035509137,False,0.9500107169151306,0.022042272612452507,0.0007385602802969515,0.0012679474893957376,0.0026053129695355892,0.0008557727560400963,0.019275078549981117,0.0009911925299093127,0.002213085303083062
ACATTCTGGCATAC-1,2,IL7R+ memory/helper T cells,Activated/transitional T cells,True,False,0.48216259479522705,0.4086340035926079,True,0.48216259479522705,0.00318254460580647,0.0017747498350217938,0.003957982640713453,0.004425692837685347,0.0020801511127501726,0.4758313298225403,0.00238868803717196,0.024196283891797066
ACATTCTGGGAACG-1,3,Classical monocytes,Classical monocytes,True,True,0.9955947995185852,0.014281797146872038,False,0.0005879605305381119,4.026634633191861e-05,4.343632099335082e-05,0.9955947995185852,4.18289091612678e-05,2.6681113013182767e-05,0.0035692944657057524,3.886735794367269e-05,5.6828419474186376e-05
ACCAACGACATGCA-1,7,Naive/resting T cells,Activated/transitional T cells,True,False,0.7809857726097107,0.3053206276068114,False,0.7809857726097107,0.002786112716421485,0.0011590539943426847,0.003775330726057291,0.003479826031252742,0.0015331001486629248,0.1839788258075714,0.0019421083852648735,0.020359914749860764
ACCACAGAAAGTAG-1,6,Activated/transitional T cells,Activated/transitional T cells,True,True,0.9324741363525391,0.14753951760073625,False,0.9324741363525391,0.0015560290776193142,0.000867847295012325,0.01152837835252285,0.0039771865122020245,0.001047708559781313,0.04488314315676689,0.0012054924154654145,0.0024600522592663765
ACCACAGAGTTGGT-1,7,Naive/resting T cells,Activated/transitional T cells,True,False,0.9988572597503662,0.005017131328005187,False,0.9988572597503662,9.363459685118869e-05,6.410769128706306e-05,0.00011143290612380952,0.00011924011778319255,6.423798186006024e-05,0.00031152652809396386,7.233057840494439e-05,0.0003062142350245267
ACCACCTGTGTGCA-1,6,Activated/transitional T cells,Activated/transitional T cells,True,True,0.9629027247428894,0.09564644798799857,False,0.9629027247428894,0.0011254653800278902,0.0006534013664349914,0.0016856828005984426,0.014622306451201439,0.0008965131710283458,0.015158946625888348,0.0008490853942930698,0.002105870982632041
ACCACGCTACAGCT-1,7,Naive/resting T cells,Activated/transitional T cells,True,False,0.9857617616653442,0.041730494881652855,False,0.9857617616653442,0.0005594902322627604,0.00038221143768168986,0.0006846687174402177,0.0007713601225987077,0.00039085018215700984,0.009811888448894024,0.0003871330991387367,0.0012506376951932907
ACCACGCTACCCAA-1,0,Cytotoxic CD8 T cells,Cytotoxic CD8 T cells,True,True,0.9939414262771606,0.021289950726923593,False,0.002652955474331975,0.0001927913835970685,9.834066440816969e-05,0.0007261382997967303,0.9939414262771606,0.00014065185678191483,0.0008416602504439652,0.0003214153693988919,0.001084688468836248
ACCACGCTGCGAGA-1,2,IL7R+ memory/helper T cells,Activated/transitional T cells,True,False,0.45055288076400757,0.566235080994181,True,0.45055288076400757,0.006196015048772097,0.0029728789813816547,0.007319285999983549,0.2654549479484558,0.003830146510154009,0.24602104723453522,0.004961839411407709,0.01269099023193121
ACCACGCTGCTGTA-1,0,Cytotoxic CD8 T cells,Cytotoxic CD8 T cells,True,True,0.7618802189826965,0.36240285722747456,False,0.15345580875873566,0.003916687332093716,0.002270536730065942,0.005138450302183628,0.7618802189826965,0.0028074646834284067,0.0604524202644825,0.003307027043774724,0.00677138939499855
ACCAGCCTGACAGG-1,2,IL7R+ memory/helper T cells,IL7R+ memory/helper T cells,True,True,0.8951882123947144,0.20065031716366322,False,0.07614592462778091,0.0028724325820803642,0.0013463346986100078,0.0022408748045563698,0.014093482866883278,0.0013467302778735757,0.8951882123947144,0.0014538175892084837,0.0053121717646718025
ACCAGTGAACGGTT-1,1,B cells,B cells,True,True,0.9990020394325256,0.0041597360756018675,False,0.0006407538312487304,0.9990020394325256,2.2896916561876424e-05,3.6922345316270366e-05,3.9086906326701865e-05,2.979317468998488e-05,5.166576738702133e-05,2.0843346646870486e-05,0.00015603289648424834
ACCAGTGAATACCG-1,4,CD16+ non-classical monocytes,CD16+ non-classical monocytes,True,True,0.9661172032356262,0.07901950707708182,False,0.0007729835924692452,0.001425724127329886,0.9661172032356262,0.02806221693754196,0.00047934369649738073,0.0003412007645238191,0.0019481782801449299,0.00045396009227260947,0.0003992021083831787
ACCAGTGAGGGATG-1,7,Naive/resting T cells,Activated/transitional T cells,True,False,0.7608574628829956,0.3518183167625642,False,0.7608574628829956,0.002670076210051775,0.0014539883704856038,0.002987447427585721,0.02247992902994156,0.0018574780551716685,0.03204820677638054,0.0017117814859375358,0.17393364012241364
ACCAGTGATGACTG-1,3,Classical monocytes,Classical monocytes,True,True,0.9987807869911194,0.004965217653249261,False,0.00023712772235739976,3.239669604226947e-05,6.21480867266655e-05,0.9987807869911194,3.749251482076943e-05,2.440298703731969e-05,0.000760086695663631,2.434408634144347e-05,4.122045720578171e-05
ACCATTACCTTCTA-1,7,Naive/resting T cells,Activated/transitional T cells,True,False,0.9760785102844238,0.060356033415664735,False,0.9760785102844238,0.0006713816546835005,0.0003018495917785913,0.000745662022382021,0.0007260031998157501,0.0003777728707063943,0.019480755552649498,0.00041017556213773787,0.0012079033767804503
ACCATTACGAGATA-1,2,IL7R+ memory/helper T cells,IL7R+ memory/helper T cells,True,True,0.8424450755119324,0.32496144530324494,False,0.05734187364578247,0.012330329045653343,0.008335331454873085,0.012438507750630379,0.038963738828897476,0.0074712904170155525,0.8424450755119324,0.007931253872811794,0.012742607854306698
ACCATTTGTCATTC-1,2,IL7R+ memory/helper T cells,Activated/transitional T cells,True,False,0.8260546326637268,0.27779229874704126,False,0.8260546326637268,0.005409236066043377,0.0022685974836349487,0.006193708162754774,0.008176900446414948,0.0031885532662272453,0.14024055004119873,0.002925795502960682,0.005541971419006586
ACCCAAGAACTGTG-1,0,Cytotoxic CD8 T cells,Cytotoxic CD8 T cells,True,True,0.9920015335083008,0.027850308500919515,False,0.001788623514585197,0.000548782991245389,0.0003491295501589775,0.0007544302497990429,0.9920015335083008,0.00031330829369835556,0.002414967631921172,0.0014166634064167738,0.00041256556869484484
ACCCAAGAATTCCT-1,4,CD16+ non-classical monocytes,CD16+ non-classical monocytes,True,True,0.9876672029495239,0.034870432282167484,False,0.0004087048873770982,0.0004635802179109305,0.9876672029495239,0.009999986737966537,0.00027169380336999893,0.00011193484533578157,0.0007018555770628154,0.0001694972743280232,0.00020552364003378898
ACCCAAGAGGACAG-1,2,IL7R+ memory/helper T cells,IL7R+ memory/helper T cells,True,True,0.9805826544761658,0.05048570523310167,False,0.016074607148766518,0.0004530173901002854,0.00030385388527065516,0.0005193701945245266,0.0008097100653685629,0.0002903193235397339,0.9805826544761658,0.00028939408366568387,0.0006770486361347139
ACCCAAGATTCACT-1,1,B cells,B cells,True,True,0.9993403553962708,0.0028660856334053082,False,0.0004487925034482032,0.9993403553962708,1.5945968698360957e-05,3.3427193557145074e-05,4.0228478610515594e-05,2.0142333596595563e-05,3.5364351788302884e-05,1.6761108781793155e-05,4.8960180720314384e-05
ACCCACTGCGCCTT-1,3,Classical monocytes,Classical monocytes,True,True,0.992251455783844,0.024430869430448077,False,0.0010346312774345279,0.00021751070744358003,0.005508048925548792,0.992251455783844,0.0002510021149646491,0.00011479841487016529,0.0002971788926515728,0.00020085167489014566,0.00012452766532078385
ACCCACTGGACAGG-1,7,Naive/resting T cells,Activated/transitional T cells,True,False,0.9972321391105652,0.011179102016754424,False,0.9972321391105652,0.0002897526719607413,0.0001586884172866121,0.00040734701906330884,0.0006346695590764284,0.00019509703270159662,0.000442969350842759,0.00021453798399306834,0.00042485655285418034
ACCCACTGGTTCAG-1,8,Platelets,Classical monocytes,False,False,0.49923595786094666,0.6196890805438403,True,0.1446441411972046,0.005654794164001942,0.00531310960650444,0.49923595786094666,0.18012776970863342,0.004019710700958967,0.00765783479437232,0.005065972451120615,0.14828063547611237
ACCCACTGTCGTAG-1,3,Classical monocytes,Classical monocytes,True,True,0.9995113611221313,0.0023606657000137792,False,6.665117689408362e-05,9.491851960774511e-05,7.164033013395965e-05,0.9995113611221313,4.24486497649923e-05,3.05358917103149e-05,0.00010184873826801777,3.040013871213887e-05,5.024636266171001e-05
ACCCAGCTCAGAAA-1,2,IL7R+ memory/helper T cells,IL7R+ memory/helper T cells,True,True,0.9759125709533691,0.06289420831488175,False,0.018061857670545578,0.0007012211135588586,0.000445718556875363,0.0011815621983259916,0.0011522304266691208,0.0005245011416263878,0.9759125709533691,0.0004811311955563724,0.0015391698107123375
ACCCAGCTGTTAGC-1,3,Classical monocytes,Classical monocytes,True,True,0.9986598491668701,0.005257018350494338,False,0.00014283628843259066,3.1060251785675064e-05,6.883018068037927e-05,0.9986598491668701,3.5037603083765134e-05,1.9871471522492357e-05,0.0009934201370924711,2.422594843665138e-05,2.4902123186620884e-05
ACCCAGCTTGCTTT-1,7,Naive/resting T cells,Activated/transitional T cells,True,False,0.8816915154457092,0.21512966761995622,False,0.8816915154457092,0.0014545238809660077,0.0007426593801937997,0.0018659899942576885,0.002459536539390683,0.0012683509849011898,0.08099008351564407,0.0009752516634762287,0.028552111238241196
ACCCGTTGATGACC-1,1,B cells,B cells,True,True,0.9993035793304443,0.003044594086012957,False,0.00044535109191201627,0.9993035793304443,2.0654761101468466e-05,4.389714013086632e-05,4.9272017349721864e-05,2.4118930014083162e-05,3.9931426726980135e-05,2.4772549295448698e-05,4.844377326662652e-05
ACCCGTTGCTGCAA-1,7,Naive/resting T cells,Activated/transitional T cells,True,False,0.9905857443809509,0.03270326537490984,False,0.9905857443809509,0.0013020940823480487,0.00037883411278016865,0.0011850660666823387,0.0013430708786472678,0.0005998867563903332,0.002119141397997737,0.0008219502633437514,0.0016642248956486583
ACCCGTTGCTTCTA-1,1,B cells,IL7R+ memory/helper T cells,True,False,0.8269832730293274,0.33099054627601004,False,0.022213101387023926,0.0252157561480999,0.0030047574546188116,0.015429829247295856,0.008534505032002926,0.08756894618272781,0.8269832730293274,0.004079908598214388,0.006969962734729052
ACCCTCGACCTATT-1,2,IL7R+ memory/helper T cells,Cytotoxic CD8 T cells,True,False,0.3524968922138214,0.6589800474064365,True,0.21819782257080078,0.014406305737793446,0.008872425183653831,0.02391768805682659,0.3524968922138214,0.010873422957956791,0.336630254983902,0.018960142508149147,0.015645071864128113
ACCCTCGACGGTAT-1,1,B cells,B cells,True,True,0.9993199110031128,0.0030706962419979663,False,0.0002924084255937487,0.9993199110031128,1.8083223039866425e-05,4.677227116189897e-05,3.2487652788404375e-05,2.6036315830424428e-05,0.00010109683353221044,1.9442437405814417e-05,0.00014382110384758562
ACCCTCGATAAGGA-1,3,Classical monocytes,Classical monocytes,True,True,0.9971591234207153,0.011258258707194305,False,0.0006136558367870748,0.0002792081795632839,0.0006912960088811815,0.9971591234207153,0.00047305686166509986,9.521674655843526e-05,0.0005025251302868128,9.797951497603208e-05,8.790385618340224e-05
ACCCTCGATCAAGC-1,4,CD16+ non-classical monocytes,CD16+ non-classical monocytes,True,True,0.6742991209030151,0.5077580325068133,False,0.045029208064079285,0.029324376955628395,0.6742991209030151,0.1809729039669037,0.015957046300172806,0.00850368570536375,0.016910525038838387,0.010953819379210472,0.018049322068691254
ACCGTGCTACCAGT-1,2,IL7R+ memory/helper T cells,IL7R+ memory/helper T cells,True,True,0.644156277179718,0.5195980155181225,False,0.09949410706758499,0.011443805880844593,0.006445086561143398,0.014056535437703133,0.025359144434332848,0.008501828648149967,0.644156277179718,0.008760937489569187,0.18178226053714752
ACCGTGCTGGAACG-1,1,B cells,B cells,True,True,0.9990184307098389,0.004369998641113464,False,0.0002940935955848545,0.9990184307098389,2.860178028640803e-05,8.011063619051129e-05,7.608499436173588e-05,0.00011867279681609944,0.00017378995835315436,3.593287692638114e-05,0.00017421510710846633
ACCTATTGCTGAGT-1,1,B cells,B cells,True,True,0.999327540397644,0.003086109272357031,False,0.00020522101840469986,0.999327540397644,2.6296836949768476e-05,5.1432820328045636e-05,7.459419430233538e-05,0.00019766917102970183,5.2108422096353024e-05,2.692712405405473e-05,3.821546852122992e-05
ACCTATTGTGCCCT-1,4,CD16+ non-classical monocytes,CD16+ non-classical monocytes,True,True,0.9974652528762817,0.009882832703108553,False,0.00028906934312544763,0.00028792780358344316,0.9974652528762817,0.0012662954395636916,0.0001835849543567747,5.3950308938510716e-05,0.00027214971487410367,7.457329047610983e-05,0.00010716261749621481
ACCTCCGAGTCCTC-1,2,IL7R+ memory/helper T cells,Activated/transitional T cells,True,False,0.7484132647514343,0.4021452632505406,False,0.7484132647514343,0.01359524205327034,0.0048684715293347836,0.009765570983290672,0.017426026985049248,0.027445431798696518,0.1639910787343979,0.007042827550321817,0.007452124729752541
ACCTCCGATATGCG-1,2,IL7R+ memory/helper T cells,IL7R+ memory/helper T cells,True,True,0.7329040169715881,0.4225071690147391,False,0.09033487737178802,0.018314257264137268,0.002304468769580126,0.006694893352687359,0.1278257817029953,0.0030935020186007023,0.7329040169715881,0.002830351237207651,0.015697844326496124
ACCTCCGATGCTGA-1,6,Activated/transitional T cells,Activated/transitional T cells,True,True,0.5366779565811157,0.37907015719418097,False,0.5366779565811157,0.002812070306390524,0.001749879214912653,0.0032968632876873016,0.00784907303750515,0.0018552745459601283,0.4382092356681824,0.0019149944419041276,0.0056346687488257885
ACCTCGTGAACCAC-1,0,Cytotoxic CD8 T cells,Cytotoxic CD8 T cells,True,True,0.9897281527519226,0.029624671124203812,False,0.008410249836742878,0.00015351313049905002,8.263574272859842e-05,0.00019264925504103303,0.9897281527519226,0.00010484091762918979,0.0008716989541426301,0.00017084143473766744,0.0002854302292689681
ACCTGAGATATCGG-1,3,Classical monocytes,Classical monocytes,True,True,0.9976602792739868,0.008973630312420192,False,0.00022267590975388885,0.0014435875928029418,9.96541857603006e-05,0.9976602792739868,0.00021256761101540178,6.45946420263499e-05,0.00012098715524189174,0.00011007006105501205,6.56266201986e-05
ACCTGGCTAAGTAG-1,5,NK cells,NK cells,True,True,0.9961122870445251,0.01369382196152416,False,0.0005355968023650348,8.602227899245918e-05,8.604238246334717e-05,0.00013198469241615385,0.0025870578829199076,6.363551801769063e-05,0.000273974088486284,0.9961122870445251,0.0001233952643815428
ACCTTTGACTCCCA-1,3,Classical monocytes,Classical monocytes,True,True,0.9990150928497314,0.004299447589337221,False,0.00010347158968215808,0.00017177138943225145,0.00044235578388907015,0.9990150928497314,7.174694474088028e-05,3.259683944634162e-05,8.744047227082774e-05,3.505264248815365e-05,4.0456579881720245e-05
ACCTTTGAGGAACG-1,3,Classical monocytes,Classical monocytes,True,True,0.9980645775794983,0.007506200725847675,False,0.00010601709072943777,0.00015135151625145227,0.0012816605158150196,0.9980645775794983,8.465802966384217e-05,5.2105144277447835e-05,0.00010211503104073927,4.8186946514761075e-05,0.00010934114106930792
ACCTTTGAGGAAGC-1,3,Classical monocytes,Classical monocytes,True,True,0.867307186126709,0.18644245182432764,False,0.0006681716185994446,0.0009951977990567684,0.1299196183681488,0.867307186126709,0.00023826517281122506,0.00017370218120049685,0.00036437332164496183,0.00018696066399570554,0.0001465100795030594
ACGAACACCTTGTT-1,5,NK cells,Cytotoxic CD8 T cells,True,False,0.9751670956611633,0.06705951168394055,False,0.0027192747220396996,0.0004669583577197045,0.0005994497914798558,0.0018731886520981789,0.9751670956611633,0.0003375656669959426,0.0017498101806268096,0.016151446849107742,0.0009352220222353935
ACGAACTGGCTATG-1,4,CD16+ non-classical monocytes,CD16+ non-classical monocytes,True,True,0.9523648023605347,0.12068189589636602,False,0.002743537537753582,0.0014266273938119411,0.9523648023605347,0.021336769685149193,0.00837926659733057,0.0009110274841077626,0.010023018345236778,0.0014686526264995337,0.001346372184343636
ACGAAGCTCTCCAC-1,6,Activated/transitional T cells,Activated/transitional T cells,True,True,0.9979158043861389,0.00866993426062543,False,0.9979158043861389,0.0003212530864402652,0.00010769171785796061,0.0003909871738869697,0.00036842527333647013,0.0001331477687926963,0.0002230535028502345,0.00012758509546983987,0.00041200569830834866
ACGAAGCTCTGAGT-1,1,B cells,B cells,True,True,0.9991624355316162,0.003563820943189525,False,8.308140968438238e-05,0.9991624355316162,2.085962114506401e-05,3.8994025089778006e-05,4.3972260755253956e-05,2.673938979569357e-05,0.0005525861051864922,2.063705505861435e-05,5.074394357507117e-05
ACGACCCTATCTCT-1,3,Classical monocytes,Classical monocytes,True,True,0.511491060256958,0.35198332920282566,False,0.0016986590344458818,0.00438670814037323,0.4759034812450409,0.511491060256958,0.001967250369489193,0.0008532421779818833,0.0022665003780275583,0.0008484515128657222,0.0005846685380674899
ACGACCCTGATGAA-1,7,Naive/resting T cells,Cytotoxic CD8 T cells,True,False,0.9268094301223755,0.14580250615936433,False,0.05559476464986801,0.0005924512515775859,0.0003392757207620889,0.000935845251660794,0.9268094301223755,0.0004064509994350374,0.0014827973209321499,0.000988077255897224,0.012850857339799404
ACGACCCTTGACAC-1,1,B cells,B cells,True,True,0.9995037317276001,0.0023122602119759338,False,0.0002432466862956062,0.9995037317276001,1.8374001228949055e-05,3.318703966215253e-05,2.6644978788681328e-05,2.7024390874430537e-05,7.515794277423993e-05,2.4650897103128955e-05,4.8013633204391226e-05
ACGACCCTTGACCA-1,7,Naive/resting T cells,Activated/transitional T cells,True,False,0.9971964359283447,0.011110206795577886,False,0.9971964359283447,0.00020872103050351143,0.00011663187615340576,0.00025141434161923826,0.0006323769921436906,0.00014583866868633777,0.0008948853937909007,0.00015027678455226123,0.0004034072335343808
ACGAGGGACAGGAG-1,3,Classical monocytes,Classical monocytes,True,True,0.9923058152198792,0.027038866985998673,False,0.0009063201723620296,0.0012967637740075588,0.0019509028643369675,0.9923058152198792,0.000497976434417069,0.00040338479448109865,0.001948131830431521,0.00032926510903052986,0.000361464248271659
ACGAGGGACGAACT-1,7,Naive/resting T cells,Activated/transitional T cells,True,False,0.9973459243774414,0.010606099160971988,False,0.9973459243774414,0.00049681740347296,0.0001034112719935365,0.00023346954549197108,0.0003668192366603762,0.00012955028796568513,0.0008658077567815781,0.00014142585860099643,0.00031673736521042883
ACGAGGGATGTAGC-1,2,IL7R+ memory/helper T cells,IL7R+ memory/helper T cells,True,True,0.9872398972511292,0.03874870156737098,False,0.0077361855655908585,0.0003920392191503197,0.00020275649148970842,0.0005279933684505522,0.0021715713664889336,0.0009002101724036038,0.9872398972511292,0.0003165388770867139,0.0005128022748976946
ACGAGTACCCTAAG-1,1,B cells,B cells,True,True,0.9990808963775635,0.004056508122878881,False,0.00042806752026081085,0.9990808963775635,5.3414962167153135e-05,7.081423245836049e-05,7.565798296127468e-05,5.3435953304870054e-05,0.00010775444388855249,4.157906732871197e-05,8.834270556690171e-05
ACGAGTACGAATCC-1,1,B cells,B cells,True,True,0.8862740993499756,0.2199564058044413,False,0.04057968780398369,0.8862740993499756,0.0012065970804542303,0.003094657091423869,0.002803099574521184,0.0013577020727097988,0.06060133874416351,0.0012074817204847932,0.002875327132642269
ACGATCGAGGACTT-1,0,Cytotoxic CD8 T cells,NK cells,True,False,0.9441365599632263,0.12454948486237145,False,0.02292105183005333,0.00043646644917316735,0.00031075836159288883,0.0005800118669867516,0.028312070295214653,0.0003391956852283329,0.002134461887180805,0.9441365599632263,0.0008294241852127016
ACGATCGAGTCACA-1,3,Classical monocytes,Classical monocytes,True,True,0.999713122844696,0.0014493583317691722,False,5.584415339399129e-05,2.3325619622482918e-05,4.4720763980876654e-05,0.999713122844696,3.3811968023655936e-05,1.584055098646786e-05,7.32324187993072e-05,2.1364472559071146e-05,1.8736960555543192e-05
ACGATGACAATGCC-1,2,IL7R+ memory/helper T cells,Activated/transitional T cells,True,False,0.4632081985473633,0.5704893375349992,True,0.4632081985473633,0.015363175421953201,0.009348232299089432,0.02002137340605259,0.058936625719070435,0.011440838687121868,0.3914424180984497,0.01119985617697239,0.019039299339056015
ACGATGACTGGTCA-1,2,IL7R+ memory/helper T cells,IL7R+ memory/helper T cells,True,True,0.7636972069740295,0.3620765589821585,False,0.17382346093654633,0.007218922488391399,0.003912148531526327,0.00897306576371193,0.01921042986214161,0.004675847943872213,0.7636972069740295,0.005400588270276785,0.013088326901197433
ACGATTCTACGGGA-1,6,Activated/transitional T cells,Cytotoxic CD8 T cells,True,False,0.9629472494125366,0.09014370756023707,False,0.02705265022814274,0.0009490461088716984,0.00048274348955601454,0.0010978423524647951,0.9629472494125366,0.0006833447841927409,0.0025877458974719048,0.001937013235874474,0.002262356225401163
ACGCAATGGTTCAG-1,5,NK cells,NK cells,True,True,0.9807865023612976,0.052845175336206925,False,0.0032679240684956312,0.00033630544203333557,0.00026050794986076653,0.0004764251643791795,0.01305046584457159,0.00024140978348441422,0.0009389258339069784,0.9807865023612976,0.0006414924864657223
ACGCACCTGTTAGC-1,1,B cells,B cells,True,True,0.9989936947822571,0.004155527493383953,False,0.000698160263709724,0.9989936947822571,2.0542154743452556e-05,8.050644100876525e-05,3.4639790101209655e-05,2.571609729784541e-05,5.7291763368994e-05,2.168254832213279e-05,6.777693488402292e-05
ACGCCACTGAACTC-1,3,Classical monocytes,Classical monocytes,True,True,0.993980884552002,0.021378561411520898,False,0.0022408836521208286,0.0008065211586654186,0.0015698379138484597,0.993980884552002,0.0002765405806712806,0.00019656377844512463,0.00027754640905186534,0.0002354409807594493,0.0004158119554631412
ACGCCGGAAACCAC-1,3,Classical monocytes,Classical monocytes,True,True,0.999250590801239,0.0034285449234808143,False,0.00021484906028490514,9.75887815002352e-05,0.0001859266048995778,0.999250590801239,6.302999099716544e-05,3.0685980163980275e-05,7.47720550862141e-05,3.4483477065805346e-05,4.808105586562306e-05
ACGCCGGAAAGCCT-1,7,Naive/resting T cells,Activated/transitional T cells,True,False,0.7710835337638855,0.3313941414828457,False,0.7710835337638855,0.002519850851967931,0.0013183087576180696,0.003166111186146736,0.011505717411637306,0.0017858443316072226,0.1773456633090973,0.0021654432639479637,0.02910950593650341
ACGCCGGAAATGCC-1,2,IL7R+ memory/helper T cells,IL7R+ memory/helper T cells,True,True,0.7435227036476135,0.3583535122402905,False,0.19656920433044434,0.003268270520493388,0.001968537690117955,0.00432510394603014,0.03678026795387268,0.002210259670391679,0.7435227036476135,0.00337667646817863,0.007978994399309158
ACGCCTTGCTCCCA-1,4,CD16+ non-classical monocytes,CD16+ non-classical monocytes,True,True,0.9964975714683533,0.013000028139298868,False,0.00033517161500640213,0.00020279052841942757,0.9964975714683533,0.0019201681716367602,0.00016951961151789874,9.637865878175944e-05,0.0004803960327990353,0.000186696503078565,0.00011134854139527306
ACGCGGTGGCGAGA-1,2,IL7R+ memory/helper T cells,Activated/transitional T cells,True,False,0.9221801161766052,0.1555811029195245,False,0.9221801161766052,0.0009234129684045911,0.0006742549012415111,0.00159292237367481,0.010527640581130981,0.0012980024330317974,0.05953105539083481,0.001474532182328403,0.0017980259144678712
ACGCGGTGTGTGGT-1,1,B cells,B cells,True,True,0.9993293285369873,0.0030436404886513904,False,0.0002911642659455538,0.9993293285369873,3.136675513815135e-05,4.602943590725772e-05,4.191295738564804e-05,2.6743779017124325e-05,0.00014026375720277429,1.986852839763742e-05,7.331895176321268e-05
ACGCGGTGTTTGCT-1,0,Cytotoxic CD8 T cells,Cytotoxic CD8 T cells,True,True,0.973447859287262,0.07584884598453999,False,0.007170607335865498,0.0008755120798014104,0.0008582822047173977,0.0010281888535246253,0.973447859287262,0.000680718629155308,0.0035098320804536343,0.009795713238418102,0.00263324030674994
ACGCTCACAGTACC-1,7,Naive/resting T cells,Activated/transitional T cells,True,False,0.9941348433494568,0.020664761615903027,False,0.9941348433494568,0.00032939857919700444,0.0001730223884806037,0.00039468519389629364,0.00044839450856670737,0.00022091208666097373,0.002610187977552414,0.0002461077237967402,0.0014425045810639858
ACGCTCACCCTTGC-1,7,Naive/resting T cells,Activated/transitional T cells,True,False,0.9731576442718506,0.06258032018259967,False,0.9731576442718506,0.00035644316812977195,0.00023213672102428973,0.00046001753071323037,0.0008264469797722995,0.00023973771021701396,0.024097392335534096,0.00026491665630601346,0.0003653427120298147
ACGCTGCTGTTCTT-1,5,NK cells,NK cells,True,True,0.5321881175041199,0.3409055631986826,False,0.0025390314403921366,0.0006425663596019149,0.0004583088157232851,0.001509114750660956,0.45914149284362793,0.0003777373640332371,0.002453175140544772,0.5321881175041199,0.0006904306937940419
ACGGAACTCAGATC-1,5,NK cells,NK cells,True,True,0.9977635145187378,0.009044573599387713,False,0.0008534265798516572,0.00011420882947277278,9.220914944307879e-05,0.00018937545246444643,0.0003892306121997535,9.674196917330846e-05,0.0003110234101768583,0.9977635145187378,0.00019023017375729978
ACGGAACTGTCGTA-1,4,CD16+ non-classical monocytes,CD16+ non-classical monocytes,True,True,0.9779829978942871,0.06036524864023533,False,0.001805842504836619,0.0007444740040227771,0.9779829978942871,0.015010840259492397,0.0012033428065478802,0.0004938914207741618,0.0011917900992557406,0.000893309130333364,0.000673534523230046
ACGGAGGACTCTTA-1,3,Classical monocytes,Classical monocytes,True,True,0.9992687106132507,0.0033512581928445847,False,8.114332013064995e-05,0.0001033283188007772,0.00021582163753919303,0.9992687106132507,0.00015956879360601306,3.9582886529387906e-05,7.798700971761718e-05,3.509660018607974e-05,1.874329973361455e-05
ACGGATTGGGAGGT-1,1,B cells,B cells,True,True,0.9985083937644958,0.005922622018038842,False,0.0010228928877040744,0.9985083937644958,3.841780562652275e-05,6.971103721298277e-05,9.675345791038126e-05,4.9988946557277814e-05,9.324667189503089e-05,4.463936056708917e-05,7.594606722705066e-05
ACGGATTGGTTAGC-1,2,IL7R+ memory/helper T cells,Activated/transitional T cells,True,False,0.9592553973197937,0.09265360325736038,False,0.9592553973197937,0.00043060758616775274,0.00022270367480814457,0.0010041333734989166,0.006161458324640989,0.00030966379563324153,0.03135422617197037,0.0002991368528455496,0.0009626590181142092
ACGGCTCTGAGCAG-1,2,IL7R+ memory/helper T cells,IL7R+ memory/helper T cells,True,True,0.9825927019119263,0.05129515835174763,False,0.008943839929997921,0.0007440118351951241,0.00047708116471767426,0.0009170171688310802,0.004484531469643116,0.0005170310032553971,0.9825927019119263,0.0005897751543670893,0.0007340164738707244
ACGGCTCTTGCACA-1,7,Naive/resting T cells,Activated/transitional T cells,True,False,0.72198486328125,0.36838509124580876,False,0.72198486328125,0.0033038107212632895,0.001668939832597971,0.005295719485729933,0.03004160337150097,0.0022544260136783123,0.22208815813064575,0.0022513086441904306,0.011111186817288399
ACGGTAACCGCTAA-1,2,IL7R+ memory/helper T cells,Cytotoxic CD8 T cells,True,False,0.984062135219574,0.04445397471689943,False,0.00812777690589428,0.00020026657148264349,8.310969133162871e-05,0.00023483685799874365,0.984062135219574,9.987325756810606e-05,0.006771559361368418,0.00018915507826022804,0.00023125778534449637
ACGGTAACCTTCGC-1,0,Cytotoxic CD8 T cells,Cytotoxic CD8 T cells,True,True,0.993884265422821,0.02185737579404221,False,0.0016155248740687966,0.00030478936969302595,0.0001550981542095542,0.0006560549372807145,0.993884265422821,0.00021439949341583997,0.0016428761882707477,0.0012886697659268975,0.00023835357569623739
ACGGTAACGGTGGA-1,6,Activated/transitional T cells,Activated/transitional T cells,True,True,0.9952558875083923,0.01768054526368088,False,0.9952558875083923,0.0005053978529758751,0.00016529366257600486,0.0010347773786634207,0.000979800010100007,0.0002133517264155671,0.0003618825285229832,0.00020998995751142502,0.0012736140051856637
ACGGTAACTCGCAA-1,6,Activated/transitional T cells,Cytotoxic CD8 T cells,True,False,0.9483330249786377,0.11477362589854412,False,0.03770369663834572,0.0006502129836007953,0.0003307072911411524,0.0007369255763478577,0.9483330249786377,0.000447111640824005,0.002651691436767578,0.00801270455121994,0.0011338726617395878
ACGGTATGAGTCGT-1,3,Classical monocytes,Classical monocytes,True,True,0.9995871186256409,0.0020074197530921033,False,0.00013132031017448753,3.649051359388977e-05,7.17383372830227e-05,0.9995871186256409,3.780279803322628e-05,2.2537911718245596e-05,6.148072134237736e-05,2.5286632080678828e-05,2.6246687411912717e-05
ACGGTATGGGTATC-1,1,B cells,B cells,True,True,0.99955815076828,0.0020822728910708356,False,0.0002200518356403336,0.99955815076828,1.7070702597266063e-05,3.8204645534278825e-05,2.9217411793069914e-05,2.206725002906751e-05,4.156847353442572e-05,1.934336069098208e-05,5.4301977797877043e-05
ACGGTATGGTTGTG-1,1,B cells,B cells,True,True,0.9993312358856201,0.0029554201793947415,False,0.0004102083621546626,0.9993312358856201,2.2656708097201772e-05,4.6405537432292476e-05,3.8983955164439976e-05,2.5400217054993846e-05,3.9109072531573474e-05,2.7360812964616343e-05,5.8681456721387804e-05
ACGGTCCTAACGGG-1,2,IL7R+ memory/helper T cells,IL7R+ memory/helper T cells,True,True,0.73744797706604,0.38684530499840675,False,0.19145002961158752,0.014316649176180363,0.003471213858574629,0.009640081785619259,0.02642570436000824,0.004110497422516346,0.73744797706604,0.0041342684999108315,0.0090035917237401
ACGGTCCTCGGGAA-1,2,IL7R+ memory/helper T cells,IL7R+ memory/helper T cells,True,True,0.968656063079834,0.07783954921690124,False,0.023044317960739136,0.0017407754203304648,0.00032276276033371687,0.0006410792120732367,0.0031021491158753633,0.00039929975173436105,0.968656063079834,0.0003684193652588874,0.0017251435201615095
ACGTAGACAACCAC-1,2,IL7R+ memory/helper T cells,Activated/transitional T cells,True,False,0.6619572639465332,0.4333400700655149,False,0.6619572639465332,0.007040221244096756,0.0015303456457331777,0.0038997658994048834,0.10819363594055176,0.001590829691849649,0.20979252457618713,0.0015792876947671175,0.004416083451360464
ACGTAGACTACAGC-1,1,B cells,B cells,True,True,0.9991350769996643,0.003565127025720483,False,0.0006571197882294655,0.9991350769996643,2.327905167476274e-05,5.2179933845764026e-05,3.280662713223137e-05,2.1891764845349826e-05,3.588662366382778e-05,1.9302251530461945e-05,2.2456524675362743e-05
ACGTCAGAAACGAA-1,2,IL7R+ memory/helper T cells,IL7R+ memory/helper T cells,True,True,0.8537120819091797,0.23526132925196008,False,0.11758653819561005,0.001120339729823172,0.0006792816566303372,0.002187455305829644,0.02157893218100071,0.0008448094595223665,0.8537120819091797,0.0009364485740661621,0.0013541006483137608
ACGTCAGAGAGCTT-1,3,Classical monocytes,Classical monocytes,True,True,0.9976587295532227,0.009537062741368112,False,0.0003266358398832381,0.00023806406534276903,0.0006128533277660608,0.9976587295532227,0.0005601401207968593,8.311015699291602e-05,0.00016978872008621693,0.00014110238407738507,0.0002095933014061302
ACGTCAGAGGGATG-1,6,Activated/transitional T cells,IL7R+ memory/helper T cells,True,False,0.6905679106712341,0.35455355418487483,False,0.2777310609817505,0.003724785288795829,0.0027237418107688427,0.0053877271711826324,0.009795778430998325,0.003144796472042799,0.6905679106712341,0.0026961599942296743,0.004228018689900637
ACGTCCTGATAAGG-1,3,Classical monocytes,Classical monocytes,True,True,0.9995003938674927,0.002359650603408166,False,0.00020213310199324042,4.219109905534424e-05,3.997720705228858e-05,0.9995003938674927,4.200477269478142e-05,2.3607504772371612e-05,8.850185258779675e-05,2.6757337764138356e-05,3.438332714722492e-05
ACGTCCTGTGAACC-1,3,Classical monocytes,Classical monocytes,True,True,0.99687260389328,0.012117163839695733,False,0.0002959463745355606,0.00031738149118609726,0.0012353804195299745,0.99687260389328,0.0002284481015522033,0.00011323343642288819,0.0006372412899509072,0.00017699628369882703,0.00012274482287466526
ACGTCGCTCCTGAA-1,5,NK cells,NK cells,True,True,0.7045920491218567,0.34166878466010303,False,0.006360057275742292,0.0019631136674433947,0.0016477268654853106,0.002562964102253318,0.26635199785232544,0.0016762721352279186,0.011281284503638744,0.7045920491218567,0.0035645149182528257
ACGTCGCTCTATTC-1,3,Classical monocytes,Classical monocytes,True,True,0.9985442161560059,0.0060544764009912684,False,0.0007098604692146182,0.0002661336911842227,6.599319021916017e-05,0.9985442161560059,7.974704931257293e-05,6.799369293730706e-05,0.00010756085976026952,5.2742765547009185e-05,0.00010576652130112052
ACGTCGCTTCTCAT-1,1,B cells,B cells,True,True,0.9990348815917969,0.0038391569539173373,False,0.0007957589696161449,0.9990348815917969,1.6335536201950163e-05,2.9001428629271686e-05,2.5180999728036113e-05,2.034274257312063e-05,3.9827787986723706e-05,1.6795260307844728e-05,2.185302582802251e-05
ACGTGATGCCATGA-1,3,Classical monocytes,Classical monocytes,True,True,0.9991713762283325,0.0037857567381296693,False,0.00017012155149132013,0.0001473889424232766,0.00013466543168760836,0.9991713762283325,8.756648458074778e-05,4.462242213776335e-05,0.00015957212599460036,3.799880505539477e-05,4.6713033952983096e-05
ACGTGATGGGTCTA-1,7,Naive/resting T cells,Activated/transitional T cells,True,False,0.996217668056488,0.014550569962985106,False,0.996217668056488,0.0003045438206754625,0.00015750527381896973,0.00047542635002173483,0.0010341823799535632,0.0002050560578936711,0.0008982626022771001,0.00020980714180041105,0.0004975642659701407
ACGTGATGTAACCG-1,4,CD16+ non-classical monocytes,CD16+ non-classical monocytes,True,True,0.9420689940452576,0.11668470826613207,False,0.0009091678075492382,0.0033790492452681065,0.9420689940452576,0.0501892976462841,0.0004525075200945139,0.00024009402841329575,0.0015956414863467216,0.0004368092049844563,0.0007285011815838516
ACGTGATGTGACAC-1,5,NK cells,NK cells,True,True,0.9894071221351624,0.03142518533970729,False,0.0007543349056504667,0.0004292638914193958,0.0001436065649613738,0.00023158905969467014,0.008015358820557594,0.00013076797768007964,0.0007010244880802929,0.9894071221351624,0.00018690356228034943
ACGTGCCTCCGTAA-1,2,IL7R+ memory/helper T cells,IL7R+ memory/helper T cells,True,True,0.9720078706741333,0.07576085200901313,False,0.017091184854507446,0.00140303373336792,0.0008815841865725815,0.001711520366370678,0.0031992734875530005,0.0009627434774301946,0.9720078706741333,0.0009262486710213125,0.001816481351852417
ACGTGCCTTCTATC-1,6,Activated/transitional T cells,Cytotoxic CD8 T cells,True,False,0.9946565628051758,0.018572594021775433,False,0.0031025561038404703,0.00045955178211443126,9.847497858572751e-05,0.00020470621529966593,0.9946565628051758,0.00011546714085852727,0.00043409562204033136,0.0007237946265377104,0.00020481323008425534
ACGTTACTTTCCAT-1,2,IL7R+ memory/helper T cells,Activated/transitional T cells,True,False,0.8613219857215881,0.28883378887133404,False,0.8613219857215881,0.020526986569166183,0.004684179089963436,0.010725961066782475,0.02241676114499569,0.005573384929448366,0.06122899800539017,0.005816931836307049,0.007704772055149078
ACGTTGGAAAAGCA-1,7,Naive/resting T cells,Naive/resting T cells,True,True,0.731311559677124,0.3268376451634643,False,0.2397792488336563,0.013938064686954021,0.0014538824325427413,0.0029209847562015057,0.002865908667445183,0.0012061848537996411,0.005358602851629257,0.001165573252364993,0.731311559677124
ACGTTGGAAACCTG-1,0,Cytotoxic CD8 T cells,Cytotoxic CD8 T cells,True,True,0.9977471232414246,0.008934594880183723,False,0.0005236345459707081,8.710308611625805e-05,4.829346653423272e-05,9.184701048070565e-05,0.9977471232414246,5.4087457101559266e-05,0.00046992109855636954,0.000856388418469578,0.00012160176993347704
ACGTTGGACCGTAA-1,3,Classical monocytes,Classical monocytes,True,True,0.9991733431816101,0.0037111196157087606,False,0.00031279734685085714,0.00015147631347645074,0.00013102995580993593,0.9991733431816101,4.5687673264183104e-05,3.346756784594618e-05,6.448115163948387e-05,3.1781546567799523e-05,5.5871143558761105e-05
ACGTTGGAGCCAAT-1,5,NK cells,NK cells,True,True,0.9984626770019531,0.0063950425389339965,False,0.00022125763643998653,6.310377648333088e-05,7.283045124495402e-05,8.771275315666571e-05,0.0007128160796128213,6.475184636656195e-05,0.0002096060197800398,0.9984626770019531,0.00010529043356655166
ACGTTGGATATGGC-1,1,B cells,B cells,True,True,0.9971101880073547,0.010845621557264762,False,0.0013118400238454342,0.9971101880073547,3.7147096008993685e-05,0.0002465836005285382,7.995234773261473e-05,0.0009508676012046635,9.66312363743782e-05,4.437461757333949e-05,0.0001224147854372859
ACGTTGGATCAGGT-1,3,Classical monocytes,Classical monocytes,True,True,0.9393391013145447,0.1172020206125787,False,0.000717383052688092,0.001921627321280539,0.05500162020325661,0.9393391013145447,0.0006061258027330041,0.00027325519477017224,0.0011789093259721994,0.0003534051065798849,0.0006086368230171502
ACGTTTACATCAGC-1,7,Naive/resting T cells,Activated/transitional T cells,True,False,0.9987010955810547,0.005553303158733941,False,0.9987010955810547,0.0005304089281708002,4.835273648495786e-05,9.376918751513585e-05,0.00014629836368840188,5.4981253924779594e-05,0.00018959534645546228,5.708613753085956e-05,0.0001783597399480641
ACTAAAACCCACAA-1,6,Activated/transitional T cells,Cytotoxic CD8 T cells,True,False,0.9930031895637512,0.023334203310334176,False,0.004223689902573824,0.00019028047972824425,0.00010410821414552629,0.0005977117689326406,0.9930031895637512,0.00027689742273651063,0.0008920159307308495,0.00034329414484091103,0.00036878182436339557
ACTAAAACTCGACA-1,3,Classical monocytes,Classical monocytes,True,True,0.9954501986503601,0.01622380965334084,False,0.0006932772812433541,0.0004039793857373297,0.002530543366447091,0.9954501986503601,0.0001602164702489972,8.865130803314969e-05,0.0004060187202412635,0.0001116711282520555,0.000155442685354501
ACTACGGAATTTCC-1,2,IL7R+ memory/helper T cells,IL7R+ memory/helper T cells,True,True,0.6921601295471191,0.46614292283671016,False,0.1966111958026886,0.01272554136812687,0.006894791033118963,0.015272869728505611,0.026392066851258278,0.00922741461545229,0.6921601295471191,0.014542416669428349,0.026173580437898636
ACTACGGACCTATT-1,7,Naive/resting T cells,Activated/transitional T cells,True,False,0.9757880568504333,0.05945467238234711,False,0.9757880568504333,0.00048102621803991497,0.0002633439435157925,0.0004844232171308249,0.0009868699125945568,0.00027565169148147106,0.020675569772720337,0.00046205829130485654,0.0005829841829836369
ACTACGGATCGCTC-1,7,Naive/resting T cells,Activated/transitional T cells,True,False,0.8314460515975952,0.244349716283556,False,0.8314460515975952,0.004288411233574152,0.0011137102264910936,0.0022481896448880434,0.00331339449621737,0.0011728935642167926,0.15222881734371185,0.001123236957937479,0.003065255470573902
ACTACTACTAAGGA-1,7,Naive/resting T cells,Activated/transitional T cells,True,False,0.9988402724266052,0.0050650790141847455,False,0.9988402724266052,8.536641689715907e-05,5.786987821920775e-05,0.00010418316378491,0.00019335820979904383,6.0775186284445226e-05,0.000422569049987942,8.739782788325101e-05,0.0001482658990425989
ACTAGGTGGAACCT-1,2,IL7R+ memory/helper T cells,Cytotoxic CD8 T cells,True,False,0.8405980467796326,0.2915593088619077,False,0.08851034194231033,0.0036403031554073095,0.0036845174618065357,0.004594493191689253,0.8405980467796326,0.0028466680087149143,0.04461571201682091,0.007533570285886526,0.003976342733949423
ACTAGGTGGAACTC-1,2,IL7R+ memory/helper T cells,Activated/transitional T cells,True,False,0.9847680926322937,0.045979545334492715,False,0.9847680926322937,0.0004548672877717763,0.0002422927354928106,0.0005497363745234907,0.005355890840291977,0.00031495149596594274,0.005936603527516127,0.0003099970635958016,0.0020675885025411844
ACTATCACCTTGGA-1,0,Cytotoxic CD8 T cells,Cytotoxic CD8 T cells,True,True,0.9959169030189514,0.015545569981720577,False,0.001022687996737659,0.00047777523286640644,0.00017968728207051754,0.00023143592989072204,0.9959169030189514,0.00013409540406428277,0.0008341771317645907,0.0008776258327998221,0.0003255634510423988
ACTATCACTGCCAA-1,7,Naive/resting T cells,Activated/transitional T cells,True,False,0.9896708130836487,0.03169349890872684,False,0.9896708130836487,0.000637049088254571,0.00019787685596384108,0.0008086544112302363,0.00046239866060204804,0.0002494515501894057,0.007184249348938465,0.00027097496786154807,0.0005185582558624446
ACTCAGGACTGAAC-1,7,Naive/resting T cells,Activated/transitional T cells,True,False,0.9964902997016907,0.013580102599001356,False,0.9964902997016907,0.00027385965222492814,0.00014987793110776693,0.0003576803719624877,0.0011269497917965055,0.00019511560094542801,0.0007300981087610126,0.00019477610476315022,0.0004812752886209637
ACTCAGGATCTATC-1,1,B cells,B cells,True,True,0.9992710947990417,0.003166808405806429,False,0.0004648639587685466,0.9992710947990417,2.1285732145770453e-05,3.819756966549903e-05,7.057392213027924e-05,2.416834104224108e-05,5.461081309476867e-05,1.95182492461754e-05,3.569475666154176e-05
ACTCAGGATTCGTT-1,3,Classical monocytes,Classical monocytes,True,True,0.9987406134605408,0.005198318211745692,False,0.0007555191405117512,0.0001191857154481113,0.00014929847384337336,0.9987406134605408,5.46704359294381e-05,3.43894753314089e-05,5.8710349549073726e-05,3.822082726401277e-05,4.938138954457827e-05
ACTCCTCTCAACTG-1,2,IL7R+ memory/helper T cells,IL7R+ memory/helper T cells,True,True,0.982736349105835,0.05004689589016917,False,0.011120012030005455,0.0008393920725211501,0.0006884215399622917,0.0009440194116905332,0.0016433355631306767,0.0004951123846694827,0.982736349105835,0.0006596605526283383,0.0008737274329178035
ACTCGCACGAAAGT-1,3,Classical monocytes,Classical monocytes,True,True,0.9995114803314209,0.0023576578358164508,False,8.885015995474532e-05,6.78108335705474e-05,8.81877276697196e-05,0.9995114803314209,3.789818947552703e-05,2.6476736820768565e-05,8.553220686735585e-05,2.4180979380616918e-05,6.954270065762103e-05
ACTCGCACTACGAC-1,3,Classical monocytes,Classical monocytes,True,True,0.9990062117576599,0.004384408403034623,False,0.00027018116088584065,6.032628152752295e-05,0.0003302473924122751,0.9990062117576599,8.769406849751249e-05,4.128681030124426e-05,9.448040509596467e-05,5.1774743042187765e-05,5.785719622508623e-05
ACTCTCCTGACACT-1,7,Naive/resting T cells,Activated/transitional T cells,True,False,0.9972392320632935,0.011064389783779558,False,0.9972392320632935,0.0002381946542300284,0.00012791012704838067,0.0002921097620856017,0.0006005300674587488,0.00017386603576596826,0.000682262412738055,0.00016358518041670322,0.0004822993359994143
ACTCTCCTGCATAC-1,1,B cells,Activated/transitional T cells,True,False,0.796750545501709,0.41173234578056,False,0.796750545501709,0.020748959854245186,0.009739859029650688,0.030773678794503212,0.023251786828041077,0.016159383580088615,0.05386204272508621,0.018451839685440063,0.030261896550655365
ACTCTCCTGTTTGG-1,7,Naive/resting T cells,Activated/transitional T cells,True,False,0.9879096746444702,0.03903219952663249,False,0.9879096746444702,0.001021106611005962,0.00043868564534932375,0.001258328789845109,0.001286794082261622,0.0005592396482825279,0.0056816586293280125,0.000618850695900619,0.00122563645709306
ACTGAGACAACCAC-1,0,Cytotoxic CD8 T cells,Cytotoxic CD8 T cells,True,True,0.995261549949646,0.01631290134796704,False,0.0031527779065072536,0.00011833402095362544,0.000157357266289182,0.00014152831863611937,0.995261549949646,7.876988820498809e-05,0.0004810078826267272,0.0004673199146054685,0.00014130254567135125
ACTGAGACCCATAG-1,4,CD16+ non-classical monocytes,CD16+ non-classical monocytes,True,True,0.9964467883110046,0.013497665790068631,False,0.0003826752654276788,0.0004741827433463186,0.9964467883110046,0.0015814662910997868,0.000203973802854307,0.00011639824515441433,0.00041640407289378345,0.00018798223754856735,0.0001901313808048144
ACTGAGACGTTGGT-1,1,B cells,B cells,True,True,0.9990092515945435,0.004301565920984882,False,0.0004775551497004926,0.9990092515945435,7.735921099083498e-05,4.6432283852482215e-05,0.00012258643982931972,3.303997800685465e-05,6.587775715161115e-05,2.7934407626162283e-05,0.0001399137545377016
ACTGCCACACACGT-1,0,Cytotoxic CD8 T cells,Cytotoxic CD8 T cells,True,True,0.9981264472007751,0.007583762702777629,False,0.0007284443709068,7.050504791550338e-05,5.390576188801788e-05,8.010806777747348e-05,0.9981264472007751,5.306208549882285e-05,0.0004361578612588346,0.0003813801158685237,7.004455983405933e-05
ACTGCCACTCCGTC-1,5,NK cells,NK cells,True,True,0.9979508519172668,0.008278783620486365,False,0.0004404731444083154,9.530143870506436e-05,9.716551721794531e-05,0.00017421989468857646,0.000870135088916868,6.821781425969675e-05,0.00017862443928606808,0.9979508519172668,0.0001250511413672939
ACTGGCCTTCAGTG-1,5,NK cells,NK cells,True,True,0.9893298745155334,0.032140362846205174,False,0.0006840673158876598,0.0004180888063274324,0.00023943664564285427,0.00041702218004502356,0.007801942061632872,0.00018366720178164542,0.0005760391359217465,0.9893298745155334,0.0003499095910228789
ACTGTGGACGTGTA-1,0,Cytotoxic CD8 T cells,Cytotoxic CD8 T cells,True,True,0.6905842423439026,0.2876646536417662,False,0.0003243162063881755,0.30769893527030945,8.756884926697239e-05,0.00011260157771175727,0.6905842423439026,7.51531042624265e-05,0.0006577842868864536,0.0003729518793988973,8.645425259601325e-05
ACTGTGGATCTAGG-1,1,B cells,B cells,True,True,0.998946487903595,0.004411260252212279,False,0.00042908929754048586,0.998946487903595,2.343631786061451e-05,4.1767485527088866e-05,3.576462040655315e-05,2.3118873286875896e-05,0.00043924496276304126,2.1217540052020922e-05,3.995078441221267e-05
ACTGTTACCCACAA-1,3,Classical monocytes,Classical monocytes,True,True,0.9991068243980408,0.004020335088950387,False,0.0002336345351068303,4.745152546092868e-05,0.00019261223496869206,0.9991068243980408,6.124962237663567e-05,0.00017505361756775528,0.00010138594370801002,4.0871691453503445e-05,4.088888090336695e-05
ACTGTTACTGCAGT-1,7,Naive/resting T cells,Activated/transitional T cells,True,False,0.9942924976348877,0.020751939035922044,False,0.9942924976348877,0.0006696286145597696,0.00020584363664966077,0.0007027063984423876,0.000631937466096133,0.0002679877798072994,0.0008298014872707427,0.00031873476109467447,0.0020809127017855644
ACTTAAGAACCACA-1,7,Naive/resting T cells,Activated/transitional T cells,True,False,0.9946175217628479,0.01916844338258684,False,0.9946175217628479,0.0003162437351420522,0.00016571178275626153,0.00037685714778490365,0.00046241370728239417,0.00021293385361786932,0.002598242135718465,0.0002408364525763318,0.0010092643788084388
ACTTAAGATTACTC-1,3,Classical monocytes,Classical monocytes,True,True,0.9971150159835815,0.011530884657129035,False,0.0007935221656225622,0.0005407613352872431,0.0002827035787049681,0.9971150159835815,0.00024695004685781896,0.0001494077150709927,0.0004216429078951478,0.00017352667055092752,0.00027651581331156194
ACTTAGCTGCGTAT-1,4,CD16+ non-classical monocytes,CD16+ non-classical monocytes,True,True,0.995104193687439,0.01743256567958338,False,0.0005336254253052175,0.0007654262590222061,0.995104193687439,0.0025924774818122387,0.00020797109755221754,9.581849735695869e-05,0.0003482853644527495,0.00017927202861756086,0.0001729329815134406
ACTTAGCTGGGAGT-1,2,IL7R+ memory/helper T cells,IL7R+ memory/helper T cells,True,True,0.7242577075958252,0.31728345843901246,False,0.2558062672615051,0.005292999558150768,0.0010687422472983599,0.002805838594213128,0.003221323015168309,0.003314603352919221,0.7242577075958252,0.0013659856049343944,0.0028665277641266584
ACTTCAACAAGCAA-1,2,IL7R+ memory/helper T cells,Cytotoxic CD8 T cells,True,False,0.9958754181861877,0.015220940979422417,False,0.0005909339524805546,0.00015178363537415862,0.0002097594551742077,0.00017816883337218314,0.9958754181861877,0.00029009123682044446,0.002023284090682864,0.0001964192488230765,0.0004841689660679549
ACTTCAACGTAGGG-1,5,NK cells,NK cells,True,True,0.9940381050109863,0.02097217091315929,False,0.0025106340181082487,0.0002574303944129497,0.0002006246941164136,0.00026606046594679356,0.0016310634091496468,0.0002927212626673281,0.0005473534693010151,0.9940381050109863,0.00025601868401281536
ACTTCCCTTTCCGC-1,7,Naive/resting T cells,Activated/transitional T cells,True,False,0.9987481832504272,0.005478462932898041,False,0.9987481832504272,0.0001292880333494395,8.08794648037292e-05,0.0002203659969381988,0.00015857555263210088,8.295324369100854e-05,0.0003694531333167106,9.212215809384361e-05,0.00011811652802862227
ACTTCTGACATGCA-1,1,B cells,B cells,True,True,0.9987016916275024,0.005420561942506582,False,0.0007043748046271503,0.9987016916275024,5.4154181270860136e-05,7.816265133442357e-05,0.00018783516134135425,5.7027515140362084e-05,9.288109868066385e-05,5.116985994391143e-05,7.26435100659728e-05
ACTTGACTCCACAA-1,1,B cells,B cells,True,True,0.9991738200187683,0.00362406173742218,False,0.00019010071991942823,0.9991738200187683,2.6431998776388355e-05,4.329623334342614e-05,0.00039898647810332477,3.3573047403478995e-05,7.38115850253962e-05,2.4857410608092323e-05,3.512644980219193e-05
ACTTGGGAGAAAGT-1,3,Classical monocytes,Classical monocytes,True,True,0.9995294809341431,0.0022644429988095977,False,8.696252189110965e-05,4.705188257503323e-05,0.00012053026875946671,0.9995294809341431,3.21723309752997e-05,2.083705476252362e-05,9.531155956210569e-05,2.7997532015433535e-05,3.9684473449597135e-05
ACTTGGGAGGTTTG-1,2,IL7R+ memory/helper T cells,IL7R+ memory/helper T cells,True,True,0.6914020776748657,0.4398404591293116,False,0.10371405631303787,0.006666860543191433,0.0036008188035339117,0.008266519755125046,0.17100831866264343,0.004969677422195673,0.6914020776748657,0.00528027443215251,0.005091422703117132
ACTTGGGATGTGAC-1,4,CD16+ non-classical monocytes,CD16+ non-classical monocytes,True,True,0.9437206387519836,0.1401746311375735,False,0.012917614541947842,0.01361880637705326,0.9437206387519836,0.019556161016225815,0.0017326195957139134,0.0009121816838160157,0.004255884792655706,0.001527337939478457,0.00175876182038337
ACTTGGGATTGACG-1,3,Classical monocytes,Classical monocytes,True,True,0.9972127079963684,0.010314380274920047,False,0.0001437389146303758,0.00020214953110553324,0.001855954760685563,0.9972127079963684,0.00014480990648735315,6.127708911662921e-05,0.00023232368403114378,6.112942355684936e-05,8.586751209804788e-05
ACTTGTACCTGTCC-1,7,Naive/resting T cells,Activated/transitional T cells,True,False,0.9985634684562683,0.006117807115615599,False,0.9985634684562683,0.0001232887152582407,6.841115100542083e-05,0.00014955911319702864,0.00020272722758818418,9.189288539346308e-05,0.00014331709826365113,8.910641918191686e-05,0.0005681989132426679
ACTTTGTGGAAAGT-1,7,Naive/resting T cells,Activated/transitional T cells,True,False,0.9931774139404297,0.024425008879138253,False,0.9931774139404297,0.00063274399144575,0.0003156624152325094,0.000999949872493744,0.0007754808175377548,0.00040965460357256234,0.002233323873952031,0.00040820366120897233,0.001047600177116692
ACTTTGTGGATAGA-1,3,Classical monocytes,Classical monocytes,True,True,0.9748079180717468,0.05989745188379857,False,0.0006795601802878082,0.0005457821534946561,0.022380748763680458,0.9748079180717468,0.0003044719051104039,0.00022131313744466752,0.0005920514813624322,0.00022916890156921,0.00023902971588540822
AGAAACGAAAGTAG-1,1,B cells,B cells,True,True,0.9962950348854065,0.012831178969365966,False,0.0027188477106392384,0.9962950348854065,3.973591446992941e-05,0.0001154033889179118,0.00020707122166641057,6.493905675597489e-05,0.0004066587134730071,4.0230581362266093e-05,0.00011206025374121964
AGAAAGTGCGCAAT-1,7,Naive/resting T cells,Activated/transitional T cells,True,False,0.7516457438468933,0.2827888654620237,False,0.7516457438468933,0.0009171571000479162,0.0005065901787020266,0.0011418749345466495,0.0052882409654557705,0.0006175420130603015,0.23768439888954163,0.0010366104543209076,0.001161806401796639
AGAAAGTGGGGATG-1,3,Classical monocytes,Classical monocytes,True,True,0.9994124174118042,0.0027221399230955984,False,0.0002445007849019021,3.610781277529895e-05,0.00010152514005312696,0.9994124174118042,4.029350748169236e-05,2.940988815680612e-05,7.602032565046102e-05,3.1991181458579376e-05,2.7709358619176783e-05
AGAACAGAAATGCC-1,5,NK cells,NK cells,True,True,0.995561957359314,0.01623771261011956,False,0.0006563224596902728,0.00018514048133511096,0.00021134212147444487,0.00027699474594555795,0.0021594322752207518,0.00012914995022583753,0.0004824214265681803,0.995561957359314,0.0003372322826180607
AGAACAGACGACTA-1,1,B cells,B cells,True,True,0.9982736110687256,0.007144148864265416,False,0.0007233100477606058,0.9982736110687256,5.374266402213834e-05,0.0002786929835565388,0.00023530311591457576,8.005968265933916e-05,0.00012853278894908726,0.00011020266538253054,0.00011649437510641292
AGAACAGAGACAAA-1,2,IL7R+ memory/helper T cells,IL7R+ memory/helper T cells,True,True,0.9848798513412476,0.0439991314195146,False,0.005826022941619158,0.0007386789075098932,0.00015523706679232419,0.00032224235474132,0.007266579195857048,0.00018331808678340167,0.9848798513412476,0.00025112254661507905,0.0003769350005313754
AGAACGCTTTGCTT-1,7,Naive/resting T cells,Naive/resting T cells,True,True,0.7788431644439697,0.27313591758679784,False,0.20745594799518585,0.0011469556484371424,0.0006000520079396665,0.001398630440235138,0.0014928593300282955,0.0008047192241065204,0.007419185247272253,0.0008385099354200065,0.7788431644439697
AGAAGATGTGACTG-1,2,IL7R+ memory/helper T cells,IL7R+ memory/helper T cells,True,True,0.985268771648407,0.04362221917373926,False,0.009502606466412544,0.0006332938210107386,0.00034394010435789824,0.0007653164793737233,0.0016791806556284428,0.00041977415094152093,0.985268771648407,0.0007232021889649332,0.0006639483035542071
AGAATGGAAGAAGT-1,0,Cytotoxic CD8 T cells,Cytotoxic CD8 T cells,True,True,0.9911776185035706,0.027524545963948432,False,0.0062559484504163265,0.0002494758809916675,0.00023447626153938472,0.0003250485460739583,0.9911776185035706,0.0001507961715105921,0.0008300013723783195,0.00042776725604198873,0.00034880914608947933
AGAATTTGTAACCG-1,2,IL7R+ memory/helper T cells,IL7R+ memory/helper T cells,True,True,0.5834636092185974,0.37798423323776265,False,0.3893856108188629,0.005618426017463207,0.0021070062648504972,0.004357432946562767,0.005296303890645504,0.0023648322094231844,0.5834636092185974,0.002484538359567523,0.004922260530292988
AGAATTTGTAGAGA-1,7,Naive/resting T cells,Naive/resting T cells,True,True,0.5468553304672241,0.34829464902268187,False,0.44068965315818787,0.001021783915348351,0.0005284507642500103,0.0016377754509449005,0.006014788988977671,0.0007137018837966025,0.0018526827916502953,0.0006857970147393644,0.5468553304672241
AGACACACTGTAGC-1,7,Naive/resting T cells,Activated/transitional T cells,True,False,0.9868676662445068,0.03965609608415869,False,0.9868676662445068,0.0006179120973683894,0.00038128424785099924,0.0007878494798205793,0.0010379668092355132,0.00042493612272664905,0.008540790528059006,0.0005493185017257929,0.0007922601653262973
AGACACTGTCAAGC-1,3,Classical monocytes,Classical monocytes,True,True,0.9996078610420227,0.0019306335034217908,False,8.175773837137967e-05,5.567986227106303e-05,6.218477938091382e-05,0.9996078610420227,3.937734436476603e-05,2.134979877155274e-05,7.779474981362e-05,2.508769102860242e-05,2.889233837777283e-05
AGACCTGAAGTAGA-1,3,Classical monocytes,Classical monocytes,True,True,0.9992234706878662,0.003528686097717174,False,0.0001783650805009529,5.797993435407989e-05,0.00026236349367536604,0.9992234706878662,7.717335392953828e-05,3.910157101927325e-05,7.572328468086198e-05,4.922659354633652e-05,3.661955634015612e-05
AGACCTGACCAACA-1,2,IL7R+ memory/helper T cells,IL7R+ memory/helper T cells,True,True,0.8481305241584778,0.22470061910090108,False,0.13896755874156952,0.0037590130232274532,0.0008840803056955338,0.0019285528687760234,0.0023442725650966167,0.0010796773713082075,0.8481305241584778,0.0011505360016599298,0.0017558159306645393
AGACCTGAGGAAGC-1,0,Cytotoxic CD8 T cells,Cytotoxic CD8 T cells,True,True,0.9959296584129333,0.014605179072075427,False,0.0020789592526853085,0.00011802280641859397,5.363411764847115e-05,0.00011261449253652245,0.9959296584129333,6.501957250293344e-05,0.0010494723683223128,0.0004365817876532674,0.000155992602230981
AGACGTACAGAGGC-1,2,IL7R+ memory/helper T cells,IL7R+ memory/helper T cells,True,True,0.909458339214325,0.17482875893697558,False,0.07052086293697357,0.00893548782914877,0.0010620508110150695,0.0019271482015028596,0.0033476122189313173,0.0011415492044761777,0.909458339214325,0.0011219729203730822,0.0024849409237504005
AGACGTACCCCTAC-1,1,B cells,B cells,True,True,0.9985068440437317,0.006052493333742123,False,0.0009083703625947237,0.9985068440437317,4.051980431540869e-05,7.957086199894547e-05,0.00012578351015690714,6.157795723993331e-05,0.00012321249232627451,4.720527067547664e-05,0.00010693000513128936
AGACGTACCTCTTA-1,3,Classical monocytes,Classical monocytes,True,True,0.9994180202484131,0.002737385294326225,False,0.00017948838649317622,0.00011485011054901406,7.874765287851915e-05,0.9994180202484131,5.291104025673121e-05,2.7385329303797334e-05,5.2296207286417484e-05,2.846955794666428e-05,4.789774902747013e-05
AGACGTACTCGTGA-1,4,CD16+ non-classical monocytes,CD16+ non-classical monocytes,True,True,0.9968819618225098,0.012185293440259329,False,0.0008411459857597947,0.0001930271537275985,0.9968819618225098,0.0009285475825890899,0.0003136386803817004,0.00011819233623100445,0.00037299151881597936,0.0002034841600107029,0.00014706258662045002
AGACTGACCATCAG-1,0,Cytotoxic CD8 T cells,Cytotoxic CD8 T cells,True,True,0.9855383634567261,0.037867929216371575,False,0.012933491729199886,0.00012808687461074442,0.00011327001266181469,0.00017849144933279604,0.9855383634567261,9.016327385324985e-05,0.0005106353783048689,0.00031702956766821444,0.000190477236174047
AGACTGACCCTTTA-1,7,Naive/resting T cells,Activated/transitional T cells,True,False,0.8864564895629883,0.22992630075919432,False,0.8864564895629883,0.0029169516637921333,0.0020853434689342976,0.003460017265751958,0.030364535748958588,0.0020566717721521854,0.060340866446495056,0.0026696021668612957,0.009649548679590225
AGACTTCTCATGCA-1,1,B cells,B cells,True,True,0.9953540563583374,0.016617330665747946,False,0.0024445143062621355,0.9953540563583374,0.00011429498408688232,0.00039732985896989703,0.00031302240677177906,0.0001594033237779513,0.00020340066112112254,0.0001299050636589527,0.0008840631926432252
AGAGATGACAGTCA-1,1,B cells,B cells,True,True,0.9977812170982361,0.008735529687856644,False,0.0009694137261249125,0.9977812170982361,5.9460402553668246e-05,0.00014082486450206488,0.00016785443585831672,6.987337837927043e-05,0.00010945926624117419,5.8149791584583e-05,0.0006437783013097942
AGAGATGACTGAAC-1,7,Naive/resting T cells,Activated/transitional T cells,True,False,0.9968163371086121,0.012305449822372845,False,0.9968163371086121,0.00044520493247546256,0.00010067597031593323,0.00019915049779228866,0.0009676347835920751,0.00010541457595536485,0.0009392829379066825,0.00013064620725344867,0.0002957228571176529
AGAGATGAGGTTTG-1,3,Classical monocytes,Classical monocytes,True,True,0.9993482232093811,0.0030200161314085723,False,9.052843233803287e-05,0.00021663586085196584,0.00012009825877612457,0.9993482232093811,4.957323835697025e-05,3.4585526009323075e-05,8.000626985449344e-05,3.309468229417689e-05,2.7262980438536033e-05
AGAGATGATCTCGC-1,1,B cells,B cells,True,True,0.9990841150283813,0.003995256225169575,False,0.00042994337854906917,0.9990841150283813,3.588311665225774e-05,4.620530307875015e-05,6.0066213336540386e-05,3.290183303761296e-05,0.00019862924818880856,2.9212245863163844e-05,8.301447087433189e-05
AGAGATGATTGTGG-1,2,IL7R+ memory/helper T cells,Activated/transitional T cells,True,False,0.8699712157249451,0.23212113993245734,False,0.8699712157249451,0.0028915940783917904,0.0015225422102957964,0.004959248937666416,0.010651890188455582,0.0018899831920862198,0.09941387921571732,0.002041425323113799,0.006658180616796017
AGAGCGGAGGCAAG-1,3,Classical monocytes,Classical monocytes,True,True,0.9986141920089722,0.005831833387111484,False,9.279001096729189e-05,0.00018073359387926757,0.0005807882989756763,0.9986141920089722,7.452076533809304e-05,5.7542911235941574e-05,0.0003035609843209386,4.688049011747353e-05,4.897782127954997e-05
AGAGTCTGGTCGTA-1,4,CD16+ non-classical monocytes,CD16+ non-classical monocytes,True,True,0.9974212646484375,0.009579238952597843,False,0.00014858072972856462,0.00010965963156195357,0.9974212646484375,0.0017508333548903465,9.346468141302466e-05,5.3804778872290626e-05,0.0002754924353212118,8.934824290918186e-05,5.7548211771063507e-05
AGAGTGCTCAGCTA-1,2,IL7R+ memory/helper T cells,IL7R+ memory/helper T cells,True,True,0.495003342628479,0.591786041587603,True,0.306867778301239,0.008827220648527145,0.004789663013070822,0.013495069928467274,0.08502242714166641,0.005968095734715462,0.495003342628479,0.0062857214361429214,0.07374066114425659
AGAGTGCTCGAATC-1,7,Naive/resting T cells,Activated/transitional T cells,True,False,0.9828316569328308,0.048918750855276416,False,0.9828316569328308,0.0010961993830278516,0.00039636698784306645,0.0008069465984590352,0.0012591544073075056,0.0004667143221013248,0.011790616437792778,0.0004577774088829756,0.0008945050649344921
AGAGTGCTGTCATG-1,2,IL7R+ memory/helper T cells,IL7R+ memory/helper T cells,True,True,0.6739366054534912,0.32805532169489093,False,0.3107324540615082,0.001787635963410139,0.0010070414282381535,0.0024216431193053722,0.005171251483261585,0.0012516087153926492,0.6739366054534912,0.001774227013811469,0.0019175471970811486
AGAGTGCTGTCCTC-1,0,Cytotoxic CD8 T cells,Cytotoxic CD8 T cells,True,True,0.9865056872367859,0.03988512748831987,False,0.004442921839654446,0.0002063581778202206,0.00010215986549155787,0.00023350506671704352,0.9865056872367859,0.00014429303701035678,0.007093380205333233,0.0009926402708515525,0.00027905244496650994
AGAGTGCTGTGTTG-1,1,B cells,B cells,True,True,0.9993415474891663,0.002964100182000311,False,0.0003474102704785764,0.9993415474891663,2.8848247893620282e-05,6.272096652537584e-05,4.91002356284298e-05,3.3261749194934964e-05,8.340172644238919e-05,2.6024516046163626e-05,2.771067011053674e-05
AGATATACCCGTAA-1,5,NK cells,NK cells,True,True,0.8696351051330566,0.1915968334781924,False,0.001168360118754208,0.00040276299114339054,0.0003960352041758597,0.0006517077563330531,0.12445306032896042,0.00029081065440550447,0.0024425573647022247,0.8696351051330566,0.0005596147384494543
AGATATACGATGAA-1,2,IL7R+ memory/helper T cells,Activated/transitional T cells,True,False,0.3964725434780121,0.5510693163598851,True,0.3964725434780121,0.004030708689242601,0.002065999200567603,0.004509809892624617,0.012148811481893063,0.0029554234351962805,0.21157917380332947,0.002996287075802684,0.3632412850856781
AGATATACTGTTCT-1,1,B cells,B cells,True,True,0.9993064403533936,0.003108509905085813,False,0.0002712099230848253,0.9993064403533936,1.9061075363424607e-05,3.6696783354273066e-05,3.8849746488267556e-05,2.1271509467624128e-05,0.00022191012976691127,1.8207434550276957e-05,6.636056787101552e-05
AGATATTGCCTACC-1,0,Cytotoxic CD8 T cells,Cytotoxic CD8 T cells,True,True,0.9948941469192505,0.017975896409061696,False,0.0026637609116733074,0.00013280866551212966,8.033357880776748e-05,0.0002143162564607337,0.9948941469192505,0.00017956661758944392,0.0007952080923132598,0.0008506919257342815,0.00018918936257250607
AGATATTGGCCAAT-1,3,Classical monocytes,Classical monocytes,True,True,0.9990862607955933,0.004074833585194124,False,0.00010074878082377836,0.00015399142284877598,0.00032585125882178545,0.9990862607955933,5.1811595767503604e-05,3.925210330635309e-05,0.00015350463218055665,3.789565380429849e-05,5.0695191021077335e-05
AGATCGTGTCTGGA-1,3,Classical monocytes,Classical monocytes,True,True,0.9974417686462402,0.009970991900432994,False,0.0003145374939776957,0.00048292570863850415,0.0011912282789126039,0.9974417686462402,9.103930642595515e-05,7.68976824474521e-05,0.00022839919256512076,7.44118369766511e-05,9.883080929284915e-05
AGATCGTGTTTGTC-1,1,B cells,B cells,True,True,0.9962576627731323,0.01321382411850534,False,0.0026295005809515715,0.9962576627731323,0.0001054444583132863,0.00022973054728936404,0.0001580442622071132,0.00011603117309277877,0.00018844750593416393,9.675361070549116e-05,0.00021839828696101904
AGATCTCTATCACG-1,1,B cells,B cells,True,True,0.9989180564880371,0.004424353268160812,False,0.0007589340093545616,0.9989180564880371,2.261608824483119e-05,4.50209372502286e-05,4.000039189122617e-05,2.8904138162033632e-05,0.00010021850903285667,3.475728226476349e-05,5.152292214916088e-05
AGATTAACGTTCTT-1,4,CD16+ non-classical monocytes,CD16+ non-classical monocytes,True,True,0.9941388368606567,0.01915970995828109,False,0.00023226604389492422,0.0002734599984250963,0.9941388368606567,0.004260881803929806,0.00012317112123128027,9.092260734178126e-05,0.0006524171330966055,0.0001222947903443128,0.0001057502522598952
AGATTCCTATCGTG-1,2,IL7R+ memory/helper T cells,Activated/transitional T cells,True,False,0.9345712661743164,0.13875768460166532,False,0.9345712661743164,0.0017275649588555098,0.0018105044728145003,0.002097098622471094,0.0024728060234338045,0.0012760484823957086,0.05026674270629883,0.0011227658251300454,0.004655182361602783
AGATTCCTCACTTT-1,3,Classical monocytes,Classical monocytes,True,True,0.9994598031044006,0.0025210841507678013,False,0.00021693935559596866,4.572247780743055e-05,0.00011545651068445295,0.9994598031044006,5.1775830797851086e-05,2.2673026251140982e-05,3.928933074348606e-05,2.7392065021558665e-05,2.0959825633326545e-05
AGATTCCTGACGAG-1,3,Classical monocytes,Classical monocytes,True,True,0.9994651675224304,0.0024823521604487387,False,8.551291102776304e-05,3.313266279292293e-05,0.0002480025577824563,0.9994651675224304,3.749295137822628e-05,2.2158277715789154e-05,6.0848651628475636e-05,2.7032936486648396e-05,2.070648224616889e-05
AGATTCCTGTTCAG-1,5,NK cells,NK cells,True,True,0.9982933402061462,0.007175248225186439,False,0.0003799527767114341,9.165790834231302e-05,9.833045623963699e-05,0.00011088905012002215,0.00040862467722035944,8.753217844059691e-05,0.00039780070073902607,0.9982933402061462,0.00013184912677388638
AGCAAAGATATGCG-1,2,IL7R+ memory/helper T cells,Activated/transitional T cells,True,False,0.9740855097770691,0.07486742681310844,False,0.9740855097770691,0.0012204527156427503,0.0010003388160839677,0.0015629916451871395,0.0024812056217342615,0.0008331392891705036,0.010713121853768826,0.005145207047462463,0.002958056516945362
AGCACAACAGTCTG-1,6,Activated/transitional T cells,Activated/transitional T cells,True,True,0.6169850826263428,0.416287375975689,False,0.6169850826263428,0.001976981293410063,0.001137135666795075,0.0023648464120924473,0.3127022981643677,0.0013086453545838594,0.05151458829641342,0.0013921513454988599,0.010618289932608604
AGCACTGAGGGAGT-1,7,Naive/resting T cells,Activated/transitional T cells,True,False,0.5590465664863586,0.4703857419635045,False,0.5590465664863586,0.0021238599438220263,0.0007076593465171754,0.0011348662665113807,0.0015601502964273095,0.0006506639183498919,0.20490728318691254,0.0007259867852553725,0.2291429489850998
AGCACTGATATGCG-1,2,IL7R+ memory/helper T cells,Activated/transitional T cells,True,False,0.4525907337665558,0.5162567901438018,True,0.4525907337665558,0.0034046750515699387,0.0018533365800976753,0.005591180175542831,0.16607233881950378,0.0023578808177262545,0.36203187704086304,0.0026584139559417963,0.0034395281691104174
AGCACTGATGCTTT-1,3,Classical monocytes,Classical monocytes,True,True,0.9936107993125916,0.022811838320666106,False,0.000543943839147687,0.0013261068379506469,0.0008387993439100683,0.9936107993125916,0.00039910332998260856,0.0003280174278188497,0.002311835065484047,0.000266432500211522,0.00037489895476028323
AGCACTGATTGCGA-1,7,Naive/resting T cells,Activated/transitional T cells,True,False,0.9866917729377747,0.03946503486983495,False,0.9866917729377747,0.0004455142770893872,0.00028392107924446464,0.0005355218891054392,0.0009940278250724077,0.0003101103939116001,0.008974091149866581,0.00032199331326410174,0.00144299422390759
AGCATCGAAGATCC-1,2,IL7R+ memory/helper T cells,IL7R+ memory/helper T cells,True,True,0.9690635204315186,0.07491910525964346,False,0.024688690900802612,0.0007622996927239001,0.00048611348029226065,0.0009842249564826488,0.0022957841865718365,0.0005721243214793503,0.9690635204315186,0.0005345282843336463,0.0006127686938270926
AGCATCGAAGGGTG-1,1,B cells,B cells,True,True,0.9957841038703918,0.014790783876000111,False,0.0027816160582005978,0.9957841038703918,7.7797521953471e-05,0.00029012386221438646,0.00015204686496872455,9.829071495914832e-05,0.000395835901144892,8.52230004966259e-05,0.0003349377366248518
AGCATCGAGCTTCC-1,3,Classical monocytes,Classical monocytes,True,True,0.9996527433395386,0.0017281882565007717,False,8.354600868187845e-05,4.155980423092842e-05,7.247688336065039e-05,0.9996527433395386,3.667737473733723e-05,2.185524135711603e-05,3.970878606196493e-05,2.7556776331039146e-05,2.3918715669424273e-05
AGCATCGAGTGAGG-1,2,IL7R+ memory/helper T cells,IL7R+ memory/helper T cells,True,True,0.7833746671676636,0.2918165465045635,False,0.19231463968753815,0.0029826827812939882,0.0013815185520797968,0.0050087179988622665,0.008345368318259716,0.0016414006240665913,0.7833746671676636,0.0016613643383607268,0.003289629938080907
AGCATCGATAACCG-1,3,Classical monocytes,Classical monocytes,True,True,0.9994756579399109,0.002494166098821532,False,0.00010666212619980797,3.925968849216588e-05,0.0001220888807438314,0.9994756579399109,4.3291347537888214e-05,2.9852360967197455e-05,0.00012149118992965668,3.4197022614534944e-05,2.7534189939615317e-05
AGCATGACGATGAA-1,0,Cytotoxic CD8 T cells,Cytotoxic CD8 T cells,True,True,0.9973005652427673,0.01044170572106483,False,0.0003376089734956622,0.0011610479559749365,3.284848571638577e-05,7.260117854457349e-05,0.9973005652427673,4.2396139178890735e-05,0.00027006425079889596,0.0001819369790609926,0.0006010059150867164
AGCCAATGGGGAGT-1,4,CD16+ non-classical monocytes,CD16+ non-classical monocytes,True,True,0.868804931640625,0.23307778742389265,False,0.00800089817494154,0.005628271959722042,0.868804931640625,0.10107557475566864,0.0026503142435103655,0.0014815028989687562,0.0081110130995512,0.0025021126493811607,0.0017453773180022836
AGCCAATGTATCTC-1,7,Naive/resting T cells,Activated/transitional T cells,True,False,0.9133464694023132,0.1443435202659793,False,0.9133464694023132,0.00045068570761941373,0.00029466344858519733,0.0005581212462857366,0.0006833186489529908,0.00031175033655017614,0.08288592100143433,0.00037125215749256313,0.0010978186037391424
AGCCACCTGGATCT-1,0,Cytotoxic CD8 T cells,Cytotoxic CD8 T cells,True,True,0.9945946335792542,0.017324018295960676,False,0.004380794707685709,8.724804501980543e-05,5.418951332103461e-05,0.00010615550854709,0.9945946335792542,6.957494042580947e-05,0.00029242518940009177,0.00019884730863850564,0.0002161845623049885
AGCCGGTGCCAATG-1,2,IL7R+ memory/helper T cells,IL7R+ memory/helper T cells,True,True,0.9945850968360901,0.018341337366612347,False,0.0033568141516298056,0.00027100881561636925,8.589899516664445e-05,0.0001958972425200045,0.001108305063098669,0.0001086834745365195,0.9945850968360901,0.00010694137017708272,0.00018137050210498273
AGCCGGTGTGTTTC-1,7,Naive/resting T cells,Activated/transitional T cells,True,False,0.631945013999939,0.5339949218976697,False,0.631945013999939,0.015485274605453014,0.0047725532203912735,0.03280910104513168,0.013764225877821445,0.006233698222786188,0.1449454426765442,0.0062288581393659115,0.143815815448761
AGCCGTCTCAATCG-1,7,Naive/resting T cells,Activated/transitional T cells,True,False,0.994432270526886,0.019389953749981783,False,0.994432270526886,0.00025576946791261435,0.0001389987301081419,0.00039519526762887836,0.00045016370131634176,0.00017221520829480141,0.0031638105865567923,0.0002639939484652132,0.0007276232936419547
AGCCGTCTGAGAGC-1,2,IL7R+ memory/helper T cells,Activated/transitional T cells,True,False,0.5498170852661133,0.39605320074681705,False,0.5498170852661133,0.0019412444671615958,0.0009022022131830454,0.0024835418444126844,0.03356892988085747,0.0010835530702024698,0.4069501757621765,0.0012060509761795402,0.0020471964962780476
AGCCTCACGTTCGA-1,7,Naive/resting T cells,Activated/transitional T cells,True,False,0.9895870685577393,0.034786419187259304,False,0.9895870685577393,0.0006159490440040827,0.0002924762957263738,0.0013789625372737646,0.0021736726630479097,0.0003954942221753299,0.00341716967523098,0.00043260352686047554,0.0017065460560843349
AGCCTCACTGTCAG-1,4,CD16+ non-classical monocytes,CD16+ non-classical monocytes,True,True,0.839566707611084,0.2246646443603762,False,0.0009006457403302193,0.001990189077332616,0.839566707611084,0.15082383155822754,0.0014035451458767056,0.0004987173015251756,0.003161999862641096,0.0011506956070661545,0.0005036789807491004
AGCCTCTGCAGTTG-1,1,B cells,B cells,True,True,0.9973536729812622,0.009923155637124759,False,0.0016998796490952373,0.9973536729812622,5.501368286786601e-05,0.00016178305668290704,0.00011341564095346257,0.00022739778796676546,9.196010796586052e-05,7.197218656074256e-05,0.00022490009723696858
AGCCTCTGCCAATG-1,5,NK cells,NK cells,True,True,0.9885826110839844,0.034175122859694276,False,0.007324705366045237,0.00016802840400487185,0.00017327624664176255,0.0003389340708963573,0.0025565610267221928,0.00012007589975837618,0.0005599051364697516,0.9885826110839844,0.00017589471826795489
AGCGAACTGGATCT-1,7,Naive/resting T cells,Activated/transitional T cells,True,False,0.9976154565811157,0.009583705932420236,False,0.9976154565811157,0.00019546074327081442,0.0001032486034091562,0.00027452391805127263,0.00030899333069100976,0.00011760477354982868,0.0003267715510446578,0.00012039369175909087,0.000937577395234257
AGCGAACTTACTGG-1,2,IL7R+ memory/helper T cells,IL7R+ memory/helper T cells,True,True,0.47946470975875854,0.4136839291861378,True,0.4679475426673889,0.0036873980425298214,0.0007611908949911594,0.0017483539413660765,0.04106608033180237,0.001066354801878333,0.47946470975875854,0.0009610450360924006,0.0032973589841276407
AGCGATACGGAGCA-1,7,Naive/resting T cells,Activated/transitional T cells,True,False,0.9987622499465942,0.005457309143632504,False,0.9987622499465942,0.0001336437853751704,7.083972741384059e-05,0.0002291722921654582,0.00019046109810005873,9.416897228220478e-05,0.0002532152575440705,9.06913192011416e-05,0.00017562152061145753
AGCGATTGAGATCC-1,5,NK cells,NK cells,True,True,0.9982848763465881,0.007194842931353849,False,0.00024720843066461384,0.0002580388099886477,7.845339860068634e-05,0.000129674474010244,0.00047401137999258935,5.2928375225747004e-05,0.0003883860190398991,0.9982848763465881,8.635612175567076e-05
AGCGCCGAATCTCT-1,6,Activated/transitional T cells,Activated/transitional T cells,True,True,0.440390944480896,0.5428823475170343,True,0.440390944480896,0.009489397518336773,0.004010939039289951,0.006413094233721495,0.16987155377864838,0.0031613348983228207,0.35821160674095154,0.003061088966205716,0.005390091333538294
AGCGCCGACAGAGG-1,2,IL7R+ memory/helper T cells,IL7R+ memory/helper T cells,True,True,0.6665981411933899,0.3644463160161532,False,0.30159667134284973,0.003730420023202896,0.002441234653815627,0.0046150218695402145,0.008478542789816856,0.0027480043936520815,0.6665981411933899,0.0039260489866137505,0.005865893326699734
AGCGCTCTACCTTT-1,2,IL7R+ memory/helper T cells,Activated/transitional T cells,True,False,0.822451114654541,0.27406064246415357,False,0.822451114654541,0.0032475299667567015,0.00177856907248497,0.00550121022388339,0.006841080263257027,0.002216919092461467,0.14781178534030914,0.0029107048176229,0.007241103798151016
AGCGGCACCGGGAA-1,7,Naive/resting T cells,Activated/transitional T cells,True,False,0.9983286261558533,0.007085538184221741,False,0.9983286261558533,0.00014060051762498915,7.76180240791291e-05,0.00023971118207555264,0.00046708257286809385,9.662004595156759e-05,0.0003213130694348365,0.00014086559531278908,0.00018760604143608361
AGCGGCTGATGTGC-1,2,IL7R+ memory/helper T cells,Activated/transitional T cells,True,False,0.9739301204681396,0.05878318456275886,False,0.9739301204681396,0.00015462576993741095,9.692970343166962e-05,0.00018722732784226537,0.00025641926913522184,0.0001041130381054245,0.02456090971827507,0.00011562065628822893,0.0005940138944424689
AGCGGGCTTGCCAA-1,2,IL7R+ memory/helper T cells,IL7R+ memory/helper T cells,True,True,0.4723252058029175,0.4648031376153513,True,0.417709618806839,0.0020528004970401525,0.0010616765357553959,0.0025377015117555857,0.09771371632814407,0.0014881546376273036,0.4723252058029175,0.0017632098169997334,0.003347952151671052
AGCGTAACATGCTG-1,2,IL7R+ memory/helper T cells,IL7R+ memory/helper T cells,True,True,0.9568003416061401,0.1064411567432822,False,0.02754608541727066,0.0013175057247281075,0.0008554453961551189,0.00443757139146328,0.004359126091003418,0.0011417338391765952,0.9568003416061401,0.0019367759814485908,0.0016054477309808135
AGCGTAACTGAGAA-1,3,Classical monocytes,Classical monocytes,True,True,0.8027734160423279,0.2710408621702263,False,0.0034009639639407396,0.00528700789436698,0.17770609259605408,0.8027734160423279,0.0020391270518302917,0.0012765814317390323,0.00443261256441474,0.0015969796804711223,0.0014871852472424507
AGCTCGCTACTGGT-1,7,Naive/resting T cells,Activated/transitional T cells,True,False,0.9897595643997192,0.03296046670473189,False,0.9897595643997192,0.003415243234485388,0.0002341669169254601,0.0005234598647803068,0.0006880477885715663,0.00023871328448876739,0.004297146573662758,0.00027592291007749736,0.0005678007728420198
AGCTCGCTCTGCTC-1,7,Naive/resting T cells,Activated/transitional T cells,True,False,0.9682909846305847,0.08208192041304288,False,0.9682909846305847,0.0010356581769883633,0.0005568142514675856,0.0012516593560576439,0.0011221085442230105,0.0006973313284106553,0.018703443929553032,0.0007215366349555552,0.007620430085808039
AGCTGAACCATACG-1,4,CD16+ non-classical monocytes,CD16+ non-classical monocytes,True,True,0.995551347732544,0.016433151019416763,False,0.00038812821730971336,0.00038388307439163327,0.995551347732544,0.0020071601029485464,0.0003756633377633989,0.0005957895191386342,0.00039994894177652895,0.00018508236098568887,0.00011305607040412724
AGCTGAACCTCTCG-1,7,Naive/resting T cells,Activated/transitional T cells,True,False,0.9808130860328674,0.05145337203306764,False,0.9808130860328674,0.0003109318786300719,0.00028381659649312496,0.0005697898450307548,0.0017871252493932843,0.00024316714552696794,0.01457145158201456,0.0002791990409605205,0.0011413802858442068
AGCTGCCTTGGGAG-1,3,Classical monocytes,Classical monocytes,True,True,0.998384952545166,0.006712581233916859,False,0.0003123618953395635,6.34745811112225e-05,0.0001453206641599536,0.998384952545166,0.0006814710213802755,0.00018260318029206246,9.037625568453223e-05,7.501570507884026e-05,6.443917664000764e-05
AGCTGCCTTTCATC-1,2,IL7R+ memory/helper T cells,IL7R+ memory/helper T cells,True,True,0.8613696098327637,0.21660658950211878,False,0.12356019020080566,0.0017942042322829366,0.001027956954203546,0.001817156677134335,0.006197718903422356,0.0011071120388805866,0.8613696098327637,0.00116541120223701,0.0019606773275882006
AGCTGCCTTTCTGT-1,0,Cytotoxic CD8 T cells,Activated/transitional T cells,True,False,0.7481192946434021,0.44348052578144515,False,0.7481192946434021,0.027245566248893738,0.0067365774884819984,0.03680037707090378,0.02642148546874523,0.007830613292753696,0.11995406448841095,0.015394405461847782,0.011497589759528637
AGCTGTGATCCAAG-1,6,Activated/transitional T cells,Cytotoxic CD8 T cells,True,False,0.9609658122062683,0.09271513674820729,False,0.025533858686685562,0.0006048277718946338,0.0003554727591108531,0.000772796745877713,0.9609658122062683,0.00042683506035245955,0.010070983320474625,0.0005727951065637171,0.0006966372602619231
AGCTTTACAAGTAG-1,7,Naive/resting T cells,Activated/transitional T cells,True,False,0.9529166221618652,0.10977911260744432,False,0.9529166221618652,0.001326880301348865,0.0007166574941948056,0.0021523686591535807,0.003783300518989563,0.0009702290408313274,0.03385365381836891,0.000945922511164099,0.003334375564008951
AGCTTTACACCAAC-1,0,Cytotoxic CD8 T cells,Cytotoxic CD8 T cells,True,True,0.9904912114143372,0.028654164214647473,False,0.0070711239241063595,0.0001360029127681628,0.00012890553625766188,0.00016787087952252477,0.9904912114143372,9.767376468516886e-05,0.0007165097049437463,0.0009837091201916337,0.00020696950377896428
AGCTTTACTCTCAT-1,1,B cells,B cells,True,True,0.9990886449813843,0.0039046101482114854,False,0.0005080212722532451,0.9990886449813843,1.8693797755986452e-05,5.07280055899173e-05,3.1731822673464194e-05,2.4401339032920077e-05,0.00010559403744991869,2.033316923188977e-05,0.00015189801342785358
AGGAAATGAGGAGC-1,2,IL7R+ memory/helper T cells,IL7R+ memory/helper T cells,True,True,0.724611759185791,0.41204021767445215,False,0.1786898970603943,0.013569300062954426,0.005797128658741713,0.0065461997874081135,0.05428343638777733,0.0036139467265456915,0.724611759185791,0.004832122474908829,0.008056160993874073
AGGAACCTCTTAGG-1,4,CD16+ non-classical monocytes,CD16+ non-classical monocytes,True,True,0.9837453365325928,0.0465909868686589,False,0.000672506692353636,0.0030751570593565702,0.9837453365325928,0.01033429428935051,0.00032581345294602215,0.00026707325014285743,0.0010845124488696456,0.0003362140851095319,0.00015908785280771554
AGGAACCTTGCCTC-1,0,Cytotoxic CD8 T cells,Cytotoxic CD8 T cells,True,True,0.9970597624778748,0.010501578413593504,False,0.002158302813768387,0.00013004332140553743,4.0851326048141345e-05,6.318800296867266e-05,0.9970597624778748,3.2941494282567874e-05,0.00022755353711545467,0.0002504118310753256,3.695716441143304e-05
AGGAATGATAACGC-1,2,IL7R+ memory/helper T cells,IL7R+ memory/helper T cells,True,True,0.575761079788208,0.4820123669568984,False,0.09123462438583374,0.005244311410933733,0.0010753277456387877,0.0024341782554984093,0.296256422996521,0.0015426116297021508,0.575761079788208,0.0018782670376822352,0.024573136121034622
AGGAATGATTTGTC-1,2,IL7R+ memory/helper T cells,Activated/transitional T cells,True,False,0.6321172714233398,0.45095152107218506,False,0.6321172714233398,0.017620766535401344,0.004761377815157175,0.010895228944718838,0.02056347392499447,0.006325369700789452,0.2895601689815521,0.005935950204730034,0.012220372445881367
AGGAGTCTGGTTTG-1,7,Naive/resting T cells,Activated/transitional T cells,True,False,0.7782200574874878,0.30130400926417167,False,0.7782200574874878,0.011217968538403511,0.0012352517805993557,0.0027790754102170467,0.0065875849686563015,0.0015490660443902016,0.19306688010692596,0.0016315145185217261,0.0037126142997294664
AGGAGTCTTGTCAG-1,7,Naive/resting T cells,Activated/transitional T cells,True,False,0.9984990358352661,0.00642166436593035,False,0.9984990358352661,0.0001276707334909588,8.18817425169982e-05,0.00019644001440610737,0.0003233390743844211,7.894619920989498e-05,0.000419110176153481,8.525558951077983e-05,0.0001883236109279096
AGGATAGACATTTC-1,2,IL7R+ memory/helper T cells,IL7R+ memory/helper T cells,True,True,0.9685898423194885,0.06947719663454789,False,0.028881562873721123,0.000238764492678456,0.00014806051331106573,0.0002966355823446065,0.0010933849262073636,0.00017144881712738425,0.9685898423194885,0.00026872369926422834,0.00031155109172686934
AGGATAGAGGATTC-1,0,Cytotoxic CD8 T cells,Cytotoxic CD8 T cells,True,True,0.997437596321106,0.01017834805254223,False,0.0006408899207599461,9.459412103751674e-05,7.330212247325107e-05,0.00010761774319689721,0.997437596321106,7.126780110411346e-05,0.00038192427018657327,0.000660670455545187,0.0005320592317730188
AGGATGCTACTAGC-1,1,B cells,B cells,True,True,0.9989728927612305,0.004150461127495038,False,0.0007819050806574523,0.9989728927612305,2.0384008166729473e-05,5.045874786446802e-05,3.502405888866633e-05,2.8140260837972164e-05,5.669416714226827e-05,2.1132476831553504e-05,3.336207737447694e-05
AGGATGCTTTAGGC-1,5,NK cells,NK cells,True,True,0.9894564747810364,0.032473256613602695,False,0.0009254192118532956,0.0005777397891506553,0.0002136184339178726,0.0003786314628086984,0.00711967796087265,0.00020044967823196203,0.0007280360441654921,0.9894564747810364,0.0003999868349637836
AGGCAACTGAAGGC-1,2,IL7R+ memory/helper T cells,IL7R+ memory/helper T cells,True,True,0.8467602133750916,0.2414224648558415,False,0.12636533379554749,0.0017902199178934097,0.0008123456500470638,0.0017373968148604035,0.018625836819410324,0.0010907568503171206,0.8467602133750916,0.0011166686890646815,0.0017012311145663261
AGGCAGGAGTACCA-1,0,Cytotoxic CD8 T cells,Cytotoxic CD8 T cells,True,True,0.9875219464302063,0.03453868548084132,False,0.010182634927332401,0.00011316693417029455,6.173968722578138e-05,0.0001344373740721494,0.9875219464302063,7.624924910487607e-05,0.00149256968870759,0.0002653675910551101,0.00015184377843979746
AGGCCTCTAGTCGT-1,7,Naive/resting T cells,Activated/transitional T cells,True,False,0.9871938824653625,0.04121815689606032,False,0.9871938824653625,0.0009731064783409238,0.0004944201791658998,0.0015202745562419295,0.0010702451691031456,0.000635312928352505,0.005639325827360153,0.0006467652274295688,0.001826699823141098
AGGCCTCTCGGAGA-1,7,Naive/resting T cells,Activated/transitional T cells,True,False,0.9783145785331726,0.06193231948532324,False,0.9783145785331726,0.004709563683718443,0.0004751741362269968,0.0011127981124445796,0.001826899009756744,0.0005917194648645818,0.0113683445379138,0.0006334346835501492,0.0009675079490989447
AGGCCTCTCGTAAC-1,6,Activated/transitional T cells,Activated/transitional T cells,True,True,0.9928777813911438,0.024017837720696582,False,0.9928777813911438,0.0007851706468500197,0.0002951032656710595,0.0003777935926336795,0.000465814839117229,0.00025367902708239853,0.004122943617403507,0.0002924414584413171,0.0005292317946441472
AGGGACGACGTTGA-1,7,Naive/resting T cells,Activated/transitional T cells,True,False,0.9979935884475708,0.00815140541631459,False,0.9979935884475708,0.00012537380098365247,7.83767391112633e-05,0.00020459244842641056,0.0002466719306539744,9.271659655496478e-05,0.000876929028891027,9.433469676878303e-05,0.00028737919637933373
AGGGACGAGTCAAC-1,5,NK cells,NK cells,True,True,0.9882364869117737,0.03857252937206213,False,0.0030150304082781076,0.0003846213221549988,0.0004576093633659184,0.0005323146469891071,0.0036674828734248877,0.001591184758581221,0.0016161967068910599,0.9882364869117737,0.0004990067100152373
AGGGACGAGTTGTG-1,7,Naive/resting T cells,Activated/transitional T cells,True,False,0.9991193413734436,0.003978560891751034,False,0.9991193413734436,8.082430576905608e-05,5.035336289438419e-05,9.878455603029579e-05,0.00012703520769719034,5.828566645504907e-05,0.0002983760496135801,5.841538222739473e-05,0.00010858987661777064
AGGGACGATAGAGA-1,0,Cytotoxic CD8 T cells,Cytotoxic CD8 T cells,True,True,0.9871952533721924,0.03937391965391749,False,0.0063962992280721664,0.000326738809235394,0.00021539264707826078,0.0004219645634293556,0.9871952533721924,0.00022623514814767987,0.0034576943144202232,0.0012049850774928927,0.0005554117378778756
AGGGACGATGCATG-1,0,Cytotoxic CD8 T cells,Cytotoxic CD8 T cells,True,True,0.9939687252044678,0.020529623615728326,False,0.00364325032569468,0.00021216455206740648,0.000140139163704589,0.00026204445748589933,0.9939687252044678,0.00015719677321612835,0.0007881305646151304,0.0005071749328635633,0.00032117016962729394
AGGGAGTGAGCCTA-1,6,Activated/transitional T cells,Activated/transitional T cells,True,True,0.5902069211006165,0.5516849719407193,False,0.5902069211006165,0.036293499171733856,0.009243912994861603,0.02427646890282631,0.035039205104112625,0.008954847231507301,0.2609337866306305,0.008471546694636345,0.02657982148230076
AGGGCCACCATACG-1,7,Naive/resting T cells,Activated/transitional T cells,True,False,0.9931524991989136,0.02199638548580316,False,0.9931524991989136,0.00019366215565241873,0.0001076292828656733,0.0003271749010309577,0.0007614142377860844,0.00014321731578093022,0.004913524258881807,0.00013038354518357664,0.0002704781072679907
AGGGCGCTAACCAC-1,3,Classical monocytes,Classical monocytes,True,True,0.9983226656913757,0.006568445326031313,False,0.001103605842217803,7.352623651968315e-05,7.78956527938135e-05,0.9983226656913757,4.3425181502243504e-05,3.156960156047717e-05,0.00024611945264041424,3.666779230115935e-05,6.446257611969486e-05
AGGGCGCTATGGTC-1,2,IL7R+ memory/helper T cells,Cytotoxic CD8 T cells,True,False,0.6296652555465698,0.5322385443523051,False,0.13485348224639893,0.09348137676715851,0.0039882902055978775,0.004731008782982826,0.6296652555465698,0.0027076411060988903,0.11434189975261688,0.003329926636070013,0.012901091016829014
AGGGTGGACAGTCA-1,1,B cells,B cells,True,True,0.9984349608421326,0.0062014317788038524,False,0.0009895720286294818,0.9984349608421326,3.448261850280687e-05,5.320868513081223e-05,0.00012277445057407022,3.991684934590012e-05,0.00025522199575789273,3.062913674511947e-05,3.92565707443282e-05
AGGGTGGACTCAAG-1,3,Classical monocytes,Classical monocytes,True,True,0.771553635597229,0.2630845824281436,False,0.0016989305149763823,0.002277964726090431,0.22193661332130432,0.771553635597229,0.0006019731517881155,0.0003836905234493315,0.0006140696350485086,0.0003777769161388278,0.0005553577793762088
AGGGTGGAGTTGCA-1,0,Cytotoxic CD8 T cells,Cytotoxic CD8 T cells,True,True,0.9984965324401855,0.006290285272331179,False,0.0005956054665148258,6.524250056827441e-05,3.295921123935841e-05,0.00010678235412342474,0.9984965324401855,4.778791480930522e-05,0.0002946691238321364,0.00011013028415618464,0.0002503134310245514
AGGGTTTGTTCATC-1,3,Classical monocytes,Classical monocytes,True,True,0.9867793321609497,0.03951625663199576,False,0.00113505101762712,0.00040439621079713106,0.007700083777308464,0.9867793321609497,0.00026666579651646316,0.00013479455083142966,0.00033429046743549407,0.0030655364971607924,0.00017985097656492144
AGGTCATGAGTGTC-1,1,B cells,B cells,True,True,0.9946784973144531,0.019326826460750558,False,0.0022661108523607254,0.9946784973144531,0.00019371089001651853,0.0003568431711755693,0.0004779859445989132,0.0006980309262871742,0.0005947879399172962,0.0001966829877346754,0.000537379935849458
AGGTCATGCTTATC-1,0,Cytotoxic CD8 T cells,Cytotoxic CD8 T cells,True,True,0.9899476170539856,0.031987547347878426,False,0.005323098506778479,0.00019883483764715493,0.00011784203525166959,0.00032586074667051435,0.9899476170539856,0.0001491439761593938,0.0016950402641668916,0.0017121920827776194,0.0005303415236994624
AGGTCTGATTCTCA-1,3,Classical monocytes,CD16+ non-classical monocytes,True,False,0.9535617828369141,0.09411240569177123,False,0.0010952712036669254,0.0008039660169743001,0.9535617828369141,0.04285817593336105,0.000445069425040856,0.00022828248620498925,0.0006037954008206725,0.00024061497242655605,0.00016298875561915338
AGGTGGGAAGAATG-1,2,IL7R+ memory/helper T cells,IL7R+ memory/helper T cells,True,True,0.5292620658874512,0.4923791430587148,False,0.3048684298992157,0.002432522363960743,0.0013724680757150054,0.0029804694931954145,0.14805220067501068,0.0017066898290067911,0.5292620658874512,0.0018652334110811353,0.007459927350282669
AGGTGGGAAGTTCG-1,7,Naive/resting T cells,Activated/transitional T cells,True,False,0.9887625575065613,0.036608576155095184,False,0.9887625575065613,0.001770914881490171,0.00037929389509372413,0.0008073257631622255,0.0007650433108210564,0.0005192834069021046,0.005075694993138313,0.0004638448008336127,0.001456060679629445
AGGTGTTGGTTACG-1,1,B cells,B cells,True,True,0.9980760812759399,0.007114373831732691,False,0.0015055608237162232,0.9980760812759399,1.802559563657269e-05,3.604478115448728e-05,0.00018503064347896725,8.018694643396884e-05,5.263685670797713e-05,1.9049266484216787e-05,2.7407253583078273e-05
AGGTTCGAACCTCC-1,3,Classical monocytes,Classical monocytes,True,True,0.9965733289718628,0.012441675473552396,False,0.002226629527285695,0.00020490714814513922,0.00024027276958804578,0.9965733289718628,0.00013609853340312839,7.723544695181772e-05,0.0002764831588137895,0.0001335466222371906,0.00013154653424862772
AGGTTCGAACGTAC-1,3,Classical monocytes,Classical monocytes,True,True,0.9988706707954407,0.0048395804971820364,False,0.0003618778719101101,4.774749686475843e-05,0.0004172627814114094,0.9988706707954407,7.941862713778391e-05,3.780208498938009e-05,9.607519314158708e-05,3.929213198716752e-05,4.977727076038718e-05
AGGTTCGAGGGTGA-1,7,Naive/resting T cells,Activated/transitional T cells,True,False,0.9969937801361084,0.011751215999883687,False,0.9969937801361084,0.000218676621443592,0.00011309610272292048,0.00030536443227902055,0.0005797828198410571,0.00014723963977303356,0.0011272993870079517,0.00014547360478900373,0.0003692340396810323
AGTAAGGAGTTTGG-1,2,IL7R+ memory/helper T cells,IL7R+ memory/helper T cells,True,True,0.9473685026168823,0.1226000454735249,False,0.03536490723490715,0.0018285096157342196,0.001041480922140181,0.002426265738904476,0.0068564568646252155,0.0012839799746870995,0.9473685026168823,0.001937620691023767,0.001892277505248785
AGTAAGGATTCTTG-1,2,IL7R+ memory/helper T cells,IL7R+ memory/helper T cells,True,True,0.9928118586540222,0.02224390002768236,False,0.005756073165684938,0.0003746369620785117,0.00010670408664736897,0.00024007985484786332,0.0002787390258163214,0.00010450680565554649,0.9928118586540222,0.00015813273785170168,0.00016923218208830804
AGTAATACATCACG-1,5,NK cells,NK cells,True,True,0.9916056394577026,0.02843047543106054,False,0.0030555648263543844,0.002287196693941951,0.00019186199642717838,0.00028638626099564135,0.0009151958511210978,0.00017295012366957963,0.0009742032852955163,0.9916056394577026,0.0005110246129333973
AGTAATACCGAACT-1,1,B cells,B cells,True,True,0.9950241446495056,0.016576222651783518,False,0.0037262055557221174,0.9950241446495056,8.966295717982575e-05,0.00016771067748777568,0.00020020893134642392,0.00011456742504378781,0.00040487077785655856,0.0001037711845128797,0.00016888392565306276
AGTAATTGTCCCAC-1,2,IL7R+ memory/helper T cells,IL7R+ memory/helper T cells,True,True,0.7003609538078308,0.4172515609730405,False,0.1597145050764084,0.0037226600106805563,0.0019798805005848408,0.004488522652536631,0.11800581216812134,0.0029733162373304367,0.7003609538078308,0.003865407546982169,0.004888948053121567
AGTACGTGAGGGTG-1,7,Naive/resting T cells,Activated/transitional T cells,True,False,0.9021923542022705,0.18137194772501833,False,0.9021923542022705,0.0025867552030831575,0.0013554589822888374,0.003283815225586295,0.0033148708753287792,0.001865367405116558,0.08059059083461761,0.0019152772147208452,0.002895489800721407
AGTACGTGCTGCAA-1,2,IL7R+ memory/helper T cells,Activated/transitional T cells,True,False,0.8209488391876221,0.24280646929383595,False,0.8209488391876221,0.003942412789911032,0.0007204942521639168,0.0014005614211782813,0.0023497797083109617,0.0008411526796407998,0.16742615401744843,0.000863206572830677,0.0015074308030307293
AGTACGTGCTTGGA-1,2,IL7R+ memory/helper T cells,IL7R+ memory/helper T cells,True,True,0.9657532572746277,0.07502280520317076,False,0.03128297999501228,0.0006473364774137735,0.00018179471953772008,0.0004298597923479974,0.0005603149184025824,0.0005116037791594863,0.9657532572746277,0.0002375538315391168,0.000395266804844141
AGTACTCTACGTGT-1,1,B cells,B cells,True,True,0.9994568228721619,0.002419371299882792,False,0.0003631856816355139,0.9994568228721619,1.5910029105725698e-05,2.99447219731519e-05,3.07456029986497e-05,2.2319658455671743e-05,3.098902016063221e-05,1.6835974747664295e-05,3.329386163386516e-05
AGTACTCTCAACCA-1,0,Cytotoxic CD8 T cells,Cytotoxic CD8 T cells,True,True,0.9974765181541443,0.010031195310139768,False,0.000962240097578615,0.00011503921268740669,9.794119250727817e-05,0.00018185839871875942,0.9974765181541443,6.795966328354552e-05,0.0003073530679102987,0.0004673212533816695,0.000323710119118914
AGTACTCTCGGTAT-1,2,IL7R+ memory/helper T cells,Cytotoxic CD8 T cells,True,False,0.5218073725700378,0.4180269869468245,False,0.02943694032728672,0.003504496766254306,0.002265726448968053,0.003901577787473798,0.5218073725700378,0.0023922498803585768,0.42890024185180664,0.0022848451044410467,0.005506534595042467
AGTAGGCTTGCCTC-1,4,CD16+ non-classical monocytes,CD16+ non-classical monocytes,True,True,0.9649107456207275,0.08556963512271121,False,0.0012673529563471675,0.0012218512129038572,0.9649107456207275,0.026178326457738876,0.00225174892693758,0.0019280847627669573,0.0013617703225463629,0.000556748709641397,0.00032336259027943015
AGTATAACTTGTCT-1,4,CD16+ non-classical monocytes,CD16+ non-classical monocytes,True,True,0.9953970313072205,0.01683892395460436,False,0.00022335768153425306,0.0005627595237456262,0.9953970313072205,0.0020905006676912308,0.0006326672155410051,9.441680595045909e-05,0.0005550493951886892,0.00016603030962869525,0.0002782264200504869
AGTATCCTAGAACA-1,7,Naive/resting T cells,Activated/transitional T cells,True,False,0.9926908612251282,0.02468697118613712,False,0.9926908612251282,0.0005713327554985881,0.00012366907321847975,0.0004901058855466545,0.00035012379521504045,0.0001500653161201626,0.0026704513002187014,0.00019260171393398196,0.002760841278359294
AGTCACGATGAGCT-1,0,Cytotoxic CD8 T cells,NK cells,True,False,0.9752282500267029,0.06837652555258097,False,0.0017316790763288736,0.005949693266302347,0.00024318619398400187,0.0004220543778501451,0.01255433727055788,0.00023419552599079907,0.0030354273039847612,0.9752282500267029,0.0006011934601701796
AGTCAGACGAATAG-1,2,IL7R+ memory/helper T cells,IL7R+ memory/helper T cells,True,True,0.9864843487739563,0.04200244717144188,False,0.005512075033038855,0.0013168511213734746,0.00032721171737648547,0.0006645931280218065,0.004313236568123102,0.00030211848206818104,0.9864843487739563,0.0003266716958023608,0.0007529053254984319
AGTCAGACGCTTAG-1,6,Activated/transitional T cells,Cytotoxic CD8 T cells,True,False,0.9746880531311035,0.06031787564668321,False,0.0218961238861084,0.00018022049334831536,0.00011304928193567321,0.00021827842283528298,0.9746880531311035,0.000126659419038333,0.00033618861925788224,0.0003137117892038077,0.002127662068232894
AGTCAGACTAGAGA-1,0,Cytotoxic CD8 T cells,Cytotoxic CD8 T cells,True,True,0.9940470457077026,0.020057868700339963,False,0.0033909704070538282,0.0001370230020256713,8.58297644299455e-05,0.0001584995916346088,0.9940470457077026,8.685243665240705e-05,0.001361922244541347,0.0005893160123378038,0.00014251047105062753
AGTCAGACTGCACA-1,2,IL7R+ memory/helper T cells,IL7R+ memory/helper T cells,True,True,0.43524131178855896,0.5308330993391597,True,0.4228571057319641,0.006861013825982809,0.006754299160093069,0.008234414272010326,0.09885861724615097,0.005042970646172762,0.43524131178855896,0.006317712366580963,0.009832596406340599
AGTCCAGATATCTC-1,7,Naive/resting T cells,Activated/transitional T cells,True,False,0.9857079386711121,0.04404050391803014,False,0.9857079386711121,0.0005232496769167483,0.00022367917699739337,0.0004907639813609421,0.0014642690075561404,0.0002932045317720622,0.004530175589025021,0.0009855941170826554,0.005781154148280621
AGTCCAGATTTCAC-1,2,IL7R+ memory/helper T cells,Activated/transitional T cells,True,False,0.5660943984985352,0.4007890634269893,False,0.5660943984985352,0.006128252018243074,0.0018375589279457927,0.0040023429319262505,0.011224904097616673,0.0021861616987735033,0.3953630328178406,0.0022111302241683006,0.0109522370621562
AGTCGAACCAACCA-1,7,Naive/resting T cells,Activated/transitional T cells,True,False,0.9962586164474487,0.014186860147657332,False,0.9962586164474487,0.00028522807406261563,0.0001600175310159102,0.0003422890149522573,0.0004741465672850609,0.0001997127546928823,0.0016132979653775692,0.0001921752846101299,0.0004745387705042958
AGTCGCCTCCGTAA-1,2,IL7R+ memory/helper T cells,Activated/transitional T cells,True,False,0.6607898473739624,0.4793595435774597,False,0.6607898473739624,0.006176525726914406,0.002547041978687048,0.0054800077341496944,0.012521957978606224,0.018316054716706276,0.11112674325704575,0.004531768150627613,0.17851005494594574
AGTCTACTAGGGTG-1,3,Classical monocytes,Classical monocytes,True,True,0.9984891414642334,0.0062196085066532816,False,0.0007507918635383248,7.163002737797797e-05,0.0003207462141290307,0.9984891414642334,9.6458250482101e-05,5.670055543305352e-05,6.45876643829979e-05,6.147301610326394e-05,8.841037197271362e-05
AGTCTACTTGCATG-1,4,CD16+ non-classical monocytes,CD16+ non-classical monocytes,True,True,0.9562381505966187,0.10212567469847512,False,0.001233545714057982,0.0027613951824605465,0.9562381505966187,0.032124828547239304,0.0010374102275818586,0.000547386531252414,0.00452842004597187,0.0009174297447316349,0.0006114139105193317
AGTCTTACACCACA-1,7,Naive/resting T cells,Activated/transitional T cells,True,False,0.9935717582702637,0.021854868781659976,False,0.9935717582702637,0.0003797134559135884,0.0001351784449070692,0.00028107050457037985,0.0012710029259324074,0.00015445785538759083,0.003504605730995536,0.00015933625400066376,0.0005428653093986213
AGTCTTACTTCGCC-1,0,Cytotoxic CD8 T cells,Cytotoxic CD8 T cells,True,True,0.9959694147109985,0.01452165962671591,False,0.00225402251817286,0.000253751379204914,6.538513116538525e-05,0.00012591961422003806,0.9959694147109985,7.482242654077709e-05,0.000733430206310004,0.00035692143137566745,0.0001663048897171393
AGTCTTACTTCGGA-1,8,Platelets,Activated/transitional T cells,False,False,0.42862987518310547,0.7362662230392301,True,0.42862987518310547,0.023731064051389694,0.026005934923887253,0.14578188955783844,0.23907841742038727,0.019604837521910667,0.033698003739118576,0.023369498550891876,0.06010051816701889
AGTGACTGCAACTG-1,4,CD16+ non-classical monocytes,CD16+ non-classical monocytes,True,True,0.9950557947158813,0.01744015093670925,False,0.0003402578877285123,0.00034227018477395177,0.9950557947158813,0.0027966212946921587,0.0006883862079121172,0.00010416981240268797,0.0004217085661366582,0.00012777205847669393,0.00012295210035517812
AGTGTTCTAACCTG-1,2,IL7R+ memory/helper T cells,IL7R+ memory/helper T cells,True,True,0.8929973244667053,0.16621632331748162,False,0.1029287800192833,0.0005350610008463264,0.0003164244699291885,0.0007059034542180598,0.0008281198679469526,0.0003670784062705934,0.8929973244667053,0.0005062989075668156,0.0008150322246365249
AGTGTTCTATAAGG-1,6,Activated/transitional T cells,Activated/transitional T cells,True,True,0.6344961524009705,0.4807798172804462,False,0.6344961524009705,0.013980905525386333,0.0011476980289444327,0.002710882807150483,0.1850508600473404,0.0014686101349070668,0.018948793411254883,0.0018674390157684684,0.14032860100269318
AGTGTTCTCACTTT-1,3,Classical monocytes,Classical monocytes,True,True,0.9993956089019775,0.0028384788940514754,False,0.00015826379240024835,6.92969115334563e-05,0.00011733293649740517,0.9993956089019775,4.407670712680556e-05,2.28296521527227e-05,0.00010771388770081103,5.221355604589917e-05,3.2622036087559536e-05
AGTTAAACCACTTT-1,2,IL7R+ memory/helper T cells,IL7R+ memory/helper T cells,True,True,0.9098841547966003,0.1558030297849123,False,0.08267493546009064,0.00088403036352247,0.0005093692452646792,0.0015040179714560509,0.001463158056139946,0.0006037435960024595,0.9098841547966003,0.0008174829999916255,0.0016591196181252599
AGTTATGAACAGTC-1,3,Classical monocytes,Classical monocytes,True,True,0.9995307922363281,0.0022102306713403567,False,5.133678496349603e-05,2.1539177396334708e-05,4.410844485391863e-05,0.9995307922363281,0.0002134061069227755,1.9393201000639237e-05,7.144590199459344e-05,2.1054835087852553e-05,2.6935222194879316e-05
AGTTATGACTGAGT-1,2,IL7R+ memory/helper T cells,IL7R+ memory/helper T cells,True,True,0.9641766548156738,0.09278168551146924,False,0.015212834812700748,0.0010597207583487034,0.0004927280242554843,0.001087820972315967,0.013649915345013142,0.0021089529618620872,0.9641766548156738,0.0008065860019996762,0.0014048172160983086
AGTTATGAGTTCAG-1,2,IL7R+ memory/helper T cells,IL7R+ memory/helper T cells,True,True,0.6451661586761475,0.3476567117632315,False,0.334629625082016,0.006319957785308361,0.0010281183058395982,0.002808280987665057,0.003937417641282082,0.0012827509781345725,0.6451661586761475,0.0017117982497438788,0.0031158754136413336
AGTTCTACCAGCTA-1,3,Classical monocytes,Classical monocytes,True,True,0.9993523955345154,0.003025641068860554,False,0.00011232355609536171,0.00012643422815017402,0.0001585125137353316,0.9993523955345154,4.84055453853216e-05,2.7563215553527698e-05,8.90935116331093e-05,3.271827154094353e-05,5.259842146188021e-05
AGTTCTTGAAGCCT-1,0,Cytotoxic CD8 T cells,Cytotoxic CD8 T cells,True,True,0.9952130317687988,0.016257733785984583,False,0.003411308629438281,0.00011253410775680095,8.395971963182092e-05,0.0002770127903204411,0.9952130317687988,7.671334606129676e-05,0.0002701948396861553,0.00023567462631035596,0.0003195743483956903
AGTTGTCTACTACG-1,7,Naive/resting T cells,Activated/transitional T cells,True,False,0.9950923919677734,0.01795266966062897,False,0.9950923919677734,0.0003136266896035522,0.00017131473578047007,0.00036464279401116073,0.0004939704667776823,0.00020698602020274848,0.0015392762143164873,0.00023093271011020988,0.0015868489863350987
AGTTTAGATGGTCA-1,7,Naive/resting T cells,Naive/resting T cells,True,True,0.3686603605747223,0.6735350601731872,True,0.29254448413848877,0.007662702817469835,0.007135218009352684,0.009933093562722206,0.15650786459445953,0.0053292834199965,0.14491456747055054,0.007312419358640909,0.3686603605747223
AGTTTCACGGTCTA-1,5,NK cells,Cytotoxic CD8 T cells,True,False,0.9962355494499207,0.014157670722636819,False,0.0005477105733007193,0.00015796163643244654,0.0005530354101210833,0.00021154683781787753,0.9962355494499207,0.00012031799997203052,0.0016721978317946196,0.0003206265391781926,0.00018102084868587554
AGTTTGCTACAGTC-1,7,Naive/resting T cells,Activated/transitional T cells,True,False,0.945309042930603,0.1238751128124883,False,0.945309042930603,0.007435034029185772,0.0003568017855286598,0.0014981478452682495,0.002861005486920476,0.00044534687185660005,0.004367293324321508,0.0004468094266485423,0.03728055953979492
AGTTTGCTACTGGT-1,0,Cytotoxic CD8 T cells,NK cells,True,False,0.6441526412963867,0.4874174256718738,False,0.16431818902492523,0.022607743740081787,0.0016515858005732298,0.002548505086451769,0.1446751207113266,0.004902099724858999,0.009038329124450684,0.6441526412963867,0.006105788052082062
AGTTTGCTCCAAGT-1,7,Naive/resting T cells,Activated/transitional T cells,True,False,0.9254008531570435,0.16315344265648782,False,0.9254008531570435,0.002239332301542163,0.0011967355385422707,0.004964938387274742,0.011772277764976025,0.001507791574113071,0.04752284288406372,0.002179887145757675,0.003215295495465398
ATAAACACAGTGCT-1,1,B cells,B cells,True,True,0.9985607266426086,0.005818148752612272,False,0.0002501195122022182,0.9985607266426086,2.1679847122868523e-05,6.654550088569522e-05,4.38378301623743e-05,0.0008556334068998694,7.715821993770078e-05,2.7626241717371158e-05,9.669635619502515e-05
ATAAACACCACCAA-1,7,Naive/resting T cells,Activated/transitional T cells,True,False,0.9246824979782104,0.16464943368795346,False,0.9246824979782104,0.001736685517244041,0.00096366205252707,0.0029467002023011446,0.027996132150292397,0.0011693484848365188,0.03606605902314186,0.0012001852737739682,0.003238671226426959
ATAACAACATGCTG-1,3,Classical monocytes,Classical monocytes,True,True,0.9995235204696655,0.0022934758521985653,False,0.00012498321302700788,4.470712156035006e-05,8.49890275276266e-05,0.9995235204696655,4.6250450395746157e-05,2.1402875063358806e-05,8.712230192031711e-05,2.682101148820948e-05,4.018546314910054e-05
ATAACAACGTCTAG-1,2,IL7R+ memory/helper T cells,Activated/transitional T cells,True,False,0.538666844367981,0.4731072171963427,False,0.538666844367981,0.002612197073176503,0.0018739918014034629,0.004182294476777315,0.08327881246805191,0.001935715670697391,0.3529083728790283,0.0033774422481656075,0.011164342053234577
ATAACAACTTTGTC-1,2,IL7R+ memory/helper T cells,Activated/transitional T cells,True,False,0.9146137833595276,0.16171688731439246,False,0.9146137833595276,0.0019511021673679352,0.0009920886950567365,0.0029381136409938335,0.0027401959523558617,0.0012505109189078212,0.07157793641090393,0.001251299399882555,0.002684952924028039
ATAACATGTACTCT-1,2,IL7R+ memory/helper T cells,IL7R+ memory/helper T cells,True,True,0.9845325350761414,0.04405367272762566,False,0.00999023299664259,0.0003607065009418875,0.00018704090325627476,0.00038938771467655897,0.0035305325873196125,0.00022440540487878025,0.9845325350761414,0.00023151202185545117,0.0005536912940442562
ATAACCCTGTTGGT-1,7,Naive/resting T cells,Cytotoxic CD8 T cells,True,False,0.8236725926399231,0.2619678907615484,False,0.1421499401330948,0.0005883112316951156,0.00030426561716012657,0.0007299933931790292,0.8236725926399231,0.0004110847949050367,0.0031867807265371084,0.00044665156747214496,0.02851041406393051
ATAACCCTTGGTAC-1,2,IL7R+ memory/helper T cells,IL7R+ memory/helper T cells,True,True,0.6762564182281494,0.339165935233961,False,0.3026001453399658,0.007258936762809753,0.0013275189558044076,0.002922218758612871,0.003861683188006282,0.001491487375460565,0.6762564182281494,0.0016589381266385317,0.0026226446498185396
ATAAGTACGAATGA-1,1,B cells,B cells,True,True,0.9989780187606812,0.004124730992268997,False,0.000784005387686193,0.9989780187606812,1.6977011910057627e-05,3.907668360625394e-05,4.315859769121744e-05,2.6558729587122798e-05,5.461265755002387e-05,2.547414078435395e-05,3.217316771042533e-05
ATAAGTTGGTACGT-1,4,CD16+ non-classical monocytes,CD16+ non-classical monocytes,True,True,0.8998753428459167,0.2080963360740033,False,0.009445004165172577,0.014540428295731544,0.8998753428459167,0.06117861717939377,0.002893970115110278,0.0014920249814167619,0.005156202241778374,0.0027115698903799057,0.002706907456740737
ATAAGTTGTCTAGG-1,2,IL7R+ memory/helper T cells,Cytotoxic CD8 T cells,True,False,0.5107589364051819,0.47993472283765665,False,0.1372748464345932,0.0044895657338202,0.0008004294359125197,0.0018194917356595397,0.5107589364051819,0.0019688496831804514,0.34009072184562683,0.0009608630207367241,0.001836286624893546
ATAATCGAGCTGAT-1,1,B cells,B cells,True,True,0.9992965459823608,0.0031380983774767354,False,0.00037374452222138643,0.9992965459823608,1.85728586075129e-05,6.302561814663932e-05,4.1698687709867954e-05,3.141146953566931e-05,4.047623588121496e-05,3.355642547830939e-05,0.0001009813422570005
ATAATCGATGGTTG-1,7,Naive/resting T cells,Activated/transitional T cells,True,False,0.9867022633552551,0.03905115067602944,False,0.9867022633552551,0.00040294029167853296,0.00021114060655236244,0.0004791975661646575,0.0008328385301865637,0.00034918301389552653,0.009250403381884098,0.00027431169291958213,0.001497734570875764
ATAATGACCTACTT-1,2,IL7R+ memory/helper T cells,Activated/transitional T cells,True,False,0.655293881893158,0.36041094207403107,False,0.655293881893158,0.002873915247619152,0.001702570472843945,0.003556757001206279,0.012892252765595913,0.0019099231576547027,0.3156125843524933,0.0019250930054113269,0.0042330119758844376
ATAATGACTCGTGA-1,3,Classical monocytes,Classical monocytes,True,True,0.9136133790016174,0.15536382941068355,False,0.0021105892956256866,0.004229350481182337,0.07628396153450012,0.9136133790016174,0.0013974257744848728,0.0003043301694560796,0.0011858169455081224,0.00041172708733938634,0.0004634163633454591
ATACAATGTTAGGC-1,2,IL7R+ memory/helper T cells,IL7R+ memory/helper T cells,True,True,0.722531259059906,0.29415435766062825,False,0.2684682309627533,0.002085890853777528,0.00045242172200232744,0.0014425371773540974,0.0014432574389502406,0.0006113447598181665,0.722531259059906,0.0005648981314152479,0.0024001700803637505
ATACCACTCGTACA-1,3,Classical monocytes,Classical monocytes,True,True,0.9994458556175232,0.002627714100076277,False,0.00011655811977107078,3.0528906791005284e-05,0.00010481685603735968,0.9994458556175232,5.7840723457047716e-05,2.528508412069641e-05,0.00013156962813809514,4.0229504520539194e-05,4.731811350211501e-05
ATACCACTCTAAGC-1,3,Classical monocytes,Classical monocytes,True,True,0.9908058047294617,0.03188580104325647,False,0.002193715889006853,0.0019442568300291896,0.0015207406831905246,0.9908058047294617,0.0006149985129013658,0.0009462253656238317,0.0009906578343361616,0.0004313293902669102,0.0005522118881344795
ATACCACTGCCAAT-1,0,Cytotoxic CD8 T cells,NK cells,True,False,0.9061824679374695,0.19833084112068788,False,0.04124923795461655,0.0019138735951855779,0.0031235620845109224,0.002314312383532524,0.03658995404839516,0.0015955868875607848,0.004074261989444494,0.9061824679374695,0.002956776414066553
ATACCGGAATGCTG-1,3,Classical monocytes,Classical monocytes,True,True,0.9946730732917786,0.019627089264149567,False,0.0006698051001876593,0.0011235474376007915,0.0005027432343922555,0.9946730732917786,0.0003643835079856217,0.000395246286643669,0.0017088762251660228,0.0002648939553182572,0.0002974879171233624
ATACCGGACATTTC-1,3,Classical monocytes,Classical monocytes,True,True,0.9983804225921631,0.006720617377756178,False,0.00020772185234818608,0.0002459952374920249,0.0007174096535891294,0.9983804225921631,8.147182961693034e-05,5.133911326993257e-05,0.00015453912783414125,7.798466685926542e-05,8.312587306136265e-05
ATACCGGACTTCGC-1,2,IL7R+ memory/helper T cells,IL7R+ memory/helper T cells,True,True,0.9784976840019226,0.05690115378084423,False,0.016354287043213844,0.0014520591357722878,0.0003086866345256567,0.0006619655760005116,0.0011319998884573579,0.0003878135175909847,0.9784976840019226,0.0005354504100978374,0.0006700881058350205
ATACCGGAGGTGTT-1,3,Classical monocytes,Classical monocytes,True,True,0.9994159936904907,0.0027535438586363944,False,0.00014226471830625087,5.805274486192502e-05,0.00014956723316572607,0.9994159936904907,4.831840851693414e-05,3.436128099565394e-05,7.364297925960273e-05,3.022947748831939e-05,4.760578667628579e-05
ATACCGGATCTCGC-1,7,Naive/resting T cells,Activated/transitional T cells,True,False,0.6556458473205566,0.3576190310822947,False,0.6556458473205566,0.0022189226001501083,0.0014789056731387973,0.004675233270972967,0.00977913849055767,0.0014940492110326886,0.31724604964256287,0.004589288029819727,0.002872524783015251
ATACCTACGCATCA-1,2,IL7R+ memory/helper T cells,IL7R+ memory/helper T cells,True,True,0.47685468196868896,0.4941156345971542,True,0.3666992783546448,0.002608545823022723,0.0011437697103247046,0.0039720796048641205,0.14150889217853546,0.001577399205416441,0.47685468196868896,0.001622271491214633,0.004013043828308582
ATACCTTGGGGCAA-1,7,Naive/resting T cells,Activated/transitional T cells,True,False,0.9942781925201416,0.02122200832195743,False,0.9942781925201416,0.0005341479554772377,0.00039517320692539215,0.0006415481329895556,0.0010589775629341602,0.00041570255416445434,0.0010060229105874896,0.0004483052180148661,0.0012218824122101068
ATACGGACAGACTC-1,3,Classical monocytes,Classical monocytes,True,True,0.9981685876846313,0.006904961665504798,False,0.0013957667397335172,5.5220123613253236e-05,5.777639307780191e-05,0.9981685876846313,6.589838449144736e-05,2.778520320134703e-05,0.00013462886272463948,3.228837522328831e-05,6.201735959621146e-05
ATACGGACCTACTT-1,3,Classical monocytes,Classical monocytes,True,True,0.9994485974311829,0.002543392368015208,False,0.0002717005554586649,7.766324415570125e-05,4.1204530134564266e-05,0.9994485974311829,4.256658212398179e-05,2.0757644961122423e-05,4.616528531187214e-05,2.3580134438816458e-05,2.77261424344033e-05
ATACGGACGAGGTG-1,1,B cells,B cells,True,True,0.9976295232772827,0.0086226130219108,False,0.0018186073284596205,0.9976295232772827,3.591055065044202e-05,0.00020518380915746093,7.698238914599642e-05,4.74854969070293e-05,9.343696729047224e-05,3.8145331927808e-05,5.466870788950473e-05
ATACGGACTATGCG-1,1,B cells,B cells,True,True,0.99803227186203,0.007221014932160144,False,0.0015812960918992758,0.99803227186203,2.1278248823364265e-05,4.437454117578454e-05,5.9927715483354405e-05,2.757596485025715e-05,5.999044515192509e-05,2.53201669693226e-05,0.0001479641068726778
ATACGGACTCTGGA-1,3,Classical monocytes,Classical monocytes,True,True,0.9988628625869751,0.004870711371627436,False,0.0005420330562628806,0.0002028091112151742,8.620323205832392e-05,0.9988628625869751,8.040850661927834e-05,3.705020571942441e-05,6.781570118619129e-05,4.668805922847241e-05,7.418254244839773e-05
ATACGTCTTAACGC-1,3,Classical monocytes,Classical monocytes,True,True,0.9992759823799133,0.0033527143304802652,False,0.0001499962090747431,0.00013621096150018275,0.00012348849850241095,0.9992759823799133,5.677202716469765e-05,3.119870234513655e-05,0.00012946274364367127,3.9983940951060504e-05,5.686332951881923e-05
ATACTCTGCTTCGC-1,3,Classical monocytes,Classical monocytes,True,True,0.5391010642051697,0.3315549100811361,False,0.0008662985055707395,0.001841238932684064,0.45557156205177307,0.5391010642051697,0.0008588178316131234,0.00027670085546560585,0.0007396383443847299,0.000394197937566787,0.0003504871856421232
ATACTCTGGTATGC-1,5,NK cells,NK cells,True,True,0.9973178505897522,0.010482437286779023,False,0.0006367424502968788,0.00010788637155201286,0.00010896276944549754,0.00014822384400758892,0.0010081998771056533,7.276747783180326e-05,0.0004900576313957572,0.9973178505897522,0.00010930799908237532
ATAGATACCATGGT-1,2,IL7R+ memory/helper T cells,IL7R+ memory/helper T cells,True,True,0.7624514102935791,0.3573146290156641,False,0.18027137219905853,0.007864310406148434,0.0036147271748632193,0.007534269709140062,0.014097841456532478,0.013005176559090614,0.7624514102935791,0.004358796402812004,0.006802038289606571
ATAGATACGACGAG-1,7,Naive/resting T cells,Activated/transitional T cells,True,False,0.9967119693756104,0.012698738281239064,False,0.9967119693756104,0.0010241786949336529,0.00010120197111973539,0.0002321091596968472,0.0003470065421424806,0.00014448922593146563,0.0009557102457620203,0.00017899130762089044,0.00030434588552452624
ATAGATTGGTGTAC-1,1,B cells,B cells,True,True,0.9985554814338684,0.005637340193963483,False,0.0010614761849865317,0.9985554814338684,2.4109885998768732e-05,5.391520244302228e-05,0.0001382749469485134,2.6516425350564532e-05,8.072193304542452e-05,2.3908349248813465e-05,3.5566372389439493e-05
ATAGCCGAACGGAG-1,7,Naive/resting T cells,Activated/transitional T cells,True,False,0.9967760443687439,0.012367611633989932,False,0.9967760443687439,0.00019838461594190449,0.00013092679728288203,0.00026956413057632744,0.00032133175409398973,0.0001385881914757192,0.0006132498965598643,0.00014788359112571925,0.0014040515525266528
ATAGCGTGCAGATC-1,2,IL7R+ memory/helper T cells,IL7R+ memory/helper T cells,True,True,0.5485284328460693,0.3609962003750043,False,0.4343087375164032,0.0033899403642863035,0.0011233973782509565,0.0033134217374026775,0.003598354524001479,0.0013789422810077667,0.5485284328460693,0.0013860329054296017,0.002972761867567897
ATAGCGTGCCCTTG-1,3,Classical monocytes,Classical monocytes,True,True,0.9992557168006897,0.003370796336844473,False,0.0003079806047026068,6.164025398902595e-05,0.0001266911276616156,0.9992557168006897,4.6900946472305804e-05,2.963895894936286e-05,8.946162415668368e-05,4.269752389518544e-05,3.9197260775836185e-05
ATAGCGTGGTATCG-1,3,Classical monocytes,Classical monocytes,True,True,0.9985371828079224,0.005952535390531402,False,0.0008778428309597075,5.114796294947155e-05,0.0001237802644027397,0.9985371828079224,0.00014392295270226896,3.5278113500680774e-05,8.509978943038732e-05,7.88574106991291e-05,6.684179243166e-05
ATAGCGTGTCTCTA-1,2,IL7R+ memory/helper T cells,IL7R+ memory/helper T cells,True,True,0.7484197616577148,0.2834708380084615,False,0.2416476309299469,0.0008475478971377015,0.0004360073944553733,0.0009709161822684109,0.002201411873102188,0.0005779112689197063,0.7484197616577148,0.0036139977164566517,0.0012848707847297192
ATAGCTCTCTGATG-1,7,Naive/resting T cells,Activated/transitional T cells,True,False,0.9596399068832397,0.10225600234517086,False,0.9596399068832397,0.004134056624025106,0.0006626107497140765,0.003727411385625601,0.004271550569683313,0.0009219726780429482,0.023950785398483276,0.000887253088876605,0.0018044671742245555
ATAGCTCTGAGGTG-1,7,Naive/resting T cells,Activated/transitional T cells,True,False,0.9931504130363464,0.02325541645685718,False,0.9931504130363464,0.00026453135069459677,0.00013594732445199043,0.0004068247799295932,0.0035996355582028627,0.00017526725423522294,0.0013406097423285246,0.00031631888123229146,0.0006104502244852483
ATAGGAGAAACAGA-1,3,Classical monocytes,Classical monocytes,True,True,0.8515856266021729,0.20092366302143216,False,0.0006605634116567671,0.0007451979909092188,0.1451842486858368,0.8515856266021729,0.0003994058060925454,0.00028627869323827326,0.0006528843659907579,0.0002715785813052207,0.00021423400903586298
ATAGGCTGTCAGAC-1,7,Naive/resting T cells,Activated/transitional T cells,True,False,0.9960554838180542,0.014991413787776008,False,0.9960554838180542,0.000331556802848354,0.0001374619168927893,0.00042836213833652437,0.001322381547652185,0.00018323512631468475,0.0007978918147273362,0.0001794095296645537,0.0005642682663165033
ATAGTCCTAGTGTC-1,3,Classical monocytes,Classical monocytes,True,True,0.9994878768920898,0.002421294660945874,False,0.00017178631969727576,3.6332585295895115e-05,0.00012517617142293602,0.9994878768920898,4.587515286402777e-05,2.9531140171457082e-05,5.0323636969551444e-05,3.083109550061636e-05,2.2218942831386812e-05
ATAGTCCTTGCATG-1,2,IL7R+ memory/helper T cells,Cytotoxic CD8 T cells,True,False,0.7205946445465088,0.44133477703672724,False,0.15577049553394318,0.008438784629106522,0.0076358020305633545,0.008652492426335812,0.7205946445465088,0.004782702773809433,0.05972980707883835,0.005773462820798159,0.028621815145015717
ATAGTCCTTGTCGA-1,7,Naive/resting T cells,Activated/transitional T cells,True,False,0.9866674542427063,0.041143360423715795,False,0.9866674542427063,0.0013502172660082579,0.00025108910631388426,0.0007209324976429343,0.0011352269211784005,0.0003631337021943182,0.007385126315057278,0.0004011701967101544,0.001725662499666214
ATAGTTGACAACTG-1,2,IL7R+ memory/helper T cells,Activated/transitional T cells,True,False,0.9680615067481995,0.07553157222721187,False,0.9680615067481995,0.001702856388874352,0.0003806693130172789,0.0008848122088238597,0.0009791882475838065,0.00042442744597792625,0.026448769494891167,0.00036982979509048164,0.000747927522752434
ATAGTTGACCCTCA-1,4,CD16+ non-classical monocytes,CD16+ non-classical monocytes,True,True,0.997704803943634,0.009290298722629233,False,0.00024573804694227874,0.00018289133731741458,0.997704803943634,0.000843805493786931,0.00034660930396057665,7.964794349391013e-05,0.00030446777236647904,0.00020660286827478558,8.542630530428141e-05
ATAGTTGAGACGTT-1,6,Activated/transitional T cells,IL7R+ memory/helper T cells,True,False,0.5973770618438721,0.4023420328014259,False,0.35742512345314026,0.0028959657065570354,0.0015428985934704542,0.0034947143867611885,0.01239208597689867,0.0019867762457579374,0.5973770618438721,0.0028683654963970184,0.020017029717564583
ATAGTTGATAAGCC-1,7,Naive/resting T cells,Activated/transitional T cells,True,False,0.6661232113838196,0.4883382643802731,False,0.6661232113838196,0.008772560395300388,0.004663143772631884,0.012592952698469162,0.021230628713965416,0.00533408485352993,0.16355153918266296,0.005755086895078421,0.11197683960199356
ATATACGAAGCCAT-1,7,Naive/resting T cells,Activated/transitional T cells,True,False,0.9839276671409607,0.04655612125257523,False,0.9839276671409607,0.0010512556182220578,0.00040169956628233194,0.0007829946116544306,0.001000128104351461,0.00047704234020784497,0.010848242789506912,0.0004948680871166289,0.001016113325022161
ATATACGAATTGGC-1,2,IL7R+ memory/helper T cells,IL7R+ memory/helper T cells,True,True,0.7680072784423828,0.2621364972205272,False,0.226732537150383,0.00184270937461406,0.00029562352574430406,0.0006115958676673472,0.0009880069410428405,0.00036078618722967803,0.7680072784423828,0.00034768643672578037,0.0008137128897942603
ATATAGTGGAATGA-1,3,Classical monocytes,Classical monocytes,True,True,0.9992586970329285,0.003407579196808486,False,0.00024826364824548364,6.603757356060669e-05,8.101624553091824e-05,0.9992586970329285,0.00011058147356379777,3.569244290702045e-05,8.856393833411857e-05,4.5909881009720266e-05,6.521688192151487e-05
ATATGCCTAGATCC-1,3,Classical monocytes,Classical monocytes,True,True,0.9985787868499756,0.006028818043138683,False,0.00024628755636513233,0.0004722102894447744,0.00034015634446404874,0.9985787868499756,7.449161785189062e-05,5.050676190876402e-05,8.850815356709063e-05,5.8523753978079185e-05,9.057846909854561e-05
ATATGCCTGGACAG-1,7,Naive/resting T cells,Activated/transitional T cells,True,False,0.9951071739196777,0.017761449589013142,False,0.9951071739196777,0.0003138623433187604,0.00017635489348322153,0.0003030946827493608,0.0010165692074224353,0.00016977961058728397,0.002136340830475092,0.00021291864686645567,0.0005639076698571444
ATATGCCTTCTCTA-1,6,Activated/transitional T cells,IL7R+ memory/helper T cells,True,False,0.5737857222557068,0.4863506554196471,False,0.32714617252349854,0.006283019669353962,0.003559539094567299,0.019065875560045242,0.042577940970659256,0.004654805641621351,0.5737857222557068,0.004240122158080339,0.01868683658540249
ATATGCCTTGGTAC-1,7,Naive/resting T cells,Activated/transitional T cells,True,False,0.9560043215751648,0.1088259248101801,False,0.9560043215751648,0.0017811717698350549,0.0011282721534371376,0.0021670442074537277,0.004229054320603609,0.0012219722848385572,0.027566011995077133,0.0014375767204910517,0.004464637953788042
ATCAAATGAGCCTA-1,3,Classical monocytes,Classical monocytes,True,True,0.9985917210578918,0.005829133206292474,False,0.00019232943304814398,7.982845272636041e-05,0.0007608268060721457,0.9985917210578918,0.00011092494241893291,3.7502864870475605e-05,9.520144521957263e-05,7.99700355855748e-05,5.165637412574142e-05
ATCAAATGGGTAAA-1,4,CD16+ non-classical monocytes,CD16+ non-classical monocytes,True,True,0.9979137778282166,0.008584811036237412,False,0.00018306000856682658,0.00031136051984503865,0.9979137778282166,0.0006028857314959168,0.00012187984975753352,0.00021448489860631526,0.00045962815056554973,0.00012127935769967735,7.160574750741944e-05
ATCAACCTAAACGA-1,2,IL7R+ memory/helper T cells,IL7R+ memory/helper T cells,True,True,0.8391295075416565,0.21580698576521828,False,0.15561850368976593,0.0007708730408921838,0.0005000719684176147,0.0011066535953432322,0.0010147721040993929,0.00047690176870673895,0.8391295075416565,0.000479014910524711,0.0009037004201672971
ATCAACCTGAGGAC-1,7,Naive/resting T cells,Activated/transitional T cells,True,False,0.9942060708999634,0.020266849107846565,False,0.9942060708999634,0.000459750386653468,0.00014788316912017763,0.00033234135480597615,0.0006365066510625184,0.000190549879334867,0.0030623655766248703,0.00021678251505363733,0.0007477117469534278
ATCAACCTTCTCTA-1,0,Cytotoxic CD8 T cells,Cytotoxic CD8 T cells,True,True,0.9903090596199036,0.030439903543556142,False,0.002646306063979864,0.000283828005194664,0.00011614135291893035,0.0003127167874481529,0.9903090596199036,0.00012013380910502747,0.005308138206601143,0.000747901271097362,0.00015579984756186604
ATCAACCTTTGTCT-1,0,Cytotoxic CD8 T cells,Cytotoxic CD8 T cells,True,True,0.9067630171775818,0.178262632430326,False,0.07277122139930725,0.003311606589704752,0.0007017831085249782,0.0013823682675138116,0.9067630171775818,0.0006202062359079719,0.0063406843692064285,0.0068964469246566296,0.00121266336645931
ATCACACTTTGTCT-1,2,IL7R+ memory/helper T cells,Activated/transitional T cells,True,False,0.9239035248756409,0.15284286744250694,False,0.9239035248756409,0.0019371425732970238,0.0010308298515155911,0.0033793356269598007,0.0035591740161180496,0.0013400719035416842,0.06075700744986534,0.00147818133700639,0.002614757278934121
ATCACGGATTTCGT-1,1,B cells,B cells,True,True,0.9988590478897095,0.004436335464931288,False,0.0009507248178124428,0.9988590478897095,1.4530143744195811e-05,3.108236342086457e-05,3.289730739197694e-05,2.528450932004489e-05,3.563450445653871e-05,1.8167342204833403e-05,3.26165281876456e-05
ATCATCTGACACCA-1,8,Platelets,Cytotoxic CD8 T cells,False,False,0.4268239736557007,0.647460546169241,True,0.3405757546424866,0.012243727222084999,0.010769050568342209,0.10636060684919357,0.4268239736557007,0.011821742169559002,0.025361310690641403,0.00895664282143116,0.05708723142743111
ATCATGCTAGAGTA-1,6,Activated/transitional T cells,Cytotoxic CD8 T cells,True,False,0.9487517476081848,0.11878450173161942,False,0.032573454082012177,0.01064207497984171,0.0004850814875680953,0.0008842979441396892,0.9487517476081848,0.0004774979315698147,0.0018687810515984893,0.0032799490727484226,0.001037049456499517
ATCATGCTGAACCT-1,1,B cells,B cells,True,True,0.9994186162948608,0.0026299584104639844,False,0.0003059699374716729,0.9994186162948608,2.2552321752300486e-05,3.071040555369109e-05,4.273479135008529e-05,2.6870317014981993e-05,0.00011690995597746223,1.6939464330789633e-05,1.8714263205765747e-05
ATCCAGGACGCTAA-1,4,CD16+ non-classical monocytes,CD16+ non-classical monocytes,True,True,0.9961769580841064,0.014743678709735256,False,0.00046569600817747414,0.000515652063768357,0.9961769580841064,0.0011098597897216678,0.00028953002765774727,0.0001672896178206429,0.0007368549704551697,0.00025958428159356117,0.00027856684755533934
ATCCAGGATGGAAA-1,2,IL7R+ memory/helper T cells,IL7R+ memory/helper T cells,True,True,0.9829667806625366,0.05271163422321976,False,0.0055435700342059135,0.00436934269964695,0.0005477708182297647,0.00099960807710886,0.001705481088720262,0.0005525010637938976,0.9829667806625366,0.000515802064910531,0.0027991796378046274
ATCCATACTCCTTA-1,3,Classical monocytes,Classical monocytes,True,True,0.9991746544837952,0.0037280915679134678,False,0.00025503698270767927,8.841422095429152e-05,0.0002164693723898381,0.9991746544837952,5.389165744418278e-05,3.430452852626331e-05,7.629279571119696e-05,5.316058377502486e-05,4.780422750627622e-05
ATCCATACTTCATC-1,4,CD16+ non-classical monocytes,CD16+ non-classical monocytes,True,True,0.9972165822982788,0.01090112770632202,False,0.0001985487760975957,0.00044854634325020015,0.9972165822982788,0.0010676748352125287,0.0001375600986648351,8.745453669689596e-05,0.0005804902757517993,0.00014042219845578074,0.00012272220919840038
ATCCCGTGCAGTCA-1,5,NK cells,NK cells,True,True,0.984343409538269,0.047760230467014886,False,0.0008959778933785856,0.0060585192404687405,0.00029775802977383137,0.0004993730690330267,0.005203199572861195,0.0006409292109310627,0.001553993090055883,0.984343409538269,0.0005068388418294489
ATCCCGTGCATGCA-1,1,B cells,B cells,True,True,0.9984667897224426,0.006049418996460608,False,0.0010404232889413834,0.9984667897224426,2.8793872843380086e-05,6.315040081972256e-05,9.427345503354445e-05,4.2266572563676164e-05,5.3679141274187714e-05,3.3621257898630574e-05,0.0001769487716956064
ATCCCGTGGCTGAT-1,1,B cells,B cells,True,True,0.998570442199707,0.005410186111321292,False,0.0011891985777765512,0.998570442199707,1.9427374354563653e-05,4.319331856095232e-05,2.879650674003642e-05,2.3321856133406982e-05,5.570536814047955e-05,1.9597904611146078e-05,5.025567952543497e-05
ATCCGCACGCATCA-1,1,B cells,B cells,True,True,0.9963490962982178,0.013720575717043387,False,0.001757797901518643,0.9963490962982178,0.0002462704142089933,0.00026643145247362554,0.0002161610609618947,0.00014364099479280412,0.000507699849549681,0.00012164697545813397,0.0003912577813025564
ATCCTAACGACGGA-1,1,B cells,B cells,True,True,0.9983536005020142,0.00610318474659061,False,0.0013818623265251517,0.9983536005020142,1.5984671335900202e-05,5.331238207872957e-05,4.188269667793065e-05,2.3612958102603443e-05,6.89240696374327e-05,2.220678834419232e-05,3.869362626574002e-05
ATCCTAACGCTACA-1,2,IL7R+ memory/helper T cells,Cytotoxic CD8 T cells,True,False,0.9923690557479858,0.025263758803004865,False,0.0020985915325582027,0.0006049331859685481,0.00014869048027321696,0.00024639375624246895,0.9923690557479858,0.0001406129595125094,0.0038327195215970278,0.00020546033920254558,0.00035349553218111396
ATCGACGAAACTGC-1,3,Classical monocytes,Classical monocytes,True,True,0.9991500377655029,0.0038529659486249497,False,0.00011589346831897274,0.00018010890926234424,0.0001577648799866438,0.9991500377655029,8.794162567937747e-05,3.3324904507026076e-05,0.0001997959625441581,3.713083788170479e-05,3.795789962168783e-05
ATCGACGAATGACC-1,7,Naive/resting T cells,Activated/transitional T cells,True,False,0.9673709869384766,0.08540748270121436,False,0.9673709869384766,0.0014147127512842417,0.0007269618799909949,0.001581172808073461,0.019738290458917618,0.000881566375028342,0.005029945634305477,0.0008685208158567548,0.0023877774365246296
ATCGAGTGGACGTT-1,0,Cytotoxic CD8 T cells,Cytotoxic CD8 T cells,True,True,0.9921768307685852,0.026695342107704332,False,0.0036717038601636887,0.0005940237897448242,0.00035064821713604033,0.00036671615089289844,0.9921768307685852,0.00020592246437445283,0.0011124592274427414,0.0009892124217003584,0.000532539386767894
ATCGCAGAATCTCT-1,4,CD16+ non-classical monocytes,CD16+ non-classical monocytes,True,True,0.9979181885719299,0.00855850553761885,False,0.00022286351304501295,0.00030568893998861313,0.9979181885719299,0.0006200218922458589,0.0001902286458062008,8.91032032086514e-05,0.0004496003093663603,0.00012446384062059224,7.98088512965478e-05
ATCGCAGAGTGTCA-1,1,B cells,B cells,True,True,0.9992141723632812,0.003334411369480754,False,0.0005521497805602849,0.9992141723632812,2.173597204091493e-05,3.9953069062903523e-05,3.926293720724061e-05,3.5001063224626705e-05,4.9354752263752744e-05,2.067243985948153e-05,2.773399683064781e-05
ATCGCCACTGAGGG-1,0,Cytotoxic CD8 T cells,Cytotoxic CD8 T cells,True,True,0.9973980188369751,0.010312395237103094,False,0.0009710993617773056,8.943380089476705e-05,0.00036127184284850955,0.00011521900160005316,0.9973980188369751,6.709118315484375e-05,0.0002944235457107425,0.00021921431471128017,0.00048421075916849077
ATCGCCTGGGTCAT-1,2,IL7R+ memory/helper T cells,IL7R+ memory/helper T cells,True,True,0.691107451915741,0.3249844639990806,False,0.2920600175857544,0.0019224296556785703,0.0011331220157444477,0.002467943588271737,0.0047141434624791145,0.0013237788807600737,0.691107451915741,0.001405439106747508,0.0038656266406178474
ATCGCCTGTGGCAT-1,1,B cells,B cells,True,True,0.988004744052887,0.03411022454560035,False,0.00972197949886322,0.988004744052887,0.00014204626495484263,0.00042664443026296794,0.00036515251849777997,0.00022272886417340487,0.0002884514397010207,0.00016849277017172426,0.0006597634055651724
ATCGCGCTCAGAGG-1,3,Classical monocytes,Classical monocytes,True,True,0.9991099238395691,0.003852118362065184,False,0.0004968995926901698,8.682884072186425e-05,0.00011616788833634928,0.9991099238395691,3.5134122299496084e-05,2.614282311697025e-05,4.9345318984705955e-05,3.1267623853636906e-05,4.82886862300802e-05
ATCGCGCTGGGATG-1,2,IL7R+ memory/helper T cells,IL7R+ memory/helper T cells,True,True,0.7979490160942078,0.2724619204483621,False,0.18246625363826752,0.0018403083086013794,0.0009653870365582407,0.0024620103649795055,0.00952389556914568,0.001239120028913021,0.7979490160942078,0.0014482822734862566,0.00210572755895555
ATCGCGCTTTTCGT-1,1,B cells,B cells,True,True,0.9990460276603699,0.00405190820940243,False,0.0005862215184606612,0.9990460276603699,2.987278458022047e-05,0.00010340120206819847,5.7689914683578536e-05,3.345784716657363e-05,4.927844202029519e-05,2.8880614991066977e-05,6.518453301396221e-05
ATCGGAACCAGTCA-1,6,Activated/transitional T cells,IL7R+ memory/helper T cells,True,False,0.6801706552505493,0.3677159121841588,False,0.27968069911003113,0.0024495040997862816,0.0016887809615582228,0.008379392325878143,0.0036158314906060696,0.0015808559255674481,0.6801706552505493,0.0026643816381692886,0.01976987160742283
ATCGGTGAGTCAAC-1,7,Naive/resting T cells,Activated/transitional T cells,True,False,0.9983635544776917,0.006998153841973618,False,0.9983635544776917,0.00030328225693665445,0.00010510673746466637,0.00017292505071964115,0.0003149813273921609,0.00011143445590278134,0.00030085036996752024,9.770274482434615e-05,0.00023016874911263585
ATCGGTGATTGCAG-1,2,IL7R+ memory/helper T cells,Activated/transitional T cells,True,False,0.5677505135536194,0.34908161295505796,False,0.5677505135536194,0.001641622744500637,0.0009322275291197002,0.002508370904251933,0.003611642401665449,0.001100834459066391,0.41909894347190857,0.0011777449399232864,0.002178093884140253
ATCGTTTGCCTACC-1,3,Classical monocytes,Classical monocytes,True,True,0.9992245435714722,0.0035576701975686058,False,0.00011520114640006796,0.00010058712359750643,0.00022657695808447897,0.9992245435714722,0.00011022918624803424,4.3345324229449034e-05,9.559650061419234e-05,3.805838423431851e-05,4.5807984861312434e-05
ATCGTTTGGGTACT-1,3,Classical monocytes,Classical monocytes,True,True,0.999494194984436,0.002434309097738003,False,0.00011177823034813628,4.61541858385317e-05,0.00010987831774400547,0.999494194984436,5.115398744237609e-05,3.3860254916362464e-05,6.244929681997746e-05,3.887198545271531e-05,5.1693736168090254e-05
ATCGTTTGTGCCAA-1,3,Classical monocytes,Classical monocytes,True,True,0.9173925518989563,0.17723708361609047,False,0.05425642058253288,0.004007051698863506,0.009133106097579002,0.9173925518989563,0.0034166122786700726,0.0016106859548017383,0.004014377947896719,0.002045162720605731,0.004124083090573549
ATCTACACCCGCTT-1,3,Classical monocytes,Classical monocytes,True,True,0.9991359114646912,0.0038924575534940086,False,0.0002926134329754859,6.301770190475509e-05,7.514016760978848e-05,0.9991359114646912,6.249474972719327e-05,0.00014845680561847985,3.345166624058038e-05,0.00014126453606877476,4.765684934682213e-05
ATCTACACCGGGAA-1,2,IL7R+ memory/helper T cells,IL7R+ memory/helper T cells,True,True,0.6804021596908569,0.407244988152587,False,0.241537407040596,0.003580300835892558,0.002353488700464368,0.004296985454857349,0.05268478766083717,0.0025016453582793474,0.6804021596908569,0.002656263764947653,0.009987009689211845
ATCTCAACAGGAGC-1,1,B cells,B cells,True,True,0.9992479681968689,0.003227590035890762,False,0.0004987310967408121,0.9992479681968689,1.866674210759811e-05,4.124516635783948e-05,8.884333510650322e-05,2.226346987299621e-05,2.8946020393050276e-05,1.718211751722265e-05,3.617417678469792e-05
ATCTCAACCTCGAA-1,6,Activated/transitional T cells,Activated/transitional T cells,True,True,0.7417632341384888,0.3475388199705716,False,0.7417632341384888,0.0029716629069298506,0.0015368979657068849,0.0037305932492017746,0.005215781275182962,0.002154045505449176,0.034036606550216675,0.0020021467935293913,0.206589013338089
ATCTCAACCTTGTT-1,3,Classical monocytes,Classical monocytes,True,True,0.999607264995575,0.0019087282931658292,False,0.00015056955453474075,2.1555559214903042e-05,4.3192376324441284e-05,0.999607264995575,3.1298048270400614e-05,5.147372212377377e-05,4.275920946383849e-05,2.1414303773781285e-05,3.049626866413746e-05
ATCTGGGAAACCAC-1,3,Classical monocytes,Classical monocytes,True,True,0.9883396625518799,0.03460680802707752,False,0.0004411835689097643,0.0009716805652715266,0.008453757502138615,0.9883396625518799,0.0005223511252552271,0.00015978557348717004,0.000679051096085459,0.00020631676306948066,0.00022616931528318673
ATCTGGGAAGTGTC-1,3,Classical monocytes,Classical monocytes,True,True,0.9968451261520386,0.012338703027623613,False,0.0003255593474023044,0.0006570818950422108,0.0010571940802037716,0.9968451261520386,0.00019156542839482427,0.00027602369664236903,0.00037247544969432056,0.0001423716894350946,0.0001326345227425918
ATCTGGGATTCCGC-1,0,Cytotoxic CD8 T cells,Cytotoxic CD8 T cells,True,True,0.9944955706596375,0.01848589861697192,False,0.0033859601244330406,9.678663627710193e-05,5.391417653299868e-05,0.00011751436977647245,0.9944955706596375,6.788217433495447e-05,0.00047283468302339315,0.0011830159928649664,0.00012654936290346086
ATCTGTTGAACGGG-1,2,IL7R+ memory/helper T cells,IL7R+ memory/helper T cells,True,True,0.8967539072036743,0.19169079138249298,False,0.07596904039382935,0.0027402823325246572,0.0008880386594682932,0.0018094471888616681,0.01939893513917923,0.0007450674893334508,0.8967539072036743,0.0007533628377132118,0.0009419281268492341
ATCTGTTGACCTCC-1,2,IL7R+ memory/helper T cells,Activated/transitional T cells,True,False,0.8686413168907166,0.22074878590090233,False,0.8686413168907166,0.0024435813538730145,0.0012804365251213312,0.00348694808781147,0.0046727764420211315,0.0016764181200414896,0.11032544821500778,0.0018474862445145845,0.0056255594827234745
ATCTGTTGCCTTCG-1,4,CD16+ non-classical monocytes,CD16+ non-classical monocytes,True,True,0.9152434468269348,0.16674511421715182,False,0.0034757875837385654,0.005050724372267723,0.9152434468269348,0.06681428104639053,0.0019916710443794727,0.0011673743138089776,0.0035795297008007765,0.0014064613496884704,0.0012707337737083435
ATCTGTTGGTTGCA-1,2,IL7R+ memory/helper T cells,IL7R+ memory/helper T cells,True,True,0.9921188354492188,0.026665885894322637,False,0.0030166807118803263,0.00023593859805259854,0.00014912083861418068,0.00031305471202358603,0.0015480471774935722,0.000498941692057997,0.9921188354492188,0.00015876616816967726,0.0019606081768870354
ATCTTGACACCAAC-1,2,IL7R+ memory/helper T cells,IL7R+ memory/helper T cells,True,True,0.8146193623542786,0.24907348700911638,False,0.17288489639759064,0.0012621058849617839,0.0008243463234975934,0.0015764383133500814,0.0033015816006809473,0.000928286521229893,0.8146193623542786,0.0008802478550933301,0.003722767112776637
ATCTTGACCTCCCA-1,3,Classical monocytes,Classical monocytes,True,True,0.9934753775596619,0.022785788863587977,False,0.0008743770304135978,0.0011407529236748815,0.0029613610822707415,0.9934753775596619,0.00038112173206172884,0.00019319930288475007,0.00031995357130654156,0.0002113356749759987,0.0004425831139087677
ATCTTTCTGCATCA-1,6,Activated/transitional T cells,Cytotoxic CD8 T cells,True,False,0.7217459082603455,0.32901028241144625,False,0.2510764002799988,0.0016305739991366863,0.0009822873398661613,0.002576591446995735,0.7217459082603455,0.0010979013750329614,0.00678109610453248,0.01167874876409769,0.0024305228143930435
ATCTTTCTGTTTCT-1,0,Cytotoxic CD8 T cells,Cytotoxic CD8 T cells,True,True,0.9907042384147644,0.029669285440894626,False,0.004945878870785236,0.0022269224282354116,0.0001059249771060422,0.0001946858101291582,0.9907042384147644,0.00011281065235380083,0.0010438699973747134,0.0004883383517153561,0.00017726783698890358
ATCTTTCTTGTCCC-1,5,NK cells,NK cells,True,True,0.992767333984375,0.02281884360558573,False,0.00036713146255351603,0.00012037346459692344,0.00015562603948637843,0.00015525426715612411,0.00547499256208539,0.00023821380455046892,0.0003600344352889806,0.992767333984375,0.0003610318817663938
ATGAAACTCTGTGA-1,2,IL7R+ memory/helper T cells,Cytotoxic CD8 T cells,True,False,0.6742556095123291,0.405320856720474,False,0.09451723098754883,0.0016766901826485991,0.000892232870683074,0.004185671452432871,0.6742556095123291,0.0011450860183686018,0.22001340985298157,0.001198417623527348,0.0021156705915927887
ATGAAACTGAGGCA-1,7,Naive/resting T cells,Activated/transitional T cells,True,False,0.9966229200363159,0.012949584871407462,False,0.9966229200363159,0.000759296293836087,8.371526200789958e-05,0.00020038742513861507,0.0003403793089091778,0.00011615133553277701,0.0012726879213005304,0.00022750372590962797,0.00037699934910051525
ATGAAGGAACAGCT-1,0,Cytotoxic CD8 T cells,Cytotoxic CD8 T cells,True,True,0.9975392818450928,0.009783870604464933,False,0.0009884099708870053,0.00024001211568247527,9.382745338371024e-05,0.00013010214024689049,0.9975392818450928,8.031995821511373e-05,0.0005091971252113581,0.00019832741236314178,0.00022049360268283635
ATGAAGGACCTGTC-1,1,B cells,B cells,True,True,0.997917115688324,0.007538098578724799,False,0.0017193019157275558,0.997917115688324,2.3689430236117914e-05,4.81639763165731e-05,5.996253094053827e-05,3.2491494494024664e-05,0.00011793081648647785,3.377685425220989e-05,4.752446693601087e-05
ATGAAGGACCTTAT-1,1,B cells,B cells,True,True,0.9944941401481628,0.018376840116834207,False,0.003930998034775257,0.9944941401481628,0.00012769630120601505,0.0003735808131750673,0.0002796329208649695,0.0001642194256419316,0.00027043078443966806,0.00012236219481565058,0.00023691456590313464
ATGAAGGACTAGTG-1,1,B cells,B cells,True,True,0.9601309895515442,0.09494756591197807,False,0.029875243082642555,0.9601309895515442,0.0005382403614930809,0.0015207973774522543,0.0018414666410535574,0.0007762729655951262,0.0013844561763107777,0.0017707176739349961,0.0021618311293423176
ATGAAGGACTTGCC-1,5,NK cells,NK cells,True,True,0.9974580407142639,0.010105385448881309,False,0.0003162396315019578,0.0002686564112082124,9.460724686505273e-05,0.00011444704432506114,0.0010370768141001463,0.00032505663693882525,0.0002846956194844097,0.9974580407142639,0.00010124247637577355
ATGACGTGACGACT-1,1,B cells,B cells,True,True,0.9985144734382629,0.005607781852731463,False,0.0012314794585108757,0.9985144734382629,2.783716809062753e-05,4.958613499184139e-05,4.1267787310061976e-05,2.6069872546941042e-05,4.83726616948843e-05,2.1407731765066274e-05,3.9522808947367594e-05
ATGACGTGATCGGT-1,4,CD16+ non-classical monocytes,CD16+ non-classical monocytes,True,True,0.9616475105285645,0.08073811499700351,False,0.0004857339954469353,0.0007415605941787362,0.9616475105285645,0.03563893586397171,0.0003126942028757185,0.00018191519484389573,0.0005621328600682318,0.00026943767443299294,0.00016005775250960141
ATGAGAGAAAGTGA-1,2,IL7R+ memory/helper T cells,IL7R+ memory/helper T cells,True,True,0.9762435555458069,0.05885988895826724,False,0.019997617229819298,0.0006518939626403153,0.00018209846166428179,0.0005559569108299911,0.00120726868044585,0.00022754256497137249,0.9762435555458069,0.00027861821581609547,0.0006554425926879048
ATGAGAGAACGCAT-1,2,IL7R+ memory/helper T cells,Activated/transitional T cells,True,False,0.9390584230422974,0.11916670214492618,False,0.9390584230422974,0.0008071842021308839,0.0005215003620833158,0.0009896064875647426,0.0015356512740254402,0.0005745554226450622,0.05456610769033432,0.0005599670112133026,0.0013869669055566192
ATGAGAGAAGTAGA-1,1,B cells,B cells,True,True,0.9992848038673401,0.003102383798410705,False,0.0004674846713896841,0.9992848038673401,2.0510629838099703e-05,4.7963261749828234e-05,6.539602327393368e-05,2.5553850719006732e-05,3.822783037321642e-05,2.0114453946007416e-05,2.9939825253677554e-05
ATGAGCACACAGCT-1,7,Naive/resting T cells,Activated/transitional T cells,True,False,0.996192216873169,0.014117717118116739,False,0.996192216873169,0.0001954236504388973,0.00011194370017619804,0.00030951565713621676,0.00027998193399980664,0.0001340703311143443,0.00197289208881557,0.00029520841781049967,0.000508693337906152
ATGAGCACATCTTC-1,2,IL7R+ memory/helper T cells,Activated/transitional T cells,True,False,0.9884374737739563,0.03450141636455014,False,0.9884374737739563,0.0008017058717086911,0.0001973850157810375,0.0004209033213555813,0.0004589002055581659,0.00031538846087642014,0.00833241268992424,0.00023951538605615497,0.000796327309217304
ATGATAACTTCACT-1,5,NK cells,NK cells,True,True,0.8526149988174438,0.23018298447950306,False,0.009515436366200447,0.0008153056260198355,0.001006729668006301,0.0010607402073219419,0.12776994705200195,0.0032628183253109455,0.003098205430433154,0.8526149988174438,0.0008558323606848717
ATGATATGAAACAG-1,2,IL7R+ memory/helper T cells,IL7R+ memory/helper T cells,True,True,0.8504893779754639,0.21715750100262257,False,0.13954487442970276,0.0015788233140483499,0.0007824706262908876,0.001675190287642181,0.002550183329731226,0.0009368467144668102,0.8504893779754639,0.0010110897710546851,0.0014311796985566616
ATGATATGACTGGT-1,7,Naive/resting T cells,Activated/transitional T cells,True,False,0.9989882111549377,0.004428555226430677,False,0.9989882111549377,7.2439135692548e-05,3.897228089044802e-05,8.870883903000504e-05,9.752259938977659e-05,5.15717692906037e-05,0.0004388887609820813,5.2958395826863125e-05,0.0001707056217128411
ATGATATGAGCACT-1,7,Naive/resting T cells,Activated/transitional T cells,True,False,0.9834938049316406,0.052600665224425254,False,0.9834938049316406,0.003611586755141616,0.0007138884393498302,0.001676723943091929,0.002191210864111781,0.0009699645452201366,0.00440019927918911,0.0009277984499931335,0.002014844212681055
ATGATATGGTCATG-1,7,Naive/resting T cells,Activated/transitional T cells,True,False,0.9967016577720642,0.01295712728345507,False,0.9967016577720642,0.00030689092818647623,0.00016187415167223662,0.00036040812847204506,0.0004367660731077194,0.00021054221724625677,0.0007337580900639296,0.00021601907792501152,0.0008721195627003908
ATGATATGGTGCTA-1,5,NK cells,Cytotoxic CD8 T cells,True,False,0.6523821949958801,0.34200179553149174,False,0.0061246659606695175,0.0010427781380712986,0.0023920871317386627,0.0018540919991210103,0.6523821949958801,0.0010454447474330664,0.005581376142799854,0.32864663004875183,0.0009307595319114625
ATGATATGTTGTCT-1,3,Classical monocytes,Classical monocytes,True,True,0.9915280342102051,0.028503964919475943,False,0.0006399970152415335,0.0016270597698166966,0.003586550010368228,0.9915280342102051,0.000390291417716071,0.00023565693118143827,0.0015168902464210987,0.00024767511058598757,0.00022784566681366414
ATGCACGAATGTCG-1,1,B cells,B cells,True,True,0.9938357472419739,0.02074138192870218,False,0.0035571332555264235,0.9938357472419739,0.0001243817969225347,0.0014225126942619681,0.0002572243975009769,0.0001621251431060955,0.00019746205362025648,0.00014248996740207076,0.0003008456842508167
ATGCACGACTGTAG-1,2,IL7R+ memory/helper T cells,IL7R+ memory/helper T cells,True,True,0.5508736968040466,0.4939276301661443,False,0.35492298007011414,0.009204288944602013,0.004647952504456043,0.014330748468637466,0.026259975507855415,0.007133942563086748,0.5508736968040466,0.007590672001242638,0.025035753846168518
ATGCACGAGAACCT-1,1,B cells,B cells,True,True,0.9975753426551819,0.009223243260076178,False,0.0014052558690309525,0.9975753426551819,4.3408319470472634e-05,8.622070890851319e-05,0.00012053865793859586,5.8835779782384634e-05,0.0004819661262445152,4.592433469952084e-05,0.00018251706205774099
ATGCACGAGTTCGA-1,7,Naive/resting T cells,Activated/transitional T cells,True,False,0.9825599789619446,0.05045540760264369,False,0.9825599789619446,0.0006438714335672557,0.00032614509109407663,0.0007008815300650895,0.001277608796954155,0.00044208933832123876,0.010504810139536858,0.00044993514893576503,0.003094638232141733
ATGCACGATTGGTG-1,4,CD16+ non-classical monocytes,Classical monocytes,True,False,0.9793053269386292,0.05280591449571522,False,0.0005221738247200847,0.000674267066642642,0.01725386269390583,0.9793053269386292,0.0003223124658688903,0.0002280112385051325,0.0012280979426577687,0.00023956889344844967,0.00022637323127128184
ATGCAGTGTTACCT-1,1,B cells,B cells,True,True,0.9989744424819946,0.004451289588288039,False,0.00045088984188623726,0.9989744424819946,3.073870902881026e-05,9.005756146507338e-05,0.00013781125016976148,3.364540680195205e-05,0.00018069018551614136,2.688902895897627e-05,7.489746349165216e-05
ATGCAGTGTTCTAC-1,2,IL7R+ memory/helper T cells,IL7R+ memory/helper T cells,True,True,0.7759908437728882,0.3329976788954322,False,0.0895368829369545,0.0012225356185808778,0.0007585667772218585,0.0016012933338060975,0.12506930530071259,0.0008957663085311651,0.7759908437728882,0.0009332720073871315,0.003991473000496626
ATGCCAGAACGACT-1,2,IL7R+ memory/helper T cells,Activated/transitional T cells,True,False,0.8934547305107117,0.1933221055600616,False,0.8934547305107117,0.005877579562366009,0.0014375729952007532,0.002793104387819767,0.003342796815559268,0.0015583173371851444,0.08726975321769714,0.0016593723557889462,0.002606804948300123
ATGCCAGACAGTCA-1,3,Classical monocytes,Classical monocytes,True,True,0.9994599223136902,0.002574528939280004,False,0.00011968220496783033,7.189829921117052e-05,0.00011771124991355464,0.9994599223136902,5.2218012569937855e-05,3.0651019187644124e-05,8.205987251130864e-05,3.184956221957691e-05,3.401236608624458e-05
ATGCCGCTTGAACC-1,3,Classical monocytes,Classical monocytes,True,True,0.9975359439849854,0.009567754767149878,False,0.00033849425381049514,0.0004658332618419081,0.0012151524424552917,0.9975359439849854,7.753754471195862e-05,6.020763612468727e-05,0.00014372820442076772,8.855166379362345e-05,7.457231549778953e-05
ATGCGATGCTATGG-1,3,Classical monocytes,Classical monocytes,True,True,0.9953293800354004,0.017315347057269247,False,0.00043279395322315395,0.0007026189123280346,0.0018122559413313866,0.9953293800354004,0.0002757877518888563,0.0001749060902511701,0.0007102509262040257,0.00019437208538874984,0.0003676523338072002
ATGCGATGCTGAGT-1,2,IL7R+ memory/helper T cells,Activated/transitional T cells,True,False,0.7112257480621338,0.3554520690339464,False,0.7112257480621338,0.004582745488733053,0.0019084032392129302,0.004412280395627022,0.02252797596156597,0.0021156971342861652,0.24733345210552216,0.002074894495308399,0.0038188144098967314
ATGCGATGGTTACG-1,1,B cells,B cells,True,True,0.9985648989677429,0.005463564856454069,False,0.0011667131911963224,0.9985648989677429,1.7768155885278247e-05,3.8636619137832895e-05,3.15181132464204e-05,2.1502075469470583e-05,7.554099283879623e-05,1.949617944774218e-05,6.399992707883939e-05
ATGCGCCTTCATTC-1,7,Naive/resting T cells,Activated/transitional T cells,True,False,0.9962691068649292,0.014058983505842237,False,0.9962691068649292,0.00028713198844343424,0.0001467785914428532,0.00032840261701494455,0.0004276496183592826,0.00019184075063094497,0.0017504445277154446,0.00020079138630535454,0.0003978624299634248
ATGCTTTGCGAATC-1,2,IL7R+ memory/helper T cells,Activated/transitional T cells,True,False,0.8056172728538513,0.27245833834518646,False,0.8056172728538513,0.0033553731627762318,0.001276440336368978,0.0025820457376539707,0.007053278386592865,0.0013906819513067603,0.1727304607629776,0.0015519624575972557,0.004442551638931036
ATGCTTTGGGCGAA-1,6,Activated/transitional T cells,Cytotoxic CD8 T cells,True,False,0.960616409778595,0.08823285839043628,False,0.03281037509441376,0.0003702068643178791,0.00020834457245655358,0.0004578117514029145,0.960616409778595,0.0002708874817471951,0.001376782776787877,0.0030195126309990883,0.0008696121512912214
ATGCTTTGTAGTCG-1,1,B cells,B cells,True,True,0.9988648891448975,0.004489160723443,False,0.0008982670260593295,0.9988648891448975,2.015572681557387e-05,4.041493957629427e-05,4.082902887603268e-05,3.3839125535450876e-05,4.876418461208232e-05,2.187167774536647e-05,3.0940227588871494e-05
ATGGACACATCGGT-1,2,IL7R+ memory/helper T cells,IL7R+ memory/helper T cells,True,True,0.9521817564964294,0.09595573952336584,False,0.04436024650931358,0.00042374813347123563,0.00021106345229782164,0.0005050263716839254,0.0008348478004336357,0.00027995542041026056,0.9521817564964294,0.00040903507033362985,0.0007942811935208738
ATGGACACGCATCA-1,5,NK cells,Cytotoxic CD8 T cells,True,False,0.8081545829772949,0.2675715396923542,False,0.007912765257060528,0.0013005930231884122,0.0008249093079939485,0.001973008271306753,0.8081545829772949,0.000940202793572098,0.0040230886079370975,0.1714026927947998,0.003468130948022008
ATGGGTACAACCTG-1,1,B cells,B cells,True,True,0.9986573457717896,0.005260761265555065,False,0.0010210477048531175,0.9986573457717896,2.5692339477245696e-05,6.058363942429423e-05,5.861181125510484e-05,3.5571425542002544e-05,7.994974293978885e-05,2.885652611439582e-05,3.231077789678238e-05
ATGGGTACATCGGT-1,5,NK cells,NK cells,True,True,0.9981574416160583,0.007632731241567199,False,0.00028624196420423687,0.0002120997232850641,6.985314394114539e-05,0.00013773480895906687,0.0006208981503732502,7.474861922673881e-05,0.0003634591994341463,0.9981574416160583,7.754945545457304e-05
ATGGGTACTATTCC-1,2,IL7R+ memory/helper T cells,IL7R+ memory/helper T cells,True,True,0.4623364210128784,0.5091762118876494,True,0.4423527121543884,0.0127656115218997,0.007189522031694651,0.015168663114309311,0.02614964358508587,0.009463396854698658,0.4623364210128784,0.009005774743855,0.015568206086754799
ATGGGTACTGGGAG-1,2,IL7R+ memory/helper T cells,Activated/transitional T cells,True,False,0.49569013714790344,0.5081491364141854,True,0.49569013714790344,0.01479307096451521,0.00436336500570178,0.008642288856208324,0.034823328256607056,0.004551129415631294,0.401524156332016,0.005265231244266033,0.03034723736345768
ATGTAAACACCTCC-1,2,IL7R+ memory/helper T cells,Activated/transitional T cells,True,False,0.8144829869270325,0.33817848752496993,False,0.8144829869270325,0.05615967512130737,0.0027550198137760162,0.004686777479946613,0.003862034762278199,0.0019792953971773386,0.060805462300777435,0.002047767164185643,0.053220946341753006
ATGTAAACCCGCTT-1,2,IL7R+ memory/helper T cells,IL7R+ memory/helper T cells,True,True,0.7315472364425659,0.28419158671806577,False,0.2619868218898773,0.001102165668271482,0.0005242711049504578,0.0010960197541862726,0.0012813200009986758,0.0006065329071134329,0.7315472364425659,0.0006474522524513304,0.0012081970926374197
ATGTAAACGGGATG-1,3,Classical monocytes,Classical monocytes,True,True,0.9989534616470337,0.004601739427785645,False,0.00010043093061540276,0.00017441390082240105,0.00038573937490582466,0.9989534616470337,0.00011214580445084721,4.550630910671316e-05,0.0001426106464350596,4.636296580429189e-05,3.9283924706978723e-05
ATGTAAACTCTCCG-1,2,IL7R+ memory/helper T cells,Cytotoxic CD8 T cells,True,False,0.9645403027534485,0.08518897980471937,False,0.007353825494647026,0.0005385956610552967,0.0003025023324880749,0.0009738593944348395,0.9645403027534485,0.0003695033665280789,0.024803906679153442,0.00047576086944900453,0.0006417653639800847
ATGTAAACTTCACT-1,3,Classical monocytes,Classical monocytes,True,True,0.9983805418014526,0.006761820424753012,False,0.0001565183629281819,0.00016327117918990552,0.0005629963707178831,0.9983805418014526,7.529159483965486e-05,5.060694456915371e-05,0.00041410181438550353,5.046111255069263e-05,0.00014621304580941796
ATGTACCTCAGTCA-1,7,Naive/resting T cells,Activated/transitional T cells,True,False,0.4107377231121063,0.5702331377812178,True,0.4107377231121063,0.003832882037386298,0.0020541457924991846,0.006025474052876234,0.0593550018966198,0.0026814064476639032,0.3948051631450653,0.0038926098495721817,0.11661561578512192
ATGTACCTTAGTCG-1,2,IL7R+ memory/helper T cells,IL7R+ memory/helper T cells,True,True,0.9798873662948608,0.05076708512472836,False,0.017364470288157463,0.0003085430071223527,0.00026774362777359784,0.00039113525417633355,0.0008314652950502932,0.00024232467694673687,0.9798873662948608,0.00022887374507263303,0.0004780909512192011
ATGTACCTTTATCC-1,3,Classical monocytes,Classical monocytes,True,True,0.9990479350090027,0.00417748831689704,False,0.0001719128922559321,0.00042286780080758035,7.535672921221703e-05,0.9990479350090027,9.778062667464837e-05,5.0442671636119485e-05,6.0140155255794525e-05,4.071763396495953e-05,3.279604061390273e-05
ATGTACCTTTCACT-1,0,Cytotoxic CD8 T cells,Cytotoxic CD8 T cells,True,True,0.992567777633667,0.025672801975338205,False,0.0008316458552144468,0.0004767383506987244,0.000439553550677374,0.0007329334621317685,0.992567777633667,0.000153448898345232,0.0015223681693896651,0.0030551012605428696,0.00022039501345716417
ATGTCACTAATGCC-1,3,Classical monocytes,Classical monocytes,True,True,0.9992377758026123,0.0035062770841195524,False,0.00013204359856899828,5.776540274382569e-05,0.00019141272059641778,0.9992377758026123,6.1908365751151e-05,5.5760938266757876e-05,0.0001626755838515237,5.766258618677966e-05,4.298856219975278e-05
ATGTCACTCTGCTC-1,2,IL7R+ memory/helper T cells,Activated/transitional T cells,True,False,0.7260380983352661,0.41625095300429404,False,0.7260380983352661,0.005617775954306126,0.002617111662402749,0.04243410378694534,0.013023652136325836,0.018293267115950584,0.1784788817167282,0.003764902940019965,0.009732233360409737
ATGTCGGAGGTGAG-1,2,IL7R+ memory/helper T cells,IL7R+ memory/helper T cells,True,True,0.7620171904563904,0.3144561318144105,False,0.2091141790151596,0.005277910269796848,0.003261337522417307,0.004087391309440136,0.0068586645647883415,0.0023134220391511917,0.7620171904563904,0.0024072423111647367,0.00466268602758646
ATGTTCACAGTCTG-1,3,Classical monocytes,Classical monocytes,True,True,0.9871234893798828,0.03942917788862513,False,0.002125978469848633,0.0011412396561354399,0.007462950423359871,0.9871234893798828,0.0004906192189082503,0.00024509901413694024,0.0007108692079782486,0.0002599682193249464,0.00043979453039355576
ATGTTCACCGTAGT-1,2,IL7R+ memory/helper T cells,IL7R+ memory/helper T cells,True,True,0.4132813513278961,0.6481162312712343,True,0.3534836769104004,0.016081903129816055,0.011386270634829998,0.019749995321035385,0.049703169614076614,0.0112298633903265,0.4132813513278961,0.010795097798109055,0.11428864300251007
ATGTTGCTTTCAGG-1,2,IL7R+ memory/helper T cells,IL7R+ memory/helper T cells,True,True,0.7362638115882874,0.40092463206267714,False,0.1393602192401886,0.009750031866133213,0.0028236298821866512,0.005466466769576073,0.09341888129711151,0.002967186737805605,0.7362638115882874,0.0029691981617361307,0.006980521138757467
ATTAACGATGAGAA-1,5,NK cells,Cytotoxic CD8 T cells,True,False,0.5123666524887085,0.4377024686245537,False,0.023060807958245277,0.004782290197908878,0.0048703402280807495,0.005754216108471155,0.5123666524887085,0.003313889494165778,0.007807109039276838,0.43182769417762756,0.006217004731297493
ATTAACGATGCAAC-1,0,Cytotoxic CD8 T cells,Cytotoxic CD8 T cells,True,True,0.9811909794807434,0.05170097388484672,False,0.0020195506513118744,0.0002658265584614128,0.00013588102592620999,0.0011124559678137302,0.9811909794807434,0.00018146685033570975,0.0012829027837142348,0.013288211077451706,0.00052271643653512
ATTAAGACTGCAGT-1,2,IL7R+ memory/helper T cells,IL7R+ memory/helper T cells,True,True,0.9898804426193237,0.030639686371642993,False,0.007419615052640438,0.000313231983454898,0.00016631024482194334,0.0003620581410359591,0.0008531413623131812,0.0002217240398749709,0.9898804426193237,0.0003198912600055337,0.0004636231460608542
ATTACCTGCCTTAT-1,3,Classical monocytes,Classical monocytes,True,True,0.9996019005775452,0.00195507974559402,False,7.1887465310283e-05,9.58490782068111e-05,4.159610762144439e-05,0.9996019005775452,2.91266569547588e-05,2.1988073058309965e-05,7.044179074000567e-05,3.7657049688277766e-05,2.9564125725300983e-05
ATTACCTGGAGGAC-1,4,CD16+ non-classical monocytes,CD16+ non-classical monocytes,True,True,0.9920477271080017,0.024461630998100805,False,0.0002862484834622592,0.0003515678981784731,0.9920477271080017,0.006186303216964006,0.00023977865930646658,0.0001022389333229512,0.0005208301590755582,0.00016566776321269572,9.96123199001886e-05
ATTAGATGTTTCAC-1,7,Naive/resting T cells,Activated/transitional T cells,True,False,0.9908660054206848,0.02937636881819942,False,0.9908660054206848,0.005405004136264324,0.0001708231575321406,0.0005273368442431092,0.0005457454826682806,0.0002364533138461411,0.00138275686185807,0.00022030960826668888,0.0006456403061747551
ATTATGGAATCTCT-1,2,IL7R+ memory/helper T cells,IL7R+ memory/helper T cells,True,True,0.5850694179534912,0.44049675061736415,False,0.3478522002696991,0.0055075702257454395,0.0029001773800700903,0.007174287922680378,0.033001676201820374,0.003921182826161385,0.5850694179534912,0.006388911511749029,0.008184531703591347
ATTCAAGAACGGGA-1,7,Naive/resting T cells,Activated/transitional T cells,True,False,0.9985353946685791,0.006251847114776046,False,0.9985353946685791,0.00023656537814531475,5.355325629352592e-05,0.00015938084106892347,0.00013828245573677123,6.64774706820026e-05,0.0002981795114465058,7.206185546237975e-05,0.00044013597653247416
ATTCAAGACCTTTA-1,2,IL7R+ memory/helper T cells,IL7R+ memory/helper T cells,True,True,0.7531408071517944,0.38444130840876845,False,0.14271506667137146,0.006713150069117546,0.003283990081399679,0.007871604524552822,0.07294075191020966,0.003226375672966242,0.7531408071517944,0.004367805551737547,0.00574043532833457
ATTCAGCTCATTGG-1,8,Platelets,Classical monocytes,False,False,0.9764690399169922,0.06351675143653862,False,0.011319241486489773,0.00041836025775410235,0.0003656309563666582,0.9764690399169922,0.00926852598786354,0.00035866949474439025,0.000847753370180726,0.0002832904865499586,0.0006695038173347712
ATTCCAACCATTGG-1,3,Classical monocytes,Classical monocytes,True,True,0.9994432330131531,0.0026136135690168942,False,7.439877663273364e-05,3.1414881959790364e-05,0.00017635223048273474,0.9994432330131531,6.706386193400249e-05,2.4772656615823507e-05,0.0001282517478102818,2.7729935027309693e-05,2.6723982955445535e-05
ATTCCAACTTAGGC-1,5,NK cells,NK cells,True,True,0.9768102169036865,0.06227014060246759,False,0.005603366065770388,0.0007360050803981721,0.00018437128164805472,0.0008655993733555079,0.014276794157922268,0.00020338987815193832,0.0010200673714280128,0.9768102169036865,0.00030013814102858305
ATTCGACTCACTAG-1,2,IL7R+ memory/helper T cells,Cytotoxic CD8 T cells,True,False,0.51045161485672,0.34753737741512275,False,0.005089388694614172,0.0007097547058947384,0.00038005580427125096,0.000952510570641607,0.51045161485672,0.0027527750935405493,0.47832608222961426,0.0005153504898771644,0.0008224909543059766
ATTCGACTGAATAG-1,3,Classical monocytes,Classical monocytes,True,True,0.9991270899772644,0.003917326038353711,False,0.00028660689713433385,5.5233573220903054e-05,0.00019902783969882876,0.9991270899772644,7.985046249814332e-05,3.416997424210422e-05,0.0001219873083755374,4.301361332181841e-05,5.3082771046319976e-05
ATTCGACTTTTGTC-1,4,CD16+ non-classical monocytes,CD16+ non-classical monocytes,True,True,0.9896417260169983,0.0337097513224142,False,0.0007837214507162571,0.005328970029950142,0.9896417260169983,0.0013438969617709517,0.00048011846956796944,0.0006740944809280336,0.0009549843962304294,0.0005515857483260334,0.00024094215768855065
ATTCGGGAAAGGCG-1,3,Classical monocytes,Classical monocytes,True,True,0.9880064129829407,0.03248364621017289,False,0.00027013308135792613,3.187411857652478e-05,0.000106970859633293,0.9880064129829407,0.0009724813862703741,2.2222033294383436e-05,8.302148489747196e-05,0.01046103984117508,4.590149183059111e-05
ATTCGGGATTAGGC-1,2,IL7R+ memory/helper T cells,Activated/transitional T cells,True,False,0.6800872683525085,0.3836437418213267,False,0.6800872683525085,0.008827928453683853,0.002569716889411211,0.005386644974350929,0.008303121663630009,0.003094489686191082,0.27279406785964966,0.0030677723698318005,0.01586892642080784
ATTCTTCTGATACC-1,6,Activated/transitional T cells,Cytotoxic CD8 T cells,True,False,0.8858060240745544,0.20971280466430803,False,0.03771815821528435,0.0012701763771474361,0.0005467291339300573,0.0011802335502579808,0.8858060240745544,0.0006894661346450448,0.07007034868001938,0.0012191749410703778,0.0014997016405686736
ATTGAATGGACGGA-1,2,IL7R+ memory/helper T cells,IL7R+ memory/helper T cells,True,True,0.5512906908988953,0.43555277710283924,False,0.39326465129852295,0.009701266884803772,0.003300790674984455,0.007476188708096743,0.008994707837700844,0.005867478903383017,0.5512906908988953,0.0041177887469530106,0.0159864854067564
ATTGATGAAGGTTC-1,7,Naive/resting T cells,Activated/transitional T cells,True,False,0.9987977743148804,0.005211273139300279,False,0.9987977743148804,0.00042931316420435905,4.2732855945359915e-05,0.0001324964832747355,0.00016544805839657784,5.707473246729933e-05,0.00022773616365157068,5.651808169204742e-05,9.093037078855559e-05
ATTGATGACTGAGT-1,2,IL7R+ memory/helper T cells,Activated/transitional T cells,True,False,0.6149488091468811,0.43443840420317575,False,0.6149488091468811,0.006858179345726967,0.00338279758580029,0.008129902184009552,0.00824062991887331,0.004287926014512777,0.31662261486053467,0.004020149353891611,0.03350900113582611
ATTGATGAGCGAAG-1,2,IL7R+ memory/helper T cells,IL7R+ memory/helper T cells,True,True,0.6356751918792725,0.5070686320561615,False,0.23901326954364777,0.014340448193252087,0.007952340878546238,0.017054416239261627,0.04387200251221657,0.00987478718161583,0.6356751918792725,0.01338004507124424,0.01883750781416893
ATTGATGATCTATC-1,7,Naive/resting T cells,Activated/transitional T cells,True,False,0.6611364483833313,0.4408267339783347,False,0.6611364483833313,0.0048087602481245995,0.0026488746516406536,0.006341458298265934,0.08440449833869934,0.0034073940478265285,0.22599108517169952,0.0033976316917687654,0.007863786071538925
ATTGCACTGACGGA-1,7,Naive/resting T cells,Activated/transitional T cells,True,False,0.995591402053833,0.016874792662190066,False,0.995591402053833,0.000382095982786268,0.00020667508943006396,0.0005647798534482718,0.0006755341310054064,0.0008849590667523444,0.0007383786141872406,0.0002701632911339402,0.0006860151770524681
ATTGCACTGAGAGC-1,4,CD16+ non-classical monocytes,CD16+ non-classical monocytes,True,True,0.9931479096412659,0.023182303919612738,False,0.0004271371872164309,0.0005513589712791145,0.9931479096412659,0.004025566391646862,0.0005025435239076614,0.00018383418500889093,0.0005646432982757688,0.00024053634842857718,0.0003564631624612957
ATTGCACTGGAGCA-1,3,Classical monocytes,Classical monocytes,True,True,0.9993334412574768,0.003097068610792596,False,0.00017256855790037662,7.60484763304703e-05,0.00014260748866945505,0.9993334412574768,0.00011721737973857671,2.9649689167854376e-05,5.5824861192377284e-05,3.971234764321707e-05,3.294238558737561e-05
ATTGCACTTAGCCA-1,2,IL7R+ memory/helper T cells,IL7R+ memory/helper T cells,True,True,0.7954854369163513,0.30482636897859866,False,0.1647498905658722,0.0025850171223282814,0.0018893389496952295,0.004336141981184483,0.016419794410467148,0.0018710460280999541,0.7954854369163513,0.001851901994086802,0.010811462998390198
ATTGCACTTGCTTT-1,4,CD16+ non-classical monocytes,CD16+ non-classical monocytes,True,True,0.9964333772659302,0.0137732153058932,False,0.00033786564017646015,0.0004250157217029482,0.9964333772659302,0.0009672855958342552,0.0006089918897487223,0.00010119008948095143,0.0007999621448107064,0.00017469712474849075,0.00015156425070017576
ATTGCTTGTTACTC-1,1,B cells,B cells,True,True,0.9991503953933716,0.0036888284176798745,False,0.0004548579454421997,0.9991503953933716,2.2125794203020632e-05,4.8281988711096346e-05,0.00010430360998725519,2.389459405094385e-05,0.0001403052592650056,1.996102582779713e-05,3.587995524867438e-05
ATTGGTCTGACTAC-1,1,B cells,B cells,True,True,0.9989137649536133,0.004800696900469167,False,0.00025810065562836826,0.9989137649536133,6.311567267403007e-05,9.397108078701422e-05,0.00014123717846814543,6.283921538852155e-05,0.00030933201196603477,6.87647407175973e-05,8.892914047464728e-05
ATTGGTCTTGTCTT-1,1,B cells,B cells,True,True,0.992360532283783,0.023965457936899765,False,0.0056661320850253105,0.992360532283783,0.00010888890392379835,0.0006819551344960928,0.00035576787195168436,0.00015140364121180028,0.00018706679111346602,0.00013072699948679656,0.00035757815930992365
ATTGTAGATTCCCG-1,3,Classical monocytes,Classical monocytes,True,True,0.9984111785888672,0.006730577036142026,False,0.00016338414570782334,0.00029954605270177126,0.0004083538369741291,0.9984111785888672,9.337899246020243e-05,8.096922829281539e-05,0.0003789698239415884,7.689597259741277e-05,8.734661969356239e-05
ATTGTAGATTGCAG-1,2,IL7R+ memory/helper T cells,Activated/transitional T cells,True,False,0.5493530631065369,0.496159944822988,False,0.5493530631065369,0.004065373446792364,0.0036891279742121696,0.006356364581733942,0.30252310633659363,0.0029187218751758337,0.12149593979120255,0.0038869869895279408,0.005711335223168135
ATTGTCTGCGTACA-1,2,IL7R+ memory/helper T cells,IL7R+ memory/helper T cells,True,True,0.7404309511184692,0.3027967738269917,False,0.24224956333637238,0.003368060803040862,0.0007348135113716125,0.005546906962990761,0.0013775966363027692,0.000670462439302355,0.7404309511184692,0.0012236565817147493,0.004398008342832327
ATTTAGGAACCATG-1,4,CD16+ non-classical monocytes,CD16+ non-classical monocytes,True,True,0.9952813982963562,0.01647212279027558,False,0.00022728006297256798,0.00021495801047421992,0.9952813982963562,0.0028729618061333895,0.00015011525829322636,9.27475921344012e-05,0.0008294979925267398,0.00015901486040093005,0.00017201020091306418
ATTTAGGACAGAGG-1,2,IL7R+ memory/helper T cells,IL7R+ memory/helper T cells,True,True,0.9513310790061951,0.10668592905456888,False,0.039570458233356476,0.001022127689793706,0.0008082111016847193,0.0014273292617872357,0.003068464808166027,0.0007276865653693676,0.9513310790061951,0.0007221242412924767,0.0013225511647760868
ATTTCCGAGATGAA-1,2,IL7R+ memory/helper T cells,IL7R+ memory/helper T cells,True,True,0.8990069627761841,0.16361251255886328,False,0.09517275542020798,0.0011740293120965362,0.0003262111567892134,0.0007113422034308314,0.0008011527243070304,0.0003410112694837153,0.8990069627761841,0.0003387556062079966,0.0021277705673128366
ATTTCCGAGTGCTA-1,2,IL7R+ memory/helper T cells,IL7R+ memory/helper T cells,True,True,0.9382086396217346,0.1264528360767289,False,0.051270991563797,0.0018859227420762181,0.0005029273452237248,0.0011864484986290336,0.004177748691290617,0.000657030614092946,0.9382086396217346,0.0013947074767202139,0.0007155388011597097
ATTTCGTGTATGGC-1,0,Cytotoxic CD8 T cells,Cytotoxic CD8 T cells,True,True,0.9926546812057495,0.02409683114539511,False,0.0029144983272999525,0.0001265449245693162,7.650877523701638e-05,0.00015654716116841882,0.9926546812057495,8.623937173979357e-05,0.0005749697447754443,0.0031531713902950287,0.0002568052732385695
ATTTCTCTACTTTC-1,4,CD16+ non-classical monocytes,CD16+ non-classical monocytes,True,True,0.9932594895362854,0.023833020256749306,False,0.0006370834307745099,0.0011818020138889551,0.9932594895362854,0.0025351010262966156,0.0004311914381105453,0.0002281462657265365,0.001067162724211812,0.00037818908458575606,0.00028186410781927407
ATTTCTCTAGCAAA-1,2,IL7R+ memory/helper T cells,IL7R+ memory/helper T cells,True,True,0.9907135963439941,0.03012804975865877,False,0.005284616723656654,0.0012162948260083795,0.00024569459492340684,0.0006405064486898482,0.0008494018693454564,0.00026847224216908216,0.9907135963439941,0.00031790751381777227,0.0004635246586985886
ATTTCTCTCACTTT-1,4,CD16+ non-classical monocytes,CD16+ non-classical monocytes,True,True,0.5734316110610962,0.3487075222584078,False,0.0017288478557020426,0.006137226242572069,0.5734316110610962,0.4126518964767456,0.0012947169598191977,0.0008120236452668905,0.0024900692515075207,0.0009006601758301258,0.0005529263871721923
ATTTCTCTTCCCAC-1,7,Naive/resting T cells,Activated/transitional T cells,True,False,0.9935483336448669,0.022677753922756665,False,0.9935483336448669,0.00042249017860740423,0.00023843302915338427,0.0007037539035081863,0.0005791362491436303,0.0002950900234282017,0.0008981958380900323,0.0003309415187686682,0.0029836921021342278
ATTTGCACAAGATG-1,3,Classical monocytes,Classical monocytes,True,True,0.9991862177848816,0.0035499614013913615,False,0.00046755027142353356,4.2351719457656145e-05,7.26617727195844e-05,0.9991862177848816,4.1616178350523114e-05,2.7402566047385335e-05,9.012752707349136e-05,2.7143902116222307e-05,4.495702887652442e-05
CAAAGCACAGCTCA-1,2,IL7R+ memory/helper T cells,Activated/transitional T cells,True,False,0.7289460301399231,0.3156803206688674,False,0.7289460301399231,0.0017942554550245404,0.0009448193595744669,0.005528011359274387,0.008659816347062588,0.0012309483718127012,0.2496633380651474,0.0012258423957973719,0.00200697616674006
CAAAGCACCGTAAC-1,1,B cells,B cells,True,True,0.9994091987609863,0.0027395724605933647,False,0.0001994081976590678,0.9994091987609863,2.4092856619972736e-05,4.30050422437489e-05,4.577937215799466e-05,3.055810884688981e-05,0.00016653109923936427,2.5018345695571043e-05,5.64505135116633e-05
CAAAGCACGGTAAA-1,5,NK cells,Cytotoxic CD8 T cells,True,False,0.9772754311561584,0.061821743519815016,False,0.003107859054580331,0.0004973164759576321,0.0004444993392098695,0.0005907939630560577,0.9772754311561584,0.0003429834614507854,0.001988220727071166,0.014894658699631691,0.0008582653244957328
CAAAGCTGAAAGTG-1,6,Activated/transitional T cells,Cytotoxic CD8 T cells,True,False,0.951248288154602,0.1187476467802485,False,0.022022493183612823,0.001097267959266901,0.0011845934204757214,0.001873493893072009,0.951248288154602,0.0015207971446216106,0.017861058935523033,0.0010331188095733523,0.0021588641684502363
CAAAGCTGTTGCTT-1,3,Classical monocytes,Classical monocytes,True,True,0.999240517616272,0.0034933894920147375,False,0.00015307699504774064,0.00015511528181377798,0.00017426247359253466,0.999240517616272,5.146317926119082e-05,5.557082477025688e-05,8.820317452773452e-05,3.8870013668201864e-05,4.29856481787283e-05
CAAATATGTGACAC-1,7,Naive/resting T cells,Activated/transitional T cells,True,False,0.9974651336669922,0.010084826193196148,False,0.9974651336669922,0.0001849223190220073,0.00011121479474240914,0.00021935034601483494,0.00023225265613291413,0.0001316072593908757,0.0005767852417193353,0.00012443664309103042,0.000954342307522893
CAAATTGAGGGCAA-1,6,Activated/transitional T cells,Activated/transitional T cells,True,True,0.5604829788208008,0.5530325581876709,False,0.5604829788208008,0.01716615818440914,0.00984921958297491,0.023010576143860817,0.025401521474123,0.02887963317334652,0.30290645360946655,0.010330851189792156,0.021972620859742165
CAAATTGATGGAGG-1,3,Classical monocytes,Classical monocytes,True,True,0.998941957950592,0.004595605005343961,False,0.0004268755728844553,3.7522677303059027e-05,0.00020830280845984817,0.998941957950592,7.033046858850867e-05,0.000167680365848355,7.794812700012699e-05,3.8139023672556505e-05,3.126072624581866e-05
CAACCAGAAAAGTG-1,7,Naive/resting T cells,Activated/transitional T cells,True,False,0.9908039569854736,0.03185649684602427,False,0.9908039569854736,0.0007560965023003519,0.00042784257675521076,0.0009691524319350719,0.0017682480392977595,0.0005008719163015485,0.0025305261369794607,0.0009796021040529013,0.001263667712919414
CAACCAGAAGTGCT-1,2,IL7R+ memory/helper T cells,IL7R+ memory/helper T cells,True,True,0.9794853329658508,0.05727763140807495,False,0.008959916420280933,0.0005607713246718049,0.0002562505833338946,0.0005410198937170208,0.008521012030541897,0.00032056838972494006,0.9794853329658508,0.0003592336433939636,0.0009959032759070396
CAACCAGAGTTCAG-1,3,Classical monocytes,Classical monocytes,True,True,0.9979089498519897,0.008105174303402572,False,0.00013552223390433937,0.0002476882073096931,0.0012858904665336013,0.9979089498519897,0.00010348651994718239,4.725958933704533e-05,0.0001698988489806652,4.7679332055849954e-05,5.3652831411454827e-05
CAACCAGATAGAAG-1,3,Classical monocytes,Classical monocytes,True,True,0.9990623593330383,0.004125863615781678,False,0.0004312755772843957,0.00010749430657597259,0.00011116725363535807,0.9990623593330383,6.510750972665846e-05,3.359555921633728e-05,9.311333269579336e-05,4.801202521775849e-05,4.792186155100353e-05
CAACCGCTGTTCAG-1,7,Naive/resting T cells,Activated/transitional T cells,True,False,0.990592896938324,0.0315511424732532,False,0.990592896938324,0.0011827322887256742,0.0002300641790498048,0.0005424396367743611,0.003194708377122879,0.00030518195126205683,0.0026082880795001984,0.000335056334733963,0.0010086643742397428
CAACCGCTTTGAGC-1,2,IL7R+ memory/helper T cells,IL7R+ memory/helper T cells,True,True,0.43705716729164124,0.5703940382693964,True,0.361600399017334,0.0074120196513831615,0.0034839268773794174,0.007198045030236244,0.03046521171927452,0.0043944427743554115,0.43705716729164124,0.004112206399440765,0.14427655935287476
CAACGATGCGCAAT-1,4,CD16+ non-classical monocytes,CD16+ non-classical monocytes,True,True,0.9840220808982849,0.04027409424200304,False,0.0002220714814029634,0.0002803081297315657,0.9840220808982849,0.014743314124643803,0.00011281780462013558,7.908399129519239e-05,0.000356932170689106,0.00010520881914999336,7.816561992513016e-05
CAACGTGACTCCAC-1,3,Classical monocytes,Classical monocytes,True,True,0.9988856911659241,0.00480783728231025,False,0.00021354477212298661,8.85219342308119e-05,0.0004903455846942961,0.9988856911659241,5.258669261820614e-05,3.6044788430444896e-05,0.0001132409306592308,5.925395817030221e-05,6.0782931541325524e-05
CAACGTGAGCCATA-1,0,Cytotoxic CD8 T cells,Cytotoxic CD8 T cells,True,True,0.9916447997093201,0.028656385938771154,False,0.002135658171027899,0.00036889230250380933,0.0002496977394912392,0.000439518567873165,0.9916447997093201,0.00029261637246236205,0.0014694423880428076,0.002612897427752614,0.0007864963845349848
CAACGTGATCAAGC-1,3,Classical monocytes,Classical monocytes,True,True,0.9958723187446594,0.015118095483977545,False,0.0006909849471412599,0.000312047399347648,0.002132947323843837,0.9958723187446594,0.00019207713194191456,0.00020845243125222623,0.00026100975810550153,0.0001317669084528461,0.00019843170593958348
CAAGAAGACCACAA-1,0,Cytotoxic CD8 T cells,Cytotoxic CD8 T cells,True,True,0.9918903112411499,0.026787720005208786,False,0.002291520591825247,0.00031997819314710796,0.00025819381698966026,0.0004143100813962519,0.9918903112411499,0.0002228392695542425,0.003969137091189623,0.00036712034489028156,0.00026656585396267474
CAAGAAGACGTCTC-1,3,Classical monocytes,Classical monocytes,True,True,0.9982959628105164,0.007067478238870074,False,0.0002091465430567041,0.0006354583892971277,0.0002876223297789693,0.9982959628105164,7.450937846442685e-05,5.96149438933935e-05,0.0003066972130909562,6.521061004605144e-05,6.580918852705508e-05
CAAGAAGATTCTAC-1,7,Naive/resting T cells,Activated/transitional T cells,True,False,0.9896741509437561,0.03232738157850523,False,0.9896741509437561,0.00047476773033849895,0.0004138230287935585,0.0004943314124830067,0.0005494970828294754,0.00027826701989397407,0.006690641865134239,0.0004635108634829521,0.0009610155830159783
CAAGACTGACCTGA-1,1,B cells,B cells,True,True,0.9990960359573364,0.0038839467265498885,False,0.0005365064134821296,0.9990960359573364,2.5870263925753534e-05,7.325592014240101e-05,5.4408763389801607e-05,3.641687362687662e-05,7.317192648770288e-05,2.6575144147500396e-05,7.781790191074833e-05
CAAGACTGAGTAGA-1,1,B cells,B cells,True,True,0.9993595480918884,0.002926859582971751,False,0.0002710348053369671,0.9993595480918884,2.5301933419541456e-05,4.774458648171276e-05,3.051841486012563e-05,0.0001304721226915717,7.166204159148037e-05,1.850721127993893e-05,4.516716580837965e-05
CAAGCTGACCATAG-1,4,CD16+ non-classical monocytes,CD16+ non-classical monocytes,True,True,0.9965707063674927,0.013241511027018519,False,0.00030822851113043725,0.0006257537752389908,0.9965707063674927,0.0009701828239485621,0.00022277409152593464,0.00010326095070922747,0.0008603958995081484,0.00019161298405379057,0.00014709772949572653
CAAGCTGATCTATC-1,0,Cytotoxic CD8 T cells,Cytotoxic CD8 T cells,True,True,0.9780735373497009,0.06493506461832507,False,0.003788352245464921,0.0007332305540330708,0.0006490483065135777,0.0009548516245558858,0.9780735373497009,0.000492830469738692,0.0035787068773061037,0.008267142809927464,0.003462363500148058
CAAGGACTGTTCAG-1,7,Naive/resting T cells,Activated/transitional T cells,True,False,0.8771541118621826,0.2285425834306295,False,0.8771541118621826,0.004844871815294027,0.0012291108723729849,0.0027858796529471874,0.003890091087669134,0.0016077569453045726,0.08496497571468353,0.0021187630482017994,0.021404411643743515
CAAGGACTTCTTTG-1,0,Cytotoxic CD8 T cells,Cytotoxic CD8 T cells,True,True,0.9969592094421387,0.011487755390190507,False,0.0015946021303534508,0.00013487800606526434,7.056403410388157e-05,0.00018680775247048587,0.9969592094421387,9.253300231648609e-05,0.0005736725288443267,0.00021110395027790219,0.00017659686272963881
CAAGGTTGCTCCAC-1,2,IL7R+ memory/helper T cells,IL7R+ memory/helper T cells,True,True,0.8288679122924805,0.33534398062600174,False,0.0546637699007988,0.036188047379255295,0.002700231736525893,0.006332677323371172,0.017634643241763115,0.0033556842245161533,0.8288679122924805,0.0038581406697630882,0.046398963779211044
CAAGGTTGTCATTC-1,1,B cells,B cells,True,True,0.9993183612823486,0.0030963053354683334,False,0.00029949386953376234,0.9993183612823486,2.4353403205168433e-05,5.252685150480829e-05,0.00010313586244592443,2.4184286303352565e-05,5.765530659118667e-05,2.650276837812271e-05,9.377989772474393e-05
CAAGGTTGTCTGGA-1,5,NK cells,NK cells,True,True,0.9858147501945496,0.045249676707113703,False,0.0028792833909392357,0.0015259170904755592,0.0006896539707668126,0.0009122543269768357,0.004988455213606358,0.00039046359597705305,0.002350474474951625,0.9858147501945496,0.0004487685509957373
CAAGTCGAAACAGA-1,1,B cells,B cells,True,True,0.9992640614509583,0.0032314829371056964,False,0.0004259947163518518,0.9992640614509583,2.1945306798443198e-05,5.568874621530995e-05,4.3140011257492006e-05,2.488854806870222e-05,0.00010176315117860213,2.10167436307529e-05,4.144518607063219e-05
CAAGTCGATAGCGT-1,3,Classical monocytes,Classical monocytes,True,True,0.9994599223136902,0.0025465405951329827,False,0.00010380800813436508,3.781518535106443e-05,0.00018454669043421745,0.9994599223136902,5.943578071310185e-05,2.68290259555215e-05,7.218968676170334e-05,2.9741860998910852e-05,2.576792576292064e-05
CAATAAACGCCATA-1,3,Classical monocytes,Classical monocytes,True,True,0.9979904890060425,0.007878955100377711,False,0.00117306609172374,0.00015555991558358073,0.00030628597596660256,0.9979904890060425,8.801549120107666e-05,4.517851994023658e-05,9.873629460344091e-05,6.25087704975158e-05,8.021738904062659e-05
CAATAATGAACTGC-1,3,Classical monocytes,Classical monocytes,True,True,0.9992316961288452,0.0035156211640445913,False,0.00020338069589342922,9.950929234037176e-05,0.00018724000256042928,0.9992316961288452,6.023163950885646e-05,3.0398325179703534e-05,9.535270510241389e-05,5.149787830305286e-05,4.064496170030907e-05
CAATATGACATGGT-1,2,IL7R+ memory/helper T cells,Activated/transitional T cells,True,False,0.9508504271507263,0.09911657242233857,False,0.9508504271507263,0.0005102642462588847,0.0003878228017129004,0.0006173599977046251,0.0009173696162179112,0.00034640898229554296,0.04504266008734703,0.0003575898299459368,0.0009700338123366237
CAATATGACCTTCG-1,0,Cytotoxic CD8 T cells,Cytotoxic CD8 T cells,True,True,0.9975861310958862,0.009498792448209987,False,0.00043577689211815596,7.930341234896332e-05,6.353578646667302e-05,0.00017544467118568718,0.9975861310958862,6.977382145123556e-05,0.0002661411708686501,0.0011158086126670241,0.0002080488484352827
CAATATGACGTTAG-1,7,Naive/resting T cells,Activated/transitional T cells,True,False,0.9990555644035339,0.0042106444992293475,False,0.9990555644035339,7.257104152813554e-05,4.026863462058827e-05,0.00012272091407794505,0.00012041201262036338,5.3334402764448896e-05,0.000340871571097523,4.9179852794623e-05,0.000145121113746427
CAATATGAGGAGCA-1,2,IL7R+ memory/helper T cells,IL7R+ memory/helper T cells,True,True,0.6549188494682312,0.325517654523638,False,0.33367854356765747,0.0026003012899309397,0.0006136211450211704,0.001386073767207563,0.0023079286329448223,0.0007302274461835623,0.6549188494682312,0.0012170624686405063,0.0025474040303379297
CAATCGGAGAAACA-1,2,IL7R+ memory/helper T cells,IL7R+ memory/helper T cells,True,True,0.9199748039245605,0.13667272153085738,False,0.07639332115650177,0.0004408847016748041,0.0002594676334410906,0.000579065119381994,0.001039242371916771,0.00031247740844264627,0.9199748039245605,0.0003622921649366617,0.000638471741694957
CAATCTACTGACTG-1,5,NK cells,NK cells,True,True,0.9615810513496399,0.08901894700519264,False,0.001830001245252788,0.0018418669933453202,0.0002761516079772264,0.0005256177973933518,0.030421247705817223,0.0003075726854149252,0.002733833622187376,0.9615810513496399,0.00048267660895362496
CAATTCACCCAACA-1,0,Cytotoxic CD8 T cells,Cytotoxic CD8 T cells,True,True,0.9807486534118652,0.05668526429409288,False,0.009864076040685177,0.0008182368474081159,0.0004466164973564446,0.0008649926166981459,0.9807486534118652,0.0004601981199812144,0.0018013858934864402,0.0033453970681875944,0.0016504375962540507
CAATTCACGATAGA-1,2,IL7R+ memory/helper T cells,Activated/transitional T cells,True,False,0.832783043384552,0.27906949429965155,False,0.832783043384552,0.004655973985791206,0.003202846273779869,0.007888399064540863,0.005989179480820894,0.00329878949560225,0.12858112156391144,0.003269929438829422,0.010330654680728912
CAATTCACTTGTGG-1,6,Activated/transitional T cells,Activated/transitional T cells,True,True,0.9940924048423767,0.021699652417205482,False,0.9940924048423767,0.0005626815836876631,0.0003255197370890528,0.0009608888649381697,0.001036555739119649,0.00042594681144692004,0.0005920575931668282,0.00040586607065051794,0.0015980792231857777
CAATTCTGCTTGTT-1,3,Classical monocytes,Classical monocytes,True,True,0.9988947510719299,0.004790121391495978,False,9.849370690062642e-05,0.0001239419070770964,0.0004729535721708089,0.9988947510719299,6.266155105549842e-05,0.0001638015964999795,0.00011868322326336056,3.818263940047473e-05,2.6585352316033095e-05
CAATTCTGGCGTAT-1,4,CD16+ non-classical monocytes,CD16+ non-classical monocytes,True,True,0.6974636316299438,0.32712737503311184,False,0.004421357065439224,0.005718006752431393,0.6974636316299438,0.2832990288734436,0.003213269868865609,0.001108410069718957,0.002054628450423479,0.001335152774117887,0.0013865053188055754
CACAACGATACGAC-1,7,Naive/resting T cells,Activated/transitional T cells,True,False,0.98964524269104,0.03418359690323349,False,0.98964524269104,0.0006504819612018764,0.0004071009752806276,0.0007997863576747477,0.001209913520142436,0.0004544247349258512,0.004623995162546635,0.00048222646000795066,0.0017268237425014377
CACAATCTTGTTCT-1,0,Cytotoxic CD8 T cells,Cytotoxic CD8 T cells,True,True,0.805274486541748,0.31848360841448964,False,0.1027485728263855,0.0022808026988059282,0.0014956298982724547,0.003042900701984763,0.805274486541748,0.002040322171524167,0.07543007284402847,0.003759176004678011,0.003928048070520163
CACAATCTTTCCAT-1,2,IL7R+ memory/helper T cells,Cytotoxic CD8 T cells,True,False,0.9488994479179382,0.10626070821942782,False,0.009657355025410652,0.00014914848725311458,8.018869993975386e-05,0.00017900430248118937,0.9488994479179382,0.00010186011058976874,0.04031643643975258,0.0001415698934579268,0.0004749343206640333
CACACCTGCTTGAG-1,7,Naive/resting T cells,Activated/transitional T cells,True,False,0.9769214987754822,0.06153101625421381,False,0.9769214987754822,0.0008391785086132586,0.00048238891758956015,0.0009954131674021482,0.001650332473218441,0.0006085314089432359,0.016725489869713783,0.000582326203584671,0.0011948865139856935
CACACCTGTATGGC-1,7,Naive/resting T cells,Activated/transitional T cells,True,False,0.9039692878723145,0.20569067922618625,False,0.9039692878723145,0.0031376986298710108,0.003154254052788019,0.003839719109237194,0.053933314979076385,0.002183379838243127,0.012429612688720226,0.0025976477190852165,0.014755104668438435
CACAGAACCCTTGC-1,1,B cells,Cytotoxic CD8 T cells,True,False,0.7729173898696899,0.2747506684814475,False,0.004226610995829105,0.21477581560611725,0.0007270195637829602,0.0009266922133974731,0.7729173898696899,0.0005489412578754127,0.003652359824627638,0.001714626094326377,0.0005104826996102929
CACAGAACCTGATG-1,2,IL7R+ memory/helper T cells,IL7R+ memory/helper T cells,True,True,0.9749342203140259,0.0679337865906776,False,0.012554382905364037,0.0007102987146936357,0.0004405695653986186,0.001058378373272717,0.008537166751921177,0.0004707938351202756,0.9749342203140259,0.0005262598861008883,0.00076793332118541
CACAGATGGGATTC-1,2,IL7R+ memory/helper T cells,Cytotoxic CD8 T cells,True,False,0.761243999004364,0.3179414927310524,False,0.19454756379127502,0.0012818126706406474,0.0012730576563626528,0.0018845415906980634,0.761243999004364,0.0008580548455938697,0.03634253889322281,0.0010550497099757195,0.0015134061686694622
CACAGATGGTTTCT-1,3,Classical monocytes,Classical monocytes,True,True,0.9920417666435242,0.02411564642120239,False,0.0003583403304219246,0.00017529146862216294,0.006465338170528412,0.9920417666435242,0.00023966838489286602,0.0001109365257434547,0.00035025543184019625,0.0001402786438120529,0.00011814561730716377
CACAGCCTGATACC-1,0,Cytotoxic CD8 T cells,IL7R+ memory/helper T cells,True,False,0.9819605350494385,0.04914025128495054,False,0.0050834291614592075,0.0003081075847148895,0.00015706011618021876,0.00029563214047811925,0.01154286228120327,0.0001656212261877954,0.9819605350494385,0.00018326882855035365,0.0003034838882740587
CACAGCCTTGCCAA-1,4,CD16+ non-classical monocytes,CD16+ non-classical monocytes,True,True,0.9890294075012207,0.03575496093314991,False,0.001865374855697155,0.0015694450121372938,0.9890294075012207,0.0043356460519135,0.0004082149243913591,0.00024277954071294516,0.0019533250015228987,0.00038152607157826424,0.00021430676861200482
CACAGCCTTGTAGC-1,2,IL7R+ memory/helper T cells,Activated/transitional T cells,True,False,0.8912550806999207,0.1782008148077103,False,0.8912550806999207,0.003360843751579523,0.00042225903598591685,0.0016553723253309727,0.001290754764340818,0.0004835691361222416,0.09943342208862305,0.0005244914791546762,0.0015741348033770919
CACAGTGATGAAGA-1,3,Classical monocytes,Classical monocytes,True,True,0.9995359182357788,0.0022365268264947086,False,0.0001256530813407153,3.125608418486081e-05,9.520198364043608e-05,0.9995359182357788,3.843746526399627e-05,2.480318107700441e-05,7.964792166603729e-05,3.4530450648162514e-05,3.461604501353577e-05
CACATACTACAGCT-1,0,Cytotoxic CD8 T cells,Cytotoxic CD8 T cells,True,True,0.9915972352027893,0.028802859558883693,False,0.00242180610075593,0.0006590526318177581,0.00014211967936716974,0.00040073736454360187,0.9915972352027893,0.0001807549415389076,0.0008747055544517934,0.001701617380604148,0.0020220084115862846
CACATGGAACACGT-1,2,IL7R+ memory/helper T cells,Activated/transitional T cells,True,False,0.990222692489624,0.02980433477558292,False,0.990222692489624,0.0003339436661917716,0.00024035586102399975,0.0003634845488704741,0.0003568677348084748,0.00020260173187125474,0.007098021917045116,0.00021359107631724328,0.0009684938122518361
CACATGGAAGTCGT-1,7,Naive/resting T cells,Activated/transitional T cells,True,False,0.9991111159324646,0.004041988461249426,False,0.9991111159324646,8.850974700180814e-05,4.891422941000201e-05,0.00011141339928144589,0.00014761566126253456,6.072202086215839e-05,0.00021569831005763263,6.397000106517226e-05,0.00015205738600343466
CACCACTGCCAACA-1,7,Naive/resting T cells,Activated/transitional T cells,True,False,0.9597678184509277,0.10709814541796335,False,0.9597678184509277,0.004689842462539673,0.0008650337113067508,0.009210651740431786,0.003070997539907694,0.0011638731230050325,0.016465667635202408,0.0012627404648810625,0.0035033952444791794
CACCACTGGCGAAG-1,0,Cytotoxic CD8 T cells,NK cells,True,False,0.5409002900123596,0.5541160574954164,False,0.22884321212768555,0.005948496051132679,0.003913993947207928,0.00828596856445074,0.17786411941051483,0.005344853736460209,0.019477441906929016,0.5409002900123596,0.009421630762517452
CACCCATGTTCTGT-1,6,Activated/transitional T cells,Cytotoxic CD8 T cells,True,False,0.8340790867805481,0.2963733257565042,False,0.10652656853199005,0.0037704543210566044,0.0022064282093197107,0.00957607850432396,0.8340790867805481,0.0017793489387258887,0.0036419767420738935,0.014254660345613956,0.024165330454707146
CACCGGGAATCGAC-1,2,IL7R+ memory/helper T cells,IL7R+ memory/helper T cells,True,True,0.9655950665473938,0.08629876328388035,False,0.02287948504090309,0.0009226411348208785,0.0004158689407631755,0.001387478900142014,0.005292477551847696,0.0006055365665815771,0.9655950665473938,0.0005371826700866222,0.0023642261512577534
CACCGGGACGAGAG-1,0,Cytotoxic CD8 T cells,Cytotoxic CD8 T cells,True,True,0.9804986119270325,0.05883204898494385,False,0.0064520700834691525,0.0005966182216070592,0.00048501897254027426,0.0007453959551639855,0.9804986119270325,0.00042238194146193564,0.0028805360198020935,0.004244998097419739,0.003674366744235158
CACCGGGACGTGTA-1,7,Naive/resting T cells,Activated/transitional T cells,True,False,0.9966450333595276,0.011952907550044205,False,0.9966450333595276,0.00010811093670781702,5.9323465393390507e-05,0.00017190321523230523,0.00018285115947946906,7.42683550924994e-05,0.00236352626234293,7.367879152297974e-05,0.00032131769694387913
CACCGGGACTTCTA-1,2,IL7R+ memory/helper T cells,Cytotoxic CD8 T cells,True,False,0.886272668838501,0.23395861567784768,False,0.011654634028673172,0.0038320617750287056,0.004980574361979961,0.004733120556920767,0.886272668838501,0.010812878608703613,0.06828093528747559,0.0029851244762539864,0.006448009982705116
CACCGGGACTTGCC-1,0,Cytotoxic CD8 T cells,Cytotoxic CD8 T cells,True,True,0.9714869260787964,0.07431733905849423,False,0.018600549548864365,0.0005132325459271669,0.00042354004108347,0.0009471374796703458,0.9714869260787964,0.0003449619107414037,0.002294916193932295,0.004471092484891415,0.0009175804443657398
CACCGGGATTCGGA-1,0,Cytotoxic CD8 T cells,Cytotoxic CD8 T cells,True,True,0.9939208030700684,0.02097337270735853,False,0.0009183606598526239,0.00015774993516970426,9.788529860088602e-05,0.00018612922576721758,0.9939208030700684,0.00012034472456434742,0.0013870879774913192,0.0028809502255171537,0.00033075601095333695
CACCGTACTAAGGA-1,1,B cells,B cells,True,True,0.9933607578277588,0.020393724260245126,False,0.005574720446020365,0.9933607578277588,9.672893793322146e-05,0.0002087863249471411,0.0002640424354467541,0.00011128485493827611,0.0001998755760723725,9.412585495738313e-05,8.961095591075718e-05
CACCGTACTAGCGT-1,7,Naive/resting T cells,Activated/transitional T cells,True,False,0.998071014881134,0.008017982483311842,False,0.998071014881134,0.0001719352148938924,8.830821752781048e-05,0.00019791584054473788,0.00023967353627085686,0.00011347307736286893,0.0003963671624660492,0.0001272310473723337,0.000594049459323287
CACCTGACACCCAA-1,0,Cytotoxic CD8 T cells,Cytotoxic CD8 T cells,True,True,0.9952993392944336,0.016191589756582334,False,0.003028115490451455,0.00010809982632054016,5.8152425481239334e-05,0.00013902614591643214,0.9952993392944336,7.656490197405219e-05,0.0006826948374509811,0.0004657279350794852,0.0001422837085556239
CACCTGACCAGAAA-1,2,IL7R+ memory/helper T cells,IL7R+ memory/helper T cells,True,True,0.4820344150066376,0.5594042773235293,True,0.2911345958709717,0.00630426499992609,0.004195717163383961,0.007805130444467068,0.18388625979423523,0.004804822150617838,0.4820344150066376,0.004429337568581104,0.0154054444283247
CACCTGACCTCAAG-1,0,Cytotoxic CD8 T cells,Cytotoxic CD8 T cells,True,True,0.9966368675231934,0.012881627341700359,False,0.001253578346222639,0.0001289960346184671,0.00015881648869253695,0.00013529373973142356,0.9966368675231934,7.909998385002837e-05,0.000644283602014184,0.0005697431042790413,0.0003932455729227513
CACCTGACGAAAGT-1,1,B cells,B cells,True,True,0.998957633972168,0.004326332082025147,False,0.0007024238584563136,0.998957633972168,3.859523712890223e-05,5.944064832874574e-05,5.609070649370551e-05,3.956467844545841e-05,7.385292701655999e-05,3.445299080340192e-05,3.7965433875797316e-05
CACCTGACTCGTAG-1,2,IL7R+ memory/helper T cells,Activated/transitional T cells,True,False,0.9841578006744385,0.045238824659071246,False,0.9841578006744385,0.0005943842697888613,0.000309412251226604,0.0007099304348230362,0.0009801628766581416,0.0004001185006927699,0.011291212402284145,0.0005441741086542606,0.0010128348367288709
CACGAAACTTCCGC-1,1,B cells,B cells,True,True,0.9992775321006775,0.003105312243295512,False,0.0004941279185004532,0.9992775321006775,1.9942082872148603e-05,3.286623541498557e-05,3.555036528268829e-05,2.389635847066529e-05,6.566897354787216e-05,2.2261410776991397e-05,2.8120186470914632e-05
CACGACCTCGATAC-1,1,B cells,B cells,True,True,0.9899269342422485,0.030159884569522073,False,0.007698053028434515,0.9899269342422485,0.00022615889611188322,0.0004162607656326145,0.00038137100636959076,0.00022144832473713905,0.0006373968790285289,0.00021174845460336655,0.00028065760852769017
CACGCTACAGAAGT-1,6,Activated/transitional T cells,IL7R+ memory/helper T cells,True,False,0.7055647969245911,0.378115780935171,False,0.2439628392457962,0.004544342868030071,0.004283701069653034,0.010297504253685474,0.015285988338291645,0.0032395629677921534,0.7055647969245911,0.0032334669958800077,0.009587831795215607
CACGCTACTGTTCT-1,1,B cells,B cells,True,True,0.9992116689682007,0.0034395674014340003,False,0.00047036659088917077,0.9992116689682007,4.0025621274253353e-05,6.543353811139241e-05,4.9555968871572986e-05,3.6083143641008064e-05,6.283423135755584e-05,2.6074942070408724e-05,3.795499287662096e-05
CACGGGACAGAGTA-1,7,Naive/resting T cells,Activated/transitional T cells,True,False,0.9882165789604187,0.033778663144949185,False,0.9882165789604187,0.0007122592651285231,0.00014190419460646808,0.00043560759513638914,0.00035378627944737673,0.0001892813015729189,0.009424413554370403,0.00020031117310281843,0.00032579113030806184
CACGGGACATAAGG-1,7,Naive/resting T cells,Activated/transitional T cells,True,False,0.5454143285751343,0.4298083383475919,False,0.5454143285751343,0.018315337598323822,0.000946796964854002,0.0021030132193118334,0.004193285945802927,0.0013282385189086199,0.39307132363319397,0.0013448864920064807,0.03328275680541992
CACGGGACGTAGGG-1,2,IL7R+ memory/helper T cells,Activated/transitional T cells,True,False,0.6470932364463806,0.40233615321547245,False,0.6470932364463806,0.040188126266002655,0.0013903328217566013,0.0030984925106167793,0.006284511182457209,0.00168708898127079,0.2919665575027466,0.001796671305783093,0.00649500684812665
CACGGGTGCTTCGC-1,0,Cytotoxic CD8 T cells,Cytotoxic CD8 T cells,True,True,0.9963971972465515,0.01337091886145462,False,0.0018573246197775006,0.0001359224843326956,9.733424667501822e-05,0.00017588115588296205,0.9963971972465515,0.00010013629798777401,0.0005680698086507618,0.0004520746588241309,0.00021605257643386722
CACGGGTGGAGGAC-1,0,Cytotoxic CD8 T cells,NK cells,True,False,0.9366574883460999,0.15629502570384082,False,0.011546618305146694,0.0020832479931414127,0.0014607140328735113,0.003258884884417057,0.026201466098427773,0.009195202961564064,0.005848810542374849,0.9366574883460999,0.003747524693608284
CACGGGTGTGTTTC-1,6,Activated/transitional T cells,Activated/transitional T cells,True,True,0.975051760673523,0.07536913075007806,False,0.975051760673523,0.0018001620192080736,0.0008380565559491515,0.001818165066652,0.003458419581875205,0.004693165421485901,0.004930821713060141,0.00274268863722682,0.0046667722053825855
CACTAACTCCTAAG-1,1,B cells,B cells,True,True,0.9987677335739136,0.005086360642148713,False,0.0007664049044251442,0.9987677335739136,6.266194395720959e-05,7.46557125239633e-05,6.934675911907107e-05,3.319835741422139e-05,0.0001197528254124336,4.049700146424584e-05,6.573726568603888e-05
CACTAACTGAAAGT-1,7,Naive/resting T cells,Activated/transitional T cells,True,False,0.9953953623771667,0.01605572469020692,False,0.9953953623771667,0.00019169735605828464,0.00010200971155427396,0.00023096271615941077,0.00027422557468526065,0.00013151377788744867,0.00298926024697721,0.00016733731899876148,0.0005176361883059144
CACTAGGATGATGC-1,1,B cells,B cells,True,True,0.9985161423683167,0.005776063903003646,False,0.001114650396630168,0.9985161423683167,4.253145380062051e-05,6.570736150024459e-05,6.039394793333486e-05,4.624152643373236e-05,6.29101850790903e-05,3.637922054622322e-05,5.5088890803745016e-05
CACTATACCCCGTT-1,1,B cells,B cells,True,True,0.9989356398582458,0.004434419906915483,False,0.0006614734302274883,0.9989356398582458,2.565542126831133e-05,4.0219820220954716e-05,9.718611545395106e-05,2.6208977942587808e-05,0.00014369287237059325,2.302719803992659e-05,4.684994200943038e-05
CACTATACGTTTGG-1,0,Cytotoxic CD8 T cells,Cytotoxic CD8 T cells,True,True,0.8966776728630066,0.2294273523257828,False,0.01656019501388073,0.04460226744413376,0.0027216654270887375,0.005191581789404154,0.8966776728630066,0.00210591871291399,0.011555672623217106,0.015185799449682236,0.005399235524237156
CACTGAGACAGTCA-1,3,Classical monocytes,Classical monocytes,True,True,0.9988825917243958,0.004886373830584536,False,0.00038977156509645283,0.00010376852878835052,0.00017872660828288645,0.9988825917243958,0.00010973423923132941,4.0449474909109995e-05,0.0001944686082424596,5.257604789221659e-05,4.787953002960421e-05
CACTGCACTTCATC-1,2,IL7R+ memory/helper T cells,IL7R+ memory/helper T cells,True,True,0.9128058552742004,0.15953973313879063,False,0.07550503313541412,0.001046008081175387,0.0009605170926079154,0.0012946301139891148,0.003894312772899866,0.0007143653347156942,0.9128058552742004,0.0007421316695399582,0.0030371297616511583
CACTGCTGAGACTC-1,4,CD16+ non-classical monocytes,CD16+ non-classical monocytes,True,True,0.9956510663032532,0.01612841513429324,False,0.0005277834134176373,0.0006509540253318846,0.9956510663032532,0.0018135800492018461,0.00023050112940836698,0.00013130340084899217,0.000627137953415513,0.00017608566849958152,0.00019157916540279984
CACTGCTGGAAAGT-1,2,IL7R+ memory/helper T cells,Activated/transitional T cells,True,False,0.7167878746986389,0.3402317741772736,False,0.7167878746986389,0.003623326774686575,0.0019015651196241379,0.004225210286676884,0.00585772143676877,0.0024231986608356237,0.2527308762073517,0.002765857381746173,0.009684358723461628
CACTTAACCGAATC-1,2,IL7R+ memory/helper T cells,IL7R+ memory/helper T cells,True,True,0.8533539175987244,0.24742537679695387,False,0.11771585047245026,0.003833703463897109,0.0021326299756765366,0.005243255756795406,0.007556713651865721,0.0026676973793655634,0.8533539175987244,0.0031062860507518053,0.004389908630400896
CACTTAACCGTACA-1,1,B cells,B cells,True,True,0.9994317889213562,0.002642542843590351,False,0.00023860021610744298,0.9994317889213562,1.9753648302867077e-05,5.166443588677794e-05,4.137220821576193e-05,9.231920557795092e-05,6.11816140008159e-05,2.684500941541046e-05,3.64841143891681e-05
CACTTTGACTCTAT-1,0,Cytotoxic CD8 T cells,Cytotoxic CD8 T cells,True,True,0.9968913197517395,0.011648356615107111,False,0.0017540164990350604,7.385030767181888e-05,7.387693040072918e-05,8.672869444126263e-05,0.9968913197517395,0.0003259994846303016,0.00019282364519312978,0.00031179795041680336,0.00028956029564142227
CACTTTGAGCTGTA-1,6,Activated/transitional T cells,Cytotoxic CD8 T cells,True,False,0.976015567779541,0.05945583371541903,False,0.020155534148216248,0.0003824580053333193,0.00026085524586960673,0.0004978974466212094,0.976015567779541,0.0002437876828480512,0.0006685754051432014,0.0011662507895380259,0.0006091104005463421
CAGAAGCTCTCAAG-1,7,Naive/resting T cells,Activated/transitional T cells,True,False,0.9979671835899353,0.008311958160670553,False,0.9979671835899353,0.00011656740389298648,8.698324381839484e-05,0.00014780115452595055,0.0007483247318305075,7.84873918746598e-05,0.0003024246543645859,0.00016761662845965475,0.0003845402388833463
CAGACATGAACGGG-1,7,Naive/resting T cells,Activated/transitional T cells,True,False,0.9794138073921204,0.06186764556996699,False,0.9794138073921204,0.0012847137404605746,0.0008782100048847497,0.0016430100658908486,0.0021099052391946316,0.0008511968771927059,0.00835508480668068,0.0011697367299348116,0.004294335376471281
CAGACATGTCGACA-1,2,IL7R+ memory/helper T cells,IL7R+ memory/helper T cells,True,True,0.9607494473457336,0.08809341691655806,False,0.03254600241780281,0.0018886072793975472,0.00016911019338294864,0.0003797902900259942,0.0007586433785036206,0.00036274813464842737,0.9607494473457336,0.0002466656733304262,0.0028989536222070456
CAGACCCTAAGGTA-1,4,CD16+ non-classical monocytes,CD16+ non-classical monocytes,True,True,0.9852806925773621,0.039043627123182864,False,0.00034214233164675534,0.00032714675762690604,0.9852806925773621,0.01280300784856081,0.00020428167772479355,0.00011045863357139751,0.0006413664086721838,0.00012569595128297806,0.00016521649376954883
CAGACCCTAATGCC-1,2,IL7R+ memory/helper T cells,IL7R+ memory/helper T cells,True,True,0.5080050230026245,0.4831588409669378,False,0.40305009484291077,0.0072991494089365005,0.0035655186511576176,0.01098246593028307,0.04490536451339722,0.0046897344291210175,0.5080050230026245,0.004973508883267641,0.012529198080301285
CAGACCCTAGGAGC-1,7,Naive/resting T cells,Activated/transitional T cells,True,False,0.9652601480484009,0.08757474902144849,False,0.9652601480484009,0.0016526422696188092,0.0004224969889037311,0.0008769690757617354,0.0013105639955028892,0.00048583076568320394,0.008992191404104233,0.0004977136850357056,0.020501382648944855
CAGACTGAGTATGC-1,7,Naive/resting T cells,Activated/transitional T cells,True,False,0.8954241275787354,0.2009280174709127,False,0.8954241275787354,0.003033639630302787,0.0017117350362241268,0.0036073909141123295,0.0054650031961500645,0.002244740491732955,0.07835392653942108,0.0023360704071819782,0.007823381572961807
CAGATCGAATGTCG-1,1,B cells,B cells,True,True,0.9993605017662048,0.002869845841083611,False,0.00032778893364593387,0.9993605017662048,2.0374889572849497e-05,3.42983148584608e-05,3.0054812668822706e-05,2.380501064180862e-05,5.034203422837891e-05,1.859334770415444e-05,0.00013422085612546653
CAGATCGACCTGAA-1,6,Activated/transitional T cells,Cytotoxic CD8 T cells,True,False,0.8856478929519653,0.18277989010770673,False,0.1056704968214035,0.0007377854781225324,0.000499516143463552,0.0012372384080663323,0.8856478929519653,0.0005160358850844204,0.0020977540407329798,0.0009774036007001996,0.002615836216136813
CAGATCGATATGGC-1,7,Naive/resting T cells,Activated/transitional T cells,True,False,0.9901671409606934,0.031525263771729206,False,0.9901671409606934,0.0002739579067565501,0.00014190767251420766,0.0003182091750204563,0.003070696024224162,0.000384497398044914,0.004452676512300968,0.00017691458924673498,0.0010139754740521312
CAGATGACATTCTC-1,5,NK cells,NK cells,True,True,0.9951016306877136,0.016669139442606413,False,0.0005133608356118202,0.00010608389129629359,0.00013866659719496965,0.0001457270118407905,0.003354104934260249,7.721249130554497e-05,0.0004323171160649508,0.9951016306877136,0.00013095364556647837
CAGCAATGCCTTCG-1,7,Naive/resting T cells,Activated/transitional T cells,True,False,0.9960642457008362,0.014652485685461653,False,0.9960642457008362,0.00022251800692174584,0.00017536271479912102,0.0003720220411196351,0.0003570946864783764,0.00015679227362852544,0.0018830448389053345,0.0001679042325122282,0.0006010112701915205
CAGCAATGGAGGGT-1,5,NK cells,NK cells,True,True,0.998542308807373,0.006002591014234963,False,0.00027083614259026945,5.236387005425058e-05,3.112238482572138e-05,6.82020909152925e-05,0.0007267431356012821,3.8394970033550635e-05,0.00020190853683743626,0.998542308807373,6.817952817073092e-05
CAGCAATGGTGCTA-1,2,IL7R+ memory/helper T cells,Activated/transitional T cells,True,False,0.9651272296905518,0.09258012076135795,False,0.9651272296905518,0.001853317953646183,0.0013484391383826733,0.0022243051789700985,0.004067960660904646,0.0012651633005589247,0.01964811608195305,0.0014207924250513315,0.003044708166271448
CAGCAATGTCTACT-1,3,Classical monocytes,Classical monocytes,True,True,0.9995386600494385,0.002208853667888343,False,0.00016536911425646394,3.182887303410098e-05,5.0750466471072286e-05,0.9995386600494385,4.6887296775821596e-05,1.988586700463202e-05,8.277192682726309e-05,2.735423004196491e-05,3.6471596104092896e-05
CAGCAATGTGACCA-1,2,IL7R+ memory/helper T cells,Activated/transitional T cells,True,False,0.8693127632141113,0.21038557323608073,False,0.8693127632141113,0.0017748697428032756,0.0010508181294426322,0.002105790190398693,0.003867147024720907,0.0011381047079339623,0.1154099851846695,0.0011224375339224935,0.004218114539980888
CAGCAATGTGAGGG-1,3,Classical monocytes,Classical monocytes,True,True,0.9940106272697449,0.0214592353129557,False,0.002433928195387125,0.0003716247156262398,0.0010613795602694154,0.9940106272697449,0.0005158826243132353,0.0002349769783904776,0.0006913646357133985,0.0003055729903280735,0.0003745804715435952
CAGCACCTAAGCCT-1,7,Naive/resting T cells,Activated/transitional T cells,True,False,0.4814538359642029,0.5655678759437721,True,0.4814538359642029,0.00712397787719965,0.005051215644925833,0.009065466932952404,0.010650224052369595,0.005071957595646381,0.2302367091178894,0.005324031226336956,0.2460225224494934
CAGCACCTAGGCGA-1,6,Activated/transitional T cells,Activated/transitional T cells,True,True,0.9904577732086182,0.03034674558830481,False,0.9904577732086182,0.00036195176653563976,0.00018661236390471458,0.000871149473823607,0.0006663282983936369,0.0003066576027777046,0.005915903951972723,0.00023986650921870023,0.0009937796276062727
CAGCACCTGTAGGG-1,3,Classical monocytes,Classical monocytes,True,True,0.9993987083435059,0.002834963989709958,False,8.652093674754724e-05,7.758127321721986e-05,0.0001359188463538885,0.9993987083435059,5.258024248178117e-05,2.889389725169167e-05,0.00013677575043402612,3.7905479985056445e-05,4.509447535383515e-05
CAGCATGACAACCA-1,3,Classical monocytes,Classical monocytes,True,True,0.9974186420440674,0.010269542308223276,False,0.00027702742954716086,0.0004658711259253323,0.0009356758091598749,0.9974186420440674,0.0003294415946584195,8.930328476708382e-05,0.0002988202031701803,0.00010372699034633115,8.144031744450331e-05
CAGCATGAGACGTT-1,0,Cytotoxic CD8 T cells,Cytotoxic CD8 T cells,True,True,0.5246909856796265,0.5210048433346046,False,0.3591103255748749,0.007867580279707909,0.005515635944902897,0.011616742238402367,0.5246909856796265,0.005447538569569588,0.048994503915309906,0.025736592710018158,0.011020125821232796
CAGCCTACCCAACA-1,2,IL7R+ memory/helper T cells,IL7R+ memory/helper T cells,True,True,0.8748471736907959,0.2161043851580115,False,0.10319532454013824,0.0022267154417932034,0.0017491504549980164,0.0030500006396323442,0.006564996670931578,0.0015029583591967821,0.8748471736907959,0.002020313637331128,0.004843317903578281
CAGCCTTGCTACCC-1,3,Classical monocytes,Classical monocytes,True,True,0.9990847110748291,0.004110232006295147,False,0.0001635143271414563,0.00022180419182404876,0.00015044480096548796,0.9990847110748291,6.090449096518569e-05,3.197916885255836e-05,0.0001966671843547374,3.911773819709197e-05,5.084666554466821e-05
CAGCCTTGGGGACA-1,2,IL7R+ memory/helper T cells,IL7R+ memory/helper T cells,True,True,0.9856081008911133,0.040425334498059996,False,0.01100730150938034,0.0002650771930348128,0.0001690379431238398,0.00032013587770052254,0.001335746026597917,0.00018445498426444829,0.9856081008911133,0.00035487470449879766,0.0007552426541224122
CAGCGGACACCCTC-1,7,Naive/resting T cells,Activated/transitional T cells,True,False,0.9384129047393799,0.13982533376237244,False,0.9384129047393799,0.001624594908207655,0.0009010459762066603,0.0026427002158015966,0.03583911061286926,0.0010938755003735423,0.015965109691023827,0.0017658463912084699,0.0017547784373164177
CAGCGGACCTTTAC-1,5,NK cells,NK cells,True,True,0.9977830052375793,0.008532255498960977,False,0.00022812049428466707,7.141503738239408e-05,8.911432814784348e-05,9.694796608528122e-05,0.0013680332340300083,5.553635492105968e-05,0.00024434112128801644,0.9977830052375793,6.346178270177916e-05
CAGCGTCTAAAGCA-1,2,IL7R+ memory/helper T cells,IL7R+ memory/helper T cells,True,True,0.7854183912277222,0.30888676202719034,False,0.1753765344619751,0.002324940636754036,0.0018454560777172446,0.004016861319541931,0.02095424011349678,0.001595024485141039,0.7854183912277222,0.001618324313312769,0.006850177887827158
CAGCGTCTTATCGG-1,2,IL7R+ memory/helper T cells,IL7R+ memory/helper T cells,True,True,0.844893753528595,0.23567115384220272,False,0.1372767835855484,0.002195109147578478,0.001119513064622879,0.0026882090605795383,0.006928266491740942,0.0015190700069069862,0.844893753528595,0.0015533861005678773,0.0018259418429806828
CAGCTAGATGTGAC-1,3,Classical monocytes,Classical monocytes,True,True,0.9976933598518372,0.008844032570014329,False,0.0013911748537793756,7.69535472500138e-05,0.0003772008349187672,0.9976933598518372,0.00011485109280329198,0.00011302909115329385,9.233897435478866e-05,6.696087802993134e-05,7.412571721943095e-05
CAGCTCTGAGGCGA-1,2,IL7R+ memory/helper T cells,IL7R+ memory/helper T cells,True,True,0.9637688994407654,0.08168062817345789,False,0.031039195135235786,0.00063071254407987,0.0002839836524799466,0.0006156035233289003,0.0009195429738610983,0.00035257148556411266,0.9637688994407654,0.00032257483690045774,0.0020669247023761272
CAGCTCTGCAAGCT-1,0,Cytotoxic CD8 T cells,Cytotoxic CD8 T cells,True,True,0.996845006942749,0.012139910844553604,False,0.00126210181042552,0.0002280862972838804,8.972985961008817e-05,0.0001587021688465029,0.996845006942749,8.718905883142725e-05,0.00041469006100669503,0.0006818730616942048,0.00023266386415343732
CAGCTCTGTCGTAG-1,3,Classical monocytes,Classical monocytes,True,True,0.9992555975914001,0.0033865952040012044,False,9.204668458551168e-05,0.00023296175641007721,0.00016934772429522127,0.9992555975914001,3.82947655452881e-05,2.7066114853369072e-05,0.00012278961366973817,3.0956492992118e-05,3.0925100872991607e-05
CAGCTCTGTGTGGT-1,5,NK cells,NK cells,True,True,0.9979954957962036,0.008289161765767755,False,0.0005153288366273046,0.0002432356559438631,9.380449773743749e-05,0.00010931083670584485,0.0004803953634109348,5.9740628785220906e-05,0.0002614739059936255,0.9979954957962036,0.00024125049822032452
CAGGAACTAACTGC-1,0,Cytotoxic CD8 T cells,Cytotoxic CD8 T cells,True,True,0.9802775979042053,0.05123914675242979,False,0.0021135166753083467,0.0002552617515902966,0.00017115887021645904,0.0002952831273432821,0.9802775979042053,0.0001763956097420305,0.01578114740550518,0.0002629587834235281,0.0006667164852842689
CAGGAACTCTCAGA-1,3,Classical monocytes,Classical monocytes,True,True,0.9991961121559143,0.0036272899603076066,False,0.00020565735758282244,5.354879249352962e-05,0.00027415345539338887,0.9991961121559143,5.7212448155041784e-05,3.745570211322047e-05,8.568978955736384e-05,4.736032133223489e-05,4.280741995899007e-05
CAGGCCGAACACCA-1,7,Naive/resting T cells,Activated/transitional T cells,True,False,0.7971369624137878,0.32513063026122935,False,0.7971369624137878,0.0047692894004285336,0.002034446457400918,0.004361055325716734,0.0062463185749948025,0.0025476301088929176,0.13876435160636902,0.0038781906478106976,0.04026176407933235
CAGGCCGAACACGT-1,2,IL7R+ memory/helper T cells,IL7R+ memory/helper T cells,True,True,0.676787793636322,0.3319410374331896,False,0.3058805465698242,0.0024364497512578964,0.0013583200052380562,0.0028167974669486284,0.003985743038356304,0.0016380621818825603,0.676787793636322,0.001634624321013689,0.003461668500676751
CAGGCCGAACGACT-1,6,Activated/transitional T cells,IL7R+ memory/helper T cells,True,False,0.708805501461029,0.4088316162751865,False,0.21558044850826263,0.007536679971963167,0.0035484270192682743,0.008865845389664173,0.016310326755046844,0.02870645932853222,0.708805501461029,0.00539298914372921,0.005253313109278679
CAGGCCGAATCTCT-1,4,CD16+ non-classical monocytes,CD16+ non-classical monocytes,True,True,0.9772994518280029,0.056681729164316116,False,0.0010475522140040994,0.0003006440820172429,0.9772994518280029,0.01916167326271534,0.0005668948870152235,0.00016300186689477414,0.0004289009957574308,0.0007405093056149781,0.00029130562325008214
CAGGCCGACTAGCA-1,1,B cells,B cells,True,True,0.999447762966156,0.002532334831263046,False,0.0002811801969073713,0.999447762966156,1.729312316456344e-05,3.171859498252161e-05,4.730800719698891e-05,2.4922459488152526e-05,8.589884237153456e-05,1.8406715753371827e-05,4.546265699900687e-05
CAGGGCACCATACG-1,1,B cells,B cells,True,True,0.9994516968727112,0.0025019971727902692,False,0.0003019329160451889,0.9994516968727112,2.0207842680974863e-05,3.434219252085313e-05,5.1055900257779285e-05,2.264894101244863e-05,3.2184896554099396e-05,1.9523862647474743e-05,6.644640234299004e-05
CAGGGCACCCAACA-1,7,Naive/resting T cells,Activated/transitional T cells,True,False,0.9899245500564575,0.03272487856663396,False,0.9899245500564575,0.0005844084662385285,0.0005010584718547761,0.0007461781497113407,0.0010551775339990854,0.000443694822024554,0.005549754481762648,0.0005359361530281603,0.0006592523423023522
CAGGGCACTCCCGT-1,2,IL7R+ memory/helper T cells,IL7R+ memory/helper T cells,True,True,0.9807666540145874,0.05591959016601155,False,0.011169813573360443,0.000917941564694047,0.0006781249539926648,0.0011053697671741247,0.002546686911955476,0.0007368232472799718,0.9807666540145874,0.000755014072638005,0.0013235412770882249
CAGGTAACAGACTC-1,3,Classical monocytes,Classical monocytes,True,True,0.9946409463882446,0.017918410145670558,False,0.0005001251702196896,0.00037365808384492993,0.003761594183743,0.9946409463882446,0.0001176157602458261,8.39873609947972e-05,0.0003291852481197566,0.00010367514187237248,8.922367123886943e-05
CAGGTATGAGTCGT-1,2,IL7R+ memory/helper T cells,Activated/transitional T cells,True,False,0.6363843679428101,0.3774158471573552,False,0.6363843679428101,0.0038169280160218477,0.002364502986893058,0.004583736881613731,0.009076293557882309,0.002910119714215398,0.32998451590538025,0.0075490823946893215,0.003330490319058299
CAGGTATGTGCTTT-1,2,IL7R+ memory/helper T cells,IL7R+ memory/helper T cells,True,True,0.9297744035720825,0.1564754226676634,False,0.04302741214632988,0.0017799375345930457,0.001132796285673976,0.002874850993975997,0.006681864615529776,0.0012955991551280022,0.9297744035720825,0.0016472457209601998,0.011785831302404404
CAGGTTGAGGATCT-1,1,B cells,B cells,True,True,0.9992614388465881,0.0032490423732062777,False,0.00021208255202509463,0.9992614388465881,2.1798488887725398e-05,3.811456554103643e-05,3.1896852306090295e-05,2.4677849069121294e-05,0.0003557922027539462,1.9959930796176195e-05,3.417248444748111e-05
CAGTGATGGACGGA-1,1,B cells,B cells,True,True,0.9994188547134399,0.0026795602289201134,False,0.0002567971823737025,0.9994188547134399,1.8187216483056545e-05,3.7853642425034195e-05,0.0001089765501092188,2.7061038053943776e-05,4.4049491407349706e-05,2.7942689484916627e-05,6.030425356584601e-05
CAGTGATGGCTAAC-1,0,Cytotoxic CD8 T cells,Cytotoxic CD8 T cells,True,True,0.9901774525642395,0.030162260434787244,False,0.0009329355671070516,0.00020336387387942523,0.00020033209875691682,0.00024420031695626676,0.9901774525642395,0.00013410278188530356,0.0006974376155994833,0.006878458429127932,0.0005317332106642425
CAGTGATGGGACAG-1,2,IL7R+ memory/helper T cells,Activated/transitional T cells,True,False,0.9449939131736755,0.1146154302845529,False,0.9449939131736755,0.0010314377723261714,0.0006604860536754131,0.0012071846285834908,0.0012423871085047722,0.0007242517312988639,0.04653465747833252,0.000683130172546953,0.0029225617181509733
CAGTGATGTAAGGA-1,1,B cells,B cells,True,True,0.9994063377380371,0.0027153485047373476,False,0.000263528258074075,0.9994063377380371,1.6301823052344844e-05,3.3888485631905496e-05,0.00012518517905846238,2.238036358903628e-05,7.615098729729652e-05,1.8624299627845176e-05,3.7582958611892536e-05
CAGTGATGTACGCA-1,1,B cells,B cells,True,True,0.6006330847740173,0.4827930404505672,False,0.3035805821418762,0.6006330847740173,0.004178705625236034,0.009408011101186275,0.012588473968207836,0.02874634601175785,0.011282187886536121,0.005417167209088802,0.024165425449609756
CAGTGTGATGTCAG-1,7,Naive/resting T cells,Activated/transitional T cells,True,False,0.9543668627738953,0.08897445768246552,False,0.9543668627738953,0.00022561365040019155,0.00013625988503918052,0.00035995346843264997,0.00029673584504052997,0.00016151367162819952,0.00028293649666011333,0.00015480091678909957,0.044015295803546906
CAGTTACTAAGGTA-1,1,B cells,B cells,True,True,0.9986501336097717,0.005266431825985856,False,0.0010224644793197513,0.9986501336097717,2.1823183487867936e-05,4.360553066362627e-05,3.5984670830657706e-05,2.2140313376439735e-05,0.00013340327132027596,1.927133052959107e-05,5.114389568916522e-05
CAGTTACTGATAGA-1,2,IL7R+ memory/helper T cells,Activated/transitional T cells,True,False,0.8610072731971741,0.229427502615831,False,0.8610072731971741,0.0012013489613309503,0.0006389212212525308,0.0015296644996851683,0.017824744805693626,0.0008996349642984569,0.1117318719625473,0.0008955316734500229,0.004271042998880148
CAGTTGGAAAGAGT-1,3,Classical monocytes,Classical monocytes,True,True,0.49958276748657227,0.33729672189682297,True,0.0014701480977237225,0.0013367135543376207,0.4937232434749603,0.49958276748657227,0.0012494237162172794,0.0004602961998898536,0.0010579964146018028,0.0005697831511497498,0.0005496959201991558
CAGTTGGACATACG-1,7,Naive/resting T cells,Activated/transitional T cells,True,False,0.9877874255180359,0.03958969280256511,False,0.9877874255180359,0.0007849836838431656,0.00045780924847349524,0.0009530941606499255,0.0011986501049250364,0.0005692042759619653,0.004645840730518103,0.0005534798256121576,0.003049476770684123
CAGTTTACACACGT-1,5,NK cells,Cytotoxic CD8 T cells,True,False,0.6323598623275757,0.4105302866429345,False,0.008122297935187817,0.007684307172894478,0.0024777657818049192,0.002858478808775544,0.6323598623275757,0.0017329517286270857,0.30749908089637756,0.035241011530160904,0.002024254761636257
CAGTTTACCCCAAA-1,7,Naive/resting T cells,Activated/transitional T cells,True,False,0.9973140358924866,0.01075103844098964,False,0.9973140358924866,0.0002070013142656535,0.00010866079537663609,0.00024554014089517295,0.0004790223902091384,0.00014670027303509414,0.0008554874220862985,0.00023608389892615378,0.00040743875433690846
CATAAAACGGAGCA-1,3,Classical monocytes,Classical monocytes,True,True,0.9994230270385742,0.0027110978075208167,False,0.00018705504771787673,3.429538628552109e-05,0.00010682996799005195,0.9994230270385742,4.831557089346461e-05,2.4230590497609228e-05,7.104679389158264e-05,3.2067611755337566e-05,7.317060953937471e-05
CATAAATGAACTGC-1,7,Naive/resting T cells,Activated/transitional T cells,True,False,0.9993116855621338,0.003197862190710057,False,0.9993116855621338,6.341720290947706e-05,3.411581928958185e-05,7.61763149057515e-05,0.00010349974036216736,4.4311207602731884e-05,0.00018932322564069182,4.701356010627933e-05,0.00013045393279753625
CATAACCTTCTCCG-1,2,IL7R+ memory/helper T cells,IL7R+ memory/helper T cells,True,True,0.7234712243080139,0.37514650821037243,False,0.22203348577022552,0.014613083563745022,0.0034714096691459417,0.006791620049625635,0.01339401863515377,0.0034661549143493176,0.7234712243080139,0.0035945489071309566,0.009164447896182537
CATACTACCTCGAA-1,7,Naive/resting T cells,Activated/transitional T cells,True,False,0.9957923889160156,0.016110698171053036,False,0.9957923889160156,0.00039944841410033405,0.00028268693131394684,0.00046910648234188557,0.0006401672726497054,0.00026895725750364363,0.0011837269412353635,0.00028084919904358685,0.0006826366879977286
CATACTACCTGAAC-1,7,Naive/resting T cells,Activated/transitional T cells,True,False,0.9882112145423889,0.036995575594685956,False,0.9882112145423889,0.0005082215066067874,0.0003215586475562304,0.0005968480836600065,0.002537025138735771,0.0003618195478338748,0.0062175351195037365,0.0003579317999538034,0.0008878781227394938
CATACTACGTACCA-1,3,Classical monocytes,Classical monocytes,True,True,0.9971030354499817,0.011220857526021207,False,0.00034330980270169675,0.000255684950388968,0.0013796503189951181,0.9971030354499817,0.00014629957149736583,8.568621706217527e-05,0.0003177650214638561,0.00019768619677051902,0.00017092299822252244
CATACTTGGGTTAC-1,4,CD16+ non-classical monocytes,CD16+ non-classical monocytes,True,True,0.9871719479560852,0.040524677721111235,False,0.0011878138175234199,0.0004182000120636076,0.9871719479560852,0.0018187847454100847,0.0018691408913582563,0.00030978440190665424,0.006181417964398861,0.0005527778412215412,0.000490100122988224
CATAGTCTAATCGC-1,2,IL7R+ memory/helper T cells,Activated/transitional T cells,True,False,0.861135721206665,0.2169109719381732,False,0.861135721206665,0.0014821399236097932,0.0006063252803869545,0.0014482191763818264,0.0098357442766428,0.0007902409415692091,0.12228232622146606,0.0009081341559067369,0.0015111375832930207
CATAGTCTCACTTT-1,2,IL7R+ memory/helper T cells,IL7R+ memory/helper T cells,True,True,0.708575427532196,0.40596623041389013,False,0.2112736701965332,0.004495746456086636,0.002617057878524065,0.007039985619485378,0.044015396386384964,0.005837268196046352,0.708575427532196,0.005881151650100946,0.010264259763062
CATATAGACTAAGC-1,3,Classical monocytes,Classical monocytes,True,True,0.993709921836853,0.02276655830479667,False,0.0012527686776593328,0.0007981911185197532,0.0018138614250347018,0.993709921836853,0.0003705098934005946,0.00030830776086077094,0.0009740934474393725,0.00043387507321313024,0.0003384677693247795
CATATAGATCAGGT-1,1,B cells,B cells,True,True,0.9991926550865173,0.0034584015784641167,False,0.000527312105987221,0.9991926550865173,2.2864362108521163e-05,6.720465898979455e-05,4.1428316762903705e-05,3.113784623565152e-05,6.315931386779994e-05,2.1914418539381586e-05,3.2386731618316844e-05
CATCAACTAGAAGT-1,2,IL7R+ memory/helper T cells,Activated/transitional T cells,True,False,0.5264186859130859,0.37349986333920965,False,0.5264186859130859,0.007701917551457882,0.001010247622616589,0.0025921082124114037,0.003739883191883564,0.0013140450464561582,0.4511374235153198,0.0013590746093541384,0.0047266543842852116
CATCAACTCCCTCA-1,2,IL7R+ memory/helper T cells,Activated/transitional T cells,True,False,0.6580255627632141,0.32492244808781967,False,0.6580255627632141,0.0015987290535122156,0.0009534496930427849,0.0019012927077710629,0.0027465515304356813,0.0010764594189822674,0.3305386006832123,0.0010947305709123611,0.002064633183181286
CATCAGGACTTCCG-1,5,NK cells,NK cells,True,True,0.997650682926178,0.00922444780589575,False,0.0010524821700528264,8.880128007149324e-05,6.139867036836222e-05,0.00011751541751436889,0.0005620469455607235,6.884067988721654e-05,0.00028919611941091716,0.997650682926178,0.00010909949196502566
CATCAGGATAGCCA-1,5,NK cells,NK cells,True,True,0.9922037124633789,0.02310405761902966,False,0.00032737336005084217,0.00012380009866319597,5.8663128584157676e-05,0.00010847185330931097,0.006689382717013359,6.073095937608741e-05,0.0002424595586489886,0.9922037124633789,0.0001853841240517795
CATCAGGATCCTAT-1,4,CD16+ non-classical monocytes,CD16+ non-classical monocytes,True,True,0.9985883831977844,0.005987041598879615,False,0.0001206322995130904,0.00020811374997720122,0.9985883831977844,0.0005516329547390342,8.089683979051188e-05,5.13521081302315e-05,0.00025150299188680947,9.077625145437196e-05,5.6664401199668646e-05
CATCAGGATGCACA-1,3,Classical monocytes,Classical monocytes,True,True,0.8190358877182007,0.23995436380154378,False,0.0012713391333818436,0.0023696727585047483,0.1715453416109085,0.8190358877182007,0.0016863810596987605,0.001266228617168963,0.0016586402198299766,0.0006584006478078663,0.0005081639974378049
CATCAGGATTTCGT-1,3,Classical monocytes,Classical monocytes,True,True,0.9996497631072998,0.0017405994802627844,False,9.97725801425986e-05,2.97996994049754e-05,4.645646913559176e-05,0.9996497631072998,4.0051188989309594e-05,2.7150666937814094e-05,5.233552656136453e-05,2.9253491447889246e-05,2.5405310225323774e-05
CATCATACCGCATA-1,3,Classical monocytes,Classical monocytes,True,True,0.99677973985672,0.012264094479735081,False,0.00035187872708775103,0.0004035920137539506,0.001535153714939952,0.99677973985672,0.00015495937259402126,8.846115815686062e-05,0.0004135667986702174,0.00014740061305928975,0.00012529583182185888
CATCATACGGAGCA-1,1,B cells,B cells,True,True,0.9983932375907898,0.006574648564998445,False,0.0006908344221301377,0.9983932375907898,3.801939601544291e-05,0.00016380540910176933,0.00044496406917460263,4.692123911809176e-05,0.00011530350457178429,4.986548447050154e-05,5.6980115914484486e-05
CATCATACTCAAGC-1,7,Naive/resting T cells,Activated/transitional T cells,True,False,0.990793764591217,0.030684046488313334,False,0.990793764591217,0.0005652486579492688,0.0005043618148192763,0.0007176710641942918,0.0011972973588854074,0.00037259847158566117,0.004564257804304361,0.0004923283704556525,0.0007924856035970151
CATCGCTGGGATCT-1,2,IL7R+ memory/helper T cells,IL7R+ memory/helper T cells,True,True,0.9699996113777161,0.072043805772696,False,0.02309265360236168,0.00031154160387814045,0.0001811385591281578,0.0003906383062712848,0.004983465652912855,0.00023488287115469575,0.9699996113777161,0.0002123192243743688,0.0005937894457019866
CATCGCTGTGGCAT-1,1,B cells,B cells,True,True,0.9985942244529724,0.005691358926502533,False,0.0008898797677829862,0.9985942244529724,4.298448402551003e-05,7.174955680966377e-05,6.283379480009899e-05,4.887932300334796e-05,7.384070340776816e-05,4.995544804842211e-05,0.00016567626153118908
CATCGGCTATGCTG-1,2,IL7R+ memory/helper T cells,Activated/transitional T cells,True,False,0.9843147397041321,0.0491599709391033,False,0.9843147397041321,0.0013680023839697242,0.0005665901117026806,0.001295852125622332,0.0011421533999964595,0.0007522961823269725,0.005599515046924353,0.000731981243006885,0.0042288280092179775
CATCGGCTTTGGCA-1,2,IL7R+ memory/helper T cells,Activated/transitional T cells,True,False,0.9074690937995911,0.1796562375019181,False,0.9074690937995911,0.0024265218526124954,0.001429895986802876,0.004183862823992968,0.004799146670848131,0.0016954715829342604,0.07221516966819763,0.001993809826672077,0.00378698343411088
CATCTCCTATGTGC-1,1,B cells,B cells,True,True,0.999600350856781,0.0019320271308053902,False,0.00016134660108946264,0.999600350856781,1.6559733921894804e-05,4.7899953642627224e-05,4.510430881055072e-05,2.2882722987560555e-05,4.811178587260656e-05,2.6344232537667267e-05,3.144265792798251e-05
CATCTCCTCGAACT-1,3,Classical monocytes,Classical monocytes,True,True,0.6608724594116211,0.3231939061358346,False,0.004019198007881641,0.0010609969031065702,0.3275085687637329,0.6608724594116211,0.000920188263989985,0.0006194875459186733,0.003628085134550929,0.0006574122235178947,0.0007136121857911348
CATGAGACACGGGA-1,1,B cells,B cells,True,True,0.9975472092628479,0.008748800685868053,False,0.0019886982627213,0.9975472092628479,2.6783709472510964e-05,8.447764412267134e-05,0.00010721772559918463,3.4706274163909256e-05,5.695360596291721e-05,0.00011731142876669765,3.660860602394678e-05
CATGAGACGTTGAC-1,5,NK cells,NK cells,True,True,0.9689287543296814,0.07704922982064308,False,0.0022020412143319845,0.001305539277382195,0.0005613731918856502,0.0006710410816594958,0.023432280868291855,0.00038132554618641734,0.0018676650943234563,0.9689287543296814,0.0006499978480860591
CATGAGACTCGCCT-1,6,Activated/transitional T cells,Activated/transitional T cells,True,True,0.9276469349861145,0.1417343456816371,False,0.9276469349861145,0.0013419524766504765,0.001083417795598507,0.0016651321202516556,0.002346082590520382,0.0010645207948982716,0.06126796081662178,0.0009383676806464791,0.0026456848718225956
CATGCCACGGGTGA-1,7,Naive/resting T cells,Cytotoxic CD8 T cells,True,False,0.6858943700790405,0.33754307468843586,False,0.29087477922439575,0.0015346785075962543,0.0008041716064326465,0.0018471867078915238,0.6858943700790405,0.0010813759872689843,0.008343098685145378,0.0017545518931001425,0.007865801453590393
CATGCCACTGCCAA-1,2,IL7R+ memory/helper T cells,IL7R+ memory/helper T cells,True,True,0.9416964054107666,0.12517314282735417,False,0.04549591615796089,0.0013950517168268561,0.0007174730999395251,0.00133897690102458,0.0038175873924046755,0.00080270686885342,0.9416964054107666,0.000913820753339678,0.0038220391143113375
CATGCGCTAGTCAC-1,4,CD16+ non-classical monocytes,CD16+ non-classical monocytes,True,True,0.9986732006072998,0.005733613286836507,False,0.0001615272049093619,0.0001031788342515938,0.9986732006072998,0.0003821214195340872,0.00010144637053599581,6.44667525193654e-05,0.0003305748978164047,0.00010723796731326729,7.624723366461694e-05
CATGCGCTCAGATC-1,3,Classical monocytes,Classical monocytes,True,True,0.9991389513015747,0.0038500566528697857,False,0.00023965557920746505,0.00024217159079853445,0.00016580014198552817,0.9991389513015747,4.947398338117637e-05,2.7841459086630493e-05,5.57637213205453e-05,3.578454561647959e-05,4.454928421182558e-05
CATGCGCTTTGCAG-1,4,CD16+ non-classical monocytes,CD16+ non-classical monocytes,True,True,0.9962586164474487,0.013722929719878953,False,0.00025340105639770627,0.00021248345728963614,0.9962586164474487,0.0014475189382210374,0.000122422628919594,9.210089774569497e-05,0.0014168961206451058,0.00012477065320126712,7.179038948379457e-05
CATGGCCTAGGGTG-1,3,Classical monocytes,Classical monocytes,True,True,0.998659610748291,0.005391263315655803,False,0.0009033497190102935,7.090638973750174e-05,0.00011828549759229645,0.998659610748291,4.714864189736545e-05,3.1346393370768055e-05,0.00010010805272031575,3.1582727388013154e-05,3.7629630242008716e-05
CATGGCCTGTGCAT-1,7,Naive/resting T cells,Activated/transitional T cells,True,False,0.7830895781517029,0.3460246381034541,False,0.7830895781517029,0.005324320401996374,0.002487373072654009,0.005124308168888092,0.029812773689627647,0.0028455036226660013,0.019537044689059258,0.0029533158522099257,0.14882582426071167
CATGTACTATCGTG-1,0,Cytotoxic CD8 T cells,Cytotoxic CD8 T cells,True,True,0.9934567809104919,0.023232633352681126,False,0.002453400520607829,0.0003126179799437523,0.0005279346951283514,0.0002152615925297141,0.9934567809104919,0.0008588464697822928,0.0005825881380587816,0.0012768219457939267,0.0003157020837534219
CATGTTACAGTCGT-1,0,Cytotoxic CD8 T cells,NK cells,True,False,0.5640497803688049,0.46626611018741376,False,0.07542653381824493,0.005601301323622465,0.0013320602010935545,0.0023390818387269974,0.33401620388031006,0.007101858966052532,0.006532653700560331,0.5640497803688049,0.0036005524452775717
CATGTTACCTGAGT-1,7,Naive/resting T cells,Cytotoxic CD8 T cells,True,False,0.8885930180549622,0.20730178937625637,False,0.0803498774766922,0.0012945205671712756,0.0007611814071424305,0.0014529654290527105,0.8885930180549622,0.0008061121334321797,0.01414403971284628,0.0009193061268888414,0.01167890802025795
CATGTTTGGGGATG-1,3,Classical monocytes,Classical monocytes,True,True,0.999567449092865,0.0021127357355654164,False,6.628510163864121e-05,5.804748070659116e-05,8.002832328202203e-05,0.999567449092865,2.9625141905853525e-05,1.8323687982046977e-05,7.686361641390249e-05,6.91735913278535e-05,3.415525134187192e-05
CATTACACACGGAG-1,1,B cells,B cells,True,True,0.9976465106010437,0.008309018053656789,False,0.0019991945009678602,0.9976465106010437,2.951203532575164e-05,8.892430196283385e-05,5.925787991145626e-05,5.113188672112301e-05,5.339048584573902e-05,3.214199750800617e-05,3.987787204096094e-05
CATTACACCAACTG-1,5,NK cells,NK cells,True,True,0.9934061765670776,0.021627934262915365,False,0.0005799169302918017,0.00014610243670176715,0.0001689410419203341,0.0002563823072705418,0.004471190739423037,0.00010922038927674294,0.0006500030867755413,0.9934061765670776,0.00021207401005085558
CATTACACGGAGTG-1,2,IL7R+ memory/helper T cells,Activated/transitional T cells,True,False,0.9920726418495178,0.02667522781699914,False,0.9920726418495178,0.0004110191366635263,0.00021431443747133017,0.00044549378799274564,0.0029114133212715387,0.0001991269673453644,0.0027852738276124,0.0002093889779644087,0.0007513869786635041
CATTACACTACTCT-1,7,Naive/resting T cells,Activated/transitional T cells,True,False,0.9030014276504517,0.16799899446468114,False,0.9030014276504517,0.0012333911145105958,0.0006656540208496153,0.001682920497842133,0.0025870869867503643,0.0008811908192001283,0.0869697779417038,0.0008556398679502308,0.0021228832192718983
CATTAGCTCCACAA-1,3,Classical monocytes,Classical monocytes,True,True,0.9994756579399109,0.0024981317829898576,False,8.042293484322727e-05,0.00013491562276612967,7.289551285794005e-05,0.9994756579399109,5.126594987814315e-05,2.4747130737523548e-05,0.00010433010174892843,2.9735467251157388e-05,2.600143852760084e-05
CATTGACTAGCGGA-1,3,Classical monocytes,Classical monocytes,True,True,0.9993283748626709,0.003094447505728745,False,0.00023035448975861073,4.3295036448398605e-05,0.0001463687513023615,0.9993283748626709,4.6079418098088354e-05,2.873002813430503e-05,8.529149636160582e-05,3.325845318613574e-05,5.829747169627808e-05
CATTGGGACTCGAA-1,2,IL7R+ memory/helper T cells,IL7R+ memory/helper T cells,True,True,0.6385453343391418,0.45812920772522325,False,0.27234798669815063,0.01353386975824833,0.006193920969963074,0.009856326505541801,0.03591050207614899,0.004942987579852343,0.6385453343391418,0.004822227638214827,0.013846805319190025
CATTGTACAGCGTT-1,7,Naive/resting T cells,Activated/transitional T cells,True,False,0.9981580376625061,0.007760447413037693,False,0.9981580376625061,0.000179347101948224,0.00011338950571371242,0.00021713048045057803,0.0002640229358803481,0.00013004634820390493,0.000523458409588784,0.0001678318512858823,0.0002467568265274167
CATTGTACTCGATG-1,1,B cells,B cells,True,True,0.9992197751998901,0.003432335432258272,False,0.0003819921694230288,0.9992197751998901,1.653222534514498e-05,3.5445569665171206e-05,3.927581201423891e-05,0.00018675894534680992,5.646242425427772e-05,2.1031952201155946e-05,4.2675957956817e-05
CATTGTACTTATCC-1,7,Naive/resting T cells,Activated/transitional T cells,True,False,0.8651717305183411,0.25185996819740836,False,0.8651717305183411,0.003317086026072502,0.002009937074035406,0.00443198811262846,0.01978926919400692,0.0022334668319672346,0.08914012461900711,0.002430377993732691,0.011476017534732819
CATTGTACTTTGCT-1,4,CD16+ non-classical monocytes,CD16+ non-classical monocytes,True,True,0.9961687922477722,0.013031660854037792,False,0.00014304065553005785,0.00021900178398936987,0.9961687922477722,0.002999632153660059,9.678724745754153e-05,4.5088614569976926e-05,0.00020810605201404542,5.849358421983197e-05,6.1023514717817307e-05
CATTGTTGCTAGTG-1,7,Naive/resting T cells,Activated/transitional T cells,True,False,0.9984310269355774,0.006513976797050167,False,0.9984310269355774,0.00011344475205987692,5.709465403924696e-05,0.0001348530495306477,0.00020812857837881893,7.182750414358452e-05,0.0007426965748891234,7.187279697973281e-05,0.00016902830975595862
CATTTCGACTCTAT-1,0,Cytotoxic CD8 T cells,Cytotoxic CD8 T cells,True,True,0.9944098591804504,0.019875482952075176,False,0.0013235342921689153,0.0002268390526296571,0.00015263364184647799,0.0003101930196862668,0.9944098591804504,0.00015491843805648386,0.0022680284455418587,0.0009067714563570917,0.00024718718486838043
CATTTCGAGATACC-1,5,NK cells,NK cells,True,True,0.9928144812583923,0.023962293516584368,False,0.0008060511900112033,0.00021846384333912283,0.00026940664974972606,0.00025081686908379197,0.004294635262340307,0.00016319938004016876,0.0006659114733338356,0.9928144812583923,0.0005170282092876732
CATTTGACCACACA-1,0,Cytotoxic CD8 T cells,Cytotoxic CD8 T cells,True,True,0.998052716255188,0.007967392301258067,False,0.0006374021177180111,0.0001775500422809273,3.9672915590927005e-05,8.42309309518896e-05,0.998052716255188,4.777783397003077e-05,0.0004705350729636848,0.00029589628684334457,0.00019426924700383097
CATTTGACCCTGAA-1,0,Cytotoxic CD8 T cells,Cytotoxic CD8 T cells,True,True,0.9968664050102234,0.012292896039018229,False,0.0010234735673293471,0.0001308009959757328,0.0002179899311158806,0.00018304464174434543,0.9968664050102234,0.00038619578117504716,0.0006544333300553262,0.0002815537736751139,0.0002560568682383746
CATTTGTGACGACT-1,1,B cells,B cells,True,True,0.9988810420036316,0.004577874478227939,False,0.0007545002154074609,0.9988810420036316,2.2301952412817627e-05,5.0601611292222515e-05,4.034358062199317e-05,2.5381317755091004e-05,7.587346772197634e-05,2.0530869733192958e-05,0.00012937886640429497
CATTTGTGCATTGG-1,7,Naive/resting T cells,Naive/resting T cells,True,True,0.7059975266456604,0.3750507650626897,False,0.24248874187469482,0.0043909912928938866,0.0024041426368057728,0.0052939816378057,0.009631747379899025,0.0030755111947655678,0.0237318966537714,0.002985495375469327,0.7059975266456604
CATTTGTGCGGAGA-1,7,Naive/resting T cells,Activated/transitional T cells,True,False,0.9948487877845764,0.017771454733680657,False,0.9948487877845764,0.00027392659103497863,8.787433034740388e-05,0.00031414642580784857,0.0009511113748885691,0.00011875005293404683,0.0030877019744366407,0.00012067163333995268,0.0001969917066162452
CATTTGTGGGATCT-1,1,B cells,B cells,True,True,0.9994378685951233,0.00256333408255904,False,0.0003054752596653998,0.9994378685951233,1.8888369595515542e-05,4.714521855930798e-05,3.064630800508894e-05,2.5128054403467104e-05,6.142313941381872e-05,2.0174982637399808e-05,5.328184852260165e-05
CCAAAGTGCTACGA-1,3,Classical monocytes,Classical monocytes,True,True,0.9992775321006775,0.003354945876371482,False,7.304973405553028e-05,0.0001253369846381247,0.00015722413081675768,0.9992775321006775,9.985799988498911e-05,6.460027361754328e-05,0.00012607462122105062,3.299178570159711e-05,4.3301177356624976e-05
CCAAAGTGTGAGAA-1,3,Classical monocytes,Classical monocytes,True,True,0.9989880919456482,0.004462570251908216,False,0.00024666968965902925,5.3444644436240196e-05,0.00032658205600455403,0.9989880919456482,8.953777432907373e-05,3.944310446968302e-05,0.00015266647096723318,5.388164572650567e-05,4.962953244103119e-05
CCAACCTGAAGTAG-1,0,Cytotoxic CD8 T cells,Cytotoxic CD8 T cells,True,True,0.9951019287109375,0.017964305623284906,False,0.001386564108543098,0.00020820916688535362,0.00015168398385867476,0.00029012589948251843,0.9951019287109375,0.00012504200276453048,0.0010478919139131904,0.001303734490647912,0.0003847592743113637
CCAACCTGACGTAC-1,3,Classical monocytes,Classical monocytes,True,True,0.9993628859519958,0.002959513241718888,False,9.357404633192345e-05,3.710012242663652e-05,0.0002283429348608479,0.9993628859519958,4.361759783932939e-05,5.57257590116933e-05,9.784364374354482e-05,3.537550219334662e-05,4.551371239358559e-05
CCAACCTGTTCGCC-1,3,Classical monocytes,Classical monocytes,True,True,0.9917078614234924,0.024988599492333476,False,0.006717834156006575,0.00023271764803212136,0.0002587861963547766,0.9917078614234924,0.0002625180350150913,8.715259173186496e-05,0.0004496210895013064,0.00012202286598039791,0.00016153088654391468
CCAAGAACCCAATG-1,2,IL7R+ memory/helper T cells,IL7R+ memory/helper T cells,True,True,0.6833902597427368,0.3882475808077416,False,0.25830379128456116,0.0033293203450739384,0.0017953418428078294,0.004640244413167238,0.035864025354385376,0.0025073932483792305,0.6833902597427368,0.005784335546195507,0.00438529159873724
CCAAGAACGTAGCT-1,2,IL7R+ memory/helper T cells,Activated/transitional T cells,True,False,0.7086132168769836,0.36505393929279584,False,0.7086132168769836,0.0037902011536061764,0.0023527846205979586,0.004625651985406876,0.023071611300110817,0.002600266132503748,0.24526235461235046,0.002714215312153101,0.006969711277633905
CCAAGAACGTGTCA-1,2,IL7R+ memory/helper T cells,IL7R+ memory/helper T cells,True,True,0.9012987017631531,0.1958623619957245,False,0.06659727543592453,0.0024132379330694675,0.0012053516693413258,0.003674444742500782,0.018226178362965584,0.0016732478979974985,0.9012987017631531,0.0017991331405937672,0.003112426493316889
CCAAGAACTACTGG-1,0,Cytotoxic CD8 T cells,Cytotoxic CD8 T cells,True,True,0.9981155395507812,0.007737743519660207,False,0.0004610694304574281,9.084304474527016e-05,8.013431215658784e-05,9.06595669221133e-05,0.9981155395507812,5.311820859787986e-05,0.00022607328719459474,0.0006545195356011391,0.00022806185006629676
CCAAGAACTCCTAT-1,1,B cells,B cells,True,True,0.9915547966957092,0.027226196516107283,False,0.0031817364506423473,0.9915547966957092,0.00010385458881501108,0.00034590938594192266,0.0038026294205337763,0.0001336052519036457,0.00022828942746855319,0.0001473025477025658,0.0005019250675104558
CCAAGATGTCATTC-1,6,Activated/transitional T cells,Activated/transitional T cells,True,True,0.9394824504852295,0.12580810553807908,False,0.9394824504852295,0.0009947133949026465,0.0005041202530264854,0.0010328557109460235,0.0029301790054887533,0.0028116016183048487,0.04960121959447861,0.0008954243385232985,0.0017473953776061535
CCAAGATGTTTCAC-1,2,IL7R+ memory/helper T cells,IL7R+ memory/helper T cells,True,True,0.6773242354393005,0.4425590734442396,False,0.120635487139225,0.004657152574509382,0.0034091731067746878,0.00605445820838213,0.17396394908428192,0.0033641280606389046,0.6773242354393005,0.00322041311301291,0.007370945531874895
CCAAGTGAGGAACG-1,7,Naive/resting T cells,Activated/transitional T cells,True,False,0.9980399012565613,0.00814644323314737,False,0.9980399012565613,0.0001618235110072419,8.778805931797251e-05,0.00024184660287573934,0.00021495639521162957,0.00011264096247032285,0.0005528342444449663,0.0001495628384873271,0.0004386756045278162
CCAAGTGATCAAGC-1,2,IL7R+ memory/helper T cells,IL7R+ memory/helper T cells,True,True,0.6626919507980347,0.3316239719144165,False,0.32224443554878235,0.0018779331585392356,0.0017162719741463661,0.0023568738251924515,0.004553652834147215,0.0013209219323471189,0.6626919507980347,0.0014108306495472789,0.0018271022709086537
CCAATTTGAACGTC-1,3,Classical monocytes,Classical monocytes,True,True,0.9992545247077942,0.0034034944378833545,False,0.00021231826394796371,0.00012485618935897946,0.00016370876983273774,0.9992545247077942,3.911800740752369e-05,2.8165650292066857e-05,0.00010911617573583499,3.0718252673977986e-05,3.739899693755433e-05
CCACCATGAACGTC-1,7,Naive/resting T cells,Naive/resting T cells,True,True,0.6616153717041016,0.3364028245321766,False,0.31886860728263855,0.000783196825068444,0.00046152062714099884,0.0009583115461282432,0.004295689985156059,0.0005757746403105557,0.011511089280247688,0.0009304400882683694,0.6616153717041016
CCACCATGATCGGT-1,7,Naive/resting T cells,Activated/transitional T cells,True,False,0.992438793182373,0.02568868181920738,False,0.992438793182373,0.00044129337766207755,0.0002669540117494762,0.0006211150321178138,0.000686854065861553,0.0003046431811526418,0.0010117542697116733,0.000330672221025452,0.003897835733368993
CCACCATGGACGAG-1,4,CD16+ non-classical monocytes,CD16+ non-classical monocytes,True,True,0.9923591017723083,0.023989228393386273,False,0.00034928671084344387,0.0005189543007872999,0.9923591017723083,0.0056524877436459064,0.00015240169886965305,9.598388714948669e-05,0.0005724257207475603,0.00015323063416872174,0.0001461296487832442
CCACCATGGGGAGT-1,7,Naive/resting T cells,Activated/transitional T cells,True,False,0.9023836255073547,0.22810016485832357,False,0.9023836255073547,0.00795892532914877,0.005485291127115488,0.010013378225266933,0.011026277206838131,0.005460217595100403,0.03490370884537697,0.006937489844858646,0.015831103548407555
CCACCATGTCCTGC-1,0,Cytotoxic CD8 T cells,Cytotoxic CD8 T cells,True,True,0.9945587515830994,0.018946854580987722,False,0.0030162364710122347,0.00016784050967544317,0.00015311608149204403,0.00028179818764328957,0.9945587515830994,0.00012018057896057144,0.0006705948035232723,0.000827497337013483,0.00020396588661242276
CCACTGACCCGCTT-1,3,Classical monocytes,Classical monocytes,True,True,0.9996899366378784,0.0015570854170138006,False,8.608688949607313e-05,3.0344763217726722e-05,4.7599362005712464e-05,0.9996899366378784,4.4790576794184744e-05,1.9784543837886304e-05,3.827533146250062e-05,2.2661557522951625e-05,2.053184471151326e-05
CCACTGTGGGAAGC-1,3,Classical monocytes,Classical monocytes,True,True,0.9989111423492432,0.004783791926294676,False,0.00035246810875833035,4.70060549560003e-05,0.00014520865806844085,0.9989111423492432,7.69637554185465e-05,0.00024236331228166819,0.00010972858581226319,4.644535147235729e-05,6.866573676234111e-05
CCACTGTGTGTAGC-1,2,IL7R+ memory/helper T cells,Activated/transitional T cells,True,False,0.8978703618049622,0.17242990843131187,False,0.8978703618049622,0.0010502277873456478,0.0005234702257439494,0.0011963910656049848,0.004467973951250315,0.0007122120587155223,0.09214956313371658,0.0006807288154959679,0.001349046709947288
CCACTTCTCGGGAA-1,3,Classical monocytes,Classical monocytes,True,True,0.9412556886672974,0.1080060483942899,False,0.0003526688669808209,0.000659165671095252,0.05644384026527405,0.9412556886672974,0.000266670627752319,0.00014524163270834833,0.0005544594023376703,0.00016943036462180316,0.0001528621796751395
CCAGAAACCCTGTC-1,1,B cells,B cells,True,True,0.9990690350532532,0.004084675503119262,False,0.00044495618203654885,0.9990690350532532,2.5702294806251302e-05,7.664306758670136e-05,8.979986887425184e-05,7.642599666723981e-05,6.57905256957747e-05,3.711730823852122e-05,0.00011450951569713652
CCAGAAACGAACTC-1,2,IL7R+ memory/helper T cells,Activated/transitional T cells,True,False,0.603740930557251,0.3379154106299251,False,0.603740930557251,0.0015357829397544265,0.0009193511796183884,0.001853118184953928,0.0023121691774576902,0.001172509859316051,0.3852742314338684,0.0010485926177352667,0.0021433650981634855
CCAGAAACGGTCTA-1,7,Naive/resting T cells,Activated/transitional T cells,True,False,0.9965895414352417,0.012761139364440144,False,0.9965895414352417,0.0002347932750126347,0.00012822200369555503,0.00023835067986510694,0.00044786580838263035,0.00013506208779290318,0.001840309938415885,0.00014442284009419382,0.0002414578339084983
CCAGACCTCTGAGT-1,3,Classical monocytes,Classical monocytes,True,True,0.9635515809059143,0.093615592384965,False,0.016306674107909203,0.013560757972300053,0.0013740452704951167,0.9635515809059143,0.0010109178256243467,0.0005621653981506824,0.0016072766156867146,0.0007523673702962697,0.0012741504469886422
CCAGACCTTGTGGT-1,6,Activated/transitional T cells,IL7R+ memory/helper T cells,True,False,0.7646811008453369,0.3363128589911369,False,0.18379011750221252,0.021908609196543694,0.0011839499929919839,0.0027252270374447107,0.01931755803525448,0.0012498656287789345,0.7646811008453369,0.0013646434526890516,0.0037789312191307545
CCAGCACTGCGATT-1,4,CD16+ non-classical monocytes,CD16+ non-classical monocytes,True,True,0.9938066005706787,0.021978016954833812,False,0.0005982364527881145,0.0003569341788534075,0.9938066005706787,0.0017125161830335855,0.00046815667883493006,0.0002439224481349811,0.002254024613648653,0.0002789355639833957,0.0002806518168654293
CCAGCGGAAAGGCG-1,3,Classical monocytes,Classical monocytes,True,True,0.9991543292999268,0.003672627566515923,False,0.0004893928417004645,9.457808482693508e-05,4.800866372534074e-05,0.9991543292999268,5.3898835176369175e-05,2.660068275872618e-05,5.614130350295454e-05,2.851186945918016e-05,4.856099985772744e-05
CCAGCGGACGACTA-1,3,Classical monocytes,Classical monocytes,True,True,0.9994298815727234,0.0026879334660581716,False,0.00011562043073354289,0.000160692012286745,7.903169898781925e-05,0.9994298815727234,3.54095027432777e-05,2.993560701725073e-05,8.43879533931613e-05,2.6668558348319493e-05,3.840122008114122e-05
CCAGCGGATGGGAG-1,2,IL7R+ memory/helper T cells,IL7R+ memory/helper T cells,True,True,0.9385437369346619,0.11751939830283582,False,0.056330401450395584,0.0006590031553059816,0.0005030856118537486,0.0007843115599825978,0.0010336078703403473,0.00047029866254888475,0.9385437369346619,0.0004529370635282248,0.0012226584367454052
CCAGCTACACAGTC-1,2,IL7R+ memory/helper T cells,Activated/transitional T cells,True,False,0.9919495582580566,0.02621419257525633,False,0.9919495582580566,0.00025947633548639715,0.00013596551434602588,0.0003116484440397471,0.002356272889301181,0.00020426245464477688,0.004191929008811712,0.0001992443430935964,0.00039157975697889924
CCAGCTACCAGCTA-1,1,B cells,B cells,True,True,0.9980523586273193,0.007856236893688558,False,0.0009665717370808125,0.9980523586273193,6.368495087372139e-05,0.00026387014077045023,0.00012765938299708068,7.394781277980655e-05,0.00017919954552780837,0.00011149515921715647,0.0001612495252629742
CCAGGTCTACACCA-1,1,B cells,B cells,True,True,0.9992483258247375,0.0033630900566261252,False,0.0003576052258722484,0.9992483258247375,3.678076609503478e-05,4.8335929022869095e-05,6.566868250956759e-05,3.2319232559530064e-05,0.0001318010617978871,4.918207196169533e-05,2.99712428386556e-05
CCAGGTCTAGCATC-1,3,Classical monocytes,Classical monocytes,True,True,0.9994481205940247,0.0026155452001776496,False,8.646219066577032e-05,0.00010546865814831108,0.000124946134747006,0.9994481205940247,4.2927385948132724e-05,2.6956326109939255e-05,0.00010920009663095698,2.845382914529182e-05,2.7443411454441957e-05
CCAGGTCTATGGTC-1,2,IL7R+ memory/helper T cells,Activated/transitional T cells,True,False,0.95699143409729,0.08928396428521511,False,0.95699143409729,0.00038956626667641103,0.00029087180155329406,0.0004550345183815807,0.001255726907402277,0.0002453765191603452,0.03939805552363396,0.00027762484387494624,0.0006963219493627548
CCAGTCACACTGGT-1,3,Classical monocytes,Classical monocytes,True,True,0.9995336532592773,0.0022593783543912267,False,0.00011227108916500583,4.227902172715403e-05,3.742029002751224e-05,0.9995336532592773,8.710415568202734e-05,3.291886605438776e-05,7.611087494296953e-05,3.98262454837095e-05,3.8408430555136874e-05
CCAGTCACACTGTG-1,1,B cells,B cells,True,True,0.9982471466064453,0.00701335177495596,False,0.0010260696290060878,0.9982471466064453,4.771277599502355e-05,0.00010208920866716653,0.00011661033204291016,6.692638999084011e-05,0.0001305727200815454,6.74739494570531e-05,0.00019543292000889778
CCAGTCACGTTGTG-1,7,Naive/resting T cells,Activated/transitional T cells,True,False,0.9554049968719482,0.11055898745714803,False,0.9554049968719482,0.0018402270507067442,0.001046022865921259,0.0033801135141402483,0.0031943698413670063,0.0012536830035969615,0.02720588631927967,0.0011771792778745294,0.005497453734278679
CCAGTGCTAACCAC-1,2,IL7R+ memory/helper T cells,IL7R+ memory/helper T cells,True,True,0.5286427140235901,0.4319365180947825,False,0.42045560479164124,0.007786459755152464,0.004500309471040964,0.008825614117085934,0.010862136259675026,0.0046919239684939384,0.5286427140235901,0.004820795729756355,0.009414413943886757
CCAGTGCTCGTAGT-1,2,IL7R+ memory/helper T cells,IL7R+ memory/helper T cells,True,True,0.7979350090026855,0.3185182411901467,False,0.11199112236499786,0.0016355715924873948,0.0008999723941087723,0.0026403069496154785,0.00550307659432292,0.001116519677452743,0.7979350090026855,0.0012572837295010686,0.07702111452817917
CCATCCGAAAGCAA-1,2,IL7R+ memory/helper T cells,Activated/transitional T cells,True,False,0.4830455183982849,0.40572751505448823,True,0.4830455183982849,0.0010560039663687348,0.0005895899375900626,0.0019570908043533564,0.46508944034576416,0.0007393989944830537,0.04541701823472977,0.0007871859706938267,0.001318732276558876
CCATCCGAACGACT-1,6,Activated/transitional T cells,Activated/transitional T cells,True,True,0.5672711133956909,0.38087342903715893,False,0.5672711133956909,0.003082790644839406,0.0016153814503923059,0.004941278602927923,0.4054281413555145,0.0021539684385061264,0.005860869772732258,0.004607555456459522,0.005038952920585871
CCATCCGAAGGTTC-1,1,B cells,B cells,True,True,0.9992827773094177,0.003171282299265399,False,0.00040330877527594566,0.9992827773094177,1.8233171431347728e-05,6.594060687348247e-05,3.925057899323292e-05,2.4295237381011248e-05,8.0016819993034e-05,2.0768316971953027e-05,6.538553861901164e-05
CCATCCGATTCGCC-1,3,Classical monocytes,Classical monocytes,True,True,0.9987566471099854,0.00530537806383503,False,0.00027628621319308877,0.0005254042916931212,8.747272659093142e-05,0.9987566471099854,6.359074905049056e-05,0.000116298149805516,6.568358367076144e-05,4.4267424527788535e-05,6.438016862375662e-05
CCATCGTGAACGGG-1,2,IL7R+ memory/helper T cells,IL7R+ memory/helper T cells,True,True,0.9607318639755249,0.0938739146492151,False,0.029180483892560005,0.0022308004554361105,0.0005044985446147621,0.0015701488591730595,0.002313269069418311,0.0006125008803792298,0.9607318639755249,0.0008654736448079348,0.0019909264519810677
CCATCGTGCTAGAC-1,4,CD16+ non-classical monocytes,CD16+ non-classical monocytes,True,True,0.8065134286880493,0.25346290787676323,False,0.002114988397806883,0.002457274356856942,0.8065134286880493,0.1818450391292572,0.0017017973586916924,0.0009572090348228812,0.002493220614269376,0.0011774096637964249,0.0007396201835945249
CCCAACACCTCGCT-1,1,B cells,B cells,True,True,0.9983152151107788,0.006666634301277868,False,0.000984772341325879,0.9983152151107788,2.546981704654172e-05,4.933381569571793e-05,6.567320815520361e-05,3.122198904748075e-05,0.0002267430245410651,2.4358601876883768e-05,0.0002772005391307175
CCCAACACGCATCA-1,7,Naive/resting T cells,Activated/transitional T cells,True,False,0.9642377495765686,0.08396118469240091,False,0.9642377495765686,0.001477670855820179,0.00030818930827081203,0.0008267275989055634,0.0033115167170763016,0.0004263570881448686,0.028309255838394165,0.00043465636554174125,0.0006678480422124267
CCCAACACTTTGTC-1,3,Classical monocytes,Classical monocytes,True,True,0.9990984201431274,0.00405504270613341,False,0.0001256196410395205,9.753456834005192e-05,0.0001513907191110775,0.9990984201431274,0.00026562021230347455,3.649904829217121e-05,0.00014718237798660994,3.982295311288908e-05,3.790525806834921e-05
CCCAACTGCAATCG-1,3,Classical monocytes,Classical monocytes,True,True,0.99643874168396,0.012580733074796976,False,0.00246193609200418,6.701931124553084e-05,0.00027951275114901364,0.99643874168396,6.523502088384703e-05,4.9416747060604393e-05,0.00039558723801746964,5.5602886277483776e-05,0.00018700194777920842
CCCAGACTGCCTTC-1,4,CD16+ non-classical monocytes,Classical monocytes,True,False,0.9981576800346375,0.007344102101081077,False,8.040318061830476e-05,0.00018092665413860232,0.0009703003452159464,0.9981576800346375,0.00015858020924497396,3.23097083310131e-05,0.0003393238876014948,4.0284081478603184e-05,4.0218634239863604e-05
CCCAGACTGGTTTG-1,1,B cells,B cells,True,True,0.9986060261726379,0.005532918793625873,False,0.000980774755589664,0.9986060261726379,3.4272386983502656e-05,7.056273898342624e-05,4.7788184019736946e-05,4.112984606763348e-05,0.00013177953951526433,2.9163200451876037e-05,5.853790935361758e-05
CCCAGACTTTCGCC-1,4,CD16+ non-classical monocytes,CD16+ non-classical monocytes,True,True,0.9980018734931946,0.007973328573480196,False,0.00014657578140031546,0.0001278028794331476,0.9980018734931946,0.0009750430472195148,8.96504134288989e-05,4.929125134367496e-05,0.00043582572834566236,8.474342030240223e-05,8.921670814743266e-05
CCCAGTTGCAGTTG-1,3,Classical monocytes,Classical monocytes,True,True,0.9891959428787231,0.03423055725003841,False,0.000562045257538557,0.00224115327000618,0.005849470384418964,0.9891959428787231,0.0004568571748677641,0.00021266184921842068,0.000699550611898303,0.0004788721853401512,0.0003035003610420972
CCCAGTTGGGTACT-1,0,Cytotoxic CD8 T cells,IL7R+ memory/helper T cells,True,False,0.6216603517532349,0.40093110072322763,False,0.04715447500348091,0.0021494098473340273,0.0013111841399222612,0.0030523177701979876,0.3186318576335907,0.0014844483230262995,0.6216603517532349,0.00228973850607872,0.0022662284318357706
CCCAGTTGTCTATC-1,1,B cells,B cells,True,True,0.9993042945861816,0.0031426060266831037,False,0.0003321510157547891,0.9993042945861816,3.029738218174316e-05,7.433623977703974e-05,5.857845098944381e-05,3.719718006323092e-05,9.795899677556008e-05,2.9032915335847065e-05,3.6103181628277525e-05
CCCGATTGTGTTTC-1,2,IL7R+ memory/helper T cells,IL7R+ memory/helper T cells,True,True,0.5040877461433411,0.4887734835169316,False,0.28223153948783875,0.0012044687755405903,0.0007301220903173089,0.0019298794213682413,0.20689676702022552,0.0008063942077569664,0.5040877461433411,0.0009228296112269163,0.00119021104183048
CCCGGAGAAGGGTG-1,3,Classical monocytes,Classical monocytes,True,True,0.9983103275299072,0.006790154192926341,False,0.0003068970690947026,0.0008947976166382432,6.267166463658214e-05,0.9983103275299072,5.433176920632832e-05,8.158264972735196e-05,0.0002224524214398116,2.9726355933235027e-05,3.7189889553701505e-05
CCCTACGAATTGGC-1,3,Classical monocytes,Classical monocytes,True,True,0.9992565512657166,0.0034508887977989355,False,0.00012411776697263122,0.00011235606507398188,0.0001559832162456587,0.9992565512657166,8.784831152297556e-05,8.942186104832217e-05,9.19265003176406e-05,3.472684329608455e-05,4.7037694457685575e-05
CCCTAGTGCAAAGA-1,2,IL7R+ memory/helper T cells,IL7R+ memory/helper T cells,True,True,0.9048572778701782,0.17833549131633308,False,0.07759549468755722,0.0044622900895774364,0.0012206145329400897,0.0033846518490463495,0.003672550665214658,0.0013069494161754847,0.9048572778701782,0.0014348693657666445,0.0020652504172176123
CCCTCAGACACTTT-1,1,B cells,B cells,True,True,0.999101996421814,0.0038999050467218616,False,0.00044110973249189556,0.999101996421814,2.482889794919174e-05,4.339533916208893e-05,0.00019551394507288933,2.8123613446950912e-05,8.967223402578384e-05,2.6405585231259465e-05,4.8931371566141024e-05
CCCTCAGACGAGAG-1,2,IL7R+ memory/helper T cells,Activated/transitional T cells,True,False,0.6409584879875183,0.33434026539994827,False,0.6409584879875183,0.001753580174408853,0.0010162168182432652,0.002164768287912011,0.0030905248131603003,0.0012277646455913782,0.34573855996131897,0.0012621930800378323,0.0027879003901034594
CCCTCAGAGGTCAT-1,7,Naive/resting T cells,Activated/transitional T cells,True,False,0.9949893355369568,0.018045063195443287,False,0.9949893355369568,0.0002634997363202274,0.00012265802070032805,0.00027894575032405555,0.0016196781070902944,0.00016566911654081196,0.0017914196942001581,0.00016456213779747486,0.0006042079185135663
CCCTGAACTAAAGG-1,1,B cells,B cells,True,True,0.9991449117660522,0.003579727287361148,False,0.0006025600014254451,0.9991449117660522,1.6551084627280943e-05,4.028652620036155e-05,4.1640381823526695e-05,2.5187233404722065e-05,2.4910155843826942e-05,1.8873290173360147e-05,8.506157610099763e-05
CCCTGATGCAACCA-1,7,Naive/resting T cells,Activated/transitional T cells,True,False,0.8995112180709839,0.18085623625956007,False,0.8995112180709839,0.0011890261666849256,0.0008055072976276278,0.0011943790595978498,0.0012957860017195344,0.0006960047176107764,0.08132088929414749,0.0007340759038925171,0.013253051787614822
CCCTGATGCAAGCT-1,1,B cells,B cells,True,True,0.998690664768219,0.0050096749855686054,False,0.0010913019068539143,0.998690664768219,2.709033651626669e-05,3.431765071582049e-05,4.096761404071003e-05,2.4168864911189303e-05,3.7599409552058205e-05,1.7596845282241702e-05,3.6351448216009885e-05
CCCTTACTAACCAC-1,3,Classical monocytes,Classical monocytes,True,True,0.9977388381958008,0.00923687465222258,False,0.000216423359233886,0.0005228450172580779,0.0006376262754201889,0.9977388381958008,0.00012927457282785326,9.5079951279331e-05,0.0003086822107434273,0.00019496919412631541,0.000156294452608563
CCCTTACTGCAGTT-1,6,Activated/transitional T cells,Cytotoxic CD8 T cells,True,False,0.9104344248771667,0.15229156689673232,False,0.08345603197813034,0.0005264485371299088,0.0003485384804662317,0.0006606041570194066,0.9104344248771667,0.0003544694045558572,0.0010555870831012726,0.0011676654685288668,0.0019962468650192022
CCGAAAACCTTGTT-1,4,CD16+ non-classical monocytes,Classical monocytes,True,False,0.6260345578193665,0.3265190171459912,False,0.000913734664209187,0.00421963632106781,0.3649542033672333,0.6260345578193665,0.0006719778175465763,0.0003651604347396642,0.0018960116431117058,0.0005697310552932322,0.0003749464522115886
CCGACACTGGTTTG-1,2,IL7R+ memory/helper T cells,IL7R+ memory/helper T cells,True,True,0.9841077327728271,0.043779421387924594,False,0.012222768738865852,0.0007601280813105404,0.00016453061834909022,0.00034652763861231506,0.0004826837102882564,0.00020361412316560745,0.9841077327728271,0.00019992873421870172,0.001512154471129179
CCGACTACCCAGTA-1,3,Classical monocytes,Classical monocytes,True,True,0.9992457628250122,0.003436798159994641,False,9.240885265171528e-05,9.87662497209385e-05,0.0002329345588805154,0.9992457628250122,4.9096041038865224e-05,2.9969964089104906e-05,0.000179760972969234,3.556497176759876e-05,3.5732438846025616e-05
CCGACTACCGTGTA-1,7,Naive/resting T cells,Activated/transitional T cells,True,False,0.9949796795845032,0.018750190935079247,False,0.9949796795845032,0.00038210421917028725,0.00020022269745822996,0.00046142702922225,0.0008247459190897644,0.00026421635993756354,0.0012694969773292542,0.0005487870657816529,0.0010692764772102237
CCGACTACTGAGGG-1,0,Cytotoxic CD8 T cells,Cytotoxic CD8 T cells,True,True,0.9767485857009888,0.06522111795380481,False,0.01095338724553585,0.0065030185505747795,0.0002669170207809657,0.0004719872085843235,0.9767485857009888,0.00033228343818336725,0.002382219536229968,0.000413995876442641,0.00192762422375381
CCGATAGACCTAAG-1,7,Naive/resting T cells,Activated/transitional T cells,True,False,0.9944378137588501,0.020306332493397503,False,0.9944378137588501,0.0004996993229724467,0.0002582109591457993,0.0005773590528406203,0.0006218301132321358,0.00036415315116755664,0.0008108902256935835,0.00032705237390473485,0.002102940110489726
CCGATAGAGTTGGT-1,3,Classical monocytes,Classical monocytes,True,True,0.6471586227416992,0.31354793119914004,False,0.0018616245361045003,0.0008682655170559883,0.3470666706562042,0.6471586227416992,0.0005729989497922361,0.0003315207432024181,0.0011795455357059836,0.00039558124262839556,0.0005652031977660954
CCGCGAGACACACA-1,3,Classical monocytes,Classical monocytes,True,True,0.9993701577186584,0.0028699076262713456,False,0.00028810760704800487,3.758127786568366e-05,0.00012595663429237902,0.9993701577186584,4.7794525016797706e-05,2.2039526811568066e-05,5.4904448916204274e-05,2.741966090979986e-05,2.6062369215651415e-05
CCGCGAGAGGTTCA-1,0,Cytotoxic CD8 T cells,Cytotoxic CD8 T cells,True,True,0.9750303030014038,0.06326634949451952,False,0.019214386120438576,0.00033013688516803086,0.0001963759568752721,0.00041954588959924877,0.9750303030014038,0.0002514840743970126,0.0017971225315704942,0.00237210001796484,0.0003885023179464042
CCGCTATGGGACGA-1,1,B cells,B cells,True,True,0.9993811845779419,0.002773958092212155,False,0.000363052764441818,0.9993811845779419,3.822893268079497e-05,3.4271000913577154e-05,4.365747736301273e-05,2.5001880203490146e-05,6.056825804989785e-05,2.5414281481062062e-05,2.858985317288898e-05
CCGCTATGTGCAAC-1,3,Classical monocytes,Classical monocytes,True,True,0.9892618656158447,0.03087738311737033,False,0.0003947166260331869,0.0005074010114185512,0.008836096152663231,0.9892618656158447,0.00017291806580033153,0.0001151287360698916,0.0003150683478452265,0.0001236177486134693,0.0002731926506385207
CCGCTATGTGCACA-1,3,Classical monocytes,Classical monocytes,True,True,0.999580442905426,0.002054317650440402,False,8.601394802099094e-05,5.794944809167646e-05,8.08772529126145e-05,0.999580442905426,3.333118002046831e-05,2.4187445887946524e-05,6.941185711184517e-05,2.8027119697071612e-05,3.972689955844544e-05
CCGGTACTGTCCTC-1,7,Naive/resting T cells,Activated/transitional T cells,True,False,0.7857173085212708,0.3525770278984783,False,0.7857173085212708,0.003046212252229452,0.001699315384030342,0.014094613492488861,0.04423638433218002,0.002089852700009942,0.13085903227329254,0.0021466738544404507,0.016110586002469063
CCGTACACAAGCAA-1,2,IL7R+ memory/helper T cells,Activated/transitional T cells,True,False,0.9170665740966797,0.1658636717880689,False,0.9170665740966797,0.0047745597548782825,0.0014462554827332497,0.00347783206962049,0.002841951558366418,0.0013674803776666522,0.06425464153289795,0.0013332947855815291,0.0034374173264950514
CCGTACACAGCGTT-1,1,B cells,B cells,True,True,0.9979225993156433,0.008241366083601513,False,0.0008116917451843619,0.9979225993156433,7.505715620936826e-05,0.00010892823047470301,9.835085074882954e-05,7.09067826392129e-05,0.0007243984728120267,5.465322465170175e-05,0.00013349093205761164
CCGTACACGTCATG-1,0,Cytotoxic CD8 T cells,Cytotoxic CD8 T cells,True,True,0.9971326589584351,0.011165416836092545,False,0.00037248985609039664,0.00011590305075515062,9.469009819440544e-05,0.00012934829283040017,0.9971326589584351,7.315402035601437e-05,0.0004874235892202705,0.00046211533481255174,0.0011321697384119034
CCGTACACGTTGGT-1,3,Classical monocytes,Classical monocytes,True,True,0.9995236396789551,0.002300066315194541,False,8.798802446108311e-05,5.56184422748629e-05,6.351667252602056e-05,0.9995236396789551,4.080121289007366e-05,2.6943815100821666e-05,0.00012327962031122297,3.0116130801616237e-05,4.808520679944195e-05
CCGTACACTAACGC-1,0,Cytotoxic CD8 T cells,Cytotoxic CD8 T cells,True,True,0.9881308078765869,0.03530853614831744,False,0.008141051046550274,0.0001648200413910672,0.0001276615948881954,0.00029124043066985905,0.9881308078765869,0.0005871074972674251,0.001747848349623382,0.0006228049169294536,0.00018663915398065
CCTAAACTTTCGTT-1,7,Naive/resting T cells,Activated/transitional T cells,True,False,0.9842503070831299,0.04954862711853214,False,0.9842503070831299,0.0009253739262931049,0.0005363422678783536,0.0014617342967540026,0.004331599920988083,0.0006230745930224657,0.0046905712224543095,0.0006306528230197728,0.0025503484066575766
CCTAAGGACCCAAA-1,7,Naive/resting T cells,Activated/transitional T cells,True,False,0.99716717004776,0.010829294363081964,False,0.99716717004776,0.0015087224310263991,7.543180254288018e-05,0.0001782653998816386,0.00021305339760147035,9.682033851277083e-05,0.0003335996007081121,9.818965190788731e-05,0.0003287284343969077
CCTAAGGACTAGCA-1,3,Classical monocytes,Classical monocytes,True,True,0.9953150749206543,0.017372964528981384,False,0.0011008242145180702,0.00044510714360512793,0.0016700904816389084,0.9953150749206543,0.00033301650546491146,0.00018745688430499285,0.00039201267645694315,0.0002017390652326867,0.00035473075695335865
CCTAAGGAGGGCAA-1,6,Activated/transitional T cells,Cytotoxic CD8 T cells,True,False,0.8923214077949524,0.23073818810258656,False,0.04577571153640747,0.0023106976877897978,0.0013146798592060804,0.003979093860834837,0.8923214077949524,0.010343964211642742,0.03151050955057144,0.0066668372601270676,0.005777082871645689
CCTAAGGATGATGC-1,2,IL7R+ memory/helper T cells,Activated/transitional T cells,True,False,0.9385973811149597,0.12951947920248272,False,0.9385973811149597,0.0010752540547400713,0.0007128421566449106,0.0013460739282891154,0.003040714655071497,0.00399453891441226,0.04864960163831711,0.0007327978382818401,0.0018507679924368858
CCTAAGGATGTCAG-1,7,Naive/resting T cells,Activated/transitional T cells,True,False,0.9977849721908569,0.008926121013894407,False,0.9977849721908569,0.00018506383639760315,9.842548752203584e-05,0.0002195184351876378,0.00024770491290837526,0.00012460767175070941,0.0009831999195739627,0.00013494648737832904,0.0002215549466200173
CCTACCGACTCTTA-1,7,Naive/resting T cells,Activated/transitional T cells,True,False,0.9887608885765076,0.03781997395185962,False,0.9887608885765076,0.0009753155754879117,0.0005302258650772274,0.001132854144088924,0.002619214588776231,0.000657930038869381,0.0020205616019666195,0.0006813008803874254,0.002621693769469857
CCTACCGAGGGATG-1,1,B cells,B cells,True,True,0.9970916509628296,0.01063105696747309,False,0.0019254189683124423,0.9970916509628296,0.00039342031232081354,8.279670146293938e-05,9.80817130766809e-05,4.9173271690960974e-05,0.0002355192555114627,4.0062197513179854e-05,8.38146370369941e-05
CCTAGAGAGGTGAG-1,1,B cells,B cells,True,True,0.9950049519538879,0.015392208446123464,False,0.004539431072771549,0.9950049519538879,3.112060221610591e-05,9.091507672565058e-05,0.00011166163312736899,4.337197606218979e-05,6.144210783531889e-05,3.452758028288372e-05,8.255741704488173e-05
CCTATAACCAAAGA-1,7,Naive/resting T cells,Activated/transitional T cells,True,False,0.9983090162277222,0.00718022765641277,False,0.9983090162277222,0.0004246421449352056,7.475070015061647e-05,0.00016986325499601662,0.00023028196301311255,9.818760008784011e-05,0.0002974329108837992,0.00013532544835470617,0.0002604499168228358
CCTATAACGAGACG-1,4,CD16+ non-classical monocytes,CD16+ non-classical monocytes,True,True,0.9832870960235596,0.05097424357902487,False,0.0022622989490628242,0.0016460905317217112,0.9832870960235596,0.007944472134113312,0.0008594185346737504,0.0022459730971604586,0.0009088910883292556,0.0005027733277529478,0.00034303529537282884
CCTATAACTCAGAC-1,7,Naive/resting T cells,Activated/transitional T cells,True,False,0.9976089000701904,0.009497144086487264,False,0.9976089000701904,0.0001601627591298893,9.223196684615687e-05,0.0001899813360068947,0.0003747680166270584,0.0001114498809329234,0.0010756844421848655,0.00011117970279883593,0.00027563885669223964
CCTATAACTGCATG-1,4,CD16+ non-classical monocytes,CD16+ non-classical monocytes,True,True,0.9898820519447327,0.03435437885250515,False,0.001198281068354845,0.001150543917901814,0.9898820519447327,0.003243847517296672,0.0017515114741399884,0.00034764347947202623,0.001013425411656499,0.001018034410662949,0.0003946427605114877
CCTCGAACACTTTC-1,5,NK cells,NK cells,True,True,0.9946706891059875,0.017710374787817246,False,0.00045627367217093706,0.00040146877290681005,6.983859930187464e-05,0.00010196072253165767,0.0038290356751531363,7.717566768405959e-05,0.00029829121194779873,0.9946706891059875,9.530560055281967e-05
CCTCGAACCCGTAA-1,4,CD16+ non-classical monocytes,CD16+ non-classical monocytes,True,True,0.708505392074585,0.31083000560509905,False,0.0021642271894961596,0.002615306992083788,0.708505392074585,0.277585506439209,0.004885571077466011,0.0005877587245777249,0.00230036536231637,0.0007808538503013551,0.0005750675336457789
CCTCGAACGTATCG-1,2,IL7R+ memory/helper T cells,Activated/transitional T cells,True,False,0.9338415265083313,0.1346764656683525,False,0.9338415265083313,0.008920359425246716,0.0005033155903220177,0.0009303351398557425,0.0018428245093673468,0.0006708945729769766,0.05203007906675339,0.0005372671876102686,0.0007234251825138927
CCTCGAACTTACTC-1,2,IL7R+ memory/helper T cells,IL7R+ memory/helper T cells,True,True,0.6835338473320007,0.4068468111910069,False,0.2401343733072281,0.0039400202222168446,0.0022781731095165014,0.0049545844085514545,0.04864443093538284,0.0027030494529753923,0.6835338473320007,0.0029282942414283752,0.010883222334086895
CCTCTACTCTTCGC-1,3,Classical monocytes,Classical monocytes,True,True,0.9970306158065796,0.01049682158521798,False,0.00010151479364139959,4.304256435716525e-05,0.00029881621594540775,0.9970306158065796,0.00020919903181493282,2.750927524175495e-05,0.00222714152187109,3.050315353902988e-05,3.165588714182377e-05
CCTCTACTGGCATT-1,7,Naive/resting T cells,Activated/transitional T cells,True,False,0.9970167875289917,0.011740603209990725,False,0.9970167875289917,0.00023676535056438297,0.0001242021971847862,0.0003147376701235771,0.0003035833651665598,0.0001675792009336874,0.0008388379355892539,0.00015750718011986464,0.0008400703663937747
CCTGACTGAAGTAG-1,0,Cytotoxic CD8 T cells,Cytotoxic CD8 T cells,True,True,0.9934858679771423,0.020298061133309862,False,0.005280017387121916,0.00015552733384538442,5.3512820159085095e-05,0.00017215107800439,0.9934858679771423,6.144866347312927e-05,0.000405988801503554,0.0002638196456246078,0.00012165199586888775
CCTGACTGGGGAGT-1,7,Naive/resting T cells,Activated/transitional T cells,True,False,0.9805765748023987,0.05436015544566047,False,0.9805765748023987,0.0006668809801340103,0.0003442956367507577,0.000760250783059746,0.0009729989687912166,0.0004823046620003879,0.012636310420930386,0.00046812149230390787,0.0030922903679311275
CCTGACTGTGTCTT-1,1,B cells,B cells,True,True,0.9989681243896484,0.004236023789387111,False,0.0007283998420462012,0.9989681243896484,2.1912126612733118e-05,4.752001041197218e-05,5.694260835298337e-05,2.964772647828795e-05,8.839678775984794e-05,2.4117227440001443e-05,3.49306283169426e-05
CCTGCAACACGTTG-1,3,Classical monocytes,Classical monocytes,True,True,0.9986568689346313,0.005660283405039371,False,0.00026696655550040305,0.00024131970712915063,0.0001064933676389046,0.9986568689346313,5.50581535208039e-05,3.85782441298943e-05,0.0005494708311744034,3.7125817470951006e-05,4.812095721717924e-05
CCTGGACTCGTGAT-1,2,IL7R+ memory/helper T cells,IL7R+ memory/helper T cells,True,True,0.5542916059494019,0.4202444434998515,False,0.3976832628250122,0.004906317684799433,0.003241857746616006,0.00565246632322669,0.010949973948299885,0.0034948631655424833,0.5542916059494019,0.0032748396042734385,0.01650485023856163
CCTTAATGCCCAAA-1,1,B cells,B cells,True,True,0.9990949630737305,0.0037593048831267893,False,0.0006508734659291804,0.9990949630737305,2.1297044440871105e-05,6.849117926321924e-05,3.745294452528469e-05,3.0392369808396325e-05,4.192351480014622e-05,2.5795219698920846e-05,2.879045314330142e-05
CCTTAATGTTCTAC-1,4,CD16+ non-classical monocytes,CD16+ non-classical monocytes,True,True,0.8706158399581909,0.1937850750630813,False,0.0011928044259548187,0.0014176849508658051,0.8706158399581909,0.12224741280078888,0.0015947009669616818,0.0003190227726008743,0.001521558966487646,0.0005887036677449942,0.0005022770492359996
CCTTCACTACGACT-1,7,Naive/resting T cells,Activated/transitional T cells,True,False,0.9792739748954773,0.052002609310857276,False,0.9792739748954773,0.0003820531128440052,0.00025256758090108633,0.0004510652506724,0.0005244093481451273,0.00026412573060952127,0.017942359670996666,0.00024812741321511567,0.0006613453733734787
CCTTCACTCAGTCA-1,1,B cells,B cells,True,True,0.999405026435852,0.0027336590326058024,False,0.00016120958025567234,0.999405026435852,1.894714114314411e-05,4.313025783631019e-05,5.4293395805871114e-05,3.24664797517471e-05,0.0002337608893867582,2.242351183667779e-05,2.8784588721464388e-05
CCTTCACTGGAGTG-1,3,Classical monocytes,Classical monocytes,True,True,0.9992032647132874,0.0035597555932509136,False,0.00037231817259453237,0.00010345722694182768,8.721548510948196e-05,0.9992032647132874,4.513418389251456e-05,3.081690374528989e-05,7.006103260209784e-05,3.4901517210528255e-05,5.2879600843880326e-05
CCTTTAGATTCATC-1,3,Classical monocytes,Classical monocytes,True,True,0.9993778467178345,0.002915721274323755,False,7.224857108667493e-05,9.98044342850335e-05,0.00011510206968523562,0.9993778467178345,0.00016552077431697398,3.388176264706999e-05,7.545160042354837e-05,3.101944821537472e-05,2.9129851100151427e-05
CGAACATGCCCTAC-1,3,Classical monocytes,CD16+ non-classical monocytes,True,False,0.8869607448577881,0.17765355801331392,False,0.0014723326312378049,0.002079709665849805,0.8869607448577881,0.10632049292325974,0.0008128469344228506,0.00044347569928504527,0.0008336369646713138,0.0006195320747792721,0.0004571728059090674
CGAACATGTCAGAC-1,2,IL7R+ memory/helper T cells,IL7R+ memory/helper T cells,True,True,0.979629635810852,0.05426743561306709,False,0.01548079401254654,0.0005494846845977008,0.0002745157980825752,0.0007194505305960774,0.0008736440213397145,0.00029826638638041914,0.979629635810852,0.0004172786429990083,0.0017568899784237146
CGAAGACTGGAACG-1,0,Cytotoxic CD8 T cells,Cytotoxic CD8 T cells,True,True,0.991817831993103,0.026430156796919055,False,0.003725193440914154,0.00039121275767683983,0.00010108589049195871,0.000212793645914644,0.991817831993103,0.00012276221241336316,0.003126881318166852,0.00019700512348208576,0.0003052264510188252
CGAAGACTGTTACG-1,2,IL7R+ memory/helper T cells,IL7R+ memory/helper T cells,True,True,0.9865739941596985,0.03817591043657554,False,0.010346850380301476,0.00033231679117307067,0.00018366528092883527,0.00043350629857741296,0.0010459799086675048,0.00024256884353235364,0.9865739941596985,0.00023423900711350143,0.000606876565143466
CGAAGGGAAACCTG-1,0,Cytotoxic CD8 T cells,Cytotoxic CD8 T cells,True,True,0.99661785364151,0.012629580726844065,False,0.0016672690398991108,0.00013905030209571123,7.36807196517475e-05,0.00016083205991890281,0.99661785364151,9.97926399577409e-05,0.0007595278439112008,0.0003145781229250133,0.00016748259076848626
CGAAGGGATCCGAA-1,1,B cells,B cells,True,True,0.9993672966957092,0.0028609591312652115,False,0.00032077584182843566,0.9993672966957092,2.4192529963329434e-05,3.580491102184169e-05,4.407512096804567e-05,2.4905815735110082e-05,0.00010703295993153006,2.0910349121550098e-05,5.5003132729325444e-05
CGAAGTACCAACTG-1,1,B cells,B cells,True,True,0.994499683380127,0.018920675848203523,False,0.0034438741859048605,0.994499683380127,0.00013879104517400265,0.00032742132316343486,0.000314324744977057,0.00021743671095464379,0.00042808541911654174,0.0001651583006605506,0.0004651977797038853
CGAATCGAGGAGCA-1,3,Classical monocytes,Classical monocytes,True,True,0.6141369938850403,0.590301853035762,False,0.12331285327672958,0.1440400779247284,0.02941264398396015,0.6141369938850403,0.02241852506995201,0.01276173535734415,0.021700935438275337,0.014174027368426323,0.01804225705564022
CGAATCGAGGAGGT-1,2,IL7R+ memory/helper T cells,Activated/transitional T cells,True,False,0.974038302898407,0.061788013280976724,False,0.974038302898407,0.0003389529883861542,0.00017792591825127602,0.0004055745666846633,0.0012468746863305569,0.0002602813474368304,0.02272810786962509,0.0002609081275295466,0.0005430260207504034
CGACAAACCCATAG-1,7,Naive/resting T cells,IL7R+ memory/helper T cells,True,False,0.8522912859916687,0.2515909991012375,False,0.0919884666800499,0.0013719674898311496,0.0006194465677253902,0.0014753479044884443,0.0030524705071002245,0.0007418041350319982,0.8522912859916687,0.0008157239062711596,0.0476435087621212
CGACAAACCGACAT-1,1,B cells,B cells,True,True,0.998847246170044,0.004716084663205243,False,0.0007837286102585495,0.998847246170044,2.841213790816255e-05,6.784756988054141e-05,7.325276965275407e-05,3.5321794712217525e-05,8.630685624666512e-05,3.197668775101192e-05,4.591041579260491e-05
CGACCACTAAAGTG-1,5,NK cells,NK cells,True,True,0.9948721528053284,0.01797901694308582,False,0.0005933809443376958,0.0001938569184858352,0.00018053778330795467,0.0002733808069024235,0.0029825433157384396,0.00013413882697932422,0.0005456872167997062,0.9948721528053284,0.00022431850084103644
CGACCACTGCCAAT-1,5,NK cells,NK cells,True,True,0.996088981628418,0.014748921981686074,False,0.0009040123550221324,0.00015529224765487015,0.00014852640742901713,0.0004242149298079312,0.0014275991125032306,0.00010582398681435734,0.0004183779819868505,0.996088981628418,0.00032716483110561967
CGACCGGAAGGTCT-1,7,Naive/resting T cells,Activated/transitional T cells,True,False,0.998096764087677,0.007852783745905059,False,0.998096764087677,0.00017098111857194453,7.937753252917901e-05,0.00016782601596787572,0.00018399696273263544,9.61015175562352e-05,0.0006616850732825696,0.00010189127351623029,0.00044132641050964594
CGACCGGATGGAAA-1,2,IL7R+ memory/helper T cells,IL7R+ memory/helper T cells,True,True,0.743550181388855,0.34654597847787616,False,0.21369995176792145,0.007871337234973907,0.0032135718502104282,0.004817878361791372,0.012822883203625679,0.0027842847630381584,0.743550181388855,0.002841229783371091,0.008398675359785557
CGACCTTGCTAGTG-1,2,IL7R+ memory/helper T cells,IL7R+ memory/helper T cells,True,True,0.9111997485160828,0.1625993973284915,False,0.07672310620546341,0.0016391976969316602,0.0007934190216474235,0.001897786045446992,0.0031662890687584877,0.0010515545727685094,0.9111997485160828,0.0010069492273032665,0.0025219409726560116
CGACGTCTATCGTG-1,0,Cytotoxic CD8 T cells,Cytotoxic CD8 T cells,True,True,0.9902750253677368,0.03182547041497323,False,0.003856919938698411,0.0003599037299863994,0.00017524047871120274,0.0005550956120714545,0.9902750253677368,0.00020460800442378968,0.0011245721252635121,0.00046083758934400976,0.0029877261258661747
CGACGTCTCGTGTA-1,2,IL7R+ memory/helper T cells,IL7R+ memory/helper T cells,True,True,0.8745018839836121,0.22959156435607084,False,0.0780394896864891,0.0015439805574715137,0.0010935637401416898,0.0019425443606451154,0.003379163099452853,0.0011402592062950134,0.8745018839836121,0.0015638081822544336,0.036795228719711304
CGACGTCTGAGGCA-1,6,Activated/transitional T cells,Activated/transitional T cells,True,True,0.8422820568084717,0.3088731295388203,False,0.8422820568084717,0.005433554761111736,0.0031008808873593807,0.0062327152118086815,0.05183925852179527,0.0037904661148786545,0.05835547298192978,0.0049555241130292416,0.024010056629776955
CGACTCACGTCGTA-1,2,IL7R+ memory/helper T cells,Activated/transitional T cells,True,False,0.9338779449462891,0.1353287819065376,False,0.9338779449462891,0.0021036111284047365,0.0005901239928789437,0.0013406678335741162,0.002284768270328641,0.0008411680464632809,0.05347459018230438,0.000768616737332195,0.004718507174402475
CGACTCACGTTGCA-1,6,Activated/transitional T cells,Cytotoxic CD8 T cells,True,False,0.7633179426193237,0.3846986812349857,False,0.10201119631528854,0.0024310520384460688,0.0012339908862486482,0.0032153516076505184,0.7633179426193237,0.0016156088095158339,0.046192411333322525,0.0023043786641210318,0.07767807692289352
CGACTCTGTGTGAC-1,2,IL7R+ memory/helper T cells,IL7R+ memory/helper T cells,True,True,0.9683735966682434,0.07345384634336947,False,0.027090085670351982,0.0005699936882592738,0.00024411024060100317,0.0005701774498447776,0.001472119940444827,0.0003425489994697273,0.9683735966682434,0.00036837023799307644,0.0009689754224382341
CGACTGCTTCCTCG-1,3,Classical monocytes,Classical monocytes,True,True,0.9987404942512512,0.005365389099563265,False,0.00015241539222188294,0.00021818738605361432,0.0005545491585507989,0.9987404942512512,8.894959319150075e-05,4.6080778702162206e-05,0.00010156027565244585,5.3369418310467154e-05,4.440056363819167e-05
CGAGAACTAAGGCG-1,0,Cytotoxic CD8 T cells,Cytotoxic CD8 T cells,True,True,0.9930510520935059,0.023012706307310334,False,0.004037037491798401,0.00012582536146510392,8.855741180013865e-05,0.00015419651754200459,0.9930510520935059,8.91350136953406e-05,0.00038392600254155695,0.0009700779337435961,0.0011002307292073965
CGAGAACTACGTTG-1,7,Naive/resting T cells,Activated/transitional T cells,True,False,0.9908798933029175,0.031197378249895973,False,0.9908798933029175,0.0006528864032588899,0.0003316343645565212,0.0010419393656775355,0.001151379314251244,0.00045957593829371035,0.0022772441152483225,0.0004394342831801623,0.0027660392224788666
CGAGAACTTGTTCT-1,3,Classical monocytes,Classical monocytes,True,True,0.9995348453521729,0.00224745424511813,False,9.882185986498371e-05,3.677258064271882e-05,0.00011466849537100643,0.9995348453521729,4.061257277498953e-05,2.915365985245444e-05,7.682724390178919e-05,3.1567476980853826e-05,3.680127701954916e-05
CGAGATTGGACACT-1,0,Cytotoxic CD8 T cells,Cytotoxic CD8 T cells,True,True,0.990781843662262,0.030958707184039327,False,0.002416725270450115,0.0003854090173263103,0.00021369864407461137,0.000447188678663224,0.990781843662262,0.0002452358021400869,0.0014134165830910206,0.003188497619703412,0.0009080330491997302
CGAGATTGGCCATA-1,6,Activated/transitional T cells,Cytotoxic CD8 T cells,True,False,0.7017209529876709,0.4921609620325545,False,0.0925205647945404,0.005060100927948952,0.0026913760229945183,0.0064238314516842365,0.7017209529876709,0.018271569162607193,0.016734929755330086,0.06315648555755615,0.09342017024755478
CGAGCCGAACACCA-1,2,IL7R+ memory/helper T cells,Activated/transitional T cells,True,False,0.6462234854698181,0.44886834296240713,False,0.6462234854698181,0.005756782833486795,0.0022303087171167135,0.005608369596302509,0.09470410645008087,0.0024401070550084114,0.23242710530757904,0.0031557490583509207,0.0074540129862725735
CGAGCCGAGGCGAA-1,7,Naive/resting T cells,Cytotoxic CD8 T cells,True,False,0.5107309222221375,0.5353505271540455,False,0.18170812726020813,0.0018159986939281225,0.0009651891887187958,0.002269043819978833,0.5107309222221375,0.0012686512200161815,0.26264268159866333,0.0014061417896300554,0.03719325736165047
CGAGCGTGCTCCAC-1,2,IL7R+ memory/helper T cells,Cytotoxic CD8 T cells,True,False,0.5592952966690063,0.48081118907068204,False,0.31121766567230225,0.003760257503017783,0.003450806951150298,0.004460328258574009,0.5592952966690063,0.0026269047521054745,0.10578715801239014,0.00553879514336586,0.003862813813611865
CGAGCGTGGATACC-1,2,IL7R+ memory/helper T cells,IL7R+ memory/helper T cells,True,True,0.9383299946784973,0.11826264759375747,False,0.056008242070674896,0.0006091797258704901,0.00026972315390594304,0.000618276244495064,0.0024786111898720264,0.00033643573988229036,0.9383299946784973,0.0005615120753645897,0.0007880635093897581
CGAGCGTGTATGCG-1,3,Classical monocytes,Classical monocytes,True,True,0.9981655478477478,0.0074014429094282535,False,0.00041183416033163667,5.083671567263082e-05,0.0008396646589972079,0.9981655478477478,0.00010170169844059274,0.0002383206447120756,9.155087172985077e-05,4.934373282594606e-05,5.126857286086306e-05
CGAGGAGACCTCCA-1,1,B cells,B cells,True,True,0.9993723034858704,0.0028124547330741216,False,0.0003601526259444654,0.9993723034858704,1.830247310863342e-05,6.100842074374668e-05,4.802985131391324e-05,2.4713912353035994e-05,5.768322080257349e-05,2.086963468173053e-05,3.6942899896530434e-05
CGAGGAGATGTCGA-1,7,Naive/resting T cells,Activated/transitional T cells,True,False,0.9988158941268921,0.00523290438522539,False,0.9988158941268921,9.332253830507398e-05,4.9600203055888414e-05,0.00011602266022237018,0.00024550355738028884,0.00018777548393700272,0.0001952167076524347,8.371459989575669e-05,0.00021294235193636268
CGAGGCACCTATGG-1,0,Cytotoxic CD8 T cells,Cytotoxic CD8 T cells,True,True,0.9931955337524414,0.024131081384998018,False,0.001859277137555182,0.0003293724439572543,0.0003228896821383387,0.0003692881145980209,0.9931955337524414,0.00021565328643191606,0.0012038605054840446,0.0018060319125652313,0.0006981271435506642
CGAGGCACTATGCG-1,3,Classical monocytes,Classical monocytes,True,True,0.9981518387794495,0.007292287555605111,False,0.00014798507618252188,9.274510375689715e-05,0.0011441389797255397,0.9981518387794495,6.872664380352944e-05,5.5319396778941154e-05,0.00016509809938725084,6.406589818652719e-05,0.00011008187721017748
CGAGGCACTCTTCA-1,0,Cytotoxic CD8 T cells,Cytotoxic CD8 T cells,True,True,0.9847440123558044,0.044456264461799296,False,0.006876613944768906,0.00029715229175053537,0.0001506423286627978,0.0003442109446041286,0.9847440123558044,0.0001985244161915034,0.0062918877229094505,0.0004991907626390457,0.0005977534456178546
CGAGGCTGACGCTA-1,5,NK cells,NK cells,True,True,0.9961752891540527,0.014199799996560555,False,0.0005673467530868948,0.00013590077287517488,0.00013883489009458572,0.00021186434605624527,0.0018402021378278732,9.974680870072916e-05,0.0002471372135914862,0.9961752891540527,0.0005836093332618475
CGAGGCTGGCAGTT-1,3,Classical monocytes,Classical monocytes,True,True,0.9991557598114014,0.003782132949901358,False,0.000134474306832999,0.0003103375493083149,0.0001663371513132006,0.9991557598114014,4.83878975501284e-05,3.0449864425463602e-05,7.062117947498336e-05,3.095759529969655e-05,5.273502029012889e-05
CGAGGGCTACGACT-1,1,B cells,B cells,True,True,0.9983571171760559,0.006327619188495418,False,0.0012260611401870847,0.9983571171760559,3.963758717873134e-05,7.007391104707494e-05,8.661493484396487e-05,4.94195701321587e-05,6.569056859007105e-05,4.798060763278045e-05,5.7355100580025464e-05
CGAGGGCTCGAATC-1,6,Activated/transitional T cells,Cytotoxic CD8 T cells,True,False,0.6172260046005249,0.3263619530241476,False,0.37435397505760193,0.0006017451523803174,0.0003265775740146637,0.0007806478533893824,0.6172260046005249,0.00044448362314142287,0.00520513579249382,0.00040492197149433196,0.0006564793293364346
CGAGTATGTCACCC-1,4,CD16+ non-classical monocytes,CD16+ non-classical monocytes,True,True,0.924248218536377,0.1440852966704856,False,0.0020078779198229313,0.001877684728242457,0.924248218536377,0.06555397063493729,0.0012744038831442595,0.0005552659276872873,0.0028990947175771,0.0007072672597132623,0.0008761732606217265
CGATACGAACAGTC-1,3,Classical monocytes,Classical monocytes,True,True,0.99857497215271,0.006119442749854354,False,0.00023913000768516213,0.0002742504875641316,0.00034158636117354035,0.99857497215271,8.364453969988972e-05,7.895942690083757e-05,0.00027995576965622604,7.014778384473175e-05,5.728763062506914e-05
CGATACGACAGGAG-1,2,IL7R+ memory/helper T cells,IL7R+ memory/helper T cells,True,True,0.7405353784561157,0.4266537817877404,False,0.02418108843266964,0.008610963821411133,0.01007474772632122,0.010309425182640553,0.14182601869106293,0.005427460186183453,0.7405353784561157,0.005466315429657698,0.053568556904792786
CGATACGATTCACT-1,1,B cells,B cells,True,True,0.9994149208068848,0.002695961783389467,False,0.0002668363740667701,0.9994149208068848,2.2809723304817453e-05,4.2989704525098205e-05,6.348524038912728e-05,3.155739977955818e-05,4.109988731215708e-05,2.3007965864962898e-05,9.326423605671152e-05
CGATAGACCCGTAA-1,3,Classical monocytes,Classical monocytes,True,True,0.997000515460968,0.011090283071453766,False,0.00047326635103672743,0.00010518068302189931,0.0018502128077670932,0.997000515460968,0.00014123176515568048,0.0001142813780461438,0.00017625353939365596,7.001013000262901e-05,6.900924199726433e-05
CGATAGACCGTACA-1,2,IL7R+ memory/helper T cells,IL7R+ memory/helper T cells,True,True,0.880756139755249,0.24305959448198974,False,0.04912698641419411,0.003882849821820855,0.002681974321603775,0.005935691297054291,0.04590638354420662,0.00351502513512969,0.880756139755249,0.0037069462705403566,0.004488012753427029
CGATAGACGTAGGG-1,3,Classical monocytes,Classical monocytes,True,True,0.999200165271759,0.003616849202438433,False,0.00020006454724352807,4.979871664545499e-05,0.0002600251464173198,0.999200165271759,6.954994751140475e-05,3.407241092645563e-05,0.00010096544428961352,3.896687485394068e-05,4.638507743948139e-05
CGATAGACTGTTCT-1,6,Activated/transitional T cells,Activated/transitional T cells,True,True,0.7778056263923645,0.29659027287514034,False,0.7778056263923645,0.0025824084877967834,0.0015228671254590154,0.0034888775553554296,0.007403852418065071,0.0019739388953894377,0.19734981656074524,0.0017846457194536924,0.006087975576519966
CGATCAGAAGAACA-1,0,Cytotoxic CD8 T cells,Cytotoxic CD8 T cells,True,True,0.9792228937149048,0.05834685905160344,False,0.013010265305638313,0.00045584214967675507,0.00029924578848294914,0.0005888917366974056,0.9792228937149048,0.0007144964183680713,0.002373981988057494,0.001509100547991693,0.0018252492882311344
CGATCAGAGAGGGT-1,2,IL7R+ memory/helper T cells,Activated/transitional T cells,True,False,0.547696053981781,0.6528798660115775,False,0.547696053981781,0.04994393140077591,0.010794083587825298,0.04771239310503006,0.07814458012580872,0.012531755492091179,0.20260243117809296,0.017455141991376877,0.03311963379383087
CGATCAGAGGTACT-1,2,IL7R+ memory/helper T cells,IL7R+ memory/helper T cells,True,True,0.9809353351593018,0.0458301556985291,False,0.01795242168009281,0.0001371708931401372,8.971297938842326e-05,0.0001834359427448362,0.0001832977868616581,9.57913143793121e-05,0.9809353351593018,0.00013573399337474257,0.0002871110918931663
CGATCAGATGTGAC-1,3,Classical monocytes,Dendritic cells,True,False,0.6500464081764221,0.3026385146947621,False,0.0002485026197973639,0.00034101237542927265,0.00013628642773255706,0.34761327505111694,0.00013574823969975114,0.6500464081764221,0.0012352281482890248,0.00013548620336223394,0.00010798194125527516
CGATCCACCGGGAA-1,0,Cytotoxic CD8 T cells,Cytotoxic CD8 T cells,True,True,0.9920585751533508,0.025474389055236236,False,0.001635364256799221,0.00017364836821798235,8.253674604929984e-05,0.00017320725601166487,0.9920585751533508,0.00010552031017141417,0.004830977413803339,0.0007217437378130853,0.0002185089251725003
CGATCCACTTCCAT-1,1,B cells,B cells,True,True,0.9727632999420166,0.06867197316766113,False,0.020820826292037964,0.9727632999420166,0.0003695037157740444,0.0025041077751666307,0.000794551451690495,0.0005823624669574201,0.0005603255121968687,0.00045849531306885183,0.0011464925482869148
CGCAAATGCTCGAA-1,6,Activated/transitional T cells,Activated/transitional T cells,True,True,0.942798376083374,0.1450043639521769,False,0.942798376083374,0.0031882701441645622,0.001803615945391357,0.004045006353408098,0.0062247454188764095,0.006720003671944141,0.008318201638758183,0.0026804842054843903,0.024221304804086685
CGCAACCTCCTTGC-1,2,IL7R+ memory/helper T cells,IL7R+ memory/helper T cells,True,True,0.8874613642692566,0.19601180448468256,False,0.09550376236438751,0.004496448673307896,0.0011265170760452747,0.0022808113135397434,0.0035475827753543854,0.0012872446095570922,0.8874613642692566,0.0012723836116492748,0.00302385282702744
CGCAACCTGGACGA-1,7,Naive/resting T cells,Activated/transitional T cells,True,False,0.6243273615837097,0.43100273262211,False,0.6243273615837097,0.009182585403323174,0.0008960537961684167,0.00202347943559289,0.01100681908428669,0.001134537160396576,0.29184117913246155,0.0012829418992623687,0.058305032551288605
CGCACGGAGGACGA-1,1,B cells,B cells,True,True,0.9989132881164551,0.004645417938207919,False,0.0005821768427267671,0.9989132881164551,3.5950208257418126e-05,6.421439320547506e-05,9.568344830768183e-05,8.99068545550108e-05,0.00010433068382553756,4.8590187361696735e-05,6.58965582260862e-05
CGCACGGATCTTTG-1,7,Naive/resting T cells,Activated/transitional T cells,True,False,0.9987567663192749,0.005436348171513119,False,0.9987567663192749,0.00027302210219204426,4.7119290684349835e-05,0.00015423321747221053,0.00020816967298742384,6.263335671974346e-05,0.00016675076039973646,6.431531073758379e-05,0.0002669619279913604
CGCACTACAGAATG-1,6,Activated/transitional T cells,Activated/transitional T cells,True,True,0.5987685918807983,0.3507549798083814,False,0.5987685918807983,0.0021503691095858812,0.00126005825586617,0.002550510922446847,0.003755329642444849,0.0014055088395252824,0.38520461320877075,0.0014496889198198915,0.003455293597653508
CGCACTACAGCCAT-1,2,IL7R+ memory/helper T cells,IL7R+ memory/helper T cells,True,True,0.9439088702201843,0.12366599769738708,False,0.036312371492385864,0.0008233111584559083,0.00047052616719156504,0.0010037202155217528,0.014975026249885559,0.0006037597777321935,0.9439088702201843,0.0005525868036784232,0.0013497949112206697
CGCACTACATTGGC-1,7,Naive/resting T cells,Activated/transitional T cells,True,False,0.8721664547920227,0.23482410440875742,False,0.8721664547920227,0.0029060211963951588,0.0016983867390081286,0.0029117928352206945,0.0037132208235561848,0.0015712467720732093,0.0855356752872467,0.0017683238256722689,0.027728885412216187
CGCACTACTCGCCT-1,1,B cells,B cells,True,True,0.9983962178230286,0.006264628654514641,False,0.0011377765331417322,0.9983962178230286,3.94942398997955e-05,7.543263927800581e-05,9.7475407528691e-05,5.2368795877555385e-05,0.00010379845480201766,3.790995106101036e-05,5.9469086409080774e-05
CGCACTACTCGTGA-1,0,Cytotoxic CD8 T cells,Cytotoxic CD8 T cells,True,True,0.9646245837211609,0.08039605463344313,False,0.029196610674262047,0.0003226959379389882,0.000204161144210957,0.0005487905582413077,0.9646245837211609,0.0002375141775701195,0.004204301629215479,0.0003574116271920502,0.0003039611328858882
CGCACTTGTCACGA-1,3,Classical monocytes,Classical monocytes,True,True,0.9993818998336792,0.002871630023537272,False,7.531143637606874e-05,5.675904321833514e-05,7.61120900278911e-05,0.9993818998336792,0.0001258283300558105,2.4337699869647622e-05,0.000207170145586133,2.895056240959093e-05,2.3626169422641397e-05
CGCAGGACAGATCC-1,0,Cytotoxic CD8 T cells,Cytotoxic CD8 T cells,True,True,0.9912430047988892,0.02753814729844679,False,0.005806406028568745,0.0001958390639629215,0.00010604658018564805,0.00024250632850453258,0.9912430047988892,0.00013857486192137003,0.001324123702943325,0.0004520023940131068,0.0004915019380860031
CGCAGGACCTACTT-1,7,Naive/resting T cells,Activated/transitional T cells,True,False,0.996051013469696,0.015148697411713145,False,0.996051013469696,0.0003741313994396478,0.00017084118735510856,0.0005374985630623996,0.0008570039644837379,0.0002536485262680799,0.0011220094747841358,0.00024166982620954514,0.00039226136868819594
CGCAGGACTTGTCT-1,4,CD16+ non-classical monocytes,CD16+ non-classical monocytes,True,True,0.9047117829322815,0.1666162086231775,False,0.0013499880442395806,0.0026612847577780485,0.9047117829322815,0.08484919369220734,0.0009788122260943055,0.0006222438532859087,0.0030816146172583103,0.0008288316312246025,0.000916208082344383
CGCAGGTGCACTGA-1,2,IL7R+ memory/helper T cells,Activated/transitional T cells,True,False,0.7477753758430481,0.3581318152112276,False,0.7477753758430481,0.006153282709419727,0.003422786481678486,0.0077361613512039185,0.0152157386764884,0.0041431402787566185,0.20036351680755615,0.0043077957816421986,0.010882189497351646
CGCAGGTGCCATAG-1,4,CD16+ non-classical monocytes,CD16+ non-classical monocytes,True,True,0.9957877993583679,0.01557929013936026,False,0.0002698665775824338,0.0006585142109543085,0.9957877993583679,0.0017665898194536567,0.0002983278827741742,0.00010102610394824296,0.0008209418156184256,0.00019196195353288203,0.00010495710012037307
CGCAGGTGGGAACG-1,2,IL7R+ memory/helper T cells,IL7R+ memory/helper T cells,True,True,0.9607075452804565,0.10824530187972368,False,0.013166475109755993,0.002671718131750822,0.0019674780778586864,0.003404680173844099,0.006491553969681263,0.0022789279464632273,0.9607075452804565,0.001943540177308023,0.007368058431893587
CGCATAGATCACGA-1,3,Classical monocytes,Classical monocytes,True,True,0.9991976618766785,0.003677730412373013,False,0.00020399672212079167,0.0001192138806800358,0.00014514743816107512,0.9991976618766785,6.0954727814532816e-05,0.00010251985804643482,8.672432159073651e-05,3.040436604351271e-05,5.3349463996710256e-05
CGCCATACTGCAAC-1,2,IL7R+ memory/helper T cells,Activated/transitional T cells,True,False,0.7516123056411743,0.28299714619067773,False,0.7516123056411743,0.0022980687208473682,0.0010177908698096871,0.001503043924458325,0.0013102650409564376,0.0008856920758262277,0.23826293647289276,0.0008411378366872668,0.002268790500238538
CGCCATTGAGAGGC-1,7,Naive/resting T cells,Activated/transitional T cells,True,False,0.909278929233551,0.20203302336591186,False,0.909278929233551,0.0028005221392959356,0.002015218837186694,0.0032318260055035353,0.027061941102147102,0.0018529343651607633,0.03146544471383095,0.0021033782977610826,0.020189814269542694
CGCCATTGCTATGG-1,2,IL7R+ memory/helper T cells,Activated/transitional T cells,True,False,0.57980877161026,0.511401987252701,False,0.57980877161026,0.012761274352669716,0.0024645724333822727,0.005016063340008259,0.15827295184135437,0.0027851129416376352,0.22562174499034882,0.0063349297270178795,0.00693456269800663
CGCCATTGGAGACG-1,2,IL7R+ memory/helper T cells,IL7R+ memory/helper T cells,True,True,0.9632596373558044,0.08852973590046616,False,0.027806777507066727,0.0016199540114030242,0.0005427082651294768,0.0012238805647939444,0.0018413449870422482,0.0012516876449808478,0.9632596373558044,0.0006712867761962116,0.0017826949479058385
CGCCATTGGAGCAG-1,1,B cells,B cells,True,True,0.9992344379425049,0.0033715479403764906,False,0.0004163139092270285,0.9992344379425049,2.3778027752996422e-05,5.333647277439013e-05,4.181986514595337e-05,2.682120793906506e-05,5.4835461924085394e-05,2.8119295166106895e-05,0.00012052870442857966
CGCCATTGTACTGG-1,1,B cells,B cells,True,True,0.9995146989822388,0.002292427839195825,False,0.00019152658933307976,0.9995146989822388,1.991482531593647e-05,3.299867603345774e-05,4.155065107624978e-05,2.4934945031418465e-05,9.635108290240169e-05,1.9530270947143435e-05,5.8468878705753013e-05
CGCCGAGAGCTTAG-1,5,NK cells,NK cells,True,True,0.9512850046157837,0.11418419236293016,False,0.004866165574640036,0.0009554658317938447,0.0013427836820483208,0.001371483551338315,0.033640772104263306,0.0009608602849766612,0.0041488902643322945,0.9512850046157837,0.0014286083169281483
CGCCTAACGAATGA-1,3,Classical monocytes,Classical monocytes,True,True,0.9989257454872131,0.004748716625388542,False,0.00010041311179520562,0.00014048631419427693,0.00035169694456271827,0.9989257454872131,6.457549898186699e-05,0.00013021912309341133,0.00017749042308423668,4.747361163026653e-05,6.18366539129056e-05
CGCCTAACTGCTCC-1,2,IL7R+ memory/helper T cells,Activated/transitional T cells,True,False,0.5073167085647583,0.40436568287963204,False,0.5073167085647583,0.004267789423465729,0.0027551252860575914,0.005339282099157572,0.005559172481298447,0.003104743780568242,0.4562188684940338,0.002944252220913768,0.012494071386754513
CGCGAGACACAGCT-1,0,Cytotoxic CD8 T cells,Cytotoxic CD8 T cells,True,True,0.9980493783950806,0.00773546853471255,False,0.0005560471909120679,6.986330117797479e-05,6.369630136759952e-05,9.34090930968523e-05,0.9980493783950806,4.704049206338823e-05,0.0009246865520253778,7.211021875264123e-05,0.00012375673395581543
CGCGAGACAGGTCT-1,1,B cells,B cells,True,True,0.9994537234306335,0.0025550873289484945,False,0.00022497058671433479,0.9994537234306335,3.089219899266027e-05,4.644550062948838e-05,4.504838943830691e-05,2.794808824546635e-05,9.111825784202665e-05,2.418018084426876e-05,5.568694177782163e-05
CGCGAGACGCTACA-1,0,Cytotoxic CD8 T cells,Cytotoxic CD8 T cells,True,True,0.7842597961425781,0.3648854911725163,False,0.10441230982542038,0.0038388711400330067,0.002114866627380252,0.006376636680215597,0.7842597961425781,0.008646872825920582,0.07463427633047104,0.003709975862875581,0.012006429955363274
CGCGATCTCAGTCA-1,3,Classical monocytes,Classical monocytes,True,True,0.9987519979476929,0.005417419609049534,False,0.00038711397792212665,0.00013922453217674047,0.0002739968476817012,0.9987519979476929,7.135022315196693e-05,4.829888348467648e-05,0.00016771005175542086,7.558101788163185e-05,8.473169145872816e-05
CGCGATCTGTTGAC-1,3,Classical monocytes,Classical monocytes,True,True,0.9995993971824646,0.0019632927189349196,False,0.00010525168909225613,3.103656490566209e-05,8.303312642965466e-05,0.9995993971824646,5.0037266191793606e-05,2.5008481316035613e-05,4.405706931720488e-05,2.597194179543294e-05,3.6207020457368344e-05
CGCGATCTTTCTTG-1,1,B cells,B cells,True,True,0.9975758194923401,0.009072847686747924,False,0.0016516057075932622,0.9975758194923401,6.666385888820514e-05,0.00010891592683037743,0.00010893286525970325,6.45204636384733e-05,0.0001357559667667374,4.640051702153869e-05,0.00024136762658599764
CGCGGATGGCCAAT-1,2,IL7R+ memory/helper T cells,IL7R+ memory/helper T cells,True,True,0.49598702788352966,0.45712520678050705,True,0.44020065665245056,0.008630078285932541,0.005278714466840029,0.010844470001757145,0.012100568041205406,0.006011763121932745,0.49598702788352966,0.005979479756206274,0.014967230148613453
CGCTAAGAATGTCG-1,2,IL7R+ memory/helper T cells,IL7R+ memory/helper T cells,True,True,0.7591526508331299,0.2793537003000025,False,0.23047886788845062,0.001197130768559873,0.0007871456909924746,0.0028384048491716385,0.001829109387472272,0.0008070404874160886,0.7591526508331299,0.0008650043746456504,0.002044683787971735
CGCTAAGACAACTG-1,7,Naive/resting T cells,Activated/transitional T cells,True,False,0.9783268570899963,0.06302833423559265,False,0.9783268570899963,0.0023894854821264744,0.0008052014163695276,0.0012165126390755177,0.007334925699979067,0.0005354138556867838,0.008028708398342133,0.0005296895978972316,0.0008332479628734291
CGCTAAGACCCTTG-1,2,IL7R+ memory/helper T cells,IL7R+ memory/helper T cells,True,True,0.608018159866333,0.4737557574703157,False,0.2621819078922272,0.010842625983059406,0.002490672282874584,0.004964226856827736,0.09892336279153824,0.0028640327509492636,0.608018159866333,0.003741235239431262,0.005973780993372202
CGCTACTGAACAGA-1,3,Classical monocytes,Classical monocytes,True,True,0.99915611743927,0.0038261324285941496,False,9.779149695532396e-05,0.00014408442075364292,0.000253346748650074,0.99915611743927,9.01533494470641e-05,3.920251037925482e-05,0.00013486888201441616,5.122981747263111e-05,3.323369674035348e-05
CGCTACTGAGAACA-1,2,IL7R+ memory/helper T cells,Activated/transitional T cells,True,False,0.6032338738441467,0.4421503937998161,False,0.6032338738441467,0.005572890862822533,0.0012871355284005404,0.0027755675837397575,0.08738600462675095,0.001657517277635634,0.29318398237228394,0.0021636972669512033,0.0027393661439418793
CGCTACTGTGAGCT-1,6,Activated/transitional T cells,Activated/transitional T cells,True,True,0.9361650347709656,0.12092431361255739,False,0.9361650347709656,0.0006377810495905578,0.00041777745354920626,0.0008656933787278831,0.0010654082288965583,0.00043173873564228415,0.0584820881485939,0.0005357408081181347,0.001398674794472754
CGCTACTGTTCCCG-1,0,Cytotoxic CD8 T cells,Cytotoxic CD8 T cells,True,True,0.993060827255249,0.022676041725688382,False,0.004619297571480274,0.000157190443133004,0.00021781313989777118,0.00022918914328329265,0.993060827255249,0.00011223121691728011,0.0004863014619331807,0.0008532500360161066,0.00026394857559353113
CGCTCATGCATTTC-1,3,Classical monocytes,Classical monocytes,True,True,0.9985363483428955,0.0059186251787607565,False,0.0009081225725822151,5.349047205527313e-05,0.00015202788927126676,0.9985363483428955,6.042524546501227e-05,5.974923988105729e-05,0.00013121993106324226,5.009242522646673e-05,4.8488913307664916e-05
CGGAATTGGTTTGG-1,2,IL7R+ memory/helper T cells,IL7R+ memory/helper T cells,True,True,0.4924204647541046,0.4778763070924989,True,0.42559245228767395,0.01630745828151703,0.004256068728864193,0.0065043214708566666,0.033160991966724396,0.0033272046130150557,0.4924204647541046,0.0034775305539369583,0.01495351642370224
CGGAATTGTGGAGG-1,2,IL7R+ memory/helper T cells,Activated/transitional T cells,True,False,0.9785792231559753,0.06500417420030286,False,0.9785792231559753,0.0016644604038447142,0.0012284079566597939,0.0020353468134999275,0.002744292840361595,0.0011438103392720222,0.007896514609456062,0.0012771314941346645,0.0034308847971260548
CGGACCGATGCGTA-1,0,Cytotoxic CD8 T cells,Cytotoxic CD8 T cells,True,True,0.992536187171936,0.026090516294681246,False,0.0019630366005003452,0.0002527502947486937,0.00021174363791942596,0.0012331977486610413,0.992536187171936,0.00014443944382946938,0.0007671623025089502,0.0019476448651403189,0.0009438092820346355
CGGACCGATGGGAG-1,6,Activated/transitional T cells,Activated/transitional T cells,True,True,0.9016566872596741,0.21845542564543755,False,0.9016566872596741,0.0034655292984098196,0.0016623811097815633,0.027064291760325432,0.007699843030422926,0.0021146791987121105,0.027620544657111168,0.0019447432132437825,0.026771262288093567
CGGACTCTAAACAG-1,1,B cells,B cells,True,True,0.9992412328720093,0.0033462910342628672,False,0.000425735634053126,0.9992412328720093,2.9149681722628884e-05,4.766574056702666e-05,8.792952576186508e-05,3.243763785576448e-05,5.304915612214245e-05,2.959971607197076e-05,5.319871343090199e-05
CGGACTCTCCAATG-1,2,IL7R+ memory/helper T cells,IL7R+ memory/helper T cells,True,True,0.8603378534317017,0.2692856009541341,False,0.08035801351070404,0.003866691840812564,0.0038266435731202364,0.004322730470448732,0.018913596868515015,0.002616537967696786,0.8603378534317017,0.0026300300378352404,0.023127904161810875
CGGACTCTCCTCGT-1,5,NK cells,Cytotoxic CD8 T cells,True,False,0.9965961575508118,0.0129823418598304,False,0.0006977971061132848,0.0002959308912977576,9.348021558253095e-05,0.00021146847575437278,0.9965961575508118,7.683072908548638e-05,0.000591582793276757,0.0012938656145706773,0.00014291978732217103
CGGAGGCTATTCCT-1,6,Activated/transitional T cells,Activated/transitional T cells,True,True,0.9122912287712097,0.21282078827771173,False,0.9122912287712097,0.01140507496893406,0.004369346424937248,0.011902503669261932,0.015035135671496391,0.005338029004633427,0.022261109203100204,0.004690081812441349,0.012707559391856194
CGGAGGCTTGGATC-1,7,Naive/resting T cells,Activated/transitional T cells,True,False,0.5658007264137268,0.35530486595003535,False,0.5658007264137268,0.00161181075964123,0.0008445888524875045,0.0024655694141983986,0.004065325483679771,0.0012152031995356083,0.0034483647905290127,0.0020462016109377146,0.41850221157073975
CGGATAACAACGAA-1,3,Classical monocytes,Classical monocytes,True,True,0.9993411898612976,0.003034632364862999,False,0.00011501939297886565,6.357398524414748e-05,0.0002560104476287961,0.9993411898612976,5.6965182011481375e-05,3.622415897552855e-05,6.590894190594554e-05,3.4524218790465966e-05,3.058422589674592e-05
CGGATAACAGCTCA-1,2,IL7R+ memory/helper T cells,IL7R+ memory/helper T cells,True,True,0.9431905746459961,0.11833824808598914,False,0.04746314883232117,0.0008933189092203975,0.00048682940541766584,0.00118029594887048,0.0023747936356812716,0.0006254889303818345,0.9431905746459961,0.0009904475882649422,0.002795051783323288
CGGATAACTCAGTG-1,3,Classical monocytes,Classical monocytes,True,True,0.9987982511520386,0.0050644486451694665,False,0.0006245021941140294,4.767442442243919e-05,0.00021769411978311837,0.9987982511520386,6.51944792480208e-05,8.878650260157883e-05,6.39793070149608e-05,3.839071359834634e-05,5.549656634684652e-05
CGGCACGAACTCAG-1,0,Cytotoxic CD8 T cells,Cytotoxic CD8 T cells,True,True,0.9770185351371765,0.061052483266155984,False,0.015754608437418938,0.00037441926542669535,0.0002505170414224267,0.0005023859557695687,0.9770185351371765,0.0002521045971661806,0.0038656957913190126,0.0012721989769488573,0.0007095109904184937
CGGCACGAAGGGTG-1,2,IL7R+ memory/helper T cells,Activated/transitional T cells,True,False,0.9729692339897156,0.07399852347063178,False,0.9729692339897156,0.0010454345028847456,0.0007700001588091254,0.0013255537487566471,0.004472421947866678,0.0007264966261573136,0.015294303186237812,0.0007254992378875613,0.00267100241035223
CGGCACGACTACGA-1,4,CD16+ non-classical monocytes,CD16+ non-classical monocytes,True,True,0.9962342381477356,0.014170285363307453,False,0.0003430132637731731,0.00021516399283427745,0.9962342381477356,0.0011298488825559616,0.00022744796297047287,0.00011889693996636197,0.0013523881789296865,0.00022808877110946923,0.00015088359941728413
CGGCATCTTAGAAG-1,2,IL7R+ memory/helper T cells,Cytotoxic CD8 T cells,True,False,0.7401751279830933,0.35768769956040836,False,0.07998903095722198,0.00351141975261271,0.0007879821350798011,0.0015507308999076486,0.7401751279830933,0.00084373151184991,0.17038044333457947,0.0014854581095278263,0.0012761384714394808
CGGCATCTTCGTAG-1,3,Classical monocytes,Classical monocytes,True,True,0.9995296001434326,0.0022256778349507584,False,6.0249021771596745e-05,2.7798369046649896e-05,0.0002058877144008875,0.9995296001434326,4.484544842853211e-05,2.80591757473303e-05,5.918171154917218e-05,2.075752490782179e-05,2.368952118558809e-05
CGGCCAGAAAGGTA-1,2,IL7R+ memory/helper T cells,Activated/transitional T cells,True,False,0.9621341228485107,0.10077501273110558,False,0.9621341228485107,0.002774031599983573,0.0008900326793082058,0.002308003371581435,0.013502484187483788,0.001008300227113068,0.013257103972136974,0.0013943519443273544,0.0027315400075167418
CGGCCAGAGAGGCA-1,0,Cytotoxic CD8 T cells,Cytotoxic CD8 T cells,True,True,0.9917612075805664,0.0284345218207988,False,0.0016008755192160606,0.000384003680665046,0.00021654556621797383,0.0005033646593801677,0.9917612075805664,0.00023355637677013874,0.0012487907661125064,0.002540154382586479,0.0015114686684682965
CGGCGAACCAGTCA-1,3,Classical monocytes,CD16+ non-classical monocytes,True,False,0.5807356238365173,0.3693269091580484,False,0.0049055772833526134,0.0026299087330698967,0.5807356238365173,0.39564284682273865,0.0023979791440069675,0.0013058061012998223,0.00875223707407713,0.0024124172050505877,0.0012175585143268108
CGGCGAACGACAAA-1,5,NK cells,NK cells,True,True,0.9837822318077087,0.0485102666578715,False,0.0030850085895508528,0.0005211649695411325,0.0002690712863113731,0.0004249081539455801,0.00711306044831872,0.00029631421784870327,0.004139326978474855,0.9837822318077087,0.00036891709896735847
CGGCGAACGGTCTA-1,2,IL7R+ memory/helper T cells,IL7R+ memory/helper T cells,True,True,0.9417523145675659,0.13053770833860595,False,0.03279196098446846,0.0016549986321479082,0.0005409637815319002,0.0014072532067075372,0.019154703244566917,0.0005802144296467304,0.9417523145675659,0.0005407003918662667,0.0015768486773595214
CGGCGAACTACTTC-1,5,NK cells,NK cells,True,True,0.6859114766120911,0.30541312936636905,False,0.0021777700167149305,0.0009092775289900601,0.0005865280400030315,0.0012264568358659744,0.306591659784317,0.0004542395763564855,0.0017387419939041138,0.6859114766120911,0.0004038680635858327
CGGGACTGCGTGTA-1,7,Naive/resting T cells,Activated/transitional T cells,True,False,0.8862913846969604,0.17571776659060975,False,0.8862913846969604,0.002041900297626853,0.0003269159351475537,0.0007156105129979551,0.0008787590195424855,0.0004062094958499074,0.10815660655498505,0.00041829817928373814,0.0007642571581527591
CGGGACTGGAATAG-1,0,Cytotoxic CD8 T cells,Cytotoxic CD8 T cells,True,True,0.9958615899085999,0.014926882170761858,False,0.002280719578266144,0.00012426538160070777,9.632669389247894e-05,0.0003368199395481497,0.9958615899085999,8.525222801836208e-05,0.0006875435938127339,0.0003878239949699491,0.00013970493455417454
CGGGCATGACCCAA-1,6,Activated/transitional T cells,Cytotoxic CD8 T cells,True,False,0.9068907499313354,0.21770561761931564,False,0.025882234796881676,0.004006590228527784,0.0018980639288201928,0.017967185005545616,0.9068907499313354,0.0027371966280043125,0.008235843852162361,0.018345456570386887,0.01403671782463789
CGGGCATGTCTCTA-1,0,Cytotoxic CD8 T cells,NK cells,True,False,0.9831364750862122,0.05181574929124319,False,0.005803138483315706,0.0006224538083188236,0.0018499789293855429,0.0006732679903507233,0.004669957794249058,0.00038540453533641994,0.0024026872124522924,0.9831364750862122,0.0004566224233713001
CGGGCATGTTGTGG-1,7,Naive/resting T cells,Activated/transitional T cells,True,False,0.99797123670578,0.008423850453207808,False,0.99797123670578,0.0001795704010874033,0.00015165231889113784,0.00023583968868479133,0.00023090545437298715,0.000120908698590938,0.0005752546712756157,0.00012128622620366514,0.00041335649439133704
CGGTAAACTCGCAA-1,0,Cytotoxic CD8 T cells,Cytotoxic CD8 T cells,True,True,0.9044235348701477,0.19940915288125022,False,0.05396106094121933,0.002419739495962858,0.0017021681414917111,0.0032048653811216354,0.9044235348701477,0.002260668436065316,0.024791734293103218,0.004459663759917021,0.002776539884507656
CGGTCACTGTTTGG-1,2,IL7R+ memory/helper T cells,IL7R+ memory/helper T cells,True,True,0.8713514804840088,0.19356507226619757,False,0.12117490917444229,0.0006443931488320231,0.0005311330314725637,0.0010046687675639987,0.0015489383367821574,0.0004570307501126081,0.8713514804840088,0.0006000112625770271,0.0026874153409153223
CGGTCACTTACTTC-1,2,IL7R+ memory/helper T cells,IL7R+ memory/helper T cells,True,True,0.9920513033866882,0.02455765445232522,False,0.006143682170659304,0.00034218860673718154,0.0001134299673140049,0.000274109304882586,0.00044733696267940104,0.00014206182095222175,0.9920513033866882,0.00020456530910450965,0.0002813634055200964
CGTAACGATCGCCT-1,2,IL7R+ memory/helper T cells,Activated/transitional T cells,True,False,0.6662183403968811,0.307225551487893,False,0.6662183403968811,0.0009687785641290247,0.0003346649173181504,0.0008298138272948563,0.0014524265425279737,0.0004405691579449922,0.3282666802406311,0.0004678585974033922,0.001020865049213171
CGTACCACACACAC-1,2,IL7R+ memory/helper T cells,IL7R+ memory/helper T cells,True,True,0.6428351402282715,0.3957830844434915,False,0.3086032569408417,0.003920300398021936,0.002552686957642436,0.004920777399092913,0.023953020572662354,0.002593823242932558,0.6428351402282715,0.0032422838266938925,0.007378686219453812
CGTACCACACGTTG-1,7,Naive/resting T cells,Activated/transitional T cells,True,False,0.9956681728363037,0.0159097572778639,False,0.9956681728363037,0.0002713155990932137,0.00017517032392788678,0.0003714686317835003,0.00040303837158717215,0.00018682704831007868,0.002170658204704523,0.0002436886279610917,0.0005096349632367492
CGTACCACCTCATT-1,7,Naive/resting T cells,Activated/transitional T cells,True,False,0.996345579624176,0.013758741334653903,False,0.996345579624176,0.0002341064828215167,0.0001210762929986231,0.0002812070888467133,0.00029763058410026133,0.00015762918337713927,0.001737605081871152,0.0002924760046880692,0.0005327235558070242
CGTACCACGGAGCA-1,7,Naive/resting T cells,Activated/transitional T cells,True,False,0.97971111536026,0.0578240857698334,False,0.97971111536026,0.0018161709886044264,0.0006219726637937129,0.0011335215531289577,0.0012151073897257447,0.00048403910477645695,0.012360785156488419,0.0005209842347539961,0.002136239781975746
CGTACCTGGCATCA-1,5,NK cells,NK cells,True,True,0.9963595271110535,0.01353719446863375,False,0.0005730416160076857,8.948137110564858e-05,0.00019162629905622452,0.00037391550722531974,0.0017572958022356033,6.89454100211151e-05,0.0005042319535277784,0.9963595271110535,8.187797357095405e-05
CGTAGCCTCTCTCG-1,3,Classical monocytes,Classical monocytes,True,True,0.999036431312561,0.00430759320228875,False,0.00019945114036090672,0.00011394542525522411,0.00030458849505521357,0.999036431312561,7.414075662381947e-05,6.245754047995433e-05,9.730981400934979e-05,4.8702655476517975e-05,6.300494715105742e-05
CGTAGCCTGCGAAG-1,2,IL7R+ memory/helper T cells,Activated/transitional T cells,True,False,0.5127835273742676,0.4546453592923355,False,0.5127835273742676,0.007964669726788998,0.0045553334057331085,0.009879425168037415,0.014252475462853909,0.0062562585808336735,0.4238561689853668,0.005695798899978399,0.014756335876882076
CGTAGCCTGTATGC-1,3,Classical monocytes,Classical monocytes,True,True,0.988008975982666,0.0345031902373247,False,0.00023354463337454945,0.00035716910497285426,0.009426495991647243,0.988008975982666,0.0006497902213595808,8.640970918349922e-05,0.0005339946364983916,0.0004942822270095348,0.00020935863722115755
CGTCAAGAAAGGTA-1,3,Classical monocytes,Classical monocytes,True,True,0.9995183944702148,0.002268096524536301,False,0.0002077370008919388,3.065673081437126e-05,9.351419430458918e-05,0.9995183944702148,4.269343480700627e-05,1.907875957840588e-05,3.469317016424611e-05,2.5433433620491996e-05,2.785766264423728e-05
CGTCAAGAACGTGT-1,2,IL7R+ memory/helper T cells,Activated/transitional T cells,True,False,0.9929959177970886,0.023580465778486225,False,0.9929959177970886,0.0003037546994164586,0.00018370020552538335,0.00036307904520072043,0.0008849563891999424,0.0002199031296186149,0.004003122914582491,0.00024245584791060537,0.0008031626348383725
CGTCAAGACAGAGG-1,2,IL7R+ memory/helper T cells,IL7R+ memory/helper T cells,True,True,0.738037109375,0.35844586053990596,False,0.21322187781333923,0.004787022713571787,0.0035916129127144814,0.007455580867826939,0.012041358277201653,0.0032841351348906755,0.738037109375,0.0033259496558457613,0.014255395159125328
CGTCAAGACAGGAG-1,0,Cytotoxic CD8 T cells,Cytotoxic CD8 T cells,True,True,0.9970483183860779,0.011448251611150317,False,0.0004709001223091036,0.00013280333951115608,0.00012613393482752144,0.00015991207328625023,0.9970483183860779,0.00010605994611978531,0.0007928908453322947,0.0010392216499894857,0.00012375210644677281
CGTCCATGCTCTTA-1,2,IL7R+ memory/helper T cells,Activated/transitional T cells,True,False,0.5400440692901611,0.338083091820905,False,0.5400440692901611,0.0008566816686652601,0.0004746754711959511,0.0013792801182717085,0.0015624314546585083,0.0006458837888203561,0.4522916078567505,0.0006159328622743487,0.002129432512447238
CGTCGACTTTCCGC-1,0,Cytotoxic CD8 T cells,Cytotoxic CD8 T cells,True,True,0.9955014586448669,0.01623981927713529,False,0.0018584300996735692,0.000561944383662194,0.00011774490121752024,0.00020772639254573733,0.9955014586448669,7.749542419333011e-05,0.0013410187093541026,0.0002411580935586244,9.304667037213221e-05
CGTGATGACGCTAA-1,7,Naive/resting T cells,Activated/transitional T cells,True,False,0.9862558245658875,0.04483519382415439,False,0.9862558245658875,0.0014423016691580415,0.0009276478085666895,0.0019942817743867636,0.002656948519870639,0.000610009883530438,0.004116751719266176,0.0006476006819866598,0.001348587335087359
CGTGATGAGGTTCA-1,0,Cytotoxic CD8 T cells,Cytotoxic CD8 T cells,True,True,0.978182315826416,0.0516531371811959,False,0.020237436518073082,0.0001503202220192179,8.49248535814695e-05,0.0002926348242908716,0.978182315826416,0.00010641403787303716,0.0005404098774306476,0.00017952549387700856,0.00022599894145969301
CGTGCACTTATGGC-1,3,Classical monocytes,Classical monocytes,True,True,0.9965935349464417,0.012366186903530469,False,0.00019327890186104923,0.0006629604031331837,0.0020475219935178757,0.9965935349464417,9.334099740954116e-05,7.241843559313565e-05,0.00017894888878799975,9.65130384429358e-05,6.150834815343842e-05
CGTGTAGAAAAACG-1,2,IL7R+ memory/helper T cells,IL7R+ memory/helper T cells,True,True,0.9327561259269714,0.15468560898639527,False,0.03842389956116676,0.0024111701641231775,0.0013022901257500052,0.00818535778671503,0.010456180199980736,0.0016459805192425847,0.9327561259269714,0.001960792811587453,0.002858236199244857
CGTGTAGACGATAC-1,0,Cytotoxic CD8 T cells,NK cells,True,False,0.6653409600257874,0.37008834024129905,False,0.04256054013967514,0.0020407435949891806,0.00045496251550503075,0.0007591344183310866,0.2841770648956299,0.00047180161345750093,0.0034225094132125378,0.6653409600257874,0.0007723217131569982
CGTGTAGAGTTACG-1,5,NK cells,NK cells,True,True,0.9945177435874939,0.019154404280572735,False,0.0008875983185134828,0.00016953378508333117,0.00021188451501075178,0.0003246401029173285,0.0029883882962167263,0.00013306632172316313,0.0005588477943092585,0.9945177435874939,0.00020825328829232603
CGTGTAGAGTTCAG-1,3,Classical monocytes,Classical monocytes,True,True,0.9993993043899536,0.00280516372535614,False,0.00012584539945237339,3.4168238926213235e-05,0.00020134926307946444,0.9993993043899536,5.991104990243912e-05,2.5111081413342617e-05,6.278061482589692e-05,3.557769741746597e-05,5.59213112865109e-05
CGTGTAGATTCGGA-1,5,NK cells,NK cells,True,True,0.9640165567398071,0.08111024633658351,False,0.0015544651541858912,0.0002727375249378383,0.0002990395005326718,0.0011845291592180729,0.030899766832590103,0.0002508553443476558,0.0011907187290489674,0.9640165567398071,0.00033129172516055405
CGTTAGGAAACCAC-1,2,IL7R+ memory/helper T cells,Activated/transitional T cells,True,False,0.8369631767272949,0.2829406583281743,False,0.8369631767272949,0.0024496130645275116,0.00145538873039186,0.005922357086092234,0.004675643984228373,0.0036490706261247396,0.03818836063146591,0.001789586036466062,0.10490685701370239
CGTTAGGATCATTC-1,3,Classical monocytes,Classical monocytes,True,True,0.9964244961738586,0.012580955225867333,False,0.0002038107777480036,0.000195579239516519,0.002580107655376196,0.9964244961738586,9.347988816443831e-05,7.338936848100275e-05,0.000263124646153301,8.679214806761593e-05,7.922164513729513e-05
CGTTATACCCTGAA-1,0,Cytotoxic CD8 T cells,Cytotoxic CD8 T cells,True,True,0.992340087890625,0.02668904567161238,False,0.0014244230696931481,0.00029636509134434164,0.0002500332484487444,0.0003970154793933034,0.992340087890625,0.00020773764117620885,0.0012122390326112509,0.002046208595857024,0.001825872459448874
CGTTTAACTGGTCA-1,2,IL7R+ memory/helper T cells,IL7R+ memory/helper T cells,True,True,0.9336271286010742,0.15186529741477187,False,0.032935980707407,0.0016692096833139658,0.0008871718891896307,0.0019602947868406773,0.019131788983941078,0.001188364578410983,0.9336271286010742,0.001167137874290347,0.007432975340634584
CTAAACCTCTGACA-1,5,NK cells,NK cells,True,True,0.9968222379684448,0.012462000049664163,False,0.0006459422875195742,0.00045681779738515615,0.0001436176971765235,0.00016847839287947863,0.00062037433963269,9.921956370817497e-05,0.0008074617362581193,0.9968222379684448,0.00023586780298501253
CTAAACCTGTGCAT-1,1,B cells,B cells,True,True,0.9991590976715088,0.0037272494778586573,False,0.00039790483424440026,0.9991590976715088,3.512050534482114e-05,7.972906314535066e-05,7.062444637995213e-05,3.684027979033999e-05,0.00013047306856606156,4.283009184291586e-05,4.742667806567624e-05
CTAACACTAACGTC-1,2,IL7R+ memory/helper T cells,IL7R+ memory/helper T cells,True,True,0.8611637949943542,0.22158364774536166,False,0.11923108249902725,0.0024418658576905727,0.0007351681124418974,0.0015933149261400104,0.011339989490807056,0.0008369007264263928,0.8611637949943542,0.0012523269979283214,0.0014055270003154874
CTAACACTAGTGCT-1,3,Classical monocytes,Classical monocytes,True,True,0.9550659656524658,0.09351415135588652,False,0.0009969854727387428,0.0005368975107558072,0.0406409353017807,0.9550659656524658,0.0005770048592239618,0.0003426206239964813,0.00101445650216192,0.00044488112325780094,0.0003802728606387973
CTAACGGAACCGAT-1,5,NK cells,NK cells,True,True,0.9920036196708679,0.02714853537125217,False,0.001652002683840692,0.0007631239714100957,0.0002580726286396384,0.00038460211362689734,0.003572120564058423,0.00022290617926046252,0.0007694180821999907,0.9920036196708679,0.00037410142249427736
CTAACGGATTTCTG-1,7,Naive/resting T cells,Activated/transitional T cells,True,False,0.9857667684555054,0.042983477347776154,False,0.9857667684555054,0.0015694169560447335,0.00041405903175473213,0.0007025878294371068,0.0010165778221562505,0.0004252491344232112,0.008613316342234612,0.00041740486631169915,0.0010746779153123498
CTAACTACGGCAAG-1,6,Activated/transitional T cells,Cytotoxic CD8 T cells,True,False,0.9969363212585449,0.011584075257587317,False,0.0016468268586322665,0.0001393577695125714,0.0001200799597427249,0.00017609752831049263,0.9969363212585449,0.00010324387403670698,0.0004919860512018204,0.00017779701738618314,0.00020828684500884265
CTAAGGACACCATG-1,7,Naive/resting T cells,Activated/transitional T cells,True,False,0.9920271039009094,0.027815073561624926,False,0.9920271039009094,0.0012190422276034951,0.0002467134327162057,0.0006027891649864614,0.0016587228747084737,0.0003211958101019263,0.0022149686701595783,0.0003334541979711503,0.0013760438887402415
CTAAGGACCGTTAG-1,2,IL7R+ memory/helper T cells,Activated/transitional T cells,True,False,0.9107092022895813,0.15384301997778213,False,0.9107092022895813,0.0008302763453684747,0.00045074018999002874,0.0010447661625221372,0.0017795934109017253,0.0005821230006404221,0.08233965188264847,0.000619686848949641,0.0016440021572634578
CTAAGGACGCCATA-1,3,Classical monocytes,Classical monocytes,True,True,0.999373733997345,0.002898677118848497,False,0.00017207395285367966,3.455758997006342e-05,0.00019567867275327444,0.999373733997345,5.7031502365134656e-05,2.274006328661926e-05,6.952197145437822e-05,2.8625379854929633e-05,4.608010203810409e-05
CTAAGGTGCCTAAG-1,1,B cells,B cells,True,True,0.998245358467102,0.006981398718344549,False,0.0010577450739219785,0.998245358467102,4.345363413449377e-05,0.00018019431445281953,0.0001380407193209976,5.646420322591439e-05,0.00011901318066520616,4.872180943493731e-05,0.00011101852578576654
CTAAGGTGTTGCAG-1,2,IL7R+ memory/helper T cells,Activated/transitional T cells,True,False,0.5687261819839478,0.4290531948363202,False,0.5687261819839478,0.005096358247101307,0.0027013951912522316,0.009051814675331116,0.022557716816663742,0.003675346029922366,0.37570294737815857,0.003743527689948678,0.008744669146835804
CTAAGGTGTTTCTG-1,6,Activated/transitional T cells,Naive/resting T cells,True,False,0.6093465089797974,0.5354280827244245,False,0.11007167398929596,0.0017632527742534876,0.0011126190656796098,0.002228232566267252,0.17020490765571594,0.022623131051659584,0.08146586269140244,0.0011838562786579132,0.6093465089797974
CTAATAGAGCTATG-1,6,Activated/transitional T cells,Activated/transitional T cells,True,True,0.9833685755729675,0.05282237796411755,False,0.9833685755729675,0.0030006610322743654,0.0006497211288660765,0.0016826894134283066,0.0025060989428311586,0.0008850999874994159,0.0013301821891218424,0.0015064675826579332,0.005070518236607313
CTAATGCTTGTGGT-1,3,Classical monocytes,Classical monocytes,True,True,0.9965096116065979,0.013454517007214235,False,0.0004992438480257988,0.000186365214176476,0.000978626310825348,0.9965096116065979,0.0004435062000993639,0.00013334871619008482,0.0009270847658626735,0.0001453613513149321,0.00017689606465864927
CTACAACTCCCGTT-1,0,Cytotoxic CD8 T cells,Cytotoxic CD8 T cells,True,True,0.9977285265922546,0.009237565147038973,False,0.0005027197767049074,0.00010707310138968751,9.894750837702304e-05,0.00013081665383651853,0.9977285265922546,8.347821130882949e-05,0.0003554605646058917,0.0005758677725680172,0.0004170987522229552
CTACCTCTCAACCA-1,2,IL7R+ memory/helper T cells,Cytotoxic CD8 T cells,True,False,0.6476796865463257,0.41038143816729694,False,0.293894499540329,0.010154832154512405,0.0033318570349365473,0.005119796842336655,0.6476796865463257,0.0032912828028202057,0.026054808869957924,0.003001050092279911,0.007472160272300243
CTACGCACACCTAG-1,4,CD16+ non-classical monocytes,CD16+ non-classical monocytes,True,True,0.9879576563835144,0.03842974617091171,False,0.0018649783451110125,0.00041704013710841537,0.9879576563835144,0.004323138389736414,0.000651297508738935,0.0002950582420453429,0.0037438448052853346,0.0004642048152163625,0.0002827471471391618
CTACGCACTCTCCG-1,2,IL7R+ memory/helper T cells,IL7R+ memory/helper T cells,True,True,0.7252493500709534,0.4031234805300056,False,0.20103757083415985,0.00988178700208664,0.006139768287539482,0.010827220976352692,0.017503900453448296,0.00660114036872983,0.7252493500709534,0.00735096912831068,0.015408327803015709
CTACGCACTGGTCA-1,5,NK cells,Cytotoxic CD8 T cells,True,False,0.9600969552993774,0.08278933344091147,False,0.0005970611236989498,0.0001555982162244618,0.00010175731586059555,0.00019298860570415854,0.9600969552993774,0.00011778080079238862,0.0013532403390854597,0.03712281957268715,0.000261770561337471
CTACGGCTTTCTTG-1,3,Classical monocytes,Classical monocytes,True,True,0.9972124695777893,0.010366112364131352,False,0.0001388305245200172,0.00012309079465921968,0.0017939399695023894,0.9972124695777893,0.00015346621512435377,4.9987429520115256e-05,0.0003359814581926912,0.00010329452925361693,8.89778821147047e-05
CTACTATGAACCAC-1,3,Classical monocytes,Classical monocytes,True,True,0.9994256496429443,0.0027226309006868946,False,0.00010115536133525893,0.00011249838280491531,4.206235826131888e-05,0.9994256496429443,9.204224625136703e-05,2.6260797312716022e-05,0.00011821625230368227,3.926255521946587e-05,4.286182957002893e-05
CTACTATGATGTGC-1,3,Classical monocytes,Classical monocytes,True,True,0.99937903881073,0.0029057399965267444,False,0.00018049808568321168,6.238680362002924e-05,0.00013642340491060168,0.99937903881073,7.218852988444269e-05,3.0872102797729895e-05,5.914267239859328e-05,3.583310535759665e-05,4.3641150114126503e-05
CTACTATGCTAAGC-1,0,Cytotoxic CD8 T cells,Cytotoxic CD8 T cells,True,True,0.9176419973373413,0.14642369512275497,False,0.07492836564779282,0.0008148470660671592,0.0003681422967929393,0.0008026226423680782,0.9176419973373413,0.0004606492293532938,0.0032643950544297695,0.0005863103433512151,0.0011326594976708293
CTACTATGTAAAGG-1,1,B cells,B cells,True,True,0.9979331493377686,0.007993253502383219,False,0.0012847627513110638,0.9979331493377686,3.884626494254917e-05,7.765079499222338e-05,8.776460163062438e-05,0.0002903853019233793,0.00010935937461908907,4.10678876505699e-05,0.0001370368991047144
CTACTCCTATGTCG-1,5,NK cells,NK cells,True,True,0.9966949224472046,0.012625678149931494,False,0.0003183002700097859,0.0009973732521757483,0.0001249291526619345,0.0001806737418519333,0.0011368460254743695,7.859925244702026e-05,0.0003493678232189268,0.9966949224472046,0.00011903487029485404
CTACTCCTGCCATA-1,3,Classical monocytes,Classical monocytes,True,True,0.9979815483093262,0.008037313069261087,False,0.00036577877472154796,0.00014108089089859277,0.0002707008388824761,0.9979815483093262,0.000987053383141756,4.2456420487724245e-05,8.894831262296066e-05,5.232398325460963e-05,7.00589080224745e-05
CTAGAGACACTTTC-1,2,IL7R+ memory/helper T cells,Activated/transitional T cells,True,False,0.49047523736953735,0.4643381463592653,True,0.49047523736953735,0.011946368962526321,0.003674228908494115,0.008335613645613194,0.03522161394357681,0.004436903167515993,0.4357090890407562,0.003952841740101576,0.00624807458370924
CTAGAGACAGCATC-1,0,Cytotoxic CD8 T cells,Cytotoxic CD8 T cells,True,True,0.991470992565155,0.028353650955397727,False,0.0040146587416529655,0.0004510133876465261,0.0001681897119851783,0.0003042825555894524,0.991470992565155,0.00018358889792580158,0.0016263889847323298,0.0013740099966526031,0.0004069073766004294
CTAGAGACTTTGGG-1,4,CD16+ non-classical monocytes,CD16+ non-classical monocytes,True,True,0.9729737639427185,0.05991898223048775,False,0.00022184124100022018,0.00012333884660620242,0.9729737639427185,0.02574975974857807,0.00019060693739447743,7.562005339423195e-05,0.000438170216511935,0.0001392567064613104,8.770147542236373e-05
CTAGATCTCTCTAT-1,2,IL7R+ memory/helper T cells,Activated/transitional T cells,True,False,0.6599348783493042,0.4613456184071408,False,0.6599348783493042,0.005411535035818815,0.0032143720891326666,0.00741161871701479,0.1265464574098587,0.00397917814552784,0.1806560754776001,0.003688022494316101,0.009157850407063961
CTAGATCTTCGACA-1,2,IL7R+ memory/helper T cells,IL7R+ memory/helper T cells,True,True,0.9507859945297241,0.09477758371861883,False,0.047221023589372635,0.00025304529117420316,0.0001345810160273686,0.00029717289726249874,0.00042933697113767266,0.00018610477854963392,0.9507859945297241,0.0002130139764631167,0.0004797559231519699
CTAGGATGAGCCTA-1,1,B cells,B cells,True,True,0.9015654921531677,0.22126736695121738,False,0.025375688448548317,0.9015654921531677,0.0029254949185997248,0.00584257859736681,0.014823481440544128,0.0028269763570278883,0.03608319163322449,0.0022563072852790356,0.008300756104290485
CTAGGATGATCGTG-1,1,B cells,B cells,True,True,0.997000515460968,0.011350192171611522,False,0.0011316344607621431,0.997000515460968,5.755104575655423e-05,0.00023717732983641326,0.0001631332270335406,8.877404616214335e-05,0.0011085867881774902,6.805010343668982e-05,0.00014452595496550202
CTAGGCCTCTCAGA-1,2,IL7R+ memory/helper T cells,IL7R+ memory/helper T cells,True,True,0.5654962062835693,0.42459178284870125,False,0.3850281834602356,0.007220965810120106,0.004984264727681875,0.00951466802507639,0.008522759191691875,0.004862034693360329,0.5654962062835693,0.004990250337868929,0.009380683302879333
CTAGGTGATGGTTG-1,4,CD16+ non-classical monocytes,CD16+ non-classical monocytes,True,True,0.9975054860115051,0.010062482843312763,False,0.00023077722289599478,0.000581498839892447,0.9975054860115051,0.0006764614954590797,0.00013204266724642366,0.00030797082581557333,0.0003470281953923404,0.00014612000086344779,7.258874393301085e-05
CTAGTTACCAGAGG-1,2,IL7R+ memory/helper T cells,IL7R+ memory/helper T cells,True,True,0.7469910383224487,0.3385677466247558,False,0.20967938005924225,0.0027140560559928417,0.002203692914918065,0.0032193486113101244,0.023133769631385803,0.0019317694241181016,0.7469910383224487,0.0018055137479677796,0.008321382105350494
CTAGTTACCGCATA-1,7,Naive/resting T cells,Activated/transitional T cells,True,False,0.7650080919265747,0.3368142379044753,False,0.7650080919265747,0.00383284711278975,0.002712950576096773,0.005719098262488842,0.016438527032732964,0.005517321173101664,0.1896241307258606,0.0031189590226858854,0.008028087206184864
CTAGTTACGAAACA-1,5,NK cells,NK cells,True,True,0.9943236112594604,0.018815348494865727,False,0.0004366867651697248,0.00011654901754809543,0.0001478164631407708,0.00014804740203544497,0.004013374913483858,8.792532025836408e-05,0.0005300063057802618,0.9943236112594604,0.00019597388745751232
CTATAAGATCGTTT-1,1,B cells,B cells,True,True,0.9917733073234558,0.026173582748758122,False,0.0056823138147592545,0.9917733073234558,0.0002757396432571113,0.0003767305752262473,0.0002809813595376909,0.00024247667170129716,0.0005368878482840955,0.00019244846771471202,0.0006391578353941441
CTATACTGAGGTTC-1,3,Classical monocytes,Classical monocytes,True,True,0.9959900975227356,0.01265019654113228,False,0.0037033779080957174,4.2993746319552884e-05,5.48858915863093e-05,0.9959900975227356,4.3297986849211156e-05,2.5021698093041778e-05,3.78110162273515e-05,3.080975511693396e-05,7.168717274907976e-05
CTATACTGCCAGTA-1,7,Naive/resting T cells,Activated/transitional T cells,True,False,0.7635366320610046,0.30367579701083275,False,0.7635366320610046,0.0019229634199291468,0.0009758063242770731,0.0019106818363070488,0.0028848866932094097,0.0010618456872180104,0.01775946654379368,0.0011354392627254128,0.20881226658821106
CTATACTGCGCTAA-1,3,Classical monocytes,Classical monocytes,True,True,0.9989804625511169,0.004354340929182291,False,0.0005289151449687779,9.519309969618917e-05,0.00020234707335475832,0.9989804625511169,4.711366636911407e-05,2.3759406758472323e-05,5.0662180001381785e-05,3.1517192837782204e-05,4.002803689218126e-05
CTATACTGCTACGA-1,5,NK cells,NK cells,True,True,0.9946041703224182,0.019260228358933037,False,0.0006270903977565467,0.0004837578162550926,0.00022079769405536354,0.0003936441207770258,0.0026673271786421537,0.00017063974519260228,0.0006100371829234064,0.9946041703224182,0.00022246981097850949
CTATACTGTCTCAT-1,5,NK cells,NK cells,True,True,0.9744120240211487,0.0766987818425462,False,0.0032206648029386997,0.001223658793605864,0.0012795784277841449,0.0031001600436866283,0.006161607336252928,0.005109013989567757,0.003969951532781124,0.9744120240211487,0.001523280399851501
CTATACTGTTCGTT-1,1,B cells,Activated/transitional T cells,True,False,0.7753639817237854,0.40542527600826234,False,0.7753639817237854,0.011402558535337448,0.0077588362619280815,0.019659437239170074,0.01597421243786812,0.009946204721927643,0.11685007065534592,0.018401682376861572,0.02464304119348526
CTATAGCTGTCACA-1,7,Naive/resting T cells,Activated/transitional T cells,True,False,0.9934828877449036,0.02159705865586169,False,0.9934828877449036,0.0002831540768966079,0.00016894763393793255,0.0003416616818867624,0.00038824896910227835,0.00020236936688888818,0.004353499971330166,0.00019053804862778634,0.0005886901053600013
CTATAGCTTCGCTC-1,3,Classical monocytes,Classical monocytes,True,True,0.9995906949043274,0.0020005947009948304,False,7.21474425517954e-05,3.8346061046468094e-05,0.00011049285240005702,0.9995906949043274,3.7638750654878095e-05,2.215341191913467e-05,6.683591345790774e-05,2.3299486201722175e-05,3.834967719740234e-05
CTATAGCTTGCCTC-1,3,Classical monocytes,Classical monocytes,True,True,0.9990313053131104,0.0043167654495352495,False,0.0001427729584975168,0.00022989803983364254,0.00022908301616553217,0.9990313053131104,5.599248834187165e-05,3.6947025364497676e-05,0.00018564575293567032,4.689461275120266e-05,4.1500388761051e-05
CTATCAACGAACTC-1,2,IL7R+ memory/helper T cells,Activated/transitional T cells,True,False,0.9620155096054077,0.080292418789691,False,0.9620155096054077,0.0003032214008271694,0.00016377204156015068,0.0003761080151889473,0.0006169467815198004,0.00021895817189943045,0.03518916293978691,0.000213680905289948,0.0009026144398376346
CTATCAACGCAGAG-1,2,IL7R+ memory/helper T cells,IL7R+ memory/helper T cells,True,True,0.9846353530883789,0.04405761111554318,False,0.010508482344448566,0.0015823458088561893,0.00017921616381499916,0.0003997061285190284,0.0016960719367489219,0.00027540771407075226,0.9846353530883789,0.00033280503703281283,0.0003906413621734828
CTATCAACTTTGGG-1,7,Naive/resting T cells,Activated/transitional T cells,True,False,0.8402890563011169,0.23654361439507202,False,0.8402890563011169,0.003432186786085367,0.0007931548752821982,0.0016046848613768816,0.0016917232424020767,0.0009459996945224702,0.007323513273149729,0.0009421839495189488,0.1429775208234787
CTATCCCTCCACCT-1,3,Classical monocytes,Classical monocytes,True,True,0.999330997467041,0.0030480890342374886,False,7.034316513454542e-05,0.0003063010226469487,9.02609244803898e-05,0.999330997467041,4.401446130941622e-05,2.37053773162188e-05,5.8030760555993766e-05,4.2293027945561334e-05,3.413909871596843e-05
CTATGTACGAGAGC-1,2,IL7R+ memory/helper T cells,IL7R+ memory/helper T cells,True,True,0.5680637955665588,0.35036837166438983,False,0.4179256856441498,0.001431352342478931,0.0007595126517117023,0.0017453371547162533,0.002963470062240958,0.0009685250115580857,0.5680637955665588,0.0010433872230350971,0.005098934751003981
CTATGTACGCTTAG-1,2,IL7R+ memory/helper T cells,Activated/transitional T cells,True,False,0.5422964692115784,0.40692667377179803,False,0.5422964692115784,0.001833441318012774,0.0010946444235742092,0.002341718412935734,0.03973034769296646,0.0012344963615760207,0.4070335328578949,0.0013608824228867888,0.00307450327090919
CTATGTACTGTTTC-1,1,B cells,B cells,True,True,0.9636660814285278,0.08704818734823869,False,0.024867024272680283,0.9636660814285278,0.0003311299078632146,0.0006917219725437462,0.000624210515525192,0.0003761060070246458,0.008235301822423935,0.000552140292711556,0.00065635732607916
CTATGTTGAAAGCA-1,2,IL7R+ memory/helper T cells,Activated/transitional T cells,True,False,0.7286628484725952,0.35981043806998747,False,0.7286628484725952,0.007004331331700087,0.0034393786918371916,0.007476696278899908,0.0077507332898676395,0.003927416168153286,0.22634705901145935,0.004298153333365917,0.011093406938016415
CTATGTTGTCCTCG-1,7,Naive/resting T cells,Activated/transitional T cells,True,False,0.8268947005271912,0.24052623230460413,False,0.8268947005271912,0.0013635613722726703,0.0007145057898014784,0.003364585805684328,0.0024117031134665012,0.0010074215242639184,0.16053703427314758,0.0009313697228208184,0.0027750686276704073
CTATGTTGTCTCGC-1,2,IL7R+ memory/helper T cells,IL7R+ memory/helper T cells,True,True,0.9807109236717224,0.049339689913550686,False,0.016356978565454483,0.0002891196636483073,0.00014788265980314463,0.00032398771145381033,0.0009129003155976534,0.00017528669559396803,0.9807109236717224,0.00016821699682623148,0.0009147094679065049
CTATTGACAAACGA-1,3,Classical monocytes,Classical monocytes,True,True,0.9993278980255127,0.0030848219467023217,False,0.00028300314443185925,4.931660441798158e-05,8.62016822793521e-05,0.9993278980255127,6.054481491446495e-05,3.258848300902173e-05,6.640997889917344e-05,3.607488179113716e-05,5.7977362303063273e-05
CTATTGACACTGGT-1,4,CD16+ non-classical monocytes,CD16+ non-classical monocytes,True,True,0.9919901490211487,0.025688518444003064,False,0.0007057178881950676,0.00032569028553552926,0.9919901490211487,0.005406181327998638,0.00042643625056371093,0.00012362917186692357,0.0004291566147003323,0.0004256001266185194,0.00016740830324124545
CTATTGACGGTGAG-1,4,CD16+ non-classical monocytes,CD16+ non-classical monocytes,True,True,0.9975407123565674,0.009679476320743532,False,0.00020508805755525827,0.00031907387892715633,0.9975407123565674,0.0011191172525286674,0.00013954401947557926,6.614199082832783e-05,0.0004222368588671088,7.636076770722866e-05,0.00011176261614309624
CTATTGTGGCAAGG-1,7,Naive/resting T cells,Cytotoxic CD8 T cells,True,False,0.7449782490730286,0.3964015473192461,False,0.14694474637508392,0.006413300521671772,0.001200733589939773,0.003599155228585005,0.7449782490730286,0.0014968888135626912,0.0428197868168354,0.002382469829171896,0.05016465485095978
CTCAATTGGTTCAG-1,2,IL7R+ memory/helper T cells,IL7R+ memory/helper T cells,True,True,0.7066940665245056,0.32849692497606325,False,0.26810306310653687,0.0013654575450345874,0.0007394067361019552,0.0016237059608101845,0.01664465107023716,0.0009956042049452662,0.7066940665245056,0.0011833899188786745,0.00265060318633914
CTCAATTGGTTGCA-1,3,Classical monocytes,Classical monocytes,True,True,0.9989503026008606,0.004596366447472978,False,0.000145130034070462,0.0003927632642444223,0.00021117704454809427,0.9989503026008606,7.648428436368704e-05,3.124852810287848e-05,7.055004971334711e-05,3.658674904727377e-05,8.573776722187176e-05
CTCAGAGATAGAAG-1,7,Naive/resting T cells,Activated/transitional T cells,True,False,0.9638203978538513,0.0981196158616346,False,0.9638203978538513,0.0021578320302069187,0.0015092524699866772,0.0025595691986382008,0.0031374047975987196,0.001586478785611689,0.01618480682373047,0.0015458237612619996,0.007498391903936863
CTCAGCACTCTAGG-1,2,IL7R+ memory/helper T cells,IL7R+ memory/helper T cells,True,True,0.8684588074684143,0.24494998976017246,False,0.08966588228940964,0.008463223464787006,0.002135154791176319,0.003860740689560771,0.01899528130888939,0.0022553575690835714,0.8684588074684143,0.0023625928442925215,0.0038029085844755173
CTCAGCACTGAACC-1,3,Classical monocytes,Classical monocytes,True,True,0.6600765585899353,0.5010666059082463,False,0.20483219623565674,0.020273083820939064,0.054731737822294235,0.6600765585899353,0.014269222505390644,0.008224528282880783,0.016025803983211517,0.009652124717831612,0.011914758943021297
CTCAGCACTTGCAG-1,7,Naive/resting T cells,Activated/transitional T cells,True,False,0.9892330169677734,0.03523794150596934,False,0.9892330169677734,0.0012483098544180393,0.00035723275505006313,0.0008715238654986024,0.002213510451838374,0.0003723080735653639,0.0006921528838574886,0.00037986214738339186,0.004632101394236088
CTCAGCTGAACCTG-1,3,Classical monocytes,Classical monocytes,True,True,0.999203622341156,0.0034927121869285757,False,0.0003979360335506499,3.0174380299285986e-05,4.2031362681882456e-05,0.999203622341156,3.45937478414271e-05,2.3576851162943058e-05,0.00019004383648280054,3.040129922737833e-05,4.7622866986785084e-05
CTCAGCTGCAGTTG-1,0,Cytotoxic CD8 T cells,Cytotoxic CD8 T cells,True,True,0.9558460116386414,0.09717549663819464,False,0.036764953285455704,0.0011407320853322744,0.0003411862999200821,0.0008326238603331149,0.9558460116386414,0.0004565470735542476,0.0028409832157194614,0.0005892503540962934,0.0011876701610162854
CTCAGGCTCGTTGA-1,4,CD16+ non-classical monocytes,CD16+ non-classical monocytes,True,True,0.9915375709533691,0.028242017949967498,False,0.000510888930875808,0.0003371878119651228,0.9915375709533691,0.00419192248955369,0.0012070657685399055,0.00021559407468885183,0.0012933103134855628,0.00046683396794833243,0.00023965259606484324
CTCAGGCTGCTAAC-1,6,Activated/transitional T cells,Cytotoxic CD8 T cells,True,False,0.37884849309921265,0.5952178605257135,True,0.2491835504770279,0.0063122957944869995,0.004053975455462933,0.01849783957004547,0.37884849309921265,0.005013181362301111,0.3224649429321289,0.004364944063127041,0.011260745115578175
CTCATTGACCTTAT-1,2,IL7R+ memory/helper T cells,IL7R+ memory/helper T cells,True,True,0.9863694906234741,0.041011967727175844,False,0.008558394387364388,0.0010212896158918738,0.00029050736338831484,0.000681441742926836,0.0016005774959921837,0.0003395373933017254,0.9863694906234741,0.0003850432694889605,0.0007536811172030866
CTCATTGATGCTTT-1,4,CD16+ non-classical monocytes,CD16+ non-classical monocytes,True,True,0.8443752527236938,0.22118623867384785,False,0.0015155591536313295,0.001083310809917748,0.8443752527236938,0.14604610204696655,0.0016931220889091492,0.0006335200159810483,0.0027174849528819323,0.0009803030407056212,0.0009553950512781739
CTCCACGAGAGATA-1,3,Classical monocytes,Classical monocytes,True,True,0.9933546781539917,0.023643703538101586,False,0.0008384131360799074,0.001170288072898984,0.0017612400697544217,0.9933546781539917,0.0003225751279387623,0.0002912200870923698,0.0017427108250558376,0.000256284954957664,0.0002625785709824413
CTCCATCTCTTAGG-1,7,Naive/resting T cells,Activated/transitional T cells,True,False,0.9685918688774109,0.08007060567401891,False,0.9685918688774109,0.0010454358998686075,0.0005608340725302696,0.0015451586805284023,0.0025839314330369234,0.0006444823229685426,0.021896930411458015,0.0008043957059271634,0.0023269113153219223
CTCCATCTGACGAG-1,2,IL7R+ memory/helper T cells,Activated/transitional T cells,True,False,0.9616681337356567,0.09816639149772549,False,0.9616681337356567,0.002071528462693095,0.0010415007127448916,0.0025134889874607325,0.0030082480516284704,0.0012567852390930057,0.023453140631318092,0.0012383246794342995,0.0037489018868654966
CTCCGAACAAGTGA-1,4,CD16+ non-classical monocytes,CD16+ non-classical monocytes,True,True,0.9902918934822083,0.029816600841557444,False,0.0006251028389669955,0.0007643144926987588,0.9902918934822083,0.006878797896206379,0.00029412255389615893,0.00014565135643351823,0.0006235351320356131,0.0002217857399955392,0.00015480733418371528
CTCCTACTGCCTTC-1,3,Classical monocytes,Classical monocytes,True,True,0.9987335801124573,0.005409773361832211,False,0.00037435098784044385,0.0001359862508252263,0.0004338151484262198,0.9987335801124573,8.45520626171492e-05,4.0023605833994225e-05,7.765899499645457e-05,4.827638986171223e-05,7.173533958848566e-05
CTCGAAGATGTGGT-1,7,Naive/resting T cells,Activated/transitional T cells,True,False,0.9435375928878784,0.14037629196794577,False,0.9435375928878784,0.0029254304245114326,0.0021987450309097767,0.005038437899202108,0.003851998131722212,0.0020165834575891495,0.025702189654111862,0.0022314819507300854,0.012497511692345142
CTCGAAGATTAGGC-1,3,Classical monocytes,Classical monocytes,True,True,0.9995788931846619,0.0020545597951371177,False,0.00010883549839491025,3.3748736314009875e-05,8.937464735936373e-05,0.9995788931846619,4.467298640520312e-05,2.6288131266483106e-05,4.515937689575367e-05,2.5354907847940922e-05,4.7690577048342675e-05
CTCGACTGCTCTAT-1,6,Activated/transitional T cells,Activated/transitional T cells,True,True,0.6952395439147949,0.3871407573961856,False,0.6952395439147949,0.017398757860064507,0.003331259125843644,0.006530989892780781,0.011217943392693996,0.003910522907972336,0.25145867466926575,0.0038463377859443426,0.007065948098897934
CTCGACTGGGTGAG-1,7,Naive/resting T cells,Naive/resting T cells,True,True,0.7001681327819824,0.34207015777492206,False,0.26715025305747986,0.0017418998759239912,0.0009127554949373007,0.0021047242917120457,0.0028967864345759153,0.0011950297048315406,0.022556768730282784,0.0012736691860482097,0.7001681327819824
CTCGACTGGTTGAC-1,5,NK cells,NK cells,True,True,0.9951096177101135,0.01757510917129069,False,0.0012589906109496951,0.00014129350893199444,0.00018256946350447834,0.0002780270006041974,0.002122481120750308,9.954805864254013e-05,0.0005582172889262438,0.9951096177101135,0.0002491916238795966
CTCGAGCTCTGGAT-1,5,NK cells,Cytotoxic CD8 T cells,True,False,0.993937611579895,0.021238096320421222,False,0.002049157628789544,0.000406752951676026,0.0002475096262060106,0.00020011527522001415,0.993937611579895,0.00010991314047714695,0.0005506154266186059,0.0022085111122578382,0.00028977374313399196
CTCGCATGACTTTC-1,0,Cytotoxic CD8 T cells,Cytotoxic CD8 T cells,True,True,0.7832785248756409,0.3018517283733297,False,0.040862686932086945,0.0011932014022022486,0.0006897153798490763,0.0011985570890828967,0.7832785248756409,0.0006317635998129845,0.17008249461650848,0.001105215516872704,0.0009578855242580175
CTCGCATGCTTAGG-1,2,IL7R+ memory/helper T cells,IL7R+ memory/helper T cells,True,True,0.6465765833854675,0.36886170468101953,False,0.3222900629043579,0.007842483930289745,0.001938551664352417,0.003907703794538975,0.004321663174778223,0.002106494503095746,0.6465765833854675,0.002282510744407773,0.008733900263905525
CTCTAAACCTCGAA-1,7,Naive/resting T cells,Activated/transitional T cells,True,False,0.9951980710029602,0.017371826905948465,False,0.9951980710029602,0.0005048639141023159,0.00015862441796343774,0.00036453199572861195,0.00037107800017111003,0.00020494897034950554,0.002410714980214834,0.00019778854039032012,0.0005894250352866948
CTCTAAACGGCGAA-1,7,Naive/resting T cells,Activated/transitional T cells,True,False,0.9961358904838562,0.014331887288589123,False,0.9961358904838562,0.00023550116748083383,0.00012656531180255115,0.00028050862601958215,0.000379624601919204,0.00017794810992199928,0.00031499654869548976,0.00032813457073643804,0.0020208219066262245
CTCTAATGTCCAAG-1,3,Classical monocytes,Classical monocytes,True,True,0.9992699027061462,0.0033699496967632163,False,0.00015611432900186628,8.87778660398908e-05,0.0001579810632392764,0.9992699027061462,5.817582132294774e-05,3.458281571511179e-05,0.00014846539124846458,4.0084338252199814e-05,4.586317663779482e-05
CTGAACGACAGTCA-1,2,IL7R+ memory/helper T cells,IL7R+ memory/helper T cells,True,True,0.5657820105552673,0.3855721647422454,False,0.40478938817977905,0.004856141749769449,0.002221158007159829,0.0059129176661372185,0.005699467845261097,0.0025357408449053764,0.5657820105552673,0.002537338761612773,0.005665837787091732
CTGAACGATGAGGG-1,2,IL7R+ memory/helper T cells,IL7R+ memory/helper T cells,True,True,0.9009794592857361,0.2234839586238901,False,0.04069879278540611,0.004018568899482489,0.002695578383281827,0.00551541056483984,0.009479690343141556,0.01887400448322296,0.9009794592857361,0.003933263476938009,0.013805277645587921
CTGAAGACCCAACA-1,2,IL7R+ memory/helper T cells,IL7R+ memory/helper T cells,True,True,0.6743179559707642,0.3488880406151734,False,0.2995080053806305,0.002069857669994235,0.0019428173545747995,0.0028418665751814842,0.0035719345323741436,0.0014768409309908748,0.6743179559707642,0.0033655886072665453,0.010905146598815918
CTGAAGACGTGCAT-1,1,B cells,B cells,True,True,0.999471127986908,0.0024909501538985285,False,0.000209660705877468,0.999471127986908,2.635620694491081e-05,5.243447230895981e-05,5.6110329751390964e-05,3.2411699066869915e-05,7.970080332597718e-05,2.944731568277348e-05,4.277463449398056e-05
CTGAAGTGAAGCCT-1,4,CD16+ non-classical monocytes,CD16+ non-classical monocytes,True,True,0.9832825660705566,0.04436132169021186,False,0.0004042823566123843,0.00023910052550490946,0.9832825660705566,0.013888581655919552,0.0008799192146398127,0.00013287858746480197,0.0007524524698965251,0.00022674442152492702,0.00019339808204676956
CTGAAGTGCAGCTA-1,1,B cells,B cells,True,True,0.9985265731811523,0.0056952342383659845,False,0.0011353699956089258,0.9985265731811523,2.816097367031034e-05,6.956281868042424e-05,4.8448597226524726e-05,3.218778147129342e-05,5.5648921261308715e-05,3.837559052044526e-05,6.56166230328381e-05
CTGAAGTGGCTATG-1,7,Naive/resting T cells,Activated/transitional T cells,True,False,0.9854141473770142,0.039639246246897825,False,0.9854141473770142,0.0002914841752499342,0.00015546132635790855,0.00035378363099880517,0.000434919202234596,0.00018093554535880685,0.012150156311690807,0.00022398453438654542,0.0007950966828502715
CTGAAGTGTCCAGA-1,2,IL7R+ memory/helper T cells,IL7R+ memory/helper T cells,True,True,0.8277021050453186,0.22974775959395402,False,0.16468806564807892,0.0009885897161439061,0.0006574969156645238,0.001172641641460359,0.002167617902159691,0.0006656391778960824,0.8277021050453186,0.0007309876964427531,0.0012268171412870288
CTGAATCTGAATAG-1,2,IL7R+ memory/helper T cells,IL7R+ memory/helper T cells,True,True,0.8929351568222046,0.19789812804248288,False,0.08510418981313705,0.0028411808889359236,0.001409209449775517,0.0030882800929248333,0.00666133314371109,0.0018495420226827264,0.8929351568222046,0.003724516136571765,0.00238653807900846
CTGACAGAATCGTG-1,0,Cytotoxic CD8 T cells,Cytotoxic CD8 T cells,True,True,0.993704617023468,0.02207260138044141,False,0.0014416782651096582,0.0002198025322286412,0.00022074174194131047,0.0002442141994833946,0.993704617023468,0.00014566989557351917,0.0021207553800195456,0.0016252456698566675,0.0002772655861917883
CTGACCACAGCAAA-1,2,IL7R+ memory/helper T cells,Activated/transitional T cells,True,False,0.9440697431564331,0.12933904767982146,False,0.9440697431564331,0.006302603054791689,0.0010757605778053403,0.0022733393125236034,0.0026775281876325607,0.0013391810934990644,0.03726546838879585,0.0013766911579295993,0.003619736060500145
CTGAGAACCGGGAA-1,2,IL7R+ memory/helper T cells,IL7R+ memory/helper T cells,True,True,0.6382261514663696,0.31034032084499225,False,0.35803791880607605,0.0005828117136843503,0.00021484613534994423,0.00048785729450173676,0.00063203030731529,0.00028358204872347414,0.6382261514663696,0.0002907497400883585,0.0012441097060218453
CTGAGAACGTAAAG-1,5,NK cells,NK cells,True,True,0.8199124336242676,0.2719838445086633,False,0.011063963174819946,0.002049069618806243,0.0019383297767490149,0.002500491449609399,0.15165914595127106,0.0014442945830523968,0.006647678092122078,0.8199124336242676,0.002784542739391327
CTGATACTAGTAGA-1,7,Naive/resting T cells,Activated/transitional T cells,True,False,0.9410536885261536,0.13195224668882566,False,0.9410536885261536,0.004306604620069265,0.0008686842047609389,0.002096477895975113,0.0022036232985556126,0.0011654049158096313,0.04181526228785515,0.0014531250344589353,0.005037178751081228
CTGATTTGGTGTTG-1,3,Classical monocytes,Classical monocytes,True,True,0.9989375472068787,0.004678079030303149,False,8.991178765427321e-05,0.00035336476867087185,0.0001863241195678711,0.9989375472068787,0.00015422642172779888,3.14651733788196e-05,7.799299055477604e-05,3.329637547722086e-05,0.0001358570298179984
CTGCAGCTAACCGT-1,7,Naive/resting T cells,Activated/transitional T cells,True,False,0.9945980310440063,0.019056569539632057,False,0.9945980310440063,0.00037046775105409324,0.0002602924651000649,0.00029252911917865276,0.00047287732013501227,0.00016399257583543658,0.0007898278417997062,0.0001711977820377797,0.002880754414945841
CTGCAGCTGACACT-1,7,Naive/resting T cells,Activated/transitional T cells,True,False,0.9732787609100342,0.07063467727035373,False,0.9732787609100342,0.0006112813134677708,0.0003299046657048166,0.0007250870694406331,0.003430711105465889,0.00042549637146294117,0.016976458951830864,0.0004243641160428524,0.003797974670305848
CTGCAGCTGGATTC-1,4,CD16+ non-classical monocytes,CD16+ non-classical monocytes,True,True,0.5724526047706604,0.3298407093094526,False,0.0006941074971109629,0.0011235923739150167,0.5724526047706604,0.421556681394577,0.0006055744597688317,0.00034801027504727244,0.002091203350573778,0.0004730992077384144,0.0006551403203047812
CTGCAGCTTGGCAT-1,0,Cytotoxic CD8 T cells,Cytotoxic CD8 T cells,True,True,0.984053909778595,0.04330786886421033,False,0.012360221706330776,0.00022702229034621269,0.00014842863311059773,0.0002723794605117291,0.984053909778595,0.0001605064608156681,0.002189485589042306,0.0002569287898950279,0.00033108642674051225
CTGCCAACAGGAGC-1,0,Cytotoxic CD8 T cells,Cytotoxic CD8 T cells,True,True,0.9746261239051819,0.06330952585717686,False,0.018807558342814445,0.00025291088968515396,0.0002525980235077441,0.0003148778632748872,0.9746261239051819,0.00017672247486189008,0.005021214485168457,0.00023172689543571323,0.0003162740031257272
CTGCCAACCAGCTA-1,2,IL7R+ memory/helper T cells,Activated/transitional T cells,True,False,0.9769221544265747,0.05799219210642552,False,0.9769221544265747,0.00046845973702147603,0.00023778803006280214,0.0005966490716673434,0.0009766380535438657,0.0003055492998100817,0.01914585381746292,0.00031094581936486065,0.0010358921717852354
CTGCCAACTAACCG-1,3,Classical monocytes,Classical monocytes,True,True,0.9891670942306519,0.03242802756133985,False,0.0005844538100063801,0.0011348099214956164,0.007824847474694252,0.9891670942306519,0.00038408636464737356,0.0001313128013862297,0.0004572697216644883,0.00014505548460874707,0.00017110451881308109
CTGCCAACTGCTCC-1,0,Cytotoxic CD8 T cells,Cytotoxic CD8 T cells,True,True,0.9966366291046143,0.012448275634407579,False,0.0017944753635674715,0.0001443210494471714,9.147307719103992e-05,0.00015719447401352227,0.9966366291046143,7.942257798276842e-05,0.0007508518174290657,0.00018991912656929344,0.0001556442875880748
CTGCCAACTTGCAG-1,7,Naive/resting T cells,Activated/transitional T cells,True,False,0.9972394704818726,0.010493697561492805,False,0.9972394704818726,0.00015376234659925103,9.18028163141571e-05,0.0001805763749871403,0.0002291926502948627,0.0001035315654007718,0.0016036154702305794,0.00010889323311857879,0.0002891086624003947
CTGCCAACTTGCTT-1,0,Cytotoxic CD8 T cells,Cytotoxic CD8 T cells,True,True,0.9704443216323853,0.06699838399350776,False,0.026329834014177322,0.00016801834863144904,8.804166282061487e-05,0.00027642404893413186,0.9704443216323853,0.00011857291246997193,0.002184791024774313,0.0002181800955440849,0.0001718689891276881
CTGCGACTCCACCT-1,6,Activated/transitional T cells,Cytotoxic CD8 T cells,True,False,0.9852051138877869,0.04449525172727025,False,0.006943719461560249,0.0003918617148883641,0.00036973916576243937,0.0004994083428755403,0.9852051138877869,0.00027374792261980474,0.004757225979119539,0.001006613951176405,0.0005525166052393615
CTGGAAACAAACGA-1,0,Cytotoxic CD8 T cells,Cytotoxic CD8 T cells,True,True,0.9961989521980286,0.014315397195622514,False,0.0007087750127539039,0.00016778541612438858,9.366270387545228e-05,0.0001990229939110577,0.9961989521980286,0.00012233348388690501,0.0008125517633743584,0.0013985526748001575,0.00029831251595169306
CTGGAAACATCGAC-1,2,IL7R+ memory/helper T cells,Activated/transitional T cells,True,False,0.8907051086425781,0.20879449534538305,False,0.8907051086425781,0.008572536520659924,0.0018676246982067823,0.0036362793762236834,0.004286797251552343,0.002163224620744586,0.08114218711853027,0.0029596295207738876,0.004666613414883614
CTGGATGACTGGAT-1,0,Cytotoxic CD8 T cells,Cytotoxic CD8 T cells,True,True,0.9971975088119507,0.010888970968032118,False,0.0012550631072372198,0.00013334586401470006,8.0084428191185e-05,0.00029589267796836793,0.9971975088119507,8.768602856434882e-05,0.00048196560237556696,0.00030691479332745075,0.00016150876763276756
CTGGATGACTTGTT-1,2,IL7R+ memory/helper T cells,IL7R+ memory/helper T cells,True,True,0.8298659920692444,0.33046609594050663,False,0.0622478686273098,0.004862189758569002,0.0028608564753085375,0.005981593858450651,0.055258460342884064,0.011060669086873531,0.8298659920692444,0.006938455626368523,0.020923933014273643
CTGGATGATGTGAC-1,1,B cells,B cells,True,True,0.9968549013137817,0.011288984479199413,False,0.0021152703557163477,0.9968549013137817,4.4141695980215445e-05,9.129221143666655e-05,0.0005395322805270553,7.009576802374795e-05,0.0001339419250143692,4.70065169793088e-05,0.00010379320156062022
CTGGCACTCAAGCT-1,3,Classical monocytes,Classical monocytes,True,True,0.9995146989822388,0.00232968885531265,False,0.00011105288285762072,3.271397508797236e-05,0.00011827021080534905,0.9995146989822388,5.7703990023583174e-05,2.376567317696754e-05,7.696495595155284e-05,2.74949888989795e-05,3.7388759665191174e-05
CTGTAACTAACCAC-1,2,IL7R+ memory/helper T cells,Cytotoxic CD8 T cells,True,False,0.48191961646080017,0.41845239218761787,True,0.06383165717124939,0.000594098586589098,0.0003208245907444507,0.0009613394504413009,0.48191961646080017,0.0011386906262487173,0.44965073466300964,0.0005350430146791041,0.0010479794582352042
CTGTAACTAGCGTT-1,6,Activated/transitional T cells,Activated/transitional T cells,True,True,0.7908989191055298,0.30101732240556067,False,0.7908989191055298,0.00277963699772954,0.0017865138361230493,0.004568115808069706,0.013542458415031433,0.0018983375048264861,0.1753040999174118,0.0021218189503997564,0.007100106682628393
CTGTATACGTAAAG-1,6,Activated/transitional T cells,Cytotoxic CD8 T cells,True,False,0.5376313924789429,0.38746292488479245,False,0.43123793601989746,0.0020336033776402473,0.0010532019659876823,0.002447254955768585,0.5376313924789429,0.0014982314314693213,0.011737585999071598,0.0013326588086783886,0.011028092354536057
CTGTATACGTACGT-1,3,Classical monocytes,Classical monocytes,True,True,0.8584301471710205,0.19445730904439434,False,0.0005105597665533423,0.00027887607575394213,0.1385674774646759,0.8584301471710205,0.00024081880110315979,0.00130119314417243,0.0003818497061729431,0.0001670905330684036,0.00012199506454635412
CTGTATACGTTGGT-1,6,Activated/transitional T cells,Activated/transitional T cells,True,True,0.948146641254425,0.11212253777723614,False,0.948146641254425,0.001265340019017458,0.0005963270086795092,0.0014493503840640187,0.002681128680706024,0.0008162897429428995,0.042303405702114105,0.001183555112220347,0.0015579184982925653
CTGTGAGACAACCA-1,4,CD16+ non-classical monocytes,CD16+ non-classical monocytes,True,True,0.9981087446212769,0.007688631571210172,False,0.00014605703472625464,0.0002311152929905802,0.9981087446212769,0.0007878660107962787,0.00014287079102359712,5.105405580252409e-05,0.00041187260649167,6.963803025428206e-05,5.0822869525291026e-05
CTGTGAGACCTTGC-1,0,Cytotoxic CD8 T cells,Cytotoxic CD8 T cells,True,True,0.9806714653968811,0.0559719793459508,False,0.00609855679795146,0.005576036870479584,0.0001287232880713418,0.0002806934935506433,0.9806714653968811,0.00014930353790987283,0.0010030674748122692,0.005842471495270729,0.0002496177621651441
CTGTGAGACGAACT-1,3,Classical monocytes,Classical monocytes,True,True,0.9990139007568359,0.0044021024261037345,False,0.00021972949616611004,6.412837683456019e-05,0.00024133530678227544,0.9990139007568359,8.00218476797454e-05,4.532761886366643e-05,0.0002049161121249199,5.8190325944451615e-05,7.245584856718779e-05
CTGTGAGACTGTAG-1,3,Classical monocytes,Classical monocytes,True,True,0.9995718598365784,0.002063415105723206,False,8.979033009381965e-05,2.547455733292736e-05,3.097852095379494e-05,0.9995718598365784,0.00014293209824245423,1.7854972611530684e-05,5.704232171410695e-05,2.1706209736294113e-05,4.239862028043717e-05
CTTAAAGAACCTGA-1,7,Naive/resting T cells,Activated/transitional T cells,True,False,0.9990431666374207,0.0043317271845170376,False,0.9990431666374207,9.781299741007388e-05,5.9459576732479036e-05,0.00017588633636478335,0.00015811400953680277,6.710457091685385e-05,0.0001828079402912408,7.064171222737059e-05,0.00014502786507364362
CTTAACACCTGTAG-1,2,IL7R+ memory/helper T cells,Activated/transitional T cells,True,False,0.5080574750900269,0.4544081023300759,False,0.5080574750900269,0.01085017342120409,0.008922538720071316,0.005387659650295973,0.03066273406147957,0.0028918813914060593,0.4243638515472412,0.003003193298354745,0.005860442761331797
CTTAACACTATCGG-1,1,B cells,B cells,True,True,0.9986218214035034,0.0052904309606560665,False,0.0011089402250945568,0.9986218214035034,2.075291922665201e-05,5.327881808625534e-05,8.100052218651399e-05,2.5296736566815525e-05,4.2577918065944687e-05,2.278001920785755e-05,2.3501317627960816e-05
CTTAAGCTACCTAG-1,7,Naive/resting T cells,Activated/transitional T cells,True,False,0.9663078188896179,0.074277428820316,False,0.9663078188896179,0.0005891803302802145,0.00018651380378287286,0.0006158323376439512,0.0005806018598377705,0.00024298302014358342,0.030648063868284225,0.0002477121015544981,0.000581288302782923
CTTAAGCTAGTACC-1,6,Activated/transitional T cells,Activated/transitional T cells,True,True,0.8064029216766357,0.2961783983705604,False,0.8064029216766357,0.00453218724578619,0.0021810056641697884,0.004950269125401974,0.15703162550926208,0.002553521189838648,0.01200092677026987,0.0038300862070173025,0.006517423782497644
CTTAAGCTCATCAG-1,7,Naive/resting T cells,Activated/transitional T cells,True,False,0.9469753503799438,0.12342111176296706,False,0.9469753503799438,0.0025302681606262922,0.0005404624971561134,0.0015505108749493957,0.017094573006033897,0.0006913233664818108,0.028506139293313026,0.0007194983190856874,0.001391911064274609
CTTAAGCTCCGCTT-1,1,B cells,B cells,True,True,0.9993554949760437,0.002908404780926924,False,0.0003136505256406963,0.9993554949760437,2.513513754820451e-05,5.8015248214360327e-05,4.217645255266689e-05,2.603875873319339e-05,0.00013196046347729862,1.9050490664085373e-05,2.8482441848609596e-05
CTTACAACTAACGC-1,2,IL7R+ memory/helper T cells,IL7R+ memory/helper T cells,True,True,0.6274783611297607,0.3498943012870696,False,0.35353314876556396,0.0018143228953704238,0.0009717643260955811,0.003040394512936473,0.00502237631008029,0.001340135931968689,0.6274783611297607,0.0014814139576628804,0.005318041425198317
CTTACAACTCCCGT-1,3,Classical monocytes,Classical monocytes,True,True,0.9993791580200195,0.002888111004665201,False,0.0001666954776737839,9.326508006779477e-05,8.863773837219924e-05,0.9993791580200195,0.00015133971464820206,2.3530830731033348e-05,4.871146666118875e-05,2.6166357201873325e-05,2.2493932192446664e-05
CTTACTGACGTACA-1,7,Naive/resting T cells,Activated/transitional T cells,True,False,0.9981016516685486,0.007946362185431113,False,0.9981016516685486,0.00017282857152167708,0.00010570140148047358,0.0002085613232338801,0.0003019388241227716,0.00011856885976158082,0.0003705519193317741,0.00011894237832166255,0.0005013351910747588
CTTAGACTAAACGA-1,2,IL7R+ memory/helper T cells,IL7R+ memory/helper T cells,True,True,0.918597936630249,0.15565249210686746,False,0.06819528341293335,0.0016025489894673228,0.00092555140145123,0.0020329465623944998,0.0045741256326437,0.0011451203608885407,0.918597936630249,0.0014321596827358007,0.0014942827401682734
CTTAGGGACTTGCC-1,2,IL7R+ memory/helper T cells,IL7R+ memory/helper T cells,True,True,0.9922601580619812,0.025406403159125342,False,0.002551459474489093,0.00022973364684730768,0.00014412081509362906,0.00029383128276094794,0.003735004458576441,0.00015689528663642704,0.9922601580619812,0.00021101799211464822,0.0004177793744020164
CTTAGGGAGAATCC-1,7,Naive/resting T cells,Activated/transitional T cells,True,False,0.992717981338501,0.025342286789672163,False,0.992717981338501,0.0004091820737812668,0.00022651554900221527,0.0005401682574301958,0.0020030660089105368,0.0002901836996898055,0.0011469301534816623,0.00027920855791307986,0.002386762062087655
CTTATCGACTCATT-1,7,Naive/resting T cells,Activated/transitional T cells,True,False,0.6719521284103394,0.3900748085491066,False,0.6719521284103394,0.00368084036745131,0.0020590282510966063,0.0044714342802762985,0.005714139901101589,0.0027036434039473534,0.27157163619995117,0.002406219718977809,0.035440944135189056
CTTCACCTACCTGA-1,4,CD16+ non-classical monocytes,CD16+ non-classical monocytes,True,True,0.9494403004646301,0.09885051043632787,False,0.0005025935242883861,0.0005980795831419528,0.9494403004646301,0.04745592176914215,0.00032954951166175306,0.00017180175927933306,0.0011040735989809036,0.0002141554286936298,0.0001835538714658469
CTTCATGAAGCATC-1,1,B cells,B cells,True,True,0.9989616870880127,0.004133958550080041,False,0.0008315237937495112,0.9989616870880127,1.9608722141128965e-05,3.5965258575743064e-05,3.913101681973785e-05,2.387249878665898e-05,4.088551577297039e-05,2.0068448066012934e-05,2.721809687500354e-05
CTTCATGAAGTACC-1,6,Activated/transitional T cells,Activated/transitional T cells,True,True,0.9924613833427429,0.02562618332159079,False,0.9924613833427429,0.00039279734482988715,0.00020605322788469493,0.000517723907250911,0.0007146559073589742,0.000882138148881495,0.003889326471835375,0.00026526532019488513,0.0006706615095026791
CTTCATGACCGAAT-1,6,Activated/transitional T cells,Cytotoxic CD8 T cells,True,False,0.4057173430919647,0.5266044022333164,True,0.37448832392692566,0.0015790823381394148,0.0009573362767696381,0.0037178664933890104,0.4057173430919647,0.00314648961648345,0.0039322348311543465,0.20239907503128052,0.004062237683683634
CTTGAACTACGCAT-1,7,Naive/resting T cells,Activated/transitional T cells,True,False,0.40040093660354614,0.666912699877962,True,0.40040093660354614,0.040630944073200226,0.005299778189510107,0.013762601651251316,0.04165615886449814,0.006087927613407373,0.27555757761001587,0.007322016172111034,0.20928208529949188
CTTGATTGAGGTTC-1,0,Cytotoxic CD8 T cells,Cytotoxic CD8 T cells,True,True,0.9885157346725464,0.03639995344687129,False,0.006038861349225044,0.0008704588981345296,0.0001733546087052673,0.00039401667891070247,0.9885157346725464,0.0002307145477971062,0.00164725910872221,0.001363067072816193,0.0007665585144422948
CTTGATTGATCTTC-1,3,Classical monocytes,Classical monocytes,True,True,0.9981564879417419,0.007203031751311289,False,0.0002612027747090906,5.65194059163332e-05,0.0011512921191751957,0.9981564879417419,0.00013305648462846875,3.345545337651856e-05,0.0001303819299209863,3.606718382798135e-05,4.152174369664863e-05
CTTGATTGCATTCT-1,2,IL7R+ memory/helper T cells,IL7R+ memory/helper T cells,True,True,0.9885192513465881,0.037434121515831406,False,0.005149237345904112,0.0009818470571190119,0.0006317846127785742,0.0008177229901775718,0.0017174783861264586,0.0004569532466121018,0.9885192513465881,0.00046897216816432774,0.0012566952500492334
CTTGATTGTTTCGT-1,2,IL7R+ memory/helper T cells,Activated/transitional T cells,True,False,0.9829344153404236,0.04640343121601499,False,0.9829344153404236,0.00035428215051069856,0.0002683777711354196,0.0004548142314888537,0.0005037134396843612,0.0009226516121998429,0.013427005149424076,0.00031757447868585587,0.0008172213565558195
CTTGTATGACACCA-1,1,B cells,B cells,True,True,0.9993636012077332,0.002838998297706006,False,0.00034522704663686454,0.9993636012077332,1.6613921616226435e-05,4.234942025505006e-05,0.00013012843555770814,2.4643022698001005e-05,3.722741894307546e-05,1.9747778424061835e-05,2.0490269889705814e-05
CTTGTATGCGCAAT-1,1,B cells,B cells,True,True,0.9975523352622986,0.009076778237824844,False,0.001727628754451871,0.9975523352622986,5.126689211465418e-05,0.00014083807764109224,0.00011793932208092883,6.159353506518528e-05,6.784664583392441e-05,5.9220594266662374e-05,0.00022131852165330201
CTTTACGAGCGAAG-1,7,Naive/resting T cells,Activated/transitional T cells,True,False,0.9945223331451416,0.019503028877164732,False,0.9945223331451416,0.0003707509022206068,0.0001834258291637525,0.00044135047937743366,0.0006105576758272946,0.00025399576406925917,0.002738595474511385,0.00023235940898302943,0.0006466630147770047
CTTTAGACCGTGAT-1,7,Naive/resting T cells,Naive/resting T cells,True,True,0.6524333953857422,0.32934799593212527,False,0.3349926769733429,0.0016460283659398556,0.0011792839504778385,0.0023203270975500345,0.0026852653827518225,0.001108307158574462,0.0025257510133087635,0.0011090049520134926,0.6524333953857422
CTTTAGACGAGACG-1,7,Naive/resting T cells,Activated/transitional T cells,True,False,0.954708456993103,0.10643865035092329,False,0.954708456993103,0.0015042348532006145,0.00036339304642751813,0.001034730696119368,0.0009242480737157166,0.00039699909393675625,0.025254415348172188,0.0003833173250313848,0.015430144965648651
CTTTAGACGATACC-1,7,Naive/resting T cells,Activated/transitional T cells,True,False,0.9254241585731506,0.1487392246921481,False,0.9254241585731506,0.0005536158569157124,0.0003527833614498377,0.0007131080492399633,0.02014692686498165,0.00041963637340813875,0.051173482090234756,0.0003830683708656579,0.0008331887074746192
CTTTAGACGTTGGT-1,0,Cytotoxic CD8 T cells,Cytotoxic CD8 T cells,True,True,0.9889259934425354,0.03460148234724346,False,0.005439933389425278,0.00028173380997031927,0.00017963389109354466,0.00034336099633947015,0.9889259934425354,0.00018969755910802633,0.0033049562480300665,0.0003077868022955954,0.0010268933838233352
CTTTAGACTCATTC-1,0,Cytotoxic CD8 T cells,Cytotoxic CD8 T cells,True,True,0.9929476976394653,0.023184371842398927,False,0.0021118889562785625,0.00010361439490225166,5.998594133416191e-05,0.00011568184709176421,0.9929476976394653,6.552275590365753e-05,0.0005580727593041956,0.0003778747923206538,0.0036596707068383694
CTTTAGTGACGGGA-1,5,NK cells,NK cells,True,True,0.996663510799408,0.012178523833974308,False,0.0003392356156837195,0.00011630581866484135,0.00010442591883474961,0.00013096521433908492,0.0021048136986792088,7.372521213255823e-05,0.00033288332633674145,0.996663510799408,0.00013411688269115984
CTTTAGTGGGTGGA-1,7,Naive/resting T cells,Activated/transitional T cells,True,False,0.9927123785018921,0.02572061300149729,False,0.9927123785018921,0.0005748734693042934,0.00031712790951132774,0.0007147337310016155,0.0007809306844137609,0.00043936693691648543,0.001618633745238185,0.0004154874768573791,0.0024265479296445847
CTTTCAGAGAAACA-1,2,IL7R+ memory/helper T cells,Activated/transitional T cells,True,False,0.6734965443611145,0.40011457866178374,False,0.6734965443611145,0.022446628659963608,0.00364765920676291,0.007074248045682907,0.018840551376342773,0.001999121392145753,0.26698240637779236,0.002198616275563836,0.0033142659813165665
CTTTGATGAGCACT-1,6,Activated/transitional T cells,Activated/transitional T cells,True,True,0.695284366607666,0.32441014905120497,False,0.695284366607666,0.0017206333577632904,0.0008693375275470316,0.0026006237603724003,0.006182683166116476,0.0010291911894455552,0.28692418336868286,0.001041040406562388,0.004347892012447119
CTTTGATGTCTAGG-1,0,Cytotoxic CD8 T cells,Cytotoxic CD8 T cells,True,True,0.9813265204429626,0.05186642087959478,False,0.01177950669080019,0.000258106563705951,0.0001431303535355255,0.0004265107272658497,0.9813265204429626,0.00017619594291318208,0.0038773349951952696,0.0016874256543815136,0.00032521047978661954
CTTTGATGTGTCCC-1,2,IL7R+ memory/helper T cells,IL7R+ memory/helper T cells,True,True,0.9580826759338379,0.08867577052212847,False,0.0377628356218338,0.00044417838216759264,0.0002362343220738694,0.0005216367426328361,0.0013529639691114426,0.0003094953135587275,0.9580826759338379,0.0003197109908796847,0.0009703033720143139
CTTTGATGTGTGGT-1,7,Naive/resting T cells,Activated/transitional T cells,True,False,0.9391170144081116,0.12784567825855248,False,0.9391170144081116,0.0051000770181417465,0.0006656510522589087,0.0011885709827765822,0.002099724020808935,0.001386028015986085,0.04854559153318405,0.0008183018653653562,0.001079091802239418
GAAACAGAACTACG-1,2,IL7R+ memory/helper T cells,Activated/transitional T cells,True,False,0.5511646270751953,0.5458184219306832,False,0.5511646270751953,0.014368160627782345,0.0031003616750240326,0.006488868035376072,0.0429832823574543,0.0037278621457517147,0.27763569355010986,0.003917197231203318,0.09661391377449036
GAAACAGAATCACG-1,2,IL7R+ memory/helper T cells,Activated/transitional T cells,True,False,0.8604555726051331,0.21364664801153335,False,0.8604555726051331,0.003513153176754713,0.0009036827832460403,0.0016382505418732762,0.0018961748573929071,0.0010309629142284393,0.12699230015277863,0.0011666285572573543,0.002403316320851445
GAAACAGACATTCT-1,2,IL7R+ memory/helper T cells,Activated/transitional T cells,True,False,0.994032084941864,0.021184418356339663,False,0.994032084941864,0.00039984527393244207,0.000215815773117356,0.000612639298196882,0.0005286682862788439,0.00027431370108388364,0.002725622383877635,0.0002738944021984935,0.000937107892241329
GAAACCTGATCGTG-1,7,Naive/resting T cells,Activated/transitional T cells,True,False,0.9915061593055725,0.02940065811634752,False,0.9915061593055725,0.000611861003562808,0.0003693453036248684,0.0010594683699309826,0.0016624812269583344,0.0004282433947082609,0.002883931389078498,0.0005508001777343452,0.000927687855437398
GAAACCTGATGCCA-1,2,IL7R+ memory/helper T cells,IL7R+ memory/helper T cells,True,True,0.9695169925689697,0.076938341539808,False,0.019599242135882378,0.0005341721116565168,0.0003898960421793163,0.000900414539501071,0.007435465231537819,0.0003717057406902313,0.9695169925689697,0.0004532216989900917,0.0007989499717950821
GAAACCTGCTTATC-1,2,IL7R+ memory/helper T cells,IL7R+ memory/helper T cells,True,True,0.7325711846351624,0.2898695884995637,False,0.258389949798584,0.0011235761921852827,0.0007448855903930962,0.0013768739299848676,0.002681534504517913,0.0007708290359005332,0.7325711846351624,0.0010507130064070225,0.0012904457980766892
GAAACCTGGACTAC-1,4,CD16+ non-classical monocytes,CD16+ non-classical monocytes,True,True,0.9972442388534546,0.010789120292551161,False,0.00023047925787977874,0.00015810332843102515,0.9972442388534546,0.0012129604583606124,0.0002060660335700959,8.85954505065456e-05,0.0004692680959124118,0.00014937635569367558,0.0002409367443760857
GAAACCTGTGCTAG-1,2,IL7R+ memory/helper T cells,Activated/transitional T cells,True,False,0.7207481861114502,0.41432158610919434,False,0.7207481861114502,0.010276264511048794,0.010703769512474537,0.012151205912232399,0.015823770314455032,0.008373799733817577,0.20008166134357452,0.007458469830453396,0.014382843859493732
GAAAGATGATTTCC-1,2,IL7R+ memory/helper T cells,IL7R+ memory/helper T cells,True,True,0.9307399988174438,0.15617768383991723,False,0.034659795463085175,0.0021136088762432337,0.0011284664506092668,0.002617296762764454,0.02248133160173893,0.0014231393579393625,0.9307399988174438,0.00172386784106493,0.0031124772503972054
GAAAGATGCTGATG-1,4,CD16+ non-classical monocytes,CD16+ non-classical monocytes,True,True,0.9972756505012512,0.01079634320230991,False,0.00025494754663668573,0.00039790637674741447,0.9972756505012512,0.0007890434935688972,0.00018148586968891323,9.435461834073067e-05,0.0007413317798636854,0.00016988706192933023,9.545328066451475e-05
GAAAGATGCTTCGC-1,3,Classical monocytes,Classical monocytes,True,True,0.998469889163971,0.006412169260715212,False,0.0003099187451880425,0.000253008387517184,0.0005817292258143425,0.998469889163971,7.425745570799336e-05,4.552029349724762e-05,0.00012355174112599343,5.6072036386467516e-05,8.602653542766348e-05
GAAAGATGTAAGGA-1,6,Activated/transitional T cells,Cytotoxic CD8 T cells,True,False,0.670805811882019,0.49269340139529705,False,0.13566268980503082,0.0065027265809476376,0.0035528186708688736,0.023697009310126305,0.670805811882019,0.00493225920945406,0.12589627504348755,0.004564523231238127,0.024385832250118256
GAAAGCCTACGTTG-1,1,B cells,B cells,True,True,0.9987537860870361,0.004986750410453936,False,0.000902153376955539,0.9987537860870361,2.7123021936859004e-05,5.3704658057540655e-05,5.708566459361464e-05,3.407193798921071e-05,8.635236736154184e-05,2.8510172342066653e-05,5.721821798942983e-05
GAAAGTGAAAGTGA-1,3,Classical monocytes,Classical monocytes,True,True,0.995212197303772,0.01798204737847866,False,0.0006161226774565876,0.0011981858406215906,0.0007388601661659777,0.995212197303772,0.0003401397552806884,0.0002967609034385532,0.0010698436526581645,0.0002875301579479128,0.00024033233057707548
GAAAGTGACCACAA-1,3,Classical monocytes,Classical monocytes,True,True,0.9987949132919312,0.0051766832052179135,False,0.00017401939840056002,0.0005104303709231317,0.00017386495892424136,0.9987949132919312,4.8273184802383184e-05,4.135550625505857e-05,0.000106492341728881,4.598653322318569e-05,0.0001045918688760139
GAAAGTGACTCAAG-1,2,IL7R+ memory/helper T cells,Activated/transitional T cells,True,False,0.49683648347854614,0.36896307293907177,True,0.49683648347854614,0.0026366799138486385,0.0013042849022895098,0.002886455971747637,0.0051912227645516396,0.0015203164657577872,0.48377516865730286,0.0015934216789901257,0.004255955573171377
GAAATACTACCAAC-1,3,Classical monocytes,Classical monocytes,True,True,0.9972856044769287,0.009977201364971357,False,0.001883161487057805,7.969546277308837e-05,0.00021153285342734307,0.9972856044769287,0.00010401883628219366,5.2386021707206964e-05,9.54364804783836e-05,6.210833817021921e-05,0.00022605426784139127
GAAATACTCTTAGG-1,1,B cells,B cells,True,True,0.9994029998779297,0.0027049504215295264,False,0.0003288195002824068,0.9994029998779297,2.0621071598725393e-05,4.4004958908772096e-05,4.745848127640784e-05,2.7178519303561188e-05,6.387278699548915e-05,2.4769060473772697e-05,4.028763578389771e-05
GAAATACTTCCTCG-1,2,IL7R+ memory/helper T cells,IL7R+ memory/helper T cells,True,True,0.9703947901725769,0.08509643167900668,False,0.010208099149167538,0.0042286887764930725,0.0013487142277881503,0.002735513960942626,0.006221849005669355,0.0015712406020611525,0.9703947901725769,0.0016280246200039983,0.001663087634369731
GAACACACGTGCAT-1,3,Classical monocytes,Classical monocytes,True,True,0.9987409710884094,0.005450649395139536,False,9.562443301547319e-05,0.00015484902542084455,0.0004149222804699093,0.9987409710884094,6.935296551091596e-05,0.00021136851864866912,0.00021178174938540906,4.078571146237664e-05,6.040045991539955e-05
GAACACACTGCCTC-1,7,Naive/resting T cells,Activated/transitional T cells,True,False,0.9886200428009033,0.03737497615265144,False,0.9886200428009033,0.0006355230580084026,0.0004822028276976198,0.0012094505364075303,0.0011946118902415037,0.0004331572272349149,0.0036726221442222595,0.00044991556205786765,0.003302533645182848
GAACAGCTAACTGC-1,4,CD16+ non-classical monocytes,Classical monocytes,True,False,0.9792833924293518,0.056049983290659904,False,0.000665935454890132,0.002227074932307005,0.014822774566709995,0.9792833924293518,0.0005412267055362463,0.0003437702835071832,0.0013452906860038638,0.00044616873492486775,0.0003243836108595133
GAACAGCTCTCAGA-1,4,CD16+ non-classical monocytes,CD16+ non-classical monocytes,True,True,0.9985392093658447,0.006225789624314658,False,0.00014018816000316292,0.0002074765070574358,0.9985392093658447,0.0003637251502368599,0.00010613894846756011,5.596629489446059e-05,0.0004298754793126136,9.446444164495915e-05,6.29577916697599e-05
GAACCAACCACAAC-1,6,Activated/transitional T cells,Cytotoxic CD8 T cells,True,False,0.8429733514785767,0.24042576714103137,False,0.1357719451189041,0.0010508178966119885,0.0006222868687473238,0.0016335844993591309,0.8429733514785767,0.0006698159268125892,0.0016203494742512703,0.006150531582534313,0.009507297538220882
GAACCAACTTCCGC-1,5,NK cells,NK cells,True,True,0.9722715020179749,0.07409713097960142,False,0.0025448212400078773,0.0007561056409031153,0.0008197522256523371,0.0014671881217509508,0.01786356046795845,0.0009468990610912442,0.0024314553011208773,0.9722715020179749,0.0008987389737740159
GAACCTGAACGTGT-1,2,IL7R+ memory/helper T cells,Cytotoxic CD8 T cells,True,False,0.9427970051765442,0.11205890740111255,False,0.004211395513266325,0.0005423310794867575,0.00022891761909704655,0.0004557390057016164,0.9427970051765442,0.0002341804647585377,0.05099088326096535,0.00028960316558368504,0.0002499303373042494
GAACCTGAGAGACG-1,2,IL7R+ memory/helper T cells,Activated/transitional T cells,True,False,0.899194598197937,0.22753929214516452,False,0.899194598197937,0.00630992092192173,0.0040273359045386314,0.01008123904466629,0.021031003445386887,0.004328919108957052,0.04141860455274582,0.0046864282339811325,0.008921952918171883
GAACCTGATGAACC-1,2,IL7R+ memory/helper T cells,Activated/transitional T cells,True,False,0.863373875617981,0.23889765406615618,False,0.863373875617981,0.002339750062674284,0.001414929865859449,0.0028975054156035185,0.01881285198032856,0.001627658260986209,0.10238391160964966,0.0016226243460550904,0.005526930559426546
GAACGGGATACTTC-1,7,Naive/resting T cells,Activated/transitional T cells,True,False,0.9901158213615417,0.03274977795670801,False,0.9901158213615417,0.00048047906602732837,0.00026037608040496707,0.0005249924142844975,0.0023495028726756573,0.0003025145852006972,0.002683221595361829,0.00029916816856712103,0.00298390188254416
GAACTGTGACCTGA-1,4,CD16+ non-classical monocytes,CD16+ non-classical monocytes,True,True,0.9908983111381531,0.027228082732698018,False,0.0003582172212190926,0.00021682250371668488,0.9908983111381531,0.007257933262735605,0.0002221203758381307,0.00014030108286533505,0.0005193477845750749,0.00022659053502138704,0.00016043789219111204
GAACTGTGCCAGTA-1,3,Classical monocytes,Classical monocytes,True,True,0.9913234710693359,0.02632576496687246,False,0.0006280018715187907,0.0002548614575061947,0.006702395621687174,0.9913234710693359,0.0001486810651840642,0.00013645042781718075,0.0005696968291886151,0.00011458893277449533,0.00012179979967186227
GAAGAATGCAATCG-1,7,Naive/resting T cells,Activated/transitional T cells,True,False,0.9909137487411499,0.030383288059850688,False,0.9909137487411499,0.0005648064543493092,0.0003881350567098707,0.0008963448344729841,0.0010947352275252342,0.00036972991074435413,0.004369113128632307,0.0003699628869071603,0.0010334610706195235
GAAGCGGACCTATT-1,3,Classical monocytes,Classical monocytes,True,True,0.9983502626419067,0.006761421754017486,False,9.99321709969081e-05,0.0003030509687960148,0.0007662997231818736,0.9983502626419067,6.699486402794719e-05,4.8912883357843384e-05,0.00024046600447036326,6.895349361002445e-05,5.518215766642243e-05
GAAGCTACGAATGA-1,3,Classical monocytes,Classical monocytes,True,True,0.9984999895095825,0.006036524029408316,False,9.752310143085197e-05,0.0001387531083310023,0.0009480638545937836,0.9984999895095825,5.279739707475528e-05,3.827526234090328e-05,0.00010739077697508037,5.248578600003384e-05,6.468934589065611e-05
GAAGCTACGGTTTG-1,2,IL7R+ memory/helper T cells,IL7R+ memory/helper T cells,True,True,0.9567252397537231,0.09766763851179645,False,0.008281550370156765,0.000590657233260572,0.00037419956061057746,0.0006906210328452289,0.032060470432043076,0.00039381993701681495,0.9567252397537231,0.00042197719449177384,0.00046152074355632067
GAAGGGTGAAAGTG-1,2,IL7R+ memory/helper T cells,IL7R+ memory/helper T cells,True,True,0.8946821689605713,0.18239013598602324,False,0.09228381514549255,0.0018680753419175744,0.001154957222752273,0.0022571810986846685,0.0026391397695988417,0.0013537424383684993,0.8946821689605713,0.0012235293397679925,0.0025374332908540964
GAAGGGTGCTTAGG-1,3,Classical monocytes,Classical monocytes,True,True,0.9995031356811523,0.0023524981822865263,False,0.00014840095536783338,2.6112014893442392e-05,0.00013734126696363091,0.9995031356811523,3.630310675362125e-05,2.053194293694105e-05,7.313022797461599e-05,2.356200093345251e-05,3.152685530949384e-05
GAAGGTCTGAAAGT-1,2,IL7R+ memory/helper T cells,IL7R+ memory/helper T cells,True,True,0.9848227500915527,0.044803170807199255,False,0.009610624983906746,0.0006411692011170089,0.00039819092489778996,0.0008049402385950089,0.0020244389306753874,0.00044509719009511173,0.9848227500915527,0.00043960026232525706,0.000813150021713227
GAAGGTCTGTTGCA-1,7,Naive/resting T cells,Activated/transitional T cells,True,False,0.9917062520980835,0.027298424974039528,False,0.9917062520980835,0.0003487737267278135,0.00015109733794815838,0.00038783581112511456,0.004183563403785229,0.00019588854047469795,0.0021021736320108175,0.00028033097623847425,0.0006440953584387898
GAAGGTCTTAAAGG-1,3,Classical monocytes,Classical monocytes,True,True,0.9917380213737488,0.028523074701240603,False,0.001142806140705943,0.0019480404444038868,0.0019622379913926125,0.9917380213737488,0.00034078233875334263,0.00030976312700659037,0.0019527230178937316,0.0003071474202442914,0.00029846015968360007
GAAGTAGACTCCCA-1,0,Cytotoxic CD8 T cells,Cytotoxic CD8 T cells,True,True,0.9929962754249573,0.024089340982974213,False,0.00238595949485898,0.00016374986444134265,9.369517647428438e-05,0.0002517572429496795,0.9929962754249573,0.0001016053938656114,0.0010881193447858095,0.0020631959196180105,0.0008557129767723382
GAAGTAGATCCAAG-1,4,CD16+ non-classical monocytes,CD16+ non-classical monocytes,True,True,0.9982445240020752,0.0073873146765606355,False,0.00035740272141993046,0.00028373999521136284,0.9982445240020752,0.0004203056450933218,0.00014198037388268858,6.230361032066867e-05,0.000294673431199044,0.00011253154661972076,8.252927364083007e-05
GAAGTCACCCTCGT-1,3,Classical monocytes,Classical monocytes,True,True,0.9989657402038574,0.004570388316888368,False,0.0001568586885696277,0.00023139647964853793,0.0003161026688758284,0.9989657402038574,6.808891339460388e-05,3.940748138120398e-05,0.00011737601016648114,4.831433034269139e-05,5.668511221301742e-05
GAAGTCACCCTGTC-1,1,B cells,B cells,True,True,0.9982115030288696,0.006865578753279631,False,0.0012983818305656314,0.9982115030288696,3.724011548911221e-05,7.649297185707837e-05,0.0001017524627968669,5.4772477596998215e-05,8.839775546221063e-05,6.018099156790413e-05,7.130637095542625e-05
GAAGTCTGTCGCAA-1,1,B cells,B cells,True,True,0.9989827275276184,0.004313823613858674,False,0.0005963972071185708,0.9989827275276184,2.5993746021413244e-05,5.64521542401053e-05,9.855209646048024e-05,3.794075746554881e-05,0.00011287938832538202,2.8110445782658644e-05,6.089879752835259e-05
GAAGTCTGTTCTGT-1,7,Naive/resting T cells,Activated/transitional T cells,True,False,0.9944257736206055,0.020382773081700462,False,0.9944257736206055,0.00033218154567293823,0.00023269873054232448,0.0010486599057912827,0.0015105210477486253,0.00022931884450372308,0.001174973207525909,0.00026140030240640044,0.0007844020728953183
GAAGTGCTAAACGA-1,5,NK cells,NK cells,True,True,0.9972932934761047,0.010711601290356624,False,0.0008014924242161214,0.0001295498659601435,0.00012111093383282423,0.00016641260299365968,0.0006718658260069788,9.42717379075475e-05,0.0005336927133612335,0.9972932934761047,0.000188298465218395
GAAGTGCTCCGCTT-1,3,Classical monocytes,Classical monocytes,True,True,0.9993985891342163,0.0028084544254731595,False,5.56110026082024e-05,0.00011038894444936886,0.00012706682900898159,0.9993985891342163,4.286152761778794e-05,2.528138065827079e-05,0.0001792608090909198,3.0502904337481596e-05,3.0461218557320535e-05
GAAGTGCTTAACCG-1,2,IL7R+ memory/helper T cells,Activated/transitional T cells,True,False,0.535097599029541,0.42677286670152637,False,0.535097599029541,0.004170691594481468,0.003432376543059945,0.005567990243434906,0.022728288546204567,0.002900931518524885,0.4130145013332367,0.002930302172899246,0.010157361626625061
GAATGCACCCTAAG-1,2,IL7R+ memory/helper T cells,IL7R+ memory/helper T cells,True,True,0.9040217995643616,0.1785054178649261,False,0.07794953882694244,0.002526972908526659,0.00084946199785918,0.0017666207859292626,0.007888112217187881,0.0010020015761256218,0.9040217995643616,0.001412892248481512,0.0025825833436101675
GAATGCACCTTCGC-1,5,NK cells,NK cells,True,True,0.9848052859306335,0.04500368372813089,False,0.0014370138524100184,0.002857694635167718,0.00031006967765279114,0.0005768486298620701,0.008869055658578873,0.0002153883979190141,0.0004918556078337133,0.9848052859306335,0.0004368127847556025
GAATGCTGCGGTAT-1,7,Naive/resting T cells,Activated/transitional T cells,True,False,0.9953374862670898,0.017149716515423956,False,0.9953374862670898,0.00029601017013192177,0.00015690426516812295,0.00036215735599398613,0.0007721382426097989,0.0002030776668107137,0.0019404973136261106,0.00021351437317207456,0.0007181330001913011
GAATTAACGATAAG-1,7,Naive/resting T cells,Activated/transitional T cells,True,False,0.8183154463768005,0.289517699299955,False,0.8183154463768005,0.004209758248180151,0.002878285478800535,0.0051606642082333565,0.005992418620735407,0.0032149399630725384,0.014217735268175602,0.002963603474199772,0.14304712414741516
GAATTAACGGTCAT-1,2,IL7R+ memory/helper T cells,Activated/transitional T cells,True,False,0.9393986463546753,0.12208001378990559,False,0.9393986463546753,0.0010704235173761845,0.000624960521236062,0.0012971428222954273,0.0018508423818275332,0.0007301172590814531,0.05227963253855705,0.000687170191667974,0.002061092760413885
GAATTAACGTCGTA-1,5,NK cells,NK cells,True,True,0.9279991984367371,0.1677401560284142,False,0.02107156068086624,0.005169143434613943,0.0010668433969840407,0.003142368281260133,0.0315779484808445,0.0017861458472907543,0.004916698206216097,0.9279991984367371,0.0032701336313039064
GAATTAACTGAAGA-1,1,B cells,B cells,True,True,0.9992503523826599,0.003339857676931765,False,0.0002579693391453475,0.9992503523826599,2.4574943381594494e-05,4.3557614844758064e-05,4.3101295887026936e-05,3.3454700314905494e-05,0.0002772459702100605,2.1688510969397612e-05,4.8029258323367685e-05
GACAACACAGGCGA-1,7,Naive/resting T cells,Naive/resting T cells,True,True,0.8438078761100769,0.22397487242352904,False,0.14559228718280792,0.001582131371833384,0.000927262706682086,0.001842239173129201,0.0023580873385071754,0.001065497170202434,0.001792790601029992,0.0010318602435290813,0.8438078761100769
GACAACACATCGTG-1,7,Naive/resting T cells,Activated/transitional T cells,True,False,0.9236993789672852,0.15364031959589391,False,0.9236993789672852,0.0014250852400436997,0.0011507727904245257,0.0017302795313298702,0.0034031590912491083,0.0009719521622173488,0.05951748415827751,0.0010441381018608809,0.007057799957692623
GACAACACTCGCCT-1,7,Naive/resting T cells,Activated/transitional T cells,True,False,0.7845929861068726,0.28403174725490066,False,0.7845929861068726,0.0021110970992594957,0.0020443627145141363,0.0035812868736684322,0.19553552567958832,0.0014889347366988659,0.005558373406529427,0.0019246109295636415,0.003162834094837308
GACAACTGAGGTTC-1,2,IL7R+ memory/helper T cells,Activated/transitional T cells,True,False,0.9601097106933594,0.09988498317966332,False,0.9601097106933594,0.00100273999851197,0.0008004130213521421,0.0013124600518494844,0.014616026543080807,0.0007006218074820936,0.01874551922082901,0.0007683836738578975,0.0019440996693447232
GACAGGGAAGAGTA-1,1,B cells,B cells,True,True,0.9994402527809143,0.0025800739570546413,False,0.0002582152665127069,0.9994402527809143,1.788080408005044e-05,3.62058162863832e-05,0.00010487466352060437,2.6511410396778956e-05,5.506740853888914e-05,1.9698130927281454e-05,4.126624116906896e-05
GACAGGGAATGCCA-1,2,IL7R+ memory/helper T cells,Activated/transitional T cells,True,False,0.47774776816368103,0.588212354668633,True,0.47774776816368103,0.006234762258827686,0.0034824591130018234,0.007395526394248009,0.14028245210647583,0.02400086633861065,0.3086134195327759,0.00463320454582572,0.027609551325440407
GACAGTACGAGCTT-1,4,CD16+ non-classical monocytes,CD16+ non-classical monocytes,True,True,0.9976798892021179,0.009232541525219889,False,0.00017917777586262673,0.0006406641914509237,0.9976798892021179,0.0007941970252431929,0.0001061410948750563,5.891764158150181e-05,0.00038828502874821424,7.594421913381666e-05,7.682872819714248e-05
GACAGTACTTCGGA-1,4,CD16+ non-classical monocytes,CD16+ non-classical monocytes,True,True,0.9976182579994202,0.009594627760048508,False,0.00020167359616607428,0.00012927732313983142,0.9976182579994202,0.0008494473295286298,0.00024762668181210756,9.017268166644499e-05,0.0005034450441598892,0.00016430900723207742,0.00019579692161642015
GACAGTTGAGTAGA-1,1,B cells,B cells,True,True,0.9995697140693665,0.0020664619163330293,False,0.0001415103761246428,0.9995697140693665,1.910014725581277e-05,4.6556971938116476e-05,3.2806256058393046e-05,2.4096312699839473e-05,0.00010978417412843555,1.942829658219125e-05,3.699261287692934e-05
GACATTCTCCACCT-1,3,Classical monocytes,Classical monocytes,True,True,0.9955678582191467,0.016871916335552586,False,0.00041765454807318747,0.0008662433247081935,0.0009751946781761944,0.9955678582191467,0.0003473646938800812,0.000259745167568326,0.0008930916665121913,0.00023321673506870866,0.0004396552685648203
GACCAAACGACTAC-1,3,Classical monocytes,Classical monocytes,True,True,0.9989702701568604,0.0044678970794339,False,0.0001513664028607309,5.3284704335965216e-05,0.0004630594630725682,0.9989702701568604,5.6153123296098784e-05,0.00016847600636538118,6.936022691661492e-05,4.003266803920269e-05,2.8033848138875328e-05
GACCAAACGTATCG-1,3,Classical monocytes,Classical monocytes,True,True,0.9976522326469421,0.009199565645581123,False,0.00036880915286019444,0.0001608851016499102,0.0004031009739264846,0.9976522326469421,0.0011157429544255137,5.106692333356477e-05,0.00013811298413202167,5.696302105206996e-05,5.3134885092731565e-05
GACCCTACTAAAGG-1,1,B cells,B cells,True,True,0.9992644190788269,0.0032401971796735254,False,0.0004258482367731631,0.9992644190788269,2.259161374240648e-05,6.20265636825934e-05,4.966617780155502e-05,3.175281381118111e-05,7.538664067396894e-05,2.48206688411301e-05,4.345296838437207e-05
GACCTAGACCTCAC-1,6,Activated/transitional T cells,Cytotoxic CD8 T cells,True,False,0.6820940971374512,0.38300235653118636,False,0.24752390384674072,0.002118731150403619,0.0009525979403406382,0.003830194706097245,0.6820940971374512,0.001111115561798215,0.059561837464571,0.0012476046103984118,0.0015599059406667948
GACCTAGACGAGAG-1,2,IL7R+ memory/helper T cells,Activated/transitional T cells,True,False,0.6933432221412659,0.35269656604784255,False,0.6933432221412659,0.0027378315571695566,0.0014787224354222417,0.0033400359097868204,0.018304985016584396,0.0019775794353336096,0.2723962664604187,0.002004040637984872,0.004417285788804293
GACCTCACAAGGTA-1,7,Naive/resting T cells,Activated/transitional T cells,True,False,0.9852749109268188,0.045781875757295545,False,0.9852749109268188,0.000862081185914576,0.0005306070670485497,0.0010410442482680082,0.001810540328733623,0.0005961094866506755,0.0072796158492565155,0.0007334146648645401,0.001871700631454587
GACCTCACGTACGT-1,3,Classical monocytes,Classical monocytes,True,True,0.998365581035614,0.006505786235206415,False,0.00014954502694308758,7.010137051111087e-05,0.0010248294565826654,0.998365581035614,5.331759894033894e-05,3.789132824749686e-05,0.00017603057494852692,4.975513365934603e-05,7.291398651432246e-05
GACCTCTGCATCAG-1,7,Naive/resting T cells,Activated/transitional T cells,True,False,0.9961130619049072,0.01456480037493691,False,0.9961130619049072,0.00023664010223001242,0.00014927210577297956,0.0002865771239157766,0.0002986984036397189,0.0001593348424648866,0.0009882287122309208,0.0002039844694081694,0.0015641769859939814
GACGAACTCCCACT-1,7,Naive/resting T cells,Activated/transitional T cells,True,False,0.9870115518569946,0.03549135323298273,False,0.9870115518569946,0.0002152342931367457,0.00012240662181284279,0.0003399872803129256,0.00033594330307096243,0.00014492183981928974,0.011140229180455208,0.0001450132258469239,0.0005447341245599091
GACGATTGCCAATG-1,1,B cells,B cells,True,True,0.9875368475914001,0.03667447064523475,False,0.009005247615277767,0.9875368475914001,0.00024197963648475707,0.0011875142809003592,0.00044242796138860285,0.0003238412900827825,0.0005440280656330287,0.00024639483308419585,0.0004717683477792889
GACGCCGACCTTCG-1,2,IL7R+ memory/helper T cells,IL7R+ memory/helper T cells,True,True,0.56224125623703,0.6200362355920378,False,0.1825605183839798,0.02633480355143547,0.009145662188529968,0.024130817502737045,0.13644243776798248,0.02168680913746357,0.56224125623703,0.009930599480867386,0.027527078986167908
GACGCTCTCTCTCG-1,8,Platelets,Cytotoxic CD8 T cells,False,False,0.3223435878753662,0.7217798570356634,True,0.1822175681591034,0.010069001466035843,0.015552002936601639,0.26138389110565186,0.3223435878753662,0.009081901051104069,0.015835903584957123,0.006923960987478495,0.176592156291008
GACGGCACACGGGA-1,5,NK cells,NK cells,True,True,0.9953598380088806,0.016915320601583517,False,0.0010835096472874284,0.00022088875994086266,0.00018276240734849125,0.00023009137657936662,0.0018760706298053265,0.000133410474518314,0.0007570907473564148,0.9953598380088806,0.00015631006681360304
GACGGCACGAGATA-1,3,Classical monocytes,Classical monocytes,True,True,0.998796820640564,0.005228464969012082,False,0.00014128597103990614,0.00017156214744318277,0.00032780124456621706,0.998796820640564,8.362148946616799e-05,5.2495935960905626e-05,0.00032499077497050166,5.2941784815629944e-05,4.848713433602825e-05
GACGTAACCTATGG-1,2,IL7R+ memory/helper T cells,Activated/transitional T cells,True,False,0.9108017683029175,0.16215815787307936,False,0.9108017683029175,0.0026195826940238476,0.0007676593959331512,0.0017576214158907533,0.001974759390577674,0.0010979027720168233,0.07774744927883148,0.001086865202523768,0.0021464142482727766
GACGTAACCTGTGA-1,2,IL7R+ memory/helper T cells,IL7R+ memory/helper T cells,True,True,0.5766320824623108,0.46677745094901013,False,0.283885657787323,0.006239310372620821,0.0013713209191337228,0.0024989000521600246,0.12343669682741165,0.0015085847117006779,0.5766320824623108,0.001738714287057519,0.0026887531857937574
GACGTAACTATGGC-1,2,IL7R+ memory/helper T cells,IL7R+ memory/helper T cells,True,True,0.9892984628677368,0.03274483616676028,False,0.007453432772308588,0.00042861996917054057,0.000500180060043931,0.0005972488434053957,0.0007185437716543674,0.00031172391027212143,0.9892984628677368,0.0003276066854596138,0.00036415658541955054
GACGTATGTTGACG-1,7,Naive/resting T cells,Activated/transitional T cells,True,False,0.9624637365341187,0.08959456205136918,False,0.9624637365341187,0.0032487751450389624,0.0006410237983800471,0.0012243975652381778,0.0015326382126659155,0.0006915306439623237,0.028452103957533836,0.0006913295364938676,0.0010544784599915147
GACGTATGTTTGCT-1,2,IL7R+ memory/helper T cells,Activated/transitional T cells,True,False,0.9687802195549011,0.08453825794972358,False,0.9687802195549011,0.001792829018086195,0.0011190759250894189,0.0021923191379755735,0.003930010367184877,0.0012526949867606163,0.01751679927110672,0.0012976890429854393,0.002118319272994995
GACGTCCTACGGAG-1,2,IL7R+ memory/helper T cells,IL7R+ memory/helper T cells,True,True,0.8615291118621826,0.24177319521891416,False,0.014804136008024216,0.00472791725769639,0.0009919520234689116,0.0017222088063135743,0.104047030210495,0.0010200858814641833,0.8615291118621826,0.0016547935083508492,0.009502766653895378
GACGTCCTCTCAAG-1,3,Classical monocytes,Classical monocytes,True,True,0.9989569187164307,0.0045829930412428005,False,0.00021926774934399873,0.00010602084512356669,0.00037429173244163394,0.9989569187164307,8.09232224128209e-05,3.784185173572041e-05,0.00012747519940603524,5.183834582567215e-05,4.538866051007062e-05
GACGTCCTGATAAG-1,1,B cells,B cells,True,True,0.9980002045631409,0.007876476484761296,False,0.0010980142978951335,0.9980002045631409,4.6146065869834274e-05,8.137946133501828e-05,9.891085210256279e-05,6.099849269958213e-05,0.0002620728046167642,4.4116277422290295e-05,0.00030819236417301
GACTACGATGGTCA-1,1,B cells,B cells,True,True,0.9982591271400452,0.006704067944034856,False,0.0012436159886419773,0.9982591271400452,3.279343945905566e-05,6.0339836636558175e-05,0.0001143945410149172,3.90692766814027e-05,0.00014763079525437206,3.244187610107474e-05,7.05456332070753e-05
GACTCCTGCTCGCT-1,7,Naive/resting T cells,Activated/transitional T cells,True,False,0.9944652915000916,0.01919296592434926,False,0.9944652915000916,0.00028246906003914773,0.0001610046747373417,0.0004028655821457505,0.0006679551443085074,0.0001655584928812459,0.0032717136200517416,0.0002488918253220618,0.0003343012067489326
GACTCCTGGGTTAC-1,7,Naive/resting T cells,Activated/transitional T cells,True,False,0.9911162853240967,0.03067815805021488,False,0.9911162853240967,0.0006772365304641426,0.0003552640264388174,0.0008336310274899006,0.0015966572100296617,0.000948522996623069,0.0029638786800205708,0.0004889185074716806,0.0010196070652455091
GACTCCTGTTATCC-1,2,IL7R+ memory/helper T cells,IL7R+ memory/helper T cells,True,True,0.7049096822738647,0.3660020168794601,False,0.03813372179865837,0.0029885878320783377,0.0010619864333420992,0.0022795498371124268,0.2415604293346405,0.00521233631297946,0.7049096822738647,0.0016090027056634426,0.0022446773946285248
GACTCCTGTTGGTG-1,3,Classical monocytes,Classical monocytes,True,True,0.99930739402771,0.003215805000103872,False,0.00013842261978425086,4.555513078230433e-05,7.542203093180433e-05,0.99930739402771,0.00016358289576601237,2.9407752663246356e-05,0.0001353206898784265,5.595452239504084e-05,4.8967671318678185e-05
GACTGAACCAATCG-1,3,Classical monocytes,Classical monocytes,True,True,0.9995627999305725,0.0021208390252190623,False,0.00010849405225599185,4.935954348184168e-05,6.745806604158133e-05,0.9995627999305725,3.684167313622311e-05,2.2213849661056884e-05,9.723090624902397e-05,2.503431460354477e-05,3.053518958040513e-05
GACTGATGTGATGC-1,7,Naive/resting T cells,Activated/transitional T cells,True,False,0.9947437047958374,0.019047704807331443,False,0.9947437047958374,0.0002865605929400772,0.00016514825983904302,0.0004600070824380964,0.0009404620504938066,0.00019659499230328947,0.0020365966483950615,0.0002052279160125181,0.0009657024638727307
GACTTTACATGCCA-1,7,Naive/resting T cells,Activated/transitional T cells,True,False,0.9900363683700562,0.033573759083065535,False,0.9900363683700562,0.0012050970690324903,0.0002893532218877226,0.0008034447091631591,0.0019804993644356728,0.0003390762722119689,0.00312395254150033,0.0003941201139241457,0.001828107750043273
GACTTTACGACAGG-1,1,B cells,B cells,True,True,0.9975696206092834,0.009224785760904705,False,0.001536782132461667,0.9975696206092834,4.340045779827051e-05,0.0001105873889173381,0.00010605803981889039,0.00012998035526834428,0.0002946062304545194,9.365857113152742e-05,0.00011525860463734716
GAGAAATGTTCTCA-1,1,B cells,B cells,True,True,0.98595130443573,0.0419743839956373,False,0.008001742884516716,0.98595130443573,0.00031857017893344164,0.0005305519443936646,0.0005339347408153117,0.0003479368460830301,0.0006049079238437116,0.0002961318241432309,0.003414936363697052
GAGATAGAAAAAGC-1,3,Classical monocytes,Classical monocytes,True,True,0.9972105622291565,0.010597619025391875,False,0.00019375947886146605,0.00035460139042697847,0.0015816729282960296,0.9972105622291565,0.00010142762039322406,0.00019287140457890928,0.00021358694357331842,7.780182204442099e-05,7.377123984042555e-05
GAGATCACGACAAA-1,4,CD16+ non-classical monocytes,CD16+ non-classical monocytes,True,True,0.9674983024597168,0.0712302945237617,False,0.00043919016025029123,0.0006399946287274361,0.9674983024597168,0.030042210593819618,0.00031320287962444127,0.0001347901561530307,0.0005429621669463813,0.00019129336578771472,0.0001980279921554029
GAGATGCTCTGGAT-1,0,Cytotoxic CD8 T cells,Cytotoxic CD8 T cells,True,True,0.9972981810569763,0.010397804933670254,False,0.0012594632571563125,9.319664968643337e-05,6.309080345090479e-05,0.00018183542124461383,0.9972981810569763,7.079351780703291e-05,0.0006543463096022606,0.00025880502653308213,0.00012030904326820746
GAGATGCTGAATGA-1,2,IL7R+ memory/helper T cells,IL7R+ memory/helper T cells,True,True,0.98215252161026,0.05230679715177775,False,0.010593225248157978,0.000846042821649462,0.0005430441233329475,0.0011337093310430646,0.0019391069654375315,0.0006023256573826075,0.98215252161026,0.0006406850880011916,0.001549328095279634
GAGCAGGATTCCCG-1,0,Cytotoxic CD8 T cells,Cytotoxic CD8 T cells,True,True,0.9951813817024231,0.017371452282343925,False,0.001894480432383716,0.00031242446857504547,7.806634675944224e-05,0.00022479088511317968,0.9951813817024231,0.00029723349143750966,0.0015125643694773316,0.0003469582588877529,0.00015211693244054914
GAGCATACTTTGCT-1,4,CD16+ non-classical monocytes,CD16+ non-classical monocytes,True,True,0.7849757671356201,0.24817413008897582,False,0.001583937439136207,0.0002089020563289523,0.7849757671356201,0.0008301831549033523,0.000386715866625309,0.00013675108493771404,0.21130655705928802,0.00025243713753297925,0.0003187342081218958
GAGCGCACGCGTAT-1,3,Classical monocytes,Classical monocytes,True,True,0.9996267557144165,0.0018335056609066875,False,0.00011714806169038638,3.1856947316555306e-05,6.595733430003747e-05,0.9996267557144165,3.0585058993892744e-05,1.8091985111823305e-05,5.184585461392999e-05,2.6219631763524376e-05,3.150490374537185e-05
GAGCGCACGGTGAG-1,6,Activated/transitional T cells,Cytotoxic CD8 T cells,True,False,0.9104928970336914,0.15147254691142314,False,0.0837569609284401,0.00055885617621243,0.0004084134998265654,0.000840066175442189,0.9104928970336914,0.00037629014695994556,0.002174491062760353,0.0006674849428236485,0.0007244903827086091
GAGCGCTGAAGATG-1,5,NK cells,NK cells,True,True,0.9875792860984802,0.03819267245838372,False,0.00347852217964828,0.0003272901230957359,0.0003786734596360475,0.00041508153663016856,0.0063772425055503845,0.00025763758458197117,0.0008756866445764899,0.9875792860984802,0.0003105800424236804
GAGCGCTGTCTTAC-1,3,Classical monocytes,Classical monocytes,True,True,0.9991676807403564,0.0036886358511363858,False,0.00036682066274806857,3.0124705517664552e-05,0.00016082092770375311,0.9991676807403564,9.980152390198782e-05,5.6658624089322984e-05,7.13923727744259e-05,2.5260838810936548e-05,2.14037445402937e-05
GAGCGGCTGGGAGT-1,1,B cells,B cells,True,True,0.9995405673980713,0.0021843855975404772,False,0.0001849885593401268,0.9995405673980713,1.6094991224235855e-05,3.184037996106781e-05,3.707301220856607e-05,3.277671567047946e-05,6.872866651974618e-05,1.932611303345766e-05,6.859724089736119e-05
GAGGACGACTCAGA-1,6,Activated/transitional T cells,Activated/transitional T cells,True,True,0.4781612157821655,0.4352798613728675,True,0.4781612157821655,0.002405927050858736,0.001207440858706832,0.0031436593271791935,0.45166122913360596,0.0017771951388567686,0.05656037479639053,0.001831722678616643,0.0032511872705072165
GAGGATCTGAAAGT-1,1,B cells,B cells,True,True,0.5842404365539551,0.5939136028350369,False,0.20942728221416473,0.5842404365539551,0.008927427232265472,0.057457856833934784,0.01797403208911419,0.011740876361727715,0.026584215462207794,0.009157071821391582,0.07449086010456085
GAGGCAGACTTGCC-1,0,Cytotoxic CD8 T cells,Cytotoxic CD8 T cells,True,True,0.9963251948356628,0.014088152857832346,False,0.0006025991169735789,0.00014766411914024502,0.00020467433205340058,0.00025898736203089356,0.9963251948356628,0.00011038056982215494,0.001030212501063943,0.0009385015000589192,0.0003818022378254682
GAGGGAACACCAGT-1,2,IL7R+ memory/helper T cells,IL7R+ memory/helper T cells,True,True,0.7728500962257385,0.3538212123707563,False,0.1610875129699707,0.006022048648446798,0.003755994141101837,0.00736600486561656,0.03177274391055107,0.003520660102367401,0.7728500962257385,0.003975854255259037,0.009649038314819336
GAGGGAACGAGGGT-1,2,IL7R+ memory/helper T cells,IL7R+ memory/helper T cells,True,True,0.937784731388092,0.15163389626957494,False,0.026722731068730354,0.0027230384293943644,0.0017401230288669467,0.004564142785966396,0.016271693632006645,0.002137994859367609,0.937784731388092,0.004869284573942423,0.0031862622126936913
GAGGGATGGGAAAT-1,2,IL7R+ memory/helper T cells,IL7R+ memory/helper T cells,True,True,0.5003073215484619,0.568589425568877,False,0.3536457419395447,0.012880484573543072,0.013685462065041065,0.023934388533234596,0.02931096963584423,0.007803086657077074,0.5003073215484619,0.008281399495899677,0.050151169300079346
GAGGGCCTTCACCC-1,2,IL7R+ memory/helper T cells,IL7R+ memory/helper T cells,True,True,0.986283540725708,0.04184201301612463,False,0.007164199370890856,0.0032921782694756985,0.0003212562878616154,0.0005504474393092096,0.0011617508716881275,0.0003050750237889588,0.986283540725708,0.00044153223279863596,0.0004799460293725133
GAGGGTGAAGAGTA-1,7,Naive/resting T cells,Activated/transitional T cells,True,False,0.9603632688522339,0.09661737464463063,False,0.9603632688522339,0.0009171766578219831,0.0005057967500761151,0.0016528950072824955,0.0060195159167051315,0.0006718391086906195,0.02655135467648506,0.0006469904910773039,0.002671127673238516
GAGGTACTACGGTT-1,7,Naive/resting T cells,Activated/transitional T cells,True,False,0.9888773560523987,0.03366944522781543,False,0.9888773560523987,0.00042291940189898014,0.00025250131147913635,0.0005521730054169893,0.0006607088726013899,0.00028476089937612414,0.0007383932243101299,0.00036066738539375365,0.007850577123463154
GAGGTACTACTCAG-1,3,Classical monocytes,Classical monocytes,True,True,0.9995218515396118,0.0022690997157853994,False,0.0002000761014642194,3.0176739528542385e-05,6.097287405282259e-05,0.9995218515396118,3.290180757176131e-05,2.623276122903917e-05,5.811401206301525e-05,3.0471279387711547e-05,3.921080133295618e-05
GAGGTACTGACACT-1,5,NK cells,NK cells,True,True,0.8654008507728577,0.2361347552103718,False,0.019825635477900505,0.0034648163709789515,0.0015718615613877773,0.0016966619295999408,0.1004345491528511,0.0011163363233208656,0.004035536665469408,0.8654008507728577,0.002453744178637862
GAGGTACTGGGAGT-1,6,Activated/transitional T cells,Activated/transitional T cells,True,True,0.677566647529602,0.3712504627321092,False,0.677566647529602,0.0037638351786881685,0.002435344038531184,0.0060722376219928265,0.005492206197232008,0.005735437385737896,0.2842361032962799,0.003086669836193323,0.011611493304371834
GAGGTACTTAGCGT-1,3,Classical monocytes,Classical monocytes,True,True,0.9987714886665344,0.005203614893040399,False,0.0001691901561571285,5.887656516279094e-05,0.0006174275767989457,0.9987714886665344,8.310435805469751e-05,3.779634789680131e-05,0.00012933224206790328,6.223902164492756e-05,7.048329280223697e-05
GAGGTGGAGTACGT-1,7,Naive/resting T cells,Activated/transitional T cells,True,False,0.997044026851654,0.011753339207651047,False,0.997044026851654,0.0007775586564093828,0.00012797865201719105,0.0002773338055703789,0.000565627939067781,0.00018361228285357356,0.0003754108911380172,0.00015594836440868676,0.0004924469394609332
GAGGTGGATCCTCG-1,5,NK cells,NK cells,True,True,0.9928073883056641,0.023121706073838,False,0.00045798890641890466,0.00031015335116535425,0.00022609952429775149,0.00020008950377814472,0.005121995694935322,0.00012291024904698133,0.0005166107439436018,0.9928073883056641,0.00023680388403590769
GAGGTTACTCGTTT-1,3,Classical monocytes,Classical monocytes,True,True,0.9923548698425293,0.023897662095701776,False,0.0004149383748881519,0.0001911809085868299,0.001208739005960524,0.9923548698425293,0.0001503590028733015,5.799736754852347e-05,0.005448923446238041,6.554793799296021e-05,0.00010741072765085846
GAGGTTTGTAAGCC-1,3,Classical monocytes,Classical monocytes,True,True,0.8296661376953125,0.2440593045404056,False,0.00975958164781332,0.0010760858422145247,0.15327025949954987,0.8296661376953125,0.0020008713472634554,0.000811382953543216,0.001371832680888474,0.0010290114441886544,0.001014884328469634
GAGTCAACCATTCT-1,6,Activated/transitional T cells,Activated/transitional T cells,True,True,0.9796969294548035,0.05791586199055105,False,0.9796969294548035,0.0007206247537396848,0.0003977509040851146,0.000844871683511883,0.001436942140571773,0.0004952148301526904,0.010777400806546211,0.0005011342582292855,0.005129121709614992
GAGTCAACGGGAGT-1,7,Naive/resting T cells,Activated/transitional T cells,True,False,0.9760825634002686,0.06623558319697143,False,0.9760825634002686,0.003706812858581543,0.0004325705231167376,0.0009788277093321085,0.0015796732623130083,0.0005845167906954885,0.001967131858691573,0.0005345013341866434,0.014133414253592491
GAGTCTGATCGTGA-1,2,IL7R+ memory/helper T cells,IL7R+ memory/helper T cells,True,True,0.4334588050842285,0.534489884358728,True,0.41089126467704773,0.006576864514499903,0.0035422672517597675,0.008140099234879017,0.1160067543387413,0.004595419391989708,0.4334588050842285,0.0063758231699466705,0.010412655770778656
GAGTCTGATTTGGG-1,1,B cells,B cells,True,True,0.9989601373672485,0.004542535744076514,False,0.0004614349454641342,0.9989601373672485,4.7052719310158864e-05,0.00010795916750794277,7.823732448741794e-05,6.603969086427242e-05,0.00013859811588190496,4.6149016270646825e-05,9.440022404305637e-05
GAGTGACTCAGCTA-1,2,IL7R+ memory/helper T cells,IL7R+ memory/helper T cells,True,True,0.9104593992233276,0.19658934695175123,False,0.04428577050566673,0.0025902141351252794,0.0021953603718429804,0.002925471169874072,0.006916369777172804,0.005306935869157314,0.9104593992233276,0.002118561649695039,0.023201851174235344
GAGTGACTCGGTAT-1,0,Cytotoxic CD8 T cells,Cytotoxic CD8 T cells,True,True,0.9550331234931946,0.11209467254489847,False,0.025065872818231583,0.001999214757233858,0.0007817044388502836,0.0009932529646903276,0.9550331234931946,0.0004595199425239116,0.003293541492894292,0.005053522065281868,0.0073202126659452915
GAGTGACTCTTGCC-1,1,B cells,B cells,True,True,0.9994205236434937,0.0026365286259077718,False,0.000316013814881444,0.9994205236434937,1.802522638172377e-05,4.969833753420971e-05,4.305387119529769e-05,2.1854417354916222e-05,5.398903522291221e-05,4.7425786760868505e-05,2.945503729279153e-05
GAGTGACTGACTAC-1,1,B cells,B cells,True,True,0.9912136197090149,0.026307206569729215,False,0.006982969585806131,0.9912136197090149,6.370653863996267e-05,0.0001289652136620134,0.0001730849762680009,0.0006214051973074675,0.0002588116913102567,7.352555985562503e-05,0.00048397970385849476
GAGTGACTGTCTAG-1,7,Naive/resting T cells,Activated/transitional T cells,True,False,0.9858013987541199,0.04339407702962909,False,0.9858013987541199,0.0007093898602761328,0.0004594337078742683,0.0012142915511503816,0.0010142719838768244,0.0005056446534581482,0.008141995407640934,0.0005280590848997235,0.0016254704678431153
GAGTGGGAGTCTTT-1,1,B cells,B cells,True,True,0.9988828301429749,0.004470207299853834,False,0.0008501789416186512,0.9988828301429749,2.0780626073246822e-05,6.056086203898303e-05,4.1032006265595555e-05,3.0327031709020957e-05,3.5250028304290026e-05,1.935549153131433e-05,5.974278974463232e-05
GAGTGGGATGCCCT-1,7,Naive/resting T cells,Activated/transitional T cells,True,False,0.8596909642219543,0.20946672552494183,False,0.8596909642219543,0.0011873189359903336,0.000710528576746583,0.0019146658014506102,0.0017741976771503687,0.0008591757505200803,0.0028469539247453213,0.0007989624864421785,0.13021723926067352
GAGTGGGATGCTGA-1,1,B cells,B cells,True,True,0.9991556406021118,0.0035522479003292397,False,0.0005951094790361822,0.9991556406021118,2.6880163204623386e-05,4.620728941517882e-05,4.579718370223418e-05,2.435043643345125e-05,3.5617220419226214e-05,2.1757634385721758e-05,4.858482861891389e-05
GAGTGTTGCTGTAG-1,2,IL7R+ memory/helper T cells,IL7R+ memory/helper T cells,True,True,0.9334179162979126,0.13135177651826882,False,0.05715508759021759,0.0009992326376959682,0.0005788462003692985,0.0012862789444625378,0.003270382760092616,0.000672805355861783,0.9334179162979126,0.0009881866862997413,0.0016312352381646633
GAGTGTTGTGGTCA-1,7,Naive/resting T cells,Activated/transitional T cells,True,False,0.9885407090187073,0.0347120541326321,False,0.9885407090187073,0.007816338911652565,0.00020090593898203224,0.00047729338984936476,0.0006673225434496999,0.00026303721824660897,0.001169568975456059,0.00029036152409389615,0.0005744535592384636
GAGTTGTGCATGGT-1,3,Classical monocytes,Classical monocytes,True,True,0.9988166093826294,0.004889403487572626,False,0.0007336724665947258,7.975913467817008e-05,0.00015949035878293216,0.9988166093826294,5.338891423889436e-05,3.263760663685389e-05,4.727398118120618e-05,4.054470264236443e-05,3.669765283120796e-05
GAGTTGTGCTGAGT-1,0,Cytotoxic CD8 T cells,Cytotoxic CD8 T cells,True,True,0.9960070252418518,0.014726800805650158,False,0.0019220170797780156,0.0002044780703727156,9.751006291480735e-05,0.000226452320930548,0.9960070252418518,0.0001346898206975311,0.0006212103180587292,0.0006215587491169572,0.00016503692313563079
GAGTTGTGGCGAGA-1,3,Classical monocytes,Classical monocytes,True,True,0.9990954399108887,0.0038905365843303827,False,0.0005357524496503174,4.045234527438879e-05,9.483243047725409e-05,0.9990954399108887,6.232919258764014e-05,3.1958046747604385e-05,5.6348948419326916e-05,3.661853043013252e-05,4.62518073618412e-05
GAGTTGTGGTAGCT-1,8,Platelets,Cytotoxic CD8 T cells,False,False,0.45920705795288086,0.7125413664935356,True,0.20194214582443237,0.01773677207529545,0.012349306605756283,0.12997029721736908,0.45920705795288086,0.01329902745783329,0.05624232813715935,0.009798451326787472,0.09945462644100189
GAGTTGTGTATGCG-1,4,CD16+ non-classical monocytes,CD16+ non-classical monocytes,True,True,0.9945297837257385,0.01957956281498256,False,0.00045227629016153514,0.00032991115585900843,0.9945297837257385,0.002177027752622962,0.00033273472217842937,0.00017579563427716494,0.0014962077839300036,0.0003182889486197382,0.00018797880329657346
GATAAGGAGAAACA-1,3,Classical monocytes,Classical monocytes,True,True,0.9993554949760437,0.0029813803140826653,False,0.0002502677380107343,4.29065476055257e-05,9.826783934840932e-05,0.9993554949760437,6.599177868338302e-05,2.9103985070833005e-05,6.411715730791911e-05,3.9038921386236325e-05,5.485549263539724e-05
GATAAGGATTCACT-1,3,Classical monocytes,Classical monocytes,True,True,0.9993345141410828,0.0030976412696861653,False,0.0001266032923012972,0.00013801273598801345,0.00013210653560236096,0.9993345141410828,5.630769010167569e-05,2.8479887987487018e-05,0.00011716732115019113,3.580039265216328e-05,3.101662878179923e-05
GATACTCTATCGGT-1,7,Naive/resting T cells,Activated/transitional T cells,True,False,0.5505635142326355,0.41714634231409836,False,0.5505635142326355,0.01198924332857132,0.0027823077980428934,0.005419799592345953,0.006453260313719511,0.003142440225929022,0.4038553833961487,0.0031907197553664446,0.012603331357240677
GATACTCTTACTTC-1,7,Naive/resting T cells,Activated/transitional T cells,True,False,0.9236341714859009,0.18182422198739867,False,0.9236341714859009,0.005483643151819706,0.002534991828724742,0.005065699107944965,0.011610705405473709,0.0035396467428654432,0.033995162695646286,0.004427766893059015,0.009708251804113388
GATACTCTTGACTG-1,3,Classical monocytes,Classical monocytes,True,True,0.9991924166679382,0.003633100413616052,False,0.00017928965098690242,7.527926936745644e-05,0.0003052359679713845,0.9991924166679382,6.671562005067244e-05,3.281232784502208e-05,6.882382149342448e-05,3.243679748266004e-05,4.6988719986984506e-05
GATAGAGAAGGGTG-1,0,Cytotoxic CD8 T cells,Cytotoxic CD8 T cells,True,True,0.9720046520233154,0.08071759531834576,False,0.007369252387434244,0.0012180609628558159,0.001172639662399888,0.0015994817949831486,0.9720046520233154,0.0008053521742112935,0.00666440324857831,0.006975081749260426,0.002191103994846344
GATAGAGACTGTGA-1,2,IL7R+ memory/helper T cells,IL7R+ memory/helper T cells,True,True,0.6370126008987427,0.3613796894139284,False,0.3377580940723419,0.0033824110869318247,0.0021651992574334145,0.004495817702263594,0.004059165716171265,0.002320501720532775,0.6370126008987427,0.0024664162192493677,0.006339798681437969
GATAGAGATCACGA-1,3,Classical monocytes,Classical monocytes,True,True,0.9993773102760315,0.002896866525604258,False,0.0001053137457347475,0.00021020296844653785,7.804809138178825e-05,0.9993773102760315,4.699938290286809e-05,2.1437777832034044e-05,8.945339504862204e-05,2.535914973122999e-05,4.594677739078179e-05
GATAGCACCCATAG-1,2,IL7R+ memory/helper T cells,Activated/transitional T cells,True,False,0.571442723274231,0.4159013838739346,False,0.571442723274231,0.004897821694612503,0.002811118494719267,0.00581434415653348,0.018037939444184303,0.004503249190747738,0.3813321590423584,0.0035705259069800377,0.007590099237859249
GATAGCACGAAGGC-1,3,Classical monocytes,Classical monocytes,True,True,0.7874058485031128,0.26668115362679895,False,0.0017025694251060486,0.005242905579507351,0.20003101229667664,0.7874058485031128,0.0009936423739418387,0.0006929584196768701,0.002285904949530959,0.0006682788953185081,0.000976849696598947
GATAGCACTTGTCT-1,7,Naive/resting T cells,Activated/transitional T cells,True,False,0.964460015296936,0.09388103241878833,False,0.964460015296936,0.001540201948955655,0.0008946576854214072,0.002329008188098669,0.0028393114916980267,0.0010584203992038965,0.0073483726009726524,0.0010643997229635715,0.01846555434167385
GATATAACAAGGTA-1,2,IL7R+ memory/helper T cells,IL7R+ memory/helper T cells,True,True,0.9967848062515259,0.01194137006481262,False,0.001476273755542934,0.00012892193626612425,6.913288962095976e-05,0.00015864099259488285,0.0010569537989795208,8.635572885395959e-05,0.9967848062515259,8.757053001318127e-05,0.00015137555601540953
GATATAACACGCAT-1,7,Naive/resting T cells,Activated/transitional T cells,True,False,0.9858338236808777,0.04579956054256463,False,0.9858338236808777,0.0010814329143613577,0.0005776036996394396,0.0013217433588579297,0.0022754487581551075,0.0007697516120970249,0.004146374762058258,0.0007598085212521255,0.003234023228287697
GATATATGCTGGAT-1,7,Naive/resting T cells,Activated/transitional T cells,True,False,0.9992331266403198,0.0035362743020847863,False,0.9992331266403198,7.598393131047487e-05,4.670002090279013e-05,9.273265459341928e-05,9.402631258126348e-05,5.1161652663722634e-05,0.0001794926793081686,5.632968895952217e-05,0.0001704853493720293
GATATATGTCCGTC-1,0,Cytotoxic CD8 T cells,Cytotoxic CD8 T cells,True,True,0.9932789206504822,0.02243602523294657,False,0.003897693706676364,0.00017834093887358904,9.750057506607845e-05,0.00022704331786371768,0.9932789206504822,0.0001243062870344147,0.0006334250792860985,0.0012712901225313544,0.00029143542633391917
GATATATGTGGAGG-1,3,Classical monocytes,Classical monocytes,True,True,0.9940179586410522,0.01879618405887507,False,0.0013283573789522052,4.490634455578402e-05,3.99019627366215e-05,0.9940179586410522,6.917248538229614e-05,2.8842117899330333e-05,0.004374008160084486,3.464581095613539e-05,6.226031109690666e-05
GATATCCTAGAAGT-1,2,IL7R+ memory/helper T cells,Activated/transitional T cells,True,False,0.9498540759086609,0.12166360594440699,False,0.9498540759086609,0.002041658852249384,0.0010119888465851545,0.0019403899786993861,0.004840373992919922,0.00114335713442415,0.029788250103592873,0.0018831079360097647,0.007496828678995371
GATATCCTCCCGTT-1,3,Classical monocytes,Classical monocytes,True,True,0.9987344145774841,0.0051333404012759536,False,0.0008542761788703501,4.782761607202701e-05,0.00010367717186454684,0.9987344145774841,7.261706923600286e-05,2.966115062008612e-05,5.885804057470523e-05,4.050079223816283e-05,5.81905223953072e-05
GATATTGACAGGAG-1,0,Cytotoxic CD8 T cells,Cytotoxic CD8 T cells,True,True,0.9941951632499695,0.02011758903721339,False,0.0029475742485374212,0.00022940081544220448,0.000135957365273498,0.00041101209353655577,0.9941951632499695,0.00015659986820537597,0.0013931397115811706,0.00029952224576845765,0.00023162973229773343
GATATTGACGAGTT-1,4,CD16+ non-classical monocytes,CD16+ non-classical monocytes,True,True,0.9961838126182556,0.013574928091564758,False,0.00019658991368487477,0.00011852525494759902,0.9961838126182556,0.0024347337894141674,0.00014357540931086987,8.057745435507968e-05,0.0006263537216000259,0.0001275484246434644,8.820842776913196e-05
GATATTGAGCCAAT-1,7,Naive/resting T cells,Activated/transitional T cells,True,False,0.9970303773880005,0.011567295526140407,False,0.9970303773880005,0.00020354434673208743,0.00011976007226621732,0.00024316087365150452,0.00025594100588932633,0.00013999635120853782,0.0007489346317015588,0.00015208755212370306,0.00110618828330189
GATCCCTGACCTTT-1,5,NK cells,NK cells,True,True,0.9976323843002319,0.009282508766986036,False,0.0003030526277143508,9.831249917624518e-05,8.544462616555393e-05,0.00017543004651088268,0.0011995455715805292,7.025581726338714e-05,0.000330962473526597,0.9976323843002319,0.00010463914804859087
GATCCCTGTGTAGC-1,0,Cytotoxic CD8 T cells,Cytotoxic CD8 T cells,True,True,0.9953545331954956,0.01671645576373704,False,0.0009162104106508195,0.00016260595293715596,0.00010908584954449907,0.00019571757002267987,0.9953545331954956,0.00011574094969546422,0.0006254799664020538,0.002251766622066498,0.00026892643654718995
GATCCGCTGGTCAT-1,3,Classical monocytes,Classical monocytes,True,True,0.9994674324989319,0.00254762034892155,False,8.275600703200325e-05,5.4243220802163705e-05,0.00013233227946329862,0.9994674324989319,4.134283881285228e-05,3.4292988857487217e-05,9.637024049879983e-05,4.3982705392409116e-05,4.7251309297280386e-05
GATCGAACCGAGAG-1,2,IL7R+ memory/helper T cells,IL7R+ memory/helper T cells,True,True,0.5329800844192505,0.4383409958381738,False,0.041527289897203445,0.00409342534840107,0.0026330810505896807,0.005073482636362314,0.40199166536331177,0.003117526415735483,0.5329800844192505,0.002917600329965353,0.005665806122124195
GATCGATGACTAGC-1,1,B cells,B cells,True,True,0.999478280544281,0.0024512417093759354,False,0.00019888942188117653,0.999478280544281,2.0149243937339634e-05,5.747171599068679e-05,4.0524115320295095e-05,2.493163447070401e-05,0.00010692160140024498,2.1778363588964567e-05,5.1072936912532896e-05
GATCGATGGTAAAG-1,1,B cells,B cells,True,True,0.9989847540855408,0.004281661748078609,False,0.0005827395943924785,0.9989847540855408,1.828339372877963e-05,9.492906247032806e-05,4.7473833546973765e-05,2.4329467123607174e-05,0.00018121184257324785,2.5362804080941714e-05,4.091676601092331e-05
GATCGATGTAAGGA-1,3,Classical monocytes,Classical monocytes,True,True,0.9995458722114563,0.002196431033715643,False,0.00011574958625715226,4.1223243897547945e-05,8.393020107178017e-05,0.9995458722114563,6.984885112615302e-05,2.1663623556378298e-05,6.701340316794813e-05,3.2543630368309096e-05,2.2166028429637663e-05
GATCGTGACACTAG-1,7,Naive/resting T cells,Activated/transitional T cells,True,False,0.990656852722168,0.02990083868744118,False,0.990656852722168,0.0004043635562993586,0.00020186898473184556,0.00046236260095611215,0.0005949799087829888,0.0002642978506628424,0.005555859766900539,0.0003074440755881369,0.0015519476728513837
GATCGTGATTCACT-1,2,IL7R+ memory/helper T cells,IL7R+ memory/helper T cells,True,True,0.9799665808677673,0.054542351634209556,False,0.01447076816111803,0.0006081840838305652,0.0004315197002142668,0.0008101364364847541,0.002013416262343526,0.00042110850336030126,0.9799665808677673,0.00042858891538344324,0.0008496770169585943
GATCTACTGGTGAG-1,0,Cytotoxic CD8 T cells,Cytotoxic CD8 T cells,True,True,0.8828848600387573,0.1853306214369725,False,0.007627684157341719,0.0003621407086029649,0.00019192168838344514,0.0006100629107095301,0.8828848600387573,0.0002505409065634012,0.10660888254642487,0.00029469848959706724,0.001169205759651959
GATCTACTTTGCAG-1,1,B cells,B cells,True,True,0.9992092251777649,0.003368655102169799,False,0.0005369462305679917,0.9992092251777649,1.8679569620871916e-05,3.7225116102490574e-05,3.667816781671718e-05,2.430086533422582e-05,7.56892841309309e-05,2.083439176203683e-05,4.050003190059215e-05
GATCTTACACCCAA-1,4,CD16+ non-classical monocytes,CD16+ non-classical monocytes,True,True,0.9938702583312988,0.02101841884074443,False,0.0003341094416100532,0.00021088463836349547,0.9938702583312988,0.00307494611479342,0.00026872576563619077,0.00015372177585959435,0.001643368392251432,0.0002552269143052399,0.00018877923139370978
GATCTTACCCTACC-1,2,IL7R+ memory/helper T cells,IL7R+ memory/helper T cells,True,True,0.916139543056488,0.16183492523982138,False,0.06723529100418091,0.0009250236325897276,0.0008439554367214441,0.0015091561945155263,0.007009710185229778,0.0006228387355804443,0.916139543056488,0.0010455016745254397,0.004669005982577801
GATCTTACGAATAG-1,3,Classical monocytes,Classical monocytes,True,True,0.9966977834701538,0.01238571943466456,False,0.001165259862318635,0.00023800447524990886,0.0012846256140619516,0.9966977834701538,0.00014977251703385264,0.00011059531243517995,0.0001739286381052807,9.938937000697479e-05,8.067378075793386e-05
GATCTTACGAGATA-1,3,Classical monocytes,Classical monocytes,True,True,0.999077320098877,0.004145609755490774,False,0.00018356312648393214,6.36739787296392e-05,0.00028707218007184565,0.999077320098877,6.889757787575945e-05,4.08941887144465e-05,0.00012648817209992558,8.127569890348241e-05,7.082343654474244e-05
GATGCAACTCCAGA-1,2,IL7R+ memory/helper T cells,IL7R+ memory/helper T cells,True,True,0.8671392798423767,0.19595054315151872,False,0.12619838118553162,0.001337045687250793,0.000455782312201336,0.0011245189234614372,0.0016122113447636366,0.000554156955331564,0.8671392798423767,0.0005448953015729785,0.0010337978601455688
GATGCCCTACGTAC-1,2,IL7R+ memory/helper T cells,IL7R+ memory/helper T cells,True,True,0.8354987502098083,0.2580505163367518,False,0.03869614750146866,0.0007889973931014538,0.0006822598516009748,0.0010537300258874893,0.1207054927945137,0.0005696060252375901,0.8354987502098083,0.0006055776029825211,0.0013994057662785053
GATGCCCTCTCATT-1,2,IL7R+ memory/helper T cells,Activated/transitional T cells,True,False,0.9491532444953918,0.12719005200262437,False,0.9491532444953918,0.01724512130022049,0.000927514978684485,0.0028292261995375156,0.0025135765317827463,0.0012021047296002507,0.01933748833835125,0.0014353363076224923,0.0053564030677080154
GATGCCCTGGCAAG-1,3,Classical monocytes,Classical monocytes,True,True,0.9744861721992493,0.06553279036065073,False,0.0024246887769550085,0.00047970094601623714,0.018987873569130898,0.9744861721992493,0.0007726899930275977,0.00031686556758359075,0.0017910043243318796,0.00039698995533399284,0.0003439572756178677
GATGCCCTTTTGCT-1,7,Naive/resting T cells,IL7R+ memory/helper T cells,True,False,0.5640993714332581,0.44989712163033946,False,0.3684367835521698,0.00583644350990653,0.0036655310541391373,0.007675021421164274,0.02169951982796192,0.005309960804879665,0.5640993714332581,0.0043875244446098804,0.01888979971408844
GATTACCTTGTTCT-1,7,Naive/resting T cells,Activated/transitional T cells,True,False,0.9935061931610107,0.023436551222524537,False,0.9935061931610107,0.0005010608583688736,0.00030343266553245485,0.0006115069845691323,0.0017131720669567585,0.0003486651403363794,0.0016218859236687422,0.0006223606178537011,0.000771771592553705
GATTCGGAACGACT-1,7,Naive/resting T cells,Naive/resting T cells,True,True,0.7573291659355164,0.2802584096375959,False,0.2324177771806717,0.001396500738337636,0.000731531938072294,0.0017539103282615542,0.0024645261000841856,0.0009484886541031301,0.0019218925153836608,0.001036195084452629,0.7573291659355164
GATTCGGACAGGAG-1,3,Classical monocytes,Classical monocytes,True,True,0.9992639422416687,0.0032975320093271416,False,9.911310917232186e-05,5.8496145356912166e-05,0.0003646044060587883,0.9992639422416687,3.791906055994332e-05,2.8404614567989483e-05,6.40922153252177e-05,2.8493470381363295e-05,5.493412390933372e-05
GATTCGGAGAAGGC-1,4,CD16+ non-classical monocytes,CD16+ non-classical monocytes,True,True,0.987899899482727,0.0375388876253998,False,0.0007288740016520023,0.0006847920594736934,0.987899899482727,0.007228205446153879,0.0005335119203664362,0.00026508234441280365,0.0014319124165922403,0.0008512497879564762,0.00037644553231075406
GATTCTTGATTCGG-1,3,Classical monocytes,Classical monocytes,True,True,0.9992252588272095,0.003556369499517758,False,0.0001131771641667001,0.00011649973021121696,0.00017720888718031347,0.9992252588272095,6.228868005564436e-05,3.4394914109725505e-05,0.00017576578829903156,4.117981006857008e-05,5.428011354524642e-05
GATTCTTGCCGATA-1,0,Cytotoxic CD8 T cells,Activated/transitional T cells,True,False,0.9912319779396057,0.02899234310191362,False,0.9912319779396057,0.0003979272732976824,0.00026990973856300116,0.0005174133693799376,0.004513004794716835,0.00029852447914890945,0.0014163395389914513,0.00027952753589488566,0.0010753145907074213
GATTCTTGCGAGTT-1,1,B cells,B cells,True,True,0.9987622499465942,0.005042111628141711,False,0.0008220162126235664,0.9987622499465942,2.8389189537847415e-05,9.988783131120726e-05,7.167264266172424e-05,3.4617598430486396e-05,7.955197361297905e-05,2.8664506316999905e-05,7.292007649084553e-05
GATTGGACCCGTTC-1,1,B cells,B cells,True,True,0.9477316737174988,0.11567416821687312,False,0.038056835532188416,0.9477316737174988,0.00058954261476174,0.0010011882986873388,0.0012943007750436664,0.0005544962477870286,0.008941685780882835,0.0005406388663686812,0.0012896740809082985
GATTGGACGGTGTT-1,1,B cells,B cells,True,True,0.9981380701065063,0.006697276091007419,False,0.0016257228562608361,0.9981380701065063,2.2620897652814165e-05,3.137613020953722e-05,3.5351829865248874e-05,2.3291690013138577e-05,5.143376256455667e-05,1.8315118722966872e-05,5.385027907323092e-05
GATTGGACTTTCGT-1,1,B cells,B cells,True,True,0.9986464381217957,0.005185150233045962,False,0.0011087814345955849,0.9986464381217957,1.8053879102808423e-05,4.00164099119138e-05,5.60662811039947e-05,2.471938387316186e-05,3.9300997741520405e-05,2.3230284568853676e-05,4.3360170820960775e-05
GATTGGTGTGTCAG-1,2,IL7R+ memory/helper T cells,IL7R+ memory/helper T cells,True,True,0.49444258213043213,0.4819148452774302,True,0.4262223243713379,0.008656642399728298,0.006089353002607822,0.011477642692625523,0.023488551378250122,0.006071055773645639,0.49444258213043213,0.012184378691017628,0.011367510072886944
GATTTAGACACTCC-1,4,CD16+ non-classical monocytes,CD16+ non-classical monocytes,True,True,0.9820364117622375,0.050476811449413364,False,0.00096566864522174,0.0005056711961515248,0.9820364117622375,0.01262576226145029,0.0006024974281899631,0.00031790981302037835,0.0012356608640402555,0.000982181983999908,0.0007282259175553918
GATTTAGACTAAGC-1,1,B cells,B cells,True,True,0.9992801547050476,0.003271388927873462,False,0.00010877703607548028,0.9992801547050476,3.248642315156758e-05,5.999406494083814e-05,6.646851397817954e-05,3.31350602209568e-05,0.00030411474290303886,3.551942063495517e-05,7.931703294161707e-05
GATTTAGATTCGTT-1,3,Classical monocytes,Classical monocytes,True,True,0.9933744072914124,0.019929419343301804,False,0.0058241733349859715,0.00014288569218479097,0.0001507315319031477,0.9933744072914124,9.342609700979665e-05,5.4745509260101244e-05,0.00011943477875320241,6.478432624135166e-05,0.0001754072873154655
GATTTGCTAACGAA-1,2,IL7R+ memory/helper T cells,Activated/transitional T cells,True,False,0.9874436259269714,0.0385932062808661,False,0.9874436259269714,0.0006484968471340835,0.00033539251307956874,0.0010224251309409738,0.0008145267493091524,0.00043664718396030366,0.007744186092168093,0.0004895921447314322,0.0010651573538780212
GATTTGCTAACGGG-1,3,Classical monocytes,Classical monocytes,True,True,0.9970548152923584,0.011257665427035204,False,0.0014908394077792764,0.00022741768043488264,0.0002322523359907791,0.9970548152923584,0.0001437334285583347,0.0004998660879209638,0.0001196970115415752,8.357042679563165e-05,0.00014782215293962508
GCAACCCTCCTCGT-1,3,Classical monocytes,Classical monocytes,True,True,0.9988732933998108,0.004801075242511711,False,0.0005499862600117922,9.323183621745557e-05,0.00022760291176382452,0.9988732933998108,6.889664655318484e-05,3.703762558870949e-05,6.35967226116918e-05,4.1606283048167825e-05,4.476363392313942e-05
GCAACTGATTGCGA-1,7,Naive/resting T cells,Activated/transitional T cells,True,False,0.9886285066604614,0.034418390704848346,False,0.9886285066604614,0.0002726599632296711,0.00022898780298419297,0.0003096831205766648,0.0007035644957795739,0.00020658422727137804,0.007275881711393595,0.0001776531571522355,0.0021964001934975386
GCAAGACTACTGGT-1,2,IL7R+ memory/helper T cells,IL7R+ memory/helper T cells,True,True,0.9700025320053101,0.07702507331391004,False,0.01291431114077568,0.0005940554547123611,0.00033315751352347434,0.0006794157670810819,0.013838778249919415,0.0004051646974403411,0.9700025320053101,0.0005129731725901365,0.0007196116494014859
GCAAGACTAGGTCT-1,2,IL7R+ memory/helper T cells,IL7R+ memory/helper T cells,True,True,0.9728074073791504,0.07090283950742107,False,0.019300606101751328,0.0010025070514529943,0.0005964807351119816,0.002195388311520219,0.0014017272042110562,0.0006592650315724313,0.9728074073791504,0.000733128865249455,0.0013034718576818705
GCAAGACTCCCTTG-1,7,Naive/resting T cells,Activated/transitional T cells,True,False,0.9956958293914795,0.016148590840471985,False,0.9956958293914795,0.00028035795548930764,0.00015556663856841624,0.0005784592358395457,0.00040582119254395366,0.00021749507868662477,0.001587765058502555,0.0002732316206675023,0.0008054624777287245
GCAATCGACTGCAA-1,0,Cytotoxic CD8 T cells,Cytotoxic CD8 T cells,True,True,0.9725533127784729,0.06835108212194742,False,0.02081228792667389,0.0003698007785715163,0.00025882961926981807,0.000590007402934134,0.9725533127784729,0.0002569829812273383,0.0037922817282378674,0.0003730730968527496,0.000993451802060008
GCAATCGAGACGTT-1,4,CD16+ non-classical monocytes,CD16+ non-classical monocytes,True,True,0.7644378542900085,0.27997622137503175,False,0.0028189870063215494,0.00120763189624995,0.7644378542900085,0.22328725457191467,0.0043447888456285,0.0007052583969198167,0.0016719085397198796,0.0008023461559787393,0.0007239854312501848
GCAATCGATCCTTA-1,3,Classical monocytes,Classical monocytes,True,True,0.9961482286453247,0.013634609122280423,False,0.0002811910817399621,0.00011217824794584885,0.0024855216033756733,0.9961482286453247,0.0006042715976946056,7.111414015525952e-05,0.00013680652773473412,6.928813672857359e-05,9.134842548519373e-05
GCAATTCTCGTGTA-1,2,IL7R+ memory/helper T cells,IL7R+ memory/helper T cells,True,True,0.9578572511672974,0.08846787691007857,False,0.0383138544857502,0.00047479107161052525,0.00029934305348433554,0.0005808891146443784,0.0013547937851399183,0.00033451314084231853,0.9578572511672974,0.000349982175976038,0.00043462583562359214
GCAATTCTTCTCCG-1,2,IL7R+ memory/helper T cells,IL7R+ memory/helper T cells,True,True,0.7847090363502502,0.2505960668973689,False,0.21080881357192993,0.0006221780204214156,0.00026072340551763773,0.000647864188067615,0.0007126727723516524,0.00035740333260037005,0.7847090363502502,0.0003293831832706928,0.0015518971486017108
GCACAAACAATGCC-1,6,Activated/transitional T cells,Cytotoxic CD8 T cells,True,False,0.8521458506584167,0.21248901583366206,False,0.13927307724952698,0.0007797920261509717,0.00042430474422872066,0.000946120941080153,0.8521458506584167,0.0005446738796308637,0.0020968513563275337,0.002575060585513711,0.0012143058702349663
GCACAAACGGTACT-1,2,IL7R+ memory/helper T cells,IL7R+ memory/helper T cells,True,True,0.6909890174865723,0.4548995665337595,False,0.1749323010444641,0.011225907132029533,0.004407630767673254,0.00980125181376934,0.0862712413072586,0.0053331367671489716,0.6909890174865723,0.005624076817184687,0.011415403336286545
GCACAATGGTGCAT-1,3,Classical monocytes,Classical monocytes,True,True,0.9983338713645935,0.006840456160449828,False,0.00041177222738042474,0.0007053089211694896,0.0001895274326670915,0.9983338713645935,8.526734018232673e-05,3.952719271183014e-05,9.940130257746205e-05,5.5414078815374523e-05,7.989975711097941e-05
GCACACCTGTGCTA-1,5,NK cells,NK cells,True,True,0.931149959564209,0.13984051386205895,False,0.0043878452852368355,0.0010569831356406212,0.001343481708317995,0.0013208454474806786,0.055809058248996735,0.0006932829855941236,0.002474465174600482,0.931149959564209,0.001764033455401659
GCACCACTCATGAC-1,3,Classical monocytes,Classical monocytes,True,True,0.9983939528465271,0.006596481729210439,False,0.0002007730072364211,4.905171226710081e-05,0.00013478324399329722,0.9983939528465271,0.00015148177044466138,3.1745519663672894e-05,0.0007602898986078799,2.9877783163101412e-05,0.00024806891451589763
GCACCACTGTTTGG-1,3,Classical monocytes,Classical monocytes,True,True,0.9938209652900696,0.021524239416265054,False,0.0030230553820729256,0.000879156228620559,0.00033869448816403747,0.9938209652900696,0.00024096232664305717,0.0010215297807008028,0.0002303211367689073,0.00016791299276519567,0.0002774250169750303
GCACCACTTCCTTA-1,5,NK cells,NK cells,True,True,0.9988027811050415,0.005124364289175996,False,0.0001774685806594789,5.01344220538158e-05,5.157463965588249e-05,6.435956311179325e-05,0.0005288600805215538,3.814621959463693e-05,0.0001841130870161578,0.9988027811050415,0.00010253927030134946
GCACCACTTTCGGA-1,3,Classical monocytes,Classical monocytes,True,True,0.9993366599082947,0.0030629433709686788,False,8.839195652399212e-05,0.00010510558786336333,0.00023643256281502545,0.9993366599082947,4.005521986982785e-05,3.358960020705126e-05,9.079732262762263e-05,3.5055865737376735e-05,3.38652498612646e-05
GCACCTACGCGATT-1,2,IL7R+ memory/helper T cells,Activated/transitional T cells,True,False,0.6799613237380981,0.3342834360869251,False,0.6799613237380981,0.003034748835489154,0.001900360221043229,0.002999553456902504,0.0034827396739274263,0.0016984932590276003,0.3011455535888672,0.001760157523676753,0.004017039202153683
GCACCTTGGCTGTA-1,6,Activated/transitional T cells,Activated/transitional T cells,True,True,0.8482937216758728,0.2930435730531696,False,0.8482937216758728,0.003675182582810521,0.0022022314369678497,0.006801575887948275,0.0254205409437418,0.01584823615849018,0.08262559771537781,0.0032065645791590214,0.01192634366452694
GCACCTTGGGGAGT-1,3,Classical monocytes,Classical monocytes,True,True,0.9441499710083008,0.10444208227351265,False,0.000588543654885143,0.000598157464992255,0.053490445017814636,0.9441499710083008,0.0002888613671530038,0.00018727142014540732,0.00030898902332410216,0.0002121090074069798,0.00017566652968525887
GCACGGACCAGCTA-1,2,IL7R+ memory/helper T cells,IL7R+ memory/helper T cells,True,True,0.9080421924591064,0.1794019491499183,False,0.04785663262009621,0.0009242532541975379,0.00044211323256604373,0.0011610164074227214,0.03930354863405228,0.0006018973072059453,0.9080421924591064,0.0005739990738220513,0.0010943295201286674
GCACGGTGACCTCC-1,2,IL7R+ memory/helper T cells,Activated/transitional T cells,True,False,0.8493407964706421,0.2203936872278798,False,0.8493407964706421,0.001513606053777039,0.0007949724094942212,0.0018327353755012155,0.002970627509057522,0.0012055994011461735,0.13953836262226105,0.0010190393077209592,0.0017842174274846911
GCACGGTGCTATGG-1,3,Classical monocytes,Classical monocytes,True,True,0.9995891451835632,0.002009494553168127,False,5.171087468625046e-05,5.268272798275575e-05,9.79446922428906e-05,0.9995891451835632,3.562791971489787e-05,2.0832259906455874e-05,8.971321949502453e-05,2.594719080661889e-05,3.634697350207716e-05
GCACTAGAACGGGA-1,2,IL7R+ memory/helper T cells,IL7R+ memory/helper T cells,True,True,0.9232192039489746,0.15623790021900777,False,0.027302686125040054,0.0008205766207538545,0.00043191478471271694,0.0012313486076891422,0.04507162794470787,0.0005407751305028796,0.9232192039489746,0.0005565005703829229,0.0008254058775492013
GCACTAGAAGATGA-1,1,B cells,B cells,True,True,0.999414324760437,0.002614839058120428,False,0.00036775408079847693,0.999414324760437,2.5859582819975913e-05,4.3510615796549246e-05,3.8560290704481304e-05,2.4741742890910245e-05,4.307643757783808e-05,1.8721286323852837e-05,2.3490625608246773e-05
GCACTAGACCTTTA-1,4,CD16+ non-classical monocytes,CD16+ non-classical monocytes,True,True,0.9958668947219849,0.01533869299148602,False,0.00035437766928225756,0.0007816040306352079,0.9958668947219849,0.0017991437343880534,0.0004407954984344542,9.408206824446097e-05,0.00035959939123131335,0.000151361120515503,0.00015220008208416402
GCACTAGACGTAAC-1,1,B cells,B cells,True,True,0.9811428189277649,0.05094959462597664,False,0.014520823955535889,0.9811428189277649,0.00030978859285824,0.0008002223330549896,0.0005571618094108999,0.00044734598486684263,0.0006265889387577772,0.0009263383108191192,0.0006689844885841012
GCACTAGAGTCGTA-1,0,Cytotoxic CD8 T cells,NK cells,True,False,0.9871156811714172,0.03554038592473651,False,0.000677388277836144,0.0002540116256568581,8.160687139024958e-05,0.00014553993241861463,0.010723354294896126,8.345986861968413e-05,0.0008042704430408776,0.9871156811714172,0.00011470348545117304
GCACTAGATGCAAC-1,2,IL7R+ memory/helper T cells,IL7R+ memory/helper T cells,True,True,0.6899058222770691,0.32521095635283803,False,0.2934260368347168,0.0019431276014074683,0.0012047941563650966,0.002956983633339405,0.0032399578485637903,0.0012571009574458003,0.6899058222770691,0.0014223140897229314,0.004643865395337343
GCACTGCTGAGGCA-1,2,IL7R+ memory/helper T cells,Cytotoxic CD8 T cells,True,False,0.5765964984893799,0.5004193715372667,False,0.24433323740959167,0.005718488711863756,0.0025943301152437925,0.004471960011869669,0.5765964984893799,0.0026265112683176994,0.14969108998775482,0.004830486141145229,0.009137446992099285
GCAGATACAGCGTT-1,0,Cytotoxic CD8 T cells,Cytotoxic CD8 T cells,True,True,0.9129292368888855,0.19247303084030834,False,0.03507022187113762,0.001750419964082539,0.0010607244912534952,0.0021985084749758244,0.9129292368888855,0.001347178709693253,0.02808210253715515,0.012868068180978298,0.004693605471402407
GCAGATACGACGGA-1,2,IL7R+ memory/helper T cells,Activated/transitional T cells,True,False,0.9257431030273438,0.16022010269639997,False,0.9257431030273438,0.0016990562435239553,0.0011174805695191026,0.0019953474402427673,0.02192404307425022,0.0012253299355506897,0.042468540370464325,0.0011593648232519627,0.002667780499905348
GCAGATACGCAGAG-1,2,IL7R+ memory/helper T cells,IL7R+ memory/helper T cells,True,True,0.5099868774414062,0.3624232734595323,False,0.4729560613632202,0.0016705462476238608,0.000945453648455441,0.0020175324752926826,0.005802543833851814,0.0011619511060416698,0.5099868774414062,0.0011608647182583809,0.004298194777220488
GCAGCCGACAGTCA-1,7,Naive/resting T cells,Activated/transitional T cells,True,False,0.9924708604812622,0.023582625506343345,False,0.9924708604812622,0.00021051702788099647,0.00011380555952200666,0.00024971039965748787,0.0006203445373103023,0.00014741698396392167,0.005687606520950794,0.00024890346685424447,0.0002507752797100693
GCAGCGTGCACTCC-1,7,Naive/resting T cells,Activated/transitional T cells,True,False,0.995685338973999,0.016464690210633983,False,0.995685338973999,0.00040871783858165145,0.00021138241572771221,0.0006443873862735927,0.0006800004630349576,0.000287993490928784,0.0012322262628003955,0.0003990782133769244,0.00045089065679349005
GCAGCTCTCAATCG-1,7,Naive/resting T cells,Activated/transitional T cells,True,False,0.9980702996253967,0.00810967753529832,False,0.9980702996253967,0.00022245173749979585,0.00010970461880788207,0.00024132219550665468,0.0003440304135438055,0.0001303816243307665,0.00037893763510510325,0.00013735549873672426,0.0003655460895970464
GCAGCTCTGTTTCT-1,2,IL7R+ memory/helper T cells,IL7R+ memory/helper T cells,True,True,0.9838676452636719,0.046055916394134255,False,0.011368958279490471,0.0005014143534936011,0.0005882265977561474,0.0007004489307291806,0.001044039148837328,0.0003620749921537936,0.9838676452636719,0.0003778375394176692,0.0011893484042957425
GCAGGGCTAAGAAC-1,7,Naive/resting T cells,Activated/transitional T cells,True,False,0.8098216652870178,0.29653701681900996,False,0.8098216652870178,0.0012488537468016148,0.0004988830769434571,0.0015677016926929355,0.001883203163743019,0.0006509578670375049,0.10886221379041672,0.001029301667585969,0.0744372010231018
GCAGGGCTAAGGGC-1,2,IL7R+ memory/helper T cells,Activated/transitional T cells,True,False,0.9933023452758789,0.02358376760931173,False,0.9933023452758789,0.001100973691791296,0.00028891267720609903,0.00041126416181214154,0.0018585063517093658,0.00024602218763902783,0.0021467087790369987,0.0002364810643484816,0.0004087562265340239
GCAGGGCTATCGAC-1,5,NK cells,NK cells,True,True,0.9936224818229675,0.022347440209454,False,0.0010613218182697892,0.00023828465782571584,0.0002915098157245666,0.0003281783720012754,0.0027895558159798384,0.000181305586011149,0.0011213540565222502,0.9936224818229675,0.00036600782186724246
GCAGGGCTTGGGAG-1,0,Cytotoxic CD8 T cells,Cytotoxic CD8 T cells,True,True,0.9892213344573975,0.03314617518728723,False,0.002366840373724699,0.00028773557278327644,0.00021890414063818753,0.00035686028422787786,0.9892213344573975,0.00022711537894792855,0.006583880633115768,0.0004750272782985121,0.0002623259788379073
GCAGTCCTAACTGC-1,2,IL7R+ memory/helper T cells,IL7R+ memory/helper T cells,True,True,0.7281997203826904,0.37471202995187164,False,0.2137712836265564,0.012585269287228584,0.0027534079272300005,0.005269291345030069,0.01030049566179514,0.003062350442633033,0.7281997203826904,0.003012243192642927,0.02104596048593521
GCAGTCCTCTCTTA-1,7,Naive/resting T cells,Activated/transitional T cells,True,False,0.9857058525085449,0.03997036919791507,False,0.9857058525085449,0.0003505528438836336,0.0001945167750818655,0.0004315061669331044,0.0009686296107247472,0.00024393355124630034,0.011236857622861862,0.00026003591483458877,0.0006080759922042489
GCATCAGATGCGTA-1,0,Cytotoxic CD8 T cells,Cytotoxic CD8 T cells,True,True,0.9849169850349426,0.043146767120736375,False,0.0026437926571816206,0.0006247555720619857,0.00021399366960395128,0.0003238547360524535,0.9849169850349426,0.00016899096954148263,0.010231772437691689,0.00039865481085143983,0.0004771846579387784
GCATGTGACAAGCT-1,7,Naive/resting T cells,Activated/transitional T cells,True,False,0.994414210319519,0.02010171155132909,False,0.994414210319519,0.00031240074895322323,0.00015722554235253483,0.0005310789565555751,0.0020860759541392326,0.00021302052482496947,0.0012356762308627367,0.00022056297166272998,0.0008297155727632344
GCATTGGAGAAGGC-1,2,IL7R+ memory/helper T cells,IL7R+ memory/helper T cells,True,True,0.8723468780517578,0.21223697918614026,False,0.1097627505660057,0.0021309051662683487,0.001332431915216148,0.0025747562758624554,0.003626301186159253,0.0014619067078456283,0.8723468780517578,0.0015897179255262017,0.005174343008548021
GCCAAAACGAGGCA-1,0,Cytotoxic CD8 T cells,Cytotoxic CD8 T cells,True,True,0.9921247363090515,0.025545408521073502,False,0.004747288767248392,0.00042728817788884044,8.64983448991552e-05,0.0001925719261635095,0.9921247363090515,0.00011397176422178745,0.0014886717544868588,0.00042065707384608686,0.00039836051291786134
GCCAAATGATCGAC-1,2,IL7R+ memory/helper T cells,IL7R+ memory/helper T cells,True,True,0.9359009265899658,0.13520441394734423,False,0.01904655247926712,0.0006583710201084614,0.00040356931276619434,0.0010409163078293204,0.04117288440465927,0.0005126958712935448,0.9359009265899658,0.0004992220783606172,0.0007648801547475159
GCCAACCTACGGTT-1,7,Naive/resting T cells,Activated/transitional T cells,True,False,0.9972211122512817,0.010822329628680488,False,0.9972211122512817,0.00017048363224603236,0.00010215686779702082,0.00038486518315039575,0.0002135494869435206,0.00011912111949641258,0.0012595437001436949,0.0001148626470239833,0.0004142924153711647
GCCAACCTCGCCTT-1,6,Activated/transitional T cells,Activated/transitional T cells,True,True,0.9922921657562256,0.025210542579806077,False,0.9922921657562256,0.00044059535139240324,0.00021253390877973288,0.0005136612453497946,0.00046697992365807295,0.00024329329608008265,0.004964371677488089,0.00031841162126511335,0.0005479458486661315
GCCACGGAGGCGAA-1,3,Classical monocytes,Classical monocytes,True,True,0.9991579055786133,0.003717574171338412,False,0.00040085503133013844,7.701353752054274e-05,7.209777686512098e-05,0.9991579055786133,0.0001489166752435267,2.923645115515683e-05,5.13454397150781e-05,3.410633871681057e-05,2.8537842808873393e-05
GCCACGGATACTGG-1,7,Naive/resting T cells,Activated/transitional T cells,True,False,0.9035021066665649,0.18886739063114766,False,0.9035021066665649,0.0019692732021212578,0.0010353234829381108,0.002335905097424984,0.0027360813692212105,0.0014069379540160298,0.018884705379605293,0.0012901832815259695,0.06683949381113052
GCCACTACGTCTTT-1,7,Naive/resting T cells,Activated/transitional T cells,True,False,0.9945593476295471,0.019976891690412172,False,0.9945593476295471,0.0004918556078337133,0.0002525527961552143,0.0005671250401064754,0.000620481965597719,0.0003268734144512564,0.001883329707197845,0.0003305325808469206,0.0009679150534793735
GCCCAACTACCGAT-1,2,IL7R+ memory/helper T cells,Activated/transitional T cells,True,False,0.9697377681732178,0.08144119712443373,False,0.9697377681732178,0.0036501402501016855,0.0007715884712524712,0.0015273344470188022,0.003208951326087117,0.0008291442645713687,0.017468160018324852,0.0008510094485245645,0.0019559492357075214
GCCCAACTATGGTC-1,0,Cytotoxic CD8 T cells,Cytotoxic CD8 T cells,True,True,0.9936552047729492,0.02262588624734176,False,0.001968814991414547,0.00023061831598170102,0.0002285815280629322,0.0003751656913664192,0.9936552047729492,0.00015473534585908055,0.0009818983962759376,0.001083418377675116,0.0013215792132541537
GCCCATACAGCGTT-1,0,Cytotoxic CD8 T cells,Cytotoxic CD8 T cells,True,True,0.9440672993659973,0.13715716254279178,False,0.024955471977591515,0.0018477592384442687,0.0017371928552165627,0.002515591448172927,0.9440672993659973,0.0014846809208393097,0.0034888042137026787,0.003888162085786462,0.016015062108635902
GCCGACGAACTCTT-1,3,Classical monocytes,Classical monocytes,True,True,0.9943162798881531,0.01918553244428376,False,0.00034236369538120925,0.0008212482207454741,0.003665231866762042,0.9943162798881531,0.00019134022295475006,0.00013241544365882874,0.00028485312941484153,0.00012386590242385864,0.0001224047300638631
GCCGAGTGCGTTGA-1,2,IL7R+ memory/helper T cells,IL7R+ memory/helper T cells,True,True,0.871533989906311,0.21122548924682108,False,0.1066155657172203,0.0010717336554080248,0.00046670742449350655,0.001065947930328548,0.016212457790970802,0.0006220475188456476,0.871533989906311,0.0006999673205427825,0.0017116162925958633
GCCGGAACGAACTC-1,0,Cytotoxic CD8 T cells,Cytotoxic CD8 T cells,True,True,0.9970093965530396,0.01151874358639267,False,0.00128647789824754,0.0001492087758379057,8.644918852951378e-05,0.00015844704466871917,0.9970093965530396,9.550746472086757e-05,0.0005955734523013234,0.0004403284110594541,0.00017856624617706984
GCCGGAACGTTCTT-1,5,NK cells,Cytotoxic CD8 T cells,True,False,0.5020025968551636,0.3360908747898295,False,0.0018913777312263846,0.0006349657196551561,0.0007135490304790437,0.000703624275047332,0.5020025968551636,0.0004538276116363704,0.0013780946610495448,0.4916805624961853,0.0005414135521277785
GCCGGAACTGCACA-1,5,NK cells,NK cells,True,True,0.6073892116546631,0.49070949564991806,False,0.07250605523586273,0.010293868370354176,0.002714982721954584,0.0056337653659284115,0.2698409855365753,0.004559395834803581,0.008765814825892448,0.6073892116546631,0.01829594187438488
GCCGGAACTTACTC-1,2,IL7R+ memory/helper T cells,Activated/transitional T cells,True,False,0.7922140955924988,0.35552994259425846,False,0.7922140955924988,0.010155015625059605,0.006089253816753626,0.013429226353764534,0.018398817628622055,0.006718952674418688,0.13528069853782654,0.00705324811860919,0.010660665109753609
GCCGTACTACCTGA-1,7,Naive/resting T cells,Activated/transitional T cells,True,False,0.9276583194732666,0.1643873508349838,False,0.9276583194732666,0.009650904685258865,0.0009884070605039597,0.003062453353777528,0.0030622328631579876,0.001253459369763732,0.014823824167251587,0.0013868749374523759,0.03811359405517578
GCCGTACTGGCAAG-1,3,Classical monocytes,Classical monocytes,True,True,0.9992882609367371,0.0032941548855456486,False,0.00015004225133452564,0.00013498362386599183,0.00016841779870446771,0.9992882609367371,6.619211490033194e-05,5.7002969697350636e-05,6.445591134252027e-05,4.150211680098437e-05,2.9166487365728244e-05
GCCTACACAGTTCG-1,5,NK cells,NK cells,True,True,0.995725154876709,0.01597209661738788,False,0.0004414015565998852,0.00023765886726323515,0.00013690632476937026,0.0004790221864823252,0.0017515370855107903,0.0006477870047092438,0.000404140300815925,0.995725154876709,0.00017639138968661427
GCCTACACCACTGA-1,4,CD16+ non-classical monocytes,CD16+ non-classical monocytes,True,True,0.9893428087234497,0.03471003959779261,False,0.0013724800664931536,0.0010932238074019551,0.9893428087234497,0.005214118864387274,0.0005639010923914611,0.000280489563010633,0.001179698039777577,0.0004773254622705281,0.000475907523650676
GCCTACACCTTGAG-1,7,Naive/resting T cells,Activated/transitional T cells,True,False,0.9970579147338867,0.010527523268460529,False,0.9970579147338867,0.00010114743781741709,5.496181984199211e-05,0.00013228598982095718,0.00012737260840367526,6.905390182510018e-05,0.0021988984663039446,6.682492676191032e-05,0.0001915175380418077
GCCTAGCTACGGAG-1,1,B cells,B cells,True,True,0.9918028712272644,0.025952841669206108,False,0.005765911657363176,0.9918028712272644,0.00019388373766560107,0.0003330890031065792,0.00036777969216927886,0.00022731708304490894,0.00046563681098632514,0.00018991404795087874,0.0006536709261126816
GCCTAGCTCTATTC-1,2,IL7R+ memory/helper T cells,IL7R+ memory/helper T cells,True,True,0.7500941157341003,0.32122144758778276,False,0.22085590660572052,0.0036106796469539404,0.0021628867834806442,0.00463525578379631,0.007630105130374432,0.0027065069880336523,0.7500941157341003,0.0024959109723567963,0.005808645859360695
GCCTAGCTTCTCAT-1,7,Naive/resting T cells,Activated/transitional T cells,True,False,0.9098274111747742,0.17413279170870408,False,0.9098274111747742,0.0026540905237197876,0.0007759188883937895,0.0019429094390943646,0.010091112926602364,0.0010095492471009493,0.06972979009151459,0.0009722142713144422,0.0029969692695885897
GCCTAGCTTCTCTA-1,4,CD16+ non-classical monocytes,CD16+ non-classical monocytes,True,True,0.9975314140319824,0.009863871516556195,False,0.00026893947506323457,0.00016009152750484645,0.9975314140319824,0.0009286449640057981,0.00018925612675957382,0.00011417289351811633,0.0005319195333868265,0.0001632674247957766,0.00011228881339775398
GCCTCAACCATGGT-1,7,Naive/resting T cells,Activated/transitional T cells,True,False,0.9885371923446655,0.03807762794727811,False,0.9885371923446655,0.0009143520146608353,0.0005792591255158186,0.0011096755042672157,0.0013064049417153,0.0006156532908789814,0.00412327516824007,0.0007263687439262867,0.0020877684000879526
GCCTCAACTCTTTG-1,2,IL7R+ memory/helper T cells,Cytotoxic CD8 T cells,True,False,0.7611768245697021,0.41287413109016724,False,0.03584175929427147,0.006829169578850269,0.008969953283667564,0.009316150099039078,0.7611768245697021,0.005570187233388424,0.11522408574819565,0.0058836378157138824,0.05118821561336517
GCCTCATGTCTTAC-1,0,Cytotoxic CD8 T cells,Cytotoxic CD8 T cells,True,True,0.8743531703948975,0.218456558274432,False,0.07561178505420685,0.0006706435815431178,0.00026950365281663835,0.0008618887513875961,0.8743531703948975,0.00033348012948408723,0.04681222140789032,0.0004946108092553914,0.0005927514866925776
GCCTGACTCTCAAG-1,3,Classical monocytes,Classical monocytes,True,True,0.9995633959770203,0.002098655471046837,False,0.00012377438542898744,2.5821518647717312e-05,0.00012054619583068416,0.9995633959770203,3.3117343264166266e-05,1.797328150132671e-05,6.249639409361407e-05,2.47548523475416e-05,2.815606421791017e-05
GCGAAGGAACTCTT-1,6,Activated/transitional T cells,Cytotoxic CD8 T cells,True,False,0.9658262133598328,0.09133565744297102,False,0.017818259075284004,0.0014530237531289458,0.0007642146083526313,0.001928610377945006,0.9658262133598328,0.0009676672634668648,0.0063028112053871155,0.00243371888063848,0.0025054574944078922
GCGAAGGATGCCAA-1,7,Naive/resting T cells,Activated/transitional T cells,True,False,0.9901245832443237,0.032734763063200466,False,0.9901245832443237,0.0008919580723159015,0.00038070595473982394,0.0008287981618195772,0.0011963648721575737,0.0004904274828732014,0.004757359158247709,0.0006493565742857754,0.0006803893484175205
GCGAGAGAGGGACA-1,2,IL7R+ memory/helper T cells,Activated/transitional T cells,True,False,0.6453145146369934,0.492271263675439,False,0.6453145146369934,0.026194807142019272,0.006995316129177809,0.018385788425803185,0.039863213896751404,0.0072930483147501945,0.23631790280342102,0.0072981310077011585,0.012337259016931057
GCGAGCACTGTCGA-1,1,B cells,Activated/transitional T cells,True,False,0.7781247496604919,0.3808767602015636,False,0.7781247496604919,0.12586301565170288,0.006057163700461388,0.012811214663088322,0.011071981862187386,0.04444501921534538,0.008098580874502659,0.004487020894885063,0.00904127024114132
GCGAGCACTTGACG-1,7,Naive/resting T cells,Activated/transitional T cells,True,False,0.9920265078544617,0.026391186893801794,False,0.9920265078544617,0.0003750427858904004,0.0002533469523768872,0.000630299502518028,0.0011277968296781182,0.000263801688561216,0.0045883371494710445,0.00034912419505417347,0.00038572982884943485
GCGAGCACTTGCTT-1,3,Classical monocytes,Classical monocytes,True,True,0.9900772571563721,0.03095311624840431,False,0.0005648939986713231,0.0005188808427192271,0.006091797258704901,0.9900772571563721,0.00019785997574217618,0.00011658307630568743,0.001957653323188424,0.0002251777914352715,0.00024988004588522017
GCGATATGGTACGT-1,2,IL7R+ memory/helper T cells,IL7R+ memory/helper T cells,True,True,0.9045683741569519,0.16769948547423383,False,0.0846412256360054,0.002985459752380848,0.0006231585284695029,0.00148919434286654,0.001663470990024507,0.0007957802154123783,0.9045683741569519,0.001457919366657734,0.0017754090949892998
GCGATATGGTGTTG-1,7,Naive/resting T cells,Activated/transitional T cells,True,False,0.8862131237983704,0.1991663038187409,False,0.8862131237983704,0.004795574117451906,0.0008426288259215653,0.0025535498280078173,0.0023047144059091806,0.0009398948750458658,0.0948118045926094,0.001017879811115563,0.00652087340131402
GCGCACGAAGTCGT-1,7,Naive/resting T cells,Activated/transitional T cells,True,False,0.9046883583068848,0.1922322845715957,False,0.9046883583068848,0.0013648646418005228,0.0007586852298118174,0.0016370692756026983,0.004189833998680115,0.0010518941562622786,0.046322159469127655,0.0012660162756219506,0.038721147924661636
GCGCACGACTTTAC-1,3,Classical monocytes,Classical monocytes,True,True,0.9987528324127197,0.005139604766300905,False,0.0006849760538898408,0.00028643207042478025,8.98376529221423e-05,0.9987528324127197,3.979160464950837e-05,2.179317016270943e-05,6.512936670333147e-05,3.093041596002877e-05,2.8241509426152334e-05
GCGCATCTAGGTCT-1,7,Naive/resting T cells,Activated/transitional T cells,True,False,0.9912119507789612,0.030401644498076343,False,0.9912119507789612,0.0006384063744917512,0.00037946843076497316,0.001847259933128953,0.0010208964813500643,0.0004225697193760425,0.0025404817424714565,0.0005262059858068824,0.0014127152971923351
GCGCATCTGGTTAC-1,0,Cytotoxic CD8 T cells,Cytotoxic CD8 T cells,True,True,0.35766977071762085,0.8014842537112882,True,0.09292100369930267,0.2093317210674286,0.007361383177340031,0.04451832175254822,0.35766977071762085,0.04396707937121391,0.08983524888753891,0.006895819678902626,0.1474996954202652
GCGCATCTTCGATG-1,7,Naive/resting T cells,Activated/transitional T cells,True,False,0.9974772334098816,0.010211067388111771,False,0.9974772334098816,0.00032407455728389323,0.00014853099128231406,0.00024998109438456595,0.0004625899309758097,0.00013431714614853263,0.0007277096156030893,0.0001353367988485843,0.00034019010490737855
GCGCATCTTGCTCC-1,5,NK cells,NK cells,True,True,0.9900789260864258,0.029508462958968744,False,0.007334630470722914,0.00014119323168415576,0.00011394215835025534,0.00018544743943493813,0.0015576794976368546,0.0001092631064238958,0.00031608130666427314,0.9900789260864258,0.00016286165919154882
GCGCATCTTTCTAC-1,7,Naive/resting T cells,Activated/transitional T cells,True,False,0.988058865070343,0.03490464177939498,False,0.988058865070343,0.0002839564986061305,0.0003214778262190521,0.000343102467013523,0.0005356947076506913,0.00019119416538160294,0.008972742594778538,0.00023799558402970433,0.0010549781145527959
GCGCGAACGTTCTT-1,1,B cells,B cells,True,True,0.9991746544837952,0.0035673720235183015,False,0.0004950562724843621,0.9991746544837952,2.1155217837076634e-05,4.8010369937401265e-05,4.029180126963183e-05,2.747166763583664e-05,0.0001066569602699019,3.463866232777946e-05,5.199720908422023e-05
GCGCGATGAACGGG-1,7,Naive/resting T cells,Activated/transitional T cells,True,False,0.9067030549049377,0.19837367453280266,False,0.9067030549049377,0.00271467468701303,0.002731169341132045,0.003317913506180048,0.009990440681576729,0.0019253302598372102,0.05381256714463234,0.001799036399461329,0.017005838453769684
GCGCGATGGTGCAT-1,5,NK cells,NK cells,True,True,0.9827346205711365,0.045696871881015975,False,0.0007024797378107905,0.0002591932425275445,0.0001518151693744585,0.0003267846768721938,0.014152321964502335,0.0001521081867394969,0.0013006080407649279,0.9827346205711365,0.00022010707471054047
GCGGAGCTCCTGAA-1,2,IL7R+ memory/helper T cells,Activated/transitional T cells,True,False,0.9349772930145264,0.12691421543572942,False,0.9349772930145264,0.001155551173724234,0.0005666952347382903,0.0013479172484949231,0.0017347473185509443,0.0007979483925737441,0.0572923980653286,0.0007749980431981385,0.0013524368405342102
GCGGCAACCCGATA-1,2,IL7R+ memory/helper T cells,IL7R+ memory/helper T cells,True,True,0.9409372210502625,0.12399013126828576,False,0.04813852906227112,0.0012771196197718382,0.0008156170370057225,0.0017610675422474742,0.001887239166535437,0.0009135949658229947,0.9409372210502625,0.0008342345245182514,0.0034353218507021666
GCGGCAACGGAGGT-1,1,B cells,B cells,True,True,0.9982675313949585,0.00677484372249735,False,0.0011754167499020696,0.9982675313949585,3.662152084871195e-05,0.0001130955497501418,0.00010390362149337307,5.544613304664381e-05,7.647882011951879e-05,0.00010363849287386984,6.787126767449081e-05
GCGGCAACTGTCGA-1,3,Classical monocytes,Classical monocytes,True,True,0.9986086487770081,0.00590854837183116,False,0.0005565728642977774,0.0002721492783166468,0.00011942857236135751,0.9986086487770081,0.0001468810223741457,5.28024356754031e-05,8.790680294623598e-05,6.614816811634228e-05,8.951357449404895e-05
GCGTAAACACGGTT-1,3,Classical monocytes,Classical monocytes,True,True,0.9947633147239685,0.019327554603362048,False,0.00046218340867199004,0.0010239719413220882,0.0011021147947758436,0.9947633147239685,0.00035810464760288596,0.0003086934448219836,0.0014729553367942572,0.00019939645426347852,0.0003093187988270074
GCGTAATGCACCAA-1,4,CD16+ non-classical monocytes,CD16+ non-classical monocytes,True,True,0.9924377799034119,0.023200078991896297,False,0.00021417485550045967,0.0003197139303665608,0.9924377799034119,0.006034219171851873,0.00015761403483338654,7.448938413290307e-05,0.0005010796594433486,0.00010136170021723956,0.00015957433788571507
GCGTATGAACACCA-1,2,IL7R+ memory/helper T cells,Activated/transitional T cells,True,False,0.8980439901351929,0.18128847260875355,False,0.8980439901351929,0.0013080630451440811,0.0007823534542694688,0.00196739356033504,0.00882581528276205,0.0009312916663475335,0.08566966652870178,0.0009080142481252551,0.0015634041046723723
GCGTATGATGAGAA-1,3,Classical monocytes,Classical monocytes,True,True,0.9988868832588196,0.004880000592710727,False,0.00012087648792658001,0.00012737682845909148,0.00042255615699104965,0.9988868832588196,0.00015505150076933205,5.107203105580993e-05,9.649492130847648e-05,7.061618816806003e-05,6.914284313097596e-05
GCTACAGAAAGGTA-1,2,IL7R+ memory/helper T cells,Activated/transitional T cells,True,False,0.9973594546318054,0.010192714335761003,False,0.9973594546318054,0.00015554192941635847,0.00010452814603922889,0.00021255196770653129,0.00025797446141950786,0.00010670948540791869,0.001433143625035882,0.00010749156353995204,0.0002626464411150664
GCTACAGAATCTTC-1,1,B cells,B cells,True,True,0.9928624033927917,0.02391609492373232,False,0.0035836324095726013,0.9928624033927917,0.00013483584916684777,0.0002528437471482903,0.0003834239032585174,0.0001633890060475096,0.00033765961416065693,0.0003288213920313865,0.0019529542187228799
GCTACCTGAGAAGT-1,3,Classical monocytes,Classical monocytes,True,True,0.9995520710945129,0.0021548941077563556,False,5.7662244216771796e-05,2.884084460674785e-05,4.803982301382348e-05,0.9995520710945129,0.00014711881522089243,1.84906275535468e-05,8.708192763151601e-05,3.000924516527448e-05,3.0655923183076084e-05
GCTACCTGATCACG-1,2,IL7R+ memory/helper T cells,Activated/transitional T cells,True,False,0.9464402198791504,0.12744073367178768,False,0.9464402198791504,0.0020879418589174747,0.001153905875980854,0.003700174856930971,0.0042462158016860485,0.0015799030661582947,0.034094758331775665,0.0024639018811285496,0.004232996143400669
GCTACGCTAGAATG-1,7,Naive/resting T cells,Activated/transitional T cells,True,False,0.9809905290603638,0.05117896402595215,False,0.9809905290603638,0.000566059083212167,0.00030417050584219396,0.0007050956482999027,0.0008793180459178984,0.0003500270249787718,0.014609461650252342,0.0003375074593350291,0.0012578178429976106
GCTACGCTAGCTAC-1,0,Cytotoxic CD8 T cells,IL7R+ memory/helper T cells,True,False,0.5667762756347656,0.48992679991365345,False,0.1738840490579605,0.0032157758250832558,0.0015426931204274297,0.0030731097795069218,0.24033832550048828,0.0017777654575183988,0.5667762756347656,0.004597527906298637,0.004794472362846136
GCTACGCTCCCTAC-1,2,IL7R+ memory/helper T cells,IL7R+ memory/helper T cells,True,True,0.9582724571228027,0.09841536082450413,False,0.030668700113892555,0.0038958603981882334,0.00046413877862505615,0.001116343541070819,0.0022248493041843176,0.000588419265113771,0.9582724571228027,0.0006350502371788025,0.002134207868948579
GCTAGAACAGAGGC-1,1,B cells,B cells,True,True,0.9992092251777649,0.0035039837782768453,False,0.0004134853952564299,0.9992092251777649,3.059503069380298e-05,7.093891326803714e-05,7.095596083672717e-05,4.6555273002013564e-05,6.543461495311931e-05,2.7966043489868753e-05,6.486543134087697e-05
GCTAGAACGGATCT-1,2,IL7R+ memory/helper T cells,IL7R+ memory/helper T cells,True,True,0.9941406846046448,0.01911544212587949,False,0.004392145201563835,0.00023691619571764022,0.00010326646588509902,0.00023357126337941736,0.0002895955985877663,0.00013575557386502624,0.9941406846046448,0.00013739027781412005,0.0003306371218059212
GCTAGAACTCCCGT-1,6,Activated/transitional T cells,Activated/transitional T cells,True,True,0.5557683110237122,0.43769565028602153,False,0.5557683110237122,0.005224309395998716,0.002757944632321596,0.006439291872084141,0.3854105472564697,0.00647257873788476,0.020343434065580368,0.0034335977397859097,0.014149983413517475
GCTAGATGAGCTCA-1,3,Classical monocytes,Classical monocytes,True,True,0.9994770884513855,0.002484227109559213,False,0.00015238866035360843,3.906370693584904e-05,0.0001228566688951105,0.9994770884513855,5.32141093572136e-05,2.76687387668062e-05,6.169272819533944e-05,3.507537257974036e-05,3.097705848631449e-05
GCTAGATGGCGATT-1,0,Cytotoxic CD8 T cells,Cytotoxic CD8 T cells,True,True,0.9948340654373169,0.018561972416821716,False,0.0015191506827250123,0.0001488911802880466,0.00010385163477621973,0.00020208377100061625,0.9948340654373169,0.00010779404692584649,0.0006817407556809485,0.0005950444028712809,0.0018073992105200887
GCTATACTAAGGCG-1,2,IL7R+ memory/helper T cells,IL7R+ memory/helper T cells,True,True,0.9301245212554932,0.146201171035981,False,0.03360344469547272,0.000653172261081636,0.00034777080873027444,0.0010559988440945745,0.0010617183288559318,0.0004397952288854867,0.9301245212554932,0.0004781096940860152,0.03223545476794243
GCTATACTAGCGTT-1,0,Cytotoxic CD8 T cells,Cytotoxic CD8 T cells,True,True,0.9968602657318115,0.012074706010871461,False,0.00123495701700449,0.00014807928528171033,7.75935041019693e-05,0.00018227528198622167,0.9968602657318115,0.0001290084474021569,0.0004031937278341502,0.0007497961632907391,0.00021482563170138747
GCTATACTCTCTTA-1,7,Naive/resting T cells,Activated/transitional T cells,True,False,0.9901927709579468,0.03233153358490703,False,0.9901927709579468,0.0005617085262201726,0.00029379737679846585,0.0008078187820501626,0.0008722188649699092,0.00036889579496346414,0.004527174402028322,0.00040412513772025704,0.0019714729860424995
GCTATACTGGACGA-1,2,IL7R+ memory/helper T cells,IL7R+ memory/helper T cells,True,True,0.9936835765838623,0.021796004625708174,False,0.002574312500655651,0.00025027745869010687,0.00017621937149669975,0.00043366270256228745,0.00213558878749609,0.00017813868180382997,0.9936835765838623,0.00020784437947440892,0.0003603794320952147
GCTCAAGAACCATG-1,4,CD16+ non-classical monocytes,CD16+ non-classical monocytes,True,True,0.9709988832473755,0.0694698923654685,False,0.0006248679128475487,0.023840995505452156,0.9709988832473755,0.0021938190329819918,0.00027337379287928343,0.00019182791584171355,0.0014604323077946901,0.00021282963280100375,0.00020296535512898117
GCTCAAGAAGTCAC-1,3,Classical monocytes,CD16+ non-classical monocytes,True,False,0.8211570382118225,0.2311904057975628,False,0.0018854504451155663,0.0007408050587400794,0.8211570382118225,0.17263485491275787,0.0009653947781771421,0.0004663880681619048,0.0010084931273013353,0.0005344142555259168,0.0006071163224987686
GCTCAGCTGTCTAG-1,7,Naive/resting T cells,Activated/transitional T cells,True,False,0.584613561630249,0.3854643213623597,False,0.584613561630249,0.002129677915945649,0.001115951337851584,0.0029790117405354977,0.009315661154687405,0.0016769955400377512,0.01524544321000576,0.001440866501070559,0.3814828395843506
GCTCCATGAGAAGT-1,5,NK cells,Cytotoxic CD8 T cells,True,False,0.9959885478019714,0.015100048238885392,False,0.001252633985131979,0.00019051630806643516,0.00014463256229646504,0.00021753163309767842,0.9959885478019714,0.00013464535004459321,0.0010790921514853835,0.0006720999372191727,0.00032028730493038893
GCTCCATGCCGAAT-1,7,Naive/resting T cells,Activated/transitional T cells,True,False,0.8619735836982727,0.2291407292125149,False,0.8619735836982727,0.0018650998827069998,0.001141584711149335,0.0026141677517443895,0.007852419279515743,0.0013638375094160438,0.0068604652769863605,0.0017171638319268823,0.11461164802312851
GCTCGACTCTAGTG-1,3,Classical monocytes,Classical monocytes,True,True,0.9993065595626831,0.0031901545377265206,False,0.0001584055135026574,3.380911221029237e-05,0.00010986051347572356,0.9993065595626831,0.0002117855183314532,3.716506762430072e-05,7.012958667473868e-05,3.1325565942097455e-05,4.09958120144438e-05
GCTGATGAGGTATC-1,3,Classical monocytes,Classical monocytes,True,True,0.9980754852294922,0.007781240419833002,False,0.0009538467857055366,0.00011912111949641258,0.00018186889064963907,0.9980754852294922,0.00012908937060274184,7.307481428142637e-05,0.00026115746004506946,8.693570271134377e-05,0.0001193782445625402
GCTTAACTACAGTC-1,3,Classical monocytes,Classical monocytes,True,True,0.9994556307792664,0.002495003213142927,False,0.0002909894974436611,2.377655437157955e-05,5.372999657993205e-05,0.9994556307792664,3.6912664654664695e-05,1.6718673577997833e-05,4.646233355742879e-05,2.0618203052436e-05,5.512006100616418e-05
GCTTAACTACTGGT-1,0,Cytotoxic CD8 T cells,Cytotoxic CD8 T cells,True,True,0.9960008263587952,0.014692764671899108,False,0.001905049430206418,0.0001511117588961497,0.00010068440315080807,0.00016876666632015258,0.9960008263587952,9.241788211511448e-05,0.0006907196366228163,0.0006697108037769794,0.00022071630519349128
GCTTAACTGCTGAT-1,7,Naive/resting T cells,Activated/transitional T cells,True,False,0.9937503933906555,0.022395966829961058,False,0.9937503933906555,0.00041211731149815023,0.00025022937916219234,0.0005498852115124464,0.0009733131737448275,0.0002879493695218116,0.0015464151510968804,0.0002812117163557559,0.0019484185613691807
GCTTAACTTAGACC-1,3,Classical monocytes,Classical monocytes,True,True,0.998938262462616,0.0044802476051106705,False,0.0006216953624971211,0.00012443870946299285,0.00010163000115426257,0.998938262462616,5.44108625035733e-05,2.9193444788688794e-05,6.568762910319492e-05,3.912036117981188e-05,2.5622479370213114e-05
GCTTAACTTCAGTG-1,2,IL7R+ memory/helper T cells,Activated/transitional T cells,True,False,0.5201963782310486,0.33845434693623166,False,0.5201963782310486,0.0006266047130338848,0.00040488637750968337,0.0007623524288646877,0.004239071626216173,0.00042190670501440763,0.4720209836959839,0.00042703820508904755,0.0009007721673697233
GGAACACTCACTTT-1,3,Classical monocytes,Classical monocytes,True,True,0.9976993203163147,0.008854028664231831,False,0.0014171181246638298,0.00015238477499224246,0.00022946763783693314,0.9976993203163147,0.00011773968435591087,6.004654642310925e-05,0.00012825454177800566,7.432748680002987e-05,0.00012134260032325983
GGAACACTTCAGAC-1,8,Platelets,Cytotoxic CD8 T cells,False,False,0.30499616265296936,0.7575435048414147,True,0.2899785339832306,0.01575643941760063,0.031998131424188614,0.12955650687217712,0.30499616265296936,0.013333088718354702,0.024150831624865532,0.010233256034553051,0.179997056722641
GGAACTACTACTTC-1,2,IL7R+ memory/helper T cells,Activated/transitional T cells,True,False,0.8463196754455566,0.2727197301023915,False,0.8463196754455566,0.005534326657652855,0.002899987157434225,0.007770858705043793,0.008305283263325691,0.004307859111577272,0.11112594604492188,0.003963752184063196,0.009772352874279022
GGAACTTGAAGGTA-1,3,Classical monocytes,Classical monocytes,True,True,0.9994379878044128,0.002672739585231926,False,9.073018009075895e-05,8.729007095098495e-05,0.00012792786583304405,0.9994379878044128,3.6652050766861066e-05,3.6559747968567535e-05,8.403150422964245e-05,2.4836584998411126e-05,7.400374306598678e-05
GGAACTTGAGAATG-1,0,Cytotoxic CD8 T cells,Activated/transitional T cells,True,False,0.6363356113433838,0.4458289450411676,False,0.6363356113433838,0.0021218780893832445,0.0012679065112024546,0.0026920128148049116,0.1649215668439865,0.0015962986508384347,0.18501034379005432,0.0020629968494176865,0.003991385921835899
GGAACTTGCTCCAC-1,3,Classical monocytes,Classical monocytes,True,True,0.9983670115470886,0.006569358470441095,False,0.00016693465295247734,0.00010277476394549012,0.0009702881798148155,0.9983670115470886,6.283364200498909e-05,4.2294239392504096e-05,0.00011575538519537076,4.6806038881186396e-05,0.00012525837519206107
GGAACTTGGGTAGG-1,1,B cells,B cells,True,True,0.997614860534668,0.008755983928646715,False,0.001792929251678288,0.997614860534668,4.0468275983585045e-05,0.00011796189937740564,8.718178287381306e-05,5.462220360641368e-05,0.0001254886155948043,7.693478983128443e-05,8.956728561315686e-05
GGAAGGACATCGGT-1,3,Classical monocytes,Classical monocytes,True,True,0.9990021586418152,0.004339551650367894,False,0.0004419450124260038,4.7837518650339916e-05,0.000219525201828219,0.9990021586418152,5.274300565361045e-05,3.144101719954051e-05,9.326173312729225e-05,5.064385914010927e-05,6.041303277015686e-05
GGAAGGACCACTAG-1,2,IL7R+ memory/helper T cells,IL7R+ memory/helper T cells,True,True,0.6021002531051636,0.4398714591076404,False,0.08741553872823715,0.0020735443104058504,0.0013109728461131454,0.002586575923487544,0.2956707775592804,0.004359624348580837,0.6021002531051636,0.0015005286550149322,0.0029821800999343395
GGAAGGACGAGGGT-1,2,IL7R+ memory/helper T cells,IL7R+ memory/helper T cells,True,True,0.7347269058227539,0.3150002105613507,False,0.23653297126293182,0.0009195624152198434,0.0004949495778419077,0.0010799213778227568,0.023526746779680252,0.0006277374341152608,0.7347269058227539,0.0006803610012866557,0.0014108557952567935
GGAAGGACGCGAAG-1,0,Cytotoxic CD8 T cells,Cytotoxic CD8 T cells,True,True,0.9835846424102783,0.04782764030237903,False,0.007974397391080856,0.00072347407694906,0.0002395684423390776,0.0006911589880473912,0.9835846424102783,0.00028565380489453673,0.005709481425583363,0.0003507411456666887,0.0004408851673360914
GGAAGGTGGCGAGA-1,5,NK cells,NK cells,True,True,0.9318901896476746,0.1390493377790787,False,0.003704110160470009,0.0030648992396891117,0.0010398052399978042,0.0009939605370163918,0.05470947176218033,0.0005624383338727057,0.0033277859911322594,0.9318901896476746,0.0007073861779645085
GGAATCTGAAGGGC-1,2,IL7R+ memory/helper T cells,IL7R+ memory/helper T cells,True,True,0.8085392117500305,0.3119185160115112,False,0.13664765655994415,0.005303403828293085,0.0023798916954547167,0.007204256486147642,0.028203288093209267,0.002256280044093728,0.8085392117500305,0.002382254460826516,0.00708379689604044
GGAATCTGAGGAGC-1,2,IL7R+ memory/helper T cells,Activated/transitional T cells,True,False,0.5450460910797119,0.47108754434979344,False,0.5450460910797119,0.01695844531059265,0.005348748993128538,0.011882332153618336,0.01789195090532303,0.006133461836725473,0.3788650631904602,0.006361742038279772,0.011512147262692451
GGAATCTGCTTAGG-1,1,B cells,B cells,True,True,0.9994314312934875,0.0025577780682525244,False,0.00033804713166318834,0.9994314312934875,1.604759381734766e-05,3.031806045328267e-05,4.6276632929220796e-05,2.1666783140972257e-05,3.0459023037110455e-05,1.6968495401670225e-05,6.881487934151664e-05
GGAATCTGCTTGTT-1,3,Classical monocytes,Classical monocytes,True,True,0.9995587468147278,0.002136186850445084,False,4.9872349336510524e-05,4.2919364204863086e-05,0.00010050214041257277,0.9995587468147278,6.159529584692791e-05,2.2501299099531025e-05,0.00011376757902326062,2.6756859369925223e-05,2.3334898287430406e-05
GGAATCTGGGAGGT-1,2,IL7R+ memory/helper T cells,Activated/transitional T cells,True,False,0.8655914068222046,0.208831020854467,False,0.8655914068222046,0.001775470795109868,0.0008628134382888675,0.001922746654599905,0.00329805095680058,0.0011585636530071497,0.1220724806189537,0.0012382343411445618,0.002080278005450964
GGAATGCTTTCTAC-1,7,Naive/resting T cells,Activated/transitional T cells,True,False,0.9863060712814331,0.04264927560287342,False,0.9863060712814331,0.0006090492242947221,0.00031499064061790705,0.0007257836987264454,0.004710689652711153,0.00043360190466046333,0.005153751000761986,0.0004346609639469534,0.0013114101020619273
GGACAGGAAAGGGC-1,0,Cytotoxic CD8 T cells,Cytotoxic CD8 T cells,True,True,0.9738122820854187,0.06598204273934244,False,0.020318979397416115,0.0009962820913642645,0.0001850116823334247,0.00038908119313418865,0.9738122820854187,0.00021122067118994892,0.0018303785473108292,0.0016002397751435637,0.0006565216463059187
GGACAGGAGTGCTA-1,1,B cells,B cells,True,True,0.9991819262504578,0.003634747975498345,False,0.0003120959154330194,0.9991819262504578,2.014459460042417e-05,6.133571150712669e-05,9.776474325917661e-05,3.1895651773083955e-05,0.00022598379291594028,2.777399458864238e-05,4.1111277823802084e-05
GGACAGGATCTCGC-1,2,IL7R+ memory/helper T cells,IL7R+ memory/helper T cells,True,True,0.8639023303985596,0.24264606402104466,False,0.09273753315210342,0.0034805648028850555,0.0012629427947103977,0.0032261016312986612,0.02978033386170864,0.0013676416128873825,0.8639023303985596,0.0015017654513940215,0.00274079293012619
GGACCCGAAGCTAC-1,3,Classical monocytes,Classical monocytes,True,True,0.9991554021835327,0.0038095523928539364,False,0.00010953091987175867,5.336033791536465e-05,0.0002938518300652504,0.9991554021835327,7.107282726792619e-05,3.419112181290984e-05,0.0001593628985574469,4.190198887954466e-05,8.137481199810281e-05
GGACCGTGCTTACT-1,3,Classical monocytes,Classical monocytes,True,True,0.9989181756973267,0.0047615757490442395,False,0.000307556678308174,0.0001776853750925511,0.0002647915971465409,0.9989181756973267,8.646539208712056e-05,5.1975035603391007e-05,9.316117939306423e-05,5.2700961532536894e-05,4.751709275296889e-05
GGACCGTGGGAACG-1,3,Classical monocytes,Classical monocytes,True,True,0.9987586736679077,0.005421898671146139,False,0.0001455699821235612,0.00024360118550248444,0.00013830124225933105,0.9987586736679077,0.00020736680016852915,6.365312583511695e-05,0.00032565745641477406,6.0998936532996595e-05,5.621923992293887e-05
GGACCGTGTAACGC-1,2,IL7R+ memory/helper T cells,IL7R+ memory/helper T cells,True,True,0.8656193614006042,0.226665291189731,False,0.10919690877199173,0.0037576481699943542,0.0009848288027569652,0.0028356562834233046,0.012705488130450249,0.0012909065699204803,0.8656193614006042,0.0017604328459128737,0.0018488051136955619
GGACCTCTGTAAGA-1,3,Classical monocytes,Classical monocytes,True,True,0.9968594312667847,0.012285939949626689,False,0.00034893100382760167,0.0005289674736559391,0.001118066138587892,0.9968594312667847,0.00030525372130796313,0.0001392820558976382,0.0003841727157123387,0.000174812157638371,0.00014109734911471605
GGACCTCTTTTCTG-1,0,Cytotoxic CD8 T cells,Cytotoxic CD8 T cells,True,True,0.9974330067634583,0.010276962011661736,False,0.0005921664414927363,0.0003323279961477965,8.973656076705083e-05,0.00013412328553386033,0.9974330067634583,8.406006236327812e-05,0.0003308272280264646,0.0007638402748852968,0.0002399680088274181
GGACGAGAGTGTCA-1,3,Classical monocytes,Classical monocytes,True,True,0.9990137815475464,0.004329586642255776,False,0.0001763206673786044,4.499893475440331e-05,0.00012591664562933147,0.9990137815475464,5.3373030823422596e-05,7.215884397737682e-05,4.701720899902284e-05,0.00041431430145166814,5.2056107961107045e-05
GGACGCTGACGCAT-1,0,Cytotoxic CD8 T cells,Cytotoxic CD8 T cells,True,True,0.994821310043335,0.018118674118493418,False,0.0021305966656655073,0.00017853682220447809,0.00010030597331933677,0.00021923804888501763,0.994821310043335,0.00013130901788827032,0.0019645318388938904,0.00023040812811814249,0.00022373191313818097
GGACGCTGCTAGCA-1,7,Naive/resting T cells,Activated/transitional T cells,True,False,0.9960274696350098,0.014845299559730055,False,0.9960274696350098,0.00020304312056396157,0.00015791704936418682,0.0002471283369231969,0.0015290963929146528,0.00013671352644450963,0.0009741432731971145,0.00015033670933917165,0.0005741975037381053
GGACGCTGTCCTCG-1,5,NK cells,NK cells,True,True,0.996647298336029,0.01306991027702671,False,0.0007276680553331971,0.00014955511142034084,0.00016903411597013474,0.0001957614440470934,0.000899441831279546,0.00046011205995455384,0.0005755949532613158,0.996647298336029,0.0001754971599439159
GGAGAGACGTGAGG-1,2,IL7R+ memory/helper T cells,B cells,True,False,0.9175966382026672,0.15462907477848345,False,0.010397186502814293,0.9175966382026672,0.00038553180638700724,0.0010321997106075287,0.0012209578417241573,0.000406900915550068,0.06762450933456421,0.00046769605251029134,0.0008683554478920996
GGAGCAGATTCAGG-1,1,B cells,B cells,True,True,0.765673041343689,0.302369494311848,False,0.21049292385578156,0.765673041343689,0.0017055072821676731,0.003088508965447545,0.007061426527798176,0.0023454127367585897,0.005604182370007038,0.0017439071089029312,0.002285079564899206
GGAGCCACCTTCTA-1,1,B cells,B cells,True,True,0.9992340803146362,0.0034733715899415048,False,0.00025247069424949586,0.9992340803146362,3.532502887537703e-05,8.728698594495654e-05,4.437567986315116e-05,3.762646883842535e-05,0.00018764247943181545,2.7594192943070084e-05,9.365911682834849e-05
GGAGCGCTACGCAT-1,3,Classical monocytes,Classical monocytes,True,True,0.9978646636009216,0.008053664987565016,False,0.00015281900414265692,7.926573016447946e-05,0.0015126342186704278,0.9978646636009216,7.340802403632551e-05,4.3509240640560165e-05,0.0001573011395521462,5.529936606762931e-05,6.113877316238359e-05
GGAGCGCTCCGAAT-1,2,IL7R+ memory/helper T cells,IL7R+ memory/helper T cells,True,True,0.9502347707748413,0.10529671641507832,False,0.04143236577510834,0.0004490450955927372,0.00030669913394376636,0.0006323378183878958,0.004960520192980766,0.00031363710877485573,0.9502347707748413,0.0003167107643093914,0.0013539623469114304
GGAGGATGCCACCT-1,7,Naive/resting T cells,Activated/transitional T cells,True,False,0.8036179542541504,0.28982080391357784,False,0.8036179542541504,0.005880714859813452,0.001888404949568212,0.006857643369585276,0.005133493337780237,0.002493646927177906,0.005490477196872234,0.002769657876342535,0.16586798429489136
GGAGGATGGTTGAC-1,3,Classical monocytes,Classical monocytes,True,True,0.974831223487854,0.056407540649820516,False,0.00020545723964460194,0.024090664461255074,0.0002560961293056607,0.974831223487854,0.00023968005552887917,7.775485573802143e-05,0.00015389325562864542,6.884810863994062e-05,7.632791675860062e-05
GGAGGATGTCAGTG-1,3,Classical monocytes,Classical monocytes,True,True,0.9995237588882446,0.0022900905726094714,False,9.689480066299438e-05,4.566435018205084e-05,0.0001256051764357835,0.9995237588882446,4.544924740912393e-05,2.5808627469814382e-05,7.936867768876255e-05,3.633287997217849e-05,2.1157948140171356e-05
GGAGGCCTCGTTGA-1,5,NK cells,Cytotoxic CD8 T cells,True,False,0.8447920083999634,0.3050338180546895,False,0.03240056708455086,0.008221643045544624,0.002433216664940119,0.0036561337765306234,0.8447920083999634,0.011491207405924797,0.01849682629108429,0.07405878603458405,0.004449589177966118
GGAGGCCTTTCTTG-1,7,Naive/resting T cells,Activated/transitional T cells,True,False,0.9714644551277161,0.08205226646215943,False,0.9714644551277161,0.004384926054626703,0.0007063298835419118,0.0016525558894500136,0.0018033977830782533,0.003958859480917454,0.009741994552314281,0.0007813476258888841,0.005506161600351334
GGAGGTGATACGCA-1,2,IL7R+ memory/helper T cells,IL7R+ memory/helper T cells,True,True,0.7983790040016174,0.25545577859374236,False,0.19156262278556824,0.0012981314212083817,0.000767747696954757,0.0015532791148871183,0.0026862069498747587,0.0009282822138629854,0.7983790040016174,0.0009647436090745032,0.0018600079929456115
GGAGGTGATCGCTC-1,2,IL7R+ memory/helper T cells,IL7R+ memory/helper T cells,True,True,0.9002669453620911,0.1956536351337314,False,0.03932220861315727,0.002897533355280757,0.0007405625656247139,0.0015259566716849804,0.051953814923763275,0.0007993390318006277,0.9002669453620911,0.0008515808149240911,0.0016421162290498614
GGATACTGCAGCTA-1,2,IL7R+ memory/helper T cells,Activated/transitional T cells,True,False,0.5439237952232361,0.5185349559473592,False,0.5439237952232361,0.0037155395839363337,0.002282803412526846,0.004483270924538374,0.1787157654762268,0.002963043749332428,0.24615426361560822,0.0026942153926938772,0.015067333355545998
GGATACTGTCTAGG-1,2,IL7R+ memory/helper T cells,IL7R+ memory/helper T cells,True,True,0.9603586792945862,0.09193285411443154,False,0.031157318502664566,0.0030914132948964834,0.0006215362809598446,0.0015073810936883092,0.001401014276780188,0.00045166697236709297,0.9603586792945862,0.0004486789111979306,0.0009623210062272847
GGATAGCTCGTCTC-1,2,IL7R+ memory/helper T cells,IL7R+ memory/helper T cells,True,True,0.9919718503952026,0.024231615304752888,False,0.006550095975399017,0.0001608647871762514,9.11618844838813e-05,0.00027729864814318717,0.00035372423008084297,0.00011193838872713968,0.9919718503952026,0.00011774991435231641,0.00036535938852466643
GGATAGCTCTGAAC-1,0,Cytotoxic CD8 T cells,Cytotoxic CD8 T cells,True,True,0.9889694452285767,0.032313160583795165,False,0.008525689132511616,0.00033598189475014806,0.00011273550626356155,0.00023178683477453887,0.9889694452285767,0.00013142799434717745,0.0008130049100145698,0.0004824123752769083,0.00039750186260789633
GGATGTACCAAAGA-1,1,B cells,B cells,True,True,0.9982156753540039,0.006714888867939049,False,0.0013831611722707748,0.9982156753540039,3.85944549634587e-05,4.6675118937855586e-05,0.0001322702009929344,3.919610389857553e-05,6.489908992080018e-05,2.9040420486126095e-05,5.050563413533382e-05
GGATGTACGCGAAG-1,7,Naive/resting T cells,Activated/transitional T cells,True,False,0.7001006603240967,0.38399698512786445,False,0.7001006603240967,0.0016812006942927837,0.0009573023999109864,0.002033769153058529,0.002726278966292739,0.0011319894110783935,0.2075636237859726,0.0011824386892840266,0.0826227068901062
GGATGTACGTCTTT-1,3,Classical monocytes,Classical monocytes,True,True,0.9979159235954285,0.008346912703513908,False,0.0009559639729559422,0.00011425002594478428,0.00044808717211708426,0.9979159235954285,0.0001240337878698483,7.232301868498325e-05,0.0001658024702919647,9.468606731388718e-05,0.00010889946133829653
GGATGTACGTGTCA-1,0,Cytotoxic CD8 T cells,Cytotoxic CD8 T cells,True,True,0.9911337494850159,0.029201032823887942,False,0.0025297889951616526,0.0002526918251533061,0.0001740499137667939,0.00031011810642667115,0.9911337494850159,0.0001993629994103685,0.0035169029142707586,0.00023804919328540564,0.0016453488497063518
GGATTTCTAGGTTC-1,2,IL7R+ memory/helper T cells,IL7R+ memory/helper T cells,True,True,0.5024429559707642,0.441661761701449,False,0.4409283399581909,0.015095251612365246,0.003937147557735443,0.007432256825268269,0.015892140567302704,0.004243099596351385,0.5024429559707642,0.004326298832893372,0.005702526308596134
GGATTTCTTTGTCT-1,3,Classical monocytes,Classical monocytes,True,True,0.9989117383956909,0.004839570260659351,False,0.00012214457092341036,0.0002055125660263002,0.00026005200925283134,0.9989117383956909,0.00013217284868005663,6.757710070814937e-05,0.00017933759954757988,5.045936632086523e-05,7.100651419023052e-05
GGCAAGGAAAAAGC-1,5,NK cells,NK cells,True,True,0.9984217882156372,0.006653171436453752,False,0.00022363125754054636,9.108462108997628e-05,0.00011792768782470375,0.00012324171257205307,0.0006071004900150001,6.678634963463992e-05,0.0002270528784720227,0.9984217882156372,0.0001213907526107505
GGCAAGGAAGAAGT-1,2,IL7R+ memory/helper T cells,Activated/transitional T cells,True,False,0.9528764486312866,0.11290879695707914,False,0.9528764486312866,0.0013172178296372294,0.0008814544416964054,0.001637968816794455,0.009513196535408497,0.0008559093112125993,0.02926481142640114,0.0014948506141081452,0.0021581503096967936
GGCAAGGACTTGGA-1,3,Classical monocytes,Classical monocytes,True,True,0.9988123178482056,0.0050835226835231175,False,7.668748730793595e-05,4.855780571233481e-05,0.0004043637018185109,0.9988123178482056,0.000381718622520566,3.1120056519284844e-05,9.817322279559448e-05,3.712359466589987e-05,0.00010994229523930699
GGCAAGGAGGACTT-1,2,IL7R+ memory/helper T cells,Activated/transitional T cells,True,False,0.7726629972457886,0.26471082388915584,False,0.7726629972457886,0.0009493040852248669,0.0005212752730585635,0.0010838726302608848,0.0016932700527831912,0.0006331742624752223,0.22006909549236298,0.0006309313466772437,0.0017561292042955756
GGCAATACGCTAAC-1,1,B cells,B cells,True,True,0.9988596439361572,0.004591369471160503,False,0.00082246377132833,0.9988596439361572,1.629004873393569e-05,3.401239882805385e-05,3.806393942795694e-05,0.00012594909640029073,4.083995372639038e-05,1.8618657122715376e-05,4.4186490413267165e-05
GGCAATACGGCATT-1,6,Activated/transitional T cells,Cytotoxic CD8 T cells,True,False,0.9771331548690796,0.06219959468396506,False,0.015333953313529491,0.0006160794291645288,0.000518041371833533,0.0007467500399798155,0.9771331548690796,0.0003972908016294241,0.0011585436295717955,0.002598579740151763,0.001497649122029543
GGCAATACGTTTCT-1,1,B cells,B cells,True,True,0.9988014698028564,0.004938367705298433,False,0.0007644281140528619,0.9988014698028564,3.7623525713570416e-05,7.902111246949062e-05,5.7931465562433004e-05,4.6614852180937305e-05,0.00012142359628342092,3.81532299797982e-05,5.328088809619658e-05
GGCACGTGGCTTAG-1,4,CD16+ non-classical monocytes,CD16+ non-classical monocytes,True,True,0.9975288510322571,0.009777550907843607,False,0.00028008900699205697,0.00018573815759737045,0.9975288510322571,0.0011134676169604063,0.00021744666446466,7.113911851774901e-05,0.0003114004503004253,0.0002277780877193436,6.405125168384984e-05
GGCACTCTTTTGTC-1,2,IL7R+ memory/helper T cells,IL7R+ memory/helper T cells,True,True,0.9675119519233704,0.08936068884832464,False,0.015070526860654354,0.004871615208685398,0.0010941666550934315,0.0019641167018562555,0.005021765362471342,0.0012257007183507085,0.9675119519233704,0.0012375898659229279,0.0020025765988975763
GGCATATGCTTATC-1,5,NK cells,NK cells,True,True,0.9306394457817078,0.13575918992352395,False,0.0031719172839075327,0.001564911799505353,0.0006105421343818307,0.0008263085037469864,0.05929490551352501,0.0004367152869235724,0.0023455999325960875,0.9306394457817078,0.001109618810005486
GGCATATGGGGAGT-1,8,Platelets,Activated/transitional T cells,False,False,0.35745322704315186,0.6729608398302254,True,0.35745322704315186,0.009359764866530895,0.017667116597294807,0.2580621540546417,0.2713765799999237,0.006198149174451828,0.014670605771243572,0.006387089379131794,0.058825328946113586
GGCATATGTGTGAC-1,2,IL7R+ memory/helper T cells,IL7R+ memory/helper T cells,True,True,0.8022037744522095,0.2900959082661393,False,0.16738136112689972,0.003602845361456275,0.0018837501993402839,0.004517123568803072,0.007904984056949615,0.0024132924154400826,0.8022037744522095,0.0025840955786406994,0.007508731447160244
GGCCACGACAGAGG-1,6,Activated/transitional T cells,Activated/transitional T cells,True,True,0.9866672158241272,0.0433112036883988,False,0.9866672158241272,0.0011935184011235833,0.0005400105146691203,0.0019227913580834866,0.002706713043153286,0.0006814465741626918,0.0044913929887115955,0.0006777297239750624,0.001119146472774446
GGCCAGACTGGTTG-1,2,IL7R+ memory/helper T cells,IL7R+ memory/helper T cells,True,True,0.9337833523750305,0.14073835835871512,False,0.04833002761006355,0.001228177803568542,0.0006984678329899907,0.0019045835360884666,0.008942204527556896,0.0008387771085835993,0.9337833523750305,0.0008690226823091507,0.0034054142888635397
GGCCCAGAAAGTAG-1,3,Classical monocytes,Classical monocytes,True,True,0.9988499879837036,0.004977556404845221,False,0.000392634334275499,5.1138034905306995e-05,0.0003140870830975473,0.9988499879837036,8.396492921747267e-05,3.7541267374763265e-05,0.00013671928900294006,4.957830242346972e-05,8.432572212768719e-05
GGCCGAACAACGAA-1,7,Naive/resting T cells,Activated/transitional T cells,True,False,0.9834200143814087,0.04938022408285727,False,0.9834200143814087,0.0011506002629175782,0.0003335110086482018,0.004263997543603182,0.0006432290538214147,0.0003876281261909753,0.008205203339457512,0.00037538347532972693,0.0012204742524772882
GGCCGAACGCAGAG-1,6,Activated/transitional T cells,Activated/transitional T cells,True,True,0.7838373184204102,0.3626808720856888,False,0.7838373184204102,0.0064311036840081215,0.0036367198918014765,0.010539221577346325,0.042353205382823944,0.004330203402787447,0.13199613988399506,0.007060889154672623,0.009815240278840065
GGCCGAACGTAGGG-1,7,Naive/resting T cells,Activated/transitional T cells,True,False,0.8949764370918274,0.23178861574823253,False,0.8949764370918274,0.006257396657019854,0.003418286796659231,0.0073485965840518475,0.007850296795368195,0.004461382515728474,0.02896158955991268,0.004498346708714962,0.04222768172621727
GGCCGAACTCTAGG-1,5,NK cells,NK cells,True,True,0.9912740588188171,0.02868125481017736,False,0.0010758242569863796,0.004670868627727032,0.00023681703896727413,0.0002898091624956578,0.0012742170365527272,0.0002565298054832965,0.0006923884502612054,0.9912740588188171,0.00022951079881750047
GGCCGATGCAGGAG-1,2,IL7R+ memory/helper T cells,Activated/transitional T cells,True,False,0.6085395216941833,0.4512652720774338,False,0.6085395216941833,0.005375453270971775,0.002484747674316168,0.006035009864717722,0.006589846685528755,0.0032604956068098545,0.2953247129917145,0.003294964088127017,0.06909523159265518
GGCCGATGCCGAAT-1,2,IL7R+ memory/helper T cells,IL7R+ memory/helper T cells,True,True,0.9788615703582764,0.05911050117009568,False,0.011684748344123363,0.00055483024334535,0.0003183216613251716,0.0007634341600351036,0.0015537990257143974,0.0003806410531979054,0.9788615703582764,0.00042076988029293716,0.0054618073627352715
GGCCGATGTACTCT-1,0,Cytotoxic CD8 T cells,Cytotoxic CD8 T cells,True,True,0.9026384353637695,0.18604912730800346,False,0.07242300361394882,0.0009979215683415532,0.000551464268937707,0.0012831658823415637,0.9026384353637695,0.0008027179283089936,0.011027492582798004,0.0014373107114806771,0.008838486857712269
GGCGACACTGCCCT-1,0,Cytotoxic CD8 T cells,NK cells,True,False,0.5505148768424988,0.5107115918584306,False,0.012506810016930103,0.0029730722308158875,0.00207837438210845,0.004688146524131298,0.2154492437839508,0.001982947112992406,0.2074810117483139,0.5505148768424988,0.0023254966363310814
GGCGACTGCGTAAC-1,2,IL7R+ memory/helper T cells,Activated/transitional T cells,True,False,0.5917806029319763,0.3597683205866437,False,0.5917806029319763,0.0018444450106471777,0.0012233483139425516,0.004417682997882366,0.004795635584741831,0.0013318528654053807,0.38857921957969666,0.0018543270416557789,0.004172900691628456
GGCGCATGCCTAAG-1,4,CD16+ non-classical monocytes,CD16+ non-classical monocytes,True,True,0.9960653185844421,0.014943188365600353,False,0.0005132962251082063,0.00018045683100353926,0.9960653185844421,0.0013810181990265846,0.0003999488544650376,0.0001465741515858099,0.000801598362158984,0.00023326807422563434,0.0002785903634503484
GGCGCATGCTCCAC-1,2,IL7R+ memory/helper T cells,Activated/transitional T cells,True,False,0.8946508765220642,0.21158757899190647,False,0.8946508765220642,0.008283266797661781,0.0021890224888920784,0.004188182298094034,0.004626946523785591,0.0024610443506389856,0.07084620743989944,0.0025844976771622896,0.01016992423683405
GGCGCATGTGGAAA-1,6,Activated/transitional T cells,Activated/transitional T cells,True,True,0.9763180017471313,0.062073474609011636,False,0.9763180017471313,0.0009140650508925319,0.00044115452328696847,0.000933675211854279,0.0016321309376507998,0.0005132785299792886,0.017750810831785202,0.0006129165412858129,0.0008840499795041978
GGCGGACTAGAGGC-1,2,IL7R+ memory/helper T cells,IL7R+ memory/helper T cells,True,True,0.6871093511581421,0.48466882022877134,False,0.17000332474708557,0.010976902209222317,0.015539773739874363,0.014451523311436176,0.0699939876794815,0.0076858713291585445,0.6871093511581421,0.010781598277390003,0.013457713648676872
GGCGGACTAGGAGC-1,0,Cytotoxic CD8 T cells,Cytotoxic CD8 T cells,True,True,0.9935457110404968,0.0223036576691255,False,0.0031777804251760244,0.0005294755101203918,0.00011466895375633612,0.0002486583834979683,0.9935457110404968,0.00019254708604421467,0.0012442047009244561,0.0005760607309639454,0.00037091775448061526
GGCGGACTCTGACA-1,7,Naive/resting T cells,Activated/transitional T cells,True,False,0.9828516244888306,0.05183625500954278,False,0.9828516244888306,0.0010578971123322845,0.0006008953205309808,0.0012818524846807122,0.0015912919770926237,0.0007627540617249906,0.008898787200450897,0.0007714066887274384,0.0021834864746779203
GGCGGACTCTTGGA-1,0,Cytotoxic CD8 T cells,Cytotoxic CD8 T cells,True,True,0.9964145421981812,0.013452842265002271,False,0.0007090274593792856,0.0013647571904584765,5.555907773668878e-05,0.00011328000255161896,0.9964145421981812,6.992582348175347e-05,0.00043096570880152285,0.0007492647273465991,9.270472219213843e-05
GGCGGACTTACTGG-1,7,Naive/resting T cells,Activated/transitional T cells,True,False,0.994513750076294,0.01846258874817263,False,0.994513750076294,0.00024394287902396172,0.00014222618483472615,0.00025872368132695556,0.00043337399256415665,0.00014896081120241433,0.0038035085890442133,0.00017477976507507265,0.00028073127032257617
GGCGGACTTGAACC-1,2,IL7R+ memory/helper T cells,IL7R+ memory/helper T cells,True,True,0.6137128472328186,0.41008595897588307,False,0.3378182053565979,0.005859013181179762,0.0031367901246994734,0.014246146194636822,0.008481409400701523,0.003964739385992289,0.6137128472328186,0.003995021805167198,0.008785813115537167
GGCTAAACACCTGA-1,0,Cytotoxic CD8 T cells,NK cells,True,False,0.9543620944023132,0.11058650328137462,False,0.007621306926012039,0.0008804925018921494,0.0007738980930298567,0.0013981419615447521,0.028239576146006584,0.0006592804566025734,0.004149255808442831,0.9543620944023132,0.001915974309667945
GGCTAAACTCTTAC-1,2,IL7R+ memory/helper T cells,Activated/transitional T cells,True,False,0.7420724630355835,0.36305594305040506,False,0.7420724630355835,0.00700807012617588,0.0037771861534565687,0.008327298797667027,0.013276164419949055,0.004807883873581886,0.2058117389678955,0.005004247184842825,0.009914932772517204
GGCTAATGAGCACT-1,0,Cytotoxic CD8 T cells,Cytotoxic CD8 T cells,True,True,0.9986035227775574,0.005888514138316986,False,0.0004101743979845196,6.08127229497768e-05,3.302731420262717e-05,0.00010993482283083722,0.9986035227775574,4.3400337744969875e-05,0.00030435752705670893,0.0003898364375345409,4.497144982451573e-05
GGCTAATGGTCTAG-1,7,Naive/resting T cells,Activated/transitional T cells,True,False,0.9869822859764099,0.04064803341920203,False,0.9869822859764099,0.0017200942384079099,0.00026172047364525497,0.0005334297893568873,0.0007378698792308569,0.0003173880686517805,0.005883243400603533,0.00031744284206070006,0.0032465162221342325
GGCTCACTACTCAG-1,3,Classical monocytes,Classical monocytes,True,True,0.9993095397949219,0.003156878832841789,False,8.478182280668989e-05,7.97817629063502e-05,0.00011420158261898905,0.9993095397949219,0.00027034414233639836,2.6565567168290727e-05,5.7602639571996406e-05,2.7524312827154063e-05,2.9684289984288625e-05
GGGAACGAAGCTCA-1,4,CD16+ non-classical monocytes,CD16+ non-classical monocytes,True,True,0.997706413269043,0.009295367877662136,False,0.00017674051923677325,0.00041618640534579754,0.997706413269043,0.0007049732957966626,0.0001518372300779447,9.326841245638207e-05,0.0005015966598875821,0.00012544234050437808,0.00012349484313745052
GGGAACGACACAAC-1,1,B cells,B cells,True,True,0.9987713694572449,0.004963331547320244,False,0.0008604848990216851,0.9987713694572449,2.80161875707563e-05,7.029726839391515e-05,5.642471296596341e-05,5.126897667651065e-05,8.237769361585379e-05,2.9407567126327194e-05,5.036929724155925e-05
GGGAACGAGTGTCA-1,3,Classical monocytes,Classical monocytes,True,True,0.99913090467453,0.003943885692291193,False,0.00017436004418414086,6.965039210626855e-05,0.0002543925656937063,0.99913090467453,6.490855594165623e-05,8.908192103262991e-05,7.116576307453215e-05,4.9061476602219045e-05,9.653957386035472e-05
GGGAAGTGTTGAGC-1,3,Classical monocytes,Classical monocytes,True,True,0.9993249177932739,0.0030726594262016553,False,0.0003013434470631182,4.142143006902188e-05,8.477859228150919e-05,0.9993249177932739,6.688782741548494e-05,2.508527904865332e-05,9.140180191025138e-05,3.9890521293273196e-05,2.4252256480394863e-05
GGGACCACACGTTG-1,0,Cytotoxic CD8 T cells,Cytotoxic CD8 T cells,True,True,0.9934410452842712,0.02304124132132887,False,0.0009317635558545589,0.00029914212063886225,0.000307382142636925,0.0003550811961758882,0.9934410452842712,0.00020196156401652843,0.0017545721493661404,0.0023870361037552357,0.0003220078069716692
GGGACCACAGAACA-1,7,Naive/resting T cells,Activated/transitional T cells,True,False,0.9936884045600891,0.021999210826144536,False,0.9936884045600891,0.0010544916149228811,0.00019514116866048425,0.0004636622907128185,0.00046239671064540744,0.00025609415024518967,0.0031263914424926043,0.00024067549384199083,0.0005127765471115708
GGGACCACGAATAG-1,2,IL7R+ memory/helper T cells,IL7R+ memory/helper T cells,True,True,0.5953435301780701,0.39424859982256955,False,0.36688002943992615,0.00373243005014956,0.002234961371868849,0.004865163471549749,0.01119276788085699,0.0024700495414435863,0.5953435301780701,0.002692632842808962,0.010588407516479492
GGGACCACGTCATG-1,7,Naive/resting T cells,Naive/resting T cells,True,True,0.7775000929832458,0.27647268786324913,False,0.20846809446811676,0.003980325534939766,0.0007680048584006727,0.001793412957340479,0.0020564482547342777,0.0010373768163844943,0.0033841736149042845,0.0010120257502421737,0.7775000929832458
GGGACCACTCAAGC-1,6,Activated/transitional T cells,Activated/transitional T cells,True,True,0.9588176012039185,0.1120568947004546,False,0.9588176012039185,0.0064817690290510654,0.0009197245817631483,0.002487888326868415,0.009465107694268227,0.0011981830466538668,0.007577869109809399,0.0023053158074617386,0.010746586136519909
GGGACCACTCGTGA-1,7,Naive/resting T cells,Activated/transitional T cells,True,False,0.9979315996170044,0.008558605020870774,False,0.9979315996170044,0.00015454657841473818,0.0001984852715395391,0.00019882703782059252,0.0005295187584124506,0.0001141387692769058,0.0005052813794463873,0.00010871833364944905,0.00025885755894705653
GGGACCACTGCATG-1,7,Naive/resting T cells,Activated/transitional T cells,True,False,0.9995423555374146,0.0022037436459210608,False,0.9995423555374146,3.9937116525834426e-05,2.3718284865026362e-05,4.614390854840167e-05,0.00010040363122243434,2.6456124032847583e-05,0.00013436707376968116,2.9164863008190878e-05,5.747474278905429e-05
GGGACCTGACCCTC-1,3,Classical monocytes,Classical monocytes,True,True,0.9982720613479614,0.006679547354985524,False,8.127984619932249e-05,0.0011954903602600098,8.847135177347809e-05,0.9982720613479614,8.921525295590982e-05,2.0697667423519306e-05,0.00020038812363054603,2.8269862013985403e-05,2.4136419597198255e-05
GGGACCTGCTTGCC-1,7,Naive/resting T cells,Activated/transitional T cells,True,False,0.9845948219299316,0.04028622446822041,False,0.9845948219299316,0.00021161595941521227,0.00011086598533438519,0.0002401211386313662,0.0005226744688116014,0.00013887896784581244,0.013559848070144653,0.00015097111463546753,0.0004702433361671865
GGGACCTGTGGAGG-1,1,B cells,B cells,True,True,0.9992110729217529,0.0033827078723837455,False,0.0005160903674550354,0.9992110729217529,1.9277191313449293e-05,4.293349775252864e-05,8.279603935079649e-05,2.7581036192714237e-05,4.384810381452553e-05,2.0355666492832825e-05,3.605629171943292e-05
GGGATGGACGACAT-1,1,B cells,B cells,True,True,0.9989386200904846,0.004322138480244945,False,0.0007710803765803576,0.9989386200904846,3.1006198696559295e-05,6.767417653463781e-05,4.349451046437025e-05,2.6402249204693362e-05,4.865448136115447e-05,2.053604657703545e-05,5.250558751868084e-05
GGGATGGATACTTC-1,2,IL7R+ memory/helper T cells,IL7R+ memory/helper T cells,True,True,0.8635772466659546,0.22774889702498927,False,0.11355254799127579,0.002255683299154043,0.001332925516180694,0.002714234869927168,0.008350654505193233,0.0031190253794193268,0.8635772466659546,0.0016935914754867554,0.0034040885511785746
GGGATGGATGGTTG-1,3,Classical monocytes,Classical monocytes,True,True,0.9989336133003235,0.004742383193604089,False,0.00015459985297638923,0.00016292645887006074,0.00021931658557150513,0.9989336133003235,5.976725515211001e-05,0.00018746659043245018,0.00019693940703291446,4.061598519911058e-05,4.470379280974157e-05
GGGATTACGTCTAG-1,7,Naive/resting T cells,Activated/transitional T cells,True,False,0.9530224800109863,0.09975880503818424,False,0.9530224800109863,0.0011715402361005545,0.0003659410576801747,0.0007971188751980662,0.0015732423635199666,0.00045874412171542645,0.04074770212173462,0.00046498014125972986,0.0013982235686853528
GGGCAAGATGCATG-1,3,Classical monocytes,Classical monocytes,True,True,0.9991810917854309,0.003648654588132593,False,0.00028093098080717027,3.781375926337205e-05,0.00026401266222819686,0.9991810917854309,7.472529978258535e-05,3.2398649636888877e-05,5.032469562138431e-05,3.4707201848505065e-05,4.398872624733485e-05
GGGCACACGGTGAG-1,4,CD16+ non-classical monocytes,CD16+ non-classical monocytes,True,True,0.8194143176078796,0.35025731607631355,False,0.07559719681739807,0.008233693428337574,0.8194143176078796,0.02124921604990959,0.011752352118492126,0.0038742541801184416,0.04275783896446228,0.00723046762868762,0.009890679270029068
GGGCACACGTTGCA-1,2,IL7R+ memory/helper T cells,IL7R+ memory/helper T cells,True,True,0.9441887140274048,0.12013198102190967,False,0.016031663864850998,0.0007678117835894227,0.0002890967298299074,0.0005551133654080331,0.03692317008972168,0.0003093880077358335,0.9441887140274048,0.0003506534267216921,0.0005844170809723437
GGGCAGCTTGGGAG-1,0,Cytotoxic CD8 T cells,Cytotoxic CD8 T cells,True,True,0.994955837726593,0.017838408291718576,False,0.001845982507802546,0.00012446547043509781,7.870973058743402e-05,0.00016679400869179517,0.994955837726593,8.818754577077925e-05,0.0016670447075739503,0.0009378933464176953,0.00013513896556105465
GGGCAGCTTTTCTG-1,7,Naive/resting T cells,Activated/transitional T cells,True,False,0.9985378980636597,0.006296028937712837,False,0.9985378980636597,0.0002182411408284679,7.393433770630509e-05,0.0001715336984489113,0.00017080646648537368,9.045313345268369e-05,0.00022607148275710642,9.650896390667185e-05,0.00041450888966210186
GGGCCAACCTTGGA-1,3,Classical monocytes,Classical monocytes,True,True,0.9928943514823914,0.025159110747778372,False,0.0007789229275658727,0.0013983864337205887,0.0003262611571699381,0.9928943514823914,0.0005085856537334621,0.0012125124922022223,0.0022188255097717047,0.00020473837503232062,0.0004574606427922845
GGGCCAACGCGTTA-1,1,B cells,B cells,True,True,0.9991022348403931,0.003943364977689482,False,0.0004194147477392107,0.9991022348403931,2.1192372514633462e-05,4.918665217701346e-05,8.930723561206833e-05,0.00013187192962504923,9.920600132318214e-05,1.9243756469222717e-05,6.831567588960752e-05
GGGCCAACTACGCA-1,3,Classical monocytes,Classical monocytes,True,True,0.9993351101875305,0.003080810217048001,False,0.00016068459080997854,9.605526429368183e-05,0.00017704727360978723,0.9993351101875305,4.966078631696291e-05,2.9873224775656126e-05,8.878882363205776e-05,3.438478961470537e-05,2.842831781890709e-05
GGGCCAACTCCAAG-1,1,B cells,B cells,True,True,0.9990500807762146,0.004090626889343261,False,0.0004926748224534094,0.9990500807762146,2.650245005497709e-05,4.4297245040070266e-05,7.315292896237224e-05,3.0143086405587383e-05,5.6486387620680034e-05,3.5107965231873095e-05,0.0001916014007292688
GGGCCATGATGGTC-1,2,IL7R+ memory/helper T cells,IL7R+ memory/helper T cells,True,True,0.545824408531189,0.5237048343353231,False,0.2720622420310974,0.004384587984532118,0.0035152724012732506,0.007368260063230991,0.14433634281158447,0.00303184287622571,0.545824408531189,0.0127545902505517,0.006722442340105772
GGGCCATGTTGACG-1,2,IL7R+ memory/helper T cells,Activated/transitional T cells,True,False,0.7839226126670837,0.35914846147279755,False,0.7839226126670837,0.005881640128791332,0.0035115957725793123,0.007206270936876535,0.04850494861602783,0.004382013808935881,0.13083279132843018,0.00632995693013072,0.009428145363926888
GGGTAACTCAGCTA-1,7,Naive/resting T cells,Activated/transitional T cells,True,False,0.8748223781585693,0.26095562055214794,False,0.8748223781585693,0.006608596071600914,0.0037192765157669783,0.006704000756144524,0.009862369857728481,0.003798841033130884,0.05640926957130432,0.005378702189773321,0.032696597278118134
GGGTAACTCTAGTG-1,1,B cells,B cells,True,True,0.9990608096122742,0.003725417602287359,False,0.0007888217223808169,0.9990608096122742,1.4594746971852146e-05,2.8947111786692403e-05,2.7709120331564918e-05,2.012187906075269e-05,2.711974229896441e-05,1.5887111658230424e-05,1.5993889974197373e-05
GGGTAACTCTGGAT-1,7,Naive/resting T cells,Activated/transitional T cells,True,False,0.871607780456543,0.2687635727655737,False,0.871607780456543,0.03270687535405159,0.0034082685597240925,0.0071020363830029964,0.008802338503301144,0.0039612543769180775,0.054061632603406906,0.004086499568074942,0.014263318851590157
GGGTTAACGTGCAT-1,5,NK cells,NK cells,True,True,0.992476761341095,0.02438262019213512,False,0.0006956587312743068,0.00029639064450748265,0.00019263180729467422,0.0002589041250757873,0.004973439034074545,0.00015337542572524399,0.0007638728129677474,0.992476761341095,0.000189008133020252
GGTAAAGAGCTAAC-1,0,Cytotoxic CD8 T cells,Cytotoxic CD8 T cells,True,True,0.9924063086509705,0.025625112283454966,False,0.003175828605890274,0.00021192763233557343,0.00021563711925409734,0.00028328155167400837,0.9924063086509705,0.00016131463053170592,0.0014814247842878103,0.0018344867276027799,0.0002297915780218318
GGTACAACTGCAAC-1,2,IL7R+ memory/helper T cells,IL7R+ memory/helper T cells,True,True,0.8148561120033264,0.24927779906685685,False,0.1724759042263031,0.004243297502398491,0.0007835276774130762,0.0018398842075839639,0.002489950740709901,0.0008944391738623381,0.8148561120033264,0.0009457504493184388,0.001471097581088543
GGTACATGAAAGCA-1,1,B cells,B cells,True,True,0.9985621571540833,0.005468430642858249,False,0.0011766323586925864,0.9985621571540833,2.5026145522133447e-05,5.2442923333728686e-05,4.803478441317566e-05,2.6437970518600196e-05,6.168499385239556e-05,2.0681265596067533e-05,2.686004518182017e-05
GGTACATGAGCTCA-1,2,IL7R+ memory/helper T cells,Cytotoxic CD8 T cells,True,False,0.6742989420890808,0.3752204440487984,False,0.050463754683732986,0.0018437013495713472,0.000888463226146996,0.0018831858178600669,0.6742989420890808,0.00101322284899652,0.26670041680336,0.0010257941903546453,0.0018825320294126868
GGTACATGCGGTAT-1,6,Activated/transitional T cells,Activated/transitional T cells,True,True,0.8471314907073975,0.28026492849546053,False,0.8471314907073975,0.004013750236481428,0.002221115864813328,0.008850640617311,0.006722849793732166,0.0027638557367026806,0.03149856999516487,0.0028473641723394394,0.09395032376050949
GGTACATGGTTACG-1,6,Activated/transitional T cells,Activated/transitional T cells,True,True,0.5075629949569702,0.4513907707120454,False,0.5075629949569702,0.00113675429020077,0.0005956592503935099,0.001440760213881731,0.38752123713493347,0.0008047260926105082,0.09613267332315445,0.0007985226693563163,0.0040066540241241455
GGTACATGTGGGAG-1,2,IL7R+ memory/helper T cells,IL7R+ memory/helper T cells,True,True,0.9915701150894165,0.02816517694327592,False,0.004449780099093914,0.0004399901663418859,0.000259622058365494,0.0009358082315884531,0.0006807040190324187,0.0003080578171648085,0.9915701150894165,0.0005537254619412124,0.0008022267138585448
GGTACTGAACTCTT-1,3,Classical monocytes,Classical monocytes,True,True,0.9992969036102295,0.003258654276029271,False,0.0001781505416147411,0.0001258827978745103,9.014438546728343e-05,0.9992969036102295,6.278908404055983e-05,3.085208300035447e-05,0.00012977833102922887,4.3422314774943516e-05,4.202883428661153e-05
GGTAGTACACCACA-1,0,Cytotoxic CD8 T cells,Cytotoxic CD8 T cells,True,True,0.9646647572517395,0.08643382329549426,False,0.02023579739034176,0.00026922186953015625,0.0001707245537545532,0.0011423802934587002,0.9646647572517395,0.00018733910110313445,0.01178091112524271,0.00041497289203107357,0.0011339265620335937
GGTAGTACACTAGC-1,3,Classical monocytes,Classical monocytes,True,True,0.9987429976463318,0.005349334279257048,False,0.0005303491489030421,0.00010253625805489719,0.00028524454683065414,0.9987429976463318,8.045477443374693e-05,3.697209831443615e-05,0.0001135830461862497,5.019437594455667e-05,5.769876224803738e-05
GGTAGTACCCTGTC-1,7,Naive/resting T cells,Activated/transitional T cells,True,False,0.9916141033172607,0.028476347833252962,False,0.9916141033172607,0.000592301890719682,0.00033734121825546026,0.0009135320433415473,0.0011207290226593614,0.00038387166569009423,0.003911307081580162,0.0004558758228085935,0.0006709426525048912
GGTAGTACGCCATA-1,3,Classical monocytes,Classical monocytes,True,True,0.999639630317688,0.0017681179945667248,False,0.00013025353837292641,3.08243979816325e-05,5.7538967666914687e-05,0.999639630317688,3.070650564040989e-05,1.905060162243899e-05,4.562868343782611e-05,2.2744810848962516e-05,2.366959051869344e-05
GGTAGTACTGTCTT-1,0,Cytotoxic CD8 T cells,Cytotoxic CD8 T cells,True,True,0.986232340335846,0.0421918303269698,False,0.007450174540281296,0.0016214477363973856,0.00023376829631160945,0.0004470049461815506,0.986232340335846,0.0002481177798472345,0.0022180357482284307,0.0007528698188252747,0.0007963262032717466
GGTATCGAGACAAA-1,3,Classical monocytes,Classical monocytes,True,True,0.9981685876846313,0.007150438246790027,False,0.0009647051920183003,0.000571301847230643,6.719432712998241e-05,0.9981685876846313,5.914144276175648e-05,3.518134690239094e-05,6.547546945512295e-05,3.338147507747635e-05,3.504308915580623e-05
GGTATCGATGAACC-1,1,B cells,B cells,True,True,0.9971812963485718,0.00976546320866554,False,0.002330025425180793,0.9971812963485718,2.0911742467433214e-05,5.82784996367991e-05,3.790963091887534e-05,0.00011302743951091543,3.306177313788794e-05,2.4187727831304073e-05,0.00020127002790104598
GGTCAAACCAAAGA-1,2,IL7R+ memory/helper T cells,IL7R+ memory/helper T cells,True,True,0.8412598371505737,0.22065854118431952,False,0.15060479938983917,0.0009327828884124756,0.0009279021760448813,0.0019547753036022186,0.001386813004501164,0.0006487989448942244,0.8412598371505737,0.0006348499446175992,0.001649419660679996
GGTCTAGAGAAACA-1,3,Classical monocytes,Classical monocytes,True,True,0.9996269941329956,0.0018114156857041597,False,0.00014145034947432578,2.2471911506727338e-05,6.987237429711968e-05,0.9996269941329956,3.490722883725539e-05,1.6631189282634296e-05,5.0547532737255096e-05,2.2118454580777325e-05,1.492767933086725e-05
GGTCTAGATAGCGT-1,3,Classical monocytes,Classical monocytes,True,True,0.9970483183860779,0.011097750807571527,False,0.0001689601194811985,0.0006998614990152419,0.0015141493640840054,0.9970483183860779,8.669785165693611e-05,8.700232137925923e-05,0.00026834922027774155,7.393382111331448e-05,5.2752420742763206e-05
GGTGATACCGACTA-1,1,B cells,B cells,True,True,0.9992904663085938,0.0030569403053806476,False,0.00048092129873111844,0.9992904663085938,1.6399522792198695e-05,3.2608841138426214e-05,4.28091807407327e-05,2.280827538925223e-05,6.998160824878141e-05,2.070187656499911e-05,2.330417737539392e-05
GGTGATACGACTAC-1,3,Classical monocytes,Classical monocytes,True,True,0.9991340041160583,0.003845292088207484,False,0.00017029911396093667,0.000301848427625373,5.633817636407912e-05,0.9991340041160583,3.915519846486859e-05,2.483980824763421e-05,0.00020396738545969129,3.3714350138325244e-05,3.5799388570012525e-05
GGTGATACTGTTTC-1,7,Naive/resting T cells,Activated/transitional T cells,True,False,0.9890658855438232,0.03469448918102484,False,0.9890658855438232,0.0006339260726235807,0.00037848149077035487,0.0007679882110096514,0.0008307227399200201,0.0004427577368915081,0.006391740869730711,0.00043809216003865004,0.0010503834346309304
GGTGGAGAAACGGG-1,0,Cytotoxic CD8 T cells,NK cells,True,False,0.9814731478691101,0.050681985369149835,False,0.012449965812265873,0.0002692799607757479,0.00015615018492098898,0.0003519193851388991,0.003954203333705664,0.00017873926844913512,0.0008082132553681731,0.9814731478691101,0.0003583303187042475
GGTGGAGAAGTAGA-1,2,IL7R+ memory/helper T cells,IL7R+ memory/helper T cells,True,True,0.5453188419342041,0.6211168426962319,False,0.20102564990520477,0.025786982849240303,0.006493838969618082,0.014412335120141506,0.08530095219612122,0.0075402590446174145,0.5453188419342041,0.007965235970914364,0.10615590959787369
GGTGGAGACAGATC-1,5,NK cells,NK cells,True,True,0.9735575318336487,0.0584383456266478,False,0.0003338691603858024,7.967190322233364e-05,4.8386627895524725e-05,0.00010532188753131777,0.025382358580827713,6.861861766083166e-05,0.00031400995794683695,0.9735575318336487,0.00011025613639503717
GGTGGAGATCGATG-1,2,IL7R+ memory/helper T cells,Activated/transitional T cells,True,False,0.8701122999191284,0.23200225669099483,False,0.8701122999191284,0.004543798044323921,0.0022305769380182028,0.003458562772721052,0.0085744708776474,0.004316010978072882,0.10048704594373703,0.002017635153606534,0.004259616136550903
GGTGGAGATCTCTA-1,3,Classical monocytes,Classical monocytes,True,True,0.9993441700935364,0.0029885408509802234,False,0.00016727644833736122,2.6163668735534884e-05,6.915299309184775e-05,0.9993441700935364,0.0002545262104831636,2.124648199242074e-05,6.0258014855207875e-05,2.2999580323812552e-05,3.4184213291155174e-05
GGTGGAGATTACTC-1,0,Cytotoxic CD8 T cells,Cytotoxic CD8 T cells,True,True,0.9964956641197205,0.013266956809407615,False,0.0011955455411225557,0.0001118438522098586,5.749135380028747e-05,0.0001284962345380336,0.9964956641197205,7.684298907406628e-05,0.0006041149608790874,0.0008605099865235388,0.00046948387171141803
GGTTTACTACGCAT-1,0,Cytotoxic CD8 T cells,Cytotoxic CD8 T cells,True,True,0.9968121647834778,0.012019403761412993,False,0.0005846304702572525,9.891925583360717e-05,6.345447764033452e-05,0.00011938517855014652,0.9968121647834778,6.710570596624166e-05,0.0011002522660419345,0.0010608859593048692,9.317664080299437e-05
GTAACGTGACCTCC-1,3,Classical monocytes,Classical monocytes,True,True,0.99863201379776,0.005792624123907948,False,0.00011699733295245096,0.00024046185717452317,0.000557724095415324,0.99863201379776,0.0001812349510146305,4.588459341903217e-05,0.00014375006139744073,4.020786582259461e-05,4.17270275647752e-05
GTAACGTGATCGGT-1,1,B cells,B cells,True,True,0.9992666840553284,0.0032207845926485543,False,0.00043704858398996294,0.9992666840553284,2.0328223399701528e-05,5.181675078347325e-05,4.205342338536866e-05,4.080009966855869e-05,6.555725849466398e-05,2.2830581656307913e-05,5.284584767650813e-05
GTAACGTGCAGCTA-1,1,B cells,B cells,True,True,0.9991946816444397,0.003427635146675165,False,0.0005423506372608244,0.9991946816444397,1.5885589164099656e-05,4.45741243311204e-05,3.445991751505062e-05,2.6016126867034473e-05,7.438623288180679e-05,1.888334190880414e-05,4.882016946794465e-05
GTAACGTGGTTGAC-1,1,B cells,B cells,True,True,0.9988559484481812,0.004741071712551061,False,0.0006946332869119942,0.9988559484481812,1.89459060493391e-05,4.039870327687822e-05,5.440502718556672e-05,3.016221489815507e-05,0.00012607396638486534,2.9220675060059875e-05,0.00015021453145891428
GTAAGCACAACGGG-1,7,Naive/resting T cells,Activated/transitional T cells,True,False,0.9148180484771729,0.17232072129406242,False,0.9148180484771729,0.0015583215281367302,0.000876246253028512,0.001997278304770589,0.017799535766243935,0.0010492521105334163,0.05781874805688858,0.0010735635878518224,0.003009053412824869
GTAAGCACTCATTC-1,1,B cells,B cells,True,True,0.9976964592933655,0.008862671549242652,False,0.001115576014854014,0.9976964592933655,3.324856879771687e-05,7.005887164268643e-05,0.0006019866559654474,4.0912196709541604e-05,5.688883538823575e-05,3.432290759519674e-05,0.00035056471824645996
GTAAGCTGGTACCA-1,3,Classical monocytes,Classical monocytes,True,True,0.9993568062782288,0.002985257863875735,False,0.00015745795099064708,5.2712894103024155e-05,0.00018018277478404343,0.9993568062782288,0.00010248662147205323,2.9669388823094778e-05,6.1016198742436245e-05,3.289032247266732e-05,2.6835597964236513e-05
GTAATAACCTTCTA-1,3,Classical monocytes,Classical monocytes,True,True,0.9992639422416687,0.0033761765744363004,False,0.00017021718667820096,0.00020991791097912937,9.89160398603417e-05,0.9992639422416687,8.263498602900654e-05,2.7843188945553266e-05,6.977476004976779e-05,4.536988853942603e-05,3.133193968096748e-05
GTAATAACGTTGTG-1,7,Naive/resting T cells,Activated/transitional T cells,True,False,0.7830967307090759,0.275219704743989,False,0.7830967307090759,0.001391896279528737,0.0007647363236173987,0.0017237002030014992,0.002390516921877861,0.0009371943306177855,0.007227391004562378,0.0012629851698875427,0.2012048363685608
GTACCCTGACAGTC-1,4,CD16+ non-classical monocytes,CD16+ non-classical monocytes,True,True,0.9966540336608887,0.012828090039691003,False,0.000274263002211228,0.0005906790029257536,0.9966540336608887,0.0008965895976871252,0.0001646035525482148,8.968597830971703e-05,0.001069077756255865,0.00015428589540533721,0.00010678126272978261
GTACCCTGGAGCTT-1,7,Naive/resting T cells,Activated/transitional T cells,True,False,0.9866906404495239,0.039924578734874,False,0.9866906404495239,0.0005937195965088904,0.00034104983205907047,0.0006972560659050941,0.0007804892375133932,0.0004080018261447549,0.008708950132131577,0.00040433017420582473,0.0013755166437476873
GTACCCTGTCCTTA-1,0,Cytotoxic CD8 T cells,Cytotoxic CD8 T cells,True,True,0.9314259886741638,0.1552898708983472,False,0.013788457959890366,0.0031567467376589775,0.0014938715612515807,0.0016323059098795056,0.9314259886741638,0.0011255221907049417,0.005617715418338776,0.03969324752688408,0.0020661738235503435
GTACCCTGTGAACC-1,2,IL7R+ memory/helper T cells,Activated/transitional T cells,True,False,0.42620569467544556,0.4847402786534396,True,0.42620569467544556,0.001020029652863741,0.0006322964327409863,0.0012521578464657068,0.16386915743350983,0.0007361010066233575,0.40428778529167175,0.0007175569771789014,0.001279249438084662
GTACGTGAACGTTG-1,0,Cytotoxic CD8 T cells,Cytotoxic CD8 T cells,True,True,0.99086993932724,0.03071451397899547,False,0.0029962097760289907,0.00031801077420823276,0.00017785040836315602,0.00037031451938673854,0.99086993932724,0.0001913698361022398,0.0013978496426716447,0.002066285815089941,0.00161218352150172
GTACTTTGTCGACA-1,0,Cytotoxic CD8 T cells,Cytotoxic CD8 T cells,True,True,0.9913005232810974,0.02832056180442729,False,0.004774731583893299,0.0008296708692796528,0.00018746923888102174,0.00023996620438992977,0.9913005232810974,0.00014668393123429269,0.0016470120754092932,0.0005955410888418555,0.0002784153330139816
GTAGACTGAGATGA-1,3,Classical monocytes,Classical monocytes,True,True,0.9992608428001404,0.0033804922724356263,False,0.00011077761882916093,0.0001177293379441835,0.00024102712632156909,0.9992608428001404,5.65685004403349e-05,3.182403088430874e-05,0.00011669090599752963,3.056598870898597e-05,3.396971078473143e-05
GTAGACTGTATTCC-1,7,Naive/resting T cells,Activated/transitional T cells,True,False,0.9813111424446106,0.051362967224844666,False,0.9813111424446106,0.0006661886000074446,0.0003489119408186525,0.0007365233032032847,0.0007621285622008145,0.00046426276094280183,0.013684825040400028,0.0004340039158705622,0.001591973938047886
GTAGCAACAGTCGT-1,3,Classical monocytes,Classical monocytes,True,True,0.9991362690925598,0.003848111165321805,False,0.0001795440912246704,7.232987991301343e-05,0.0003445762558840215,0.9991362690925598,5.4080952395452186e-05,3.3547392376931384e-05,9.864669846137986e-05,4.4823351345257834e-05,3.623769953264855e-05
GTAGCAACCATTTC-1,1,B cells,B cells,True,True,0.9989821314811707,0.004569930696981371,False,0.0002648896479513496,0.9989821314811707,8.056088699959219e-05,0.00010005047079175711,0.00011368319246685132,8.20905261207372e-05,0.000178076938027516,0.00013125574332661927,6.723049591528252e-05
GTAGCAACGGTAGG-1,3,Classical monocytes,Classical monocytes,True,True,0.9983710646629333,0.0061633197919543125,False,0.0012953666737303138,4.6764998842263594e-05,8.249960228567943e-05,0.9983710646629333,4.208968312013894e-05,2.9047463613096625e-05,5.482100459630601e-05,3.235041003790684e-05,4.605516733136028e-05
GTAGCATGCACTCC-1,1,B cells,B cells,True,True,0.9981892704963684,0.006824632503049654,False,0.0013933617155998945,0.9981892704963684,3.179375562467612e-05,6.589321128558367e-05,7.45113575248979e-05,4.2956806282745674e-05,5.137453263159841e-05,3.786924935411662e-05,0.00011295808508293703
GTAGCATGTAAGCC-1,3,Classical monocytes,Classical monocytes,True,True,0.9994470477104187,0.002551806852991675,False,0.0002775841567199677,4.79601148981601e-05,5.220568709773943e-05,0.9994470477104187,5.197429345571436e-05,2.5400495360372588e-05,4.312898454372771e-05,3.132205529254861e-05,2.337781734240707e-05
GTAGCCCTGACGTT-1,7,Naive/resting T cells,Activated/transitional T cells,True,False,0.9984139204025269,0.006699732726409301,False,0.9984139204025269,0.0005188272916711867,6.724584818584844e-05,0.00013346283230930567,0.00021188530081417412,6.739524542354047e-05,0.0002203229087172076,6.880457658553496e-05,0.00029816312598995864
GTAGCTGAAGCTAC-1,4,CD16+ non-classical monocytes,CD16+ non-classical monocytes,True,True,0.9903301000595093,0.027566867385269495,False,0.0002011092146858573,0.00013606120774056762,0.9903301000595093,0.008345028385519981,0.00013834548008162528,8.807866834104061e-05,0.000566419679671526,0.00011015484051313251,8.470522880088538e-05
GTAGCTGAATTCGG-1,2,IL7R+ memory/helper T cells,IL7R+ memory/helper T cells,True,True,0.8530595302581787,0.2473165063806311,False,0.1158583015203476,0.010170582681894302,0.0012370405020192266,0.0035372276324778795,0.010120086371898651,0.001241867896169424,0.8530595302581787,0.0014011404709890485,0.0033742212690413
GTAGGTACACGGGA-1,3,Classical monocytes,Classical monocytes,True,True,0.9993072748184204,0.003221888883119877,False,0.00016107733245007694,0.0001321099844062701,0.00010152105096494779,0.9993072748184204,9.534755372442305e-05,2.7597794542089105e-05,8.876315405359492e-05,3.5958179068984464e-05,5.030758256907575e-05
GTAGTGACCTCATT-1,7,Naive/resting T cells,Activated/transitional T cells,True,False,0.9891355037689209,0.035110801317327724,False,0.9891355037689209,0.000600659113842994,0.0003225963155273348,0.0007680163253098726,0.0008301421767100692,0.00041208197944797575,0.005121959373354912,0.00040935599827207625,0.002399659715592861
GTAGTGTGAGCGGA-1,5,NK cells,NK cells,True,True,0.9949370622634888,0.017525240655870713,False,0.0009197517647407949,0.00010204562568105757,0.00010729267523856834,0.00012588281242642552,0.0027733626775443554,6.209564162418246e-05,0.0008813791209831834,0.9949370622634888,9.111301187658682e-05
GTAGTGTGAGGCGA-1,3,Classical monocytes,Classical monocytes,True,True,0.9989796280860901,0.0044246086570498494,False,0.0004313951649237424,0.00012715197226498276,0.00023992537171579897,0.9989796280860901,4.977795106242411e-05,5.284729923005216e-05,5.239719757810235e-05,3.123919668723829e-05,3.5613666113931686e-05
GTAGTGTGTGGTTG-1,7,Naive/resting T cells,Naive/resting T cells,True,True,0.679704487323761,0.3262762027042126,False,0.3050347864627838,0.001939319190569222,0.0010029857512563467,0.0025581466034054756,0.0032634164672344923,0.00130578619427979,0.0034316706005483866,0.0017593969823792577,0.679704487323761
GTATCACTGGTAGG-1,3,Classical monocytes,Classical monocytes,True,True,0.9990649819374084,0.004185052978151128,False,0.0002725274534896016,0.00010544260294409469,0.0002319915365660563,0.9990649819374084,6.289909651968628e-05,4.0858907595975325e-05,0.00010409983224235475,4.903587978333235e-05,6.822217255830765e-05
GTATCTACAGAAGT-1,0,Cytotoxic CD8 T cells,Cytotoxic CD8 T cells,True,True,0.9912781119346619,0.0278107592861848,False,0.0023808274418115616,0.00015033400268293917,9.733025217428803e-05,0.0001839692413341254,0.9912781119346619,0.00012432390940375626,0.0008173756068572402,0.004729673732072115,0.00023802461510058492
GTATCTACGACGAG-1,0,Cytotoxic CD8 T cells,Cytotoxic CD8 T cells,True,True,0.998033344745636,0.008121143366229789,False,0.0006301625398918986,0.00030924248858354986,9.627804683987051e-05,0.00012810539919883013,0.998033344745636,6.794191722292453e-05,0.0003278591320849955,0.0002973567461594939,0.00010972818563459441
GTATCTACGTTACG-1,2,IL7R+ memory/helper T cells,IL7R+ memory/helper T cells,True,True,0.8965581655502319,0.19418644354278636,False,0.07999522984027863,0.003613472217693925,0.0011193363461643457,0.0022038212046027184,0.0100501524284482,0.0034633104223757982,0.8965581655502319,0.001304813427850604,0.0016916688764467835
GTATTAGAAACAGA-1,2,IL7R+ memory/helper T cells,IL7R+ memory/helper T cells,True,True,0.8289339542388916,0.2921359490132895,False,0.008877778425812721,0.04948749765753746,0.0016169501468539238,0.002684761304408312,0.10268090665340424,0.0016635891515761614,0.8289339542388916,0.001530719455331564,0.00252385507337749
GTATTAGAGGTCTA-1,6,Activated/transitional T cells,Naive/resting T cells,True,False,0.645793616771698,0.476890663849292,False,0.2174987941980362,0.0057193138636648655,0.0018365761497989297,0.004472029395401478,0.06606575101613998,0.0024699766654521227,0.052927784621715546,0.0032161171548068523,0.645793616771698
GTATTCACACAGCT-1,7,Naive/resting T cells,Activated/transitional T cells,True,False,0.9533048868179321,0.11092017004987256,False,0.9533048868179321,0.008629092946648598,0.0006824471638537943,0.0011897692456841469,0.030005035921931267,0.0006210991414263844,0.0031084425281733274,0.0008977822144515812,0.001561462413519621
GTATTCACGGGTGA-1,0,Cytotoxic CD8 T cells,Cytotoxic CD8 T cells,True,True,0.9895561337471008,0.03360443523231873,False,0.0045852819457650185,0.0003478068974800408,0.0004085714463144541,0.0003964763891417533,0.9895561337471008,0.00023707718355581164,0.0031724160071462393,0.0008342558867298067,0.00046196780749596655
GTCAACGACACTGA-1,2,IL7R+ memory/helper T cells,Activated/transitional T cells,True,False,0.856968104839325,0.22820262208216,False,0.856968104839325,0.002212140243500471,0.0013901039492338896,0.0025199921801686287,0.004372458439320326,0.0014955733204260468,0.12414795905351639,0.002639764454215765,0.004253851715475321
GTCAACGAGTGTAC-1,3,Classical monocytes,Classical monocytes,True,True,0.9990584254264832,0.004148795772962214,False,9.213003067998216e-05,0.00026113257627002895,0.0003386478347238153,0.9990584254264832,4.652388452086598e-05,3.2118488888954744e-05,8.425029955105856e-05,4.0815099055180326e-05,4.5938340917928144e-05
GTCAATCTACACCA-1,0,Cytotoxic CD8 T cells,Cytotoxic CD8 T cells,True,True,0.997260332107544,0.01064641211257224,False,0.0011440985836088657,7.284883031388745e-05,3.886686317855492e-05,9.047362982528284e-05,0.997260332107544,0.0002801188384182751,0.000597072415985167,0.00020292661793064326,0.0003132115234620869
GTCAATCTGTAGCT-1,0,Cytotoxic CD8 T cells,Cytotoxic CD8 T cells,True,True,0.996024489402771,0.014229196679558131,False,0.0005621645832434297,9.749568562256172e-05,9.108012454817072e-05,0.00012549162784125656,0.996024489402771,6.713131733704358e-05,0.002299716928973794,0.0006215684697963297,0.00011089816689491272
GTCAATCTTGTGGT-1,7,Naive/resting T cells,Activated/transitional T cells,True,False,0.9981088638305664,0.007860636862759274,False,0.9981088638305664,0.00015461370639968663,8.217597496695817e-05,0.00018686041585169733,0.0002586651244200766,0.00010410469985799864,0.00044567810255102813,0.00010608552111079916,0.000552985817193985
GTCACCTGCCTCCA-1,7,Naive/resting T cells,Activated/transitional T cells,True,False,0.9747467041015625,0.06555881564499529,False,0.9747467041015625,0.0015533039113506675,0.0005047357408329844,0.0009736233623698354,0.0010487241670489311,0.0005631152889691293,0.018880749121308327,0.0006282739341259003,0.0011007003486156464
GTCACCTGTCCCGT-1,7,Naive/resting T cells,Activated/transitional T cells,True,False,0.8507170677185059,0.22666711558593555,False,0.8507170677185059,0.003752004122361541,0.0010063713416457176,0.001874085166491568,0.0035549255553632975,0.0010790098458528519,0.13410894572734833,0.0010794199770316482,0.002828143769875169
GTCATACTAATCGC-1,1,B cells,B cells,True,True,0.9950822591781616,0.015671756604229894,False,0.004187856335192919,0.9950822591781616,5.062104173703119e-05,8.904891001293436e-05,0.00022305187303572893,6.078576188883744e-05,0.00014286582882050425,6.630660936934873e-05,9.723166294861585e-05
GTCATACTGCGATT-1,5,NK cells,Cytotoxic CD8 T cells,True,False,0.9901993870735168,0.033036304511048206,False,0.0019464478828012943,0.0009206881513819098,0.00020318248425610363,0.00046873127575963736,0.9901993870735168,0.00024121315800584853,0.0010833542328327894,0.003006827086210251,0.0019301662687212229
GTCATACTTCGCCT-1,8,Platelets,Activated/transitional T cells,False,False,0.3642444610595703,0.7695215912317677,True,0.3642444610595703,0.01682533696293831,0.031147107481956482,0.22785772383213043,0.16562293469905853,0.011290736496448517,0.05242264270782471,0.012113174423575401,0.11847591400146484
GTCATACTTTACCT-1,0,Cytotoxic CD8 T cells,Cytotoxic CD8 T cells,True,True,0.9911990761756897,0.027036938096411105,False,0.0007546082488261163,0.00014657998690381646,7.872904825489968e-05,0.00030771768069826066,0.9911990761756897,8.611250086687505e-05,0.006363492924720049,0.00014498396194539964,0.0009186840616166592
GTCATACTTTGACG-1,7,Naive/resting T cells,Activated/transitional T cells,True,False,0.8510037660598755,0.2168606693872387,False,0.8510037660598755,0.0009496489074081182,0.000589381146710366,0.0011152540100738406,0.004470711573958397,0.0006599329644814134,0.1384294480085373,0.0006373816868290305,0.002144494093954563
GTCCAAGAAAAACG-1,7,Naive/resting T cells,Activated/transitional T cells,True,False,0.9969215989112854,0.011979866853891831,False,0.9969215989112854,0.0001627723831916228,0.00010997042409144342,0.0002783465897664428,0.0006551218102686107,0.00012402179709170014,0.0009382155840285122,0.00011095847003161907,0.0006989415851421654
GTCCACTGACCTCC-1,7,Naive/resting T cells,Activated/transitional T cells,True,False,0.9931049942970276,0.0231477448584685,False,0.9931049942970276,0.00032563586137257516,0.0001751922391122207,0.00040344681474380195,0.000567136681638658,0.0002223911724286154,0.004190674517303705,0.0004114176263101399,0.0005991450743749738
GTCCACTGGGTACT-1,4,CD16+ non-classical monocytes,CD16+ non-classical monocytes,True,True,0.9893732666969299,0.03478442821622183,False,0.0008428997825831175,0.0007483534282073379,0.9893732666969299,0.00462704012170434,0.0009166796808131039,0.0003120684123132378,0.002340510953217745,0.0004484460805542767,0.0003907093487214297
GTCCAGCTACGGGA-1,7,Naive/resting T cells,Activated/transitional T cells,True,False,0.9928721785545349,0.025203196415601113,False,0.9928721785545349,0.0005519210244528949,0.00028544486849568784,0.0008616088889539242,0.001316251466050744,0.0003716205828823149,0.0024825555738061666,0.000371394504327327,0.0008870622259564698
GTCCCATGTGGTGT-1,3,Classical monocytes,Classical monocytes,True,True,0.9970701932907104,0.010858909311278262,False,0.0001346056815236807,0.0002823330869432539,0.0018360853428021073,0.9970701932907104,8.117595280054957e-05,6.279237277340144e-05,0.0003483810869511217,9.184861846733838e-05,9.253880853066221e-05
GTCGAATGAAGGCG-1,3,Classical monocytes,Classical monocytes,True,True,0.9971900582313538,0.011096042205384953,False,0.00026671073283068836,0.0003389506309758872,0.0009849893394857645,0.9971900582313538,0.000136783070047386,0.0005591085646301508,0.00031749860499985516,0.00010313039092579857,0.00010282732546329498
GTCGACCTGAATGA-1,5,NK cells,NK cells,True,True,0.652525007724762,0.38086579086662314,False,0.01518984790891409,0.002515252213925123,0.0014807621482759714,0.0031740262638777494,0.3073769211769104,0.0023801689967513084,0.008290293626487255,0.652525007724762,0.007067673373967409
GTCGACCTGTTCAG-1,7,Naive/resting T cells,Activated/transitional T cells,True,False,0.8993674516677856,0.1688936810381127,False,0.8993674516677856,0.0005881529650650918,0.0003720152599271387,0.0007305678445845842,0.09108990430831909,0.000422262295614928,0.0055526248179376125,0.00040039984742179513,0.001476659788750112
GTCGCACTTGAGAA-1,1,B cells,B cells,True,True,0.999188244342804,0.003568490267105255,False,0.00033145397901535034,0.999188244342804,3.403965456527658e-05,4.806856668437831e-05,4.0034912672126666e-05,2.6504243578528985e-05,0.00026871057343669236,2.7165293431608006e-05,3.574452784960158e-05
GTCTAACTGGTCTA-1,4,CD16+ non-classical monocytes,CD16+ non-classical monocytes,True,True,0.9923912882804871,0.026600380292473275,False,0.001309568528085947,0.000683744961861521,0.9923912882804871,0.0028745257295668125,0.0004537822969723493,0.00034680526005104184,0.0009952582186087966,0.0005092818755656481,0.00043581402860581875
GTCTAGGAGCTTCC-1,3,Classical monocytes,Classical monocytes,True,True,0.9995037317276001,0.0023867277042949353,False,7.218527753138915e-05,8.953872020356357e-05,7.719919813098386e-05,0.9995037317276001,3.2422405638499185e-05,0.00011120925773866475,6.281142850639299e-05,2.6154224542551674e-05,2.4777416911092587e-05
GTGAACACACTCTT-1,7,Naive/resting T cells,Activated/transitional T cells,True,False,0.9680342078208923,0.0772559109688943,False,0.9680342078208923,0.0007481069187633693,0.00039350910810753703,0.001284161233343184,0.0011355765163898468,0.0005422316025942564,0.0020161110442131758,0.000509843637701124,0.02533619850873947
GTGAACACTCAGGT-1,6,Activated/transitional T cells,Activated/transitional T cells,True,True,0.6274194121360779,0.3693643271102694,False,0.6274194121360779,0.002685679355636239,0.0014072960475459695,0.005005623679608107,0.006730963941663504,0.0019901779014617205,0.3444536030292511,0.005158570129424334,0.005148676224052906
GTGACCCTTAAGCC-1,6,Activated/transitional T cells,Cytotoxic CD8 T cells,True,False,0.9207206964492798,0.15665443543840385,False,0.05713210999965668,0.0008203492034226656,0.0006276670610532165,0.0009133612620644271,0.9207206964492798,0.0005073868087492883,0.017238538712263107,0.0006623519584536552,0.0013775891857221723
GTGATGACAAGTGA-1,2,IL7R+ memory/helper T cells,IL7R+ memory/helper T cells,True,True,0.9684296250343323,0.0767911972898901,False,0.024087969213724136,0.00048291104030795395,0.0003644960524979979,0.000573816301766783,0.003602638142183423,0.0003380136622581631,0.9684296250343323,0.00040084379725158215,0.0017196644330397248
GTGATGACCTGAGT-1,1,B cells,B cells,True,True,0.9986187219619751,0.005187569297277395,False,0.001187776797451079,0.9986187219619751,1.5029296264401637e-05,3.0473636797978543e-05,3.0444007279584184e-05,2.194561056967359e-05,2.7899955966859125e-05,1.818265809561126e-05,4.948652713210322e-05
GTGATGACGGTTTG-1,0,Cytotoxic CD8 T cells,Cytotoxic CD8 T cells,True,True,0.8026955723762512,0.3548534378866484,False,0.10614029318094254,0.005158686079084873,0.005820993334054947,0.006147434934973717,0.8026955723762512,0.004026137758046389,0.035526666790246964,0.025398435071110725,0.009085718542337418
GTGATTCTCATTTC-1,2,IL7R+ memory/helper T cells,IL7R+ memory/helper T cells,True,True,0.9863670468330383,0.04270048721508763,False,0.004072207026183605,0.0010575943160802126,0.00022539954807143658,0.0004843684146180749,0.005278725642710924,0.001577142858877778,0.9863670468330383,0.0004037473991047591,0.0005337209440767765
GTGATTCTCTCTCG-1,3,Classical monocytes,Classical monocytes,True,True,0.9991875290870667,0.00353262426906648,False,0.0004812036349903792,3.307115548523143e-05,7.623268902534619e-05,0.9991875290870667,6.531941471621394e-05,2.4734523321967572e-05,6.20952996541746e-05,3.2988125894917175e-05,3.6837922380072996e-05
GTGATTCTGGTTCA-1,5,NK cells,NK cells,True,True,0.9909481406211853,0.029601208007903845,False,0.001961855450645089,0.00029237568378448486,0.00028323999140411615,0.00036956684198230505,0.0046075149439275265,0.00019198436348233372,0.0008911943295970559,0.9909481406211853,0.0004541191447060555
GTGATTCTGTCGAT-1,7,Naive/resting T cells,Activated/transitional T cells,True,False,0.9461637139320374,0.128630171855394,False,0.9461637139320374,0.002505563898012042,0.0014718091115355492,0.003986021038144827,0.0029719227459281683,0.0016007357044145465,0.005863976664841175,0.0019509722478687763,0.03348526731133461
GTGATTCTTAGCGT-1,1,B cells,B cells,True,True,0.9937415719032288,0.0203527313470294,False,0.0040779998525977135,0.9937415719032288,7.655961235286668e-05,0.0014403307577595115,0.00019805568445008248,0.00010235930676572025,0.0001620804105186835,9.173250145977363e-05,0.0001092932143365033
GTGCCACTCAGGAG-1,7,Naive/resting T cells,Activated/transitional T cells,True,False,0.8292146325111389,0.2618136298547409,False,0.8292146325111389,0.0030786560382694006,0.001454559969715774,0.004109770525246859,0.00399094307795167,0.001841487712226808,0.00843380019068718,0.002708825748413801,0.14516732096672058
GTGGATTGCACTAG-1,4,CD16+ non-classical monocytes,CD16+ non-classical monocytes,True,True,0.9957838654518127,0.01590615045756867,False,0.00047759938752278686,0.0005721804336644709,0.9957838654518127,0.0014584028394892812,0.0002233890991192311,0.00012182041973574087,0.0007554298499599099,0.00020798854529857635,0.00039928409387357533
GTGGATTGCGGAGA-1,2,IL7R+ memory/helper T cells,IL7R+ memory/helper T cells,True,True,0.9829874038696289,0.04234147842075034,False,0.015754781663417816,0.00017290208779741079,9.400201088283211e-05,0.00020947307348251343,0.000275000260444358,0.00015037502453196794,0.9829874038696289,0.00011616758274612948,0.0002399514487478882
GTGGATTGTAACGC-1,7,Naive/resting T cells,Activated/transitional T cells,True,False,0.7155554294586182,0.3860829636397961,False,0.7155554294586182,0.002910708775743842,0.0012825432932004333,0.0030543641187250614,0.0037365718744695187,0.0016399489250034094,0.0862172544002533,0.0018350984901189804,0.18376806378364563
GTGTACGATCAGTG-1,7,Naive/resting T cells,Activated/transitional T cells,True,False,0.99628746509552,0.013383599754807208,False,0.99628746509552,0.00015093600086402148,8.031899051275104e-05,0.00018130327225662768,0.0007079613860696554,0.00010354958067182451,0.002215044805780053,0.00011430380254751071,0.00015913871175143868
GTGTAGTGGGTACT-1,2,IL7R+ memory/helper T cells,Activated/transitional T cells,True,False,0.7222829461097717,0.4174426338544161,False,0.7222829461097717,0.04289381206035614,0.0032111627515405416,0.00879744067788124,0.007294836919754744,0.003530773799866438,0.17904433608055115,0.003350414102897048,0.0295943021774292
GTGTATCTAGCCTA-1,1,B cells,B cells,True,True,0.9985570311546326,0.005924170895674804,False,0.0008233237313106656,0.9985570311546326,4.192320557194762e-05,9.476894774707034e-05,9.171814599540085e-05,0.00014821084914729,0.00012276112101972103,3.93929731217213e-05,8.092237840173766e-05
GTGTATCTAGTAGA-1,0,Cytotoxic CD8 T cells,NK cells,True,False,0.8703050017356873,0.22516579059397798,False,0.008853795938193798,0.0005155178951099515,0.0005477824015542865,0.0006533166160807014,0.09437096118927002,0.000453125627245754,0.023757442831993103,0.8703050017356873,0.0005430728779174387
GTGTATCTGTTACG-1,1,B cells,B cells,True,True,0.9990739822387695,0.004012624381066019,False,0.0004377096483949572,0.9990739822387695,3.516963261063211e-05,6.285307608777657e-05,4.634990182239562e-05,3.8533307815669104e-05,0.00023580933338962495,2.993819180119317e-05,3.960156755056232e-05
GTGTCAGAAGCGTT-1,0,Cytotoxic CD8 T cells,Cytotoxic CD8 T cells,True,True,0.9448561668395996,0.13073009639896035,False,0.02859300933778286,0.0012547291116788983,0.0010824375785887241,0.0015023743035271764,0.9448561668395996,0.0008800046052783728,0.005352611653506756,0.01514603290706873,0.0013326723128557205
GTTAAAACCGAGAG-1,5,NK cells,NK cells,True,True,0.9932547211647034,0.023392610757576555,False,0.0009525223867967725,0.00028048097738064826,0.00033463092404417694,0.0003903641481883824,0.003281103912740946,0.0002482971758581698,0.0008580426801927388,0.9932547211647034,0.0003998235915787518
GTTAAATGCTCGAA-1,7,Naive/resting T cells,Cytotoxic CD8 T cells,True,False,0.6537175178527832,0.3776653009509528,False,0.2876116633415222,0.0007480476051568985,0.000431851192843169,0.0009540572646073997,0.6537175178527832,0.0005012938054278493,0.05312537029385567,0.0005639985902234912,0.002346160588786006
GTTAAATGTCGACA-1,1,B cells,B cells,True,True,0.9994996786117554,0.0023417645375570523,False,0.00021261212532408535,0.9994996786117554,1.643062205403112e-05,3.2544081477681175e-05,5.901914119021967e-05,2.30245368584292e-05,0.00010124374239239842,1.8687494957703166e-05,3.6695095332106575e-05
GTTAACCTAGCTAC-1,2,IL7R+ memory/helper T cells,IL7R+ memory/helper T cells,True,True,0.9493612051010132,0.11260905211997292,False,0.03881216049194336,0.0010236403904855251,0.0005782365915365517,0.0013656277442350984,0.005302461329847574,0.0014396184124052525,0.9493612051010132,0.0007677950779907405,0.0013492344878613949
GTTAACCTTGCTTT-1,3,Classical monocytes,Classical monocytes,True,True,0.9896711707115173,0.03434011674781098,False,0.0009851171635091305,0.0016314310487359762,0.002865150338038802,0.9896711707115173,0.0005049168248660862,0.00043402097071520984,0.0032411357387900352,0.00032268790528178215,0.00034440020681358874
GTTAGGTGCACTCC-1,7,Naive/resting T cells,Activated/transitional T cells,True,False,0.7376453280448914,0.4494865918338655,False,0.7376453280448914,0.007375949528068304,0.0037805382162332535,0.06327464431524277,0.044610511511564255,0.005029322579503059,0.10346414148807526,0.004952247720211744,0.02986736409366131
GTTAGGTGCCAGTA-1,3,Classical monocytes,Classical monocytes,True,True,0.9994074106216431,0.002779047291002828,False,7.880977500462905e-05,7.260982238221914e-05,0.00010697837569750845,0.9994074106216431,4.0822891605785117e-05,2.6817715479410253e-05,0.00019168709695804864,3.7204848922556266e-05,3.7695139326388016e-05
GTTAGGTGCCCAAA-1,4,CD16+ non-classical monocytes,CD16+ non-classical monocytes,True,True,0.9961353540420532,0.014755763400703205,False,0.0004947084817104042,0.0006156428717076778,0.9961353540420532,0.0014189857756718993,0.0002969381748698652,0.00022564802202396095,0.00039401385583914816,0.00021475725225172937,0.00020397968182805926
GTTAGGTGGAACTC-1,1,B cells,B cells,True,True,0.9988346695899963,0.004706202291342161,False,0.0008363657398149371,0.9988346695899963,2.057417259493377e-05,5.959861300652847e-05,4.605977301253006e-05,2.7056466933572665e-05,8.66057162056677e-05,4.132663525524549e-05,4.779620940098539e-05
GTTAGTCTAAGAAC-1,6,Activated/transitional T cells,Cytotoxic CD8 T cells,True,False,0.9940748810768127,0.02117347895489201,False,0.0021897631231695414,0.0002513871295377612,0.0001353459811070934,0.0003171551798004657,0.9940748810768127,0.00017854361794888973,0.0007656093803234398,0.0009933189721778035,0.0010939844651147723
GTTATAGAGGACAG-1,0,Cytotoxic CD8 T cells,Cytotoxic CD8 T cells,True,True,0.9153468012809753,0.1622259781416081,False,0.06449422240257263,0.0006371793569996953,0.000590024224948138,0.0007840508478693664,0.9153468012809753,0.00043515802826732397,0.01484265923500061,0.000515573367010802,0.0023543520364910364
GTTATGCTTTCATC-1,7,Naive/resting T cells,Activated/transitional T cells,True,False,0.9972477555274963,0.010961656279698306,False,0.9972477555274963,0.00031748763285577297,0.00011770502896979451,0.00030601254547946155,0.0003768062451854348,0.00013399383169598877,0.0009162825881503522,0.00013476042659021914,0.0004491500149015337
GTTCAACTGGGACA-1,5,NK cells,NK cells,True,True,0.9751461744308472,0.06515148626558474,False,0.002616363111883402,0.0004699706332758069,0.00046490857494063675,0.0006322083645500243,0.01779312640428543,0.00034798847627826035,0.0016335927648469806,0.9751461744308472,0.0008957087993621826
GTTCAACTTATGCG-1,7,Naive/resting T cells,Naive/resting T cells,True,True,0.8192910552024841,0.31392576845613324,False,0.11748545616865158,0.011114084161818027,0.00203129299916327,0.005727206356823444,0.01267312467098236,0.002653405535966158,0.026370184496045113,0.0026541559491306543,0.8192910552024841
GTTGACGAGCCCTT-1,0,Cytotoxic CD8 T cells,Cytotoxic CD8 T cells,True,True,0.9962921142578125,0.014238823694700944,False,0.0007220740080811083,0.00029860681388527155,0.0001298146235058084,0.00017986574675887823,0.9962921142578125,9.142576163867489e-05,0.0005730728153139353,0.0008853314793668687,0.0008276894222944975
GTTGACGATATCGG-1,5,NK cells,NK cells,True,True,0.9972792267799377,0.01060932100305248,False,0.00026477748178876936,0.00011151094076922163,0.00013766901975031942,0.0002367509005125612,0.0012185840168967843,8.671802061144263e-05,0.0005213355761952698,0.9972792267799377,0.00014339810877572745
GTTGAGTGGTCTTT-1,3,Classical monocytes,Classical monocytes,True,True,0.9989101886749268,0.004830214319315451,False,0.00011167743650730699,0.00029628071933984756,0.00010716832184698433,0.9989101886749268,9.632808360038325e-05,7.452585850842297e-05,0.00024810651666484773,4.859142791246995e-05,0.00010714738164097071
GTTGAGTGTGCTTT-1,2,IL7R+ memory/helper T cells,IL7R+ memory/helper T cells,True,True,0.8609254360198975,0.19876816041417558,False,0.13354600965976715,0.0007274515810422599,0.0003974494175054133,0.0009180576889775693,0.0009097911533899605,0.0005207729409448802,0.8609254360198975,0.0004957667551934719,0.0015592578565701842
GTTGATCTGGGACA-1,6,Activated/transitional T cells,Activated/transitional T cells,True,True,0.9649375081062317,0.09216576241868452,False,0.9649375081062317,0.0014590873615816236,0.0009653382585383952,0.0017918298253789544,0.0022101050708442926,0.000982435536570847,0.008541736751794815,0.0009818379767239094,0.018130101263523102
GTTGATCTTTTCAC-1,0,Cytotoxic CD8 T cells,Cytotoxic CD8 T cells,True,True,0.9939830899238586,0.02143352653441214,False,0.0009511613752692938,0.0007217349484562874,0.00011281298793619499,0.0002219777088612318,0.9939830899238586,0.00012370235344860703,0.002136560622602701,0.0012866592733189464,0.0004623105050995946
GTTGGATGTTTACC-1,4,CD16+ non-classical monocytes,CD16+ non-classical monocytes,True,True,0.9958062171936035,0.01577398915606184,False,0.00043527389061637223,0.0005452372133731842,0.9958062171936035,0.0013105893740430474,0.00021103523613419384,0.00014215728151611984,0.001103499555028975,0.00022937124595046043,0.00021663129155058414
GTTGTACTATTCCT-1,3,Classical monocytes,Classical monocytes,True,True,0.9992200136184692,0.0036008549892138164,False,9.648210107116029e-05,8.234556298702955e-05,0.00018984623602591455,0.9992200136184692,5.844935367349535e-05,0.00011059976532123983,0.00012920094013679773,5.100056660012342e-05,6.199553899932653e-05
GTTGTACTTTTGGG-1,7,Naive/resting T cells,Activated/transitional T cells,True,False,0.9710822105407715,0.07838894103277,False,0.9710822105407715,0.0013486196985468268,0.0012291724560782313,0.0016038494650274515,0.002417516428977251,0.0010445229709148407,0.017220500856637955,0.0009995264699682593,0.0030541480518877506
GTTTAAGACCATGA-1,3,Classical monocytes,Classical monocytes,True,True,0.9995018243789673,0.0023928875545824154,False,7.971633021952584e-05,4.620479012373835e-05,9.853854135144502e-05,0.9995018243789673,9.706868149805814e-05,2.521122951293364e-05,9.227972623193637e-05,3.289970845798962e-05,2.6190617063548416e-05
GTTTAAGACTGTCC-1,0,Cytotoxic CD8 T cells,Cytotoxic CD8 T cells,True,True,0.992354154586792,0.024320989788261305,False,0.005383457522839308,0.00019995296315755695,0.00011665099737001583,0.0002505932643543929,0.992354154586792,0.00018467371410224587,0.0008798895287327468,0.0002855714119505137,0.00034502247581258416
TAAACAACCAACCA-1,2,IL7R+ memory/helper T cells,IL7R+ memory/helper T cells,True,True,0.8907395005226135,0.1711890436291956,False,0.1038709357380867,0.0006387564935721457,0.00036261207424104214,0.0007671901257708669,0.0017678539734333754,0.00045643773046322167,0.8907395005226135,0.00045465739094652236,0.0009420504793524742
TAAACAACGAATCC-1,1,B cells,B cells,True,True,0.9989174604415894,0.004512035322841119,False,0.0005119621637277305,0.9989174604415894,2.2522361177834682e-05,3.569815817172639e-05,3.479696169961244e-05,2.4576129362685606e-05,0.0003812303184531629,2.006652721320279e-05,5.1662773330463096e-05
TAAAGACTCAGGAG-1,2,IL7R+ memory/helper T cells,Cytotoxic CD8 T cells,True,False,0.8836792707443237,0.19479594718215254,False,0.014847349375486374,0.0006795563967898488,0.0003790411283262074,0.0008087282185442746,0.8836792707443237,0.0004973661270923913,0.097415491938591,0.0005683123599737883,0.0011249000672250986
TAAATCGATGAGGG-1,2,IL7R+ memory/helper T cells,Activated/transitional T cells,True,False,0.9181342720985413,0.16859870278902306,False,0.9181342720985413,0.001896656583994627,0.001040685921907425,0.0027234696317464113,0.0038847080431878567,0.007908168248832226,0.05955138057470322,0.0017805261304602027,0.0030801030807197094
TAACAATGTGCCCT-1,1,B cells,B cells,True,True,0.999521017074585,0.002257004015208824,False,0.000214557207073085,0.999521017074585,2.2959553461987525e-05,3.7590714782709256e-05,4.695094685303047e-05,2.743039294728078e-05,7.502760854549706e-05,2.0691097233793698e-05,3.378796827746555e-05
TAACACCTTCGCTC-1,3,Classical monocytes,Classical monocytes,True,True,0.9994613528251648,0.0025518339210222475,False,7.257171819219366e-05,8.784813689999282e-05,0.00017093720089178532,0.9994613528251648,4.2352556192781776e-05,2.9355171136558056e-05,7.73734791437164e-05,2.9236489353934303e-05,2.9000062568229623e-05
TAACACCTTCGTAG-1,3,Classical monocytes,Classical monocytes,True,True,0.9994487166404724,0.002593948073261451,False,6.829323683632538e-05,7.597293733851984e-05,0.00018039158021565527,0.9994487166404724,3.557277159416117e-05,2.92769109364599e-05,0.00011128843470942229,2.5141654987237416e-05,2.5348173949168995e-05
TAACACCTTGTTTC-1,8,Platelets,Cytotoxic CD8 T cells,False,False,0.29168689250946045,0.7099122984502805,True,0.27231958508491516,0.008360370993614197,0.007694424130022526,0.248777374625206,0.29168689250946045,0.0053663840517401695,0.020121000707149506,0.009610374458134174,0.1360636055469513
TAACATGACACTAG-1,1,B cells,B cells,True,True,0.6002882719039917,0.399707442664036,False,0.02022191323339939,0.6002882719039917,0.0002492786443326622,0.0006994723808020353,0.3452411890029907,0.0002637059660628438,0.03233858942985535,0.00029908985015936196,0.0003984802751801908
TAACCGGACTTACT-1,7,Naive/resting T cells,Activated/transitional T cells,True,False,0.7745891809463501,0.30679481307813616,False,0.7745891809463501,0.003282751888036728,0.0015356329968199134,0.003677314380183816,0.00499280309304595,0.002068285131826997,0.012919764034450054,0.002069071400910616,0.19486521184444427
TAACGTCTCAACCA-1,3,Classical monocytes,Classical monocytes,True,True,0.9994391798973083,0.0026245968306961793,False,0.00021219556219875813,3.0005912776687182e-05,5.7316436141263694e-05,0.9994391798973083,6.299386586761102e-05,2.0813804439967498e-05,9.816470264922827e-05,2.7222720746067353e-05,5.204590343055315e-05
TAACGTCTCATTGG-1,2,IL7R+ memory/helper T cells,Activated/transitional T cells,True,False,0.9933991432189941,0.02299053073444229,False,0.9933991432189941,0.0005034236237406731,0.00026257254648953676,0.0005769535200670362,0.0007299687131308019,0.0003370430786162615,0.003312206594273448,0.00033058933331631124,0.0005481339758262038
TAACTAGAATTTCC-1,2,IL7R+ memory/helper T cells,IL7R+ memory/helper T cells,True,True,0.9899735450744629,0.03128336060162509,False,0.00664740102365613,0.00039557190029881895,0.00031407029018737376,0.0005156649858690798,0.0005829435540363193,0.0002932268544100225,0.9899735450744629,0.00026958659873344004,0.0010080082574859262
TAACTAGACTTAGG-1,2,IL7R+ memory/helper T cells,Activated/transitional T cells,True,False,0.48886656761169434,0.37667859237699025,True,0.48886656761169434,0.009876863099634647,0.0011559524573385715,0.0026248544454574585,0.0029387541580945253,0.0015264401445165277,0.4876175820827484,0.00167812779545784,0.003714871359989047
TAACTAGATCTGGA-1,7,Naive/resting T cells,Activated/transitional T cells,True,False,0.9913063645362854,0.028351983450476268,False,0.9913063645362854,0.00040169295971281826,0.00023950054310262203,0.0005394562613219023,0.00047437596367672086,0.0002650359529070556,0.004896294325590134,0.00028495449805632234,0.0015922833699733019
TAACTCACGAGGAC-1,3,Classical monocytes,Classical monocytes,True,True,0.9994195699691772,0.0027018544597939174,False,0.00011972759966738522,3.685136107378639e-05,0.00021878513507544994,0.9994195699691772,6.684237450826913e-05,2.916130870289635e-05,5.491093543241732e-05,2.9439786885632202e-05,2.472175401635468e-05
TAACTCACGTACAC-1,1,B cells,B cells,True,True,0.999010443687439,0.004103439957994981,False,0.0006863423623144627,0.999010443687439,2.3688713554292917e-05,6.565993680851534e-05,5.364151729736477e-05,3.285159618826583e-05,5.126276664668694e-05,2.6060890377266333e-05,4.997441283194348e-05
TAACTCACGTATCG-1,3,Classical monocytes,Classical monocytes,True,True,0.999233603477478,0.003488025417858782,False,0.00017818767810240388,4.586443901644088e-05,0.0001028787883115001,0.999233603477478,0.0002216699649579823,3.157027458655648e-05,0.00012174356379546225,3.0841067200526595e-05,3.367095996509306e-05
TAACTCACTCTACT-1,5,NK cells,NK cells,True,True,0.5299610495567322,0.3300079024502974,False,0.0012746629072353244,0.00036787637509405613,0.0003086061333306134,0.0004445021622814238,0.46549758315086365,0.00036640578764490783,0.001135490252636373,0.5299610495567322,0.0006438685231842101
TAAGAACTGTGTCA-1,3,Classical monocytes,Classical monocytes,True,True,0.9995014667510986,0.0022947079321368217,False,0.00028275229851715267,3.242591628804803e-05,4.585005808621645e-05,0.9995014667510986,3.508181544020772e-05,1.9170283849234693e-05,3.483700129436329e-05,2.0077415683772415e-05,2.8383012249832973e-05
TAAGAGGACTAAGC-1,1,B cells,B cells,True,True,0.9991798996925354,0.003608237269287627,False,0.0003824677551165223,0.9991798996925354,1.866360253188759e-05,4.9060701712733135e-05,7.469699630746618e-05,2.4511980882380158e-05,0.00019106679246760905,2.7623818823485635e-05,5.197011341806501e-05
TAAGAGGACTTGTT-1,5,NK cells,NK cells,True,True,0.9957422614097595,0.016046828439472735,False,0.0008217055583372712,0.00021213488071225584,0.00017957662930712104,0.00037001725286245346,0.0009935367852449417,0.00014878271031193435,0.0012038793647661805,0.9957422614097595,0.0003280640230514109
TAAGATACGGTTCA-1,3,Classical monocytes,Classical monocytes,True,True,0.9934961795806885,0.02298988170573777,False,0.0017257772851735353,0.00035456049954518676,0.0009979710448533297,0.9934961795806885,0.0003560878976713866,0.00022376442211680114,0.0021990821696817875,0.00023700500605627894,0.00040957474266178906
TAAGATTGCGTAGT-1,7,Naive/resting T cells,Activated/transitional T cells,True,False,0.9930898547172546,0.023760036323474724,False,0.9930898547172546,0.0004743195604532957,0.00030407184385694563,0.0005626263446174562,0.0005449407617561519,0.00031936977757140994,0.0036724547389894724,0.00035119420499540865,0.0006811574567109346
TAAGATTGTTGCTT-1,2,IL7R+ memory/helper T cells,IL7R+ memory/helper T cells,True,True,0.9730518460273743,0.0716815848342143,False,0.014724001288414001,0.0010453752474859357,0.0006066072965040803,0.0008447383297607303,0.008110342547297478,0.00042523248703218997,0.9730518460273743,0.00044941308442503214,0.0007424387731589377
TAAGCGTGAGGTTC-1,3,Classical monocytes,Classical monocytes,True,True,0.9973863959312439,0.010252562620215039,False,0.00035690912045538425,0.00013713265070691705,0.0012269043363630772,0.9973863959312439,0.00015769005403853953,0.00010713851224863902,0.00030083293677307665,0.00012196270836284384,0.00020505183783825487
TAAGCGTGGACAAA-1,4,CD16+ non-classical monocytes,CD16+ non-classical monocytes,True,True,0.9264073371887207,0.12699330770155573,False,0.00044539017835631967,0.0004090346919838339,0.9264073371887207,0.07094508409500122,0.00033537321723997593,0.00020826914987992495,0.0008377684862352908,0.00020819646306335926,0.00020357075845822692
TAAGCGTGGGAAAT-1,7,Naive/resting T cells,Activated/transitional T cells,True,False,0.8506475687026978,0.23816045568597027,False,0.8506475687026978,0.0030061746947467327,0.0016083252849057317,0.004038150422275066,0.003978946711868048,0.0021004902664572,0.1279819756746292,0.0023050284944474697,0.004333402030169964
TAAGCGTGTGCTCC-1,4,CD16+ non-classical monocytes,CD16+ non-classical monocytes,True,True,0.9825778603553772,0.04461515761860582,False,0.000362384133040905,0.0006031786324456334,0.9825778603553772,0.015266585163772106,0.00019173885812051594,9.595930168870836e-05,0.0006431157235056162,0.0001531096058897674,0.00010609476157696918
TAAGGCTGCCATGA-1,0,Cytotoxic CD8 T cells,Cytotoxic CD8 T cells,True,True,0.8791383504867554,0.2093150163238911,False,0.027900682762265205,0.0006773903733119369,0.00044835195876657963,0.000869029841851443,0.8791383504867554,0.00047647044993937016,0.08842266350984573,0.0008025630959309638,0.0012644646922126412
TAAGGCTGCTGCTC-1,7,Naive/resting T cells,Activated/transitional T cells,True,False,0.9981755018234253,0.007425049728147147,False,0.9981755018234253,0.00011658883886411786,7.663866563234478e-05,0.0001477237674407661,0.00015650158456992358,7.850190013414249e-05,0.0008794492459855974,7.626754086231813e-05,0.00029277658904902637
TAAGGCTGTCTCGC-1,3,Classical monocytes,Classical monocytes,True,True,0.999431312084198,0.0026829803759989197,False,0.00010486601968295872,5.004068952985108e-05,0.00015567088848911226,0.999431312084198,4.1376766603207216e-05,2.7996653443551622e-05,0.00011590133362915367,3.1719100661575794e-05,4.111565795028582e-05
TAAGGGCTGCTGTA-1,2,IL7R+ memory/helper T cells,Cytotoxic CD8 T cells,True,False,0.6322386860847473,0.33118330431059695,False,0.006535347085446119,0.0011458219960331917,0.0005906145088374615,0.0013489950215443969,0.6322386860847473,0.0007879281183704734,0.3558904826641083,0.0007621792610734701,0.0006999381585046649
TAAGGGCTTTACTC-1,2,IL7R+ memory/helper T cells,IL7R+ memory/helper T cells,True,True,0.6242243647575378,0.44161063378841875,False,0.26565811038017273,0.003050279337912798,0.0025905142538249493,0.003504897002130747,0.09204287827014923,0.0021469544153660536,0.6242243647575378,0.002521773101761937,0.004260255489498377
TAAGTAACCGAGAG-1,1,B cells,B cells,True,True,0.9982097148895264,0.006863217110202731,False,0.001272452063858509,0.9982097148895264,3.392478538444266e-05,0.00020650605438277125,8.588772470830008e-05,4.835060826735571e-05,5.7662346080178395e-05,3.827785621979274e-05,4.718708078144118e-05
TAAGTAACCTCCAC-1,1,B cells,B cells,True,True,0.9976422190666199,0.008419483542398042,False,0.0019420427270233631,0.9976422190666199,3.0580253223888576e-05,6.1058955907356e-05,9.114691783906892e-05,4.704691673396155e-05,7.014751463430002e-05,3.5605287848738953e-05,8.010624151211232e-05
TAAGTAACCTGTAG-1,2,IL7R+ memory/helper T cells,IL7R+ memory/helper T cells,True,True,0.9182755947113037,0.16072548815443585,False,0.02720772847533226,0.0004114706825930625,0.00024178111925721169,0.0006056989659555256,0.051138054579496384,0.00028994979220442474,0.9182755947113037,0.000585134606808424,0.0012445980682969093
TAAGTAACTTGTCT-1,7,Naive/resting T cells,Cytotoxic CD8 T cells,True,False,0.7601173520088196,0.3578609931718259,False,0.14011883735656738,0.0011334223672747612,0.0013969361316412687,0.0027120010927319527,0.7601173520088196,0.0007919304189272225,0.08101791888475418,0.00159241515211761,0.011119150556623936
TAATGATGAGCGGA-1,7,Naive/resting T cells,Activated/transitional T cells,True,False,0.9891695380210876,0.031875131471892144,False,0.9891695380210876,0.0002541639260016382,0.0001586124417372048,0.0002835579216480255,0.0010380004532635212,0.00016162330575753003,0.008270615711808205,0.00019208219600841403,0.00047176191583275795
TAATGCCTCATGAC-1,2,IL7R+ memory/helper T cells,Activated/transitional T cells,True,False,0.7854148149490356,0.2526771745220733,False,0.7854148149490356,0.0007270409842021763,0.00036969612119719386,0.0009548328816890717,0.0008944855653680861,0.0005010833265259862,0.20919235050678253,0.0005392056773416698,0.0014064437709748745
TAATGCCTCGTCTC-1,5,NK cells,NK cells,True,True,0.9914833903312683,0.02755098753279819,False,0.0005496205994859338,0.0002484306460246444,0.00023194914683699608,0.00027047377079725266,0.00483872601762414,0.00015015261305961758,0.0018671698635444045,0.9914833903312683,0.0003600402851589024
TAATGTGAAGATGA-1,7,Naive/resting T cells,Activated/transitional T cells,True,False,0.9946008920669556,0.020170152228969142,False,0.9946008920669556,0.0006024282774887979,0.00030330702429637313,0.0007612219778820872,0.000757504312787205,0.0003951371181756258,0.0010806684149429202,0.00040668254951015115,0.0010921995854005218
TAATGTGACTGCAA-1,3,Classical monocytes,Classical monocytes,True,True,0.9975069165229797,0.010066571831865817,False,0.0002578829589765519,0.0007177923107519746,0.00043302515405230224,0.9975069165229797,0.00018284616817254573,0.0004716818511951715,0.00023214059183374047,0.00012136328587075695,7.641165575478226e-05
TAATGTGATTACTC-1,0,Cytotoxic CD8 T cells,Cytotoxic CD8 T cells,True,True,0.9116496443748474,0.151920825694727,False,0.08138657361268997,0.001098815817385912,0.00022208305017556995,0.0005158016574569046,0.9116496443748474,0.00032438774360343814,0.0032535577192902565,0.000320765539072454,0.0012283788528293371
TACAAATGGGTACT-1,2,IL7R+ memory/helper T cells,IL7R+ memory/helper T cells,True,True,0.5956118702888489,0.3563915997097195,False,0.38324129581451416,0.0011392227606847882,0.000759265327360481,0.0014492677291855216,0.014218294993042946,0.0007670637569390237,0.5956118702888489,0.0008620957960374653,0.0019516188185662031
TACAATGAAAACAG-1,3,Classical monocytes,Classical monocytes,True,True,0.9994920492172241,0.0024145421005168847,False,8.30219141789712e-05,2.6963090931531042e-05,0.00010403702617622912,0.9994920492172241,5.000680175726302e-05,2.005992610065732e-05,0.00015305320266634226,2.5771605578484014e-05,4.501408329815604e-05
TACAATGACTTAGG-1,2,IL7R+ memory/helper T cells,IL7R+ memory/helper T cells,True,True,0.6670116186141968,0.33775945048501405,False,0.3143359124660492,0.0022471765987575054,0.0012486837804317474,0.003104802453890443,0.0049879117868840694,0.0014352683210745454,0.6670116186141968,0.0015140355098992586,0.004114574287086725
TACAATGATGCTAG-1,0,Cytotoxic CD8 T cells,Cytotoxic CD8 T cells,True,True,0.9948723912239075,0.01845713710418712,False,0.0021834673825651407,0.0001904406090034172,0.00012784723367076367,0.0003213846357539296,0.9948723912239075,0.00015237645129673183,0.0010648173047229648,0.0007747644558548927,0.0003125458606518805
TACACACTCACACA-1,2,IL7R+ memory/helper T cells,Activated/transitional T cells,True,False,0.9136887192726135,0.18720353853000718,False,0.9136887192726135,0.002455061301589012,0.0013064347440376878,0.0029172124341130257,0.006752912420779467,0.0017143127042800188,0.03865111619234085,0.001673152088187635,0.03084106557071209
TACACACTCTTACT-1,2,IL7R+ memory/helper T cells,IL7R+ memory/helper T cells,True,True,0.8695980310440063,0.25986820853395504,False,0.03180461376905441,0.004704682156443596,0.0027786840219050646,0.01249317079782486,0.06771550327539444,0.0033496092073619366,0.8695980310440063,0.003295663045719266,0.004260077606886625
TACATAGAACGCAT-1,0,Cytotoxic CD8 T cells,Cytotoxic CD8 T cells,True,True,0.9968438148498535,0.011892545368814341,False,0.0014973439974710345,0.0002841531240846962,6.605570524698123e-05,0.00012778893869835883,0.9968438148498535,7.922739314381033e-05,0.0007593714981339872,9.799151303013787e-05,0.00024424755247309804
TACATCACACGGGA-1,7,Naive/resting T cells,Activated/transitional T cells,True,False,0.9678012728691101,0.08401440229107755,False,0.9678012728691101,0.0010258909314870834,0.000657441676594317,0.0013496080646291375,0.0019428407540544868,0.0007168562151491642,0.006699372082948685,0.0008783558150753379,0.01892836205661297
TACATCACCTGTTT-1,4,CD16+ non-classical monocytes,CD16+ non-classical monocytes,True,True,0.9981339573860168,0.007616336231139407,False,0.00018436038226354867,0.00027374818455427885,0.9981339573860168,0.0008398755453526974,0.00013335124822333455,5.8936475397786126e-05,0.00021541235037148,9.641519864089787e-05,6.392029899870977e-05
TACATCACGCTAAC-1,1,B cells,B cells,True,True,0.9986334443092346,0.0052594257318983985,False,0.001098813721910119,0.9986334443092346,2.014490746660158e-05,3.904346885974519e-05,4.540941881714389e-05,3.1076498999027535e-05,6.27884001005441e-05,2.0796311218873598e-05,4.8436500946991146e-05
TACATCACTGAACC-1,4,CD16+ non-classical monocytes,CD16+ non-classical monocytes,True,True,0.9974316954612732,0.009955607132251283,False,0.00019107767730019987,0.00023170464555732906,0.9974316954612732,0.0013453543651849031,0.00015854075900278986,7.074089808156714e-05,0.00036645130603574216,0.00011446858843555674,9.00274608284235e-05
TACCATTGAGGTTC-1,7,Naive/resting T cells,Activated/transitional T cells,True,False,0.9505143165588379,0.11618330980250226,False,0.9505143165588379,0.0018619413021951914,0.0009756572544574738,0.002971692942082882,0.004347407724708319,0.0012773842317983508,0.03426463156938553,0.001268004416488111,0.002518989145755768
TACCATTGCGGGAA-1,3,Classical monocytes,Classical monocytes,True,True,0.9667532444000244,0.08143615288374065,False,0.0019602440297603607,0.0013750563375651836,0.025153769180178642,0.9667532444000244,0.0008692107512615621,0.00042213196866214275,0.0020072965417057276,0.00048486876767128706,0.000974166439846158
TACCATTGGGGATG-1,3,Classical monocytes,Classical monocytes,True,True,0.9982377290725708,0.007028790398976005,False,0.0009817637037485838,6.568715616595e-05,9.350613981951028e-05,0.9982377290725708,8.168960630428046e-05,4.2381867388030514e-05,9.959981980500743e-05,5.2961371693527326e-05,0.00034470990067347884
TACCATTGTGAGGG-1,3,Classical monocytes,Classical monocytes,True,True,0.9991763234138489,0.003580849145428289,False,0.0004596445069182664,2.5354391254950315e-05,2.9199232812970877e-05,0.9991763234138489,8.48411291372031e-05,1.7808224583859555e-05,8.214564149966463e-05,2.04362440854311e-05,0.00010420520993648097
TACCGGCTGTTGGT-1,7,Naive/resting T cells,Activated/transitional T cells,True,False,0.9959753155708313,0.015173396970552793,False,0.9959753155708313,0.00030927566695027053,0.00018240757344756275,0.0003735147474799305,0.0006573781720362604,0.00020824209786951542,0.0016507061664015055,0.00023341967607848346,0.00040970256668515503
TACGAGTGATCTCT-1,7,Naive/resting T cells,Activated/transitional T cells,True,False,0.9846636056900024,0.0418765989533753,False,0.9846636056900024,0.0003228359273634851,0.0002058416575891897,0.0004203376593068242,0.0008221171447075903,0.00022967961558606476,0.012423476204276085,0.00023332836281042546,0.0006787694874219596
TACGAGTGATGCTG-1,3,Classical monocytes,Classical monocytes,True,True,0.8970571160316467,0.1616717059061537,False,0.0009144851355813444,0.0012185422237962484,0.09899843484163284,0.8970571160316467,0.00037714565405622125,0.0002376179036218673,0.0005958292167633772,0.0003116822917945683,0.00028909699176438153
TACGAGTGCGGAGA-1,2,IL7R+ memory/helper T cells,Activated/transitional T cells,True,False,0.478362113237381,0.4878589826371645,True,0.478362113237381,0.004814020358026028,0.005560107529163361,0.0058240704238414764,0.08115382492542267,0.0034591120202094316,0.41237935423851013,0.003276805393397808,0.005170566961169243
TACGAGTGGTTGGT-1,2,IL7R+ memory/helper T cells,IL7R+ memory/helper T cells,True,True,0.6166456937789917,0.34499378965663097,False,0.36800825595855713,0.004726777784526348,0.001077151857316494,0.0023102236445993185,0.002392631256952882,0.0012693265452980995,0.6166456937789917,0.0012439399724826217,0.00232602353207767
TACGATCTAGTGTC-1,7,Naive/resting T cells,Activated/transitional T cells,True,False,0.9652001857757568,0.09671145970310138,False,0.9652001857757568,0.0017962661804631352,0.0020428209099918604,0.002273748628795147,0.011425540782511234,0.001226217020303011,0.008334506303071976,0.0014831186272203922,0.0062176245264709
TACGATCTCACTGA-1,3,Classical monocytes,Classical monocytes,True,True,0.978615403175354,0.0518659854887387,False,0.0003652546729426831,0.00039223104249686003,0.019298216328024864,0.978615403175354,0.00018515644478611648,0.00014131653006188571,0.0006527689401991665,0.0001921030634548515,0.0001575583009980619
TACGATCTTACGAC-1,0,Cytotoxic CD8 T cells,Cytotoxic CD8 T cells,True,True,0.9854556918144226,0.0410170874738555,False,0.010854091495275497,0.00022716406965628266,0.00021991475659888238,0.00028417209978215396,0.9854556918144226,0.00016876474546734244,0.0010448970133438706,0.001452333410270512,0.0002929534239228815
TACGCAGAGAATCC-1,0,Cytotoxic CD8 T cells,NK cells,True,False,0.9685181379318237,0.08154495349350459,False,0.017189230769872665,0.0005386131233535707,0.00035023599048145115,0.000701780547387898,0.008593853563070297,0.0003937245928682387,0.0031051081605255604,0.9685181379318237,0.0006092388066463172
TACGCCACATTCCT-1,2,IL7R+ memory/helper T cells,Activated/transitional T cells,True,False,0.9385700821876526,0.15037081351213952,False,0.9385700821876526,0.029136179015040398,0.002756229368969798,0.0034907173831015825,0.008844356052577496,0.002156817587092519,0.009456060826778412,0.0033644516952335835,0.002225087257102132
TACGCCACTCCCAC-1,4,CD16+ non-classical monocytes,CD16+ non-classical monocytes,True,True,0.9977363348007202,0.009166928283648849,False,0.0001647166209295392,0.0005390414735302329,0.9977363348007202,0.0005931786727160215,0.00019114480528514832,6.233096064534038e-05,0.0005035754875279963,0.0001238297118106857,8.58123748912476e-05
TACGCCACTCCGAA-1,1,B cells,B cells,True,True,0.9987727999687195,0.004837799453936197,False,0.0009429921046830714,0.9987727999687195,1.702730151009746e-05,3.512115654302761e-05,3.8784150092396885e-05,2.5747756808414124e-05,7.729444769211113e-05,2.1060088329249993e-05,6.912070966791362e-05
TACGGAACGCGTTA-1,1,B cells,B cells,True,True,0.9985663294792175,0.0059236191554874855,False,0.000779967347625643,0.9985663294792175,5.140908615430817e-05,8.28258998808451e-05,0.00015727714344393462,6.291040335781872e-05,9.540832979837433e-05,5.003066689823754e-05,0.00015381473349407315
TACGGCCTGGGACA-1,5,NK cells,NK cells,True,True,0.9933226704597473,0.02230591475075642,False,0.0008714183932170272,0.0004252216313034296,0.0001290345680899918,0.00024044151359703392,0.004086961504071951,0.00011279846512479708,0.0005869398592039943,0.9933226704597473,0.00022446564980782568
TACGTACTACGGAG-1,2,IL7R+ memory/helper T cells,IL7R+ memory/helper T cells,True,True,0.8227280974388123,0.2459544754442709,False,0.017464831471443176,0.00042880751425400376,0.00023991308989934623,0.0005412212340161204,0.15749786794185638,0.0002941832353826612,0.8227280974388123,0.0003648076963145286,0.00044030716526322067
TACGTACTCAGTTG-1,2,IL7R+ memory/helper T cells,IL7R+ memory/helper T cells,True,True,0.7387142777442932,0.34886709077631817,False,0.21925848722457886,0.004667797591537237,0.004065033048391342,0.005716501735150814,0.010153364390134811,0.0033230744302272797,0.7387142777442932,0.0031449112575501204,0.010956528596580029
TACGTACTCCCGTT-1,1,B cells,B cells,True,True,0.9896355271339417,0.028410577453762888,False,0.009453962557017803,0.9896355271339417,6.006788680679165e-05,0.00022594207257498056,0.0001259214332094416,8.10371057013981e-05,0.0001858545292634517,6.23704181634821e-05,0.00016934581799432635
TACGTTACAGAAGT-1,2,IL7R+ memory/helper T cells,IL7R+ memory/helper T cells,True,True,0.6276581287384033,0.5013968868146207,False,0.24555957317352295,0.007551283575594425,0.006694846786558628,0.015565427951514721,0.026020536199212074,0.005454727448523045,0.6276581287384033,0.009672221727669239,0.05582327023148537
TACGTTACCAAGCT-1,3,Classical monocytes,Classical monocytes,True,True,0.9993545413017273,0.0030176422277160115,False,0.00015798269305378199,6.281390960793942e-05,0.0001365874777548015,0.9993545413017273,8.426747808698565e-05,3.8769376260461286e-05,9.816986130317673e-05,3.531594848027453e-05,3.1529802072327584e-05
TACTAAGAAAGGTA-1,1,B cells,B cells,True,True,0.9992344379425049,0.0033586079328724377,False,0.0004457555478438735,0.9992344379425049,3.268500222475268e-05,5.918991519138217e-05,4.6161952923284844e-05,4.05572573072277e-05,8.048699237406254e-05,2.8079421099391766e-05,3.263837061240338e-05
TACTAAGAATCACG-1,6,Activated/transitional T cells,Activated/transitional T cells,True,True,0.9708049297332764,0.08406129268425955,False,0.9708049297332764,0.002165250713005662,0.0011477083899080753,0.006616874132305384,0.004697627387940884,0.00157058984041214,0.00953062903136015,0.0014995965175330639,0.0019668193999677896
TACTAAGATGATGC-1,3,Classical monocytes,Classical monocytes,True,True,0.999618649482727,0.0018808592715915573,False,0.00010573281178949401,5.1434661145322025e-05,3.20024810207542e-05,0.999618649482727,4.4443338993005455e-05,2.2388727302313782e-05,3.346961602801457e-05,3.356202432769351e-05,5.8315239584771916e-05
TACTAAGATTGCGA-1,2,IL7R+ memory/helper T cells,Activated/transitional T cells,True,False,0.7722525596618652,0.2834923546072516,False,0.7722525596618652,0.0017352306749671698,0.0013182206312194467,0.003840954042971134,0.002577374456450343,0.0013697813265025616,0.21198363602161407,0.0012479781871661544,0.0036742370575666428
TACTACACGAGAGC-1,2,IL7R+ memory/helper T cells,IL7R+ memory/helper T cells,True,True,0.9034443497657776,0.15573818286102661,False,0.09245811402797699,0.0005452717887237668,0.0002958059194497764,0.0006664388929493725,0.0007433957071043551,0.00039919803384691477,0.9034443497657776,0.000645107589662075,0.0008022983092814684
TACTACACTTACCT-1,1,B cells,B cells,True,True,0.9966089725494385,0.012167370332008919,False,0.0023105009458959103,0.9966089725494385,6.831006612628698e-05,0.00018833963258657604,0.00035643012961372733,9.016645344672725e-05,0.00011152488150401041,0.00011112208449048921,0.00015462137525901198
TACTACTGAACCTG-1,3,Classical monocytes,Classical monocytes,True,True,0.9992870688438416,0.003273172349392305,False,0.00021182683121878654,5.6067961850203574e-05,0.00017844123067334294,0.9992870688438416,5.391437662183307e-05,3.430390279390849e-05,0.00010062546061817557,4.2470379412407055e-05,3.530911635607481e-05
TACTACTGATGTCG-1,5,NK cells,Cytotoxic CD8 T cells,True,False,0.9889077544212341,0.0342426372589997,False,0.0012087790528312325,0.0002930710033979267,0.0002947229950223118,0.00035173652577213943,0.9889077544212341,0.00022719976550433785,0.001280466211028397,0.007011840585619211,0.00042443693382665515
TACTACTGATTCTC-1,7,Naive/resting T cells,Activated/transitional T cells,True,False,0.9843162894248962,0.04459242144953859,False,0.9843162894248962,0.00056666717864573,0.0003003697202075273,0.0006739100790582597,0.000700492353644222,0.00039594428380951285,0.011315863579511642,0.0003861899022012949,0.0013442495837807655
TACTACTGTATGGC-1,7,Naive/resting T cells,Activated/transitional T cells,True,False,0.9951966404914856,0.016932781407441345,False,0.9951966404914856,0.00021477474365383387,0.00010147379362024367,0.0002240674803033471,0.0004765242920257151,0.0001308952341787517,0.002856707666069269,0.00031290127662941813,0.0004860461631324142
TACTCAACGGTCTA-1,3,Classical monocytes,Classical monocytes,True,True,0.9995853304862976,0.0020148843161200435,False,0.0001366363576380536,4.7009300033096224e-05,5.5080912716221064e-05,0.9995853304862976,3.6163237382424995e-05,2.0231642338330857e-05,6.479115836555138e-05,2.592188866401557e-05,2.8788024792447686e-05
TACTCAACTGCTAG-1,1,B cells,B cells,True,True,0.9992436170578003,0.0032575363629085345,False,0.0004959984798915684,0.9992436170578003,1.727367089188192e-05,4.6922297769924626e-05,4.1514515032758936e-05,2.851354656741023e-05,7.549615838797763e-05,2.3496335415984504e-05,2.7212487111683004e-05
TACTCCCTCAGTTG-1,6,Activated/transitional T cells,IL7R+ memory/helper T cells,True,False,0.7599160671234131,0.2928675524110312,False,0.22293008863925934,0.0017006698762997985,0.0010429585818201303,0.002155209193006158,0.004338573664426804,0.001274634851142764,0.7599160671234131,0.0015656381146982312,0.005076127126812935
TACTCTGAATCGAC-1,5,NK cells,NK cells,True,True,0.9909512996673584,0.02898132971213169,False,0.0007575461058877409,0.0002954421506728977,0.00016364033217541873,0.00035371771082282066,0.005616399459540844,0.00019736796093638986,0.000882609689142555,0.9909512996673584,0.0007819186430424452
TACTCTGACGAGTT-1,2,IL7R+ memory/helper T cells,IL7R+ memory/helper T cells,True,True,0.9768369793891907,0.06389231694604686,False,0.014832309447228909,0.001836572540923953,0.000410999811720103,0.0009106175857596099,0.001881617121398449,0.0010677577229216695,0.9768369793891907,0.0005036481888964772,0.0017195502296090126
TACTCTGATTGACG-1,1,B cells,B cells,True,True,0.9991759657859802,0.0036754603947736888,False,0.0003649960272014141,0.9991759657859802,3.057047797483392e-05,9.049047366715968e-05,0.00011415953485993668,4.281137807993218e-05,0.00010321709851268679,3.101424590568058e-05,4.677410106523894e-05
TACTGGGATCGATG-1,2,IL7R+ memory/helper T cells,Activated/transitional T cells,True,False,0.8846385478973389,0.19667199329941665,False,0.8846385478973389,0.0023062597028911114,0.00119276181794703,0.0028216224163770676,0.003597009228542447,0.0016104081878438592,0.0999261662364006,0.0016893469728529453,0.002217903034761548
TACTGTTGAAAGCA-1,2,IL7R+ memory/helper T cells,Activated/transitional T cells,True,False,0.9733539819717407,0.07215811894006924,False,0.9733539819717407,0.004806678742170334,0.0004022250068373978,0.001269902684725821,0.0014953494537621737,0.0005503345164470375,0.015670934692025185,0.0005242661572992802,0.001926326658576727
TACTGTTGAGGCGA-1,5,NK cells,NK cells,True,True,0.9966463446617126,0.01192053723480195,False,0.00039632548578083515,8.883752161636949e-05,6.973416020628065e-05,8.639891893835738e-05,0.0023590438067913055,6.890069926157594e-05,0.00018895228276960552,0.9966463446617126,9.545601642457768e-05
TACTGTTGCTGAAC-1,1,B cells,IL7R+ memory/helper T cells,True,False,0.6568050980567932,0.5764171344450341,False,0.0848638191819191,0.105360247194767,0.015819691121578217,0.024250485002994537,0.03709206357598305,0.01512780413031578,0.6568050980567932,0.01382112130522728,0.04685961455106735
TACTTGACTCCTCG-1,0,Cytotoxic CD8 T cells,Cytotoxic CD8 T cells,True,True,0.9976845979690552,0.009092667622602559,False,0.0011246667709201574,9.930010128300637e-05,6.456615665229037e-05,0.0001410881377523765,0.9976845979690552,8.355481259059161e-05,0.000502179202158004,0.00013600221427623183,0.00016405546921305358
TACTTGACTGGTGT-1,1,B cells,B cells,True,True,0.9994311928749084,0.0026367318782806585,False,0.0002166887716157362,0.9994311928749084,1.9330302166054025e-05,3.618867776822299e-05,8.221009920816869e-05,2.2321641154121608e-05,4.6303641283884645e-05,1.8128961528418586e-05,0.0001276233233511448
TACTTTCTTTTGGG-1,0,Cytotoxic CD8 T cells,Cytotoxic CD8 T cells,True,True,0.9890111684799194,0.03067131795542697,False,0.009482164867222309,0.00012966552458237857,6.956916331546381e-05,0.0001587556180311367,0.9890111684799194,9.253874304704368e-05,0.0006539298919960856,0.000190663049579598,0.00021149286476429552
TAGAAACTAATCGC-1,7,Naive/resting T cells,Activated/transitional T cells,True,False,0.9282971024513245,0.16167340465709856,False,0.9282971024513245,0.0016384143382310867,0.0010527358390390873,0.002621147781610489,0.0074025471694767475,0.001118625164963305,0.0333610437810421,0.0011378044728189707,0.023370549082756042
TAGAAACTGCTTCC-1,3,Classical monocytes,Classical monocytes,True,True,0.9990703463554382,0.004130914182767118,False,0.0003617821494117379,5.204247645451687e-05,0.00011602300219237804,0.9990703463554382,0.00014159244892653078,3.927825309801847e-05,0.00012147330562584102,4.379816891741939e-05,5.3659776312997565e-05
TAGAAACTGGGATG-1,5,NK cells,Cytotoxic CD8 T cells,True,False,0.9967562556266785,0.012397222286932479,False,0.00036843016277998686,0.00030795091879554093,0.00011801919754361734,0.00017327212844975293,0.9967562556266785,8.325905946549028e-05,0.0003760215768124908,0.0015144400531426072,0.0003023011959157884
TAGAATTGCGACAT-1,7,Naive/resting T cells,Activated/transitional T cells,True,False,0.9857838153839111,0.04328024244981982,False,0.9857838153839111,0.0005654785200022161,0.00029631087090820074,0.0006852588267065585,0.0007977092172950506,0.0003885946935042739,0.004628548864275217,0.0004186902369838208,0.006435609422624111
TAGAATTGTATCGG-1,2,IL7R+ memory/helper T cells,Activated/transitional T cells,True,False,0.963935911655426,0.08453971599872218,False,0.963935911655426,0.0006608983385376632,0.00035377228050492704,0.0007985583506524563,0.003711398458108306,0.00044499736395664513,0.028447380289435387,0.0004605847643688321,0.0011865294072777033
TAGACGTGCTTGAG-1,7,Naive/resting T cells,IL7R+ memory/helper T cells,True,False,0.5385712385177612,0.5774438658328893,False,0.2407163381576538,0.008357327431440353,0.004693547263741493,0.018079906702041626,0.03377784416079521,0.0057075899094343185,0.5385712385177612,0.00638017151504755,0.14371605217456818
TAGACGTGTCGCTC-1,2,IL7R+ memory/helper T cells,Activated/transitional T cells,True,False,0.8597862720489502,0.19962585507131408,False,0.8597862720489502,0.0006612606812268496,0.0003363580326549709,0.0009979935130104423,0.0009968545055016875,0.00044037867337465286,0.13469019532203674,0.0004509625432547182,0.0016397229628637433
TAGAGCACCTTACT-1,1,B cells,B cells,True,True,0.9983580708503723,0.006677930543162768,False,0.0007503808592446148,0.9983580708503723,5.059817704022862e-05,8.739563782000914e-05,0.00046066936920396984,6.087215297156945e-05,9.440381109016016e-05,4.63376309198793e-05,9.123920608544722e-05
TAGATTGACTTGTT-1,1,B cells,B cells,True,True,0.9937595725059509,0.020347557007546556,False,0.0044660321436822414,0.9937595725059509,0.00010763767932076007,0.000267616385826841,0.0002649592934176326,0.00013915648742113262,0.00020481283718254417,0.00011832288873847574,0.0006718540098518133
TAGATTGAGGCATT-1,6,Activated/transitional T cells,Cytotoxic CD8 T cells,True,False,0.8242981433868408,0.271048665841271,False,0.14549832046031952,0.0015569539973512292,0.000868778966832906,0.003489219583570957,0.8242981433868408,0.005012950859963894,0.0024770956952124834,0.0045689186081290245,0.01222954411059618
TAGCATCTCAGCTA-1,5,NK cells,NK cells,True,True,0.9921085238456726,0.025292747356535927,False,0.0010774016845971346,0.00017137813847512007,0.0002221337053924799,0.00022144753893371671,0.005216994788497686,0.00012803560821339488,0.0005854336195625365,0.9921085238456726,0.0002685883373487741
TAGCATCTCCCTCA-1,6,Activated/transitional T cells,Cytotoxic CD8 T cells,True,False,0.5496804714202881,0.43668291033461987,False,0.3737963140010834,0.0024632816202938557,0.0016139551298692822,0.003064755816012621,0.5496804714202881,0.001760498620569706,0.06080867722630501,0.002356551121920347,0.004455546382814646
TAGCATCTGCTGTA-1,4,CD16+ non-classical monocytes,CD16+ non-classical monocytes,True,True,0.9884604215621948,0.03358532028719687,False,0.0004635615914594382,0.0007277430268004537,0.9884604215621948,0.008887235075235367,0.0002697031304705888,0.0001583973498782143,0.0007348076323978603,0.00016740516002755612,0.00013069645501673222
TAGCATCTGGGACA-1,7,Naive/resting T cells,Activated/transitional T cells,True,False,0.9839044809341431,0.05186613932518898,False,0.9839044809341431,0.0017052229959517717,0.0008744790684431791,0.0019246421288698912,0.0032845218665897846,0.0010954375611618161,0.003877662355080247,0.0011377382325008512,0.0021958607248961926
TAGCATCTTGTCGA-1,7,Naive/resting T cells,Activated/transitional T cells,True,False,0.9988327622413635,0.005161927183919653,False,0.9988327622413635,0.00012053921818733215,6.234097963897511e-05,0.00015274249017238617,0.0001589164457982406,8.221142343245447e-05,0.00030203958158381283,8.982676808955148e-05,0.00019868704839609563
TAGCCCACAAAAGC-1,2,IL7R+ memory/helper T cells,IL7R+ memory/helper T cells,True,True,0.9660705327987671,0.07481300735800382,False,0.03082573041319847,0.0004371965769678354,0.0002441570977680385,0.0005134376115165651,0.0007109230500645936,0.0003241627709940076,0.9660705327987671,0.00030493951635435224,0.0005688664386980236
TAGCCCACAGCCAT-1,0,Cytotoxic CD8 T cells,Cytotoxic CD8 T cells,True,True,0.9539798498153687,0.11630534066193303,False,0.008849975652992725,0.001273797475732863,0.000811210717074573,0.004029470030218363,0.9539798498153687,0.0009140627225860953,0.023418458178639412,0.004391852766275406,0.0023313022684305906
TAGCCCACAGCTAC-1,5,NK cells,NK cells,True,True,0.9081442952156067,0.15492536963410133,False,0.001103900489397347,0.0003730965545400977,0.0004568213189486414,0.0005216015852056444,0.08571120351552963,0.0009769682073965669,0.0019465499790385365,0.9081442952156067,0.0007655415101908147
TAGCCCACCCACAA-1,7,Naive/resting T cells,Activated/transitional T cells,True,False,0.9961745738983154,0.0147295065588928,False,0.9961745738983154,0.00032104109413921833,0.00016822545148897916,0.0005269104731269181,0.0005074567743577063,0.0002284815564053133,0.0011309654219076037,0.0002274415164720267,0.0007148272707127035
TAGCCCTGCGGAGA-1,0,Cytotoxic CD8 T cells,Cytotoxic CD8 T cells,True,True,0.9401217699050903,0.12756424968681074,False,0.0432206355035305,0.0017726009245961905,0.00033617866574786603,0.0006606458919122815,0.9401217699050903,0.00039888182072900236,0.0015433647204190493,0.0003862196463160217,0.011559687554836273
TAGCCGCTTACGAC-1,2,IL7R+ memory/helper T cells,Activated/transitional T cells,True,False,0.6581017374992371,0.3894725325374907,False,0.6581017374992371,0.001692545018158853,0.0011356406612321734,0.0020155056845396757,0.055946480482816696,0.0011647744104266167,0.27585357427597046,0.0011828868882730603,0.0029068682342767715
TAGCCGCTTACTTC-1,0,Cytotoxic CD8 T cells,Cytotoxic CD8 T cells,True,True,0.9968165755271912,0.01191676132508938,False,0.0015361903933808208,0.0001015773304970935,5.753691220888868e-05,0.00016529348795302212,0.9968165755271912,7.204518624348566e-05,0.0007562086102552712,0.0004067373520229012,8.785237150732428e-05
TAGCCGCTTTCCAT-1,3,Classical monocytes,Classical monocytes,True,True,0.990613579750061,0.029505214199108083,False,0.0007221924024634063,0.0003415542596485466,0.0062026227824389935,0.990613579750061,0.0003055590786971152,0.0001903559168567881,0.0010293665109202266,0.0002642366453073919,0.0003305419231764972
TAGCTACTGAATAG-1,1,B cells,B cells,True,True,0.9982525706291199,0.006708332114826161,False,0.0012778204400092363,0.9982525706291199,4.1996765503427014e-05,7.931015716167167e-05,8.89813745743595e-05,4.491493382374756e-05,0.00011447040014900267,5.4127038310980424e-05,4.583842746797018e-05
TAGCTACTGTAGCT-1,2,IL7R+ memory/helper T cells,Activated/transitional T cells,True,False,0.8970338106155396,0.17594953157524343,False,0.8970338106155396,0.0018753332551568747,0.0006918817525729537,0.0017701397882774472,0.0019507569959387183,0.0009133710409514606,0.09202111512422562,0.0009139800677075982,0.0028296601958572865
TAGCTACTTTTGCT-1,6,Activated/transitional T cells,Cytotoxic CD8 T cells,True,False,0.866319477558136,0.24965321552175296,False,0.08444888144731522,0.027865475043654442,0.0010604446288198233,0.002527778036892414,0.866319477558136,0.0013999845832586288,0.007830604910850525,0.00289711426012218,0.005650200415402651
TAGGACTGTGCTGA-1,2,IL7R+ memory/helper T cells,IL7R+ memory/helper T cells,True,True,0.48884451389312744,0.44038730928390096,True,0.06486719846725464,0.004067989531904459,0.0008512960630469024,0.003088400699198246,0.43326717615127563,0.0011606236221268773,0.48884451389312744,0.001228166976943612,0.002624595770612359
TAGGAGCTAAGGCG-1,1,B cells,B cells,True,True,0.9975951313972473,0.00912344618652359,False,0.0012706213165074587,0.9975951313972473,4.388428351376206e-05,0.00018898594134952873,0.000684201018884778,4.30230466008652e-05,6.169571133796126e-05,3.791939889197238e-05,7.45173092582263e-05
TAGGAGCTGAGGGT-1,2,IL7R+ memory/helper T cells,IL7R+ memory/helper T cells,True,True,0.61110520362854,0.3589184919215469,False,0.3661295473575592,0.0026790746487677097,0.001257656724192202,0.0021493409294635057,0.012439467012882233,0.0012209526030346751,0.61110520362854,0.0012337054358795285,0.0017850935691967607
TAGGAGCTTGCATG-1,1,B cells,B cells,True,True,0.999356210231781,0.0028749276477996006,False,0.000369457236956805,0.999356210231781,2.040034996753093e-05,3.9874048525234684e-05,4.558834552881308e-05,2.848794792953413e-05,3.3920860005309805e-05,2.288577707076911e-05,8.319537300849333e-05
TAGGCAACCGTCTC-1,1,B cells,B cells,True,True,0.9991270899772644,0.003794613500505303,False,0.0004958018544130027,0.9991270899772644,3.171368007315323e-05,6.192690489115193e-05,6.0301023040665314e-05,4.005743903690018e-05,6.553790444741026e-05,4.265987445251085e-05,7.492934673791751e-05
TAGGCATGCTCTCG-1,1,B cells,Dendritic cells,True,False,0.9907575249671936,0.032015580239647394,False,0.0010003050556406379,0.0012742904946208,0.000339869933668524,0.002578765619546175,0.0015065378975123167,0.9907575249671936,0.0010261480929329991,0.0005006235442124307,0.0010159151861444116
TAGGCATGGCGAGA-1,0,Cytotoxic CD8 T cells,Cytotoxic CD8 T cells,True,True,0.9961991906166077,0.01395512358453827,False,0.0018530566012486815,0.00011054874630644917,7.470385753549635e-05,0.0001722082233754918,0.9961991906166077,7.478397310478613e-05,0.0007887346437200904,0.0005493415519595146,0.00017739972099661827
TAGGCTGATGCCTC-1,3,Classical monocytes,Classical monocytes,True,True,0.9991482496261597,0.003682408748026182,False,0.0004961753729730844,3.0576276913052425e-05,0.00010896118328673765,0.9991482496261597,7.525095861637965e-05,2.4147399017238058e-05,5.0623453716980293e-05,3.629298953455873e-05,2.9684084438486025e-05
TAGGGACTGAACTC-1,5,NK cells,NK cells,True,True,0.9966580867767334,0.01220164524912205,False,0.0004887952818535268,7.834475400159135e-05,8.230654202634469e-05,0.00010887625103350729,0.001962891547009349,5.5271597375394776e-05,0.0004839985049329698,0.9966580867767334,8.145866013364866e-05
TAGGTCGACACTGA-1,7,Naive/resting T cells,Activated/transitional T cells,True,False,0.980583667755127,0.057737982437225034,False,0.980583667755127,0.0009613459696993232,0.0005120774148963392,0.0015348520828410983,0.0034309211187064648,0.0006715934723615646,0.009153810329735279,0.0006765716825611889,0.00247511500492692
TAGGTCGAGGATCT-1,1,B cells,B cells,True,True,0.9976816177368164,0.009018511211500406,False,0.0013513579033315182,0.9976816177368164,0.00013854580174665898,0.00016058006440289319,0.00017260367167182267,9.73771238932386e-05,0.00016400461026933044,9.59279786911793e-05,0.00013796749408356845
TAGGTGACACACTG-1,2,IL7R+ memory/helper T cells,IL7R+ memory/helper T cells,True,True,0.9305474758148193,0.15353038424577353,False,0.04658835753798485,0.002578312298282981,0.0016984419198706746,0.003420130582526326,0.007506874389946461,0.0018424601294100285,0.9305474758148193,0.0018137571169063449,0.004004179500043392
TAGGTGACACGTTG-1,1,B cells,B cells,True,True,0.9978379607200623,0.008207188373583542,False,0.0014797670301049948,0.9978379607200623,5.0598107918631285e-05,0.0001672570506343618,8.758015610510483e-05,5.990530553390272e-05,0.00012794224312528968,4.901280044578016e-05,0.00014001544332131743
TAGGTGTGTTCTGT-1,2,IL7R+ memory/helper T cells,Cytotoxic CD8 T cells,True,False,0.508129358291626,0.45111593919123605,False,0.42457613348960876,0.005372358486056328,0.002775343833491206,0.008526424877345562,0.508129358291626,0.003826927160844207,0.03524613752961159,0.004456001799553633,0.007091364357620478
TAGGTTCTGAAGGC-1,2,IL7R+ memory/helper T cells,IL7R+ memory/helper T cells,True,True,0.9433242678642273,0.11607932571483877,False,0.04812394082546234,0.0006964773056097329,0.00039163007750175893,0.0008358943159691989,0.004204716067761183,0.0004943907260894775,0.9433242678642273,0.0005172792007215321,0.0014114814111962914
TAGGTTCTTCTTAC-1,4,CD16+ non-classical monocytes,CD16+ non-classical monocytes,True,True,0.9970456957817078,0.011319291353160496,False,0.00023041688837110996,0.00016647635493427515,0.9970456957817078,0.0014897874789312482,0.00025843788171187043,8.566967881051823e-05,0.00043940014438703656,0.00016996277554426342,0.00011417498899390921
TAGGTTCTTGCTGA-1,3,Classical monocytes,Classical monocytes,True,True,0.999478280544281,0.002466070080314403,False,0.00013152119936421514,2.752867112576496e-05,0.00012760571553371847,0.999478280544281,8.216638525482267e-05,1.843501377152279e-05,9.024074824992567e-05,2.1990028471918777e-05,2.2235113647184335e-05
TAGTAAACCTCGCT-1,7,Naive/resting T cells,Activated/transitional T cells,True,False,0.9986735582351685,0.0058054816386929305,False,0.9986735582351685,0.000206001554033719,7.647767779417336e-05,0.00017386156832799315,0.0001711228396743536,9.834136290010065e-05,0.00020781988860107958,9.509925439488143e-05,0.0002977549738716334
TAGTAAACGTCACA-1,2,IL7R+ memory/helper T cells,IL7R+ memory/helper T cells,True,True,0.46909913420677185,0.489272845320223,True,0.4384968876838684,0.007013005670160055,0.0038819685578346252,0.00919942557811737,0.048216819763183594,0.005046039819717407,0.46909913420677185,0.004724985919892788,0.014321744441986084
TAGTAATGAGATCC-1,7,Naive/resting T cells,Activated/transitional T cells,True,False,0.9953950047492981,0.017453819571258196,False,0.9953950047492981,0.000438174931332469,0.0002732853463385254,0.000755230663344264,0.0005238356534391642,0.00031260985997505486,0.001231680391356349,0.00031057288288138807,0.0007595648639835417
TAGTACCTAAGAAC-1,3,Classical monocytes,Classical monocytes,True,True,0.9996770620346069,0.0016056829047639077,False,7.711177022429183e-05,2.7694155505741946e-05,9.418810805073008e-05,0.9996770620346069,2.3244703697855584e-05,1.7633115930948406e-05,3.707803625729866e-05,2.4063921955530532e-05,2.1995974748278968e-05
TAGTATGATCTTAC-1,1,B cells,B cells,True,True,0.9994447827339172,0.00255221029952928,False,0.0002471970219630748,0.9994447827339172,1.6956008039414883e-05,4.162421100772917e-05,0.00013391379616223276,2.004463385674171e-05,2.6486764909350313e-05,2.123792546626646e-05,4.771474777953699e-05
TAGTATGATTCTCA-1,2,IL7R+ memory/helper T cells,IL7R+ memory/helper T cells,True,True,0.9543552398681641,0.09793701867350149,False,0.03917916491627693,0.0021572839468717575,0.0003213312302250415,0.0006049406947568059,0.0013556950725615025,0.00034683672129176557,0.9543552398681641,0.0003987161908298731,0.001280834199860692
TAGTCTTGGCTGTA-1,6,Activated/transitional T cells,Activated/transitional T cells,True,True,0.9974341988563538,0.01027914685166648,False,0.9974341988563538,0.00021072750678285956,0.00010477691103005782,0.0002453064080327749,0.0003188098780810833,0.00013863181811757386,0.0007851571426726878,0.0001340991584584117,0.0006283270195126534
TAGTCTTGGGACTT-1,6,Activated/transitional T cells,Activated/transitional T cells,True,True,0.46944543719291687,0.5079717738523907,True,0.46944543719291687,0.00509111862629652,0.0027769485022872686,0.006587762385606766,0.4206799566745758,0.003603510092943907,0.01931317336857319,0.05969885736703873,0.012803255580365658
TAGTCTTGTGGAAA-1,0,Cytotoxic CD8 T cells,Cytotoxic CD8 T cells,True,True,0.9954408407211304,0.01629805885509311,False,0.0008319380576722324,0.0004757313581649214,5.5700882512610406e-05,0.00016949593555182219,0.9954408407211304,0.0001274109963560477,0.0003774994984269142,0.002395019633695483,0.0001263792219106108
TAGTGGTGAAGTGA-1,5,NK cells,NK cells,True,True,0.9934436082839966,0.023025130521937838,False,0.0007640706608071923,0.00026052919565699995,0.00030258885817602277,0.0005844117258675396,0.0027754525654017925,0.0001934918254846707,0.0012806598097085953,0.9934436082839966,0.00039522311999462545
TAGTTAGAACCACA-1,5,NK cells,NK cells,True,True,0.9893151521682739,0.03255957432712496,False,0.0008517975802533329,0.0002429215091979131,0.0005157314008101821,0.0003268214932177216,0.007411676924675703,0.00018490666116122156,0.0008924480644054711,0.9893151521682739,0.0002585548209026456
TAGTTAGATGAACC-1,7,Naive/resting T cells,Activated/transitional T cells,True,False,0.6423497796058655,0.500590012140437,False,0.6423497796058655,0.008626178838312626,0.004946523811668158,0.009813312441110611,0.023309672251343727,0.006004094611853361,0.09241193532943726,0.008408392779529095,0.20413008332252502
TATAAGACAACAGA-1,6,Activated/transitional T cells,Activated/transitional T cells,True,True,0.49305060505867004,0.6949238942190046,True,0.49305060505867004,0.018076909705996513,0.010837496258318424,0.2017095535993576,0.11433805525302887,0.010785304009914398,0.03593134135007858,0.08295838534832001,0.03231234475970268
TATAAGACAGCTCA-1,4,CD16+ non-classical monocytes,CD16+ non-classical monocytes,True,True,0.9962866306304932,0.013593646019205699,False,0.00035709794610738754,0.0001358928857371211,0.9962866306304932,0.002021561376750469,0.0001525227853562683,8.414573676418513e-05,0.0006866792682558298,0.00016270531341433525,0.00011276428267592564
TATAAGTGACACCA-1,4,CD16+ non-classical monocytes,CD16+ non-classical monocytes,True,True,0.9921356439590454,0.02700568350995331,False,0.0007369621307589114,0.0010466485982760787,0.9921356439590454,0.0033004123251885176,0.0003508862282615155,0.00022567692212760448,0.0014172691153362393,0.00038512254832312465,0.00040133713628165424
TATAAGTGTATCGG-1,3,Classical monocytes,Classical monocytes,True,True,0.9993187189102173,0.0031106019042098487,False,0.0003029037907253951,4.299196370993741e-05,4.062540392624214e-05,0.9993187189102173,6.70578156132251e-05,8.224216435337439e-05,6.785609730286524e-05,3.204692984581925e-05,4.557268403004855e-05
TATAAGTGTGGTGT-1,4,CD16+ non-classical monocytes,CD16+ non-classical monocytes,True,True,0.9981649518013,0.007588092838495849,False,0.00021531264064833522,0.00012275189510546625,0.9981649518013,0.0005591166554950178,0.00015175265434663743,6.999217293923721e-05,0.0005280717159621418,0.00011338217882439494,7.467906834790483e-05
TATACAGAACCCTC-1,0,Cytotoxic CD8 T cells,Cytotoxic CD8 T cells,True,True,0.9828765988349915,0.051401640594518676,False,0.007713498547673225,0.00040227166027761996,0.00026052986504510045,0.0006482448661699891,0.9828765988349915,0.0002821368398144841,0.0021095869597047567,0.003851107321679592,0.001855976996012032
TATACAGAAGAACA-1,7,Naive/resting T cells,Activated/transitional T cells,True,False,0.9920819997787476,0.0267664819922356,False,0.9920819997787476,0.00036232377169653773,0.00022650475148111582,0.0004603933193720877,0.00081072241300717,0.000247115851379931,0.0031950073316693306,0.0002752646978478879,0.0023406101390719414
TATACAGATCCAGA-1,2,IL7R+ memory/helper T cells,Activated/transitional T cells,True,False,0.5075470209121704,0.39055050118199486,False,0.5075470209121704,0.003599247895181179,0.0019730310887098312,0.005930343177169561,0.0050313398241996765,0.002560950582846999,0.46316826343536377,0.002658355515450239,0.007531475741416216
TATACCACCTGATG-1,1,B cells,B cells,True,True,0.9990019202232361,0.004251496167930998,False,0.0003363470605108887,0.9990019202232361,2.946843051176984e-05,4.27521881647408e-05,0.00043322998681105673,2.562709414632991e-05,7.881048804847524e-05,2.0310939362389036e-05,3.149421900161542e-05
TATACGCTACCAAC-1,2,IL7R+ memory/helper T cells,IL7R+ memory/helper T cells,True,True,0.9506661891937256,0.10810785468713112,False,0.03972575441002846,0.0015283199027180672,0.0004536914057098329,0.0014697583392262459,0.0014634657418355346,0.0005862206453457475,0.9506661891937256,0.0006695641786791384,0.0034370184876024723
TATAGATGGACGGA-1,2,IL7R+ memory/helper T cells,Activated/transitional T cells,True,False,0.503592848777771,0.5946777627496119,False,0.503592848777771,0.007887044921517372,0.007836459204554558,0.009525248780846596,0.04167746752500534,0.005687907803803682,0.2404257357120514,0.005610661581158638,0.1777566522359848
TATAGATGTTCCGC-1,4,CD16+ non-classical monocytes,Classical monocytes,True,False,0.8677841424942017,0.21008023946969198,False,0.002498599700629711,0.0015618109609931707,0.11812727153301239,0.8677841424942017,0.0025934698060154915,0.0008459290256723762,0.0030376361683011055,0.002582260174676776,0.0009688889840617776
TATCCAACCAGCTA-1,3,Classical monocytes,Classical monocytes,True,True,0.9992075562477112,0.0034891354686696183,False,0.00043183236266486347,3.88648004445713e-05,9.339636017102748e-05,0.9992075562477112,6.768239109078422e-05,2.6521367544773966e-05,6.247539567993954e-05,3.278842632425949e-05,3.88729567930568e-05
TATCCAACTCTCTA-1,0,Cytotoxic CD8 T cells,Cytotoxic CD8 T cells,True,True,0.9851906895637512,0.04367186247678941,False,0.007208244875073433,0.0003716400533448905,0.00023214427346829325,0.0006025557522661984,0.9851906895637512,0.00025849498342722654,0.005319253075867891,0.00035695446422323585,0.00046003685565665364
TATCGACTACTAGC-1,0,Cytotoxic CD8 T cells,NK cells,True,False,0.5970012545585632,0.48797097097922026,False,0.17059992253780365,0.0016853169072419405,0.0012020216090604663,0.002173466607928276,0.2058662623167038,0.005046189296990633,0.006038999184966087,0.5970012545585632,0.010386542417109013
TATCGACTCGATAC-1,4,CD16+ non-classical monocytes,CD16+ non-classical monocytes,True,True,0.9949390888214111,0.018181900212712227,False,0.0005181684973649681,0.00039925743476487696,0.9949390888214111,0.002575951861217618,0.0003348137252032757,0.00017848184506874532,0.0005780840874649584,0.00021946818742435426,0.0002566349576227367
TATCGTACAGATGA-1,0,Cytotoxic CD8 T cells,Cytotoxic CD8 T cells,True,True,0.9910826683044434,0.02735188051903436,False,0.006396039854735136,0.00017244595801457763,0.00011141371942358091,0.00021070086222607642,0.9910826683044434,0.00012044272443745285,0.0013129741419106722,0.00032743567135185003,0.0002658924786373973
TATCGTACATTCCT-1,3,Classical monocytes,Classical monocytes,True,True,0.9984203577041626,0.006545175989993759,False,0.00033148808870464563,8.531930507160723e-05,0.0007055490277707577,0.9984203577041626,0.00012209008855279535,5.451714605442248e-05,0.000132556349853985,7.716583786532283e-05,7.099304639268667e-05
TATCTCGAGAGATA-1,6,Activated/transitional T cells,Activated/transitional T cells,True,True,0.8831483125686646,0.23385531435979612,False,0.8831483125686646,0.005356892012059689,0.0028471462428569794,0.006447720807045698,0.006663857493549585,0.007106765639036894,0.008956965990364552,0.003657546592876315,0.07581475377082825
TATCTGACAGGTTC-1,0,Cytotoxic CD8 T cells,Cytotoxic CD8 T cells,True,True,0.9971082806587219,0.010960137747414585,False,0.0015551812248304486,0.00024261580256279558,5.335537207429297e-05,0.00010041774658020586,0.9971082806587219,6.223114905878901e-05,0.0003522195329423994,0.00039352913154289126,0.00013219543325249106
TATCTGACTGTTTC-1,0,Cytotoxic CD8 T cells,Cytotoxic CD8 T cells,True,True,0.9641721248626709,0.08434747105069049,False,0.02824309654533863,0.0007673341897316277,0.00039777313941158354,0.000739031471312046,0.9641721248626709,0.0004237161192577332,0.003442507004365325,0.0006737925577908754,0.0011406650301069021
TATCTTCTAAACAG-1,7,Naive/resting T cells,Activated/transitional T cells,True,False,0.9912400841712952,0.028741742733979336,False,0.9912400841712952,0.0005016553914174438,0.00025247418670915067,0.0006234290194697678,0.0005589260836131871,0.0003159782208967954,0.004926783964037895,0.0003396497922949493,0.0012409865157678723
TATGAATGGAGGAC-1,5,NK cells,Cytotoxic CD8 T cells,True,False,0.9962323307991028,0.014101495893783397,False,0.0004726690531242639,0.00013486298848874867,0.00011728535901056603,0.0001647972676437348,0.9962323307991028,0.00010262027353746817,0.000671351095661521,0.0016566542908549309,0.0004474073648452759
TATGAATGTTTGCT-1,4,CD16+ non-classical monocytes,CD16+ non-classical monocytes,True,True,0.9971045851707458,0.011306752006283288,False,0.0003027340571861714,0.00015335407806560397,0.9971045851707458,0.001109238713979721,0.00021438722615130246,0.00011702868505381048,0.0006839089328423142,0.0001865232625277713,0.0001281783333979547
TATGCGGATAACCG-1,2,IL7R+ memory/helper T cells,IL7R+ memory/helper T cells,True,True,0.9060181975364685,0.2242634739127023,False,0.020412547513842583,0.011147195473313332,0.005919538903981447,0.018882684409618378,0.0192368533462286,0.004250720608979464,0.9060181975364685,0.004787173587828875,0.00934506393969059
TATGGGTGCATCAG-1,5,NK cells,NK cells,True,True,0.9880841374397278,0.03880621951631349,False,0.001500906073488295,0.0004979403456673026,0.0005598939605988562,0.0006624376401305199,0.003673674538731575,0.00044726868509314954,0.0037557128816843033,0.9880841374397278,0.0008180415024980903
TATGGGTGCTAGCA-1,1,B cells,B cells,True,True,0.9983231425285339,0.006881706764364207,False,0.0004019571642857045,0.9983231425285339,5.04821291542612e-05,0.00010994338663294911,0.00012544210767373443,7.122891111066565e-05,0.0007313614478334785,5.315328235155903e-05,0.0001332989486400038
TATGGTCTCTACCC-1,7,Naive/resting T cells,Activated/transitional T cells,True,False,0.9612098336219788,0.10239918251119734,False,0.9612098336219788,0.0018375099170953035,0.0009210719144903123,0.0020850258879363537,0.011355030350387096,0.0012441356666386127,0.01605510339140892,0.001201993552967906,0.004090347792953253
TATGTCACGGAACG-1,1,B cells,B cells,True,True,0.9988946318626404,0.004677244518154171,False,0.0006113711860962212,0.9988946318626404,4.155839269515127e-05,6.075287819840014e-05,7.544517575297505e-05,4.486113175516948e-05,0.00017356321041006595,4.647390960599296e-05,5.136065374244936e-05
TATGTCACTAACCG-1,3,Classical monocytes,Classical monocytes,True,True,0.9769397974014282,0.05874911255344188,False,0.0007183740381151438,0.0018650414422154427,0.018408184871077538,0.9769397974014282,0.00040606234688311815,0.0002526009629946202,0.0008689421229064465,0.0002631350653246045,0.0002778448979370296
TATGTCACTTCTCA-1,1,B cells,B cells,True,True,0.9981587529182434,0.007172377378761321,False,0.0012148111127316952,0.9981587529182434,4.593760968418792e-05,0.00012092114775441587,9.188226977130398e-05,5.62195637030527e-05,0.00018263215315528214,4.703954982687719e-05,8.180717122741044e-05
TATGTGCTCCGATA-1,3,Classical monocytes,Classical monocytes,True,True,0.99946528673172,0.0025413820877637984,False,8.549619815312326e-05,6.316497456282377e-05,7.596426439704373e-05,0.99946528673172,6.175627640914172e-05,2.5161260055028833e-05,0.00016080807836260647,3.3780510420911014e-05,2.8653075787588023e-05
TATGTGCTGGATTC-1,7,Naive/resting T cells,Activated/transitional T cells,True,False,0.9910427331924438,0.027971594783356268,False,0.9910427331924438,0.00025216623907908797,0.0001505604013800621,0.00039515673415735364,0.0008575254469178617,0.0001811284600989893,0.006217868532985449,0.00021729839500039816,0.0006855294923298061
TATTGCTGAAGAAC-1,3,Classical monocytes,Classical monocytes,True,True,0.9973387122154236,0.010577700390994583,False,0.0007744606700725853,0.00011533813085407019,0.00044476185576058924,0.9973387122154236,0.0006176874157972634,0.0003729542950168252,0.00014060785179026425,8.004133269423619e-05,0.0001154706405941397
TATTGCTGCCGTTC-1,1,B cells,B cells,True,True,0.7247875332832336,0.381804101012436,False,0.2150736153125763,0.7247875332832336,0.0038612186908721924,0.008635198697447777,0.0220688134431839,0.005254683084785938,0.007230346091091633,0.004578170832246542,0.008510416373610497
TATTGCTGTCTGGA-1,7,Naive/resting T cells,Activated/transitional T cells,True,False,0.9978109002113342,0.008727811216273204,False,0.9978109002113342,9.341188706457615e-05,4.979392542736605e-05,0.00010693691729102284,0.0005870648310519755,5.994288585497998e-05,0.0006329784519039094,6.524602940771729e-05,0.0005937436944805086
TATTGCTGTGCACA-1,6,Activated/transitional T cells,Cytotoxic CD8 T cells,True,False,0.499666303396225,0.5706306811469922,True,0.33084261417388916,0.00680523132905364,0.006958086974918842,0.00802838895469904,0.499666303396225,0.004835107363760471,0.017631858587265015,0.08735472708940506,0.03787766396999359
TATTTCCTATTGGC-1,3,Classical monocytes,Classical monocytes,True,True,0.9740806221961975,0.0702722732008282,False,0.00661389110609889,0.0008399577927775681,0.014406855218112469,0.9740806221961975,0.0010957580525428057,0.0004655910306610167,0.0012199805350974202,0.0007655557710677385,0.0005117502878420055
TATTTCCTGGAGGT-1,5,NK cells,NK cells,True,True,0.5450939536094666,0.5256590620591791,False,0.04828275740146637,0.01885209046304226,0.005831458140164614,0.008126489818096161,0.33207494020462036,0.005074860528111458,0.028184618800878525,0.5450939536094666,0.008478800766170025
TATTTCCTGGTGTT-1,7,Naive/resting T cells,Activated/transitional T cells,True,False,0.8862658143043518,0.24078310653824078,False,0.8862658143043518,0.030908353626728058,0.0022290856577455997,0.004368970636278391,0.021975982934236526,0.0022082789801061153,0.04479997232556343,0.003791957860812545,0.0034515419974923134
TCAACACTGTTTGG-1,5,NK cells,NK cells,True,True,0.997812032699585,0.008549563459077914,False,0.0004032295837532729,5.9675672673620284e-05,6.390309863490984e-05,0.00010012635902967304,0.0011329277185723186,4.1602768760640174e-05,0.0003135229053441435,0.997812032699585,7.293265662156045e-05
TCAAGGACAGCGTT-1,6,Activated/transitional T cells,Activated/transitional T cells,True,True,0.952395498752594,0.11496099858427705,False,0.952395498752594,0.0018475656397640705,0.0010165134444832802,0.0031623877584934235,0.005395227111876011,0.0012440064456313848,0.03065599873661995,0.0012878457782790065,0.002995012328028679
TCAAGGACATTCTC-1,6,Activated/transitional T cells,Cytotoxic CD8 T cells,True,False,0.9538756012916565,0.119692465885612,False,0.016787296161055565,0.0020831485744565725,0.0010791680542752147,0.002062029205262661,0.9538756012916565,0.0022187461145222187,0.0054724509827792645,0.014032004401087761,0.0023895332124084234
TCAAGGACGGTGTT-1,3,Classical monocytes,Classical monocytes,True,True,0.9992079138755798,0.003565069482147103,False,0.00033743210951797664,6.89119115122594e-05,9.882629092317075e-05,0.9992079138755798,8.508023893227801e-05,3.3748437999747694e-05,9.338561358163133e-05,4.445067315828055e-05,3.032047243323177e-05
TCAATCACACTCTT-1,0,Cytotoxic CD8 T cells,Cytotoxic CD8 T cells,True,True,0.9925515651702881,0.025185249076955026,False,0.0036534792743623257,0.00027626697556115687,0.00026751725818030536,0.00030383109697140753,0.9925515651702881,0.00015154879656620324,0.0008684413623996079,0.0015269890427589417,0.0004003842768725008
TCAATCACAGTCGT-1,4,CD16+ non-classical monocytes,CD16+ non-classical monocytes,True,True,0.996510922908783,0.012587224019096052,False,0.0002903973509091884,0.00012298484216444194,0.996510922908783,0.002292230725288391,0.000280411186395213,8.163092570612207e-05,0.0002193851541960612,0.00010223726712865755,9.979021706385538e-05
TCACAACTATGTGC-1,6,Activated/transitional T cells,IL7R+ memory/helper T cells,True,False,0.7860903143882751,0.2786887298285251,False,0.19424329698085785,0.0015351870097219944,0.0009019323042593896,0.001851020846515894,0.011544513516128063,0.0010336750419810414,0.7860903143882751,0.0010633360361680388,0.0017366756219416857
TCACAACTTTGCTT-1,3,Classical monocytes,Classical monocytes,True,True,0.9993953704833984,0.0028477352294547834,False,0.00018507390632294118,7.52414416638203e-05,8.178137068171054e-05,0.9993953704833984,5.617118222289719e-05,4.85402561025694e-05,7.625225407537073e-05,3.221781298634596e-05,4.939633799949661e-05
TCACATACACTTTC-1,2,IL7R+ memory/helper T cells,Cytotoxic CD8 T cells,True,False,0.8438093066215515,0.2257893652885042,False,0.012362563982605934,0.0006930851959623396,0.00032370444387197495,0.0004054270393680781,0.8438093066215515,0.00023957647499628365,0.1408534198999405,0.0007328754290938377,0.0005799778155051172
TCACATACAGGGTG-1,7,Naive/resting T cells,Activated/transitional T cells,True,False,0.9921690821647644,0.02610956152115288,False,0.9921690821647644,0.0005349346902221441,0.000255629449384287,0.0005901214317418635,0.000610359653364867,0.000329746981151402,0.004529538098722696,0.00034433722612448037,0.0006362787098623812
TCACCCGAGACGGA-1,3,Classical monocytes,Classical monocytes,True,True,0.9435163140296936,0.10471767722665774,False,0.0006025884649716318,0.00023518508533015847,0.05436384677886963,0.9435163140296936,0.0003046303172595799,0.00014218437718227506,0.00045148280332796276,0.0002081685815937817,0.0001756678830133751
TCACCGTGCTCGCT-1,4,CD16+ non-classical monocytes,CD16+ non-classical monocytes,True,True,0.9923225045204163,0.02718691375159311,False,0.0007562391692772508,0.0007297532865777612,0.9923225045204163,0.002013301709666848,0.0009380070259794593,0.00032051687594503164,0.001737866085022688,0.0007851634873077273,0.000396684103179723
TCACCTCTACGACT-1,0,Cytotoxic CD8 T cells,Cytotoxic CD8 T cells,True,True,0.9932643175125122,0.021666665308581395,False,0.004824544303119183,0.00012388965114951134,8.381370571441948e-05,0.0001686437608441338,0.9932643175125122,9.008790220832452e-05,0.0004804841591976583,0.0006775912479497492,0.00028662823024205863
TCACCTCTTCCAAG-1,4,CD16+ non-classical monocytes,CD16+ non-classical monocytes,True,True,0.9867408871650696,0.038093614794480916,False,0.0006403352599591017,0.0009656656766310334,0.9867408871650696,0.009990465827286243,0.00041417343891225755,0.00014119157276581973,0.0006121025653555989,0.00017851284064818174,0.0003166973474435508
TCACGAGAGGAGGT-1,1,B cells,B cells,True,True,0.9990267753601074,0.00397385695491222,False,0.0007188997115008533,0.9990267753601074,1.8419150364934467e-05,3.7547233660006896e-05,4.142285979469307e-05,2.4805516659398563e-05,9.050501103047282e-05,2.0025017875013873e-05,2.156697155442089e-05
TCACTATGGGGCAA-1,0,Cytotoxic CD8 T cells,Cytotoxic CD8 T cells,True,True,0.9965820908546448,0.012453747659970555,False,0.0020748486276715994,9.081981261260808e-05,4.7589604946551844e-05,0.00012137478915974498,0.9965820908546448,8.640767919132486e-05,0.0005016127252019942,0.0001938489149324596,0.0003014098620042205
TCACTATGGTTGTG-1,1,B cells,B cells,True,True,0.9960619807243347,0.013190094557431035,False,0.0031675496138632298,0.9960619807243347,3.816797106992453e-05,0.00012346261064521968,8.641614840598777e-05,5.315025555319153e-05,0.00012703367974609137,3.897741044056602e-05,0.00030320818768814206
TCAGACGACGCTAA-1,2,IL7R+ memory/helper T cells,IL7R+ memory/helper T cells,True,True,0.9612471461296082,0.08601019478808397,False,0.03347546607255936,0.0005921664997003973,0.00037180871004238725,0.0008894436759874225,0.0010551924351602793,0.00041499288636259735,0.9612471461296082,0.0004387541557662189,0.001514995819889009
TCAGACGACGTTAG-1,5,NK cells,NK cells,True,True,0.7267190217971802,0.43005129280226456,False,0.06438740342855453,0.005547218956053257,0.006738894619047642,0.007786302827298641,0.1524898111820221,0.00434702355414629,0.02594691887497902,0.7267190217971802,0.0060373456217348576
TCAGAGACTCCAGA-1,7,Naive/resting T cells,Activated/transitional T cells,True,False,0.653876781463623,0.32039179642126697,False,0.653876781463623,0.0010432446142658591,0.0005832810420542955,0.0012708205031231046,0.002409029519185424,0.0007925192476250231,0.0017025067936629057,0.001296297530643642,0.3370254933834076
TCAGCAGACTCCAC-1,2,IL7R+ memory/helper T cells,Activated/transitional T cells,True,False,0.6298374533653259,0.3458895089947472,False,0.6298374533653259,0.0022253768984228373,0.0016756259137764573,0.002609996125102043,0.002942798426374793,0.0016251150518655777,0.3531631529331207,0.0016074376180768013,0.004313032608479261
TCAGCGCTCTAGTG-1,0,Cytotoxic CD8 T cells,Cytotoxic CD8 T cells,True,True,0.9972760081291199,0.010182532333956296,False,0.001650100341066718,0.00014665200433228165,3.24452412314713e-05,7.982712122611701e-05,0.9972760081291199,3.99406926590018e-05,0.0004300368600524962,0.00024295554612763226,0.00010204359568888322
TCAGCGCTGGATCT-1,1,B cells,B cells,True,True,0.9993222951889038,0.0030621808011399797,False,0.0003214231110177934,0.9993222951889038,2.1988693333696574e-05,5.6104385294020176e-05,4.4867458200315014e-05,2.7152258553542197e-05,7.794836710672826e-05,2.245662108180113e-05,0.00010577618377283216
TCAGCGCTGGTATC-1,0,Cytotoxic CD8 T cells,Cytotoxic CD8 T cells,True,True,0.9951648712158203,0.016721600323285058,False,0.002407217398285866,9.969657548936084e-05,6.473141547758132e-05,0.0001753320830175653,0.9951648712158203,6.808721809647977e-05,0.001671787234954536,0.0002194801054429263,0.0001287345221498981
TCAGGATGAAGTAG-1,7,Naive/resting T cells,Activated/transitional T cells,True,False,0.9838240146636963,0.043637157471795536,False,0.9838240146636963,0.0003618533373810351,0.00019180544768460095,0.00046185607789084315,0.00044701871229335666,0.00024824924184940755,0.0010396867292001843,0.0002536205865908414,0.01317192055284977
TCAGGATGCCTTTA-1,4,CD16+ non-classical monocytes,CD16+ non-classical monocytes,True,True,0.9918620586395264,0.02581501587107973,False,0.000290262745693326,0.0009939210722222924,0.9918620586395264,0.005564653780311346,0.00043677110807038844,9.979381138691679e-05,0.0003749913303181529,0.0001781140745151788,0.00019937426259275526
TCAGTGGAAGATCC-1,0,Cytotoxic CD8 T cells,Cytotoxic CD8 T cells,True,True,0.9887590408325195,0.03658359354234968,False,0.004299192223697901,0.0005732316058129072,0.00024085493350867182,0.0005911730113439262,0.9887590408325195,0.00022519365302287042,0.0020685154013335705,0.002421495271846652,0.0008213168475776911
TCAGTTACCTACGA-1,3,Classical monocytes,Classical monocytes,True,True,0.9996446371078491,0.00175441335398429,False,4.5438318920787424e-05,3.997229941887781e-05,6.731744360877201e-05,0.9996446371078491,3.352812200319022e-05,1.9236200387240387e-05,0.00010639557149261236,2.4439519620500505e-05,1.8997572624357417e-05
TCAGTTACTAGAAG-1,2,IL7R+ memory/helper T cells,IL7R+ memory/helper T cells,True,True,0.9745064377784729,0.0647093032595867,False,0.02000611089169979,0.0007273002993315458,0.0003702209214679897,0.0009729624725878239,0.0010336498962715268,0.0005000730743631721,0.9745064377784729,0.0005143514135852456,0.0013689373154193163
TCATCAACCCGATA-1,7,Naive/resting T cells,Activated/transitional T cells,True,False,0.9974325299263,0.010378408575215114,False,0.9974325299263,0.00021996197756379843,0.0001204095096909441,0.0002642165345605463,0.0005973142106086016,0.00014810508582741022,0.0005137498956173658,0.0001657831744523719,0.00053795101121068
TCATCAACTGTTCT-1,3,Classical monocytes,Classical monocytes,True,True,0.5357254147529602,0.33591018473664763,False,0.0016675180522724986,0.000956112751737237,0.4575653076171875,0.5357254147529602,0.0008858799119479954,0.00047047671978361905,0.001524829538539052,0.0005816106568090618,0.000622828840278089
TCATCATGCAGTTG-1,2,IL7R+ memory/helper T cells,Activated/transitional T cells,True,False,0.9855495095252991,0.04246265338562343,False,0.9855495095252991,0.00039634868153370917,0.0002460911055095494,0.0006763379788026214,0.002283968962728977,0.000273616227786988,0.009287257678806782,0.00031112419674173,0.0009757707011885941
TCATCCCTTACTGG-1,2,IL7R+ memory/helper T cells,IL7R+ memory/helper T cells,True,True,0.9855630397796631,0.04171068379403659,False,0.008978694677352905,0.0002757697366178036,0.0001765995257301256,0.0003569184918887913,0.0036766878329217434,0.00019855107530020177,0.9855630397796631,0.00041973195038735867,0.00035406052484177053
TCATTCGATACAGC-1,4,CD16+ non-classical monocytes,CD16+ non-classical monocytes,True,True,0.9929370284080505,0.022597826370718808,False,0.0003277455980423838,0.00021455189562402666,0.9929370284080505,0.005096499342471361,0.00023708722437731922,0.0001221701386384666,0.000724331010133028,0.00019999370852019638,0.00014058343367651105
TCCACGTGGAAACA-1,7,Naive/resting T cells,Activated/transitional T cells,True,False,0.9971662163734436,0.011144433894408938,False,0.9971662163734436,0.00017503347771707922,0.0001041727518895641,0.00023257065913639963,0.001001311931759119,0.00011416419147280976,0.0004079029895365238,0.0001675044622970745,0.0006311428733170033
TCCACTCTACACTG-1,2,IL7R+ memory/helper T cells,IL7R+ memory/helper T cells,True,True,0.7200779914855957,0.38828467629159197,False,0.2170497179031372,0.016998354345560074,0.004212241154164076,0.007531361188739538,0.018122829496860504,0.004373198840767145,0.7200779914855957,0.004428753163665533,0.007205594331026077
TCCACTCTGAGCTT-1,3,Classical monocytes,Classical monocytes,True,True,0.9990471005439758,0.00426511988239451,False,0.00011666906357277185,0.00017434958135709167,0.00026808548136614263,0.9990471005439758,7.997751527000219e-05,3.763292625080794e-05,0.00017771967395674437,5.047824015491642e-05,4.793484549736604e-05
TCCACTCTTACTTC-1,1,B cells,B cells,True,True,0.9975698590278625,0.008807175387886794,False,0.0018551504472270608,0.9975698590278625,4.5742861402686685e-05,6.576715531991795e-05,0.00025172854657284915,4.516572516877204e-05,6.643929373240098e-05,3.7905894714640453e-05,6.218330236151814e-05
TCCATAACAAAGTG-1,7,Naive/resting T cells,Activated/transitional T cells,True,False,0.9975940585136414,0.009679174096897555,False,0.9975940585136414,0.00084322365000844,9.29905945667997e-05,0.0002702900965232402,0.00020767228852491826,0.00011271387484157458,0.0004813826235476881,0.0001113559992518276,0.00028623349498957396
TCCATAACCGTAGT-1,1,B cells,B cells,True,True,0.9993347525596619,0.0029627279713803356,False,0.00037191310548223555,0.9993347525596619,2.6193405574304052e-05,4.136097413720563e-05,3.919374285032973e-05,2.773263622657396e-05,0.00010636055958457291,2.1958729121251963e-05,3.0455787054961547e-05
TCCATAACGATGAA-1,2,IL7R+ memory/helper T cells,Activated/transitional T cells,True,False,0.8086428642272949,0.30621208853793325,False,0.8086428642272949,0.0042454893700778484,0.0024263819213956594,0.004573361482471228,0.026366909965872765,0.002806230913847685,0.14156508445739746,0.002831551944836974,0.006542122457176447
TCCATAACTACGCA-1,7,Naive/resting T cells,Activated/transitional T cells,True,False,0.9934751391410828,0.022527151445164387,False,0.9934751391410828,0.0003181752690579742,0.00019263515423517674,0.0003879405849147588,0.0011444007977843285,0.0002179592993343249,0.003235385986045003,0.00021148964879103005,0.0008168600616045296
TCCATCCTCCCTAC-1,0,Cytotoxic CD8 T cells,Cytotoxic CD8 T cells,True,True,0.9771957397460938,0.06752325396882583,False,0.007494170218706131,0.0009552747360430658,0.0010477162431925535,0.0010849061654880643,0.9771957397460938,0.0007212298223748803,0.005162410903722048,0.004874024540185928,0.0014644793700426817
TCCCACGATCATTC-1,2,IL7R+ memory/helper T cells,Activated/transitional T cells,True,False,0.8696120977401733,0.20942581400090168,False,0.8696120977401733,0.0014274140121415257,0.000885521702002734,0.0016931637655943632,0.005832589231431484,0.0009611091809347272,0.11505287140607834,0.0009617143659852445,0.003573483554646373
TCCCATCTCAAAGA-1,3,Classical monocytes,Classical monocytes,True,True,0.9993446469306946,0.003011091000663086,False,6.58145800116472e-05,6.371131166815758e-05,0.00025196318165399134,0.9993446469306946,4.4904209062224254e-05,3.200771607225761e-05,0.000136980990646407,3.090040627284907e-05,2.906572444771882e-05
TCCCGAACACAGTC-1,5,NK cells,NK cells,True,True,0.8844253420829773,0.2092882272406333,False,0.08730804175138474,0.002475536661222577,0.0007378646405413747,0.0013496874598786235,0.017183195799589157,0.001237920019775629,0.0034074827563017607,0.8844253420829773,0.001874909270554781
TCCCGAACTTCGCC-1,4,CD16+ non-classical monocytes,CD16+ non-classical monocytes,True,True,0.9972733855247498,0.010957450812314619,False,0.0002644786436576396,0.00046063080662861466,0.9972733855247498,0.00072185491444543,0.0003683988470584154,0.00010904960072366521,0.0004506865225266665,0.00020732023403979838,0.000144198551424779
TCCCGATGAGATCC-1,2,IL7R+ memory/helper T cells,IL7R+ memory/helper T cells,True,True,0.985879123210907,0.038365276657268785,False,0.011945302598178387,0.0003181618812959641,0.00017105341248679906,0.0003726481518242508,0.0005881086108274758,0.00018543640908319503,0.985879123210907,0.00023600216081831604,0.00030410190811380744
TCCCGATGCCTGAA-1,3,Classical monocytes,Classical monocytes,True,True,0.9992746710777283,0.0032561971493835734,False,0.000364284758688882,7.568831642856821e-05,7.639457908226177e-05,0.9992746710777283,5.25527611898724e-05,2.903382664953824e-05,4.57733403891325e-05,3.744643254322e-05,4.414633440319449e-05
TCCCTACTCAACTG-1,1,B cells,B cells,True,True,0.9989670515060425,0.004154181679665256,False,0.0007987064309418201,0.9989670515060425,1.9337785488460213e-05,3.68274086213205e-05,3.821607606369071e-05,2.6286072170478292e-05,5.919117757002823e-05,2.031331132457126e-05,3.4121130738640204e-05
TCCGAAGACAATCG-1,3,Classical monocytes,Classical monocytes,True,True,0.999366819858551,0.0029626919025991976,False,0.00014022768300492316,4.250967322150245e-05,0.000151368003571406,0.999366819858551,8.17123000160791e-05,2.9299284506123513e-05,0.00010605139686958864,3.536552321747877e-05,4.666170207201503e-05
TCCGAAGACGTTAG-1,2,IL7R+ memory/helper T cells,IL7R+ memory/helper T cells,True,True,0.5785210728645325,0.33516812429241194,False,0.41325756907463074,0.0010434756986796856,0.0005694039282388985,0.001603732816874981,0.0022643988486379385,0.0007770795491524041,0.5785210728645325,0.0007518063648603857,0.0012114617275074124
TCCGGACTGAGGTG-1,2,IL7R+ memory/helper T cells,IL7R+ memory/helper T cells,True,True,0.9789551496505737,0.05395867658689995,False,0.017355332151055336,0.00043284735875204206,0.00027863297145813704,0.0007554616895504296,0.0011064134305343032,0.000320734252454713,0.9789551496505737,0.0003064416232518852,0.0004889465635642409
TCCGGACTGTACGT-1,0,Cytotoxic CD8 T cells,Cytotoxic CD8 T cells,True,True,0.9935331344604492,0.02094672461981861,False,0.004562385380268097,0.0002142855228157714,7.241463754326105e-05,0.00017237712745554745,0.9935331344604492,7.858810567995533e-05,0.0005450829048641026,0.0007151828031055629,0.00010654683137545362
TCCTAAACATCGAC-1,6,Activated/transitional T cells,Activated/transitional T cells,True,True,0.5295318365097046,0.3730097173977019,False,0.5295318365097046,0.0025070172268897295,0.001930659869685769,0.0037790625356137753,0.448632150888443,0.0017520228866487741,0.006715751253068447,0.001756566110998392,0.003394939238205552
TCCTAAACCGAGAG-1,2,IL7R+ memory/helper T cells,IL7R+ memory/helper T cells,True,True,0.9469877481460571,0.12026164981747259,False,0.03634369745850563,0.00312873930670321,0.000570686359424144,0.0014782395446673036,0.008891270495951176,0.0007060852949507535,0.9469877481460571,0.0007373775588348508,0.0011561712017282844
TCCTAAACCGCATA-1,5,NK cells,NK cells,True,True,0.9889569878578186,0.03272628331398219,False,0.0013379213633015752,0.00017050787573680282,0.00017617926641833037,0.0003616691683419049,0.008086586371064186,0.00017003793618641794,0.000536528357770294,0.9889569878578186,0.00020360582857392728
TCCTAATGGTTTGG-1,5,NK cells,Cytotoxic CD8 T cells,True,False,0.9962045550346375,0.014271627572648993,False,0.0012540357420220971,0.00015586282825097442,0.0001658505789237097,0.00017300189938396215,0.9962045550346375,0.0001031820647767745,0.0006548229139298201,0.0010867378441616893,0.0002019667299464345
TCCTACCTGTCGTA-1,2,IL7R+ memory/helper T cells,IL7R+ memory/helper T cells,True,True,0.6366586089134216,0.524391008287528,False,0.1848280131816864,0.01727752573788166,0.00616490701213479,0.01344909518957138,0.10657886415719986,0.00754050025716424,0.6366586089134216,0.01249588094651699,0.015006604604423046
TCCTATGAAAAGCA-1,0,Cytotoxic CD8 T cells,Cytotoxic CD8 T cells,True,True,0.9832685589790344,0.05234598904660355,False,0.0050476607866585255,0.0010967463022097945,0.0004107495187781751,0.0009965647477656603,0.9832685589790344,0.0005415821215137839,0.0029914272017776966,0.0017223990289494395,0.003924351651221514
TCGAATCTCTGGTA-1,0,Cytotoxic CD8 T cells,Cytotoxic CD8 T cells,True,True,0.9927657842636108,0.02504702998820518,False,0.003328378777951002,0.0006939758313819766,0.00023939677339512855,0.0003023256140295416,0.9927657842636108,0.0003330770996399224,0.000706778431776911,0.0010079750791192055,0.0006223153905011714
TCGACCTGCCGATA-1,4,CD16+ non-classical monocytes,CD16+ non-classical monocytes,True,True,0.9820327162742615,0.04637329500138786,False,0.0004443329817149788,0.0005308281979523599,0.9820327162742615,0.015414112247526646,0.0002560877474024892,0.00013572783791460097,0.0007950349827297032,0.00020738481543958187,0.0001837157760746777
TCGACGCTTCTATC-1,3,Classical monocytes,Classical monocytes,True,True,0.9990605711936951,0.00419547951056817,False,0.00018486233602743596,7.298332639038563e-05,0.0002652140101417899,0.9990605711936951,7.896325405454263e-05,3.6472822102950886e-05,0.00020579464035108685,3.805489541264251e-05,5.7147764891851693e-05
TCGACGCTTTGACG-1,2,IL7R+ memory/helper T cells,IL7R+ memory/helper T cells,True,True,0.7136160135269165,0.3122438142709263,False,0.2713406980037689,0.0016609372105449438,0.0020292678382247686,0.0022209479939192533,0.0029736123979091644,0.0013669559266418219,0.7136160135269165,0.0011742529459297657,0.003617317881435156
TCGAGAACGACAGG-1,2,IL7R+ memory/helper T cells,IL7R+ memory/helper T cells,True,True,0.6614437103271484,0.39600048869752025,False,0.2788409888744354,0.0020959852263331413,0.0020793904550373554,0.0025194387417286634,0.039416611194610596,0.006215090397745371,0.6614437103271484,0.002148796571418643,0.00523996539413929
TCGAGAACGTTAGC-1,2,IL7R+ memory/helper T cells,IL7R+ memory/helper T cells,True,True,0.8893651962280273,0.24798767385096282,False,0.029732059687376022,0.007774017751216888,0.005021609831601381,0.008832729421555996,0.0364341102540493,0.005292425397783518,0.8893651962280273,0.005135695915669203,0.012412121519446373
TCGAGCCTATCAGC-1,1,B cells,B cells,True,True,0.9987418055534363,0.005072429575096251,False,0.0008360937936231494,0.9987418055534363,2.402477002760861e-05,0.00010460017074365169,4.087433262611739e-05,2.494914224371314e-05,3.1678871891926974e-05,2.2311138309305534e-05,0.00017368484986945987
TCGAGCCTGCGAGA-1,0,Cytotoxic CD8 T cells,Cytotoxic CD8 T cells,True,True,0.9888716340065002,0.03474218773825663,False,0.004073792602866888,0.00025313152582384646,0.00013527773262467235,0.0003076164284721017,0.9888716340065002,0.0004757455026265234,0.0049402546137571335,0.000593625707551837,0.0003489692462608218
TCGAGCCTTGTGAC-1,7,Naive/resting T cells,Activated/transitional T cells,True,False,0.9064692854881287,0.19441252522072244,False,0.9064692854881287,0.002765391021966934,0.0013198548695072532,0.0026514139026403427,0.059478964656591415,0.00807215180248022,0.013898445293307304,0.0015670780558139086,0.0037774627562612295
TCGATACTATTCCT-1,0,Cytotoxic CD8 T cells,Cytotoxic CD8 T cells,True,True,0.9515374898910522,0.11900327249853311,False,0.022152462974190712,0.0013095767935737967,0.0012325011193752289,0.0030323616228997707,0.9515374898910522,0.0009273262694478035,0.01648152433335781,0.0011693215928971767,0.002157432958483696
TCGATACTTGCACA-1,2,IL7R+ memory/helper T cells,IL7R+ memory/helper T cells,True,True,0.44421154260635376,0.5173552977266318,True,0.14057014882564545,0.008988339453935623,0.002053450094535947,0.004022571258246899,0.3903006613254547,0.0023502083495259285,0.44421154260635376,0.003113914979621768,0.00438917800784111
TCGATTTGATGCCA-1,3,Classical monocytes,Classical monocytes,True,True,0.9994909763336182,0.002389655223208901,False,0.0002298161416547373,2.9713557523791678e-05,2.8916965675307438e-05,0.9994909763336182,5.0206490413984284e-05,2.325452078366652e-05,4.7376826842082664e-05,4.764542609336786e-05,5.204031185712665e-05
TCGATTTGCACTCC-1,7,Naive/resting T cells,Activated/transitional T cells,True,False,0.9828757047653198,0.047601138697491455,False,0.9828757047653198,0.0005667829536832869,0.00028326542815193534,0.0006858512060716748,0.0006667328998446465,0.00037731765769422054,0.0015745246782898903,0.00037512098788283765,0.012594744563102722
TCGATTTGCAGCTA-1,5,NK cells,NK cells,True,True,0.982577383518219,0.0463788894252951,False,0.0013701802818104625,0.00020721190958283842,0.00020470350864343345,0.00026219882420264184,0.013976797461509705,0.00020489921735133976,0.0010392173426225781,0.982577383518219,0.0001573960471432656
TCGATTTGCCTACC-1,3,Classical monocytes,Classical monocytes,True,True,0.9991357922554016,0.003908003042600824,False,0.0002771261497400701,7.507855480071157e-05,0.00016826223873067647,0.9991357922554016,7.836594159016386e-05,4.959456418873742e-05,0.00010588329314487055,6.428194319596514e-05,4.558706859825179e-05
TCGATTTGTCGTGA-1,1,B cells,B cells,True,True,0.9991017580032349,0.003806837638873116,False,0.0005186418420635164,0.9991017580032349,1.5474572137463838e-05,3.0831823096377775e-05,3.103466588072479e-05,2.1949819711153395e-05,5.193661854718812e-05,1.976487328647636e-05,0.0002085806627292186
TCGCAGCTAGATCC-1,0,Cytotoxic CD8 T cells,Cytotoxic CD8 T cells,True,True,0.9891505837440491,0.032244158865913024,False,0.007730030920356512,0.00017072708578780293,0.00011194143007742241,0.00020251251407898962,0.9891505837440491,0.00012017879635095596,0.0016747212503105402,0.0005883182166144252,0.0002510610211174935
TCGCCATGAGACTC-1,7,Naive/resting T cells,Activated/transitional T cells,True,False,0.9980810880661011,0.008033699525996588,False,0.9980810880661011,0.0003486935456749052,8.623283792985603e-05,0.00019326451001688838,0.0002721627533901483,0.00012137190060457215,0.0003468465292826295,0.0001108760479837656,0.0004395291907712817
TCGCCATGTGGTCA-1,1,B cells,B cells,True,True,0.9992944002151489,0.0030441522832016653,False,0.0004762113676406443,0.9992944002151489,1.6955105820670724e-05,3.307305451016873e-05,3.8450722058769315e-05,2.3464164769393392e-05,7.09669548086822e-05,1.7672569811111316e-05,2.8749991543008946e-05
TCGGACCTAACAGA-1,2,IL7R+ memory/helper T cells,Activated/transitional T cells,True,False,0.9319599866867065,0.14157024914804567,False,0.9319599866867065,0.003478093771263957,0.0011606107000261545,0.002323220018297434,0.0023902570828795433,0.0013082466321066022,0.05350784957408905,0.001314727938733995,0.002557081636041403
TCGGACCTATAAGG-1,1,B cells,B cells,True,True,0.9994244575500488,0.002620544428353396,False,0.00031505513470619917,0.9994244575500488,2.0104051145608537e-05,5.0750379159580916e-05,4.365915810922161e-05,3.0435086955549195e-05,5.093953586765565e-05,2.2561704099643975e-05,4.200570401735604e-05
TCGGACCTGTACAC-1,2,IL7R+ memory/helper T cells,IL7R+ memory/helper T cells,True,True,0.7977046370506287,0.2761163553719943,False,0.1823606938123703,0.003084341064095497,0.001895096735097468,0.0034446215722709894,0.00393504835665226,0.0020562547724694014,0.7977046370506287,0.0019804006442427635,0.0035389086697250605
TCGGTAGAGTAGGG-1,7,Naive/resting T cells,Activated/transitional T cells,True,False,0.9984145164489746,0.006329719718333145,False,0.9984145164489746,8.006030111573637e-05,4.468687257030979e-05,8.651836105855182e-05,9.305135608883575e-05,5.030983083997853e-05,0.001020402880385518,8.135526877595112e-05,0.0001290376967517659
TCGGTAGATCCCAC-1,1,B cells,B cells,True,True,0.9990271329879761,0.004077037624224588,False,0.0006308637093752623,0.9990271329879761,2.2713886210112832e-05,4.5952587242936715e-05,0.00010812333493959159,2.3041278836899437e-05,6.350577314151451e-05,2.066640263365116e-05,5.79487495997455e-05
TCGTAGGATCGACA-1,2,IL7R+ memory/helper T cells,IL7R+ memory/helper T cells,True,True,0.9796287417411804,0.05750853267954421,False,0.012722738087177277,0.0007230031187646091,0.00042644940549507737,0.0011099991388618946,0.0021604327484965324,0.00048798942589201033,0.9796287417411804,0.0005928099271841347,0.00214783544652164
TCGTTATGGACAAA-1,2,IL7R+ memory/helper T cells,IL7R+ memory/helper T cells,True,True,0.5280957818031311,0.5409978200457514,False,0.27640634775161743,0.007831526920199394,0.003853802103549242,0.010027452372014523,0.152389258146286,0.004820473957806826,0.5280957818031311,0.005028599873185158,0.011546709574759007
TCTAACACCAGTTG-1,5,NK cells,NK cells,True,True,0.6057623624801636,0.5583297852485242,False,0.1790720671415329,0.007922661490738392,0.004722808953374624,0.025426214560866356,0.1284732073545456,0.006197137292474508,0.01809377409517765,0.6057623624801636,0.024329794570803642
TCTAACACGAGCAG-1,3,Classical monocytes,Classical monocytes,True,True,0.9514541625976562,0.11379083259956206,False,0.0020136081147938967,0.007060485891997814,0.03278205171227455,0.9514541625976562,0.0015373816713690758,0.0009866190375760198,0.0027990099042654037,0.0005114894011057913,0.0008552093640901148
TCTAACTGAACCAC-1,2,IL7R+ memory/helper T cells,IL7R+ memory/helper T cells,True,True,0.5778325200080872,0.47838492035539554,False,0.13485932350158691,0.0032229016069322824,0.002391634276136756,0.005792667157948017,0.26765426993370056,0.0022940232884138823,0.5778325200080872,0.002386007457971573,0.003566666506230831
TCTAAGCTAATGCC-1,7,Naive/resting T cells,Activated/transitional T cells,True,False,0.8503164052963257,0.2610518285069707,False,0.8503164052963257,0.002980331424623728,0.0009691743180155754,0.0023461144883185625,0.002228162484243512,0.0013350622029975057,0.08513881266117096,0.00135384954046458,0.053332049399614334
TCTAAGCTTAGTCG-1,0,Cytotoxic CD8 T cells,Cytotoxic CD8 T cells,True,True,0.9952611327171326,0.0174053286021868,False,0.001285826787352562,0.00014964622096158564,0.0001920182112371549,0.00019890333351213485,0.9952611327171326,0.0002221976319560781,0.0006355844088830054,0.001635691849514842,0.00041898354538716376
TCTAAGCTTCTAGG-1,4,CD16+ non-classical monocytes,CD16+ non-classical monocytes,True,True,0.9902217388153076,0.031557099583777524,False,0.0011959323892369866,0.0004372791445348412,0.9902217388153076,0.005385818891227245,0.0004651763301808387,0.00024678214685991406,0.0013730026548728347,0.0004123435355722904,0.00026197743136435747
TCTAAGCTTGTTCT-1,3,Classical monocytes,Classical monocytes,True,True,0.9996104836463928,0.001899975589678513,False,0.00013463162758853287,2.4282031517941505e-05,6.74034672556445e-05,0.9996104836463928,2.7195441361982375e-05,2.667986336746253e-05,4.9940659664571285e-05,2.341372601222247e-05,3.6036835808772594e-05
TCTAAGCTTTCGCC-1,1,B cells,B cells,True,True,0.9985222220420837,0.005999314175103385,False,0.0008994441595859826,0.9985222220420837,5.4093765356810763e-05,9.615375893190503e-05,9.425541065866128e-05,5.4232299589784816e-05,8.792393055045977e-05,4.798071313416585e-05,0.00014366998220793903
TCTACAACGACTAC-1,3,Classical monocytes,Classical monocytes,True,True,0.9991809725761414,0.0036593503891906008,False,9.328768646810204e-05,0.00011092679778812453,0.00036214120336808264,0.9991809725761414,5.204471744946204e-05,4.3408705096226186e-05,9.322604455519468e-05,3.6431018088478595e-05,2.7581281756283715e-05
TCTAGACTTAGAAG-1,3,Classical monocytes,Classical monocytes,True,True,0.9994680285453796,0.0025281113819225053,False,0.00013828837836626917,7.546595588792115e-05,8.812537271296605e-05,0.9994680285453796,4.058755439473316e-05,2.7848289391840808e-05,0.00010715242387959734,2.631990355439484e-05,2.8203010515426286e-05
TCTAGTTGCACCAA-1,3,Classical monocytes,CD16+ non-classical monocytes,True,False,0.7381756901741028,0.2779091663251861,False,0.0010055232560262084,0.0008791683940216899,0.7381756901741028,0.2565270662307739,0.0005894064670428634,0.0002945794549304992,0.001413668622262776,0.0005025324644520879,0.0006123287021182477
TCTATGTGAAGAGT-1,3,Classical monocytes,Classical monocytes,True,True,0.9980413913726807,0.008029538109433009,False,0.00035837996983900666,0.0001239050179719925,0.0007820985047146678,0.9980413913726807,0.00015027249173726887,7.268186163855717e-05,0.00016087190306279808,0.00011734101281035691,0.00019298461847938597
TCTATGTGAGTCTG-1,6,Activated/transitional T cells,Cytotoxic CD8 T cells,True,False,0.9923962950706482,0.02287764765180207,False,0.006364244036376476,0.0002714350412134081,6.374685472110286e-05,0.00012418374535627663,0.9923962950706482,7.616239599883556e-05,0.0003706625720951706,0.00019072287250310183,0.00014256936265155673
TCTCAAACCTAAGC-1,1,B cells,B cells,True,True,0.969610869884491,0.08373694311403919,False,0.015148104168474674,0.969610869884491,0.0008059399551711977,0.0017528114840388298,0.0034464250784367323,0.0012032464146614075,0.0021563884802162647,0.000997390248812735,0.004878821317106485
TCTCTAGAATTTCC-1,2,IL7R+ memory/helper T cells,IL7R+ memory/helper T cells,True,True,0.8165110349655151,0.28316691382988346,False,0.05871016904711723,0.0008856041240505874,0.0007166890427470207,0.00126431486569345,0.1196337640285492,0.0005962966824881732,0.8165110349655151,0.0008268052479252219,0.0008553685038350523
TCTGATACACGTGT-1,7,Naive/resting T cells,Activated/transitional T cells,True,False,0.9973944425582886,0.010390399935228467,False,0.9973944425582886,0.00021326645219232887,0.00011858976358780637,0.000262375979218632,0.0002651462273206562,0.00014661629393231124,0.0009605162194930017,0.00014124820881988853,0.0004978024517185986
TCTGATACTCGCCT-1,7,Naive/resting T cells,Activated/transitional T cells,True,False,0.9830619096755981,0.051661482056264,False,0.9830619096755981,0.0018175592413172126,0.0006511611863970757,0.0013085028622299433,0.0013562359381467104,0.000781766080763191,0.008445397019386292,0.0007483295630663633,0.001829134882427752
TCTTACGAACCTGA-1,3,Classical monocytes,Classical monocytes,True,True,0.9995930790901184,0.001988968243572916,False,7.587984873680398e-05,2.7215697627980262e-05,0.00010161857062485069,0.9995930790901184,5.450211756397039e-05,2.669074820005335e-05,7.245244341902435e-05,2.6825025997823104e-05,2.1799067326355726e-05
TCTTCAGAGCTACA-1,4,CD16+ non-classical monocytes,CD16+ non-classical monocytes,True,True,0.7067878842353821,0.3003117868722476,False,0.0010849438840523362,0.004152345005422831,0.7067878842353821,0.28415587544441223,0.0013021375052630901,0.00040775808156467974,0.0012286939891055226,0.00048384754336439073,0.00039654463762417436
TCTTGATGCGGAGA-1,0,Cytotoxic CD8 T cells,Cytotoxic CD8 T cells,True,True,0.961546778678894,0.09221838141401187,False,0.028142739087343216,0.0007008669199422002,0.00045073707588016987,0.0008386227418668568,0.961546778678894,0.000515068182721734,0.0025747776962816715,0.0015823898138478398,0.0036480692215263844
TGAAATTGGTGAGG-1,3,Classical monocytes,Classical monocytes,True,True,0.9995361566543579,0.0022538368698692274,False,6.883423338877037e-05,8.930607873480767e-05,7.459681364707649e-05,0.9995361566543579,5.371352381189354e-05,2.668327397259418e-05,7.974477193783969e-05,2.8718852263409644e-05,4.221361450618133e-05
TGAACCGAAAACGA-1,7,Naive/resting T cells,Activated/transitional T cells,True,False,0.8947638273239136,0.21948613684098353,False,0.8947638273239136,0.0038111379835754633,0.002293973695486784,0.008555052801966667,0.00791067723184824,0.002761706244200468,0.061709798872470856,0.002638394245877862,0.015555411577224731
TGAACCGACTACTT-1,4,CD16+ non-classical monocytes,CD16+ non-classical monocytes,True,True,0.9922460913658142,0.0266247209744455,False,0.000652050890494138,0.003110978752374649,0.9922460913658142,0.001707361894659698,0.00035836713504977524,0.00021400935656856745,0.0010480446508154273,0.00035058276262134314,0.0003125733637716621
TGAACCGATTCGGA-1,4,CD16+ non-classical monocytes,CD16+ non-classical monocytes,True,True,0.9824317097663879,0.04921261761119609,False,0.002092546783387661,0.0008995816460810602,0.9824317097663879,0.012292447499930859,0.0006721325335092843,0.00024610909167677164,0.0005939087714068592,0.00042659378959797323,0.0003449752985034138
TGAAGCACTCACGA-1,0,Cytotoxic CD8 T cells,Cytotoxic CD8 T cells,True,True,0.8584771752357483,0.21668922981950525,False,0.12709344923496246,0.0007259794510900974,0.0005484484718181193,0.0009185759699903429,0.8584771752357483,0.0005284333601593971,0.005984888877719641,0.004489023704081774,0.0012340396642684937
TGAAGCTGAACGAA-1,7,Naive/resting T cells,Activated/transitional T cells,True,False,0.9932125806808472,0.02389507567973787,False,0.9932125806808472,0.0004901395877823234,0.0003045659977942705,0.0005882530240342021,0.0007860581390559673,0.00033904158044606447,0.0029229926876723766,0.0003990942786913365,0.0009572504786774516
TGAAGCTGCATGGT-1,1,B cells,B cells,True,True,0.9985640645027161,0.005924361825475839,False,0.0007973642786964774,0.9985640645027161,4.9894664698513225e-05,7.924446981633082e-05,8.322754729306325e-05,0.00010011518315877765,0.00016436472651548684,5.4091648053145036e-05,0.00010766994091682136
TGAAGCTGCGTAAC-1,7,Naive/resting T cells,Activated/transitional T cells,True,False,0.9970881342887878,0.011606762142899246,False,0.9970881342887878,0.00040343840373679996,0.00012397996033541858,0.0004792782128788531,0.00032323834602721035,0.00016225628496613353,0.0007347142091020942,0.00014796572213526815,0.0005369657883420587
TGAATAACCACTTT-1,7,Naive/resting T cells,Activated/transitional T cells,True,False,0.9880067110061646,0.0382288459440123,False,0.9880067110061646,0.0005610152729786932,0.0004044673696625978,0.0006893100799061358,0.0009625489474274218,0.0003994217258878052,0.004319263156503439,0.00039994221879169345,0.004257244989275932
TGAATAACTCCCAC-1,5,NK cells,Cytotoxic CD8 T cells,True,False,0.9484676122665405,0.11114832629146826,False,0.0024086495395749807,0.0018237645272165537,0.0005095347878523171,0.0008200012962333858,0.9484676122665405,0.0004101815284229815,0.0033089634962379932,0.04179107025265694,0.00046025964547879994
TGACACGACCTTAT-1,1,B cells,B cells,True,True,0.9947847723960876,0.017325661374972462,False,0.0038755727000534534,0.9947847723960876,0.00010302655573468655,0.00024939572904258966,0.0002257667074445635,0.0001322518801316619,0.00018844724399968982,9.684765245765448e-05,0.00034387988853268325
TGACCAGACAACCA-1,2,IL7R+ memory/helper T cells,Activated/transitional T cells,True,False,0.6179249882698059,0.3869629185933786,False,0.6179249882698059,0.004305575042963028,0.0026224819011986256,0.008041349239647388,0.007462570443749428,0.0029947510920464993,0.3463731110095978,0.0037161605432629585,0.006559022236615419
TGACCAGAGGATTC-1,7,Naive/resting T cells,Activated/transitional T cells,True,False,0.9863943457603455,0.0436222563350302,False,0.9863943457603455,0.0010097998892888427,0.0005728161195293069,0.0012404614826664329,0.0020058611407876015,0.0007216022349894047,0.005825537256896496,0.0009564956417307258,0.0012731400784105062
TGACCGCTAAAAGC-1,2,IL7R+ memory/helper T cells,IL7R+ memory/helper T cells,True,True,0.9942455887794495,0.01960989401814293,False,0.0036082768347114325,0.0004667900793720037,0.00014883374387864023,0.0002928881731349975,0.00029105297289788723,0.00014969082258176059,0.9942455887794495,0.00016469242109451443,0.0006322518456727266
TGACCGCTCTGCAA-1,7,Naive/resting T cells,Naive/resting T cells,True,True,0.5068328976631165,0.32306627018549616,False,0.4911583960056305,0.0002637195575516671,0.00014232791727408767,0.0003425674804020673,0.00035917750210501254,0.0001842675410443917,0.0005201364401727915,0.0001964985131053254,0.5068328976631165
TGACGATGCAAAGA-1,3,Classical monocytes,Classical monocytes,True,True,0.9988031387329102,0.004948013363184699,False,0.000178160858922638,0.0007212322670966387,9.218179911840707e-05,0.9988031387329102,4.786330464412458e-05,2.3495433197240345e-05,5.592777961282991e-05,3.0065621103858575e-05,4.787448779097758e-05
TGACGCCTGTACCA-1,2,IL7R+ memory/helper T cells,IL7R+ memory/helper T cells,True,True,0.970380425453186,0.08515235723027473,False,0.011726988479495049,0.002969123190268874,0.0014864414697512984,0.0036410631146281958,0.003298934316262603,0.0016633643535897136,0.970380425453186,0.0016665065195411444,0.003167182207107544
TGACGCCTTTACTC-1,2,IL7R+ memory/helper T cells,IL7R+ memory/helper T cells,True,True,0.9502129554748535,0.12240461614593273,False,0.015339666046202183,0.001915666158311069,0.0013762331800535321,0.003032602835446596,0.023621752858161926,0.0013664879370480776,0.9502129554748535,0.0013570368755608797,0.001777593744918704
TGACTGGAAGAGAT-1,3,Classical monocytes,Classical monocytes,True,True,0.999419093132019,0.002716203138722252,False,0.0001662721624597907,4.0855618863133714e-05,0.00016757400589995086,0.999419093132019,3.9540431316709146e-05,2.5163215468637645e-05,6.75127885187976e-05,3.4090469853254035e-05,3.992290294263512e-05
TGACTGGACCGTAA-1,2,IL7R+ memory/helper T cells,IL7R+ memory/helper T cells,True,True,0.8726432919502258,0.2198972446411544,False,0.1038922443985939,0.006696111056953669,0.0011946248123422265,0.0027046569157391787,0.006783903576433659,0.0015014091040939093,0.8726432919502258,0.002080338541418314,0.0025034607388079166
TGACTGGACGCAAT-1,7,Naive/resting T cells,Activated/transitional T cells,True,False,0.9859043955802917,0.04527513529921996,False,0.9859043955802917,0.0019917248282581568,0.0004546843410935253,0.0024475257378071547,0.0009648175328038633,0.0005124732851982117,0.00293887872248888,0.0005002687685191631,0.004285195842385292
TGACTGGAGGACAG-1,1,B cells,B cells,True,True,0.9991284012794495,0.0036913971428570677,False,0.0005848935688845813,0.9991284012794495,3.6974059185013175e-05,5.139590211911127e-05,4.117381467949599e-05,2.694914110179525e-05,5.498285099747591e-05,2.5496496164123528e-05,4.9690494051901624e-05
TGACTGGATTCTCA-1,2,IL7R+ memory/helper T cells,IL7R+ memory/helper T cells,True,True,0.980215311050415,0.05259461130271145,False,0.014365012757480145,0.0003094783460255712,0.00019700966367963701,0.0005019354866817594,0.00353849190287292,0.00020548395696096122,0.980215311050415,0.00023708735534455627,0.00043016832205466926
TGACTTACACACCA-1,2,IL7R+ memory/helper T cells,IL7R+ memory/helper T cells,True,True,0.6102321147918701,0.4256398798638626,False,0.32939669489860535,0.026602016761898994,0.0034063109196722507,0.006053821183741093,0.009033339098095894,0.0032338248565793037,0.6102321147918701,0.0032275980338454247,0.00881429947912693
TGACTTACAGTCTG-1,3,Classical monocytes,Classical monocytes,True,True,0.9995617270469666,0.0021399326144258273,False,5.4018761147744954e-05,3.4589680581120774e-05,7.920285133877769e-05,0.9995617270469666,8.57289123814553e-05,2.295429294463247e-05,7.657461537746713e-05,3.5597804526332766e-05,4.956936027156189e-05
TGACTTTGCGCATA-1,7,Naive/resting T cells,Activated/transitional T cells,True,False,0.9972409009933472,0.010726991527505695,False,0.9972409009933472,0.00014136513345874846,7.407528755720705e-05,0.00016768403293099254,0.001147606410086155,0.000102051388239488,0.000553097459487617,9.97819151962176e-05,0.00047342287143692374
TGACTTTGTTTGTC-1,2,IL7R+ memory/helper T cells,IL7R+ memory/helper T cells,True,True,0.9222154021263123,0.15438638304321878,False,0.06251362711191177,0.001672859420068562,0.0011291332775726914,0.0031453734263777733,0.0049795545637607574,0.001256545539945364,0.9222154021263123,0.0013231912162154913,0.0017643322935327888
TGAGACACAAGGTA-1,2,IL7R+ memory/helper T cells,IL7R+ memory/helper T cells,True,True,0.9437327980995178,0.106902731408856,False,0.0021468813065439463,0.0002485982549842447,0.00014770764391869307,0.000316739926347509,0.05267387256026268,0.00016738682461436838,0.9437327980995178,0.00031990601564757526,0.0002460914838593453
TGAGACACTCAAGC-1,0,Cytotoxic CD8 T cells,Cytotoxic CD8 T cells,True,True,0.9853200316429138,0.042554456161024296,False,0.00405468512326479,0.00021879174164496362,0.00013770730583928525,0.0003599849878810346,0.9853200316429138,0.00015720369992777705,0.0008133116061799228,0.008628280833363533,0.00030992834945209324
TGAGCTGAATGCTG-1,4,CD16+ non-classical monocytes,CD16+ non-classical monocytes,True,True,0.9962052702903748,0.014389762748663137,False,0.00033917793189175427,0.00018813105998560786,0.9962052702903748,0.0014371891738846898,0.0007813567644916475,0.0001246840547537431,0.00047754228580743074,0.00028560584178194404,0.0001610272447578609
TGAGCTGACTGGAT-1,3,Classical monocytes,Classical monocytes,True,True,0.99954754114151,0.0021802355646466307,False,0.00011457419896032661,6.875379767734557e-05,0.00010282017319696024,0.99954754114151,3.91220128221903e-05,1.8232369257020764e-05,6.386685709003359e-05,2.4450386263197288e-05,2.0650406440836377e-05
TGAGCTGATGCTAG-1,3,Classical monocytes,Classical monocytes,True,True,0.99431312084198,0.019317675674997856,False,0.0036793688777834177,0.0004200084076728672,0.0004981004167348146,0.99431312084198,0.00031128234695643187,0.00011608322529355064,0.00026362919015809894,0.00011664185876725242,0.00028183768154121935
TGAGGACTCTCATT-1,3,Classical monocytes,Classical monocytes,True,True,0.9996036887168884,0.0019503050748182042,False,6.355853838613257e-05,5.712895654141903e-05,5.302372665028088e-05,0.9996036887168884,3.762452251976356e-05,1.984489063033834e-05,9.342491830466315e-05,2.349106580368243e-05,4.8215479182545096e-05
TGAGGACTTCATTC-1,2,IL7R+ memory/helper T cells,IL7R+ memory/helper T cells,True,True,0.7860433459281921,0.25181480667512307,False,0.2087366133928299,0.0006667732959613204,0.00036369432928040624,0.0007830485701560974,0.0009469766519032419,0.0004580494132824242,0.7860433459281921,0.0005007435684092343,0.0015008266782388091
TGAGGTACGAACCT-1,4,CD16+ non-classical monocytes,CD16+ non-classical monocytes,True,True,0.9977068901062012,0.009019714161698809,False,0.00021955611009616405,0.00024564130580984056,0.9977068901062012,0.0011788399424403906,0.00010191618639510125,6.174435839056969e-05,0.00029954290948808193,0.0001112203171942383,7.465896487701684e-05
TGAGTCGAGTTACG-1,1,B cells,B cells,True,True,0.9985291957855225,0.005943710976334028,False,0.0009003095328807831,0.9985291957855225,3.749511961359531e-05,7.941222429508343e-05,0.00019820433226414025,4.954654650646262e-05,8.11118952697143e-05,4.02929654228501e-05,8.439001248916611e-05
TGAGTGACTGAGCT-1,7,Naive/resting T cells,Activated/transitional T cells,True,False,0.7418543696403503,0.2843528528010328,False,0.7418543696403503,0.00108338741119951,0.0006276303320191801,0.001288421917706728,0.0022633089683949947,0.0007711427751928568,0.249533012509346,0.0007953513413667679,0.0017833494348451495
TGATAAACGAATCC-1,2,IL7R+ memory/helper T cells,Activated/transitional T cells,True,False,0.8572842478752136,0.23545644073430078,False,0.8572842478752136,0.0028417508583515882,0.0015957494033500552,0.00404416723176837,0.006380584556609392,0.0019495822489261627,0.11920769512653351,0.0034851632080972195,0.0032110868487507105
TGATAAACTCCGTC-1,5,NK cells,NK cells,True,True,0.969754159450531,0.06887133615069374,False,0.0009004853200167418,0.0005989753408357501,0.00021436532551888376,0.000389139138860628,0.027101587504148483,0.0001532897149445489,0.0006206153193488717,0.969754159450531,0.0002674274437595159
TGATAAACTTTCAC-1,7,Naive/resting T cells,Activated/transitional T cells,True,False,0.9711829423904419,0.08249670346382666,False,0.9711829423904419,0.0018604469951242208,0.0010074477177113295,0.002303534420207143,0.00677809352055192,0.0013490065466612577,0.01032987516373396,0.0013066394021734595,0.0038820221088826656
TGATACCTCACTAG-1,3,Classical monocytes,Classical monocytes,True,True,0.9991140961647034,0.003927184427127793,False,0.00035577331436797976,4.994557821191847e-05,0.00021286093397065997,0.9991140961647034,6.47889100946486e-05,3.901520176441409e-05,5.2667684940388426e-05,4.4940497900824994e-05,6.585878145415336e-05
TGATACCTGTTGGT-1,2,IL7R+ memory/helper T cells,Activated/transitional T cells,True,False,0.6550698280334473,0.4911237799733718,False,0.6550698280334473,0.010747570544481277,0.006619968451559544,0.013484182767570019,0.06470895558595657,0.007656143046915531,0.21412812173366547,0.010838028974831104,0.01674722693860531
TGATACCTTATGCG-1,7,Naive/resting T cells,Activated/transitional T cells,True,False,0.9478471875190735,0.1344686183803037,False,0.9478471875190735,0.00869321171194315,0.001996656646952033,0.00421158317476511,0.0057611046358942986,0.0023161035496741533,0.02181982807815075,0.0023943923879414797,0.004959853366017342
TGATACCTTGAAGA-1,2,IL7R+ memory/helper T cells,Activated/transitional T cells,True,False,0.9833173751831055,0.050171052147394334,False,0.9833173751831055,0.0015074153197929263,0.0003958534507546574,0.000921107770409435,0.001706972368992865,0.0005114527884870768,0.009106527082622051,0.0009423524606972933,0.0015909108333289623
TGATATGAACCTTT-1,7,Naive/resting T cells,Activated/transitional T cells,True,False,0.9814992547035217,0.05642135782806762,False,0.9814992547035217,0.0015315046766772866,0.0008251233957707882,0.001658356748521328,0.0019417982548475266,0.0009042636374942958,0.008361991494894028,0.0010083307279273868,0.0022694433573633432
TGATCACTAGCATC-1,6,Activated/transitional T cells,Cytotoxic CD8 T cells,True,False,0.9203131198883057,0.14228458374801126,False,0.07219921797513962,0.0003342339477967471,0.0001796744327293709,0.000499143498018384,0.9203131198883057,0.0002255970612168312,0.0009011476649902761,0.004559296183288097,0.000788533769082278
TGATCACTCTCGCT-1,6,Activated/transitional T cells,Activated/transitional T cells,True,True,0.8820979595184326,0.19026597535814746,False,0.8820979595184326,0.0013974816538393497,0.000769610982388258,0.0018947249045595527,0.0022318416740745306,0.0009891174267977476,0.10732536017894745,0.000952399626839906,0.0023415246978402138
TGATCACTTCTACT-1,1,B cells,B cells,True,True,0.9982448816299438,0.006880602586131783,False,0.0009014899260364473,0.9982448816299438,2.2299293050309643e-05,4.346505374996923e-05,0.0005717884050682187,3.169117553625256e-05,7.27550796000287e-05,2.6574391085887328e-05,8.510627958457917e-05
TGATCGGACTGACA-1,4,CD16+ non-classical monocytes,CD16+ non-classical monocytes,True,True,0.9963350296020508,0.014042538886779142,False,0.00028530682902783155,0.0007829336682334542,0.9963350296020508,0.0011159076821058989,0.00023072768817655742,0.00010388064401922747,0.0007330238004215062,0.00021399042452685535,0.00019920077465940267
TGATCGGAGGAGCA-1,1,B cells,B cells,True,True,0.9992166757583618,0.0034789455297944095,False,0.0003625076496973634,0.9992166757583618,2.0817507902393118e-05,8.32429577712901e-05,0.0001579349918756634,3.0958475690567866e-05,5.592741217697039e-05,2.3120828700484708e-05,4.8787966079544276e-05
TGATCGGATATGCG-1,4,CD16+ non-classical monocytes,CD16+ non-classical monocytes,True,True,0.9785247445106506,0.06543332004634247,False,0.003421915229409933,0.0015201095957309008,0.9785247445106506,0.0036924327723681927,0.003015265567228198,0.006165618542581797,0.0024580019526183605,0.0006600554916076362,0.0005418523214757442
TGATTAGACATTGG-1,2,IL7R+ memory/helper T cells,IL7R+ memory/helper T cells,True,True,0.9775784015655518,0.06541643363153844,False,0.01093893963843584,0.0013447439996525645,0.0008036234066821635,0.0021302776876837015,0.0034325947053730488,0.0009313556947745383,0.9775784015655518,0.0009618892800062895,0.0018782161641865969
TGATTAGATGACTG-1,1,B cells,B cells,True,True,0.9985103011131287,0.006254684279647733,False,0.00040956056909635663,0.9985103011131287,7.566562999272719e-05,0.0005432154284790158,0.00012997158046346158,5.266071093501523e-05,8.09819030109793e-05,6.868690252304077e-05,0.00012890393554698676
TGATTAGATGCTAG-1,7,Naive/resting T cells,Activated/transitional T cells,True,False,0.9979447722434998,0.008325794560629337,False,0.9979447722434998,0.0001636645320104435,8.012045145733282e-05,0.00016169532318599522,0.00033243352663703263,9.679710638010874e-05,0.000900309591088444,0.00010085638496093452,0.00021929640206508338
TGATTCACTATGCG-1,7,Naive/resting T cells,Activated/transitional T cells,True,False,0.9867718815803528,0.03931036268466833,False,0.9867718815803528,0.0005181318847462535,0.00047110088053159416,0.0006453039241023362,0.0008004091796465218,0.00034886959474533796,0.0010031723650172353,0.0003610525163821876,0.00908010546118021
TGATTCACTGTCAG-1,1,B cells,B cells,True,True,0.9993324875831604,0.0030011725936993534,False,0.00033218919998034835,0.9993324875831604,1.6288997358060442e-05,3.954590647481382e-05,2.685714207473211e-05,0.00011191928206244484,5.3861684136791155e-05,1.7257703802897595e-05,6.958344602026045e-05
TGATTCTGCCGAAT-1,2,IL7R+ memory/helper T cells,IL7R+ memory/helper T cells,True,True,0.6789012551307678,0.30973984890102535,False,0.31294795870780945,0.001895178691484034,0.00045458224485628307,0.0013600107049569488,0.0013425903161987662,0.0005759207997471094,0.6789012551307678,0.0006755321519449353,0.001846928265877068
TGATTCTGCTCTTA-1,2,IL7R+ memory/helper T cells,Activated/transitional T cells,True,False,0.4961814880371094,0.4499557080075998,True,0.4961814880371094,0.013842727988958359,0.0036945214960724115,0.008142618462443352,0.010881645604968071,0.004276195075362921,0.4432547390460968,0.005046127364039421,0.014679985120892525
TGCAAGTGAGAACA-1,2,IL7R+ memory/helper T cells,IL7R+ memory/helper T cells,True,True,0.7687538266181946,0.3475406042521418,False,0.08417857438325882,0.0026025099214166403,0.0016310844803228974,0.0029508545994758606,0.1330052614212036,0.001835398143157363,0.7687538266181946,0.002091039903461933,0.0029514965135604143
TGCAAGTGGGTAGG-1,3,Classical monocytes,Classical monocytes,True,True,0.9991412162780762,0.0037966371544718145,False,0.0003589918778743595,4.075702599948272e-05,0.00021368294255807996,0.9991412162780762,5.5367894674418494e-05,3.2028896384872496e-05,7.984443072928116e-05,3.148662653984502e-05,4.6550241677323356e-05
TGCAATCTTCAGGT-1,3,Classical monocytes,Classical monocytes,True,True,0.9735259413719177,0.07589169588352078,False,0.0026489701122045517,0.00317182345315814,0.01060298178344965,0.9735259413719177,0.0012358109233900905,0.0010012369602918625,0.00605082418769598,0.0010590662714093924,0.000703343830537051
TGCACAGACGACAT-1,5,NK cells,NK cells,True,True,0.9966009855270386,0.012903232098185613,False,0.00030067662009969354,0.00027899976703338325,0.00015202639042399824,0.00014169147470965981,0.00162630679551512,0.0001743543252814561,0.0004969005240127444,0.9966009855270386,0.0002279913314851001
TGCCAAGAGCAGTT-1,4,CD16+ non-classical monocytes,Classical monocytes,True,False,0.4501180052757263,0.6704416469158616,True,0.20191091299057007,0.02614755928516388,0.2279195487499237,0.4501180052757263,0.0218858290463686,0.0062348125502467155,0.03104148991405964,0.007898452691733837,0.026843389496207237
TGCCAAGATCTCTA-1,2,IL7R+ memory/helper T cells,IL7R+ memory/helper T cells,True,True,0.8822218179702759,0.17293792478210568,False,0.11509548127651215,0.0002808230638038367,0.00014498179371003062,0.0008310187258757651,0.0006216802867129445,0.0001805498031899333,0.8822218179702759,0.00017935536743607372,0.0004442823410499841
TGCCACTGAACGTC-1,2,IL7R+ memory/helper T cells,IL7R+ memory/helper T cells,True,True,0.6305773854255676,0.3275419726994613,False,0.3601311147212982,0.0012237952323630452,0.0009452865924686193,0.0016809053486213088,0.00159117067232728,0.0009288543951697648,0.6305773854255676,0.0008957948302850127,0.00202568038366735
TGCCACTGCGATAC-1,5,NK cells,Cytotoxic CD8 T cells,True,False,0.47708117961883545,0.4709180999558612,True,0.025886261835694313,0.012522509321570396,0.004743359982967377,0.006173394154757261,0.47708117961883545,0.0029572737403213978,0.01650630682706833,0.4481183588504791,0.006011358927935362
TGCCAGCTTGGCAT-1,2,IL7R+ memory/helper T cells,Activated/transitional T cells,True,False,0.7794203162193298,0.29670270073105093,False,0.7794203162193298,0.0066943662241101265,0.001363764749839902,0.004331562202423811,0.003231531474739313,0.0017973723588511348,0.19522617757320404,0.0019376841373741627,0.005997238215059042
TGCCCAACAGCAAA-1,2,IL7R+ memory/helper T cells,Activated/transitional T cells,True,False,0.878203272819519,0.2418925525318437,False,0.878203272819519,0.00506428349763155,0.0032102756667882204,0.00594742177054286,0.010046176612377167,0.0035192875657230616,0.07756782323122025,0.0046625942923128605,0.011778905987739563
TGCCCAACCGCATA-1,4,CD16+ non-classical monocytes,CD16+ non-classical monocytes,True,True,0.9967421889305115,0.0127997409739598,False,0.000496399647090584,0.00024790543830022216,0.9967421889305115,0.0010062428191304207,0.0002809281286317855,0.00013652358029503375,0.00034644469269551337,0.00023459420481231064,0.0005088280304335058
TGCCGACTCTCCCA-1,1,B cells,B cells,True,True,0.9987597465515137,0.004910051506592146,False,0.000932856637518853,0.9987597465515137,3.1590894650435075e-05,4.1330196836497635e-05,4.4117441575508565e-05,3.2135048968484625e-05,0.00010624047718010843,2.338291596970521e-05,2.8614504117285833e-05
TGCGAAACAGTCAC-1,1,B cells,B cells,True,True,0.9993294477462769,0.003032767789325841,False,0.00032181924325414,0.9993294477462769,2.4426242816844024e-05,4.2992094677174464e-05,4.749261279357597e-05,3.1605053663952276e-05,0.00011349182750564069,2.6978559617418796e-05,6.177409522933885e-05
TGCGAAACGTTGCA-1,1,B cells,B cells,True,True,0.998505711555481,0.005826380356274324,False,0.0011010882444679737,0.998505711555481,3.149938493152149e-05,5.673465057043359e-05,5.9193698689341545e-05,3.773821299546398e-05,0.000112896304926835,3.04137483908562e-05,6.474155088653788e-05
TGCGATGAACGGTT-1,2,IL7R+ memory/helper T cells,IL7R+ memory/helper T cells,True,True,0.6856303215026855,0.3682918672686326,False,0.27559924125671387,0.004494854249060154,0.003167878370732069,0.00557708041742444,0.013947175815701485,0.0031122523359954357,0.6856303215026855,0.003776919562369585,0.004694328177720308
TGCGATGACCTCGT-1,2,IL7R+ memory/helper T cells,Activated/transitional T cells,True,False,0.8898083567619324,0.20754941224920823,False,0.8898083567619324,0.002305915579199791,0.0010377897415310144,0.0021793039049953222,0.01895328052341938,0.0012143108760938048,0.0784720629453659,0.0019776637200266123,0.0040513137355446815
TGCGATGACTAGTG-1,1,B cells,B cells,True,True,0.9988924860954285,0.0044662018232729086,False,0.0008085297304205596,0.9988924860954285,1.9017017621081322e-05,3.4350421628914773e-05,4.862509740632959e-05,2.3569104087073356e-05,0.00010931698489002883,1.9224309653509408e-05,4.491681465879083e-05
TGCGATGACTGCTC-1,1,B cells,B cells,True,True,0.9992823004722595,0.003122729902375687,False,0.0004573234764393419,0.9992823004722595,2.4291588488267735e-05,5.2576222515199333e-05,3.532268965500407e-05,2.609439798106905e-05,7.54115026211366e-05,1.8402877685730346e-05,2.835422674252186e-05
TGCGATGACTTGCC-1,1,B cells,B cells,True,True,0.9994576573371887,0.0025320490728577556,False,0.00022569869179278612,0.9994576573371887,2.323155786143616e-05,5.703433635062538e-05,3.985076182289049e-05,2.5738470867509022e-05,9.230777504853904e-05,2.126809340552427e-05,5.72198950976599e-05
TGCGATGAGTGCTA-1,3,Classical monocytes,Classical monocytes,True,True,0.9979674220085144,0.008398887052836786,False,0.0003517565201036632,0.00013617979129776359,0.0006226153345778584,0.9979674220085144,0.0002829633594956249,0.00012349228200037032,0.00030622081249020994,0.00011258575250394642,9.668379061622545e-05
TGCGCACTCTTGAG-1,3,Classical monocytes,Classical monocytes,True,True,0.9991753697395325,0.003517769422644595,False,0.000543427187949419,2.8031743568135425e-05,7.350318628596142e-05,0.9991753697395325,4.123528560739942e-05,2.512059290893376e-05,6.01362444285769e-05,2.394108560110908e-05,2.9183391234255396e-05
TGCGTAGAATAAGG-1,3,Classical monocytes,Classical monocytes,True,True,0.9991959929466248,0.003641553253603311,False,0.00012429158960003406,5.883657286176458e-05,0.00029546077712439,0.9991959929466248,9.527058864478022e-05,3.819918129011057e-05,0.00010467827814863995,5.003892147215083e-05,3.72680660802871e-05
TGCGTAGACGGGAA-1,1,B cells,B cells,True,True,0.9978654980659485,0.007495894037972421,False,0.001891731284558773,0.9978654980659485,2.0666206182795577e-05,5.97886428295169e-05,3.928146179532632e-05,2.512750324967783e-05,3.3392916520824656e-05,2.0483254047576338e-05,4.406592051964253e-05
TGCGTAGATGGTCA-1,4,CD16+ non-classical monocytes,CD16+ non-classical monocytes,True,True,0.9903538227081299,0.029365294351029598,False,0.00033329171128571033,0.0002875253849197179,0.9903538227081299,0.0069653051905334,0.0003219511127099395,0.0001328552607446909,0.0011784796370193362,0.00026862029335461557,0.0001580983225721866
TGCTAGGAAACCGT-1,0,Cytotoxic CD8 T cells,Cytotoxic CD8 T cells,True,True,0.9863268136978149,0.040494914350202714,False,0.0029389564879238605,0.0003881111624650657,0.0002606305934023112,0.0004749902873300016,0.9863268136978149,0.0002907037269324064,0.008452268317341805,0.0004399817844387144,0.0004275762476027012
TGCTAGGATAGTCG-1,7,Naive/resting T cells,Activated/transitional T cells,True,False,0.7613992094993591,0.33154692624549387,False,0.7613992094993591,0.006512234918773174,0.0021108316723257303,0.0054359352216124535,0.01753099635243416,0.002649012953042984,0.1972552090883255,0.002982727251946926,0.004123772028833628
TGCTATACGGTTCA-1,3,Classical monocytes,Classical monocytes,True,True,0.9952292442321777,0.016690490902152955,False,0.0029758261516690254,0.0005183396278880537,0.0003430409706197679,0.9952292442321777,0.0001963637041626498,0.00011606857879087329,0.00032718779402785003,0.00012550388055387884,0.00016844191122800112
TGCTATACTGCTGA-1,0,Cytotoxic CD8 T cells,Cytotoxic CD8 T cells,True,True,0.9724384546279907,0.0764817038482762,False,0.004032969009131193,0.000671107554808259,0.0004343059554230422,0.0014816626207903028,0.9724384546279907,0.0008972864598035812,0.006522525101900101,0.012584185227751732,0.0009374922374263406
TGCTGAGAGAGCAG-1,5,NK cells,NK cells,True,True,0.9933835864067078,0.022679719000309777,False,0.0010428670793771744,0.00017406562983524054,0.00020547238818835467,0.0005137606058269739,0.003411084646359086,0.00011853490286739543,0.0008094683871604502,0.9933835864067078,0.00034119808697141707
TGCTGAGATTATCC-1,2,IL7R+ memory/helper T cells,Activated/transitional T cells,True,False,0.8003643751144409,0.2816960719691946,False,0.8003643751144409,0.0063884928822517395,0.000906122790183872,0.0016902355710044503,0.014803494326770306,0.0010418961755931377,0.17185243964195251,0.0010547569254413247,0.001898184884339571
TGGAAAGACTCTCG-1,1,B cells,B cells,True,True,0.9994437098503113,0.0026366128262110848,False,0.0001522132079117,0.9994437098503113,4.503548188949935e-05,4.404735591378994e-05,0.00010413830750621855,2.927547939179931e-05,7.678200927330181e-05,2.5293062208220363e-05,7.954683678690344e-05
TGGAAAGAGCGATT-1,2,IL7R+ memory/helper T cells,IL7R+ memory/helper T cells,True,True,0.9676933884620667,0.07994174556758887,False,0.02389509230852127,0.001765053835697472,0.00040095773874782026,0.0010540090734139085,0.0029327156953513622,0.0005162165616638958,0.9676933884620667,0.00046814430970698595,0.0012743572006002069
TGGAAAGAGGTCAT-1,4,CD16+ non-classical monocytes,CD16+ non-classical monocytes,True,True,0.9968904852867126,0.01224988669671656,False,0.0003527995722834021,0.0005395486950874329,0.9968904852867126,0.000914539850782603,0.00021816989465150982,0.00011376944166840985,0.0005639258888550103,0.00018599655595608056,0.00022080498456489295
TGGAAAGATATGGC-1,7,Naive/resting T cells,Activated/transitional T cells,True,False,0.8225084543228149,0.3000285629370469,False,0.8225084543228149,0.0016131646698340774,0.0010655646910890937,0.002160029485821724,0.06373804062604904,0.0011851040180772543,0.09503038227558136,0.0017169836210086942,0.010982273146510124
TGGAACACAAACAG-1,5,NK cells,NK cells,True,True,0.9858341813087463,0.042063778573866846,False,0.0010867598466575146,0.0006935028359293938,0.00022672940394841135,0.0003697812499012798,0.009262003935873508,0.0010967719135805964,0.0010097867343574762,0.9858341813087463,0.0004205052100587636
TGGAACACGCTAAC-1,0,Cytotoxic CD8 T cells,Cytotoxic CD8 T cells,True,True,0.9867749214172363,0.040576990118952584,False,0.006462170276790857,0.00024038145784288645,0.0001470166607759893,0.0004143959085922688,0.9867749214172363,0.0008181785815395415,0.0036453022621572018,0.00041905161924660206,0.0010786534985527396
TGGAAGCTCAGATC-1,7,Naive/resting T cells,Activated/transitional T cells,True,False,0.6118008494377136,0.3919635779583748,False,0.6118008494377136,0.008541044779121876,0.0018040483118966222,0.003558639669790864,0.003929088357836008,0.0020962990820407867,0.018405592069029808,0.0020978411193937063,0.34776660799980164
TGGACCCTACACTG-1,3,Classical monocytes,Classical monocytes,True,True,0.9988837838172913,0.0048707613243464355,False,0.00038292896351777017,0.00020800602214876562,0.00016400394088122994,0.9988837838172913,5.519811747944914e-05,0.00016617137589491904,5.4923224524827674e-05,3.8577440136577934e-05,4.6381133870454505e-05
TGGACCCTCATGGT-1,0,Cytotoxic CD8 T cells,Cytotoxic CD8 T cells,True,True,0.6208131313323975,0.5439387570167218,False,0.1680164784193039,0.012222714722156525,0.008657047525048256,0.02030310221016407,0.6208131313323975,0.00834743119776249,0.1349044144153595,0.014592035673558712,0.012143602594733238
TGGACCCTGGTACT-1,3,Classical monocytes,Classical monocytes,True,True,0.9847895503044128,0.041132705022246474,False,0.0006143000791780651,0.00044867355609312654,0.01262290496379137,0.9847895503044128,0.00032749396632425487,0.00013886988745070994,0.0006561576155945659,0.0001860823977040127,0.00021597302111331373
TGGACTGAGTATGC-1,2,IL7R+ memory/helper T cells,IL7R+ memory/helper T cells,True,True,0.9029092192649841,0.21380686968047488,False,0.04468846693634987,0.0032114549539983273,0.0039455825462937355,0.00585784949362278,0.02123379148542881,0.0023237760178744793,0.9029092192649841,0.0024191553238779306,0.013410701416432858
TGGAGACTATCAGC-1,3,Classical monocytes,Classical monocytes,True,True,0.9995012283325195,0.0024038409972498647,False,9.402939031133428e-05,5.500452607520856e-05,8.669848466524854e-05,0.9995012283325195,4.540611553238705e-05,3.657116394606419e-05,0.00010616139479679987,4.389376408653334e-05,3.095276406384073e-05
TGGAGACTTCAAGC-1,7,Naive/resting T cells,Activated/transitional T cells,True,False,0.9870454668998718,0.039093406367296135,False,0.9870454668998718,0.000687540858052671,0.00032004769309423864,0.0007440934423357248,0.0009155604639090598,0.0004190238250885159,0.008483429439365864,0.0004104487888980657,0.0009744482231326401
TGGAGACTTGACCA-1,0,Cytotoxic CD8 T cells,Cytotoxic CD8 T cells,True,True,0.9414502382278442,0.14306711258154475,False,0.030030397698283195,0.00435236468911171,0.0021098980214446783,0.002891539130359888,0.9414502382278442,0.0016404837369918823,0.0072588748298585415,0.007993197068572044,0.0022730000782757998
TGGAGGGACGGAGA-1,3,Classical monocytes,Classical monocytes,True,True,0.9972919821739197,0.01009813895641418,False,0.00023790326667949557,0.00027215565205551684,0.0017418385250493884,0.9972919821739197,8.927007002057508e-05,7.115329935913906e-05,0.00017355219461023808,7.03474142937921e-05,5.183156827115454e-05
TGGAGGGAGCTATG-1,6,Activated/transitional T cells,Activated/transitional T cells,True,True,0.5649616122245789,0.421931444505461,False,0.5649616122245789,0.007994189858436584,0.003141093533486128,0.006815771106630564,0.38381892442703247,0.001995429862290621,0.004489312879741192,0.004810210783034563,0.02197345532476902
TGGATCGATAAAGG-1,2,IL7R+ memory/helper T cells,Activated/transitional T cells,True,False,0.9904725551605225,0.02995855624484301,False,0.9904725551605225,0.000382839294616133,0.00023546622833237052,0.000456216890597716,0.0006581864436157048,0.00026264676125720143,0.006290523335337639,0.00029022287344560027,0.000951340130995959
TGGATGTGACCTAG-1,1,B cells,B cells,True,True,0.9990088939666748,0.0040479416589239,False,0.0007321570301428437,0.9990088939666748,1.7080403267755173e-05,4.054075543535873e-05,4.115063711651601e-05,2.5673605705378577e-05,4.6594886953243986e-05,2.086871063511353e-05,6.697823846479878e-05
TGGATGTGTGAAGA-1,1,B cells,B cells,True,True,0.9995114803314209,0.0022493427723311397,False,0.00027854801737703383,0.9995114803314209,1.6579941075178795e-05,3.160605047014542e-05,5.1047707529505715e-05,2.2005591745255515e-05,3.910997475031763e-05,2.4083237804006785e-05,2.5552677470841445e-05
TGGATTCTCATACG-1,0,Cytotoxic CD8 T cells,Cytotoxic CD8 T cells,True,True,0.9919326901435852,0.02653030887149741,False,0.0037154131568968296,0.00035873171873390675,0.00014235511480364949,0.00028141753864474595,0.9919326901435852,0.0001698444684734568,0.002657320350408554,0.00048231054097414017,0.00025988323614001274
TGGCAATGCTTGTT-1,1,B cells,B cells,True,True,0.998877227306366,0.004681772196452904,False,0.0007010851404629648,0.998877227306366,3.9133603422669694e-05,6.057115024304949e-05,9.857543773250654e-05,4.571082172333263e-05,8.623900794191286e-05,4.6099532482912764e-05,4.539949804893695e-05
TGGCACCTTCACGA-1,6,Activated/transitional T cells,Activated/transitional T cells,True,True,0.6047857999801636,0.38041368959340355,False,0.6047857999801636,0.0033053229562938213,0.0024348993320018053,0.004980525933206081,0.36452582478523254,0.002225546631962061,0.007203001528978348,0.006879759021103382,0.0036593482363969088
TGGCACCTTCAGTG-1,3,Classical monocytes,Classical monocytes,True,True,0.9990087151527405,0.004408246172987266,False,0.00023705088824499398,6.129490793682635e-05,0.0002496174711268395,0.9990087151527405,4.605053618433885e-05,0.00019252722267992795,0.00011236333375563845,4.52317763119936e-05,4.716570765594952e-05
TGGGTATGAAGAGT-1,2,IL7R+ memory/helper T cells,IL7R+ memory/helper T cells,True,True,0.9248217940330505,0.14028693584070784,False,0.06684043258428574,0.0010124428663402796,0.000542271591257304,0.0013150754384696484,0.002402343088760972,0.000720659620128572,0.9248217940330505,0.0007164288545027375,0.0016285954043269157
TGGGTATGCACAAC-1,2,IL7R+ memory/helper T cells,IL7R+ memory/helper T cells,True,True,0.859404444694519,0.23037176787044367,False,0.11916249245405197,0.0033825943246483803,0.0016824699705466628,0.00327673158608377,0.0037670626770704985,0.0020240419544279575,0.859404444694519,0.0019556418992578983,0.005344479810446501
TGGGTATGGTACGT-1,1,B cells,B cells,True,True,0.9993137121200562,0.0029459286097851057,False,0.00048673173296265304,0.9993137121200562,1.5187681128736585e-05,2.9885975891374983e-05,3.778254904318601e-05,2.0558496544254012e-05,2.7868643883266486e-05,1.8849890693672933e-05,4.94493251608219e-05
TGGGTATGTTTGGG-1,3,Classical monocytes,Classical monocytes,True,True,0.997634768486023,0.009305976241227755,False,0.0002904372231569141,0.00023218140995595604,0.0011547969188541174,0.997634768486023,0.00012197901378385723,7.163975533330813e-05,0.00033396075014024973,9.036615665536374e-05,6.982515333220363e-05
TGGTAGACATGCCA-1,2,IL7R+ memory/helper T cells,IL7R+ memory/helper T cells,True,True,0.7528772354125977,0.3264098119246675,False,0.20134589076042175,0.0014613436069339514,0.0008839396759867668,0.002323629567399621,0.03622608631849289,0.0009839546401053667,0.7528772354125977,0.0010855599539354444,0.0028123066294938326
TGGTAGACCCTCAC-1,5,NK cells,NK cells,True,True,0.9943439960479736,0.01841086089082626,False,0.0004585070419125259,9.078331640921533e-05,0.00010225085861748084,0.00015679757052566856,0.004261885304003954,9.594519360689446e-05,0.0003904121113009751,0.9943439960479736,9.947137004928663e-05
TGGTAGACCTGATG-1,2,IL7R+ memory/helper T cells,IL7R+ memory/helper T cells,True,True,0.9460378289222717,0.1345346365772201,False,0.023079628124833107,0.0017966231098398566,0.008587860502302647,0.0019813827238976955,0.012309728190302849,0.001187129644677043,0.9460378289222717,0.0013191543985158205,0.003700639121234417
TGGTAGTGCACTGA-1,3,Classical monocytes,CD16+ non-classical monocytes,True,False,0.6904603838920593,0.4114929901993089,False,0.2284536510705948,0.004850555676966906,0.6904603838920593,0.05039993301033974,0.005439474247395992,0.0028923291247338057,0.007486953400075436,0.003796626580879092,0.006220128387212753
TGGTATCTAAACAG-1,7,Naive/resting T cells,Activated/transitional T cells,True,False,0.9845491647720337,0.045174795135848364,False,0.9845491647720337,0.0005904295248910785,0.0003473171091172844,0.0006921940948814154,0.002608750481158495,0.0004004719667136669,0.009766953065991402,0.0004206374869681895,0.0006240959046408534
TGGTATCTCTTCCG-1,7,Naive/resting T cells,Activated/transitional T cells,True,False,0.9966981410980225,0.012811590225759081,False,0.9966981410980225,0.001048385282047093,0.00012812583008781075,0.000259927473962307,0.000755724438931793,0.00013610960741061717,0.0003988332173321396,0.00013447694072965533,0.00044034377788193524
TGGTCAGACCCAAA-1,7,Naive/resting T cells,Activated/transitional T cells,True,False,0.8575226068496704,0.3097689809341125,False,0.8575226068496704,0.012264639139175415,0.007833551615476608,0.04220178723335266,0.029202766716480255,0.008298001252114773,0.017749901860952377,0.009901367127895355,0.015025374479591846
TGGTTACTGACGTT-1,3,Classical monocytes,Classical monocytes,True,True,0.9989601373672485,0.004568147160753218,False,0.00018430317868478596,0.00011101127893198282,0.00038952386239543557,0.9989601373672485,6.604561349377036e-05,4.425111546879634e-05,0.00014905442367307842,4.4739615987055004e-05,5.0938651838805526e-05
TGGTTACTGTTCTT-1,7,Naive/resting T cells,Activated/transitional T cells,True,False,0.955198347568512,0.10396944076645818,False,0.955198347568512,0.0018618277972564101,0.000710490217898041,0.001311043044552207,0.0055851321667432785,0.0006175642483867705,0.032717835158109665,0.0006513305124826729,0.0013464154908433557
TGTAACCTAGAGGC-1,2,IL7R+ memory/helper T cells,IL7R+ memory/helper T cells,True,True,0.941604733467102,0.11260849282687835,False,0.05374157056212425,0.0006120437174104154,0.00032071088207885623,0.0007630380569025874,0.0011462147813290358,0.0004121024685446173,0.941604733467102,0.0004746026243083179,0.000924986379686743
TGTAACCTTGCCTC-1,3,Classical monocytes,Classical monocytes,True,True,0.9677349328994751,0.07642429766030352,False,0.0004784202028531581,0.024713223800063133,0.005512809380888939,0.9677349328994751,0.0004464210942387581,0.00014913969789631665,0.0005498597747646272,0.00019923626678064466,0.0002159455616492778
TGTAATGACACAAC-1,5,NK cells,NK cells,True,True,0.9846197962760925,0.04822256423935959,False,0.00269409385509789,0.0011780320201069117,0.000412319612223655,0.0005521730636246502,0.0057631139643490314,0.002882086206227541,0.0014943527057766914,0.9846197962760925,0.0004040926869492978
TGTAATGAGGTAAA-1,5,NK cells,Cytotoxic CD8 T cells,True,False,0.5076907873153687,0.5474011173798708,False,0.06272777169942856,0.022496184334158897,0.010104297660291195,0.009423953481018543,0.5076907873153687,0.005249727983027697,0.01487409695982933,0.35593709349632263,0.011496132239699364
TGTACTTGCTCTAT-1,4,CD16+ non-classical monocytes,CD16+ non-classical monocytes,True,True,0.9987195730209351,0.005506209466866349,False,0.00012330645404290408,0.00015606316446792334,0.9987195730209351,0.0004744912148453295,0.00010909572301898152,4.633425487554632e-05,0.00024883492733351886,6.571472476935014e-05,5.665503704221919e-05
TGTAGGTGCGAGAG-1,1,B cells,B cells,True,True,0.9956957101821899,0.01592518609778702,False,0.0019259873079136014,0.9956957101821899,0.00015244788664858788,0.0007091615116223693,0.00037203269312158227,0.00018325001292396337,0.00036768944119103253,0.0001532054739072919,0.00044049741700291634
TGTAGGTGCTATGG-1,2,IL7R+ memory/helper T cells,IL7R+ memory/helper T cells,True,True,0.9641237258911133,0.07453843111776089,False,0.03435632213950157,0.0002098482073051855,0.00012848871119786054,0.0002710069820750505,0.0003190594434272498,0.00014621835725847632,0.9641237258911133,0.00015537514991592616,0.00028998570633120835
TGTAGGTGCTCTAT-1,3,Classical monocytes,Classical monocytes,True,True,0.9952182173728943,0.017974192736407348,False,0.0006417411495931447,0.001213066978380084,0.0008144697640091181,0.9952182173728943,0.00042149474029429257,0.00032807938987389207,0.0009186238166876137,0.00024453067453578115,0.00019980408251285553
TGTAGGTGTGCTGA-1,7,Naive/resting T cells,Activated/transitional T cells,True,False,0.9965683221817017,0.013260683099450922,False,0.9965683221817017,0.00027138247969560325,0.0001308912760578096,0.000289996707579121,0.0006319997482933104,0.00017576882964931428,0.0011956884991377592,0.00018862441356759518,0.0005473634810186923
TGTAGTCTTCCAGA-1,7,Naive/resting T cells,Activated/transitional T cells,True,False,0.9756476879119873,0.07127565073621948,False,0.9756476879119873,0.00155009760055691,0.0008651837124489248,0.0026954850181937218,0.0028765208553522825,0.0010291289072483778,0.00436769612133503,0.0009961390169337392,0.00997205451130867
TGTAGTCTTGCACA-1,0,Cytotoxic CD8 T cells,Cytotoxic CD8 T cells,True,True,0.9857187867164612,0.04426236432021153,False,0.003909597173333168,0.0006478773429989815,0.0004264561284799129,0.000770410115364939,0.9857187867164612,0.0005129180499352515,0.006298950873315334,0.0011531849158927798,0.000561791006475687
TGTATCTGTTAGGC-1,2,IL7R+ memory/helper T cells,IL7R+ memory/helper T cells,True,True,0.8867815136909485,0.19593373493673275,False,0.09610364586114883,0.0017229827353730798,0.0009192452998831868,0.0020940580870956182,0.0068389298394322395,0.0012088674120604992,0.8867815136909485,0.0014479795936495066,0.002882828935980797
TGTATGCTCATGGT-1,1,B cells,B cells,True,True,0.9994637370109558,0.0024588084770278324,False,0.0002920909319072962,0.9994637370109558,1.8905437173089013e-05,5.734818842029199e-05,3.713207843247801e-05,2.6107225494342856e-05,4.7046814870554954e-05,2.1121761164977215e-05,3.6514102248474956e-05
TGTATGCTGTAGGG-1,6,Activated/transitional T cells,Cytotoxic CD8 T cells,True,False,0.9056717753410339,0.19333335340478713,False,0.014683696441352367,0.00191410887055099,0.0004149564483668655,0.00101196498144418,0.9056717753410339,0.0005182975437492132,0.05033808574080467,0.0006687493878416717,0.024778442457318306
TGTATGCTTTCATC-1,7,Naive/resting T cells,Activated/transitional T cells,True,False,0.4961443245410919,0.4543042853137331,True,0.4961443245410919,0.004923651926219463,0.0026900784578174353,0.005964905023574829,0.013675586320459843,0.0035802964121103287,0.4361618757247925,0.005429823417216539,0.031429484486579895
TGTCAGGAATACCG-1,7,Naive/resting T cells,Activated/transitional T cells,True,False,0.992617666721344,0.024463583196463756,False,0.992617666721344,0.00030859303660690784,0.00026659067953005433,0.0003736049111466855,0.0007252652430906892,0.00021205224038567394,0.004498894326388836,0.00021457251568790525,0.0007828059606254101
TGTCAGGAGATGAA-1,4,CD16+ non-classical monocytes,CD16+ non-classical monocytes,True,True,0.9696508049964905,0.07387154487006796,False,0.000739151262678206,0.0008923636632971466,0.9696508049964905,0.024130070582032204,0.0007547622080892324,0.0006322379922494292,0.0022361150477081537,0.0007273441297002137,0.00023716659052297473
TGTCTAACCCCTTG-1,7,Naive/resting T cells,Activated/transitional T cells,True,False,0.852074146270752,0.24442774580883264,False,0.852074146270752,0.0092218779027462,0.0004488948325160891,0.001001130323857069,0.020395779982209206,0.0006089942762628198,0.00159715604968369,0.0007597546209581196,0.11389223486185074
TGTGACGATTCTCA-1,0,Cytotoxic CD8 T cells,Cytotoxic CD8 T cells,True,True,0.9959455132484436,0.014469141358109385,False,0.0006781366537325084,0.00012735505879390985,9.582682832842693e-05,0.00014951452612876892,0.9959455132484436,9.22350591281429e-05,0.002438852097839117,0.0003098938032053411,0.0001626196753932163
TGTGAGACTGTCAG-1,4,CD16+ non-classical monocytes,CD16+ non-classical monocytes,True,True,0.9758988618850708,0.058640400985375464,False,0.0009613787988200784,0.0006473199464380741,0.9758988618850708,0.02090049721300602,0.00033067859476432204,0.0001802386686904356,0.00042984492029063404,0.0003016110567841679,0.00034953508293256164
TGTGAGACTTGAGC-1,2,IL7R+ memory/helper T cells,Activated/transitional T cells,True,False,0.6019165515899658,0.3781916265495135,False,0.6019165515899658,0.0037982279900461435,0.002515607513487339,0.005342579912394285,0.006740228738635778,0.0027073316741734743,0.3690411448478699,0.003008979605510831,0.004929345566779375
TGTGAGTGACCACA-1,7,Naive/resting T cells,Activated/transitional T cells,True,False,0.9872220158576965,0.04129918267884596,False,0.9872220158576965,0.0009192819707095623,0.0005527104949578643,0.001079590991139412,0.0014584691962227225,0.0006544878706336021,0.005301961675286293,0.0006185962120071054,0.0021928506903350353
TGTGAGTGAGTGCT-1,4,CD16+ non-classical monocytes,CD16+ non-classical monocytes,True,True,0.9893494844436646,0.030093173680319402,False,0.0002784498792607337,0.00018865871243178844,0.9893494844436646,0.009123762138187885,0.00018741439271252602,0.00010989305883413181,0.00048116646939888597,0.00015836799866519868,0.00012277287896722555
TGTGAGTGGAGATA-1,0,Cytotoxic CD8 T cells,Cytotoxic CD8 T cells,True,True,0.9663988947868347,0.08683827895967032,False,0.017227904871106148,0.0007242719293572009,0.0004904612433165312,0.0008560565183870494,0.9663988947868347,0.0005035559879615903,0.0012401287676766515,0.002111877081915736,0.010446891188621521
TGTGATCTCTCTAT-1,1,B cells,B cells,True,True,0.9984306693077087,0.006183735893217393,False,0.0010607889853417873,0.9984306693077087,3.323732744320296e-05,5.618025898002088e-05,6.438131822505966e-05,4.0291874029207975e-05,0.0001660269481362775,3.319082679809071e-05,0.00011522934073582292
TGTGATCTGACACT-1,6,Activated/transitional T cells,Cytotoxic CD8 T cells,True,False,0.6399985551834106,0.44424735360699125,False,0.28401750326156616,0.009403319098055363,0.004852562677115202,0.011788902804255486,0.6399985551834106,0.006147478241473436,0.024109628051519394,0.006485715974122286,0.01319637056440115
TGTGGATGGCCAAT-1,1,B cells,B cells,True,True,0.9989832043647766,0.00415403768994117,False,0.0007444840739481151,0.9989832043647766,2.0553932699840516e-05,4.5683333155466244e-05,5.775873069069348e-05,2.9384364097495563e-05,4.621077096089721e-05,2.4485381800332107e-05,4.81585411762353e-05
TGTTAAGACAAAGA-1,3,Classical monocytes,Classical monocytes,True,True,0.9984601736068726,0.00625418603501422,False,0.0004476928152143955,0.000127492516185157,3.667888813652098e-05,0.9984601736068726,7.420314068440348e-05,0.0007275040843524039,4.7733519750181586e-05,3.300928801763803e-05,4.550869562081061e-05
TGTTAAGATAAGGA-1,3,Classical monocytes,Classical monocytes,True,True,0.9994022846221924,0.0028062491701704934,False,0.00011359756172169,2.739897718129214e-05,0.00016475722077302635,0.9994022846221924,3.8626447349088266e-05,0.00011700631148414686,5.2071984100621194e-05,3.560668483260088e-05,4.869136682827957e-05
TGTTACACCGCATA-1,4,CD16+ non-classical monocytes,CD16+ non-classical monocytes,True,True,0.9911017417907715,0.028787328545707636,False,0.0008220789022743702,0.00046040271990932524,0.9911017417907715,0.005394048523157835,0.00046980404295027256,0.00021469091007020324,0.0008900515385903418,0.0004029076371807605,0.00024422345450147986
TGTTACACGACTAC-1,4,CD16+ non-classical monocytes,Classical monocytes,True,False,0.9432596564292908,0.13698692982527452,False,0.006991607137024403,0.002133360132575035,0.03223399817943573,0.9432596564292908,0.004000057931989431,0.0012997672893106937,0.004009413532912731,0.004462097771465778,0.001610039034858346
TGTTACTGGCTACA-1,0,Cytotoxic CD8 T cells,Cytotoxic CD8 T cells,True,True,0.9988247752189636,0.005010537284385425,False,0.0002606674679554999,9.753483027452603e-05,3.5485187254380435e-05,4.998637814424001e-05,0.9988247752189636,3.099589594057761e-05,0.0005214237025938928,0.00011750324483728036,6.166152161313221e-05
TGTTACTGTAGTCG-1,0,Cytotoxic CD8 T cells,Cytotoxic CD8 T cells,True,True,0.9955335855484009,0.01604623638036054,False,0.0021416419185698032,0.00011353973968653008,9.251310984836891e-05,0.00012260930088814348,0.9955335855484009,0.00043607596307992935,0.00045056192902848125,0.0010439555626362562,6.546238000737503e-05
TTAACCACCGTAAC-1,2,IL7R+ memory/helper T cells,IL7R+ memory/helper T cells,True,True,0.8112013339996338,0.2817557241220601,False,0.15281641483306885,0.0020404676906764507,0.0013395012356340885,0.0026285818312317133,0.024537133052945137,0.0015073003014549613,0.8112013339996338,0.0015300574013963342,0.002399228513240814
TTAACCACTAAGGA-1,0,Cytotoxic CD8 T cells,Cytotoxic CD8 T cells,True,True,0.9459007382392883,0.12692253290040612,False,0.03084849938750267,0.0008937131497077644,0.0005006573046557605,0.002644800813868642,0.9459007382392883,0.0005682081100530922,0.0018443085718899965,0.003558963304385543,0.013240131549537182
TTAACCACTCAGAC-1,0,Cytotoxic CD8 T cells,Cytotoxic CD8 T cells,True,True,0.9942184686660767,0.019220555822507604,False,0.003499273443594575,0.00012229770072735846,7.667806494282559e-05,0.0001685451716184616,0.9942184686660767,8.899520616978407e-05,0.0015131861437112093,0.00019498214533086866,0.0001175428187707439
TTACACACGTGTTG-1,2,IL7R+ memory/helper T cells,IL7R+ memory/helper T cells,True,True,0.6566228270530701,0.4359443660252204,False,0.2669328451156616,0.008099569007754326,0.0049452283419668674,0.012420051731169224,0.010568736121058464,0.005895964801311493,0.6566228270530701,0.0052983942441642284,0.029216429218649864
TTACACACTCCTAT-1,7,Naive/resting T cells,Activated/transitional T cells,True,False,0.9923950433731079,0.02634456814653662,False,0.9923950433731079,0.00074366619810462,0.00028085950179956853,0.0005591569934040308,0.000731315347366035,0.0003107470693066716,0.0016680151456966996,0.0003417122643440962,0.002969532972201705
TTACCATGAATCGC-1,3,Classical monocytes,Classical monocytes,True,True,0.9793294668197632,0.055835343477194335,False,0.001209178240969777,0.0004245546006131917,0.015139853581786156,0.9793294668197632,0.001195077900774777,0.00032599479891359806,0.0013020357582718134,0.0006643590168096125,0.00040951816481538117
TTACCATGGTTGAC-1,2,IL7R+ memory/helper T cells,Activated/transitional T cells,True,False,0.8593232035636902,0.20962875747061252,False,0.8593232035636902,0.007074604742228985,0.0003746623988263309,0.0008335174061357975,0.0009629516862332821,0.0005122078000567853,0.1293056458234787,0.0004775908892042935,0.0011356188915669918
TTACCATGTGTCTT-1,0,Cytotoxic CD8 T cells,NK cells,True,False,0.8155456781387329,0.2525791214119642,False,0.005642187315970659,0.0027404744178056717,0.0006018042913638055,0.00148413993883878,0.16950693726539612,0.0007463798974640667,0.0028130689170211554,0.8155456781387329,0.0009193859295919538
TTACCATGTTGTGG-1,1,B cells,B cells,True,True,0.999251663684845,0.003227659510480243,False,0.000494192005135119,0.999251663684845,2.501096787455026e-05,4.178701783530414e-05,3.419441782170907e-05,2.540984860388562e-05,5.090033300803043e-05,2.0107709133299068e-05,5.668695303029381e-05
TTACGACTGAGAGC-1,2,IL7R+ memory/helper T cells,IL7R+ memory/helper T cells,True,True,0.9869268536567688,0.03813331397837279,False,0.009533079341053963,0.0004799310408998281,0.00025284316507168114,0.0004897068138234317,0.001082896371372044,0.0003013965324498713,0.9869268536567688,0.0003198051417712122,0.0006134481518529356
TTACGACTTGACAC-1,3,Classical monocytes,Classical monocytes,True,True,0.9989511966705322,0.00441845759315811,False,0.0006391220376826823,3.8563015550607815e-05,7.942094089230523e-05,0.9989511966705322,5.299250551615842e-05,3.3788066502893344e-05,0.00010829125676536933,5.3043368097860366e-05,4.349555820226669e-05
TTACGTACGTTCAG-1,8,Platelets,Activated/transitional T cells,False,False,0.41906628012657166,0.6670643609911296,True,0.41906628012657166,0.01003644336014986,0.011560940183699131,0.19773782789707184,0.2540349066257477,0.0071595837362110615,0.01529675256460905,0.0077161337248981,0.07739114761352539
TTACTCGAAGAATG-1,3,Classical monocytes,Classical monocytes,True,True,0.9985805749893188,0.0061165904923985845,False,0.00014269043458625674,0.00021389078756328672,0.0004296070255804807,0.9985805749893188,7.294882379937917e-05,0.00011781423381762579,0.0002172267559217289,6.413964001694694e-05,0.00016116879123728722
TTACTCGACGCAAT-1,3,Classical monocytes,Classical monocytes,True,True,0.9975504279136658,0.009953065245371782,False,0.0003096847212873399,0.00043303167331032455,0.0003415346145629883,0.9975504279136658,0.00037721943226642907,0.00012731770402751863,0.0006315893260762095,0.00014513717906083912,8.41153523651883e-05
TTACTCGAGGGTGA-1,2,IL7R+ memory/helper T cells,Activated/transitional T cells,True,False,0.9694786667823792,0.08008799165388703,False,0.9694786667823792,0.001493886229582131,0.0008012051112018526,0.0016812134999781847,0.002419152995571494,0.000974741589743644,0.01998502016067505,0.0010313267121091485,0.0021347596775740385
TTACTCGATCTACT-1,5,NK cells,NK cells,True,True,0.9402464628219604,0.13635245225984183,False,0.0034304712899029255,0.002465765457600355,0.0014337229076772928,0.002263760194182396,0.03941931203007698,0.0011994126252830029,0.007951105944812298,0.9402464628219604,0.0015899603022262454
TTAGAATGTGGTGT-1,2,IL7R+ memory/helper T cells,Activated/transitional T cells,True,False,0.981238603591919,0.05175719482958495,False,0.981238603591919,0.0013073489535599947,0.00029061935492791235,0.0009345518192276359,0.0010128151625394821,0.00040346579044125974,0.01358179934322834,0.00043703423580154777,0.0007936950423754752
TTAGAATGTGTAGC-1,6,Activated/transitional T cells,Activated/transitional T cells,True,True,0.7658777832984924,0.4458262578536836,False,0.7658777832984924,0.021931054070591927,0.007231123745441437,0.022897403687238693,0.024626491591334343,0.04610586538910866,0.030836032703518867,0.008080028928816319,0.07241424918174744
TTAGACCTCCTACC-1,7,Naive/resting T cells,Activated/transitional T cells,True,False,0.9966519474983215,0.013182141675396533,False,0.9966519474983215,0.0003111370897386223,0.0001919693750096485,0.0003700207744259387,0.0005677275476045907,0.00021621646010316908,0.0007235789089463651,0.00022746458125766367,0.0007399173337034881
TTAGACCTCCTTTA-1,3,Classical monocytes,Classical monocytes,True,True,0.9992809891700745,0.003278472107237989,False,0.0001370723475702107,9.412816143594682e-05,0.0002683994534891099,0.9992809891700745,4.165451537119225e-05,3.039808689209167e-05,7.840610487619415e-05,3.498224396025762e-05,3.39486614393536e-05
TTAGCTACAACCGT-1,7,Naive/resting T cells,Naive/resting T cells,True,True,0.8922605514526367,0.18431248776564318,False,0.09402760118246078,0.0015304191038012505,0.0004602546105161309,0.0012819365365430713,0.004052371717989445,0.0005310685373842716,0.004938261117786169,0.0009175690938718617,0.8922605514526367
TTAGCTACTGTCCC-1,4,CD16+ non-classical monocytes,Classical monocytes,True,False,0.5260640382766724,0.3493752073992328,False,0.0021320541854947805,0.0018997591687366366,0.46241867542266846,0.5260640382766724,0.0014101684791967273,0.0009764537680894136,0.0027635153383016586,0.0011300814803689718,0.0012052352540194988
TTAGCTACTTTCGT-1,2,IL7R+ memory/helper T cells,IL7R+ memory/helper T cells,True,True,0.9075056314468384,0.1806847663840148,False,0.06562197208404541,0.001460038940422237,0.0011119780829176307,0.0018213973380625248,0.017750734463334084,0.0010016591986641288,0.9075056314468384,0.0011219670996069908,0.0026046507991850376
TTAGGGACGCGAAG-1,0,Cytotoxic CD8 T cells,Cytotoxic CD8 T cells,True,True,0.9960629343986511,0.014650770021795535,False,0.0007069700513966382,0.001320329844020307,5.0206988817080855e-05,0.00010085982648888603,0.9960629343986511,5.624294499284588e-05,0.0010617042426019907,0.00023629714269191027,0.0004044972301926464
TTAGGGTGCTGGAT-1,1,B cells,B cells,True,True,0.9993072748184204,0.0030897911441465638,False,0.000359703553840518,0.9993072748184204,1.8536589777795598e-05,3.478535290923901e-05,4.849128163186833e-05,2.2642385374638252e-05,7.470686978194863e-05,2.0687028154497966e-05,0.00011312580318190157
TTAGGGTGTCCTGC-1,3,Classical monocytes,Classical monocytes,True,True,0.9897401332855225,0.030492082860646526,False,0.00040577672189101577,0.0001973680773517117,0.007865309715270996,0.9897401332855225,0.0007665314478799701,0.0004443349316716194,0.0003264079277869314,0.00012926777708344162,0.0001248643093276769
TTAGGTCTACTTTC-1,3,Classical monocytes,Classical monocytes,True,True,0.9995620846748352,0.002114244181717795,False,0.00015388664905913174,2.8005792046315037e-05,6.85581035213545e-05,0.9995620846748352,4.016295133624226e-05,3.849239874398336e-05,4.993800394004211e-05,2.5576768166502006e-05,3.324688441352919e-05
TTAGTCACCAGTTG-1,2,IL7R+ memory/helper T cells,IL7R+ memory/helper T cells,True,True,0.9926552772521973,0.02402941740672948,False,0.004837109241634607,0.00033066392643377185,0.00017762015340849757,0.00040227617137134075,0.0006456279079429805,0.0002445558784529567,0.9926552772521973,0.000248714757617563,0.0004581305547617376
TTAGTCTGAAAGCA-1,1,B cells,B cells,True,True,0.9992337226867676,0.003394872822171132,False,0.00011759776680264622,0.9992337226867676,2.2804522814112715e-05,4.376716606202535e-05,4.3946929508820176e-05,2.9286249628057703e-05,0.0003931526152882725,3.203350934199989e-05,8.364066889043897e-05
TTAGTCTGCCAACA-1,5,NK cells,NK cells,True,True,0.9926631450653076,0.02495420706930299,False,0.0005511174676939845,0.0017428376013413072,0.00022842781618237495,0.00023596112441737205,0.003374297870323062,0.00012793905625585467,0.0006556326407007873,0.9926631450653076,0.00042069636401720345
TTAGTCTGTGCACA-1,2,IL7R+ memory/helper T cells,IL7R+ memory/helper T cells,True,True,0.7549256086349487,0.36516932389838014,False,0.1838812232017517,0.005248922389000654,0.0029098435770720243,0.006295451894402504,0.01604645885527134,0.016716329380869865,0.7549256086349487,0.0035203066654503345,0.010455895215272903
TTATCCGACTAGTG-1,1,B cells,B cells,True,True,0.9988130331039429,0.004773210502159998,False,0.0008489646133966744,0.9988130331039429,2.1126194042153656e-05,6.662640225840732e-05,7.01142635080032e-05,2.1651085262419656e-05,0.00010158063378185034,1.858603354776278e-05,3.838630436803214e-05
TTATCCGAGAAAGT-1,3,Classical monocytes,Classical monocytes,True,True,0.9774481654167175,0.057515271905387334,False,0.0008283750503323972,0.0016198022058233619,0.018126389011740685,0.9774481654167175,0.0003089819510933012,0.0002102826110785827,0.0009391124476678669,0.0003096495056524873,0.00020921602845191956
TTATGAGAGATAAG-1,6,Activated/transitional T cells,Activated/transitional T cells,True,True,0.9520028233528137,0.1181664313708882,False,0.9520028233528137,0.016758084297180176,0.0007163414848037064,0.0016803655307739973,0.021181872114539146,0.0009508562507107854,0.0037755079101771116,0.0010772302048280835,0.001856909366324544
TTATGCACGTCACA-1,1,B cells,B cells,True,True,0.9984782338142395,0.005950263965455672,False,0.0011092339409515262,0.9984782338142395,4.174977584625594e-05,6.955440039746463e-05,7.078467751853168e-05,4.492097650654614e-05,7.702304719714448e-05,4.2739724449347705e-05,6.581110210390761e-05
TTATGGCTTATGGC-1,3,Classical monocytes,Classical monocytes,True,True,0.992142915725708,0.02759775848635574,False,0.0008718737517483532,0.0016416358994320035,0.0015811823541298509,0.992142915725708,0.0005342359654605389,0.00043406427721492946,0.002052377676591277,0.000350508518749848,0.00039121240843087435
TTATTCCTATGCTG-1,3,Classical monocytes,Classical monocytes,True,True,0.9834271669387817,0.04523022437303778,False,0.0006615574238821864,0.0004220071714371443,0.013081354089081287,0.9834271669387817,0.0006544507923536003,0.00019037321908399463,0.0008413297473452985,0.0002953939838334918,0.00042637839214876294
TTATTCCTGGACAG-1,1,B cells,B cells,True,True,0.9990027546882629,0.004191472445855726,False,0.0006108126253820956,0.9990027546882629,2.0231385860824957e-05,3.721298708114773e-05,9.192383731715381e-05,2.2995976905804127e-05,6.013112943037413e-05,1.935825821419712e-05,0.00013460034097079188
TTATTCCTGGTACT-1,1,B cells,B cells,True,True,0.9988769888877869,0.004642599415203959,False,0.0007297096308320761,0.9988769888877869,2.9805529266013764e-05,5.805199180031195e-05,0.00011906713189091533,4.224173608236015e-05,5.4140447900863364e-05,3.350320548634045e-05,5.6494754971936345e-05
TTATTCCTTCGTGA-1,2,IL7R+ memory/helper T cells,IL7R+ memory/helper T cells,True,True,0.9610460996627808,0.08517293091138364,False,0.03441954776644707,0.0005725430091843009,0.00046780789853073657,0.0007651345222257078,0.0007350441883318126,0.00040953877032734454,0.9610460996627808,0.0004340703890193254,0.0011502301786094904
TTCAAAGATAAAGG-1,0,Cytotoxic CD8 T cells,Cytotoxic CD8 T cells,True,True,0.9879702925682068,0.03600725280491181,False,0.008006494492292404,0.0004864318761974573,0.0001899995986605063,0.0003931289247702807,0.9879702925682068,0.00021675389143638313,0.0019970987923443317,0.00034177102497778833,0.00039795006159693
TTCAACACAACAGA-1,2,IL7R+ memory/helper T cells,Activated/transitional T cells,True,False,0.9522356986999512,0.1020408041468218,False,0.9522356986999512,0.0007468393887393177,0.0004019823099952191,0.002155391266569495,0.000773368461523205,0.0005316996830515563,0.040762584656476974,0.0006699491641484201,0.0017225132323801517
TTCAACACCCCAAA-1,3,Classical monocytes,Classical monocytes,True,True,0.9926888346672058,0.022702898285120544,False,0.0005410786834545434,0.00015849541523493826,0.005735374521464109,0.9926888346672058,0.00016936264000833035,0.00011033478222088888,0.0002680134493857622,0.00017773377476260066,0.00015071473899297416
TTCAACACGGACGA-1,4,CD16+ non-classical monocytes,CD16+ non-classical monocytes,True,True,0.9333447813987732,0.12908304547555374,False,0.001807668129913509,0.0015483060851693153,0.9333447813987732,0.058608945459127426,0.0006933773402124643,0.000398394389776513,0.002371221547946334,0.0007522747037000954,0.0004750808293465525
TTCAAGCTAAGAAC-1,3,Classical monocytes,Classical monocytes,True,True,0.9976212382316589,0.009144918891773405,False,0.00017106614541262388,0.0003106414806097746,0.001394946244545281,0.9976212382316589,0.00012256599438842386,5.39086468052119e-05,0.00019755781977437437,7.567775173811242e-05,5.2367482567206025e-05
TTCAAGCTAGATGA-1,2,IL7R+ memory/helper T cells,Activated/transitional T cells,True,False,0.7939284443855286,0.26980388866135335,False,0.7939284443855286,0.0019835701677948236,0.001346415956504643,0.0023625176399946213,0.004092022776603699,0.0013535161269828677,0.19049927592277527,0.0013725290773436427,0.0030616838485002518
TTCAAGCTGTTGAC-1,2,IL7R+ memory/helper T cells,IL7R+ memory/helper T cells,True,True,0.5574122667312622,0.45674605916977323,False,0.12907978892326355,0.0019810711964964867,0.0007427869131788611,0.0014666422503069043,0.3057137429714203,0.0009090562234632671,0.5574122667312622,0.0008273160783573985,0.0018673127051442862
TTCAAGCTTGATGC-1,7,Naive/resting T cells,Activated/transitional T cells,True,False,0.4790687561035156,0.4241530350517984,True,0.4790687561035156,0.003942903596907854,0.0021594029385596514,0.004854877013713121,0.00981844775378704,0.00275493529625237,0.4720058739185333,0.002978873671963811,0.022415965795516968
TTCAAGCTTTCGCC-1,7,Naive/resting T cells,Activated/transitional T cells,True,False,0.9672305583953857,0.07859341534165094,False,0.9672305583953857,0.0006582211935892701,0.00031049406970851123,0.0007066863472573459,0.0017407600535079837,0.00039371298043988645,0.025949249044060707,0.0006928512593731284,0.0023174104280769825
TTCACAACCCGTTC-1,3,Classical monocytes,Classical monocytes,True,True,0.9972395896911621,0.010670729333248693,False,0.00021997143630869687,0.00026644027093425393,0.0013585285050794482,0.9972395896911621,0.00012668113049585372,0.00044171049376018345,0.0001636910455999896,6.981360638746992e-05,0.00011358926713000983
TTCACAACGTCTGA-1,4,CD16+ non-classical monocytes,CD16+ non-classical monocytes,True,True,0.8221257925033569,0.3228874875000919,False,0.016851088032126427,0.09963247925043106,0.8221257925033569,0.03752962872385979,0.0056574237532913685,0.003143452340736985,0.006842409260571003,0.004088240675628185,0.004129476845264435
TTCAGACTACCCAA-1,6,Activated/transitional T cells,Activated/transitional T cells,True,True,0.9058045744895935,0.20663193488560058,False,0.9058045744895935,0.004460386466234922,0.001582433469593525,0.007550058886408806,0.013078617863357067,0.013191977515816689,0.048917293548583984,0.001853457884863019,0.00356118381023407
TTCAGACTCTCGAA-1,2,IL7R+ memory/helper T cells,Activated/transitional T cells,True,False,0.6893599033355713,0.3623635441748876,False,0.6893599033355713,0.00527731841430068,0.003183656372129917,0.005760517902672291,0.006044641602784395,0.0036416342481970787,0.27565494179725647,0.0051615675911307335,0.005915802903473377
TTCAGTACCGACTA-1,2,IL7R+ memory/helper T cells,IL7R+ memory/helper T cells,True,True,0.8155001997947693,0.24542568239988216,False,0.17365212738513947,0.001990544842556119,0.0008510532788932323,0.0014062817208468914,0.0020963160786777735,0.0007366014178842306,0.8155001997947693,0.0008570580394007266,0.0029097762890160084
TTCAGTACTCAAGC-1,2,IL7R+ memory/helper T cells,Activated/transitional T cells,True,False,0.7388694882392883,0.2956340921009072,False,0.7388694882392883,0.001760866609402001,0.0010742021258920431,0.002088850596919656,0.002978498814627528,0.0011485123541206121,0.24828028678894043,0.0012281123781576753,0.0025712039787322283
TTCAGTACTCCTAT-1,3,Classical monocytes,Classical monocytes,True,True,0.9995025396347046,0.0023334366526582633,False,0.00023678051366005093,3.250927693443373e-05,4.4315907871350646e-05,0.9995025396347046,3.955196007154882e-05,2.533141196181532e-05,4.806172728422098e-05,3.0428960599238053e-05,4.0477782022207975e-05
TTCAGTTGCCAAGT-1,2,IL7R+ memory/helper T cells,IL7R+ memory/helper T cells,True,True,0.9060283303260803,0.1829727926471577,False,0.07164639234542847,0.002136466559022665,0.0012715033954009414,0.003718860913068056,0.004628647118806839,0.001492802519351244,0.9060283303260803,0.0014984922017902136,0.007578488439321518
TTCAGTTGTCCTTA-1,3,Classical monocytes,Classical monocytes,True,True,0.992926299571991,0.024644446317578866,False,0.0014129652408882976,0.002130267908796668,0.000146735183079727,0.992926299571991,0.00018589087994769216,0.0011266671353951097,0.0016212800983339548,0.00017571987700648606,0.0002741619828157127
TTCAGTTGTCTAGG-1,6,Activated/transitional T cells,Cytotoxic CD8 T cells,True,False,0.6516352295875549,0.316941482038151,False,0.3406926989555359,0.0006788643659092486,0.0003766921581700444,0.001132439123466611,0.6516352295875549,0.00046342521090991795,0.002464176854118705,0.0004873059515375644,0.002069154055789113
TTCAGTTGTCTCGC-1,1,B cells,B cells,True,True,0.9964584708213806,0.012862337820123524,False,0.001336177927441895,0.9964584708213806,6.063598993932828e-05,9.90732223726809e-05,0.0015455506509169936,6.305662827799097e-05,0.0002811550220940262,5.68245850445237e-05,9.909429354593158e-05
TTCATCGAGGTGGA-1,3,Classical monocytes,Classical monocytes,True,True,0.9994457364082336,0.002594893290333072,False,0.00013620733807329088,7.697065302636474e-05,0.0001826696388889104,0.9994457364082336,4.2766780097736046e-05,2.0243212929926813e-05,4.294800237403251e-05,2.56964449363295e-05,2.6692770916270092e-05
TTCATGTGTGGTGT-1,2,IL7R+ memory/helper T cells,IL7R+ memory/helper T cells,True,True,0.9542489647865295,0.11161415117518043,False,0.022942770272493362,0.0006077830330468714,0.00034439523005858064,0.0007584402337670326,0.006116020027548075,0.001346823526546359,0.9542489647865295,0.000651111826300621,0.012983695603907108
TTCATTCTATGTCG-1,3,Classical monocytes,Classical monocytes,True,True,0.9987571239471436,0.005309223043819165,False,0.00013550488802138716,0.00032555137295275927,0.0004706305917352438,0.9987571239471436,5.837460412294604e-05,7.883657235652208e-05,9.201884677167982e-05,4.564147093333304e-05,3.633189044194296e-05
TTCATTCTTCTCTA-1,7,Naive/resting T cells,Activated/transitional T cells,True,False,0.9311307072639465,0.14811018143192076,False,0.9311307072639465,0.0025777050759643316,0.0015458856942132115,0.003192279487848282,0.0031695037614554167,0.0017356255557388067,0.003864060156047344,0.002239200985059142,0.05054505169391632
TTCCAAACCTATGG-1,3,Classical monocytes,Classical monocytes,True,True,0.9432538151741028,0.11807861932159987,False,0.003287834580987692,0.0006546772783622146,0.047558050602674484,0.9432538151741028,0.0007517840131185949,0.0012597860768437386,0.0011941579869017005,0.0008898793021216989,0.001149978837929666
TTCCAAACCTCCCA-1,1,B cells,B cells,True,True,0.9989151954650879,0.004653942467208255,False,0.00048416241770610213,0.9989151954650879,3.314618152217008e-05,5.231617615208961e-05,8.356833131983876e-05,3.4434644476277754e-05,0.00012287181743886322,2.938886609626934e-05,0.00024495195248164237
TTCCAAACTCCCAC-1,5,NK cells,NK cells,True,True,0.9786673188209534,0.05854804516921781,False,0.011092578060925007,0.0003978432505391538,0.00023870037693995982,0.0005679656169377267,0.007409533951431513,0.00016933769802562892,0.00048616359708830714,0.9786673188209534,0.0009705341653898358
TTCCAAACTTGACG-1,0,Cytotoxic CD8 T cells,Cytotoxic CD8 T cells,True,True,0.9925000071525574,0.02495525791134534,False,0.0036666684318333864,0.00024748253053985536,0.0001481547806179151,0.0003015973779838532,0.9925000071525574,0.0001357940345769748,0.0007022220524959266,0.002080675447359681,0.00021737191127613187
TTCCATGACGAGAG-1,3,Classical monocytes,Classical monocytes,True,True,0.9825665354728699,0.05090314934211867,False,0.0014838172355666757,0.001055838307365775,0.010677712969481945,0.9825665354728699,0.0009355417569167912,0.001725413603708148,0.0007479863124899566,0.00037474793498404324,0.0004323543980717659
TTCCATGACTGTCC-1,6,Activated/transitional T cells,Cytotoxic CD8 T cells,True,False,0.9053868055343628,0.1922182865593246,False,0.059153519570827484,0.0016823047772049904,0.0010134634794667363,0.0030336754862219095,0.9053868055343628,0.0010996406199410558,0.005615715403109789,0.001824627397581935,0.021190209314227104
TTCCCACTTGAGGG-1,5,NK cells,NK cells,True,True,0.9910913109779358,0.03076865398813546,False,0.0014121305430307984,0.000540474837180227,0.00029115681536495686,0.0007640889962203801,0.0029659161809831858,0.0009805713780224323,0.0012018658453598619,0.9910913109779358,0.0007524678367190063
TTCCCACTTGTCTT-1,3,Classical monocytes,Classical monocytes,True,True,0.9988783001899719,0.004855190313884879,False,0.00010267903417116031,0.00040657739737071097,0.00026869511930271983,0.9988783001899719,5.8829424233408645e-05,3.5110766475554556e-05,0.00016795647388789803,3.841943180304952e-05,4.347152207628824e-05
TTCCTAGAAAGTGA-1,7,Naive/resting T cells,Activated/transitional T cells,True,False,0.9945858716964722,0.019501597507075842,False,0.9945858716964722,0.0005882447585463524,0.00020025686535518616,0.0004955318290740252,0.0005291984416544437,0.00030141000752337277,0.0025095774326473475,0.0002497961977496743,0.0005401165690273046
TTCCTAGACTAGTG-1,4,CD16+ non-classical monocytes,CD16+ non-classical monocytes,True,True,0.9794419407844543,0.05568868059427925,False,0.0011516837403178215,0.0005037870723754168,0.9794419407844543,0.014640424400568008,0.0006104008643887937,0.00029465826810337603,0.0024863819126039743,0.0003812754002865404,0.000489477242808789
TTCGAGGACTCTAT-1,2,IL7R+ memory/helper T cells,IL7R+ memory/helper T cells,True,True,0.8962373733520508,0.18098772353194859,False,0.09037870913743973,0.0034378443378955126,0.0007468262920156121,0.0022830795496702194,0.0027780213858932257,0.0009775618091225624,0.8962373733520508,0.0013367747887969017,0.0018237526528537273
TTCGAGGAGGGCAA-1,2,IL7R+ memory/helper T cells,Cytotoxic CD8 T cells,True,False,0.8230270147323608,0.2684413717977668,False,0.03880668804049492,0.0011863693362101912,0.0005077295936644077,0.0010670447954908013,0.8230270147323608,0.0006124116480350494,0.13322237133979797,0.0008534453227184713,0.0007169359596446157
TTCGAGGATAGAAG-1,4,CD16+ non-classical monocytes,CD16+ non-classical monocytes,True,True,0.8974624276161194,0.238692066425944,False,0.021870767697691917,0.015856703743338585,0.8974624276161194,0.018588608130812645,0.006653466261923313,0.0032680511940270662,0.024155402556061745,0.006251697428524494,0.005892859771847725
TTCGATTGAGCATC-1,2,IL7R+ memory/helper T cells,Activated/transitional T cells,True,False,0.7459114193916321,0.27612106608975395,False,0.7459114193916321,0.0022990908473730087,0.0003807829925790429,0.0007627438171766698,0.00104595220182091,0.00041391392005607486,0.24789778888225555,0.0005178811261430383,0.0007704384042881429
TTCGGAGAATGCCA-1,3,Classical monocytes,Classical monocytes,True,True,0.9988270401954651,0.0051654867312696875,False,0.00015724201512057334,0.0003115518775302917,0.0002415662311250344,0.9988270401954651,0.00010084644600283355,7.986249693203717e-05,0.0001466740359319374,5.793482705485076e-05,7.727115735178813e-05
TTCGGAGATGTGCA-1,2,IL7R+ memory/helper T cells,Activated/transitional T cells,True,False,0.9040544033050537,0.17982959497406786,False,0.9040544033050537,0.003292605048045516,0.0007737540872767568,0.002358420519158244,0.006379625294357538,0.0020436218474060297,0.07755067944526672,0.000999716343358159,0.0025471162516623735
TTCGTATGAAAAGC-1,0,Cytotoxic CD8 T cells,Cytotoxic CD8 T cells,True,True,0.9773654937744141,0.06484416510775715,False,0.0037649364676326513,0.0019470748957246542,0.00048626205534674227,0.0006225014803931117,0.9773654937744141,0.0003903098695445806,0.0021396896336227655,0.011620861478149891,0.0016628464218229055
TTCGTATGGATAGA-1,0,Cytotoxic CD8 T cells,Cytotoxic CD8 T cells,True,True,0.9969622492790222,0.011728271787209534,False,0.0009636188042350113,0.00011300186451990157,0.00011888888548128307,0.00013453926658257842,0.9969622492790222,7.578385702800006e-05,0.0005518040852621198,0.0008868505246937275,0.00019320700084790587
TTCGTATGGTCTGA-1,7,Naive/resting T cells,Activated/transitional T cells,True,False,0.9546108245849609,0.10938819356453482,False,0.9546108245849609,0.0030803722329437733,0.0009670343133620918,0.00235623843036592,0.0026085313875228167,0.0012214367743581533,0.03085339441895485,0.0014493049820885062,0.0028529393021017313
TTCGTATGTCCTTA-1,3,Classical monocytes,Classical monocytes,True,True,0.9941126704216003,0.019812338526806864,False,0.00017817108891904354,0.002744996454566717,0.002224104478955269,0.9941126704216003,0.00014128541806712747,7.921018550405279e-05,0.00036735698813572526,8.511095074936748e-05,6.71080342726782e-05
TTCTACGAACGTAC-1,2,IL7R+ memory/helper T cells,Activated/transitional T cells,True,False,0.9590184092521667,0.10064894272217755,False,0.9590184092521667,0.0011153058148920536,0.0024693694431334734,0.0014330648118630052,0.0061783152632415295,0.0008000318193808198,0.026697997003793716,0.0007600939716212451,0.0015273899771273136
TTCTACGAGTTGGT-1,2,IL7R+ memory/helper T cells,IL7R+ memory/helper T cells,True,True,0.9158554077148438,0.16552375283348159,False,0.06655057519674301,0.004112385679036379,0.001138059189543128,0.002350491937249899,0.005012675654143095,0.0013096408220008016,0.9158554077148438,0.0015392941422760487,0.002131503773853183
TTCTAGTGACACGT-1,2,IL7R+ memory/helper T cells,IL7R+ memory/helper T cells,True,True,0.6557886004447937,0.37065141985102557,False,0.31079691648483276,0.009024973958730698,0.002397877164185047,0.004423914477229118,0.0071470364928245544,0.002453204710036516,0.6557886004447937,0.0025818024296313524,0.0053856647573411465
TTCTAGTGCATGAC-1,3,Classical monocytes,Classical monocytes,True,True,0.9990280866622925,0.004307404848924789,False,0.0001685754396021366,5.948323450866155e-05,0.00037593001616187394,0.9990280866622925,8.640706801088527e-05,3.762847336474806e-05,7.933385495562106e-05,6.544891220983118e-05,9.908092761179432e-05
TTCTAGTGGAGAGC-1,5,NK cells,NK cells,True,True,0.9696670174598694,0.07521127688638572,False,0.007958096452057362,0.00022755305690225214,0.00022088624245952815,0.0006871494697406888,0.019787676632404327,0.00016875799337867647,0.0011028230655938387,0.9696670174598694,0.00018000723503064364
TTCTAGTGGTCACA-1,3,Classical monocytes,CD16+ non-classical monocytes,True,False,0.9056555032730103,0.16279958038724093,False,0.0013228500029072165,0.005157130770385265,0.9056555032730103,0.08473081141710281,0.0005854429327882826,0.000436051981523633,0.0011129309423267841,0.0005621474119834602,0.0004371462273411453
TTCTCAGAAGAGAT-1,2,IL7R+ memory/helper T cells,Activated/transitional T cells,True,False,0.8923866748809814,0.20295755194155887,False,0.8923866748809814,0.007093291264027357,0.0015077749267220497,0.004156443290412426,0.004285429138690233,0.0016998167848214507,0.08226953446865082,0.0017477406654506922,0.004853302612900734
TTCTCAGAAGCATC-1,1,B cells,B cells,True,True,0.9990050196647644,0.004241892172231449,False,0.00031436208519153297,0.9990050196647644,2.049526847258676e-05,3.368744000908919e-05,0.000441952608525753,2.1869593183510005e-05,8.765357779338956e-05,1.9630904716905206e-05,5.53260360902641e-05
TTCTCAGATGGAGG-1,2,IL7R+ memory/helper T cells,IL7R+ memory/helper T cells,True,True,0.9536194801330566,0.11178239455319482,False,0.030774464830756187,0.0033970128279179335,0.0006459600990638137,0.001550982240587473,0.0032441120129078627,0.0029321780893951654,0.9536194801330566,0.0008865728741511703,0.0029492208268493414
TTCTGATGGAGACG-1,5,NK cells,NK cells,True,True,0.9983452558517456,0.0069867248110438394,False,0.000318780483212322,0.0002095689851557836,7.209391333162785e-05,0.00010426648805150762,0.0003698697837535292,5.214445627643727e-05,0.0004009327676612884,0.9983452558517456,0.0001270502689294517
TTCTTACTCTGGAT-1,4,CD16+ non-classical monocytes,CD16+ non-classical monocytes,True,True,0.9909096360206604,0.028585520726599006,False,0.0008034741622395813,0.0004901610082015395,0.9909096360206604,0.0061102076433598995,0.00045270376722328365,0.00013043022772762924,0.0007152240723371506,0.00020835158647969365,0.00017985231534112245
TTGAACCTCCTTGC-1,1,B cells,B cells,True,True,0.9990826845169067,0.003959875588606165,False,0.0004939580685459077,0.9990826845169067,2.0056335415574722e-05,4.278501364751719e-05,0.00012232648441568017,2.7992839022772387e-05,7.890304550528526e-05,2.329946255485993e-05,0.0001080157671822235
TTGAATGAACTACG-1,4,CD16+ non-classical monocytes,CD16+ non-classical monocytes,True,True,0.9893434047698975,0.030513858021954148,False,0.0004205083823762834,0.00026603840524330735,0.9893434047698975,0.008909105323255062,0.0002057148376479745,0.0001463605440221727,0.00033248108229599893,0.00017876463243737817,0.00019768730271607637
TTGAATGACTTACT-1,7,Naive/resting T cells,Activated/transitional T cells,True,False,0.9974465370178223,0.010296536843013574,False,0.9974465370178223,0.000208110039238818,0.0001046407051035203,0.00024209522234741598,0.0004984949482604861,0.0001506892149336636,0.0006838313420303166,0.00015868029731791466,0.0005069261533208191
TTGAATGATCTCAT-1,1,B cells,B cells,True,True,0.9982107877731323,0.0069926278184829814,False,0.0010631908662617207,0.9982107877731323,2.5328028641524725e-05,0.00039858213858678937,5.511570634553209e-05,3.812804789049551e-05,0.0001038422342389822,3.459868094068952e-05,7.042679499136284e-05
TTGACACTCTGTAG-1,2,IL7R+ memory/helper T cells,Activated/transitional T cells,True,False,0.6174361705780029,0.4039025588342073,False,0.6174361705780029,0.0014588672202080488,0.0008943129214458168,0.0017349609406664968,0.3145402669906616,0.0009822873398661613,0.058708325028419495,0.00136925361584872,0.002875560661777854
TTGACACTGATAAG-1,1,B cells,B cells,True,True,0.998753547668457,0.005345101700808595,False,0.0005300393095239997,0.998753547668457,4.70386803499423e-05,9.75730872596614e-05,0.00012912189413327724,6.448166095651686e-05,0.00018932433158624917,5.113407678436488e-05,0.0001377313892589882
TTGAGGACAGAACA-1,3,Classical monocytes,Classical monocytes,True,True,0.9995786547660828,0.0020670342012206228,False,8.90115843503736e-05,3.181506326654926e-05,8.022713882382959e-05,0.9995786547660828,5.7539848057786e-05,3.79747616534587e-05,4.639463440980762e-05,2.9878137866035104e-05,4.849154720432125e-05
TTGAGGACTACGCA-1,3,Classical monocytes,Classical monocytes,True,True,0.9969068169593811,0.012183757204290472,False,0.000751966261304915,0.0006130639230832458,0.00043894696864299476,0.9969068169593811,0.0001560941309435293,0.00018678743799682707,0.000656450167298317,0.00014586973702535033,0.0001439896150259301
TTGAGGTGGACGGA-1,7,Naive/resting T cells,Activated/transitional T cells,True,False,0.9801881313323975,0.05788758313914194,False,0.9801881313323975,0.0007163031259551644,0.00037968630203977227,0.0008496617083437741,0.00672556459903717,0.0005004861741326749,0.007693665102124214,0.0004934776807203889,0.0024529744405299425
TTGCATTGAGCTAC-1,0,Cytotoxic CD8 T cells,Cytotoxic CD8 T cells,True,True,0.9551599025726318,0.11355088436071296,False,0.01964421011507511,0.0025810094084590673,0.000597911886870861,0.0012378322426229715,0.9551599025726318,0.0007478961488232017,0.0034963409416377544,0.002712911693379283,0.01382194273173809
TTGCATTGCTAAGC-1,3,Classical monocytes,Classical monocytes,True,True,0.9996039271354675,0.0019415118560794846,False,6.140622281236574e-05,5.084931763121858e-05,9.994779975386336e-05,0.9996039271354675,3.9216825825860724e-05,2.0452145690796897e-05,7.713532977504656e-05,2.6802224965649657e-05,2.0340416085673496e-05
TTGCATTGTGACTG-1,2,IL7R+ memory/helper T cells,IL7R+ memory/helper T cells,True,True,0.9510256052017212,0.09939509734833915,False,0.04453962296247482,0.0004491728905122727,0.00040173137676902115,0.0007359303999692202,0.0013430918334051967,0.0003096280852332711,0.9510256052017212,0.00034657263313420117,0.0008485743892379105
TTGCTAACACCAAC-1,0,Cytotoxic CD8 T cells,Cytotoxic CD8 T cells,True,True,0.9907459020614624,0.026967249600146515,False,0.007746146526187658,0.00011802257358795032,9.426609904039651e-05,0.0001340415037702769,0.9907459020614624,7.324331818381324e-05,0.0005391016602516174,0.00024357436632271856,0.0003056663554161787
TTGCTAACACGCTA-1,4,CD16+ non-classical monocytes,CD16+ non-classical monocytes,True,True,0.9257409572601318,0.13907696950359497,False,0.0030480478890240192,0.0007569108856841922,0.9257409572601318,0.06585630029439926,0.0010443910723552108,0.0005957907414995134,0.0013242168352007866,0.0010624330025166273,0.0005709535907953978
TTGCTAACCACTCC-1,7,Naive/resting T cells,Activated/transitional T cells,True,False,0.9990649819374084,0.004157765600331846,False,0.9990649819374084,7.435473526129499e-05,3.845513128908351e-05,8.732116839382797e-05,0.00014294478751253337,5.0064674724126235e-05,0.00037106452509760857,6.336612568702549e-05,0.00010748269414762035
TTGCTATGGTACGT-1,3,Classical monocytes,Classical monocytes,True,True,0.9563094973564148,0.08603904129122165,False,0.00027319963555783033,0.00018055240798275918,0.04213644564151764,0.9563094973564148,0.00028225203277543187,0.000107125575596001,0.0004499114293139428,0.00013132560707163066,0.00012968835653737187
TTGCTATGGTAGGG-1,4,CD16+ non-classical monocytes,CD16+ non-classical monocytes,True,True,0.9941766262054443,0.02136874711800456,False,0.0008730196859687567,0.0008756344905123115,0.9941766262054443,0.0014575973618775606,0.00044036220060661435,0.00020091078476980329,0.0010966799454763532,0.0006140616023913026,0.0002650609239935875
TTGGAGACCAATCG-1,2,IL7R+ memory/helper T cells,IL7R+ memory/helper T cells,True,True,0.8290849924087524,0.28321664762809867,False,0.12684805691242218,0.009181204251945019,0.0014826644910499454,0.003741858759894967,0.020834101364016533,0.0019479641923680902,0.8290849924087524,0.0021662528160959482,0.00471293181180954
TTGGAGACGCTATG-1,3,Classical monocytes,Classical monocytes,True,True,0.9993545413017273,0.00299859928861265,False,0.0002173140674130991,4.023219662485644e-05,9.740635869093239e-05,0.9993545413017273,4.7629746404709294e-05,5.4307431128108874e-05,0.000112997877295129,3.600761556299403e-05,3.9540820580441505e-05
TTGGAGACTATGGC-1,1,B cells,B cells,True,True,0.9982873797416687,0.0069230523382487535,False,0.0009472650708630681,0.9982873797416687,8.125373278744519e-05,0.000143095719977282,0.00013018543540965766,6.421988655347377e-05,0.00020725354261230677,5.783911547041498e-05,8.143526065396145e-05
TTGGGAACTGAACC-1,7,Naive/resting T cells,Activated/transitional T cells,True,False,0.9872592091560364,0.03895431862707609,False,0.9872592091560364,0.0011325140949338675,0.0003464536275714636,0.0005523787694983184,0.0008942368440330029,0.0003169368428643793,0.007852784357964993,0.00039438801468349993,0.00125117227435112
TTGGTACTACTGGT-1,3,Classical monocytes,Classical monocytes,True,True,0.9712950587272644,0.07380936941316672,False,0.0020697759464383125,0.002078361576423049,0.02048634923994541,0.9712950587272644,0.0010658034589141607,0.0005193568067625165,0.0013416402507573366,0.0006959597812965512,0.0004476890026126057
TTGGTACTCTTAGG-1,7,Naive/resting T cells,Activated/transitional T cells,True,False,0.9757510423660278,0.06055409125283657,False,0.9757510423660278,0.0005008073057979345,0.0002829396689776331,0.0006227324483916163,0.0008842734387144446,0.0003435786929912865,0.0200132355093956,0.00034947850508615375,0.0012518439907580614
TTGGTACTGAATCC-1,1,B cells,B cells,True,True,0.998415470123291,0.005972489785061503,False,0.0012811474734917283,0.998415470123291,1.9274668375146575e-05,4.40820112999063e-05,8.001633250387385e-05,2.4090946681099012e-05,6.640853098360822e-05,1.8671140423975885e-05,5.08444536535535e-05
TTGGTACTGGATTC-1,1,B cells,B cells,True,True,0.9993740916252136,0.0027927946177092964,False,0.00036982676829211414,0.9993740916252136,1.7835376638686284e-05,3.3234038710361347e-05,4.789376907865517e-05,2.3106018488761038e-05,6.826365279266611e-05,1.8675757019082084e-05,4.70955201308243e-05
TTGTACACGTTGTG-1,1,B cells,B cells,True,True,0.9995397329330444,0.0021844807727667693,False,0.000186831210157834,0.9995397329330444,1.3905641935707536e-05,3.739122985280119e-05,5.115939347888343e-05,8.183250611182302e-05,4.252201324561611e-05,1.6863918062881567e-05,2.9743243430857547e-05
TTGTACACTTGCAG-1,2,IL7R+ memory/helper T cells,IL7R+ memory/helper T cells,True,True,0.8472660779953003,0.28546147291220814,False,0.09482326358556747,0.02220841310918331,0.0024258275516331196,0.007428775075823069,0.009227568283677101,0.0029774827416986227,0.8472660779953003,0.0045616477727890015,0.00908096507191658
TTGTAGCTAGCTCA-1,2,IL7R+ memory/helper T cells,Cytotoxic CD8 T cells,True,False,0.6557691097259521,0.40317617913440756,False,0.10573195666074753,0.000861925189383328,0.0004945887485519052,0.001032890286296606,0.6557691097259521,0.0006147140520624816,0.2340891808271408,0.0006528960657306015,0.0007527261041104794
TTGTAGCTCTCTTA-1,1,B cells,B cells,True,True,0.9995206594467163,0.002243296351425293,False,0.00023310045071411878,0.9995206594467163,1.8403072317596525e-05,3.3881082345033064e-05,6.254290929064155e-05,2.204185693699401e-05,3.915653360309079e-05,1.8032225852948613e-05,5.2197683544363827e-05
TTGTCATGGACGGA-1,5,NK cells,NK cells,True,True,0.9972345232963562,0.010330320172722243,False,0.0003005869220942259,7.681017450522631e-05,7.43712589610368e-05,0.00010359870066167787,0.001698693842627108,5.983197843306698e-05,0.00036596538848243654,0.9972345232963562,8.559663547202945e-05
TTTAGAGATCCTCG-1,1,B cells,B cells,True,True,0.9989849925041199,0.004382209068732018,False,0.0004686791799031198,0.9989849925041199,2.7434514777269214e-05,4.938038546242751e-05,5.372913074097596e-05,0.00019237288506701589,0.0001484745880588889,2.770886931102723e-05,4.717025512945838e-05
TTTAGCTGATACCG-1,7,Naive/resting T cells,Activated/transitional T cells,True,False,0.9922013282775879,0.027104697631963003,False,0.9922013282775879,0.0005836414056830108,0.0003429431817494333,0.0007679617847315967,0.0010413825511932373,0.0003929786034859717,0.0030673739966005087,0.00040006250492297113,0.001202286221086979
TTTAGCTGGATACC-1,3,Classical monocytes,Classical monocytes,True,True,0.9985195994377136,0.006170154392163192,False,0.00011607500346144661,8.516722300555557e-05,0.0001835665461840108,0.9985195994377136,0.0006681878585368395,4.7168563469313085e-05,0.0002731851127464324,5.8707097196020186e-05,4.833159255213104e-05
TTTAGCTGTACTCT-1,3,Classical monocytes,Classical monocytes,True,True,0.9705003499984741,0.06322440291341902,False,0.0002599046565592289,0.028537901118397713,0.00016216590302065015,0.9705003499984741,7.204665598692372e-05,7.287347398232669e-05,0.0002740147174336016,5.5347980378428474e-05,6.539148307638243e-05
TTTAGGCTCCTTTA-1,3,Classical monocytes,Classical monocytes,True,True,0.999360978603363,0.002917275695905942,False,0.0002781784860417247,3.220859434804879e-05,0.0001374570856569335,0.999360978603363,4.060809806105681e-05,3.1591196602676064e-05,5.759209307143465e-05,2.6704867195803672e-05,3.474233017186634e-05
TTTATCCTGTTGTG-1,3,Classical monocytes,CD16+ non-classical monocytes,True,False,0.6642294526100159,0.30970514766715207,False,0.0009613443980924785,0.0022872400004416704,0.6642294526100159,0.32943961024284363,0.0011299903271719813,0.00034861345193348825,0.0008924402063712478,0.0003959437308367342,0.0003153819707222283
TTTCACGAGGTTCA-1,7,Naive/resting T cells,Activated/transitional T cells,True,False,0.9744226932525635,0.06854221548703984,False,0.9744226932525635,0.003959766589105129,0.0009369630133733153,0.0009674588800407946,0.0010133140021935105,0.000554682919755578,0.016598043963313103,0.000573880854062736,0.0009731684694997966
TTTCAGTGGAAGGC-1,0,Cytotoxic CD8 T cells,Cytotoxic CD8 T cells,True,True,0.9878687262535095,0.03769387140123256,False,0.006627535447478294,0.0004923926317133009,0.00010066870163427666,0.0014420188963413239,0.9878687262535095,0.0001376591098960489,0.0013673901557922363,0.0003540468169376254,0.001609576866030693
TTTCAGTGTCACGA-1,1,B cells,B cells,True,True,0.9995330572128296,0.0021844932501721083,False,0.00023893272737041116,0.9995330572128296,2.0628494894481264e-05,3.7982987123541534e-05,3.691893653012812e-05,2.493533247616142e-05,5.754803351010196e-05,1.975832310563419e-05,3.020010990439914e-05
TTTCAGTGTCTATC-1,3,Classical monocytes,Classical monocytes,True,True,0.9980186223983765,0.008246917187221155,False,0.0004127041029278189,0.0002740362542681396,0.0005286752711981535,0.9980186223983765,0.00022499662009067833,9.82971178018488e-05,0.000198042718693614,0.00010982612730003893,0.00013480312190949917
TTTCAGTGTGCAGT-1,1,B cells,B cells,True,True,0.9980040192604065,0.007253787576478815,False,0.0016558165661990643,0.9980040192604065,2.3461525415768847e-05,5.442284236778505e-05,8.806135156191885e-05,3.1131901778280735e-05,7.624673889949918e-05,2.896147816500161e-05,3.7904454075032845e-05
TTTCCAGAGGTGAG-1,2,IL7R+ memory/helper T cells,IL7R+ memory/helper T cells,True,True,0.9341796040534973,0.14297512165788728,False,0.04712413623929024,0.001969748642295599,0.0016433721175417304,0.005414366722106934,0.005833137780427933,0.0011620204895734787,0.9341796040534973,0.0011246470967307687,0.0015489034121856093
TTTCGAACACCTGA-1,1,B cells,Dendritic cells,True,False,0.9930717349052429,0.024831235672142023,False,0.0009654580499045551,0.0017336505698040128,0.0003148877003695816,0.0011930055916309357,0.00043251251918263733,0.9930717349052429,0.0014360740315169096,0.0003757040249183774,0.000476942426757887
TTTCGAACTCTCAT-1,3,Classical monocytes,Classical monocytes,True,True,0.9992830157279968,0.0033072976106620815,False,0.0001290541549678892,9.528260852675885e-05,0.0001998562947846949,0.9992830157279968,5.403620161814615e-05,4.910920324618928e-05,0.00012486784544307739,3.371938146301545e-05,3.103230119450018e-05
TTTCTACTGAGGCA-1,1,B cells,B cells,True,True,0.9235826134681702,0.1805141080214435,False,0.021090228110551834,0.9235826134681702,0.002324683591723442,0.0036802098620682955,0.003499077633023262,0.012774338945746422,0.027303965762257576,0.00191514624748379,0.003829756984487176
TTTCTACTTCCTCG-1,1,B cells,B cells,True,True,0.9958806037902832,0.013357211612438216,False,0.0035691598895937204,0.9958806037902832,4.1645886085461825e-05,0.00014904837007634342,8.199134754249826e-05,5.370912185753696e-05,0.00013711194333154708,4.144311242271215e-05,4.53458669653628e-05
TTTGCATGAGAGGC-1,1,B cells,B cells,True,True,0.9984654188156128,0.006338377129158007,False,0.0007703212322667241,0.9984654188156128,4.0904778870753944e-05,0.0001797516888473183,9.790158946998417e-05,0.00020372497965581715,0.00010259930422762409,5.224815322435461e-05,8.719938341528177e-05
TTTGCATGCCTCAC-1,7,Naive/resting T cells,Activated/transitional T cells,True,False,0.9782565832138062,0.06488966748207665,False,0.9782565832138062,0.0016532294685021043,0.001061831135302782,0.002662697806954384,0.002007683739066124,0.001186415902338922,0.009624442085623741,0.0011891083559021354,0.002357947640120983
