cell_id,reviewed_cell_type,frozen_nine_class_prediction,shared8_prediction,shared8_max_probability,shared8_prediction_correct,probability__Activated/transitional T cells,probability__B cells,probability__CD16+ non-classical monocytes,probability__Classical monocytes,probability__Cytotoxic CD8 T cells,probability__IL7R+ memory/helper T cells,probability__NK cells,probability__Naive/resting T cells
pbmc4k_AAACCTGAGAAGGCCT-1,Classical monocytes,Classical monocytes,Classical monocytes,0.99962366,True,5.598323e-05,9.749747e-05,9.477686e-05,0.99962366,1.6074424e-05,3.486885e-05,5.1599996e-05,2.554256e-05
pbmc4k_AAACCTGAGACAGACC-1,Classical monocytes,Classical monocytes,Classical monocytes,0.99937266,True,2.4724175e-05,0.00011484074,0.00023327318,0.99937266,3.770023e-05,0.00012922238,5.062951e-05,3.691625e-05
pbmc4k_AAACCTGAGATAGTCA-1,Classical monocytes,Classical monocytes,Classical monocytes,0.9991146,True,0.00014716286,0.00014103067,0.0004351757,0.9991146,2.8351415e-05,2.9935696e-05,8.261508e-05,2.1171341e-05
pbmc4k_AAACCTGAGCGCCTCA-1,IL7R+ memory/helper T cells,IL7R+ memory/helper T cells,IL7R+ memory/helper T cells,0.9390969,True,0.013589108,0.0025829119,0.002265195,0.0021846727,0.02531675,0.9390969,0.002959011,0.012005402
pbmc4k_AAACCTGAGGCATGGT-1,Activated/transitional T cells,Naive/resting T cells,Naive/resting T cells,0.9591188,False,0.0014038944,0.0010139334,0.0006987326,0.00075453945,0.0005840006,0.035758656,0.0006674545,0.9591188
pbmc4k_AAACCTGCAAGGTTCT-1,Cytotoxic CD8 T cells,IL7R+ memory/helper T cells,IL7R+ memory/helper T cells,0.5452045,False,0.007261567,0.0038470256,0.0024376637,0.0023535602,0.04446648,0.5452045,0.0021580392,0.39227116
pbmc4k_AAACCTGCATCCCATC-1,B cells,B cells,B cells,0.9994992,True,6.9538255e-05,0.9994992,3.2181975e-05,5.003025e-05,3.6233097e-05,0.00010415282,2.999441e-05,0.00017871076
pbmc4k_AAACCTGGTACATCCA-1,B cells,B cells,B cells,0.9993118,True,3.417561e-05,0.9993118,4.204714e-05,5.4533673e-05,5.048439e-05,0.0001822634,3.515107e-05,0.00028950258
pbmc4k_AAACCTGGTGCGGTAA-1,Activated/transitional T cells,Naive/resting T cells,Naive/resting T cells,0.9782955,False,0.0001025903,0.00039347625,0.00037802442,0.00029257464,0.00019980877,0.020163639,0.00017443993,0.9782955
pbmc4k_AAACCTGTCGTGGTCG-1,Activated/transitional T cells,Naive/resting T cells,Naive/resting T cells,0.9990808,False,4.137172e-05,5.281995e-05,3.6984253e-05,5.1273222e-05,2.2359869e-05,0.0006841657,3.0250249e-05,0.9990808
pbmc4k_AAACCTGTCTCTGCTG-1,IL7R+ memory/helper T cells,IL7R+ memory/helper T cells,IL7R+ memory/helper T cells,0.89402616,True,0.00023432384,0.0007176378,0.0007899137,0.00063451193,0.0007545918,0.89402616,0.00037626873,0.10246656
pbmc4k_AAACGGGAGGCTAGCA-1,IL7R+ memory/helper T cells,IL7R+ memory/helper T cells,IL7R+ memory/helper T cells,0.80985856,True,0.00038614363,0.0016073314,0.0010590495,0.0009729207,0.007148864,0.80985856,0.0008842401,0.17808288
pbmc4k_AAACGGGAGTGTCCAT-1,Activated/transitional T cells,Naive/resting T cells,Naive/resting T cells,0.9953259,False,3.6012785e-05,0.00020202853,0.00014761987,0.00013090625,8.428704e-05,0.0039936337,7.955183e-05,0.9953259
pbmc4k_AAACGGGGTCTTCTCG-1,Classical monocytes,Classical monocytes,Classical monocytes,0.9995415,True,3.8986655e-05,0.00010485988,0.00015656921,0.9995415,2.5583828e-05,6.0900966e-05,3.2181004e-05,3.944155e-05
pbmc4k_AAACGGGGTGGACGAT-1,Cytotoxic CD8 T cells,Cytotoxic CD8 T cells,Cytotoxic CD8 T cells,0.71837705,True,0.0048897546,0.013580081,0.0091019105,0.006777218,0.71837705,0.08880733,0.15272807,0.0057385983
pbmc4k_AAACGGGGTTTGCATG-1,Classical monocytes,Classical monocytes,Classical monocytes,0.9952832,True,0.00019303967,0.0026126688,0.0002121299,0.9952832,0.00010332758,0.00030877732,0.00014039222,0.0011464781
pbmc4k_AAACGGGTCTGGGCCA-1,Activated/transitional T cells,Naive/resting T cells,Naive/resting T cells,0.91844535,False,0.00036032253,0.0009344607,0.00050050975,0.00046695594,0.0008391295,0.078064166,0.000389091,0.91844535
pbmc4k_AAACGGGTCTGGTATG-1,IL7R+ memory/helper T cells,IL7R+ memory/helper T cells,IL7R+ memory/helper T cells,0.9708182,True,0.00047802067,0.0012171093,0.0008841975,0.0007690999,0.002823728,0.9708182,0.0006634818,0.022346137
pbmc4k_AAAGATGAGACATAAC-1,Activated/transitional T cells,IL7R+ memory/helper T cells,IL7R+ memory/helper T cells,0.5217604,False,0.00658301,0.012111998,0.00981691,0.00925043,0.057409503,0.5217604,0.006144437,0.3769233
pbmc4k_AAAGATGGTCCCTACT-1,B cells,B cells,B cells,0.9993012,True,2.6571122e-05,0.9993012,4.1600695e-05,3.2184376e-05,3.769487e-05,0.00026648663,2.6612433e-05,0.00026760413
pbmc4k_AAAGATGTCCGAATGT-1,Activated/transitional T cells,Naive/resting T cells,Naive/resting T cells,0.99220955,False,0.0002666161,0.00057580724,0.00052127114,0.00049155165,0.0003775854,0.005282723,0.00027493198,0.99220955
pbmc4k_AAAGATGTCTGGTTCC-1,Classical monocytes,Classical monocytes,Classical monocytes,0.9996648,True,1.46048515e-05,7.92373e-05,0.0001099021,0.9996648,1.7764334e-05,4.0722534e-05,3.9651066e-05,3.3349002e-05
pbmc4k_AAAGCAACACCGAAAG-1,Activated/transitional T cells,Naive/resting T cells,Naive/resting T cells,0.9577463,False,0.0001938468,0.0011918135,0.00040074164,0.0005887912,0.0002939019,0.03926032,0.000324197,0.9577463
pbmc4k_AAAGCAAGTAAACACA-1,NK cells,Cytotoxic CD8 T cells,Cytotoxic CD8 T cells,0.8137119,False,0.0072436174,0.0060192863,0.015011097,0.0043182294,0.8137119,0.019638464,0.12624572,0.007811675
pbmc4k_AAAGCAAGTCAAGCGA-1,Activated/transitional T cells,Naive/resting T cells,Naive/resting T cells,0.97558844,False,0.0011036982,0.00052941125,0.00038522505,0.0005224486,0.0003366892,0.021092378,0.00044169047,0.97558844
pbmc4k_AAAGCAAGTCTCACCT-1,Classical monocytes,Classical monocytes,Classical monocytes,0.999276,True,4.9936567e-05,0.00013620655,9.656852e-05,0.999276,2.583759e-05,0.00027114968,4.8768252e-05,9.561401e-05
pbmc4k_AAAGCAAGTCTTTCAT-1,IL7R+ memory/helper T cells,IL7R+ memory/helper T cells,IL7R+ memory/helper T cells,0.9799146,True,0.0004922902,0.0013410171,0.0010766238,0.0011115927,0.002050863,0.9799146,0.0009273849,0.013085609
pbmc4k_AAAGCAAGTTGTTTGG-1,Activated/transitional T cells,Naive/resting T cells,Naive/resting T cells,0.93289703,False,0.0005613574,0.0030882463,0.0009380978,0.00073109515,0.00034112204,0.06099765,0.00044537356,0.93289703
pbmc4k_AAAGCAATCGTATCAG-1,NK cells,NK cells,NK cells,0.96655107,True,0.0007988249,0.0005290245,0.0007079802,0.0005407334,0.026745887,0.003935642,0.96655107,0.0001908207
pbmc4k_AAAGTAGAGAAGGTGA-1,IL7R+ memory/helper T cells,IL7R+ memory/helper T cells,IL7R+ memory/helper T cells,0.92057073,True,0.00023815199,0.0013555085,0.00045828585,0.00062984833,0.00059116154,0.92057073,0.00037159884,0.07578468
pbmc4k_AAAGTAGAGACAATAC-1,Activated/transitional T cells,Naive/resting T cells,Naive/resting T cells,0.9624915,False,0.005142543,0.0025432077,0.0007644058,0.00083477725,0.0013230327,0.026031421,0.0008690954,0.9624915
pbmc4k_AAAGTAGAGCGACGTA-1,Cytotoxic CD8 T cells,Cytotoxic CD8 T cells,Cytotoxic CD8 T cells,0.96191084,True,0.009344664,0.0021364065,0.0008523894,0.00091521017,0.96191084,0.007959037,0.0014441574,0.015437311
pbmc4k_AAAGTAGAGGGCACTA-1,Classical monocytes,Classical monocytes,Classical monocytes,0.99907494,True,2.5694138e-05,0.0001576664,0.0004191906,0.99907494,4.213559e-05,0.00016308273,7.38442e-05,4.34369e-05
pbmc4k_AAAGTAGAGTCCATAC-1,B cells,B cells,B cells,0.9992093,True,2.3209044e-05,0.9992093,3.9469604e-05,4.287777e-05,1.913017e-05,7.987577e-05,2.45477e-05,0.00056160433
pbmc4k_AAAGTAGCACATGACT-1,B cells,B cells,B cells,0.99938726,True,5.074399e-05,0.99938726,0.00011179292,8.287708e-05,5.418474e-05,0.00019175601,8.35161e-05,3.780667e-05
pbmc4k_AAAGTAGCAGCTGTTA-1,B cells,B cells,B cells,0.99882156,True,3.918333e-05,0.99882156,8.645085e-05,7.410622e-05,6.3160245e-05,0.00024959192,4.67824e-05,0.00061910535
pbmc4k_AAAGTAGGTAAGGGAA-1,Classical monocytes,Classical monocytes,Classical monocytes,0.9991372,True,0.0002224987,0.00011914575,0.00019774163,0.9991372,4.469986e-05,6.250997e-05,7.207339e-05,0.00014418837
pbmc4k_AAAGTAGGTTACTGAC-1,Classical monocytes,Classical monocytes,Classical monocytes,0.99912196,True,2.827715e-05,0.00016558163,0.00043627364,0.99912196,4.7932124e-05,9.09114e-05,7.100879e-05,3.8069433e-05
pbmc4k_AAAGTAGTCAAACCAC-1,Classical monocytes,Classical monocytes,Classical monocytes,0.9989203,True,0.00026960095,6.601527e-05,0.0004647402,0.9989203,4.586327e-05,0.000100253914,0.00010274409,3.0467785e-05
pbmc4k_AAAGTAGTCTCAAGTG-1,Activated/transitional T cells,Naive/resting T cells,Naive/resting T cells,0.9920723,False,0.0005169882,0.00051134534,0.0003081092,0.00046327364,0.0003488113,0.005528363,0.00025084268,0.9920723
pbmc4k_AAATGCCAGACGCACA-1,IL7R+ memory/helper T cells,IL7R+ memory/helper T cells,IL7R+ memory/helper T cells,0.9963373,True,8.368233e-05,0.00017559758,0.00012799153,0.000113776165,0.00269859,0.9963373,0.00014126788,0.00032179308
pbmc4k_AAATGCCAGGGCTTCC-1,Classical monocytes,Classical monocytes,Classical monocytes,0.99813735,True,3.7890182e-05,0.00027711628,0.0012375178,0.99813735,7.143481e-05,0.00012621717,6.1258266e-05,5.114807e-05
pbmc4k_AAATGCCAGGGTATCG-1,Activated/transitional T cells,Naive/resting T cells,Naive/resting T cells,0.99443465,False,0.00013716836,0.0005392339,0.00021252813,0.00022709579,0.00015368825,0.0041095177,0.00018616224,0.99443465
pbmc4k_AAATGCCCACATTTCT-1,Activated/transitional T cells,Naive/resting T cells,Naive/resting T cells,0.9440892,False,0.0044073598,0.0030048804,0.0018602426,0.0023725864,0.0015818465,0.041085765,0.0015981675,0.9440892
pbmc4k_AAATGCCCAGACACTT-1,Classical monocytes,Classical monocytes,Classical monocytes,0.99938345,True,2.1967906e-05,0.00027548688,8.703635e-05,0.99938345,3.0399058e-05,7.45213e-05,3.29627e-05,9.414976e-05
pbmc4k_AAATGCCGTGCAGTAG-1,Cytotoxic CD8 T cells,IL7R+ memory/helper T cells,IL7R+ memory/helper T cells,0.7925333,False,0.0033110545,0.0036762664,0.0025497694,0.00250351,0.03858958,0.7925333,0.0024315584,0.15440501
pbmc4k_AAATGCCGTTTCGCTC-1,Activated/transitional T cells,Naive/resting T cells,Naive/resting T cells,0.9619652,False,0.0028458831,0.001235782,0.00047773885,0.00085589715,0.00035574625,0.03183264,0.00043114176,0.9619652
pbmc4k_AAATGCCTCACCAGGC-1,Classical monocytes,Classical monocytes,Classical monocytes,0.99952793,True,1.6133423e-05,0.000117239404,0.0001387531,0.99952793,2.8825847e-05,8.730008e-05,4.700333e-05,3.681675e-05
pbmc4k_AAATGCCTCAGGCCCA-1,B cells,B cells,B cells,0.9994875,True,1.9991769e-05,0.9994875,5.0149658e-05,4.4535085e-05,2.6225258e-05,0.0002092762,3.2509626e-05,0.00012980605
pbmc4k_AACACGTAGGTGCTAG-1,Classical monocytes,Classical monocytes,Classical monocytes,0.99955887,True,2.2165576e-05,4.286562e-05,8.561706e-05,0.99955887,1.6492271e-05,0.00017098535,3.1972868e-05,7.100815e-05
pbmc4k_AACACGTCATGGTTGT-1,IL7R+ memory/helper T cells,IL7R+ memory/helper T cells,IL7R+ memory/helper T cells,0.9986834,True,4.9153186e-05,0.00016449008,0.00016280568,0.00010610397,0.000124784,0.9986834,9.557936e-05,0.00061371474
pbmc4k_AACACGTGTACCGTAT-1,Activated/transitional T cells,Naive/resting T cells,Naive/resting T cells,0.9660511,False,0.00063408964,0.002292125,0.0006802105,0.0009231042,0.00046123174,0.02839059,0.00056759967,0.9660511
pbmc4k_AACACGTTCGCATGGC-1,Activated/transitional T cells,Naive/resting T cells,Naive/resting T cells,0.81456155,False,0.0009203943,0.0020454114,0.0013473952,0.0011132933,0.0016194638,0.17750429,0.0008882401,0.81456155
pbmc4k_AACACGTTCTTACCGC-1,Cytotoxic CD8 T cells,Cytotoxic CD8 T cells,Cytotoxic CD8 T cells,0.9846785,True,0.0002606518,0.00021085089,0.00013362741,0.00012851963,0.9846785,0.013700475,0.00015900901,0.00072839845
pbmc4k_AACCATGAGGAGCGTT-1,IL7R+ memory/helper T cells,IL7R+ memory/helper T cells,IL7R+ memory/helper T cells,0.9956014,True,0.00049532723,0.0004380579,0.00090599887,0.0003700607,0.0011200632,0.9956014,0.00075477985,0.00031426598
pbmc4k_AACCATGCAGTCCTTC-1,Classical monocytes,Classical monocytes,Classical monocytes,0.99776876,True,2.8151946e-05,0.00022326982,0.001682214,0.99776876,5.49643e-05,0.00012284824,7.656237e-05,4.3255637e-05
pbmc4k_AACCATGGTACAGCAG-1,Classical monocytes,Classical monocytes,Classical monocytes,0.99887997,True,6.746034e-05,0.0001307395,0.00044636728,0.99887997,4.9963688e-05,0.0002588677,9.751882e-05,6.911955e-05
pbmc4k_AACCATGGTATCTGCA-1,Activated/transitional T cells,Naive/resting T cells,Naive/resting T cells,0.9144303,False,0.0046482,0.002074592,0.0018920008,0.0018575724,0.0009511753,0.07241982,0.001726264,0.9144303
pbmc4k_AACCATGTCGGAAACG-1,Activated/transitional T cells,Naive/resting T cells,Naive/resting T cells,0.97943395,False,0.00012802813,0.0004106421,0.0003410855,0.00034819415,0.0003113424,0.018836878,0.00018983381,0.97943395
pbmc4k_AACCGCGAGGGTGTGT-1,Classical monocytes,Classical monocytes,Classical monocytes,0.9997577,True,1.8160046e-05,6.685721e-05,5.4211752e-05,0.9997577,1.5524878e-05,4.264298e-05,2.4759851e-05,2.0133592e-05
pbmc4k_AACCGCGCACGGCCAT-1,Cytotoxic CD8 T cells,Cytotoxic CD8 T cells,Cytotoxic CD8 T cells,0.9803053,True,0.00040394982,0.00040684443,0.00055120955,0.00030998266,0.9803053,0.0027614082,0.014941115,0.00032014665
pbmc4k_AACCGCGCATGGTCTA-1,Activated/transitional T cells,IL7R+ memory/helper T cells,IL7R+ memory/helper T cells,0.64382994,False,0.0015599158,0.0036945767,0.0027951216,0.002894775,0.0018972526,0.64382994,0.0019063447,0.34142205
pbmc4k_AACCGCGGTAAGTGTA-1,Activated/transitional T cells,Naive/resting T cells,Naive/resting T cells,0.9888194,False,0.00011617298,0.00048544054,0.00025176757,0.00030753153,0.00026681324,0.00957658,0.00017627409,0.9888194
pbmc4k_AACCGCGGTAGGAGTC-1,IL7R+ memory/helper T cells,IL7R+ memory/helper T cells,IL7R+ memory/helper T cells,0.9658549,True,0.00232162,0.0027050532,0.004322539,0.0033115358,0.0077425092,0.9658549,0.0028719187,0.010869919
pbmc4k_AACCGCGGTTACGCGC-1,Activated/transitional T cells,Naive/resting T cells,Naive/resting T cells,0.9585393,False,0.021316383,0.0013464696,0.0009011004,0.0014510916,0.00078090164,0.0146061685,0.0010585972,0.9585393
pbmc4k_AACCGCGTCTGCTTGC-1,Activated/transitional T cells,Naive/resting T cells,Naive/resting T cells,0.8734724,False,0.0022794146,0.0057435404,0.00207262,0.0033568633,0.0018879448,0.109374925,0.0018122724,0.8734724
pbmc4k_AACGTTGAGGTCATCT-1,Classical monocytes,Classical monocytes,Classical monocytes,0.9984047,True,3.9851926e-05,0.0005232324,0.00035386323,0.9984047,0.000101877034,0.0003227109,0.0001487,0.00010515347
pbmc4k_AACGTTGCACACCGCA-1,Classical monocytes,Classical monocytes,Classical monocytes,0.9995685,True,2.0769978e-05,0.0001371573,0.00017332968,0.9995685,1.7072734e-05,4.147454e-05,2.03332e-05,2.1301208e-05
pbmc4k_AACGTTGCAGTCGTGC-1,IL7R+ memory/helper T cells,IL7R+ memory/helper T cells,IL7R+ memory/helper T cells,0.94881403,True,0.00032095207,0.00081639393,0.00046420246,0.0005032577,0.046886392,0.94881403,0.0010553261,0.0011394061
pbmc4k_AACGTTGCATGCAATC-1,Classical monocytes,Classical monocytes,Classical monocytes,0.9994906,True,9.963177e-05,4.483096e-05,0.00013950565,0.9994906,3.557172e-05,4.832225e-05,7.4559284e-05,6.6953806e-05
pbmc4k_AACGTTGGTGTAACGG-1,IL7R+ memory/helper T cells,IL7R+ memory/helper T cells,IL7R+ memory/helper T cells,0.9167105,True,0.0002736656,0.00038377117,0.00021563056,0.00021083705,0.08055814,0.9167105,0.00020973546,0.0014377311
pbmc4k_AACGTTGGTTGGTGGA-1,IL7R+ memory/helper T cells,IL7R+ memory/helper T cells,IL7R+ memory/helper T cells,0.78439873,True,0.15617861,0.010642778,0.0095121255,0.007969871,0.013380994,0.78439873,0.011467747,0.0064491597
pbmc4k_AACGTTGTCACTGGGC-1,Classical monocytes,Classical monocytes,Classical monocytes,0.9862023,True,0.00017772609,0.005191229,0.0035371915,0.9862023,0.00076000916,0.0027123692,0.0008419148,0.0005773073
pbmc4k_AACGTTGTCCACGAAT-1,Classical monocytes,Classical monocytes,Classical monocytes,0.9931211,True,7.81998e-05,0.00045663657,0.0011594578,0.9931211,0.000642363,0.004004941,0.00039366714,0.00014367228
pbmc4k_AACGTTGTCTTGTATC-1,Activated/transitional T cells,Naive/resting T cells,Naive/resting T cells,0.9823422,False,0.0001645322,0.000869977,0.0004569838,0.0004208523,0.00039922976,0.01513251,0.00021375873,0.9823422
pbmc4k_AACTCAGCAACGATGG-1,Activated/transitional T cells,IL7R+ memory/helper T cells,Naive/resting T cells,0.8302288,False,0.0039310246,0.010561941,0.005478491,0.007243487,0.009812422,0.12827058,0.0044732247,0.8302288
pbmc4k_AACTCAGCACGGTTTA-1,Activated/transitional T cells,Naive/resting T cells,Naive/resting T cells,0.9885437,False,0.00010005034,0.00026425952,0.0001377169,0.00018066431,0.00011178274,0.010552,0.00010978995,0.9885437
pbmc4k_AACTCAGGTGCACTTA-1,Cytotoxic CD8 T cells,Cytotoxic CD8 T cells,Cytotoxic CD8 T cells,0.9867901,True,0.0008191851,0.0007816413,0.0003449472,0.00032275714,0.9867901,0.0036286747,0.00705184,0.000260809
pbmc4k_AACTCAGGTTACCGAT-1,Cytotoxic CD8 T cells,Cytotoxic CD8 T cells,Cytotoxic CD8 T cells,0.59879225,True,0.0025270921,0.002463087,0.0025204048,0.0021307927,0.59879225,0.022409057,0.3683601,0.0007972175
pbmc4k_AACTCAGGTTGTCGCG-1,Activated/transitional T cells,IL7R+ memory/helper T cells,IL7R+ memory/helper T cells,0.7510352,False,0.00846415,0.0009812281,0.00058211904,0.0005637342,0.00048235577,0.7510352,0.00051644945,0.23737474
pbmc4k_AACTCAGGTTTGACAC-1,Classical monocytes,Classical monocytes,Classical monocytes,0.9903391,True,0.000118018674,0.0052084946,0.0013712875,0.9903391,0.000424182,0.0018021143,0.0003562812,0.00038050962
pbmc4k_AACTCAGTCAGAGCTT-1,NK cells,NK cells,NK cells,0.995331,True,0.00020439348,0.0003174642,0.0004243069,0.00036894405,0.0024986858,0.0006930254,0.995331,0.00016221165
pbmc4k_AACTCAGTCCAACCAA-1,Cytotoxic CD8 T cells,Cytotoxic CD8 T cells,Cytotoxic CD8 T cells,0.99387217,True,0.0017858188,0.0004092919,0.0003334486,0.00038748063,0.99387217,0.0010592504,0.0014293086,0.0007232928
pbmc4k_AACTCCCAGAAACCTA-1,Naive/resting T cells,Naive/resting T cells,Naive/resting T cells,0.98749,True,0.00019442446,0.0005239735,0.00029480385,0.00033469332,0.00018925419,0.010765397,0.00020742317,0.98749
pbmc4k_AACTCCCCACATGGGA-1,Activated/transitional T cells,Naive/resting T cells,Naive/resting T cells,0.9975399,False,2.8032631e-05,6.933467e-05,4.1845567e-05,5.6511322e-05,2.961813e-05,0.0022006717,3.4146582e-05,0.9975399
pbmc4k_AACTCCCCACCATGTA-1,Cytotoxic CD8 T cells,Cytotoxic CD8 T cells,Cytotoxic CD8 T cells,0.98039514,True,0.00028587488,0.00032585103,0.00027715132,0.00019092107,0.98039514,0.01791153,0.00031890464,0.00029458606
pbmc4k_AACTCCCCACTACAGT-1,B cells,B cells,B cells,0.99952495,True,4.221918e-05,0.99952495,3.609029e-05,4.643933e-05,1.7425615e-05,0.00017252263,3.596941e-05,0.00012437046
pbmc4k_AACTCCCCATTAGCCA-1,Activated/transitional T cells,Naive/resting T cells,Naive/resting T cells,0.99176604,False,0.0007412327,0.0008407722,0.00050057314,0.00073041144,0.0004205856,0.004418754,0.0005816532,0.99176604
pbmc4k_AACTCCCCATTGGTAC-1,Activated/transitional T cells,Naive/resting T cells,Naive/resting T cells,0.92347485,False,0.0012819245,0.0024364276,0.001351455,0.0012416458,0.0019275732,0.06699014,0.0012959944,0.92347485
pbmc4k_AACTCCCGTACCGTAT-1,Classical monocytes,Classical monocytes,Classical monocytes,0.99947065,True,2.5856576e-05,6.826608e-05,9.94147e-05,0.99947065,6.0146325e-05,0.00016258011,6.74422e-05,4.568183e-05
pbmc4k_AACTCCCGTAGAGGAA-1,NK cells,NK cells,NK cells,0.99566853,True,0.0005059861,0.0001121285,0.00014588988,9.392385e-05,0.002689459,0.00069343107,0.99566853,9.0619986e-05
pbmc4k_AACTCCCGTATTCTCT-1,Activated/transitional T cells,Naive/resting T cells,Naive/resting T cells,0.9709622,False,0.00047982874,0.0031931081,0.0009270642,0.001056504,0.0005529058,0.02217487,0.0006534326,0.9709622
pbmc4k_AACTCCCGTCTCAACA-1,B cells,B cells,B cells,0.9990029,True,2.4059531e-05,0.9990029,5.3189473e-05,5.2682215e-05,8.532879e-05,8.8105284e-05,3.588937e-05,0.00065787084
pbmc4k_AACTCCCGTTGGTAAA-1,IL7R+ memory/helper T cells,IL7R+ memory/helper T cells,IL7R+ memory/helper T cells,0.9908292,True,5.4535296e-05,0.00028527022,0.00013450482,0.00012509902,0.00013535513,0.9908292,0.00010595966,0.00833009
pbmc4k_AACTCCCTCACGGTTA-1,Naive/resting T cells,IL7R+ memory/helper T cells,Naive/resting T cells,0.6148704,True,0.008752795,0.004815835,0.003942115,0.0052640894,0.0039828685,0.3542384,0.004133536,0.6148704
pbmc4k_AACTCCCTCGTATCAG-1,Activated/transitional T cells,IL7R+ memory/helper T cells,IL7R+ memory/helper T cells,0.97039694,False,8.649889e-05,0.0002790004,0.00029294475,0.00017536477,0.0001607926,0.97039694,0.00015841951,0.028450035
pbmc4k_AACTCTTAGATAGGAG-1,Naive/resting T cells,Naive/resting T cells,Naive/resting T cells,0.9920562,True,0.00021488208,0.0011718147,0.00021243069,0.0003418162,0.00016767063,0.0056359246,0.00019924942,0.9920562
pbmc4k_AACTCTTCAAGGGTCA-1,Cytotoxic CD8 T cells,Cytotoxic CD8 T cells,Cytotoxic CD8 T cells,0.98652726,True,0.00043629063,0.00028197316,0.00024345955,0.0002113342,0.98652726,0.011631266,0.00026042244,0.00040795025
pbmc4k_AACTCTTCAGTCTTCC-1,Activated/transitional T cells,Naive/resting T cells,Naive/resting T cells,0.79374474,False,0.0015064301,0.0019989584,0.0012598559,0.0016398666,0.0021054787,0.19674966,0.0009949965,0.79374474
pbmc4k_AACTCTTGTTACGCGC-1,IL7R+ memory/helper T cells,IL7R+ memory/helper T cells,IL7R+ memory/helper T cells,0.9586656,True,0.00045255464,0.0016788064,0.0007868336,0.0009648755,0.0009497191,0.9586656,0.0007864915,0.03571512
pbmc4k_AACTCTTTCAACGAAA-1,IL7R+ memory/helper T cells,IL7R+ memory/helper T cells,IL7R+ memory/helper T cells,0.9969689,True,0.000544797,0.00037381376,0.00031971897,0.00031619187,0.00036155575,0.9969689,0.00034698992,0.00076808326
pbmc4k_AACTCTTTCTCTTATG-1,B cells,B cells,B cells,0.9990307,True,4.425703e-05,0.9990307,5.6096036e-05,7.511513e-05,3.4556473e-05,0.0005539237,5.351088e-05,0.00015181738
pbmc4k_AACTGGTAGCGATAGC-1,Classical monocytes,Classical monocytes,Classical monocytes,0.9994771,True,2.8617802e-05,0.00015029962,0.00011066609,0.9994771,2.510547e-05,9.7633245e-05,8.077078e-05,2.9879177e-05
pbmc4k_AACTGGTAGCTGCCCA-1,NK cells,Cytotoxic CD8 T cells,Cytotoxic CD8 T cells,0.8838675,False,0.00926399,0.008944129,0.012090372,0.009484286,0.8838675,0.014789563,0.04725248,0.014307678
pbmc4k_AACTGGTGTACATCCA-1,Activated/transitional T cells,IL7R+ memory/helper T cells,Naive/resting T cells,0.5552809,False,0.0041260878,0.0062870793,0.00554782,0.00504788,0.004266243,0.41592467,0.0035193015,0.5552809
pbmc4k_AACTGGTGTACGAAAT-1,B cells,B cells,B cells,0.9991503,True,3.560253e-05,0.9991503,3.705458e-05,3.521484e-05,2.2859947e-05,0.00018682238,3.3163156e-05,0.00049899606
pbmc4k_AACTGGTGTGAGCGAT-1,NK cells,NK cells,NK cells,0.98614776,True,0.0007607692,0.0006777678,0.0015696073,0.0005620902,0.0072812582,0.0027664676,0.98614776,0.00023419833
pbmc4k_AACTGGTGTTTCGCTC-1,Naive/resting T cells,Naive/resting T cells,Naive/resting T cells,0.90816605,True,0.0020904515,0.0014104171,0.0008283551,0.0011855448,0.00068824564,0.0848681,0.000762869,0.90816605
pbmc4k_AACTGGTTCCTTCAAT-1,NK cells,NK cells,NK cells,0.9687464,True,0.000440372,0.0009893895,0.003224328,0.00097070646,0.019191774,0.006016437,0.9687464,0.0004205563
pbmc4k_AACTGGTTCGGAGGTA-1,B cells,B cells,B cells,0.99585354,True,0.00011831466,0.99585354,0.00020297417,0.00016772276,0.00013687593,0.00038019606,9.036513e-05,0.0030500777
pbmc4k_AACTTTCAGAGCTATA-1,Cytotoxic CD8 T cells,Cytotoxic CD8 T cells,Cytotoxic CD8 T cells,0.95767856,True,0.008766095,0.0010314077,0.0007309417,0.00096508936,0.95767856,0.005181547,0.014469929,0.011176479
pbmc4k_AACTTTCAGAGTAAGG-1,Naive/resting T cells,IL7R+ memory/helper T cells,IL7R+ memory/helper T cells,0.8751876,False,0.010740165,0.003529467,0.0026820556,0.0026526714,0.0013821531,0.8751876,0.0025506075,0.10127535
pbmc4k_AACTTTCAGGGTGTTG-1,Activated/transitional T cells,Naive/resting T cells,Naive/resting T cells,0.9985441,False,0.000118334436,0.00012159356,7.6517514e-05,0.00012138721,6.3903026e-05,0.0008781704,7.602348e-05,0.9985441
pbmc4k_AACTTTCCAATACGCT-1,B cells,B cells,B cells,0.9990902,True,3.64873e-05,0.9990902,5.2261155e-05,6.2710875e-05,4.310376e-05,0.0004055927,3.9373204e-05,0.0002702415
pbmc4k_AACTTTCCACACCGAC-1,B cells,B cells,B cells,0.99905545,True,3.6159516e-05,0.99905545,4.763425e-05,7.590192e-05,3.252428e-05,0.00026071747,4.5717934e-05,0.0004459406
pbmc4k_AACTTTCCATAAAGGT-1,Cytotoxic CD8 T cells,Cytotoxic CD8 T cells,Cytotoxic CD8 T cells,0.8833343,True,0.0039602304,0.00463146,0.0038017123,0.0036868742,0.8833343,0.08195371,0.013806212,0.0048255324
pbmc4k_AACTTTCTCAACACGT-1,Classical monocytes,Classical monocytes,Classical monocytes,0.9987758,True,3.361066e-05,0.0002120264,0.0003800418,0.9987758,6.298995e-05,0.00033001383,9.806708e-05,0.00010751842
pbmc4k_AACTTTCTCAAGGCTT-1,B cells,B cells,B cells,0.9991659,True,1.6653206e-05,0.9991659,4.621918e-05,4.4643966e-05,2.1655924e-05,0.00043100963,3.261821e-05,0.00024135153
pbmc4k_AAGACCTAGAAACGAG-1,Cytotoxic CD8 T cells,Cytotoxic CD8 T cells,Cytotoxic CD8 T cells,0.9925337,True,0.0013065254,0.00031160784,0.00029726795,0.00023993387,0.9925337,0.004561089,0.0003081188,0.0004417969
pbmc4k_AAGACCTAGAATTCCC-1,Activated/transitional T cells,Naive/resting T cells,Naive/resting T cells,0.98933804,False,0.0053826757,0.00024743864,0.0001705586,0.00025746238,0.00012423785,0.004329513,0.00015013065,0.98933804
pbmc4k_AAGACCTAGCACCGTC-1,Naive/resting T cells,Naive/resting T cells,Naive/resting T cells,0.98574114,True,0.0012649551,0.0009219228,0.00044963358,0.0005357123,0.000260341,0.010498795,0.00032744545,0.98574114
pbmc4k_AAGACCTGTGAGGCTA-1,Activated/transitional T cells,IL7R+ memory/helper T cells,IL7R+ memory/helper T cells,0.82420456,False,0.002617476,0.0040998547,0.003122134,0.0028209183,0.007277059,0.82420456,0.0029261298,0.1529319
pbmc4k_AAGACCTGTGCAGGTA-1,B cells,B cells,B cells,0.99958247,True,1.720604e-05,0.99958247,2.4223551e-05,3.382464e-05,2.02059e-05,0.00011168782,2.0706426e-05,0.00018970133
pbmc4k_AAGACCTGTTTGACAC-1,Activated/transitional T cells,IL7R+ memory/helper T cells,Naive/resting T cells,0.51057875,False,0.004457874,0.0030207718,0.0021253633,0.0019574799,0.0033869634,0.47251484,0.0019579735,0.51057875
pbmc4k_AAGACCTTCACCGGGT-1,Activated/transitional T cells,Naive/resting T cells,Naive/resting T cells,0.89448553,False,0.07207024,0.013633241,0.0022003143,0.0035819006,0.007899138,0.0036240816,0.0025055658,0.89448553
pbmc4k_AAGACCTTCGAACGGA-1,Classical monocytes,Classical monocytes,Classical monocytes,0.9990491,True,1.9869929e-05,0.00017118931,0.00045607405,0.9990491,4.2578515e-05,0.00016531996,6.823235e-05,2.7607824e-05
pbmc4k_AAGCCGCAGGCCATAG-1,IL7R+ memory/helper T cells,IL7R+ memory/helper T cells,IL7R+ memory/helper T cells,0.84608704,True,0.002697961,0.0015841083,0.0012421116,0.0014901558,0.001044361,0.84608704,0.0009907662,0.1448635
pbmc4k_AAGCCGCCAATCTGCA-1,IL7R+ memory/helper T cells,IL7R+ memory/helper T cells,IL7R+ memory/helper T cells,0.9997379,True,1.1526896e-05,4.2967855e-05,4.218664e-05,2.9460121e-05,3.123674e-05,0.9997379,2.4584167e-05,8.0067395e-05
pbmc4k_AAGCCGCCACGAAACG-1,NK cells,NK cells,NK cells,0.89293385,True,0.009155286,0.0035486405,0.010323588,0.004463886,0.06226685,0.010654672,0.89293385,0.006653232
pbmc4k_AAGCCGCGTAGCAAAT-1,IL7R+ memory/helper T cells,IL7R+ memory/helper T cells,IL7R+ memory/helper T cells,0.9886578,True,0.00019535754,0.00070287683,0.00061765447,0.0004722142,0.001177918,0.9886578,0.00039534675,0.007780872
pbmc4k_AAGCCGCGTGTAACGG-1,Activated/transitional T cells,Naive/resting T cells,Naive/resting T cells,0.87350833,False,0.00039190956,0.0012444175,0.00062304805,0.0006171115,0.0008624762,0.12226749,0.00048526406,0.87350833
pbmc4k_AAGCCGCTCAAGGTAA-1,Classical monocytes,Classical monocytes,Classical monocytes,0.9996271,True,1.7936996e-05,5.985748e-05,0.00011898985,0.9996271,1.7338902e-05,9.4727395e-05,3.346435e-05,3.0568826e-05
pbmc4k_AAGCCGCTCATACGGT-1,Classical monocytes,Classical monocytes,Classical monocytes,0.9984451,True,0.00089579617,8.6881184e-05,0.00026085632,0.9984451,2.672009e-05,5.8195696e-05,0.00012259246,0.00010385492
pbmc4k_AAGGAGCAGTTATCGC-1,Classical monocytes,Classical monocytes,Classical monocytes,0.99848795,True,4.247294e-05,0.0003403597,0.00034666032,0.99848795,5.3280623e-05,0.00058511936,7.2444294e-05,7.1712915e-05
pbmc4k_AAGGAGCCAAGTTAAG-1,Activated/transitional T cells,Naive/resting T cells,Naive/resting T cells,0.84280074,False,0.0017297509,0.0012654741,0.0009525155,0.0012219163,0.00056855875,0.15072984,0.00073119433,0.84280074
pbmc4k_AAGGAGCGTACGCACC-1,Naive/resting T cells,Naive/resting T cells,Naive/resting T cells,0.9803243,True,0.0008342727,0.00090046215,0.00039150383,0.000546065,0.00048650443,0.016184941,0.0003318653,0.9803243
pbmc4k_AAGGAGCGTACTCAAC-1,Classical monocytes,Classical monocytes,Classical monocytes,0.99938023,True,1.9165584e-05,0.00010603978,0.0002682685,0.99938023,2.6354513e-05,0.00013240834,4.323622e-05,2.4247587e-05
pbmc4k_AAGGAGCGTAGTACCT-1,IL7R+ memory/helper T cells,IL7R+ memory/helper T cells,IL7R+ memory/helper T cells,0.9913713,True,0.00011194725,0.00026700887,0.00020363937,0.00014383992,0.00021805892,0.9913713,0.00012176688,0.00756246
pbmc4k_AAGGAGCGTCAAAGCG-1,IL7R+ memory/helper T cells,IL7R+ memory/helper T cells,IL7R+ memory/helper T cells,0.9972995,True,4.4789023e-05,0.00012889924,8.434952e-05,9.2004586e-05,0.00017786109,0.9972995,7.917824e-05,0.0020934867
pbmc4k_AAGGAGCGTGGTTTCA-1,Classical monocytes,Classical monocytes,Classical monocytes,0.9848754,True,0.00021194552,0.003494719,0.008023751,0.9848754,0.00032961345,0.0023216573,0.0005197806,0.00022321656
pbmc4k_AAGGAGCGTTGAGGTG-1,B cells,B cells,B cells,0.9937211,True,0.00021924677,0.9937211,0.00026727087,0.0003408978,0.00032172742,0.0006364307,0.00022364757,0.004269653
pbmc4k_AAGGAGCTCATGCAAC-1,B cells,B cells,B cells,0.99858874,True,1.98754e-05,0.99858874,4.9319435e-05,5.7475194e-05,5.2714142e-05,6.950355e-05,2.9987472e-05,0.0011322984
pbmc4k_AAGGAGCTCTGTGCAA-1,Activated/transitional T cells,Naive/resting T cells,Naive/resting T cells,0.9261315,False,0.00880194,0.002666569,0.0017818329,0.0023712895,0.0009709027,0.055906136,0.0013698944,0.9261315
pbmc4k_AAGGCAGAGAATCTCC-1,B cells,B cells,B cells,0.9995208,True,2.8534461e-05,0.9995208,4.393692e-05,4.338369e-05,2.8803273e-05,9.451068e-05,3.103146e-05,0.00020906911
pbmc4k_AAGGCAGAGTGGGTTG-1,Classical monocytes,Classical monocytes,Classical monocytes,0.99286664,True,0.0001308538,0.00064561976,0.00084945146,0.99286664,0.0008254161,0.0040743197,0.0004238475,0.00018389661
pbmc4k_AAGGCAGCAAATACAG-1,Classical monocytes,Classical monocytes,Classical monocytes,0.99614006,True,7.8777484e-05,0.0007100056,0.001956875,0.99614006,0.00013328706,0.00064096943,0.00027317269,6.68808e-05
pbmc4k_AAGGCAGCAAATCCGT-1,Cytotoxic CD8 T cells,Cytotoxic CD8 T cells,Cytotoxic CD8 T cells,0.55704576,True,0.15820082,0.007975972,0.006622928,0.0069135185,0.55704576,0.04515465,0.007553353,0.21053298
pbmc4k_AAGGCAGGTGGTAACG-1,Classical monocytes,Classical monocytes,Classical monocytes,0.994672,True,0.00011895153,0.00048148894,0.0012773417,0.994672,0.00015696947,0.0017927048,0.00023735204,0.0012632178
pbmc4k_AAGGCAGTCCGCATCT-1,Activated/transitional T cells,Naive/resting T cells,Naive/resting T cells,0.98125046,False,0.00131878,0.0009814881,0.00078791677,0.00088411337,0.00048779513,0.013649354,0.00064006314,0.98125046
pbmc4k_AAGGCAGTCCGCGGTA-1,Activated/transitional T cells,Naive/resting T cells,Naive/resting T cells,0.9938823,False,0.00039823056,0.000357464,0.00027119878,0.0003553702,0.00037608494,0.004157166,0.00020219121,0.9938823
pbmc4k_AAGGCAGTCCTATGTT-1,B cells,B cells,B cells,0.9993806,True,4.7952308e-05,0.9993806,4.3880682e-05,5.124627e-05,2.4964576e-05,0.00012610579,3.3098564e-05,0.00029210566
pbmc4k_AAGGCAGTCGTACGGC-1,Cytotoxic CD8 T cells,Cytotoxic CD8 T cells,Cytotoxic CD8 T cells,0.98363036,True,0.00028943768,0.00049877266,0.00039222924,0.00022676535,0.98363036,0.01350825,0.0010625994,0.00039160487
pbmc4k_AAGGTTCAGGTGATAT-1,Classical monocytes,Classical monocytes,Classical monocytes,0.9894014,True,4.362153e-05,0.0015973046,0.007913527,0.9894014,0.00036139542,0.00043667195,0.00018391466,6.22185e-05
pbmc4k_AAGGTTCAGTGTACCT-1,Activated/transitional T cells,Naive/resting T cells,Naive/resting T cells,0.92428875,False,0.0003217725,0.00054228737,0.00048321328,0.0005217039,0.00039751548,0.07316584,0.0002789412,0.92428875
pbmc4k_AAGGTTCCAAGGCTCC-1,B cells,B cells,B cells,0.9993037,True,5.6924757e-05,0.9993037,3.4173834e-05,5.2305837e-05,4.7159843e-05,0.000109112705,4.0297156e-05,0.0003562969
pbmc4k_AAGGTTCCACCGTTGG-1,Activated/transitional T cells,Naive/resting T cells,Naive/resting T cells,0.8064928,False,0.0011343759,0.0037985006,0.0018763745,0.0028803234,0.001547775,0.18062304,0.001646803,0.8064928
pbmc4k_AAGGTTCCACGAAACG-1,NK cells,NK cells,NK cells,0.9066888,True,0.0018821163,0.0036263608,0.014810282,0.0019511045,0.062117483,0.005318622,0.9066888,0.003605192
pbmc4k_AAGGTTCGTGCCTGCA-1,Activated/transitional T cells,Naive/resting T cells,Naive/resting T cells,0.8496094,False,0.0004972223,0.0014152582,0.000811192,0.0011242626,0.0013211259,0.1445999,0.0006216577,0.8496094
pbmc4k_AAGGTTCGTGTTCTTT-1,Cytotoxic CD8 T cells,Cytotoxic CD8 T cells,Cytotoxic CD8 T cells,0.98809505,True,0.007710439,0.0003906918,0.00024908027,0.00025808922,0.98809505,0.0009042912,0.0007523887,0.0016400057
pbmc4k_AAGGTTCGTTCACGGC-1,Activated/transitional T cells,Naive/resting T cells,Naive/resting T cells,0.9978823,False,0.0012280677,0.00018872133,0.0001610988,0.00020672716,6.477522e-05,0.00014889034,0.00011942369,0.9978823
pbmc4k_AAGGTTCTCCATGAAC-1,Cytotoxic CD8 T cells,Naive/resting T cells,Naive/resting T cells,0.9842705,False,0.0013165331,0.0018798751,0.0004105408,0.00045736282,0.005327555,0.0060629486,0.00027464377,0.9842705
pbmc4k_AAGGTTCTCTACTATC-1,NK cells,NK cells,NK cells,0.9228917,True,0.0013928902,0.0019284535,0.0015125962,0.0009909961,0.062055398,0.008792702,0.9228917,0.00043532968
pbmc4k_AAGGTTCTCTCGTATT-1,B cells,B cells,B cells,0.9995433,True,2.7849856e-05,0.9995433,3.3266115e-05,4.6706813e-05,2.2889886e-05,0.00016317256,3.2491167e-05,0.00013039609
pbmc4k_AAGGTTCTCTTGAGGT-1,Activated/transitional T cells,Naive/resting T cells,Naive/resting T cells,0.90559685,False,0.00040309766,0.0014699616,0.0009196793,0.00098883,0.0011866356,0.08888473,0.0005501868,0.90559685
pbmc4k_AAGTCTGAGAGGGATA-1,Classical monocytes,Classical monocytes,Classical monocytes,0.99816656,True,7.447798e-05,0.00016449482,0.00090276945,0.99816656,0.00010054734,0.00038327105,0.00014474828,6.3131294e-05
pbmc4k_AAGTCTGAGAGTACAT-1,IL7R+ memory/helper T cells,IL7R+ memory/helper T cells,IL7R+ memory/helper T cells,0.99833566,True,0.00013506357,0.000270219,0.00023036785,0.00020750801,0.00015133618,0.99833566,0.0002188985,0.00045098586
pbmc4k_AAGTCTGAGCGGATCA-1,NK cells,NK cells,NK cells,0.9983596,True,7.9158686e-05,6.3977015e-05,0.0003704689,5.261783e-05,0.0007570034,0.00030029024,0.9983596,1.6860626e-05
pbmc4k_AAGTCTGAGTCAAGCG-1,B cells,B cells,B cells,0.9947944,True,0.00012008508,0.9947944,0.00012435249,0.00015784224,6.4234875e-05,0.0006778298,8.692719e-05,0.0039742584
pbmc4k_AAGTCTGCAAGGGTCA-1,Classical monocytes,Classical monocytes,Classical monocytes,0.9991641,True,8.7312015e-05,0.00012688506,0.0001603121,0.9991641,3.473254e-05,0.00020715522,0.00017833032,4.1169005e-05
pbmc4k_AAGTCTGCACTGTTAG-1,IL7R+ memory/helper T cells,IL7R+ memory/helper T cells,IL7R+ memory/helper T cells,0.9987876,True,4.7536985e-05,0.00013326624,8.417358e-05,8.8040106e-05,8.808243e-05,0.9987876,7.129012e-05,0.0007000892
pbmc4k_AATCCAGAGAGACTAT-1,NK cells,NK cells,NK cells,0.9704371,True,0.0021966815,0.0005676292,0.0006143068,0.0007170624,0.024340324,0.00074552273,0.9704371,0.00038131792
pbmc4k_AATCCAGAGCCAACAG-1,IL7R+ memory/helper T cells,IL7R+ memory/helper T cells,IL7R+ memory/helper T cells,0.99573416,True,5.7851015e-05,0.0002693535,0.00018241315,0.00010830672,0.00029948226,0.99573416,9.2746785e-05,0.0032556877
pbmc4k_AATCCAGAGCCACCTG-1,B cells,B cells,B cells,0.99849164,True,3.6570338e-05,0.99849164,3.8012087e-05,4.9186274e-05,2.7772521e-05,0.00025028546,3.1750355e-05,0.001074759
pbmc4k_AATCCAGAGTAATCCC-1,NK cells,NK cells,NK cells,0.96748525,True,0.004672819,0.0010426642,0.0011877035,0.00068460696,0.021220284,0.0026968878,0.96748525,0.0010097842
pbmc4k_AATCCAGCAAAGAATC-1,B cells,B cells,B cells,0.99929905,True,0.00019255819,0.99929905,3.0874282e-05,5.1836225e-05,1.4930796e-05,1.572618e-05,3.4655466e-05,0.0003603322
pbmc4k_AATCCAGCACAGGCCT-1,B cells,B cells,B cells,0.9991738,True,0.00011852283,0.9991738,3.3422453e-05,5.3399657e-05,3.778616e-05,7.50027e-05,2.9118572e-05,0.00047891025
pbmc4k_AATCCAGCAGCCTGTG-1,Cytotoxic CD8 T cells,Cytotoxic CD8 T cells,Cytotoxic CD8 T cells,0.7603098,True,0.00056434784,0.21444643,0.0019004719,0.0005929902,0.7603098,0.021063844,0.00071870093,0.00040341466
pbmc4k_AATCCAGGTAAAGTCA-1,Classical monocytes,Classical monocytes,Classical monocytes,0.9990646,True,2.1345075e-05,5.4925993e-05,0.00041724567,0.9990646,4.472663e-05,0.00030534368,5.631579e-05,3.549117e-05
pbmc4k_AATCCAGGTATAATGG-1,Activated/transitional T cells,Naive/resting T cells,Naive/resting T cells,0.9891967,False,0.008777096,0.00054534257,0.0002296799,0.000503558,0.00014911787,0.00038474178,0.0002137543,0.9891967
pbmc4k_AATCCAGGTGAAATCA-1,IL7R+ memory/helper T cells,IL7R+ memory/helper T cells,IL7R+ memory/helper T cells,0.9874287,True,0.0035765027,0.002109227,0.0016675275,0.0012056642,0.0015288526,0.9874287,0.0012638074,0.0012196809
pbmc4k_AATCCAGGTGCGCTTG-1,Classical monocytes,Classical monocytes,Classical monocytes,0.99970883,True,2.440415e-05,4.037929e-05,0.00013666066,0.99970883,1.3277698e-05,3.7176127e-05,2.3401564e-05,1.5824871e-05
pbmc4k_AATCCAGTCCCAGGTG-1,B cells,B cells,B cells,0.9993362,True,3.1055155e-05,0.9993362,2.7585384e-05,4.853294e-05,2.6086474e-05,0.0001435754,2.8542745e-05,0.00035845584
pbmc4k_AATCCAGTCCGAATGT-1,Activated/transitional T cells,IL7R+ memory/helper T cells,IL7R+ memory/helper T cells,0.9629298,False,0.00033421034,0.0011044408,0.0006192528,0.0005882949,0.00051908917,0.9629298,0.00047840606,0.03342657
pbmc4k_AATCCAGTCTCCAGGG-1,Activated/transitional T cells,Naive/resting T cells,Naive/resting T cells,0.9898102,False,0.00031426715,0.00066785427,0.00020240633,0.0002986805,0.00019560952,0.008335582,0.00017540695,0.9898102
pbmc4k_AATCCAGTCTCGCTTG-1,Classical monocytes,Classical monocytes,Classical monocytes,0.9996493,True,2.9544726e-05,6.3701504e-05,0.00010182617,0.9996493,1.9071798e-05,8.053331e-05,2.1526555e-05,3.44802e-05
pbmc4k_AATCGGTCAGGACCCT-1,CD16+ non-classical monocytes,CD16+ non-classical monocytes,CD16+ non-classical monocytes,0.78230023,True,0.0005431487,0.009297029,0.78230023,0.2002567,0.0010248929,0.0043310123,0.0014235065,0.0008234841
pbmc4k_AATCGGTCATCGTCGG-1,Classical monocytes,Classical monocytes,Classical monocytes,0.99477816,True,0.00014866091,0.0006309547,0.0018627807,0.99477816,0.00027458294,0.0012948721,0.00063546264,0.00037457346
pbmc4k_AATCGGTGTCGGATCC-1,Classical monocytes,Classical monocytes,Classical monocytes,0.99839336,True,1.7329761e-05,0.00026681417,0.0007907611,0.99839336,4.561458e-05,0.00037600266,8.028974e-05,2.9821287e-05
pbmc4k_AATCGGTGTGACTCAT-1,Activated/transitional T cells,Naive/resting T cells,Naive/resting T cells,0.6524809,False,0.008017979,0.004805214,0.003911284,0.0053391694,0.0091978535,0.31270605,0.0035415494,0.6524809
pbmc4k_AATCGGTGTTCCATGA-1,IL7R+ memory/helper T cells,IL7R+ memory/helper T cells,IL7R+ memory/helper T cells,0.99346256,True,0.0013633403,0.0010806025,0.00079834904,0.0007086403,0.0005477489,0.99346256,0.0007397392,0.001298993
pbmc4k_ACACCAAAGAAACGCC-1,NK cells,Cytotoxic CD8 T cells,Cytotoxic CD8 T cells,0.4735107,False,0.0043376614,0.003934165,0.005218828,0.0028065282,0.4735107,0.06530325,0.4432471,0.0016417567
pbmc4k_ACACCAAAGACTGGGT-1,Activated/transitional T cells,Naive/resting T cells,Naive/resting T cells,0.99456537,False,0.00068801997,0.0004300404,0.00028285632,0.00036903753,0.00023863568,0.003202501,0.00022346966,0.99456537
pbmc4k_ACACCAAAGGCAAAGA-1,Cytotoxic CD8 T cells,Activated/transitional T cells,Activated/transitional T cells,0.567924,False,0.567924,0.018836986,0.0106292525,0.013069074,0.010131869,0.056900367,0.011923559,0.3105849
pbmc4k_ACACCAAAGGCAATTA-1,Activated/transitional T cells,Naive/resting T cells,Naive/resting T cells,0.9613569,False,0.00020239197,0.00055798795,0.00038482665,0.00045762426,0.0005758863,0.03617799,0.0002864257,0.9613569
pbmc4k_ACACCAAAGGCTATCT-1,Cytotoxic CD8 T cells,Cytotoxic CD8 T cells,Cytotoxic CD8 T cells,0.9834077,True,0.00044151559,0.00041488025,0.00038504237,0.0002957774,0.9834077,0.014316085,0.0003768726,0.00036211836
pbmc4k_ACACCAAAGTTCCACA-1,Cytotoxic CD8 T cells,Cytotoxic CD8 T cells,Cytotoxic CD8 T cells,0.9799135,True,0.0023491357,0.0025528448,0.00063431717,0.0006650586,0.9799135,0.011474384,0.0017740665,0.0006366905
pbmc4k_ACACCAAAGTTTCCTT-1,Activated/transitional T cells,Naive/resting T cells,Naive/resting T cells,0.9916854,False,0.00036825254,0.00057367305,0.0003942929,0.0004069001,0.0003525346,0.0058248127,0.0003941626,0.9916854
pbmc4k_ACACCAACAACTGCTA-1,Cytotoxic CD8 T cells,Cytotoxic CD8 T cells,Cytotoxic CD8 T cells,0.9973707,True,0.00019760014,0.0001913596,0.0001790857,0.00041548233,0.9973707,0.0007550241,0.00018269694,0.00070804445
pbmc4k_ACACCAAGTAGCGATG-1,Cytotoxic CD8 T cells,Cytotoxic CD8 T cells,Cytotoxic CD8 T cells,0.9923085,True,0.0006195366,0.0003682572,0.00036634988,0.00032591226,0.9923085,0.003451506,0.0021546572,0.0004052568
pbmc4k_ACACCAATCATTGCGA-1,Classical monocytes,Classical monocytes,Classical monocytes,0.99972254,True,1.2588388e-05,6.833762e-05,8.3457955e-05,0.99972254,1.290237e-05,5.2571657e-05,2.8827722e-05,1.8795481e-05
pbmc4k_ACACCAATCTTGACGA-1,Cytotoxic CD8 T cells,Cytotoxic CD8 T cells,Cytotoxic CD8 T cells,0.99059874,True,0.00028379244,0.0002361615,0.00017825625,0.00019747601,0.99059874,0.007854071,0.00020482426,0.0004466654
pbmc4k_ACACCCTAGTACGTTC-1,B cells,B cells,B cells,0.99958056,True,2.2322423e-05,0.99958056,2.7796394e-05,8.686344e-05,1.6171458e-05,4.9068953e-05,2.4890922e-05,0.00019235104
pbmc4k_ACACCCTAGTGTTAGA-1,Cytotoxic CD8 T cells,Cytotoxic CD8 T cells,Cytotoxic CD8 T cells,0.9677106,True,0.0015436851,0.0011071475,0.0007427386,0.00086601265,0.9677106,0.025672639,0.0016613803,0.00069579406
pbmc4k_ACACCCTCATCTCCCA-1,CD16+ non-classical monocytes,CD16+ non-classical monocytes,CD16+ non-classical monocytes,0.9984621,True,6.675631e-05,0.00033255256,0.9984621,0.000598632,0.000108072374,0.00016834728,0.00019535964,6.82318e-05
pbmc4k_ACACCCTCATGCAATC-1,Activated/transitional T cells,Naive/resting T cells,Naive/resting T cells,0.9895923,False,0.00018942013,0.0005999654,0.00019650234,0.0002437441,0.00013896017,0.008883325,0.00015573668,0.9895923
pbmc4k_ACACCCTGTAAGGGCT-1,Activated/transitional T cells,Naive/resting T cells,Naive/resting T cells,0.9338675,False,0.00064899883,0.003956826,0.0007625279,0.0011347155,0.0005690672,0.058411043,0.00064926385,0.9338675
pbmc4k_ACACCCTGTCGCTTTC-1,IL7R+ memory/helper T cells,IL7R+ memory/helper T cells,IL7R+ memory/helper T cells,0.9459957,True,0.0069741234,0.0065983343,0.0026625632,0.0043948847,0.0029147428,0.9459957,0.002809083,0.027650625
pbmc4k_ACACCCTGTTCTGGTA-1,Classical monocytes,Classical monocytes,Classical monocytes,0.99659234,True,3.782724e-05,0.0003727063,0.0023469804,0.99659234,9.0954585e-05,0.00039447952,0.00011480052,4.987447e-05
pbmc4k_ACACCGGAGCTAAGAT-1,Classical monocytes,Classical monocytes,Classical monocytes,0.99779165,True,5.621175e-05,0.0005712781,0.00063601416,0.99779165,0.00011060504,0.00051676674,0.00019336569,0.00012407204
pbmc4k_ACACCGGAGGCAGGTT-1,Activated/transitional T cells,Naive/resting T cells,Naive/resting T cells,0.9681078,False,6.7896515e-05,0.00034171995,0.00014597387,0.00014183208,0.00012951871,0.030959105,0.000106129904,0.9681078
pbmc4k_ACACCGGAGTAACCCT-1,Classical monocytes,Classical monocytes,Classical monocytes,0.9992367,True,4.163722e-05,0.00010852788,0.0002652112,0.9992367,3.2591044e-05,0.00022261913,5.780954e-05,3.4894598e-05
pbmc4k_ACACCGGCAACCGCCA-1,Naive/resting T cells,IL7R+ memory/helper T cells,IL7R+ memory/helper T cells,0.877491,False,0.0022688822,0.0024434284,0.0017637411,0.0019179932,0.0013758809,0.877491,0.0016759647,0.1110631
pbmc4k_ACACCGGCACACATGT-1,NK cells,NK cells,NK cells,0.9758849,True,0.0006681516,0.0011518439,0.0053103752,0.0006708313,0.010283294,0.005812095,0.9758849,0.00021856667
pbmc4k_ACACCGGCACAGGTTT-1,NK cells,NK cells,NK cells,0.89796513,True,0.0005514769,0.0010037242,0.009656294,0.0012114508,0.06070132,0.02865632,0.89796513,0.00025429277
pbmc4k_ACACCGGCAGCTGCTG-1,Activated/transitional T cells,IL7R+ memory/helper T cells,IL7R+ memory/helper T cells,0.71986103,False,0.00038819533,0.0013106011,0.00088195293,0.0008592087,0.0005519031,0.71986103,0.00058078114,0.27556637
pbmc4k_ACACCGGCATCCTTGC-1,Activated/transitional T cells,Naive/resting T cells,Naive/resting T cells,0.97181475,False,0.0004269359,0.0031804934,0.0003770367,0.00050989084,0.00033830825,0.023035284,0.00031732055,0.97181475
pbmc4k_ACACCGGTCCCATTTA-1,IL7R+ memory/helper T cells,IL7R+ memory/helper T cells,IL7R+ memory/helper T cells,0.98073614,True,0.00041751857,0.001613316,0.0012620763,0.0010822845,0.0013541523,0.98073614,0.0010365351,0.012497922
pbmc4k_ACACCGGTCGTAGGAG-1,Activated/transitional T cells,Naive/resting T cells,Naive/resting T cells,0.9576056,False,0.00014026777,0.00021277585,0.00013667029,0.00012060822,0.00030177503,0.04137878,0.00010349761,0.9576056
pbmc4k_ACACTGAAGCGGCTTC-1,Naive/resting T cells,Naive/resting T cells,Naive/resting T cells,0.9866435,True,0.0010126794,0.0016461993,0.0004851559,0.00068211945,0.0005003378,0.008547544,0.00048249407,0.9866435
pbmc4k_ACACTGACAAGTAATG-1,Cytotoxic CD8 T cells,Cytotoxic CD8 T cells,Cytotoxic CD8 T cells,0.95684624,True,0.0002345502,0.00045675138,0.0004505355,0.00031647357,0.95684624,0.035441402,0.006079724,0.00017428712
pbmc4k_ACACTGACACAGGTTT-1,Classical monocytes,Classical monocytes,Classical monocytes,0.9995882,True,6.3358515e-05,9.406484e-05,0.00012494982,0.9995882,2.0067671e-05,5.273752e-05,3.8202877e-05,1.842163e-05
pbmc4k_ACACTGAGTGGTGTAG-1,Classical monocytes,Classical monocytes,Classical monocytes,0.9992625,True,3.9679322e-05,0.00018201367,0.00022322696,0.9992625,3.937395e-05,0.00012651597,9.2364324e-05,3.4347944e-05
pbmc4k_ACACTGATCCTTCAAT-1,Activated/transitional T cells,Naive/resting T cells,Naive/resting T cells,0.6387112,False,0.001212873,0.0033217007,0.002264122,0.00209301,0.0022601709,0.34833187,0.0018050536,0.6387112
pbmc4k_ACACTGATCGTTACGA-1,Activated/transitional T cells,IL7R+ memory/helper T cells,IL7R+ memory/helper T cells,0.9096479,False,0.0003071842,0.00060986093,0.0003273291,0.00032938173,0.0004114089,0.9096479,0.0003076084,0.088059396
pbmc4k_ACACTGATCTTTAGGG-1,Cytotoxic CD8 T cells,Cytotoxic CD8 T cells,Cytotoxic CD8 T cells,0.9968299,True,0.00033726497,0.0003135924,0.00017403434,0.00013284113,0.9968299,0.001384107,0.00066368555,0.00016456746
pbmc4k_ACAGCCGCAGTTCATG-1,B cells,B cells,B cells,0.99888855,True,6.842585e-05,0.99888855,4.474793e-05,7.67428e-05,4.079773e-05,0.00030800898,4.080606e-05,0.00053191936
pbmc4k_ACAGCCGGTCATACTG-1,Activated/transitional T cells,IL7R+ memory/helper T cells,Naive/resting T cells,0.7343288,False,0.0034058227,0.003983789,0.0022020284,0.0027316387,0.0014644057,0.25026953,0.0016139973,0.7343288
pbmc4k_ACAGCCGGTCTCAACA-1,Activated/transitional T cells,Naive/resting T cells,Naive/resting T cells,0.7279784,False,0.0059204544,0.0042900657,0.0024273456,0.0037302857,0.0021081474,0.25113067,0.0024146182,0.7279784
pbmc4k_ACAGCCGGTCTTGATG-1,CD16+ non-classical monocytes,CD16+ non-classical monocytes,CD16+ non-classical monocytes,0.98816234,True,0.00020393582,0.0034115112,0.98816234,0.004226489,0.0015440971,0.0012781034,0.00076791627,0.0004055756
pbmc4k_ACAGCCGTCACCGTAA-1,Activated/transitional T cells,Naive/resting T cells,Naive/resting T cells,0.98078525,False,0.00043375828,0.00032293625,0.00024803134,0.00019646902,0.00017220507,0.01765644,0.00018498125,0.98078525
pbmc4k_ACAGCTAAGATAGCAT-1,B cells,B cells,B cells,0.9993642,True,5.218364e-05,0.9993642,4.6049616e-05,5.7547368e-05,3.2423446e-05,0.00018640672,3.8802526e-05,0.00022239925
pbmc4k_ACAGCTAAGCCGATTT-1,Classical monocytes,Classical monocytes,Classical monocytes,0.9991068,True,3.5125333e-05,0.00025838282,0.00032566476,0.9991068,4.7546382e-05,0.000117886,7.133637e-05,3.7249567e-05
pbmc4k_ACAGCTAAGGACAGCT-1,Activated/transitional T cells,Naive/resting T cells,Naive/resting T cells,0.96966076,False,0.00015347023,0.0007109784,0.00023895488,0.00029859334,0.00028336246,0.028443014,0.00021086648,0.96966076
pbmc4k_ACAGCTAAGTTAGGTA-1,Cytotoxic CD8 T cells,Cytotoxic CD8 T cells,Cytotoxic CD8 T cells,0.9785864,True,0.0006033914,0.0003863499,0.0003538065,0.00026968148,0.9785864,0.013598686,0.0059259436,0.00027575155
pbmc4k_ACAGCTACACTAAGTC-1,Classical monocytes,Classical monocytes,Classical monocytes,0.9991303,True,2.5794434e-05,0.00013659825,0.00032756655,0.9991303,4.400705e-05,0.00021335988,7.423744e-05,4.8176287e-05
pbmc4k_ACAGCTACATACGCTA-1,NK cells,NK cells,NK cells,0.9312571,True,0.0002688198,0.0017591493,0.014516996,0.00084731414,0.046595972,0.0035909768,0.9312571,0.001163639
pbmc4k_ACAGCTAGTAAGTGGC-1,Activated/transitional T cells,IL7R+ memory/helper T cells,IL7R+ memory/helper T cells,0.66942924,False,0.00066369,0.00096859166,0.0008451389,0.0005928464,0.00050521217,0.66942924,0.00063503074,0.32636023
pbmc4k_ACAGCTAGTATTAGCC-1,Cytotoxic CD8 T cells,Cytotoxic CD8 T cells,Cytotoxic CD8 T cells,0.99770254,True,0.00013160607,0.00012583763,8.9308174e-05,6.822452e-05,0.99770254,0.0016310485,9.697824e-05,0.00015446912
pbmc4k_ACAGCTAGTCGGGTCT-1,Classical monocytes,Classical monocytes,Classical monocytes,0.99970704,True,1.7877443e-05,9.1702226e-05,4.483622e-05,0.99970704,2.3746345e-05,3.6214376e-05,2.685732e-05,5.174312e-05
pbmc4k_ACAGCTATCAACGGCC-1,IL7R+ memory/helper T cells,IL7R+ memory/helper T cells,IL7R+ memory/helper T cells,0.77291864,True,0.00017776829,0.00045531994,0.00019476382,0.00018673518,0.0002673578,0.77291864,0.00015538221,0.22564405
pbmc4k_ACAGCTATCGCATGAT-1,Activated/transitional T cells,IL7R+ memory/helper T cells,IL7R+ memory/helper T cells,0.8442612,False,0.0016685146,0.003584973,0.0026966496,0.0021947504,0.0015955749,0.8442612,0.0020653827,0.141933
pbmc4k_ACATACGAGTTACGGG-1,Activated/transitional T cells,IL7R+ memory/helper T cells,IL7R+ memory/helper T cells,0.8643579,False,0.00079384074,0.0016095678,0.000880836,0.0007493417,0.0007774259,0.8643579,0.0008434594,0.12998767
pbmc4k_ACATACGCAGCTGCAC-1,Activated/transitional T cells,Naive/resting T cells,Naive/resting T cells,0.8835186,False,0.00060433755,0.0014736787,0.00078825967,0.00095133326,0.0005183385,0.11146889,0.0006765523,0.8835186
pbmc4k_ACATACGTCACCGGGT-1,Classical monocytes,Classical monocytes,Classical monocytes,0.9997266,True,2.1288188e-05,5.0282444e-05,7.567159e-05,0.9997266,1.2729323e-05,5.1367366e-05,2.7854512e-05,3.4232766e-05
pbmc4k_ACATACGTCGGGAGTA-1,Activated/transitional T cells,Naive/resting T cells,Naive/resting T cells,0.8074639,False,0.009978448,0.005728182,0.0047907075,0.0027507625,0.0041163885,0.16228887,0.0028827605,0.8074639
pbmc4k_ACATCAGAGGTGCAAC-1,IL7R+ memory/helper T cells,IL7R+ memory/helper T cells,IL7R+ memory/helper T cells,0.99928916,True,2.8045446e-05,0.00024683864,7.166417e-05,6.185644e-05,7.702248e-05,0.99928916,4.794815e-05,0.00017745039
pbmc4k_ACATCAGCAGCTGTAT-1,Activated/transitional T cells,Naive/resting T cells,Naive/resting T cells,0.9968451,False,0.00020177306,0.00039583765,0.000292472,0.00029412174,0.00017094724,0.0016218992,0.00017788334,0.9968451
pbmc4k_ACATCAGCATATACGC-1,B cells,B cells,B cells,0.999539,True,3.7727652e-05,0.999539,3.7696616e-05,6.200681e-05,1.9695006e-05,7.3839896e-05,3.402375e-05,0.00019607235
pbmc4k_ACATCAGGTGTGACCC-1,IL7R+ memory/helper T cells,IL7R+ memory/helper T cells,IL7R+ memory/helper T cells,0.99943095,True,5.7928297e-05,9.6320146e-05,8.788359e-05,5.7833684e-05,7.1000955e-05,0.99943095,5.590517e-05,0.00014214413
pbmc4k_ACATCAGGTTTGTTTC-1,Activated/transitional T cells,Naive/resting T cells,Naive/resting T cells,0.9834368,False,0.00093015534,0.00092219794,0.00018242664,0.00027108486,0.0002047966,0.013887833,0.00016465162,0.9834368
pbmc4k_ACATCAGTCCTATTCA-1,Activated/transitional T cells,Naive/resting T cells,Naive/resting T cells,0.74039906,False,0.2424993,0.001488391,0.0010247381,0.008314965,0.0019510171,0.0032950712,0.0010274418,0.74039906
pbmc4k_ACATGGTAGCATGGCA-1,B cells,B cells,B cells,0.9990522,True,3.586138e-05,0.9990522,4.8432605e-05,5.455092e-05,0.00018826324,0.00012508713,3.132808e-05,0.00046418852
pbmc4k_ACATGGTAGTCTCAAC-1,Cytotoxic CD8 T cells,Cytotoxic CD8 T cells,Cytotoxic CD8 T cells,0.9666639,True,0.0010665543,0.0015377962,0.0012080459,0.0013761598,0.9666639,0.020445786,0.0016190263,0.0060827634
pbmc4k_ACATGGTCAAATACAG-1,IL7R+ memory/helper T cells,IL7R+ memory/helper T cells,IL7R+ memory/helper T cells,0.98805326,True,0.0002536847,0.0007019415,0.00055385026,0.00048969075,0.0062667206,0.98805326,0.00042023126,0.0032606318
pbmc4k_ACATGGTCAACCGCCA-1,Activated/transitional T cells,Naive/resting T cells,Naive/resting T cells,0.7226608,False,0.003253214,0.00205364,0.0012887532,0.0018325893,0.0007254199,0.26699552,0.001190092,0.7226608
pbmc4k_ACATGGTCATCGTCGG-1,B cells,B cells,B cells,0.9991961,True,0.00012175816,0.9991961,3.536798e-05,9.053849e-05,2.849523e-05,9.3831586e-05,4.0222905e-05,0.0003936375
pbmc4k_ACATGGTCATTTCACT-1,B cells,B cells,B cells,0.9985702,True,0.0002702709,0.9985702,6.517605e-05,9.058719e-05,5.558855e-05,0.00016213278,7.2273186e-05,0.00071379734
pbmc4k_ACATGGTTCTGCAAGT-1,B cells,B cells,B cells,0.9990971,True,3.4346842e-05,0.9990971,3.3246222e-05,3.8576924e-05,2.714091e-05,0.00021814897,3.2112628e-05,0.00051932887
pbmc4k_ACCAGTAAGGGCTCTC-1,Cytotoxic CD8 T cells,Cytotoxic CD8 T cells,Cytotoxic CD8 T cells,0.8196313,True,0.00020142966,0.0006583991,0.00037439392,0.0003912491,0.8196313,0.17698997,0.0010053227,0.00074798096
pbmc4k_ACCAGTAAGTGATCGG-1,Classical monocytes,Classical monocytes,Classical monocytes,0.99115986,True,0.00013284614,0.0024303445,0.003140707,0.99115986,0.0003463196,0.0023143028,0.00031215735,0.00016342162
pbmc4k_ACCAGTACAGACAGGT-1,Classical monocytes,Platelets,Activated/transitional T cells,0.58418864,False,0.58418864,0.04015953,0.04353448,0.10850183,0.09143778,0.069715776,0.0449993,0.017462673
pbmc4k_ACCAGTAGTACAAGTA-1,Activated/transitional T cells,Naive/resting T cells,Naive/resting T cells,0.98149925,False,0.0023398804,0.0009097012,0.0005577641,0.0006184039,0.0006441637,0.012895363,0.00053547067,0.98149925
pbmc4k_ACCAGTAGTAGAGCTG-1,Classical monocytes,Classical monocytes,Classical monocytes,0.9981286,True,9.764082e-05,0.00012606809,0.0005064416,0.9981286,5.0484472e-05,0.0009048135,0.00014680062,3.911942e-05
pbmc4k_ACCAGTAGTCTCTCTG-1,Cytotoxic CD8 T cells,Cytotoxic CD8 T cells,Cytotoxic CD8 T cells,0.99596244,True,0.00033567406,0.0001624981,0.000110741814,0.00012297671,0.99596244,0.0026111628,0.00054244814,0.00015211687
pbmc4k_ACCAGTAGTGAGTGAC-1,Activated/transitional T cells,Naive/resting T cells,Naive/resting T cells,0.9857788,False,0.00020996438,0.00090953347,0.00054002134,0.00049850915,0.00025151193,0.011533794,0.0002778021,0.9857788
pbmc4k_ACCAGTAGTGGTTTCA-1,Activated/transitional T cells,Naive/resting T cells,Naive/resting T cells,0.99787104,False,8.010063e-05,0.00017361883,0.000114039365,0.00012713824,0.00015850822,0.0013952389,8.036092e-05,0.99787104
pbmc4k_ACCAGTAGTTGACGTT-1,Cytotoxic CD8 T cells,Cytotoxic CD8 T cells,Cytotoxic CD8 T cells,0.9393012,True,0.00016891754,0.0003568578,0.00020422482,0.0001735526,0.9393012,0.059038732,0.00019535239,0.00056110567
pbmc4k_ACCAGTAGTTGTACAC-1,B cells,B cells,B cells,0.999126,True,2.7744089e-05,0.999126,6.433848e-05,5.0423812e-05,2.7242182e-05,0.00022312261,2.9649753e-05,0.00045141825
pbmc4k_ACCAGTATCCTCAATT-1,Activated/transitional T cells,Naive/resting T cells,Naive/resting T cells,0.9503628,False,0.0007398472,0.002350467,0.0012276922,0.00177373,0.00067343295,0.04187839,0.0009936723,0.9503628
pbmc4k_ACCAGTATCGCCTGAG-1,IL7R+ memory/helper T cells,IL7R+ memory/helper T cells,IL7R+ memory/helper T cells,0.99896574,True,0.000113893046,0.0001367478,0.00014825354,9.982875e-05,0.00024748463,0.99896574,0.00013555918,0.00015244381
pbmc4k_ACCAGTATCGCGTAGC-1,CD16+ non-classical monocytes,CD16+ non-classical monocytes,CD16+ non-classical monocytes,0.99691075,True,1.6224776e-05,0.0025077933,0.99691075,0.00014647782,6.72864e-05,0.00019883194,0.000121482684,3.1221476e-05
pbmc4k_ACCCACTAGCAATATG-1,B cells,B cells,B cells,0.9992798,True,2.29585e-05,0.9992798,3.900999e-05,3.9731316e-05,1.7021766e-05,0.0001010707,2.8172808e-05,0.00047231402
pbmc4k_ACCCACTAGCGCCTCA-1,NK cells,NK cells,NK cells,0.91611546,True,0.002410475,0.002815251,0.003165391,0.002092963,0.06878449,0.0032877903,0.91611546,0.0013281815
pbmc4k_ACCCACTAGCTAGTGG-1,Activated/transitional T cells,Naive/resting T cells,Naive/resting T cells,0.7162708,False,0.0014048378,0.0013772992,0.0008732995,0.00067365135,0.0019200299,0.2768784,0.00060168706,0.7162708
pbmc4k_ACCCACTAGGTGATAT-1,Classical monocytes,Classical monocytes,Classical monocytes,0.9988104,True,2.0354897e-05,0.00020151101,0.0005493258,0.9988104,4.5200937e-05,0.0002701787,7.059905e-05,3.2478525e-05
pbmc4k_ACCCACTAGTGGACGT-1,B cells,B cells,B cells,0.99854374,True,2.961349e-05,0.99854374,0.00011012405,0.00011944438,0.00029194262,0.00060577295,7.15314e-05,0.00022780703
pbmc4k_ACCCACTCATAAGACA-1,B cells,B cells,B cells,0.99942577,True,0.000101036596,0.99942577,4.553112e-05,5.3225485e-05,2.5350151e-05,4.5570305e-05,3.3023945e-05,0.0002704919
pbmc4k_ACCCACTGTAAGTAGT-1,Cytotoxic CD8 T cells,Cytotoxic CD8 T cells,Cytotoxic CD8 T cells,0.9489149,True,0.0014537959,0.0015903189,0.0006740249,0.0006636441,0.9489149,0.04301747,0.00071759976,0.0029682957
pbmc4k_ACCCACTGTAGGCTGA-1,Activated/transitional T cells,Naive/resting T cells,Naive/resting T cells,0.9778186,False,0.00020194722,0.0003906035,0.0003242297,0.0003089856,0.00042372342,0.020327348,0.000204612,0.9778186
pbmc4k_ACCCACTTCAGTCAGT-1,Activated/transitional T cells,Naive/resting T cells,Naive/resting T cells,0.9962643,False,0.00077654014,0.0003124377,0.00022748498,0.00033165637,0.00024548013,0.0016243153,0.00021774691,0.9962643
pbmc4k_ACCCACTTCGAGAGCA-1,Cytotoxic CD8 T cells,Cytotoxic CD8 T cells,Cytotoxic CD8 T cells,0.94465923,True,0.00093300955,0.0006869491,0.0006501138,0.0006505988,0.94465923,0.050906878,0.0007768083,0.0007364275
pbmc4k_ACCCACTTCGGAGCAA-1,Activated/transitional T cells,Naive/resting T cells,Naive/resting T cells,0.9955384,False,7.691031e-05,0.00013140804,9.372458e-05,0.0001074696,6.006851e-05,0.0039319685,5.9990994e-05,0.9955384
pbmc4k_ACCCACTTCGGCTTGG-1,IL7R+ memory/helper T cells,IL7R+ memory/helper T cells,IL7R+ memory/helper T cells,0.9916221,True,9.317638e-05,0.00023299885,0.00011146469,0.000111459056,0.00017554329,0.9916221,0.00010369418,0.007549552
pbmc4k_ACCCACTTCTGTACGA-1,Cytotoxic CD8 T cells,IL7R+ memory/helper T cells,IL7R+ memory/helper T cells,0.9367739,False,0.0026791121,0.0018213141,0.0014862694,0.0013950138,0.04147704,0.9367739,0.0013728975,0.012994423
pbmc4k_ACCGTAAAGATAGGAG-1,Classical monocytes,Classical monocytes,Classical monocytes,0.99933404,True,4.1765205e-05,0.00024067659,9.715842e-05,0.99933404,3.494649e-05,0.00012518019,6.677715e-05,5.9479324e-05
pbmc4k_ACCGTAACAGGACCCT-1,B cells,B cells,B cells,0.9995003,True,5.008434e-05,0.9995003,3.6778747e-05,3.6622503e-05,2.2810169e-05,7.022283e-05,2.453701e-05,0.00025863745
pbmc4k_ACCGTAAGTGGTCTCG-1,Classical monocytes,Classical monocytes,Classical monocytes,0.99872226,True,2.931853e-05,0.0001324228,0.00082429324,0.99872226,5.612966e-05,0.00013909457,7.356829e-05,2.2842136e-05
pbmc4k_ACCGTAAGTTAAGACA-1,Activated/transitional T cells,Naive/resting T cells,Naive/resting T cells,0.88853085,False,0.029058022,0.0063171242,0.004453123,0.0040652966,0.006324454,0.057103988,0.0041471347,0.88853085
pbmc4k_ACCTTTAAGCAGCGTA-1,Classical monocytes,Classical monocytes,Classical monocytes,0.998841,True,4.714965e-05,0.0002648906,0.00058393425,0.998841,4.1299554e-05,0.00011116191,7.944187e-05,3.1159558e-05
pbmc4k_ACCTTTAAGTATTGGA-1,Activated/transitional T cells,Naive/resting T cells,Naive/resting T cells,0.7336438,False,0.0011870494,0.002612569,0.0015214605,0.0015416354,0.001427925,0.25637704,0.0016885531,0.7336438
pbmc4k_ACCTTTACAATTGCTG-1,IL7R+ memory/helper T cells,IL7R+ memory/helper T cells,Naive/resting T cells,0.5355441,False,0.005879863,0.006122802,0.0036275103,0.0039983485,0.03502464,0.40743592,0.0023668397,0.5355441
pbmc4k_ACCTTTACACATTAGC-1,B cells,B cells,B cells,0.9995264,True,1.3170005e-05,0.9995264,2.7887017e-05,4.577474e-05,1.9538435e-05,0.0001993,2.2042404e-05,0.00014596725
pbmc4k_ACCTTTACACCGTTGG-1,B cells,B cells,B cells,0.9993424,True,4.0106213e-05,0.9993424,4.531421e-05,5.912804e-05,2.8169228e-05,0.00020582248,5.796096e-05,0.00022111957
pbmc4k_ACCTTTACATGGTCAT-1,NK cells,NK cells,Cytotoxic CD8 T cells,0.53947973,False,0.022620399,0.0061139953,0.03023928,0.005509175,0.53947973,0.013929256,0.37980065,0.002307469
pbmc4k_ACCTTTACATGTTGAC-1,Activated/transitional T cells,IL7R+ memory/helper T cells,Naive/resting T cells,0.5629496,False,0.002965137,0.0024657089,0.0018259858,0.002813921,0.0020561295,0.4232181,0.0017054098,0.5629496
pbmc4k_ACCTTTATCTCTTATG-1,IL7R+ memory/helper T cells,IL7R+ memory/helper T cells,IL7R+ memory/helper T cells,0.9681482,True,0.00046236636,0.0014743586,0.0010430658,0.0008254068,0.0019501488,0.9681482,0.00069344207,0.025402991
pbmc4k_ACGAGCCAGAGTACCG-1,B cells,B cells,B cells,0.9994635,True,3.892662e-05,0.9994635,3.659155e-05,4.3156808e-05,2.0658441e-05,5.063585e-05,3.0162664e-05,0.00031634068
pbmc4k_ACGAGCCAGGGTCTCC-1,Cytotoxic CD8 T cells,Cytotoxic CD8 T cells,Cytotoxic CD8 T cells,0.99519277,True,4.5985016e-05,9.157239e-05,0.000107400214,6.433638e-05,0.99519277,0.0041145845,0.00023999391,0.0001433642
pbmc4k_ACGAGCCAGTCGATAA-1,Cytotoxic CD8 T cells,Cytotoxic CD8 T cells,Cytotoxic CD8 T cells,0.99123305,True,0.0004266687,0.0001975122,0.00014171646,0.00014079074,0.99123305,0.007074949,0.0002859815,0.00049932767
pbmc4k_ACGAGCCCAGGGTTAG-1,Activated/transitional T cells,Naive/resting T cells,Naive/resting T cells,0.9227668,False,0.0017644176,0.0019373532,0.0012644351,0.0019875357,0.004139174,0.06499922,0.0011411062,0.9227668
pbmc4k_ACGAGCCCATGAACCT-1,Naive/resting T cells,Naive/resting T cells,Naive/resting T cells,0.9447752,True,0.00084449275,0.0013606286,0.0007366436,0.00054254674,0.0006947311,0.050530035,0.0005157114,0.9447752
pbmc4k_ACGAGCCCATTGAGCT-1,Activated/transitional T cells,Naive/resting T cells,Naive/resting T cells,0.90682095,False,0.0004099493,0.0009316252,0.0007245382,0.0008563851,0.0004968724,0.08922987,0.0005298226,0.90682095
pbmc4k_ACGAGCCGTTGGTAAA-1,Naive/resting T cells,Naive/resting T cells,Naive/resting T cells,0.9963959,True,0.0010689741,0.00016150104,0.00010521397,0.00016165698,0.00013988404,0.0018711718,9.5690935e-05,0.9963959
pbmc4k_ACGAGCCTCCTCAACC-1,B cells,B cells,B cells,0.99914837,True,3.6504876e-05,0.99914837,3.0884174e-05,0.00018817364,3.370603e-05,0.00034375562,3.0700812e-05,0.00018785233
pbmc4k_ACGAGCCTCGGAGCAA-1,Activated/transitional T cells,IL7R+ memory/helper T cells,IL7R+ memory/helper T cells,0.67562354,False,0.003085375,0.0012975701,0.0011341805,0.0009874693,0.00076146034,0.67562354,0.00085867016,0.31625172
pbmc4k_ACGAGCCTCTCTGAGA-1,Classical monocytes,Classical monocytes,Classical monocytes,0.9984692,True,6.7184184e-05,0.00016427203,0.000832125,0.9984692,5.7336656e-05,0.00017900002,0.0001655925,6.52513e-05
pbmc4k_ACGAGCCTCTGTTTGT-1,IL7R+ memory/helper T cells,IL7R+ memory/helper T cells,IL7R+ memory/helper T cells,0.8623749,True,0.0015755359,0.003707039,0.00289115,0.0029147693,0.0035668865,0.8623749,0.002280778,0.12068897
pbmc4k_ACGAGGAAGAATGTTG-1,CD16+ non-classical monocytes,CD16+ non-classical monocytes,CD16+ non-classical monocytes,0.999328,True,1.13195765e-05,0.0001928878,0.999328,0.00015048156,3.2736418e-05,0.0001910911,7.233962e-05,2.1143256e-05
pbmc4k_ACGAGGAAGCAATATG-1,Activated/transitional T cells,IL7R+ memory/helper T cells,Naive/resting T cells,0.5254422,False,0.0018439725,0.00223252,0.0018093366,0.0014929939,0.0030849364,0.46271876,0.0013752807,0.5254422
pbmc4k_ACGAGGAAGCACACAG-1,Classical monocytes,Classical monocytes,Classical monocytes,0.998847,True,1.5981686e-05,0.0003011376,0.00047789374,0.998847,3.932059e-05,0.00022493783,6.118279e-05,3.25201e-05
pbmc4k_ACGAGGAAGCTAACTC-1,Cytotoxic CD8 T cells,IL7R+ memory/helper T cells,IL7R+ memory/helper T cells,0.9734437,False,0.00047956398,0.0016459196,0.00076895865,0.00081326306,0.008167487,0.9734437,0.0007996549,0.013881516
pbmc4k_ACGAGGAAGTGGTAGC-1,B cells,B cells,B cells,0.99746966,True,0.0005351812,0.99746966,9.324378e-05,0.00014780948,7.1901246e-05,9.2985465e-05,9.77592e-05,0.0014914453
pbmc4k_ACGAGGACAAAGGAAG-1,NK cells,NK cells,NK cells,0.99746263,True,8.692327e-05,0.00018378576,0.0007411427,8.372429e-05,0.0006931432,0.0007235552,0.99746263,2.5062302e-05
pbmc4k_ACGAGGACATCAGTCA-1,B cells,B cells,B cells,0.99923027,True,2.1761209e-05,0.99923027,4.9711867e-05,4.8848735e-05,5.1648505e-05,0.00031573558,3.0578787e-05,0.0002514135
pbmc4k_ACGAGGACATTCGACA-1,IL7R+ memory/helper T cells,IL7R+ memory/helper T cells,IL7R+ memory/helper T cells,0.9895835,True,0.00029938653,0.0008560587,0.000532094,0.00029507827,0.00037169503,0.9895835,0.00026354508,0.007798626
pbmc4k_ACGAGGATCTACTATC-1,Cytotoxic CD8 T cells,Cytotoxic CD8 T cells,Cytotoxic CD8 T cells,0.9897517,True,0.00018251794,0.000258001,0.00022919942,0.00021209837,0.9897517,0.008513157,0.00029685485,0.0005564362
pbmc4k_ACGATACAGAATGTTG-1,Classical monocytes,Classical monocytes,Classical monocytes,0.99957913,True,1.5712476e-05,3.8914346e-05,6.74427e-05,0.99957913,1.582828e-05,0.00013887908,2.5649288e-05,0.00011848003
pbmc4k_ACGATACAGGAACTGC-1,Activated/transitional T cells,Naive/resting T cells,Naive/resting T cells,0.998166,False,0.00061263156,0.0002795957,0.00014515972,0.00022763942,8.680217e-05,0.00035049813,0.00013171542,0.998166
pbmc4k_ACGATACCAATTCCTT-1,B cells,B cells,B cells,0.99939513,True,6.5199914e-05,0.99939513,2.7757596e-05,5.166757e-05,3.2754324e-05,0.00010623611,2.4943618e-05,0.00029627254
pbmc4k_ACGATACCAGATGAGC-1,Classical monocytes,Classical monocytes,Classical monocytes,0.99964833,True,3.8706214e-05,4.9230763e-05,9.3287534e-05,0.99964833,2.6180369e-05,5.5844528e-05,4.0330626e-05,4.811373e-05
pbmc4k_ACGATACGTCGGCATC-1,Activated/transitional T cells,Naive/resting T cells,Naive/resting T cells,0.9783563,False,0.00017249337,0.00034782098,0.00017772889,0.00020813834,0.00016178464,0.020444619,0.0001311237,0.9783563
pbmc4k_ACGATACGTTAAGAAC-1,Activated/transitional T cells,Naive/resting T cells,Naive/resting T cells,0.8609549,False,0.0014841679,0.0044275974,0.0015487783,0.0023274561,0.0019453312,0.12583672,0.0014750476,0.8609549
pbmc4k_ACGATACTCGTAGGTT-1,NK cells,NK cells,NK cells,0.99417466,True,0.00060351996,0.00028002975,0.00027663537,0.00018911548,0.0032878455,0.0009864449,0.99417466,0.00020172172
pbmc4k_ACGATGTAGATCTGCT-1,Cytotoxic CD8 T cells,Cytotoxic CD8 T cells,Cytotoxic CD8 T cells,0.9960007,True,9.895474e-05,0.00028192863,0.00023948611,0.00018110906,0.9960007,0.0021953473,0.0006476574,0.00035476158
pbmc4k_ACGATGTAGTCCAGGA-1,Classical monocytes,Classical monocytes,Classical monocytes,0.7835108,True,0.00200824,0.033637494,0.0959898,0.7835108,0.0054915845,0.06750387,0.007517336,0.0043409355
pbmc4k_ACGATGTGTCATCGGC-1,Classical monocytes,Classical monocytes,Classical monocytes,0.99270004,True,0.00011678093,0.0024834948,0.003943137,0.99270004,0.00022017625,0.00024393706,0.00021629522,7.61263e-05
pbmc4k_ACGCAGCAGTGACATA-1,Activated/transitional T cells,Naive/resting T cells,Naive/resting T cells,0.99648666,False,0.0002594197,0.0007997535,0.00016112851,0.00011119983,0.0001215413,0.0019616184,9.8738055e-05,0.99648666
pbmc4k_ACGCAGCCACCTTGTC-1,Classical monocytes,Classical monocytes,Classical monocytes,0.9991517,True,0.00019820518,5.5110446e-05,0.00026030754,0.9991517,4.624908e-05,0.00014563004,8.980456e-05,5.2935346e-05
pbmc4k_ACGCAGCGTGTGGCTC-1,Naive/resting T cells,Naive/resting T cells,Naive/resting T cells,0.99544,True,0.000374714,0.00019981316,0.00015374771,0.00017955483,7.572373e-05,0.0034558515,0.00012051695,0.99544
pbmc4k_ACGCAGCGTTTACTCT-1,B cells,B cells,B cells,0.9994006,True,2.9765804e-05,0.9994006,3.7438404e-05,3.5970217e-05,1.4348301e-05,0.0002654574,2.4549918e-05,0.00019181162
pbmc4k_ACGCAGCTCTACTATC-1,Activated/transitional T cells,Naive/resting T cells,Naive/resting T cells,0.9471344,False,0.00022392524,0.0008551734,0.00056628586,0.0006760951,0.0006282996,0.049537107,0.0003787594,0.9471344
pbmc4k_ACGCAGCTCTCGAGTA-1,IL7R+ memory/helper T cells,IL7R+ memory/helper T cells,IL7R+ memory/helper T cells,0.9997061,True,2.3024506e-05,5.7988193e-05,3.1789154e-05,2.857069e-05,3.3351145e-05,0.9997061,2.4137345e-05,9.49746e-05
pbmc4k_ACGCCAGAGAATAGGG-1,B cells,B cells,B cells,0.99952805,True,2.7847465e-05,0.99952805,4.465938e-05,4.192921e-05,1.9496718e-05,7.996299e-05,2.6764816e-05,0.00023132411
pbmc4k_ACGCCAGAGAGACGAA-1,Cytotoxic CD8 T cells,Cytotoxic CD8 T cells,Cytotoxic CD8 T cells,0.9757416,True,0.0001304667,0.00019295287,0.00022653506,0.00017040831,0.9757416,0.022944864,0.00041292986,0.00018021445
pbmc4k_ACGCCAGAGTACGTAA-1,Cytotoxic CD8 T cells,Cytotoxic CD8 T cells,Cytotoxic CD8 T cells,0.9834585,True,0.00062945567,0.00040381882,0.0003641636,0.0002794072,0.9834585,0.0137993265,0.0008270741,0.00023830321
pbmc4k_ACGCCAGGTACTCTCC-1,B cells,B cells,B cells,0.99946505,True,2.5935435e-05,0.99946505,5.9510272e-05,5.9589438e-05,3.97474e-05,0.0001297587,3.9254446e-05,0.00018114428
pbmc4k_ACGCCAGGTGAACCTT-1,B cells,B cells,B cells,0.99560463,True,0.00014830304,0.99560463,9.3999806e-05,0.00013911257,9.077687e-05,0.00026014994,9.058963e-05,0.0035724593
pbmc4k_ACGCCGAAGTCGTACT-1,IL7R+ memory/helper T cells,IL7R+ memory/helper T cells,IL7R+ memory/helper T cells,0.97164,True,0.0006824192,0.0013558402,0.00095687434,0.0008747532,0.010745692,0.97164,0.00095181674,0.01279258
pbmc4k_ACGCCGAGTCATATCG-1,Cytotoxic CD8 T cells,Cytotoxic CD8 T cells,Cytotoxic CD8 T cells,0.9755997,True,0.0016366413,0.00084535725,0.00047095167,0.0005462338,0.9755997,0.003800219,0.016398044,0.0007029276
pbmc4k_ACGCCGAGTGCTAGCC-1,IL7R+ memory/helper T cells,IL7R+ memory/helper T cells,IL7R+ memory/helper T cells,0.99266946,True,0.00012595972,0.00043658025,0.0003128541,0.00022725613,0.00035289404,0.99266946,0.00019672443,0.005678297
pbmc4k_ACGCCGATCAGGATCT-1,Classical monocytes,Classical monocytes,Classical monocytes,0.99965215,True,1.7095866e-05,0.00012633749,4.5196037e-05,0.99965215,1.4116409e-05,6.9399895e-05,2.8549046e-05,4.7119272e-05
pbmc4k_ACGGAGAGTCACAAGG-1,Activated/transitional T cells,Naive/resting T cells,Naive/resting T cells,0.8580921,False,0.0005911018,0.00096492463,0.0004894908,0.0005227645,0.00057693286,0.13829497,0.00046769992,0.8580921
pbmc4k_ACGGAGAGTCGAGTTT-1,Classical monocytes,Classical monocytes,Classical monocytes,0.9903302,True,0.00012394684,0.00075520726,0.0072152084,0.9903302,0.00016975828,0.00082593336,0.0003454565,0.00023424474
pbmc4k_ACGGAGATCGTGACAT-1,NK cells,NK cells,NK cells,0.998401,True,5.3267344e-05,0.00010918581,0.00031519687,9.042142e-05,0.00053672097,0.00046291147,0.998401,3.127009e-05
pbmc4k_ACGGCCAAGAGATGAG-1,Activated/transitional T cells,Naive/resting T cells,Naive/resting T cells,0.99389416,False,0.000496073,0.0002778421,0.00011743222,0.00018506615,6.503549e-05,0.0048584053,0.00010597821,0.99389416
pbmc4k_ACGGCCAAGCGACGTA-1,B cells,B cells,B cells,0.9991468,True,1.0766688e-05,0.9991468,4.1918254e-05,4.350524e-05,3.3318058e-05,0.00017763911,2.287291e-05,0.00052309944
pbmc4k_ACGGCCAAGCGATGAC-1,NK cells,NK cells,NK cells,0.99797684,True,6.1586376e-05,0.000118721604,0.0005644161,9.97636e-05,0.000744207,0.00038922433,0.99797684,4.526204e-05
pbmc4k_ACGGCCAAGGAGTAGA-1,IL7R+ memory/helper T cells,IL7R+ memory/helper T cells,IL7R+ memory/helper T cells,0.98195994,True,0.00013466945,0.00041050714,0.0002831438,0.00021630753,0.0053383145,0.98195994,0.00025726896,0.011399884
pbmc4k_ACGGCCAAGTACGTAA-1,Classical monocytes,Classical monocytes,Classical monocytes,0.99845016,True,7.056976e-05,0.00027097625,0.00034685986,0.99845016,0.00033030513,0.00025986592,9.326898e-05,0.00017792237
pbmc4k_ACGGCCAAGTGACTCT-1,Classical monocytes,Classical monocytes,Classical monocytes,0.99773055,True,5.8310543e-05,0.0007269218,0.0007820245,0.99773055,0.00015554669,0.000292035,0.00017982455,7.477446e-05
pbmc4k_ACGGCCACAGGGTTAG-1,Naive/resting T cells,Naive/resting T cells,Naive/resting T cells,0.99367034,True,0.00065672584,0.00041964705,0.00028045123,0.00037412954,0.00028321423,0.0040927925,0.0002226944,0.99367034
pbmc4k_ACGGCCAGTCTCATCC-1,IL7R+ memory/helper T cells,IL7R+ memory/helper T cells,IL7R+ memory/helper T cells,0.9905849,True,0.000120237666,0.0007404686,0.00041190378,0.00028354477,0.0072274473,0.9905849,0.00030163184,0.0003298739
pbmc4k_ACGGCCAGTTAAAGAC-1,Activated/transitional T cells,IL7R+ memory/helper T cells,IL7R+ memory/helper T cells,0.71684235,False,0.08332489,0.008592929,0.009104376,0.008792691,0.099198215,0.71684235,0.007940451,0.06620409
pbmc4k_ACGGCCATCCTTTACA-1,Classical monocytes,Classical monocytes,Classical monocytes,0.9994642,True,2.4351359e-05,4.5787787e-05,0.00013551228,0.9994642,1.39195445e-05,0.00027177526,3.158e-05,1.2919473e-05
pbmc4k_ACGGCCATCTTGTACT-1,Naive/resting T cells,Naive/resting T cells,Naive/resting T cells,0.83383936,True,0.003390553,0.0041984813,0.0031390742,0.0029546202,0.0029595525,0.14715774,0.00236062,0.83383936
pbmc4k_ACGGGCTCACGGTTTA-1,IL7R+ memory/helper T cells,IL7R+ memory/helper T cells,IL7R+ memory/helper T cells,0.9562928,True,0.00021649821,0.00070197554,0.0006364141,0.0006222202,0.000540536,0.9562928,0.0004017589,0.04058778
pbmc4k_ACGGGCTCATGATCCA-1,Classical monocytes,Classical monocytes,Classical monocytes,0.9992667,True,1.7615577e-05,0.00016043517,0.00028067705,0.9992667,2.7832379e-05,0.00017474833,5.1632756e-05,2.040041e-05
pbmc4k_ACGGGCTGTAAACACA-1,Activated/transitional T cells,IL7R+ memory/helper T cells,IL7R+ memory/helper T cells,0.7691121,False,0.014668426,0.01223268,0.006083562,0.007845942,0.0055254074,0.7691121,0.0058462713,0.17868562
pbmc4k_ACGGGCTGTACAGACG-1,Classical monocytes,Classical monocytes,Classical monocytes,0.99632806,True,0.00015238301,0.0014558521,0.000937227,0.99632806,0.00017035761,0.00039011537,0.00037289984,0.00019316384
pbmc4k_ACGGGCTGTCATACTG-1,Naive/resting T cells,Naive/resting T cells,Naive/resting T cells,0.9761539,True,0.0047192737,0.0038174018,0.0014035457,0.0016373518,0.0012408688,0.009798679,0.0012289599,0.9761539
pbmc4k_ACGGGCTGTCTTCTCG-1,Classical monocytes,Classical monocytes,Classical monocytes,0.9964463,True,8.136325e-05,0.00050763873,0.0019031334,0.9964463,0.00021570026,0.00048891053,0.00028364325,7.332199e-05
pbmc4k_ACGGGCTGTGTTGAGG-1,B cells,B cells,B cells,0.99832433,True,2.1564676e-05,0.99832433,8.374054e-05,8.041737e-05,6.0649672e-05,0.0007233999,4.1307532e-05,0.00066454324
pbmc4k_ACGGGCTGTTATGCGT-1,Activated/transitional T cells,Naive/resting T cells,Naive/resting T cells,0.97128433,False,0.015824428,0.0016120408,0.001032784,0.0016924778,0.0011415895,0.0065568006,0.00085551915,0.97128433
pbmc4k_ACGGGCTGTTGACGTT-1,Cytotoxic CD8 T cells,Naive/resting T cells,Naive/resting T cells,0.54605407,False,0.009706336,0.0037566663,0.0026791107,0.003418677,0.34963632,0.08226156,0.002487278,0.54605407
pbmc4k_ACGGGCTTCCACGTGG-1,Classical monocytes,Classical monocytes,Classical monocytes,0.9996768,True,1.484762e-05,0.00011346601,3.304897e-05,0.9996768,3.2952074e-05,7.008508e-05,3.3603563e-05,2.513176e-05
pbmc4k_ACGGGTCAGCTACCTA-1,B cells,B cells,B cells,0.99931204,True,2.8423461e-05,0.99931204,4.8648355e-05,5.3063035e-05,2.6961012e-05,0.00028611728,3.125442e-05,0.0002134679
pbmc4k_ACGGGTCCAGGGAGAG-1,Cytotoxic CD8 T cells,Cytotoxic CD8 T cells,Cytotoxic CD8 T cells,0.9020786,True,0.00017161465,0.00025776617,0.00021617916,0.0001572194,0.9020786,0.096243605,0.00015174347,0.0007231899
pbmc4k_ACGGGTCGTATCACCA-1,Activated/transitional T cells,Naive/resting T cells,Naive/resting T cells,0.9693839,False,0.0007451054,0.0011715895,0.00073948427,0.0010276606,0.0005983591,0.025712976,0.00062097295,0.9693839
pbmc4k_ACGGGTCGTCGACTGC-1,Classical monocytes,Classical monocytes,Classical monocytes,0.99622846,True,3.7813392e-05,0.0004170283,0.002736377,0.99622846,5.3565647e-05,0.00034269676,9.114492e-05,9.2908645e-05
pbmc4k_ACGGGTCGTGCACCAC-1,Activated/transitional T cells,Naive/resting T cells,Naive/resting T cells,0.944966,False,0.00023309527,0.00032170984,0.00015398402,0.00019306815,0.00014167448,0.053874884,0.000115559895,0.944966
pbmc4k_ACGGGTCGTGCTCTTC-1,Activated/transitional T cells,Naive/resting T cells,Naive/resting T cells,0.963978,False,0.0007493237,0.0012553455,0.0006308284,0.00092047296,0.0012425568,0.030565921,0.0006575141,0.963978
pbmc4k_ACGGGTCGTGGTCCGT-1,Classical monocytes,Classical monocytes,Classical monocytes,0.99933904,True,4.848945e-05,8.565335e-05,0.00013085724,0.99933904,4.952808e-05,0.0002628101,5.13058e-05,3.234067e-05
pbmc4k_ACGGGTCGTTACAGAA-1,Classical monocytes,Classical monocytes,Classical monocytes,0.9990627,True,2.8120043e-05,0.000104526465,0.00048510128,0.9990627,0.00012008742,0.00011174244,5.303998e-05,3.4691642e-05
pbmc4k_ACGGGTCTCACTCCTG-1,Activated/transitional T cells,Naive/resting T cells,Naive/resting T cells,0.56583124,False,0.000908443,0.0020004434,0.0012114231,0.0012555645,0.0009903575,0.42697954,0.00082297693,0.56583124
pbmc4k_ACGGGTCTCCGCTGTT-1,B cells,B cells,B cells,0.9994481,True,6.0047714e-05,0.9994481,3.636771e-05,5.25845e-05,2.5836374e-05,0.00013556011,3.396707e-05,0.0002075038
pbmc4k_ACGGGTCTCGCTGATA-1,IL7R+ memory/helper T cells,IL7R+ memory/helper T cells,IL7R+ memory/helper T cells,0.9878445,True,0.0011051634,0.0014736262,0.0010157995,0.0006790939,0.0004512882,0.9878445,0.00077109656,0.0066594156
pbmc4k_ACGTCAAAGACGCTTT-1,IL7R+ memory/helper T cells,IL7R+ memory/helper T cells,IL7R+ memory/helper T cells,0.986717,True,0.00022645314,0.00052268105,0.00035599113,0.000357721,0.0003080911,0.986717,0.00028980733,0.011222315
pbmc4k_ACGTCAAAGACTTGAA-1,IL7R+ memory/helper T cells,IL7R+ memory/helper T cells,IL7R+ memory/helper T cells,0.9956189,True,5.9009053e-05,0.00020998281,0.0001895955,0.00013108434,0.0027527695,0.9956189,0.0001131753,0.00092547736
pbmc4k_ACGTCAAAGATCACGG-1,Cytotoxic CD8 T cells,IL7R+ memory/helper T cells,IL7R+ memory/helper T cells,0.43199518,False,0.20379263,0.0070684995,0.007940869,0.005954354,0.3183099,0.43199518,0.012797449,0.012141137
pbmc4k_ACGTCAAAGGCCCTCA-1,Classical monocytes,Classical monocytes,Classical monocytes,0.99955434,True,2.3336399e-05,4.4369546e-05,0.00010995286,0.99955434,2.0598247e-05,0.00017738325,4.8751423e-05,2.1308178e-05
pbmc4k_ACGTCAAAGGGTCTCC-1,Classical monocytes,Classical monocytes,Classical monocytes,0.9995239,True,3.3866298e-05,8.142066e-05,0.000102604296,0.9995239,2.3788998e-05,0.00013121426,4.8753514e-05,5.442952e-05
pbmc4k_ACGTCAAGTAAGAGAG-1,Cytotoxic CD8 T cells,Cytotoxic CD8 T cells,Cytotoxic CD8 T cells,0.97928077,True,0.00016078245,0.00026777547,0.0003321633,0.00018410714,0.97928077,0.01837959,0.0008683466,0.00052649755
pbmc4k_ACGTCAAGTATGGTTC-1,Activated/transitional T cells,Naive/resting T cells,Naive/resting T cells,0.9432908,False,0.0004953258,0.0011446418,0.0006092733,0.00058396714,0.0005683343,0.05294857,0.00035902622,0.9432908
pbmc4k_ACGTCAAGTCTAGGTT-1,Classical monocytes,Classical monocytes,Classical monocytes,0.99955314,True,2.4153223e-05,0.00010795919,0.000137475,0.99955314,3.9028735e-05,6.544847e-05,5.4428936e-05,1.8285686e-05
pbmc4k_ACGTCAAGTTCAGCGC-1,Activated/transitional T cells,Naive/resting T cells,Naive/resting T cells,0.97863674,False,0.001284815,0.0012983581,0.0007155193,0.001172281,0.0005104606,0.01575864,0.00062316464,0.97863674
pbmc4k_ACGTCAATCTGGCGAC-1,IL7R+ memory/helper T cells,IL7R+ memory/helper T cells,IL7R+ memory/helper T cells,0.9988085,True,6.898113e-05,0.00016948355,0.00012567735,0.00016157342,7.9235375e-05,0.9988085,0.000104796476,0.00048179307
pbmc4k_ACTATCTAGTCTCAAC-1,B cells,B cells,B cells,0.9996747,True,3.0339468e-05,0.9996747,3.4682314e-05,4.7127254e-05,1.9117044e-05,9.145071e-05,3.806928e-05,6.46005e-05
pbmc4k_ACTATCTAGTTATCGC-1,B cells,B cells,B cells,0.99948823,True,1.2662657e-05,0.99948823,3.67134e-05,4.8110844e-05,2.4015777e-05,0.00011083432,2.5095696e-05,0.0002542977
pbmc4k_ACTATCTGTATATCCG-1,Classical monocytes,Classical monocytes,Classical monocytes,0.9903915,True,0.00017279305,0.0033321476,0.0025507696,0.9903915,0.00066531915,0.002054509,0.00064182293,0.00019117001
pbmc4k_ACTATCTGTCGCATAT-1,Classical monocytes,Classical monocytes,Classical monocytes,0.9997422,True,3.0442412e-05,3.3188375e-05,7.116606e-05,0.9997422,2.6005224e-05,2.8629354e-05,5.1463587e-05,1.6875927e-05
pbmc4k_ACTATCTGTTAAGAAC-1,IL7R+ memory/helper T cells,IL7R+ memory/helper T cells,IL7R+ memory/helper T cells,0.99796957,True,6.10256e-05,0.00017209983,0.00012094378,8.17063e-05,7.147446e-05,0.99796957,7.155036e-05,0.0014516723
pbmc4k_ACTATCTGTTATCACG-1,Classical monocytes,Classical monocytes,Classical monocytes,0.99961025,True,2.0846452e-05,4.031978e-05,0.00018742208,0.99961025,2.3972481e-05,6.8596855e-05,3.0378886e-05,1.8216757e-05
pbmc4k_ACTATCTTCACAGGCC-1,Classical monocytes,Classical monocytes,Classical monocytes,0.9996222,True,1.1211065e-05,0.00011991096,7.299031e-05,0.9996222,2.1142787e-05,7.443723e-05,5.009432e-05,2.792392e-05
pbmc4k_ACTATCTTCCGTACAA-1,Classical monocytes,Classical monocytes,Classical monocytes,0.9995522,True,2.4320081e-05,7.9656136e-05,0.00017445003,0.9995522,2.0085481e-05,7.216834e-05,5.3813703e-05,2.332082e-05
pbmc4k_ACTATCTTCGCCATAA-1,Naive/resting T cells,Naive/resting T cells,Naive/resting T cells,0.98624563,True,0.0002099791,0.0004586352,0.00021931579,0.00029843676,0.00021393603,0.012172997,0.0001810927,0.98624563
pbmc4k_ACTATCTTCTACGAGT-1,Activated/transitional T cells,Naive/resting T cells,Naive/resting T cells,0.99619615,False,0.00016783616,0.00023336257,0.00013355477,0.00018571818,9.498773e-05,0.0028784145,0.00010995927,0.99619615
pbmc4k_ACTGAACAGCGTTGCC-1,Naive/resting T cells,Naive/resting T cells,Naive/resting T cells,0.99146855,True,0.0009171381,0.00055991934,0.00025930596,0.0003585066,0.0002145384,0.0059882766,0.00023380073,0.99146855
pbmc4k_ACTGAACCAAGCCGTC-1,Classical monocytes,Classical monocytes,Classical monocytes,0.9995441,True,2.1855056e-05,7.3835e-05,0.00016094335,0.9995441,2.5624722e-05,7.118284e-05,4.5271772e-05,5.7153728e-05
pbmc4k_ACTGAACCAGCCAATT-1,B cells,B cells,B cells,0.9996165,True,3.329566e-05,0.9996165,3.7646903e-05,4.7849502e-05,1.9533563e-05,4.8339123e-05,3.3589906e-05,0.00016320118
pbmc4k_ACTGAACCAGGCAGTA-1,Activated/transitional T cells,Naive/resting T cells,Naive/resting T cells,0.9649841,False,0.0002927439,0.0021742103,0.00073124125,0.0007470193,0.00039656492,0.03022083,0.00045329475,0.9649841
pbmc4k_ACTGAACGTAGCTTGT-1,Classical monocytes,Classical monocytes,Classical monocytes,0.9990552,True,4.341939e-05,0.00028342448,0.00039664377,0.9990552,2.5985617e-05,0.00011153654,5.0629165e-05,3.309776e-05
pbmc4k_ACTGAACGTTTGTGTG-1,B cells,B cells,B cells,0.99895144,True,4.690943e-05,0.99895144,2.5188529e-05,3.5800906e-05,2.7037035e-05,5.1057217e-05,2.2887243e-05,0.0008396837
pbmc4k_ACTGAACTCGTTTGCC-1,Activated/transitional T cells,Naive/resting T cells,Naive/resting T cells,0.67771477,False,0.0012086418,0.0049250964,0.0018592189,0.0026150618,0.0024768186,0.307298,0.0019023708,0.67771477
pbmc4k_ACTGAACTCTGGCGTG-1,CD16+ non-classical monocytes,CD16+ non-classical monocytes,CD16+ non-classical monocytes,0.9986193,True,3.5209992e-05,0.0003778315,0.9986193,0.00024045535,0.00020185132,0.0003199259,0.00018077847,2.4599296e-05
pbmc4k_ACTGAGTAGAATTCCC-1,Cytotoxic CD8 T cells,Cytotoxic CD8 T cells,Cytotoxic CD8 T cells,0.98601574,True,0.0004876007,0.0007490217,0.00030132252,0.00028677908,0.98601574,0.010344922,0.00037205842,0.0014425378
pbmc4k_ACTGAGTAGTTGTAGA-1,Activated/transitional T cells,Naive/resting T cells,Naive/resting T cells,0.8964934,False,0.0004758235,0.0013270589,0.0007720734,0.0008292113,0.00070638844,0.09871034,0.00068565353,0.8964934
pbmc4k_ACTGAGTCAACACGCC-1,Naive/resting T cells,Naive/resting T cells,Naive/resting T cells,0.99117494,True,0.0007183879,0.0020599675,0.00046185282,0.0005178804,0.0005026108,0.004213186,0.00035114354,0.99117494
pbmc4k_ACTGAGTCAGCGAACA-1,NK cells,Cytotoxic CD8 T cells,Cytotoxic CD8 T cells,0.834689,False,0.0019924704,0.0036709611,0.002091075,0.0014888577,0.834689,0.01316058,0.13970034,0.0032066975
pbmc4k_ACTGAGTCATCCCATC-1,Classical monocytes,Classical monocytes,Classical monocytes,0.9975551,True,3.0626026e-05,0.0009412142,0.0006536061,0.9975551,9.592276e-05,0.0005187064,0.00010749214,9.74402e-05
pbmc4k_ACTGAGTCATGATCCA-1,B cells,B cells,B cells,0.99685293,True,2.1690148e-05,0.99685293,4.273482e-05,4.6811285e-05,2.1032438e-05,0.00017964205,2.7285205e-05,0.0028079473
pbmc4k_ACTGAGTGTAGCTAAA-1,Activated/transitional T cells,Naive/resting T cells,Naive/resting T cells,0.6979631,False,0.004187323,0.0030116239,0.0022442536,0.002478086,0.0013216136,0.2873053,0.001488679,0.6979631
pbmc4k_ACTGAGTGTCATACTG-1,Cytotoxic CD8 T cells,Cytotoxic CD8 T cells,Cytotoxic CD8 T cells,0.9494082,True,0.00045464584,0.0006776697,0.00036345763,0.0004217057,0.9494082,0.046033457,0.0006966966,0.0019442078
pbmc4k_ACTGAGTGTCCTAGCG-1,Activated/transitional T cells,Naive/resting T cells,Naive/resting T cells,0.9913094,False,0.0001896757,0.0003185547,0.00022775719,0.00028749337,0.00018892523,0.0073077143,0.00017046338,0.9913094
pbmc4k_ACTGAGTGTGACCAAG-1,Classical monocytes,Classical monocytes,Classical monocytes,0.99960107,True,1.8295266e-05,7.954282e-05,0.00016560449,0.99960107,1.4795215e-05,5.809019e-05,3.164227e-05,3.0973548e-05
pbmc4k_ACTGAGTGTGAGTGAC-1,B cells,B cells,B cells,0.99934465,True,3.4457993e-05,0.99934465,4.5646593e-05,5.258106e-05,3.5924768e-05,0.00012131318,2.8832055e-05,0.00033654735
pbmc4k_ACTGAGTGTTGATTGC-1,Cytotoxic CD8 T cells,Cytotoxic CD8 T cells,Cytotoxic CD8 T cells,0.99687344,True,0.00023550297,0.00015968471,0.00017848605,0.00012834246,0.99687344,0.0020977973,0.0002386481,8.8084154e-05
pbmc4k_ACTGAGTTCCGGGTGT-1,IL7R+ memory/helper T cells,IL7R+ memory/helper T cells,IL7R+ memory/helper T cells,0.9976426,True,0.00012237414,0.0003688953,0.00026075105,0.00022811428,0.00024780116,0.9976426,0.00020218093,0.00092733506
pbmc4k_ACTGAGTTCGAATCCA-1,Cytotoxic CD8 T cells,Cytotoxic CD8 T cells,Cytotoxic CD8 T cells,0.92975575,True,0.003541976,0.0012856897,0.0009943029,0.0009510706,0.92975575,0.056746103,0.0009669907,0.005758062
pbmc4k_ACTGAGTTCGCCAGCA-1,Classical monocytes,Classical monocytes,Classical monocytes,0.9996643,True,1.972825e-05,7.010573e-05,8.418073e-05,0.9996643,1.0829866e-05,0.000100834,2.5203353e-05,2.4802392e-05
pbmc4k_ACTGATGAGGTAAACT-1,Classical monocytes,Classical monocytes,Classical monocytes,0.99957377,True,9.666143e-05,6.044489e-05,9.429359e-05,0.99957377,1.5966827e-05,6.172177e-05,3.3652534e-05,6.347675e-05
pbmc4k_ACTGATGCAAGAAAGG-1,Classical monocytes,Classical monocytes,Classical monocytes,0.9996195,True,1.0392835e-05,8.838941e-05,7.144135e-05,0.9996195,1.4939188e-05,0.00011791859,2.7655324e-05,4.9733935e-05
pbmc4k_ACTGATGCAAGTTAAG-1,Classical monocytes,Classical monocytes,Classical monocytes,0.99312943,True,0.000119529395,0.0035784843,0.0019582193,0.99312943,0.00046389716,0.0003518051,0.0002956635,0.000102891616
pbmc4k_ACTGATGCAATACGCT-1,Activated/transitional T cells,Naive/resting T cells,Naive/resting T cells,0.9703783,False,0.00018169155,0.001320095,0.0003158514,0.0003824212,0.0002648929,0.026915045,0.00024171895,0.9703783
pbmc4k_ACTGATGCACCTGGTG-1,Activated/transitional T cells,Naive/resting T cells,Naive/resting T cells,0.93411213,False,0.0035501923,0.001707143,0.0011262089,0.001615674,0.00085038366,0.05600784,0.0010304796,0.93411213
pbmc4k_ACTGATGCACGTTGGC-1,B cells,B cells,B cells,0.99814475,True,2.1172425e-05,0.99814475,3.3322627e-05,4.939987e-05,2.5348536e-05,0.00022034545,2.5925294e-05,0.0014797541
pbmc4k_ACTGATGCAGTCCTTC-1,Classical monocytes,Classical monocytes,Classical monocytes,0.99829644,True,5.1120616e-05,0.00022518849,0.0010742455,0.99829644,6.0489187e-05,0.00016134004,0.00010044837,3.07698e-05
pbmc4k_ACTGATGCATGGGACA-1,Activated/transitional T cells,IL7R+ memory/helper T cells,IL7R+ memory/helper T cells,0.6043992,False,0.004892583,0.0047832453,0.0037863113,0.004771238,0.003522045,0.6043992,0.0035532233,0.37029213
pbmc4k_ACTGATGCATTCCTGC-1,Classical monocytes,Classical monocytes,Classical monocytes,0.9995851,True,1.3684946e-05,6.662635e-05,0.00016464284,0.9995851,2.334208e-05,8.1021e-05,3.657458e-05,2.9010263e-05
pbmc4k_ACTGATGGTCAGCTAT-1,Activated/transitional T cells,Naive/resting T cells,Naive/resting T cells,0.99134564,False,0.0069456147,0.00022774031,0.00011212588,0.00018038195,0.00011848016,0.0009663832,0.000103683466,0.99134564
pbmc4k_ACTGATGTCAGTACGT-1,Activated/transitional T cells,Naive/resting T cells,Naive/resting T cells,0.5716495,False,0.0014100964,0.0012930359,0.0009228168,0.001014097,0.00077688106,0.42213124,0.00080231205,0.5716495
pbmc4k_ACTGATGTCGGTCTAA-1,IL7R+ memory/helper T cells,IL7R+ memory/helper T cells,IL7R+ memory/helper T cells,0.99563783,True,0.00019527672,0.00041049402,0.00036711307,0.00023824799,0.0002546342,0.99563783,0.00019194384,0.0027044592
pbmc4k_ACTGATGTCTTGGGTA-1,NK cells,NK cells,NK cells,0.9924534,True,0.000108364104,0.00029374726,0.0012708806,0.0002270178,0.00285443,0.0026915784,0.9924534,0.000100553
pbmc4k_ACTGCTCAGCCAGTAG-1,B cells,B cells,B cells,0.9875492,True,0.0001415399,0.9875492,0.00026455722,0.00026304447,0.00022916925,0.0011684406,0.00014997458,0.010234096
pbmc4k_ACTGCTCAGTATCGAA-1,Naive/resting T cells,Naive/resting T cells,Naive/resting T cells,0.9933502,True,0.0002640736,0.00046821957,0.00030405066,0.0003792058,0.00021602487,0.0047795735,0.00023862022,0.9933502
pbmc4k_ACTGCTCCAATGAATG-1,NK cells,NK cells,NK cells,0.9793927,True,0.0006200681,0.0013378,0.004003791,0.0012942286,0.006853645,0.005645125,0.9793927,0.0008526197
pbmc4k_ACTGCTCCAGGGTACA-1,Cytotoxic CD8 T cells,Cytotoxic CD8 T cells,Cytotoxic CD8 T cells,0.9701071,True,0.0043450403,0.00096987066,0.00089166674,0.0009979939,0.9701071,0.020386362,0.0010903457,0.0012117049
pbmc4k_ACTGCTCGTCTGATTG-1,Classical monocytes,Classical monocytes,Classical monocytes,0.99900216,True,0.00010139543,0.00017520228,0.00037560903,0.99900216,4.8728067e-05,0.00013709854,0.0001259291,3.383616e-05
pbmc4k_ACTGCTCTCCTCAATT-1,Activated/transitional T cells,Naive/resting T cells,Naive/resting T cells,0.7980924,False,0.00014251121,0.00063054066,0.00042920595,0.000330342,0.00023609087,0.19986522,0.0002737049,0.7980924
pbmc4k_ACTGCTCTCCTCATTA-1,Cytotoxic CD8 T cells,Cytotoxic CD8 T cells,Cytotoxic CD8 T cells,0.9920121,True,0.0003424353,0.00044836014,0.00024695357,0.00032118818,0.9920121,0.0035844275,0.00031638026,0.0027281465
pbmc4k_ACTGCTCTCGGCTACG-1,Cytotoxic CD8 T cells,Cytotoxic CD8 T cells,Cytotoxic CD8 T cells,0.9951373,True,0.000383407,0.0003253272,0.00026550711,0.0002776251,0.9951373,0.0026915446,0.0005004071,0.0004189608
pbmc4k_ACTGCTCTCTTGTCAT-1,Cytotoxic CD8 T cells,Cytotoxic CD8 T cells,Cytotoxic CD8 T cells,0.76011246,True,0.0031471672,0.007307622,0.0040904297,0.0054667452,0.76011246,0.20899354,0.0042241113,0.0066579343
pbmc4k_ACTGTCCAGCCACGTC-1,B cells,B cells,B cells,0.9898844,True,0.00063930353,0.9898844,0.0005924676,0.0010296423,0.0004984369,0.0020602117,0.0005900959,0.004705393
pbmc4k_ACTGTCCAGCTCCTTC-1,Activated/transitional T cells,IL7R+ memory/helper T cells,Naive/resting T cells,0.575988,False,0.0035456193,0.0027104153,0.0018343218,0.0019805091,0.0011889886,0.41137183,0.001380339,0.575988
pbmc4k_ACTGTCCAGCTGAAAT-1,Activated/transitional T cells,Naive/resting T cells,Naive/resting T cells,0.94198614,False,0.0010871614,0.0011568702,0.00062597473,0.0009119456,0.0004670399,0.053190794,0.0005740828,0.94198614
pbmc4k_ACTGTCCAGTGGGATC-1,Activated/transitional T cells,Naive/resting T cells,Naive/resting T cells,0.9567545,False,0.00038205483,0.0014780782,0.0005947428,0.00076648896,0.0004459508,0.039139424,0.0004387511,0.9567545
pbmc4k_ACTGTCCCACGAGGTA-1,Classical monocytes,Classical monocytes,Classical monocytes,0.99968576,True,2.0438201e-05,6.1474355e-05,0.00011259594,0.99968576,1.3955118e-05,3.8197242e-05,2.9966524e-05,3.763379e-05
pbmc4k_ACTGTCCCATGTAGTC-1,Cytotoxic CD8 T cells,Cytotoxic CD8 T cells,Cytotoxic CD8 T cells,0.99296874,True,5.741411e-05,0.00019061317,0.00012399178,8.3064515e-05,0.99296874,0.0042103543,0.0022602933,0.000105486266
pbmc4k_ACTGTCCCATGTCGAT-1,B cells,B cells,B cells,0.9988913,True,0.00010106754,0.9988913,0.00010118269,8.452058e-05,8.719316e-05,7.995093e-05,5.3750537e-05,0.00060108944
pbmc4k_ACTGTCCCATTCCTGC-1,IL7R+ memory/helper T cells,IL7R+ memory/helper T cells,IL7R+ memory/helper T cells,0.9926891,True,0.0012674432,0.0012680949,0.0017931385,0.0007149092,0.00057333795,0.9926891,0.0010275076,0.0006664354
pbmc4k_ACTGTCCGTATGGTTC-1,Classical monocytes,Classical monocytes,Classical monocytes,0.9994149,True,2.7126223e-05,0.0001400448,9.2874856e-05,0.9994149,8.203434e-05,8.352263e-05,3.6954658e-05,0.00012252048
pbmc4k_ACTGTCCTCACAGGCC-1,Activated/transitional T cells,Naive/resting T cells,Naive/resting T cells,0.9920614,False,0.0009075636,0.0010401116,0.0003501256,0.0005550148,0.00021910384,0.004556852,0.00030981682,0.9920614
pbmc4k_ACTTACTAGATCCTGT-1,B cells,B cells,B cells,0.9994923,True,3.0318057e-05,0.9994923,4.2590615e-05,4.586993e-05,8.615372e-05,0.00010314408,2.8828175e-05,0.00017076146
pbmc4k_ACTTACTAGCTATGCT-1,Cytotoxic CD8 T cells,Cytotoxic CD8 T cells,Cytotoxic CD8 T cells,0.9427312,True,0.03998389,0.0018571338,0.0015692,0.0015954686,0.9427312,0.004828719,0.002741651,0.004692676
pbmc4k_ACTTACTAGTCCCACG-1,Activated/transitional T cells,Naive/resting T cells,Naive/resting T cells,0.99334747,False,0.0003295878,0.00047263305,0.00036229327,0.00042734688,0.0004999642,0.0042850776,0.00027565262,0.99334747
pbmc4k_ACTTACTCAAGCCGCT-1,Activated/transitional T cells,Naive/resting T cells,Naive/resting T cells,0.99840516,False,0.00046336526,0.00013552835,9.909982e-05,0.00012633619,5.1861418e-05,0.00064242905,7.621485e-05,0.99840516
pbmc4k_ACTTACTCACTGCCAG-1,Classical monocytes,Classical monocytes,Classical monocytes,0.99953437,True,1.7275548e-05,0.0001359093,0.00016994933,0.99953437,1.9287989e-05,5.1884635e-05,5.0705163e-05,2.0627145e-05
pbmc4k_ACTTACTCAGTACACT-1,Activated/transitional T cells,Naive/resting T cells,Naive/resting T cells,0.9927698,False,0.00023654122,0.00070320786,0.00035932427,0.0005666309,0.0003320496,0.0047610337,0.00027143906,0.9927698
pbmc4k_ACTTACTCATTTGCTT-1,B cells,B cells,B cells,0.9994485,True,2.0538439e-05,0.9994485,4.9325237e-05,4.783831e-05,1.7886665e-05,0.00017415518,2.6603719e-05,0.00021511735
pbmc4k_ACTTACTGTTGCGTTA-1,Cytotoxic CD8 T cells,Cytotoxic CD8 T cells,Cytotoxic CD8 T cells,0.9922351,True,0.00020359788,0.00050765113,0.0004544987,0.00029069363,0.9922351,0.0041013667,0.0013036641,0.00090333563
pbmc4k_ACTTACTTCAGTTCGA-1,Cytotoxic CD8 T cells,Cytotoxic CD8 T cells,Cytotoxic CD8 T cells,0.9836463,True,0.000731877,0.0014978029,0.00044204743,0.00036140846,0.9836463,0.007774821,0.0048765955,0.00066915114
pbmc4k_ACTTGTTAGGGTGTGT-1,Cytotoxic CD8 T cells,Cytotoxic CD8 T cells,Cytotoxic CD8 T cells,0.9928844,True,0.00025900302,0.00034853964,0.00024806857,0.00028687567,0.9928844,0.004639486,0.0007252727,0.0006083821
pbmc4k_ACTTGTTAGTGTCCAT-1,Classical monocytes,Classical monocytes,Classical monocytes,0.99924135,True,0.00017058189,8.440068e-05,0.00024770357,0.99924135,3.4917863e-05,7.461109e-05,8.823068e-05,5.8171718e-05
pbmc4k_ACTTGTTCAACTGGCC-1,B cells,B cells,B cells,0.99920386,True,3.188726e-05,0.99920386,3.6958518e-05,5.146831e-05,4.0702555e-05,0.00043461294,3.1481544e-05,0.00016900209
pbmc4k_ACTTGTTCACCGGAAA-1,Classical monocytes,Classical monocytes,Classical monocytes,0.9925533,True,0.00029214274,0.0007132017,0.0047364486,0.9925533,0.0002087597,0.0008609692,0.00044515336,0.00019004052
pbmc4k_ACTTGTTGTCCGAGTC-1,Activated/transitional T cells,Naive/resting T cells,Naive/resting T cells,0.9609654,False,0.0006674802,0.0017236932,0.0013212637,0.0013291816,0.0006567707,0.03252625,0.0008099273,0.9609654
pbmc4k_ACTTGTTGTGACCAAG-1,Activated/transitional T cells,Naive/resting T cells,Naive/resting T cells,0.9949656,False,0.0001353406,0.0004468745,0.0002389096,0.00027537663,0.00025805694,0.0035083878,0.0001713934,0.9949656
pbmc4k_ACTTGTTGTGACGCCT-1,Activated/transitional T cells,Naive/resting T cells,Naive/resting T cells,0.9944705,False,0.0013394696,0.00036353603,0.00024346466,0.00036945075,0.00018681563,0.0028011603,0.00022564373,0.9944705
pbmc4k_ACTTGTTGTGTCCTCT-1,Activated/transitional T cells,Naive/resting T cells,Naive/resting T cells,0.91671264,False,0.00020715056,0.0008021849,0.00072393654,0.0007671577,0.00039186448,0.07991814,0.000476988,0.91671264
pbmc4k_ACTTGTTTCATGTCTT-1,IL7R+ memory/helper T cells,IL7R+ memory/helper T cells,IL7R+ memory/helper T cells,0.998889,True,0.00010255086,0.00014757398,0.000104762556,0.00011301528,8.369614e-05,0.998889,0.00011808598,0.00044132225
pbmc4k_ACTTGTTTCCCGACTT-1,Classical monocytes,Classical monocytes,Classical monocytes,0.9993734,True,3.1259497e-05,0.0002317089,0.00016975577,0.9993734,2.4086823e-05,6.4130654e-05,4.7974372e-05,5.7773683e-05
pbmc4k_ACTTGTTTCGAACTGT-1,Classical monocytes,Classical monocytes,Classical monocytes,0.9988488,True,7.338301e-05,0.0003771133,0.00028861302,0.9988488,4.7764945e-05,0.0001927113,0.00010486749,6.6774905e-05
pbmc4k_ACTTGTTTCGGCTACG-1,Activated/transitional T cells,Naive/resting T cells,Naive/resting T cells,0.9970197,False,0.0001534174,0.0002608884,0.0001727529,0.00020789087,0.00016349833,0.0018854354,0.00013634558,0.9970197
pbmc4k_ACTTGTTTCTGGAGCC-1,Activated/transitional T cells,Naive/resting T cells,Naive/resting T cells,0.9783357,False,0.00072363706,0.002279503,0.00052924344,0.000501254,0.0010406469,0.016171213,0.0004188773,0.9783357
pbmc4k_ACTTGTTTCTTAGAGC-1,Activated/transitional T cells,IL7R+ memory/helper T cells,Naive/resting T cells,0.63125736,False,0.0005845742,0.0015242884,0.0009228482,0.00069488585,0.0005253817,0.363892,0.0005986781,0.63125736
pbmc4k_ACTTTCAAGCTAGTCT-1,Activated/transitional T cells,Naive/resting T cells,Naive/resting T cells,0.9570515,False,0.032462705,0.002088827,0.0008111742,0.004065215,0.0010771799,0.001624481,0.00081887766,0.9570515
pbmc4k_ACTTTCAAGTGCGATG-1,IL7R+ memory/helper T cells,IL7R+ memory/helper T cells,IL7R+ memory/helper T cells,0.72499365,True,0.0015563074,0.0020633193,0.0010141142,0.0012352573,0.017733099,0.72499365,0.000873135,0.25053117
pbmc4k_ACTTTCACAAGCTGAG-1,B cells,B cells,B cells,0.99890256,True,4.82303e-05,0.99890256,6.6776265e-05,5.1681716e-05,6.0179307e-05,0.00013313309,3.3011e-05,0.00070442137
pbmc4k_ACTTTCACACATGTGT-1,Cytotoxic CD8 T cells,Cytotoxic CD8 T cells,Cytotoxic CD8 T cells,0.7980326,True,0.0033113053,0.0010931367,0.0007505223,0.00066288275,0.7980326,0.19438915,0.0010067072,0.00075375556
pbmc4k_ACTTTCACATCCCACT-1,B cells,B cells,B cells,0.9980951,True,0.00011424526,0.9980951,8.95255e-05,0.00011795793,6.893087e-05,0.0005720836,8.1177364e-05,0.000860985
pbmc4k_ACTTTCAGTCGCTTCT-1,B cells,B cells,B cells,0.99865925,True,1.827625e-05,0.99865925,3.9605253e-05,3.9203947e-05,3.619806e-05,7.25085e-05,2.1726344e-05,0.0011132733
pbmc4k_ACTTTCATCACAACGT-1,Classical monocytes,Classical monocytes,Classical monocytes,0.9956702,True,5.4728313e-05,0.00032767947,0.0006340914,0.9956702,0.00020576316,0.0019401012,0.00012188041,0.0010455896
pbmc4k_ACTTTCATCCACGACG-1,Activated/transitional T cells,Naive/resting T cells,Naive/resting T cells,0.9509036,False,0.0014825532,0.001597874,0.00062603044,0.00071867695,0.0004937734,0.04373493,0.00044261792,0.9509036
pbmc4k_ACTTTCATCTCGTTTA-1,IL7R+ memory/helper T cells,IL7R+ memory/helper T cells,IL7R+ memory/helper T cells,0.9702058,True,0.0003356078,0.0004918393,0.00045681675,0.00032756437,0.025028339,0.9702058,0.0002878616,0.0028662083
pbmc4k_ACTTTCATCTGCGACG-1,Classical monocytes,Classical monocytes,Classical monocytes,0.9997023,True,9.229008e-06,7.1353024e-05,8.280498e-05,0.9997023,1.8583822e-05,5.66691e-05,2.844134e-05,3.0634747e-05
pbmc4k_AGAATAGAGACAAGCC-1,B cells,B cells,B cells,0.99907124,True,6.380441e-05,0.99907124,3.3593522e-05,5.5339784e-05,2.7333253e-05,0.00012036741,3.704677e-05,0.0005912883
pbmc4k_AGAATAGAGACCTTTG-1,IL7R+ memory/helper T cells,IL7R+ memory/helper T cells,IL7R+ memory/helper T cells,0.9583864,True,0.00022516164,0.0011590543,0.0005033476,0.00073423365,0.00092003855,0.9583864,0.0004196468,0.037652038
pbmc4k_AGAATAGCAAGCGAGT-1,Classical monocytes,Classical monocytes,Classical monocytes,0.9992403,True,2.4537272e-05,0.00015489262,0.00012919221,0.9992403,3.6928228e-05,0.0002754306,4.8096335e-05,9.0620226e-05
pbmc4k_AGAATAGCATTATCTC-1,CD16+ non-classical monocytes,CD16+ non-classical monocytes,CD16+ non-classical monocytes,0.93600243,True,0.0019417395,0.011344222,0.93600243,0.028296703,0.0029874449,0.005508105,0.010400035,0.0035193153
pbmc4k_AGAATAGGTGACCAAG-1,Activated/transitional T cells,Naive/resting T cells,Naive/resting T cells,0.98251444,False,0.0006246439,0.0008114932,0.00038355574,0.0004176765,0.00051586743,0.014374106,0.00035822825,0.98251444
pbmc4k_AGAATAGGTGGTCTCG-1,NK cells,NK cells,NK cells,0.9899449,True,0.001367649,0.00036138296,0.0022801356,0.000552317,0.003746697,0.001506952,0.9899449,0.00023998386
pbmc4k_AGAATAGTCCAGATCA-1,CD16+ non-classical monocytes,CD16+ non-classical monocytes,CD16+ non-classical monocytes,0.95225924,True,0.00022683169,0.004504847,0.95225924,0.0388047,0.0005796785,0.0019617537,0.00090094656,0.00076197373
pbmc4k_AGAATAGTCTGGCGAC-1,B cells,B cells,B cells,0.9992361,True,7.86042e-05,0.9992361,4.3160693e-05,4.8064634e-05,3.40088e-05,4.1489107e-05,2.9936939e-05,0.0004886545
pbmc4k_AGACGTTAGACCACGA-1,CD16+ non-classical monocytes,CD16+ non-classical monocytes,CD16+ non-classical monocytes,0.9995191,True,8.878488e-06,0.00020851044,0.9995191,6.7766676e-05,3.2935375e-05,0.0001041858,4.865152e-05,9.956464e-06
pbmc4k_AGACGTTCATAGAAAC-1,Cytotoxic CD8 T cells,IL7R+ memory/helper T cells,IL7R+ memory/helper T cells,0.6895734,False,0.0024676302,0.0014952873,0.0009949919,0.0009810543,0.26145878,0.6895734,0.0011072427,0.04192159
pbmc4k_AGACGTTGTGAAATCA-1,Activated/transitional T cells,Naive/resting T cells,Naive/resting T cells,0.94320077,False,0.00090251514,0.0011198649,0.0006865227,0.00087541784,0.0010085342,0.051591493,0.0006148658,0.94320077
pbmc4k_AGACGTTGTGACCAAG-1,Naive/resting T cells,Naive/resting T cells,Naive/resting T cells,0.9422778,True,0.016999936,0.002679188,0.0015499727,0.0022664843,0.0021276951,0.030665608,0.0014333619,0.9422778
pbmc4k_AGACGTTGTTCCTCCA-1,Cytotoxic CD8 T cells,Cytotoxic CD8 T cells,Cytotoxic CD8 T cells,0.9624532,True,0.03061848,0.0005006807,0.0003287964,0.0014086185,0.9624532,0.0036346908,0.0006281647,0.0004273502
pbmc4k_AGACGTTTCACGCATA-1,Activated/transitional T cells,Naive/resting T cells,Naive/resting T cells,0.74767005,False,0.061602827,0.010226202,0.015529455,0.008699342,0.00653161,0.13944113,0.010299402,0.74767005
pbmc4k_AGACGTTTCTGGTATG-1,Naive/resting T cells,Naive/resting T cells,Naive/resting T cells,0.981752,True,0.00036863002,0.0012686652,0.00045416225,0.0005842152,0.0004029007,0.014763479,0.00040600574,0.981752
pbmc4k_AGAGCGAAGTGTTAGA-1,Activated/transitional T cells,Naive/resting T cells,Naive/resting T cells,0.98197055,False,0.01046053,0.0009881236,0.00072852126,0.0009834873,0.00091415347,0.0031435748,0.00081113103,0.98197055
pbmc4k_AGAGCGACACAGACTT-1,NK cells,Cytotoxic CD8 T cells,Cytotoxic CD8 T cells,0.88858336,False,0.012003085,0.0092525855,0.022008164,0.005958976,0.88858336,0.028866949,0.02758694,0.0057399874
pbmc4k_AGAGCGACACGTCTCT-1,Classical monocytes,Classical monocytes,Classical monocytes,0.9996222,True,5.1536237e-05,5.132743e-05,9.608524e-05,0.9996222,1.7583185e-05,8.553654e-05,5.4262695e-05,2.1360187e-05
pbmc4k_AGAGCGACACTTAACG-1,CD16+ non-classical monocytes,CD16+ non-classical monocytes,CD16+ non-classical monocytes,0.9989753,True,2.3835331e-05,0.0005333899,0.9989753,0.00012913233,4.985574e-05,0.00015962785,0.00011388457,1.4996814e-05
pbmc4k_AGAGCGAGTTCCACTC-1,Activated/transitional T cells,Naive/resting T cells,Naive/resting T cells,0.6923728,False,0.0023753683,0.0049489294,0.0021206548,0.003130959,0.003372073,0.2895186,0.0021606276,0.6923728
pbmc4k_AGAGCGATCCGCAGTG-1,Cytotoxic CD8 T cells,Cytotoxic CD8 T cells,Cytotoxic CD8 T cells,0.98462373,True,0.00032814714,0.00076210976,0.0005761618,0.0003749485,0.98462373,0.011746051,0.00053955265,0.001049276
pbmc4k_AGAGCTTAGACTGGGT-1,B cells,B cells,B cells,0.9993462,True,4.1443334e-05,0.9993462,4.0206738e-05,5.8717942e-05,2.6773478e-05,5.1652918e-05,2.9123928e-05,0.0004058526
pbmc4k_AGAGCTTAGAGCCCAA-1,Classical monocytes,Classical monocytes,Classical monocytes,0.9981756,True,5.7718087e-05,0.0004487354,0.00047317526,0.9981756,0.0002288532,0.00033271976,0.00014875297,0.00013438301
pbmc4k_AGAGCTTCACATGACT-1,Cytotoxic CD8 T cells,Cytotoxic CD8 T cells,Cytotoxic CD8 T cells,0.9978872,True,0.00018335723,0.00011003579,8.152645e-05,6.002888e-05,0.9978872,0.0012350797,0.00018720808,0.00025552534
pbmc4k_AGAGCTTGTCAGAGGT-1,IL7R+ memory/helper T cells,IL7R+ memory/helper T cells,IL7R+ memory/helper T cells,0.9934863,True,0.00048082948,0.0013857948,0.000937378,0.00071503996,0.000538427,0.9934863,0.00073628215,0.0017199602
pbmc4k_AGAGCTTGTCCGAATT-1,IL7R+ memory/helper T cells,IL7R+ memory/helper T cells,IL7R+ memory/helper T cells,0.97143406,True,0.00059177325,0.00080924697,0.0006275618,0.00065422413,0.024448209,0.97143406,0.00085696904,0.0005779593
pbmc4k_AGAGCTTGTCGCTTCT-1,NK cells,NK cells,NK cells,0.9210912,True,0.0034071407,0.0036672943,0.0040203533,0.0025522455,0.040597256,0.019165404,0.9210912,0.0054990794
pbmc4k_AGAGCTTGTCTGATTG-1,Activated/transitional T cells,Naive/resting T cells,Naive/resting T cells,0.90876186,False,0.005724606,0.0053812456,0.0026411063,0.0039313566,0.003700291,0.06745164,0.0024079285,0.90876186
pbmc4k_AGAGCTTGTTGAGTTC-1,B cells,B cells,B cells,0.9964976,True,8.821324e-05,0.9964976,0.00015996129,0.00018165549,0.00012422123,0.0010295298,0.000102959064,0.001815902
pbmc4k_AGAGCTTTCAGTCAGT-1,Classical monocytes,Classical monocytes,Classical monocytes,0.9905612,True,0.00011633301,0.003064904,0.0037500989,0.9905612,0.00045986907,0.0012255091,0.00032432136,0.0004977532
pbmc4k_AGAGTGGAGAGGGCTT-1,Classical monocytes,Classical monocytes,Classical monocytes,0.99734604,True,6.030121e-05,0.0005581662,0.0009315736,0.99734604,0.00012571903,0.00066823466,0.00025229232,5.7612953e-05
pbmc4k_AGAGTGGAGTACGATA-1,Classical monocytes,Classical monocytes,Classical monocytes,0.99862623,True,3.549089e-05,0.0004968644,0.0003695627,0.99862623,6.251818e-05,0.00020411215,8.863095e-05,0.000116625466
pbmc4k_AGAGTGGTCGGTCCGA-1,Classical monocytes,Classical monocytes,Classical monocytes,0.9809606,True,0.0007308455,0.0028022476,0.00981838,0.9809606,0.0011377892,0.0024035608,0.0012084706,0.0009381674
pbmc4k_AGATCTGAGAGATGAG-1,Classical monocytes,Classical monocytes,Classical monocytes,0.9973207,True,2.382592e-05,0.00031364505,0.00204842,0.9973207,5.5017004e-05,0.00012229709,9.122876e-05,2.4915022e-05
pbmc4k_AGATCTGAGGATCGCA-1,Activated/transitional T cells,IL7R+ memory/helper T cells,IL7R+ memory/helper T cells,0.5729671,False,0.0011074109,0.001728995,0.0014775619,0.00088161544,0.0008406867,0.5729671,0.0007764122,0.42022023
pbmc4k_AGATCTGAGTCGAGTG-1,IL7R+ memory/helper T cells,IL7R+ memory/helper T cells,IL7R+ memory/helper T cells,0.9307025,True,0.0001949074,0.00038460645,0.00030588583,0.00027573673,0.06460408,0.9307025,0.0002180997,0.0033141952
pbmc4k_AGATCTGCAAAGCGGT-1,Activated/transitional T cells,Naive/resting T cells,Naive/resting T cells,0.9931117,False,0.00010475653,0.00025624057,0.00014487578,0.00016579704,7.219283e-05,0.006035755,0.00010871545,0.9931117
pbmc4k_AGATCTGCACCAACCG-1,Cytotoxic CD8 T cells,Cytotoxic CD8 T cells,Cytotoxic CD8 T cells,0.98969287,True,0.0006832743,0.00023885524,0.0002447052,0.00017913434,0.98969287,0.008117577,0.0004956049,0.0003480107
pbmc4k_AGATCTGCAGGACGTA-1,Classical monocytes,Classical monocytes,Classical monocytes,0.9910795,True,0.00046396966,0.001410196,0.0015855411,0.9910795,0.0004132074,0.0027121375,0.00080043013,0.0015349706
pbmc4k_AGATCTGCATCAGTAC-1,Activated/transitional T cells,Naive/resting T cells,Naive/resting T cells,0.81694096,False,0.1228104,0.0028859703,0.002109532,0.0022896514,0.0010098332,0.050256792,0.001696809,0.81694096
pbmc4k_AGATCTGGTATGAATG-1,B cells,B cells,B cells,0.9995877,True,1.6689562e-05,0.9995877,3.494736e-05,4.082302e-05,2.9346902e-05,4.6498928e-05,2.7681199e-05,0.00021626784
pbmc4k_AGATCTGGTCCTGCTT-1,Classical monocytes,Classical monocytes,Classical monocytes,0.9986218,True,3.5888548e-05,0.0002935986,0.0005692111,0.9986218,6.2072926e-05,0.0002177196,0.00013676695,6.298378e-05
pbmc4k_AGATCTGGTGTTCGAT-1,Classical monocytes,Classical monocytes,Classical monocytes,0.9997526,True,3.1847285e-05,4.713632e-05,6.595331e-05,0.9997526,1.4019549e-05,3.6775014e-05,2.7374179e-05,2.426076e-05
pbmc4k_AGATCTGGTTATCCGA-1,Cytotoxic CD8 T cells,Cytotoxic CD8 T cells,Cytotoxic CD8 T cells,0.98815364,True,0.0002910128,0.0003980588,0.000260111,0.00013869794,0.98815364,0.010210018,0.0002729777,0.00027551595
pbmc4k_AGATCTGTCTGCGTAA-1,Classical monocytes,Classical monocytes,Classical monocytes,0.9832918,True,0.00011551871,0.0049977098,0.007366858,0.9832918,0.00049445586,0.0029483985,0.00052250846,0.00026271373
pbmc4k_AGATTGCAGCAATCTC-1,Activated/transitional T cells,Naive/resting T cells,Naive/resting T cells,0.5109926,False,0.0019241412,0.0030158467,0.0029538,0.0020732773,0.0019703666,0.47537142,0.0016985532,0.5109926
pbmc4k_AGATTGCCATCGTCGG-1,B cells,B cells,B cells,0.9994691,True,4.4130717e-05,0.9994691,4.7142195e-05,6.66009e-05,3.267444e-05,6.254886e-05,4.4612396e-05,0.00023320048
pbmc4k_AGATTGCGTCAACATC-1,Classical monocytes,Classical monocytes,Classical monocytes,0.9748541,True,0.00097304187,0.012936764,0.008609788,0.9748541,0.00036219566,0.0011408916,0.0008192924,0.0003038511
pbmc4k_AGATTGCGTTAAGAAC-1,Cytotoxic CD8 T cells,Cytotoxic CD8 T cells,Cytotoxic CD8 T cells,0.97879595,True,0.00018485746,0.00036454407,0.0003271102,0.00024060778,0.97879595,0.018859953,0.0007894694,0.00043754402
pbmc4k_AGATTGCTCAACGCTA-1,Classical monocytes,Classical monocytes,Classical monocytes,0.9997094,True,1.6621954e-05,4.372341e-05,0.00011012965,0.9997094,1.2996501e-05,4.94968e-05,2.754531e-05,2.9985216e-05
pbmc4k_AGCAGCCAGATGTCGG-1,Classical monocytes,Classical monocytes,Classical monocytes,0.9889768,True,5.6443452e-05,0.008454122,0.00045496874,0.9889768,0.00027342586,0.0010377308,0.0001953917,0.0005511442
pbmc4k_AGCAGCCAGCATGGCA-1,Classical monocytes,Classical monocytes,Classical monocytes,0.998547,True,2.3710061e-05,0.000740553,0.00020626382,0.998547,6.385144e-05,0.00030401192,7.24396e-05,4.2150856e-05
pbmc4k_AGCAGCCCAGACACTT-1,NK cells,NK cells,NK cells,0.97933036,True,0.0005248518,0.0005912136,0.00093764183,0.00047271766,0.0126420595,0.005344754,0.97933036,0.00015639776
pbmc4k_AGCAGCCCAGATAATG-1,Naive/resting T cells,Naive/resting T cells,Naive/resting T cells,0.99384475,True,0.0002652447,0.00035979616,0.0003737508,0.00028237523,0.0001755116,0.004539685,0.0001589103,0.99384475
pbmc4k_AGCAGCCGTTCAGTAC-1,B cells,B cells,B cells,0.9994388,True,2.6956333e-05,0.9994388,4.1488503e-05,4.637324e-05,1.7848375e-05,0.00021922859,3.225414e-05,0.00017704336
pbmc4k_AGCAGCCTCAATCACG-1,Classical monocytes,Classical monocytes,Classical monocytes,0.99957293,True,3.374606e-05,9.315782e-05,8.930221e-05,0.99957293,2.9835086e-05,8.434249e-05,5.6684472e-05,4.0035622e-05
pbmc4k_AGCAGCCTCAGAGCTT-1,Activated/transitional T cells,Naive/resting T cells,Naive/resting T cells,0.97710186,False,0.0018936492,0.00070227316,0.00046296156,0.00061005587,0.0003150651,0.018573651,0.0003405415,0.97710186
pbmc4k_AGCAGCCTCGAATCCA-1,CD16+ non-classical monocytes,CD16+ non-classical monocytes,CD16+ non-classical monocytes,0.9989526,True,2.277592e-05,0.0004504932,0.9989526,0.00011677012,5.4979944e-05,0.00025313217,0.00012200371,2.7251253e-05
pbmc4k_AGCAGCCTCTGTACGA-1,Activated/transitional T cells,Naive/resting T cells,Naive/resting T cells,0.9733661,False,0.0003144546,0.00061284745,0.0004070439,0.00039720166,0.00027043256,0.024315396,0.00031657954,0.9733661
pbmc4k_AGCATACAGAAGAAGC-1,Activated/transitional T cells,Naive/resting T cells,Naive/resting T cells,0.9765564,False,0.00024454022,0.0004590776,0.0002473216,0.00029770806,0.00023098946,0.021748956,0.0002149261,0.9765564
pbmc4k_AGCATACCAAGCCATT-1,Cytotoxic CD8 T cells,IL7R+ memory/helper T cells,Naive/resting T cells,0.61220396,False,0.0035825204,0.007901278,0.005235671,0.006012942,0.014990574,0.3451117,0.004961392,0.61220396
pbmc4k_AGCATACCACAGGAGT-1,Classical monocytes,Classical monocytes,Classical monocytes,0.999509,True,6.413728e-05,9.395913e-05,9.706289e-05,0.999509,3.4556633e-05,0.00013222413,4.0251543e-05,2.8805955e-05
pbmc4k_AGCATACTCCTCTAGC-1,Classical monocytes,Classical monocytes,Classical monocytes,0.9954847,True,6.456611e-05,0.0006748436,0.00293717,0.9954847,0.00012881274,0.0004517139,0.00017252097,8.567614e-05
pbmc4k_AGCATACTCGGATGTT-1,IL7R+ memory/helper T cells,IL7R+ memory/helper T cells,IL7R+ memory/helper T cells,0.9594694,True,0.000729168,0.0011199908,0.00072079705,0.001031061,0.0010740203,0.9594694,0.0006419849,0.035213605
pbmc4k_AGCCTAAAGGGAGTAA-1,Activated/transitional T cells,Naive/resting T cells,Naive/resting T cells,0.9865747,False,0.00031941492,0.00049963495,0.00022444582,0.00033972823,0.00024986404,0.011578254,0.00021393233,0.9865747
pbmc4k_AGCCTAACAAGGACAC-1,Activated/transitional T cells,Naive/resting T cells,Naive/resting T cells,0.776075,False,0.00077318086,0.001661223,0.00096141634,0.0010408728,0.0007656342,0.2181251,0.0005975975,0.776075
pbmc4k_AGCCTAACAATGTAAG-1,Activated/transitional T cells,Naive/resting T cells,Naive/resting T cells,0.98942673,False,0.00096295297,0.0033648347,0.00020079051,0.00028389387,0.00025734896,0.0053243176,0.0001791837,0.98942673
pbmc4k_AGCCTAACATCCTTGC-1,Classical monocytes,Classical monocytes,Classical monocytes,0.9994448,True,5.139718e-05,5.151328e-05,0.0001755248,0.9994448,3.7245576e-05,0.00012456429,6.26155e-05,5.2388907e-05
pbmc4k_AGCCTAAGTAGCGCAA-1,Activated/transitional T cells,Naive/resting T cells,Naive/resting T cells,0.60987467,False,0.010391121,0.0036157507,0.002026894,0.0023138432,0.007983527,0.36181512,0.0019790612,0.60987467
pbmc4k_AGCCTAAGTCCGAACC-1,IL7R+ memory/helper T cells,IL7R+ memory/helper T cells,IL7R+ memory/helper T cells,0.90140146,True,0.00083428156,0.0015533012,0.0007481326,0.0007741795,0.00075916,0.90140146,0.0006043588,0.09332506
pbmc4k_AGCCTAAGTTTGGGCC-1,Classical monocytes,Classical monocytes,Classical monocytes,0.9997147,True,4.009151e-05,3.688605e-05,4.9993905e-05,0.9997147,1.5531066e-05,7.10092e-05,3.8682287e-05,3.3160504e-05
pbmc4k_AGCCTAATCTCGATGA-1,Cytotoxic CD8 T cells,Cytotoxic CD8 T cells,Cytotoxic CD8 T cells,0.6181279,True,0.034670692,0.012219618,0.008530941,0.007874563,0.6181279,0.11568737,0.010000101,0.19288883
pbmc4k_AGCGGTCAGATCACGG-1,Activated/transitional T cells,Naive/resting T cells,Naive/resting T cells,0.9789274,False,0.0009782008,0.0007870625,0.00044966693,0.0006314586,0.0003522129,0.017468201,0.00040580786,0.9789274
pbmc4k_AGCGGTCAGATCGGGT-1,Activated/transitional T cells,Naive/resting T cells,Naive/resting T cells,0.9422373,False,0.00010527808,0.00020982821,0.00019354999,0.00021819389,8.003728e-05,0.056848217,0.00010758255,0.9422373
pbmc4k_AGCGGTCAGCTCCCAG-1,Classical monocytes,Classical monocytes,Classical monocytes,0.9978757,True,7.50401e-05,0.0006162969,0.00069962384,0.9978757,6.217034e-05,0.0003635637,0.0001383641,0.00016924423
pbmc4k_AGCGGTCAGTCCGGTC-1,Classical monocytes,Classical monocytes,Classical monocytes,0.999218,True,3.29128e-05,0.00028506308,0.00029894046,0.999218,3.6497364e-05,5.807574e-05,3.4181397e-05,3.6347064e-05
pbmc4k_AGCGGTCCAATGTTGC-1,Classical monocytes,Classical monocytes,Classical monocytes,0.9991025,True,2.675689e-05,0.0001616629,0.00041863602,0.9991025,3.0222645e-05,0.00017640713,5.0043207e-05,3.3810462e-05
pbmc4k_AGCGGTCCATGTTGAC-1,Naive/resting T cells,Naive/resting T cells,Naive/resting T cells,0.995827,True,8.24067e-05,0.00032987056,0.00019959749,0.00022753005,0.00028755472,0.002905287,0.00014072408,0.995827
pbmc4k_AGCGGTCTCCCTTGCA-1,B cells,B cells,B cells,0.9996307,True,2.4944618e-05,0.9996307,2.648295e-05,3.8719856e-05,1.7113018e-05,0.00012778839,2.5153498e-05,0.00010913779
pbmc4k_AGCGGTCTCCGAATGT-1,Classical monocytes,Classical monocytes,Classical monocytes,0.9976191,True,2.618592e-05,0.00014948452,0.001967964,0.9976191,4.079892e-05,0.00010459724,5.3799395e-05,3.804713e-05
pbmc4k_AGCGTATCACGAGAGT-1,Classical monocytes,Classical monocytes,Classical monocytes,0.9956181,True,5.439722e-05,0.0012592785,0.0022501675,0.9956181,8.431001e-05,0.00044038185,0.0002210074,7.234142e-05
pbmc4k_AGCGTATCAGGCTGAA-1,Activated/transitional T cells,Naive/resting T cells,Naive/resting T cells,0.9870653,False,0.0002746692,0.0002568788,0.00025028913,0.0002243761,0.00012553645,0.011668427,0.00013455783,0.9870653
pbmc4k_AGCGTATGTGTAACGG-1,Activated/transitional T cells,Naive/resting T cells,Naive/resting T cells,0.9758548,False,0.00067137415,0.00075553975,0.00049818994,0.00081162516,0.000347539,0.020661052,0.00039981527,0.9758548
pbmc4k_AGCGTATTCTACTTAC-1,Classical monocytes,Classical monocytes,Classical monocytes,0.9992322,True,0.00012443794,6.6710134e-05,8.4750034e-05,0.9992322,4.6460984e-05,0.00030142415,8.5422886e-05,5.8573387e-05
pbmc4k_AGCGTCGAGACCGGAT-1,NK cells,NK cells,NK cells,0.9977558,True,7.222643e-05,7.65343e-05,0.00045187672,7.975395e-05,0.0009282871,0.0006090094,0.9977558,2.6499487e-05
pbmc4k_AGCGTCGAGATCCCAT-1,Classical monocytes,Classical monocytes,Classical monocytes,0.635133,True,0.0004408251,0.011671446,0.34526277,0.635133,0.0013246608,0.0044645104,0.0012093332,0.00049342297
pbmc4k_AGCGTCGAGTGAAGTT-1,Activated/transitional T cells,Naive/resting T cells,Naive/resting T cells,0.89299077,False,0.00092136057,0.0016311575,0.0009284301,0.0011917198,0.0008552365,0.10078024,0.0007010665,0.89299077
pbmc4k_AGCGTCGCACGGTGTC-1,Cytotoxic CD8 T cells,Cytotoxic CD8 T cells,Cytotoxic CD8 T cells,0.9699462,True,0.0003346142,0.00065325206,0.0004478591,0.00034669362,0.9699462,0.026635949,0.000931138,0.00070426485
pbmc4k_AGCGTCGCACTCGACG-1,Activated/transitional T cells,IL7R+ memory/helper T cells,IL7R+ memory/helper T cells,0.5186408,False,0.18718417,0.009758235,0.009326319,0.00858192,0.13605158,0.5186408,0.008144699,0.12231227
pbmc4k_AGCGTCGCACTGTCGG-1,Classical monocytes,Classical monocytes,Classical monocytes,0.9993131,True,4.7615733e-05,9.5102645e-05,0.0003450911,0.9993131,2.7858478e-05,0.000114739094,4.097513e-05,1.5485952e-05
pbmc4k_AGCGTCGCAGCAGTTT-1,IL7R+ memory/helper T cells,IL7R+ memory/helper T cells,IL7R+ memory/helper T cells,0.9599427,True,0.025049876,0.0029694615,0.0025021536,0.0020588955,0.0020016425,0.9599427,0.003403792,0.0020714512
pbmc4k_AGCGTCGCAGTCAGAG-1,B cells,B cells,B cells,0.99926037,True,2.2108698e-05,0.99926037,4.1469626e-05,4.3046068e-05,2.035599e-05,0.00023077065,2.7521752e-05,0.00035432598
pbmc4k_AGCGTCGGTGCGAAAC-1,Activated/transitional T cells,IL7R+ memory/helper T cells,IL7R+ memory/helper T cells,0.833889,False,8.424104e-05,0.00023586024,0.00023477855,0.00018281677,0.00021048462,0.833889,0.00015317304,0.1650097
pbmc4k_AGCGTCGGTTTCCACC-1,Classical monocytes,Classical monocytes,Classical monocytes,0.97993267,True,8.089847e-05,0.0013178282,0.0174132,0.97993267,0.00013738398,0.0008478754,0.00022599522,4.417909e-05
pbmc4k_AGCTCCTAGATGCCTT-1,Activated/transitional T cells,Naive/resting T cells,Naive/resting T cells,0.945688,False,0.001148007,0.0020216806,0.0010625088,0.0016197122,0.0007952581,0.046611138,0.0010536574,0.945688
pbmc4k_AGCTCCTAGCTAGTTC-1,Activated/transitional T cells,Naive/resting T cells,Naive/resting T cells,0.9334849,False,0.00035223115,0.0010348405,0.00043404597,0.00046368712,0.0006497558,0.0633079,0.0002726205,0.9334849
pbmc4k_AGCTCCTCACATGACT-1,Cytotoxic CD8 T cells,Cytotoxic CD8 T cells,Cytotoxic CD8 T cells,0.99669755,True,8.798911e-05,8.734927e-05,8.437189e-05,7.611178e-05,0.99669755,0.0023244151,0.00030650006,0.00033578122
pbmc4k_AGCTCCTGTATAAACG-1,B cells,B cells,B cells,0.99762803,True,5.2807867e-05,0.99762803,0.00013257272,0.00017090325,0.00012653267,0.0011890845,0.00011133186,0.00058876636
pbmc4k_AGCTCCTTCTGCGGCA-1,Cytotoxic CD8 T cells,IL7R+ memory/helper T cells,IL7R+ memory/helper T cells,0.99690056,False,0.0001901106,0.0002827819,0.00016406433,0.00015902266,0.0015182749,0.99690056,0.0001575967,0.0006276059
pbmc4k_AGCTCCTTCTTACCGC-1,IL7R+ memory/helper T cells,IL7R+ memory/helper T cells,IL7R+ memory/helper T cells,0.8230713,True,0.003122741,0.01130833,0.004156422,0.005240928,0.005929021,0.8230713,0.002925559,0.14424567
pbmc4k_AGCTCTCAGAGTCTGG-1,Activated/transitional T cells,Naive/resting T cells,Naive/resting T cells,0.89923227,False,0.0025175123,0.0021309585,0.0012113545,0.0015546611,0.0011729334,0.091176786,0.0010035521,0.89923227
pbmc4k_AGCTCTCAGATGCCAG-1,Activated/transitional T cells,IL7R+ memory/helper T cells,IL7R+ memory/helper T cells,0.5250651,False,0.0012277769,0.0026491315,0.0017264584,0.0020722637,0.001353324,0.5250651,0.0013218861,0.46458402
pbmc4k_AGCTCTCAGCACCGCT-1,Classical monocytes,Classical monocytes,Classical monocytes,0.9995596,True,2.9642855e-05,0.00010168933,6.922762e-05,0.9995596,3.219816e-05,8.597894e-05,3.9458893e-05,8.225069e-05
pbmc4k_AGCTCTCAGGCTCATT-1,B cells,B cells,B cells,0.99920315,True,5.370618e-05,0.99920315,4.6719688e-05,5.8220554e-05,4.7790363e-05,0.00044575924,4.1945572e-05,0.000102716534
pbmc4k_AGCTCTCAGTGACTCT-1,B cells,B cells,B cells,0.99891067,True,5.8167443e-05,0.99891067,3.368522e-05,4.6233512e-05,2.4154417e-05,7.9641606e-05,3.0208977e-05,0.0008172164
pbmc4k_AGCTCTCAGTTACGGG-1,Cytotoxic CD8 T cells,Cytotoxic CD8 T cells,Cytotoxic CD8 T cells,0.8717998,True,0.0016179081,0.002091282,0.0021042258,0.0015540711,0.8717998,0.062701486,0.056726746,0.0014044651
pbmc4k_AGCTCTCCAATGTAAG-1,Activated/transitional T cells,Naive/resting T cells,Naive/resting T cells,0.9693601,False,0.00022779776,0.00029602475,0.00033691525,0.0002899306,0.00023184693,0.029077204,0.00018017692,0.9693601
pbmc4k_AGCTCTCCAGCTTCGG-1,Classical monocytes,Classical monocytes,Classical monocytes,0.9983584,True,6.2685685e-05,0.0004366128,0.0005910321,0.9983584,9.677583e-05,0.00029046697,0.00012181246,4.210991e-05
pbmc4k_AGCTCTCCATGGTCTA-1,Classical monocytes,Classical monocytes,Classical monocytes,0.9996691,True,2.4697003e-05,2.5271203e-05,0.0001707187,0.9996691,1.994261e-05,3.494564e-05,3.092185e-05,2.4465253e-05
pbmc4k_AGCTCTCTCACATACG-1,IL7R+ memory/helper T cells,Naive/resting T cells,Naive/resting T cells,0.65521985,False,0.0006727018,0.0009247004,0.00054017524,0.0008186605,0.0011183174,0.3402818,0.00042376792,0.65521985
pbmc4k_AGCTCTCTCACCGTAA-1,Cytotoxic CD8 T cells,IL7R+ memory/helper T cells,IL7R+ memory/helper T cells,0.6997118,False,0.20438232,0.018188657,0.011030405,0.008752739,0.013171145,0.6997118,0.010687141,0.034075797
pbmc4k_AGCTCTCTCCAGAGGA-1,Cytotoxic CD8 T cells,Cytotoxic CD8 T cells,Cytotoxic CD8 T cells,0.9789499,True,0.0006218594,0.00020048431,0.00016755788,0.00014932897,0.9789499,0.01924213,0.00014179772,0.0005269128
pbmc4k_AGCTCTCTCTTCAACT-1,Classical monocytes,Classical monocytes,Classical monocytes,0.99957436,True,3.0088091e-05,4.9249098e-05,0.00021253739,0.99957436,2.2854998e-05,4.307479e-05,4.4846518e-05,2.2985449e-05
pbmc4k_AGCTTGAAGCAATATG-1,Classical monocytes,Classical monocytes,Classical monocytes,0.9981974,True,2.9236407e-05,0.0006773638,0.00046572334,0.9981974,0.000116122115,0.0003423199,9.4981864e-05,7.693296e-05
pbmc4k_AGCTTGAAGCCCAACC-1,NK cells,NK cells,NK cells,0.9945186,True,0.0005753309,7.595748e-05,0.00011448999,8.096381e-05,0.004204676,0.00039740314,0.9945186,3.262921e-05
pbmc4k_AGCTTGAAGGTGCTTT-1,Activated/transitional T cells,Naive/resting T cells,Naive/resting T cells,0.954587,False,0.00051599706,0.0009978521,0.0007025354,0.001020459,0.00079329626,0.040798903,0.0005840086,0.954587
pbmc4k_AGCTTGACAGGGTTAG-1,Activated/transitional T cells,Naive/resting T cells,Naive/resting T cells,0.98251146,False,0.00055979163,0.0012786732,0.0009664164,0.0010295162,0.00091070146,0.012072638,0.0006707808,0.98251146
pbmc4k_AGCTTGAGTAGGGTAC-1,Classical monocytes,Classical monocytes,Classical monocytes,0.99389005,True,0.00012128346,0.0020795274,0.0025301895,0.99389005,0.00017907002,0.0006305655,0.00038274593,0.0001865489
pbmc4k_AGCTTGAGTGACAAAT-1,Activated/transitional T cells,Naive/resting T cells,Naive/resting T cells,0.9946292,False,0.00019643854,0.0003519446,0.00014100499,0.00018792051,7.906141e-05,0.0043012276,0.000113233276,0.9946292
pbmc4k_AGCTTGAGTTAAGAAC-1,Activated/transitional T cells,Naive/resting T cells,Naive/resting T cells,0.9536625,False,0.00035946164,0.0007022788,0.00044752963,0.0006273162,0.00048316008,0.0433364,0.000381314,0.9536625
pbmc4k_AGCTTGATCACTTATC-1,Activated/transitional T cells,Naive/resting T cells,Naive/resting T cells,0.9949686,False,0.0020494002,0.0017104235,0.00018033157,0.00023921102,0.00011531362,0.0005362275,0.0002004983,0.9949686
pbmc4k_AGCTTGATCTTTAGTC-1,IL7R+ memory/helper T cells,IL7R+ memory/helper T cells,IL7R+ memory/helper T cells,0.9844498,True,0.00012759508,0.00041564324,0.0002915357,0.00024319305,0.00022027623,0.9844498,0.00019848063,0.014053468
pbmc4k_AGGCCACAGCTTATCG-1,Activated/transitional T cells,Naive/resting T cells,Naive/resting T cells,0.70211923,False,0.0024737408,0.0022310163,0.0013777938,0.002336743,0.0015120594,0.28659034,0.0013590993,0.70211923
pbmc4k_AGGCCACAGGGTGTTG-1,Classical monocytes,Classical monocytes,Classical monocytes,0.8745226,True,0.00094476494,0.004113707,0.002890764,0.8745226,0.0020802508,0.080418944,0.0016374444,0.03339154
pbmc4k_AGGCCACAGTGTCCCG-1,Cytotoxic CD8 T cells,Cytotoxic CD8 T cells,Cytotoxic CD8 T cells,0.9771712,True,0.0011701147,0.0015614338,0.00072165445,0.0007500041,0.9771712,0.01138066,0.004718329,0.0025266707
pbmc4k_AGGCCACCACCGAATT-1,IL7R+ memory/helper T cells,IL7R+ memory/helper T cells,IL7R+ memory/helper T cells,0.9991283,True,6.2647516e-05,0.00016676968,0.00014053195,0.00011046997,0.00013993842,0.9991283,0.00013009929,0.000121238576
pbmc4k_AGGCCACGTAGAGCTG-1,IL7R+ memory/helper T cells,IL7R+ memory/helper T cells,IL7R+ memory/helper T cells,0.99242145,True,9.394909e-05,0.00036143,0.00028744226,0.0002633948,0.0004482845,0.99242145,0.00023349667,0.005890614
pbmc4k_AGGCCACGTGATAAGT-1,Classical monocytes,Classical monocytes,Classical monocytes,0.99922097,True,2.6010857e-05,0.00012500999,0.0001431412,0.99922097,4.7981743e-05,0.00025992296,4.9738625e-05,0.00012726604
pbmc4k_AGGCCACGTTCGTCTC-1,B cells,B cells,B cells,0.9994368,True,1.17996415e-05,0.9994368,3.2476928e-05,4.0494426e-05,2.0598989e-05,0.00018756156,2.4894749e-05,0.0002453874
pbmc4k_AGGCCACGTTTACTCT-1,Classical monocytes,Classical monocytes,Classical monocytes,0.999376,True,5.432735e-05,0.00010860057,0.00019129009,0.999376,4.294312e-05,8.5214015e-05,0.00010052708,4.1131065e-05
pbmc4k_AGGCCGTAGAACTGTA-1,Cytotoxic CD8 T cells,Cytotoxic CD8 T cells,Cytotoxic CD8 T cells,0.9568992,True,0.00024066078,0.0008024696,0.0003537857,0.0003037706,0.9568992,0.032501943,0.008725297,0.00017284129
pbmc4k_AGGCCGTAGACTACAA-1,Activated/transitional T cells,Naive/resting T cells,Naive/resting T cells,0.8851949,False,0.00028414544,0.0012016081,0.00087251526,0.0008153607,0.0006890029,0.11042877,0.00051366363,0.8851949
pbmc4k_AGGCCGTAGCTCCTTC-1,Classical monocytes,Classical monocytes,Classical monocytes,0.99843746,True,3.5002085e-05,0.00042279784,0.0005388562,0.99843746,0.00011992268,0.00028465138,9.978396e-05,6.1469254e-05
pbmc4k_AGGCCGTAGCTGGAAC-1,Cytotoxic CD8 T cells,Cytotoxic CD8 T cells,Cytotoxic CD8 T cells,0.9943709,True,0.003072453,0.00027874814,0.00016345677,0.00018803356,0.9943709,0.0012769891,0.00026978806,0.00037965787
pbmc4k_AGGCCGTAGGAATTAC-1,Classical monocytes,Classical monocytes,Classical monocytes,0.97774553,True,0.007812511,0.001873008,0.0054751616,0.97774553,0.00057105813,0.003113918,0.0017085089,0.0017003183
pbmc4k_AGGCCGTCACATTAGC-1,Cytotoxic CD8 T cells,Cytotoxic CD8 T cells,Cytotoxic CD8 T cells,0.98558074,True,0.00049433426,0.00056452316,0.00050025864,0.00034073603,0.98558074,0.008669761,0.0033912407,0.0004584425
pbmc4k_AGGCCGTGTACCATCA-1,Naive/resting T cells,Naive/resting T cells,Naive/resting T cells,0.94462764,True,0.0055584456,0.0036561596,0.0017045289,0.002370267,0.001561227,0.039113827,0.0014078936,0.94462764
pbmc4k_AGGCCGTGTCTTGCGG-1,Cytotoxic CD8 T cells,Cytotoxic CD8 T cells,Cytotoxic CD8 T cells,0.9745129,True,0.00021797398,0.00057270925,0.00036979694,0.00027993112,0.9745129,0.0232173,0.00038118492,0.00044816625
pbmc4k_AGGCCGTTCGGCATCG-1,Cytotoxic CD8 T cells,Cytotoxic CD8 T cells,Cytotoxic CD8 T cells,0.9575791,True,0.0009797447,0.0013244371,0.0013942135,0.00093562104,0.9575791,0.00868759,0.028692639,0.0004067074
pbmc4k_AGGGAGTCACATGACT-1,Activated/transitional T cells,Naive/resting T cells,Naive/resting T cells,0.93352395,False,0.0009222385,0.0012618051,0.00083855854,0.0011696116,0.00066542946,0.060882624,0.0007357798,0.93352395
pbmc4k_AGGGAGTCACGGTGTC-1,B cells,B cells,B cells,0.9978415,True,5.535876e-05,0.9978415,8.341683e-05,8.762876e-05,5.3119933e-05,0.00041202767,5.335577e-05,0.0014136181
pbmc4k_AGGGAGTGTCTTCTCG-1,Classical monocytes,Classical monocytes,Classical monocytes,0.9967055,True,7.995566e-05,0.00021647483,0.0020180687,0.9967055,0.000112953574,0.00062963745,0.00015589957,8.1603735e-05
pbmc4k_AGGGAGTTCAAGCCTA-1,Cytotoxic CD8 T cells,Cytotoxic CD8 T cells,Cytotoxic CD8 T cells,0.8026489,True,0.018651139,0.0043216594,0.0030089102,0.004353997,0.8026489,0.02286559,0.14244181,0.0017079703
pbmc4k_AGGGATGCAAGTAGTA-1,Classical monocytes,Classical monocytes,Classical monocytes,0.9955155,True,4.2261494e-05,0.0009486107,0.0024794547,0.9955155,0.0001872993,0.0006201259,0.00014764293,5.9063164e-05
pbmc4k_AGGGATGCAGCATACT-1,Activated/transitional T cells,Naive/resting T cells,Naive/resting T cells,0.96545017,False,0.00033980212,0.000997001,0.00069260225,0.0006684773,0.0006391388,0.030825783,0.00038702894,0.96545017
pbmc4k_AGGGATGGTTTGACAC-1,B cells,B cells,B cells,0.99954754,True,3.4682867e-05,0.99954754,3.174201e-05,4.3074953e-05,1.6960112e-05,7.179484e-05,2.0885818e-05,0.00023330066
pbmc4k_AGGGATGGTTTGCATG-1,Activated/transitional T cells,Naive/resting T cells,Naive/resting T cells,0.9937801,False,0.0021139416,0.0006708287,0.0004136507,0.0006351575,0.0003959543,0.0015729583,0.00041737556,0.9937801
pbmc4k_AGGGTGAGTGTATGGG-1,B cells,B cells,B cells,0.9993637,True,0.00010365794,0.9993637,4.164704e-05,4.8930793e-05,2.5721329e-05,0.00013667681,4.34497e-05,0.00023615792
pbmc4k_AGGGTGATCCCAACGG-1,IL7R+ memory/helper T cells,IL7R+ memory/helper T cells,IL7R+ memory/helper T cells,0.97347,True,0.00013576355,0.0006815903,0.00036198332,0.00044829136,0.00047034194,0.97347,0.00024891278,0.02418308
pbmc4k_AGGGTGATCGCCTGTT-1,Naive/resting T cells,Naive/resting T cells,Naive/resting T cells,0.9837241,True,0.0005004155,0.00077710144,0.0003640496,0.00048975425,0.00038341046,0.01343202,0.00032918542,0.9837241
pbmc4k_AGGTCATAGCTAAGAT-1,Cytotoxic CD8 T cells,Cytotoxic CD8 T cells,Cytotoxic CD8 T cells,0.9857883,True,0.0006207587,0.00085620914,0.00090490736,0.00069477595,0.9857883,0.008098857,0.0011386813,0.0018974519
pbmc4k_AGGTCATCAATGGAAT-1,Naive/resting T cells,Naive/resting T cells,Naive/resting T cells,0.99735594,True,0.00028839777,0.00045572332,0.000113480164,0.00015006593,7.50008e-05,0.0014690852,9.238533e-05,0.99735594
pbmc4k_AGGTCATCACACCGAC-1,Activated/transitional T cells,Naive/resting T cells,Naive/resting T cells,0.71504664,False,0.0008229064,0.0014213978,0.0009163416,0.0015349421,0.00051770837,0.278988,0.00075206324,0.71504664
pbmc4k_AGGTCATCAGCTTCGG-1,Classical monocytes,Classical monocytes,Classical monocytes,0.9966564,True,3.27313e-05,0.00025083337,0.0025053693,0.9966564,0.00010390474,0.0003076201,8.764379e-05,5.5512763e-05
pbmc4k_AGGTCATCATTGGCGC-1,B cells,B cells,B cells,0.99788433,True,8.306682e-05,0.99788433,3.9494367e-05,6.247447e-05,1.6942842e-05,8.443353e-05,3.121215e-05,0.001798046
pbmc4k_AGGTCATGTTACCGAT-1,Naive/resting T cells,Naive/resting T cells,Naive/resting T cells,0.96696466,True,0.00045106868,0.0010482282,0.000534347,0.00062206323,0.00056565495,0.029402645,0.00041130005,0.96696466
pbmc4k_AGGTCATGTTCCACGG-1,Activated/transitional T cells,Naive/resting T cells,Naive/resting T cells,0.8629441,False,0.0001516708,0.0009652968,0.00037432852,0.00039739057,0.0005340742,0.13431284,0.00032031207,0.8629441
pbmc4k_AGGTCATGTTCGCTAA-1,Cytotoxic CD8 T cells,Cytotoxic CD8 T cells,Cytotoxic CD8 T cells,0.98403025,True,0.0005552625,0.00030717076,0.00021326827,0.00019532895,0.98403025,0.013437905,0.00018422575,0.0010765779
pbmc4k_AGGTCATTCACTTACT-1,B cells,B cells,B cells,0.9994222,True,4.5597266e-05,0.9994222,6.1783125e-05,6.352822e-05,5.3578224e-05,0.00020534852,5.4343232e-05,9.365754e-05
pbmc4k_AGGTCATTCCGCGGTA-1,IL7R+ memory/helper T cells,IL7R+ memory/helper T cells,IL7R+ memory/helper T cells,0.9997621,True,1.1788059e-05,4.6920148e-05,3.8755683e-05,2.7478121e-05,4.539164e-05,0.9997621,2.5085868e-05,4.2488384e-05
pbmc4k_AGGTCATTCCTTAATC-1,Classical monocytes,Classical monocytes,Classical monocytes,0.9975343,True,5.1375206e-05,0.0018386137,0.000111773305,0.9975343,5.6594385e-05,0.0002041567,6.895183e-05,0.0001342475
pbmc4k_AGGTCCGAGAATTGTG-1,Classical monocytes,Classical monocytes,Classical monocytes,0.9970981,True,8.562672e-05,0.0007154595,0.0010563758,0.9970981,0.00011109141,0.0006278371,0.00014257456,0.00016295622
pbmc4k_AGGTCCGAGAGGTTGC-1,Classical monocytes,Classical monocytes,Classical monocytes,0.99925107,True,2.6985475e-05,0.00011075709,0.00031506896,0.99925107,6.125128e-05,0.00014033185,5.585839e-05,3.867585e-05
pbmc4k_AGGTCCGGTGAGGCTA-1,Classical monocytes,Classical monocytes,Classical monocytes,0.99652475,True,2.2254182e-05,0.0031035168,7.155103e-05,0.99652475,3.294505e-05,6.815432e-05,5.2994168e-05,0.00012383513
pbmc4k_AGGTCCGTCCAAGTAC-1,NK cells,NK cells,NK cells,0.9981463,True,0.00018147289,8.285986e-05,0.000123624,6.3925836e-05,0.001089296,0.00027724088,0.9981463,3.530825e-05
pbmc4k_AGGTCCGTCCTAAGTG-1,B cells,B cells,B cells,0.9994974,True,0.00010207534,0.9994974,2.9783398e-05,5.2694424e-05,2.2074793e-05,4.9903832e-05,3.2460437e-05,0.00021359832
pbmc4k_AGGTCCGTCGGACAAG-1,Classical monocytes,Classical monocytes,Classical monocytes,0.99194896,True,0.00017277125,0.0012749485,0.0046324725,0.99194896,0.00041866727,0.0005469462,0.00046336852,0.00054182776
pbmc4k_AGTAGTCAGGTACTCT-1,CD16+ non-classical monocytes,CD16+ non-classical monocytes,CD16+ non-classical monocytes,0.69112414,True,0.0013787173,0.051639367,0.69112414,0.21871413,0.005837948,0.022123117,0.006046914,0.003135614
pbmc4k_AGTAGTCAGTCCGTAT-1,Activated/transitional T cells,Naive/resting T cells,Naive/resting T cells,0.99720687,False,0.0017185559,0.00017849774,0.00015295732,0.00019117731,0.00010951735,0.00032418547,0.0001182171,0.99720687
pbmc4k_AGTAGTCCACCGAAAG-1,Activated/transitional T cells,Naive/resting T cells,Naive/resting T cells,0.9047111,False,0.0005819843,0.0008396601,0.00042179853,0.00042057503,0.00048254867,0.09219746,0.00034481953,0.9047111
pbmc4k_AGTAGTCCATGGTTGT-1,Classical monocytes,Classical monocytes,Classical monocytes,0.9996681,True,1.8764656e-05,3.9534447e-05,0.00015018978,0.9996681,1.9522691e-05,4.5821154e-05,3.7597038e-05,2.045931e-05
pbmc4k_AGTAGTCGTAGAGCTG-1,IL7R+ memory/helper T cells,IL7R+ memory/helper T cells,IL7R+ memory/helper T cells,0.9784378,True,0.0005714066,0.0017097504,0.0010836502,0.0009482909,0.000966426,0.9784378,0.00082899194,0.015453705
pbmc4k_AGTAGTCGTTCCCGAG-1,Classical monocytes,Classical monocytes,Classical monocytes,0.9995254,True,4.527887e-05,0.0001242349,9.6234486e-05,0.9995254,2.7050453e-05,8.036024e-05,5.4069984e-05,4.7401507e-05
pbmc4k_AGTAGTCGTTGATTCG-1,Activated/transitional T cells,Naive/resting T cells,Naive/resting T cells,0.96408117,False,0.00087686244,0.0011755741,0.00059233163,0.00068952586,0.0003188531,0.03180933,0.0004563376,0.96408117
pbmc4k_AGTAGTCTCACCTCGT-1,IL7R+ memory/helper T cells,IL7R+ memory/helper T cells,Naive/resting T cells,0.52978534,False,0.0018451018,0.0019886445,0.0011948867,0.0012183533,0.002605866,0.4599283,0.0014335113,0.52978534
pbmc4k_AGTAGTCTCAGGCCCA-1,Cytotoxic CD8 T cells,Cytotoxic CD8 T cells,Cytotoxic CD8 T cells,0.94180804,True,0.00018627198,0.00025458855,0.00020308509,0.000227335,0.94180804,0.056748644,0.00031202481,0.00026003012
pbmc4k_AGTAGTCTCATTTGGG-1,NK cells,NK cells,NK cells,0.9730599,True,0.0009795199,0.0012126908,0.0018445462,0.001179039,0.010053455,0.011168684,0.9730599,0.00050217845
pbmc4k_AGTAGTCTCCGGCACA-1,Classical monocytes,Classical monocytes,Classical monocytes,0.9995844,True,3.697118e-05,0.000109219145,6.02058e-05,0.9995844,2.0771278e-05,0.00010710441,5.042607e-05,3.0979794e-05
pbmc4k_AGTAGTCTCGTAGATC-1,Classical monocytes,Classical monocytes,Classical monocytes,0.9986412,True,5.794007e-05,0.00018265266,0.00025377417,0.9986412,9.551864e-05,0.0002940947,5.857264e-05,0.00041628463
pbmc4k_AGTAGTCTCTGCGTAA-1,Cytotoxic CD8 T cells,Cytotoxic CD8 T cells,Cytotoxic CD8 T cells,0.9964056,True,0.0002615166,0.00020615249,0.00017172232,0.0001533881,0.9964056,0.0021552264,0.00015617552,0.000490248
pbmc4k_AGTCTTTAGCACAGGT-1,IL7R+ memory/helper T cells,IL7R+ memory/helper T cells,IL7R+ memory/helper T cells,0.52000546,True,0.0015509067,0.001385977,0.0009990332,0.000947667,0.00075694296,0.52000546,0.00076806796,0.47358596
pbmc4k_AGTCTTTCAAAGTCAA-1,NK cells,Cytotoxic CD8 T cells,NK cells,0.4939047,True,0.0060020466,0.0075541832,0.004604036,0.0038999377,0.45760927,0.019307423,0.4939047,0.007118348
pbmc4k_AGTCTTTCAAGCTGGA-1,IL7R+ memory/helper T cells,IL7R+ memory/helper T cells,IL7R+ memory/helper T cells,0.9980716,True,0.00010530853,0.00048693357,0.00028975747,0.00022408688,0.00014604407,0.9980716,0.00031085164,0.00036548276
pbmc4k_AGTCTTTCAGCCAGAA-1,Activated/transitional T cells,Naive/resting T cells,Naive/resting T cells,0.9615133,False,0.00022279697,0.00069130084,0.000415084,0.0005972811,0.00061993697,0.035584185,0.0003562099,0.9615133
pbmc4k_AGTCTTTCAGCTCGAC-1,Cytotoxic CD8 T cells,Cytotoxic CD8 T cells,Cytotoxic CD8 T cells,0.9968689,True,0.00019826369,0.00012038141,9.7647135e-05,7.9373836e-05,0.9968689,0.0022547033,6.899e-05,0.00031173564
pbmc4k_AGTCTTTCATGTTGAC-1,IL7R+ memory/helper T cells,IL7R+ memory/helper T cells,IL7R+ memory/helper T cells,0.98805326,True,0.0013505428,0.0016274095,0.0012731536,0.0010831908,0.000814849,0.98805326,0.0011144311,0.0046830764
pbmc4k_AGTCTTTCATTGGCGC-1,IL7R+ memory/helper T cells,IL7R+ memory/helper T cells,IL7R+ memory/helper T cells,0.9901046,True,9.883064e-05,0.00021664513,0.00016698163,0.00013318256,8.20395e-05,0.9901046,0.000112241265,0.00908542
pbmc4k_AGTCTTTGTCCATGAT-1,Classical monocytes,Classical monocytes,Classical monocytes,0.99936444,True,8.144898e-05,5.2461888e-05,0.00020645688,0.99936444,3.3890487e-05,0.00010018119,0.00010772552,5.338051e-05
pbmc4k_AGTCTTTGTCGCTTCT-1,Cytotoxic CD8 T cells,Cytotoxic CD8 T cells,Cytotoxic CD8 T cells,0.9718773,True,0.00048282443,0.00041581778,0.000249041,0.00022632342,0.9718773,0.026118822,0.00041203294,0.00021782483
pbmc4k_AGTCTTTGTGTTTGGT-1,B cells,B cells,B cells,0.74084413,True,0.0012383629,0.74084413,0.0035400232,0.004452793,0.0024024853,0.15100582,0.0026272205,0.09388912
pbmc4k_AGTCTTTTCCCAACGG-1,IL7R+ memory/helper T cells,IL7R+ memory/helper T cells,IL7R+ memory/helper T cells,0.99885976,True,1.7139166e-05,8.463181e-05,6.54138e-05,4.4464607e-05,5.5096545e-05,0.99885976,4.1690877e-05,0.00083183864
pbmc4k_AGTCTTTTCGGTCTAA-1,Activated/transitional T cells,Naive/resting T cells,Naive/resting T cells,0.9866714,False,0.007110425,0.0014192485,0.00057807454,0.0011780772,0.00038647946,0.0020104412,0.00064589264,0.9866714
pbmc4k_AGTGAGGAGCCACTAT-1,Classical monocytes,Classical monocytes,Classical monocytes,0.99959725,True,3.5192075e-05,7.942252e-05,0.00012406528,0.99959725,3.514482e-05,4.0646646e-05,3.9705865e-05,4.8633057e-05
pbmc4k_AGTGAGGCATAGACTC-1,Activated/transitional T cells,IL7R+ memory/helper T cells,Naive/resting T cells,0.69317347,False,0.0016769782,0.0027772177,0.0017668842,0.0016990193,0.0012286587,0.2961464,0.0015313466,0.69317347
pbmc4k_AGTGAGGCATGGTCTA-1,NK cells,NK cells,NK cells,0.99785715,True,4.228752e-05,8.558631e-05,0.0006279027,7.185115e-05,0.0008720916,0.00041042466,0.99785715,3.2641787e-05
pbmc4k_AGTGAGGGTGTCTGAT-1,NK cells,NK cells,NK cells,0.94531703,True,0.000798215,0.0015088792,0.007864966,0.0012045401,0.037286494,0.0056263753,0.94531703,0.0003934672
pbmc4k_AGTGAGGGTTCCACAA-1,Classical monocytes,Classical monocytes,Classical monocytes,0.99755967,True,0.00012872757,0.0004630912,0.0009941615,0.99755967,0.00011377135,0.00030403733,0.00027058512,0.0001659799
pbmc4k_AGTGAGGGTTCGGGCT-1,Activated/transitional T cells,Naive/resting T cells,Naive/resting T cells,0.9199818,False,0.001889217,0.0029757717,0.001650027,0.0018736455,0.023733169,0.046593625,0.0013027375,0.9199818
pbmc4k_AGTGAGGGTTTAAGCC-1,Activated/transitional T cells,Naive/resting T cells,Naive/resting T cells,0.9934836,False,0.0010998119,0.0014962027,0.0003397895,0.00047040544,0.0004450094,0.0023666897,0.00029852707,0.9934836
pbmc4k_AGTGAGGTCTCGGACG-1,Classical monocytes,Classical monocytes,Classical monocytes,0.9991037,True,3.5600093e-05,0.00015771337,0.00019162301,0.9991037,0.000117046795,0.0002040585,7.49133e-05,0.000115307565
pbmc4k_AGTGAGGTCTGTACGA-1,B cells,B cells,B cells,0.9985488,True,2.5308978e-05,0.9985488,7.922996e-05,8.206047e-05,4.3709646e-05,0.00069312623,5.720757e-05,0.00047056566
pbmc4k_AGTGAGGTCTTTACGT-1,B cells,B cells,B cells,0.998237,True,4.274142e-05,0.998237,3.440188e-05,5.788785e-05,4.601005e-05,0.000104898056,3.3352386e-05,0.0014436536
pbmc4k_AGTGGGAAGACCCACC-1,Classical monocytes,Classical monocytes,Classical monocytes,0.9914517,True,0.00024648028,0.0016967626,0.0034623563,0.9914517,0.0005145035,0.0016894635,0.00054614566,0.00039261105
pbmc4k_AGTGGGACACTTCTGC-1,IL7R+ memory/helper T cells,IL7R+ memory/helper T cells,IL7R+ memory/helper T cells,0.99938214,True,2.1904447e-05,0.000120090765,4.4240183e-05,4.068754e-05,5.052426e-05,0.99938214,3.782238e-05,0.00030259907
pbmc4k_AGTGGGACAGCTTCGG-1,Activated/transitional T cells,Naive/resting T cells,Naive/resting T cells,0.98154277,False,0.0009648694,0.0005700911,0.0004102924,0.00054990285,0.0005714596,0.015056652,0.00033402155,0.98154277
pbmc4k_AGTGGGAGTACAGACG-1,Cytotoxic CD8 T cells,Cytotoxic CD8 T cells,Cytotoxic CD8 T cells,0.97767055,True,0.000646214,0.0005506652,0.00044276612,0.00039001045,0.97767055,0.006728447,0.013183092,0.00038825584
pbmc4k_AGTGGGAGTAGCGTGA-1,Classical monocytes,Classical monocytes,Classical monocytes,0.9994678,True,4.0119125e-05,6.57044e-05,0.00027189654,0.9994678,3.623106e-05,3.6807476e-05,4.7752674e-05,3.3749136e-05
pbmc4k_AGTGGGAGTAGCTAAA-1,Cytotoxic CD8 T cells,Cytotoxic CD8 T cells,Cytotoxic CD8 T cells,0.98060375,True,0.00030561868,0.00026701673,0.00020459727,0.00019550978,0.98060375,0.010105328,0.00021395976,0.008104201
pbmc4k_AGTGGGAGTCAGAAGC-1,B cells,B cells,B cells,0.9992749,True,4.503105e-05,0.9992749,2.9246426e-05,4.380162e-05,1.8856046e-05,0.0002726279,2.5552039e-05,0.0002899671
pbmc4k_AGTGGGAGTGCCTGTG-1,IL7R+ memory/helper T cells,IL7R+ memory/helper T cells,IL7R+ memory/helper T cells,0.9972398,True,0.00031535016,0.00045454528,0.00053117005,0.00041857545,0.00024016922,0.9972398,0.0006395684,0.00016083042
pbmc4k_AGTGGGAGTGCCTTGG-1,Activated/transitional T cells,Naive/resting T cells,Naive/resting T cells,0.9854096,False,0.000119228076,0.00031507912,0.00022747407,0.0002859549,0.00036700448,0.013107712,0.00016788425,0.9854096
pbmc4k_AGTGGGATCACTTACT-1,Activated/transitional T cells,Naive/resting T cells,Naive/resting T cells,0.9075686,False,0.0007560002,0.0013156479,0.00071345665,0.0014175876,0.0006059872,0.08691773,0.00070502394,0.9075686
pbmc4k_AGTGGGATCATCACCC-1,Cytotoxic CD8 T cells,Cytotoxic CD8 T cells,Cytotoxic CD8 T cells,0.9750802,True,0.00213977,0.0013924505,0.0008018079,0.00078356423,0.9750802,0.0177929,0.0011038821,0.00090548967
pbmc4k_AGTGTCACAGACGTAG-1,Classical monocytes,Classical monocytes,Classical monocytes,0.9986236,True,0.00011106758,9.605024e-05,0.00033215052,0.9986236,7.7750185e-05,0.00051923475,0.00018132348,5.883507e-05
pbmc4k_AGTGTCACAGCTGCTG-1,Classical monocytes,Classical monocytes,Classical monocytes,0.9997634,True,1.0627388e-05,3.5571044e-05,5.197156e-05,0.9997634,1.4617804e-05,6.80148e-05,3.453166e-05,2.1223372e-05
pbmc4k_AGTGTCAGTGCAGTAG-1,Activated/transitional T cells,Naive/resting T cells,Naive/resting T cells,0.90763354,False,0.00018009523,0.00047830745,0.0003712221,0.00040900573,0.0003282887,0.090325326,0.00027418064,0.90763354
pbmc4k_AGTGTCAGTTACGACT-1,Activated/transitional T cells,Naive/resting T cells,Naive/resting T cells,0.9652152,False,0.00034416377,0.0010544437,0.0005368971,0.0005805336,0.0003477564,0.031562854,0.00035821038,0.9652152
pbmc4k_AGTGTCATCATAACCG-1,Cytotoxic CD8 T cells,Cytotoxic CD8 T cells,Cytotoxic CD8 T cells,0.9880762,True,0.003751441,0.0002891124,0.00017367475,0.00019337161,0.9880762,0.0031934446,0.00021012001,0.0041126595
pbmc4k_AGTGTCATCCGCGGTA-1,Cytotoxic CD8 T cells,IL7R+ memory/helper T cells,IL7R+ memory/helper T cells,0.86168015,False,0.00083333394,0.0010341498,0.0006519726,0.0006031981,0.12813452,0.86168015,0.00080536667,0.006257248
pbmc4k_AGTTGGTAGGACATTA-1,Activated/transitional T cells,Naive/resting T cells,Naive/resting T cells,0.5746498,False,0.0006145082,0.0012280755,0.00095317676,0.0011695807,0.00077679177,0.41974387,0.00086419244,0.5746498
pbmc4k_AGTTGGTGTCTAAACC-1,NK cells,Cytotoxic CD8 T cells,Cytotoxic CD8 T cells,0.8893515,False,0.0023135603,0.006338155,0.0052183946,0.0039961184,0.8893515,0.050355706,0.005823608,0.036602944
pbmc4k_AGTTGGTGTGCCTTGG-1,IL7R+ memory/helper T cells,IL7R+ memory/helper T cells,IL7R+ memory/helper T cells,0.99531895,True,0.00020470428,0.0012142749,0.00069307286,0.0006216491,0.0006331726,0.99531895,0.0008213437,0.0004928154
pbmc4k_AGTTGGTGTGGTACAG-1,IL7R+ memory/helper T cells,IL7R+ memory/helper T cells,IL7R+ memory/helper T cells,0.99947685,True,3.705474e-05,7.914417e-05,4.027305e-05,4.1074025e-05,0.00016616241,0.99947685,0.0001002826,5.9146318e-05
pbmc4k_AGTTGGTTCCTAGAAC-1,Activated/transitional T cells,IL7R+ memory/helper T cells,IL7R+ memory/helper T cells,0.96686983,False,0.0018228362,0.0012884596,0.00078837556,0.00067360967,0.00045487387,0.96686983,0.0006086432,0.027493438
pbmc4k_AGTTGGTTCTGCGGCA-1,B cells,B cells,B cells,0.9991918,True,2.823014e-05,0.9991918,3.719086e-05,5.145012e-05,2.4612766e-05,5.6328703e-05,3.5088713e-05,0.00057532557
pbmc4k_ATAACGCAGGTGACCA-1,Cytotoxic CD8 T cells,Cytotoxic CD8 T cells,Cytotoxic CD8 T cells,0.98752743,True,0.00020065332,0.00018390415,0.000200186,0.0001306041,0.98752743,0.011359223,0.00016640218,0.00023161976
pbmc4k_ATAACGCAGTGTCCAT-1,CD16+ non-classical monocytes,CD16+ non-classical monocytes,CD16+ non-classical monocytes,0.9966828,True,5.1023e-05,0.0015519971,0.9966828,0.000652075,0.00021142153,0.000467716,0.00028244258,0.000100503064
pbmc4k_ATAACGCCACAGGCCT-1,Classical monocytes,Classical monocytes,Classical monocytes,0.9995877,True,6.255498e-05,7.523238e-05,4.4043114e-05,0.9995877,1.9056733e-05,8.4343264e-05,2.7096292e-05,9.997649e-05
pbmc4k_ATAACGCGTAAGTTCC-1,Classical monocytes,Classical monocytes,Classical monocytes,0.978875,True,0.00016605266,0.0025117695,0.015136176,0.978875,0.00033843788,0.0019018006,0.0007371231,0.00033363176
pbmc4k_ATAACGCGTCAGATAA-1,Classical monocytes,Classical monocytes,Classical monocytes,0.9958293,True,3.309084e-05,0.00025975614,0.0007968795,0.9958293,0.00060173136,0.0018987001,0.0005273699,5.316156e-05
pbmc4k_ATAACGCGTTCGAATC-1,Classical monocytes,Classical monocytes,Classical monocytes,0.9991491,True,8.538671e-05,0.00012789477,0.0001094516,0.9991491,6.0558697e-05,0.00013715141,8.342337e-05,0.000247007
pbmc4k_ATAACGCTCCTGTAGA-1,Classical monocytes,Classical monocytes,Classical monocytes,0.9968231,True,5.2652107e-05,0.001112518,0.0010923706,0.9968231,0.00010177979,0.0005607643,0.00015014975,0.00010674042
pbmc4k_ATAACGCTCTACGAGT-1,Activated/transitional T cells,Naive/resting T cells,Naive/resting T cells,0.82930994,False,0.00012017144,0.00034387002,0.00020258027,0.0002307713,0.0006021898,0.16901585,0.00017459814,0.82930994
pbmc4k_ATAACGCTCTTGTTTG-1,IL7R+ memory/helper T cells,IL7R+ memory/helper T cells,IL7R+ memory/helper T cells,0.9931378,True,0.00014198106,0.0005608176,0.00083034503,0.00051805156,0.00064443855,0.9931378,0.00044587048,0.0037206383
pbmc4k_ATAAGAGAGGTGCACA-1,NK cells,NK cells,Activated/transitional T cells,0.67994446,False,0.67994446,0.0032846804,0.0022633655,0.002303973,0.056539696,0.0048103053,0.24864393,0.002209554
pbmc4k_ATAAGAGCACCCAGTG-1,IL7R+ memory/helper T cells,IL7R+ memory/helper T cells,IL7R+ memory/helper T cells,0.998319,True,0.00013571013,0.00019815128,0.0001433237,0.00014202131,0.00061772665,0.998319,0.00019270793,0.00025137354
pbmc4k_ATAAGAGCATCGGGTC-1,IL7R+ memory/helper T cells,IL7R+ memory/helper T cells,IL7R+ memory/helper T cells,0.96589667,True,0.00022813189,0.001103027,0.00038893905,0.000398284,0.00050571683,0.96589667,0.00032689606,0.031152315
pbmc4k_ATAAGAGGTTCACCTC-1,Classical monocytes,Classical monocytes,Classical monocytes,0.9987908,True,8.868022e-05,0.00063709624,0.0001905899,0.9987908,4.8576538e-05,8.202316e-05,6.689697e-05,9.53419e-05
pbmc4k_ATAAGAGTCCGATATG-1,B cells,B cells,B cells,0.99932253,True,4.9827388e-05,0.99932253,5.6135334e-05,7.318007e-05,4.236921e-05,0.00021282454,5.19933e-05,0.00019112305
pbmc4k_ATAAGAGTCGAATGCT-1,IL7R+ memory/helper T cells,IL7R+ memory/helper T cells,IL7R+ memory/helper T cells,0.9896087,True,0.0004641306,0.00067081867,0.00046702733,0.00060554885,0.0012441941,0.9896087,0.0004867838,0.006452785
pbmc4k_ATAAGAGTCGCCATAA-1,IL7R+ memory/helper T cells,IL7R+ memory/helper T cells,IL7R+ memory/helper T cells,0.9983798,True,0.00018230506,0.00027005398,0.00025548262,0.00020307984,0.0002305297,0.9983798,0.00029601812,0.0001827275
pbmc4k_ATAAGAGTCTGCAGTA-1,B cells,B cells,B cells,0.9992262,True,5.027444e-05,0.9992262,7.173357e-05,9.476104e-05,6.195715e-05,0.00011862551,7.5303644e-05,0.0003011339
pbmc4k_ATAGACCAGTACGCGA-1,Cytotoxic CD8 T cells,IL7R+ memory/helper T cells,IL7R+ memory/helper T cells,0.9053785,False,0.00736598,0.004841335,0.0019846198,0.0019006716,0.07368327,0.9053785,0.003709804,0.0011358069
pbmc4k_ATAGACCAGTGGAGAA-1,Cytotoxic CD8 T cells,Cytotoxic CD8 T cells,Cytotoxic CD8 T cells,0.9719106,True,0.0005983397,0.0013240307,0.0011143258,0.00084615615,0.9719106,0.020872341,0.0030254675,0.000308745
pbmc4k_ATAGACCCAAAGAATC-1,B cells,B cells,B cells,0.99920195,True,1.9227313e-05,0.99920195,2.4618013e-05,3.394896e-05,1.624672e-05,3.2930762e-05,2.4803028e-05,0.0006463119
pbmc4k_ATAGACCCAGCTGTTA-1,Naive/resting T cells,Naive/resting T cells,Naive/resting T cells,0.9977343,True,0.0001458639,0.00021026809,9.535357e-05,9.6432406e-05,0.00017917372,0.0014692622,6.934269e-05,0.9977343
pbmc4k_ATAGACCGTAAGGGAA-1,Activated/transitional T cells,Naive/resting T cells,Naive/resting T cells,0.9865899,False,0.00019871075,0.00052718655,0.00029981375,0.00036710623,0.0004921761,0.0112599805,0.00026513054,0.9865899
pbmc4k_ATAGACCGTCAGGACA-1,Activated/transitional T cells,Naive/resting T cells,Naive/resting T cells,0.9768033,False,0.00048423494,0.00084898516,0.00070234016,0.00076178525,0.0006029376,0.019335689,0.00046075397,0.9768033
pbmc4k_ATAGACCGTGCACCAC-1,Classical monocytes,Classical monocytes,Classical monocytes,0.9988205,True,2.3846143e-05,0.00036926835,0.0003449917,0.9988205,5.7862777e-05,0.00025836076,7.188226e-05,5.33002e-05
pbmc4k_ATAGACCGTGTCAATC-1,Activated/transitional T cells,Cytotoxic CD8 T cells,Cytotoxic CD8 T cells,0.8911696,False,0.0011427249,0.00054037035,0.0003187325,0.00042579268,0.8911696,0.0050210487,0.00032988764,0.10105187
pbmc4k_ATAGACCGTGTGACGA-1,Classical monocytes,Classical monocytes,Classical monocytes,0.99921894,True,3.6059566e-05,8.1140446e-05,0.00025284468,0.99921894,7.70427e-05,0.00016749988,0.000116861745,4.957278e-05
pbmc4k_ATAGACCTCAATCACG-1,Activated/transitional T cells,Naive/resting T cells,Naive/resting T cells,0.99932504,False,4.0178784e-05,8.709719e-05,3.7878654e-05,5.9557682e-05,4.3623604e-05,0.00037323727,3.3461572e-05,0.99932504
pbmc4k_ATCACGAAGAAGCCCA-1,Cytotoxic CD8 T cells,Cytotoxic CD8 T cells,Cytotoxic CD8 T cells,0.9936976,True,0.0002481079,0.00027148216,0.00016408382,0.00015564506,0.9936976,0.004621387,0.00015224992,0.00068952364
pbmc4k_ATCACGACAACACCTA-1,B cells,B cells,B cells,0.9991371,True,2.7553386e-05,0.9991371,3.3701373e-05,4.4507415e-05,4.2167798e-05,0.00033327538,2.5303225e-05,0.00035640263
pbmc4k_ATCACGACATCCTTGC-1,Cytotoxic CD8 T cells,Cytotoxic CD8 T cells,Cytotoxic CD8 T cells,0.98586303,True,0.0019732541,0.0006368197,0.0005682769,0.0008338027,0.98586303,0.0025187295,0.0073122466,0.00029384583
pbmc4k_ATCACGACATGCAATC-1,Activated/transitional T cells,Naive/resting T cells,Naive/resting T cells,0.9912971,False,0.004653284,0.0005969057,0.0005078173,0.00072671444,0.0007014613,0.0011463475,0.00037035547,0.9912971
pbmc4k_ATCACGAGTCTGGTCG-1,B cells,B cells,B cells,0.99918133,True,6.3082385e-05,0.99918133,4.2997246e-05,5.3164742e-05,2.5199875e-05,8.870619e-05,4.327996e-05,0.0005022151
pbmc4k_ATCACGATCACCACCT-1,B cells,B cells,B cells,0.9983707,True,0.00010519863,0.9983707,0.000108511296,0.00015647369,9.911152e-05,0.00048765374,8.822386e-05,0.0005841597
pbmc4k_ATCACGATCATCGCTC-1,B cells,B cells,B cells,0.99922097,True,3.6046367e-05,0.99922097,3.675371e-05,4.7337973e-05,2.9122695e-05,0.00017584837,3.1652842e-05,0.00042223092
pbmc4k_ATCACGATCATGTAGC-1,Classical monocytes,Classical monocytes,Classical monocytes,0.9990038,True,6.4702166e-05,0.00010198991,0.00046469353,0.9990038,4.9127848e-05,0.00015605534,0.000108549466,5.1024505e-05
pbmc4k_ATCACGATCCAAGCCG-1,IL7R+ memory/helper T cells,IL7R+ memory/helper T cells,IL7R+ memory/helper T cells,0.993269,True,0.0003316376,0.00086219166,0.00056866056,0.0004441142,0.00085515174,0.993269,0.00042713835,0.0032420498
pbmc4k_ATCATCTAGACAAGCC-1,Activated/transitional T cells,Naive/resting T cells,Naive/resting T cells,0.8520353,False,0.00049321,0.0011975497,0.0009272631,0.0012636017,0.0006601777,0.14252599,0.00089687627,0.8520353
pbmc4k_ATCATCTAGCGCCTCA-1,Activated/transitional T cells,IL7R+ memory/helper T cells,IL7R+ memory/helper T cells,0.56140894,False,0.053527832,0.0049665407,0.0039663557,0.0055265105,0.3547737,0.56140894,0.00483803,0.010992071
pbmc4k_ATCATCTAGCTCCTCT-1,Activated/transitional T cells,Naive/resting T cells,Naive/resting T cells,0.8736475,False,0.00037246058,0.0014102699,0.00056930655,0.0008053431,0.00045840157,0.12222136,0.0005153141,0.8736475
pbmc4k_ATCATCTAGGATGGTC-1,CD16+ non-classical monocytes,Classical monocytes,Classical monocytes,0.587397,False,0.0009177386,0.009159846,0.3965522,0.587397,0.0010606062,0.0025585159,0.0018806295,0.00047348076
pbmc4k_ATCATCTAGGCACATG-1,Classical monocytes,Classical monocytes,Classical monocytes,0.999613,True,3.4398414e-05,0.00010849825,8.012132e-05,0.999613,2.0951444e-05,6.711333e-05,4.1960815e-05,3.4030032e-05
pbmc4k_ATCATCTCAGTAAGCG-1,B cells,B cells,B cells,0.99906415,True,2.6206098e-05,0.99906415,3.5000816e-05,4.012266e-05,3.4253793e-05,8.493918e-05,2.25371e-05,0.00069286884
pbmc4k_ATCATCTCAGTACACT-1,IL7R+ memory/helper T cells,IL7R+ memory/helper T cells,IL7R+ memory/helper T cells,0.6839193,True,0.00082596816,0.0018436759,0.0015639063,0.0012027133,0.0011912547,0.6839193,0.0010185367,0.3084347
pbmc4k_ATCATCTCATCCAACA-1,CD16+ non-classical monocytes,CD16+ non-classical monocytes,CD16+ non-classical monocytes,0.99612373,True,7.3287076e-05,0.001359483,0.99612373,0.000800035,0.0005846163,0.00055704603,0.00035749,0.00014432658
pbmc4k_ATCATCTGTGACTACT-1,Cytotoxic CD8 T cells,Cytotoxic CD8 T cells,Cytotoxic CD8 T cells,0.9865866,True,0.00025386218,0.00042267266,0.000254769,0.00021310979,0.9865866,0.0116835525,0.00033299197,0.00025255143
pbmc4k_ATCATCTTCGTCCAGG-1,Classical monocytes,Classical monocytes,Classical monocytes,0.99919647,True,5.902521e-05,0.00024150145,0.00019731028,0.99919647,4.903518e-05,0.00014566685,7.613775e-05,3.4850058e-05
pbmc4k_ATCATGGAGCTGCGAA-1,Cytotoxic CD8 T cells,Cytotoxic CD8 T cells,Cytotoxic CD8 T cells,0.96427363,True,0.0067340354,0.0018183128,0.0009438627,0.0011190982,0.96427363,0.020587027,0.001383236,0.003140747
pbmc4k_ATCATGGAGGCAATTA-1,Cytotoxic CD8 T cells,Cytotoxic CD8 T cells,Cytotoxic CD8 T cells,0.94316715,True,0.00086114294,0.0014913481,0.00091871584,0.00074919,0.94316715,0.019608917,0.032461576,0.000741956
pbmc4k_ATCATGGAGGCCCTCA-1,Cytotoxic CD8 T cells,Cytotoxic CD8 T cells,Cytotoxic CD8 T cells,0.9966942,True,0.0003874888,0.00024468367,0.0001463293,0.00017480152,0.9966942,0.0013842947,0.00019575907,0.00077245774
pbmc4k_ATCATGGAGTTGAGAT-1,Cytotoxic CD8 T cells,Cytotoxic CD8 T cells,Cytotoxic CD8 T cells,0.8854528,True,0.00033817248,0.0010342542,0.0011924033,0.0008937095,0.8854528,0.10821019,0.0014309234,0.0014475491
pbmc4k_ATCATGGCAAATCCGT-1,Activated/transitional T cells,Naive/resting T cells,Naive/resting T cells,0.98296493,False,0.01471188,0.00034941442,0.00023605705,0.00034869093,0.00039475266,0.00076187035,0.00023241683,0.98296493
pbmc4k_ATCATGGCAATGAATG-1,Cytotoxic CD8 T cells,Cytotoxic CD8 T cells,Cytotoxic CD8 T cells,0.77716106,True,0.0002749061,0.0006061706,0.0004355308,0.0003218195,0.77716106,0.2193011,0.00046809125,0.0014313037
pbmc4k_ATCATGGCAGGGTACA-1,Cytotoxic CD8 T cells,Cytotoxic CD8 T cells,Cytotoxic CD8 T cells,0.9921623,True,0.0014104419,0.0010021195,0.00043776934,0.00043362484,0.9921623,0.0020651997,0.0021020034,0.00038660414
pbmc4k_ATCATGGGTAACGTTC-1,B cells,B cells,B cells,0.9943803,True,0.00409751,0.9943803,0.00012159675,0.00019861154,8.685496e-05,8.139209e-05,0.00014126982,0.0008925088
pbmc4k_ATCATGGGTCAATACC-1,Cytotoxic CD8 T cells,Cytotoxic CD8 T cells,Cytotoxic CD8 T cells,0.95907575,True,0.0013036763,0.00208052,0.0010036889,0.0015039018,0.95907575,0.025311489,0.0010846396,0.008636272
pbmc4k_ATCCACCAGAGCTGGT-1,Activated/transitional T cells,Naive/resting T cells,Naive/resting T cells,0.89586264,False,0.00073146523,0.00094845,0.00061270595,0.0007223211,0.00039318122,0.100271255,0.00045792156,0.89586264
pbmc4k_ATCCACCAGCAGACTG-1,Classical monocytes,Classical monocytes,Classical monocytes,0.9994892,True,1.8526212e-05,4.6098485e-05,0.00025515427,0.9994892,1.8244766e-05,9.728802e-05,3.6827896e-05,3.8666774e-05
pbmc4k_ATCCACCAGCGATCCC-1,Cytotoxic CD8 T cells,Cytotoxic CD8 T cells,Cytotoxic CD8 T cells,0.99112636,True,0.00015192987,0.00023376307,0.0001964889,0.00012361238,0.99112636,0.007856985,0.00021199409,9.884407e-05
pbmc4k_ATCCACCAGCGTTTAC-1,Activated/transitional T cells,Naive/resting T cells,Naive/resting T cells,0.62330157,False,0.0059439726,0.0096421605,0.005390792,0.006093867,0.0057427934,0.33889997,0.0049848952,0.62330157
pbmc4k_ATCCACCAGGAGCGTT-1,B cells,B cells,B cells,0.99944407,True,3.9129158e-05,0.99944407,3.5849385e-05,4.794726e-05,2.1010266e-05,0.00022362488,3.4641856e-05,0.00015370804
pbmc4k_ATCCACCAGTCACGCC-1,Activated/transitional T cells,Naive/resting T cells,Naive/resting T cells,0.94905597,False,0.00022720033,0.00047149006,0.0002977579,0.00044044838,0.0002988327,0.048939724,0.00026853895,0.94905597
pbmc4k_ATCCACCCAACGCACC-1,Classical monocytes,Classical monocytes,Classical monocytes,0.99927765,True,0.00011714166,0.000111100686,0.00025763462,0.99927765,3.874071e-05,7.978507e-05,7.569894e-05,4.2304164e-05
pbmc4k_ATCCACCCAACTGGCC-1,B cells,B cells,B cells,0.9978237,True,4.4187458e-05,0.9978237,3.850432e-05,4.384363e-05,3.0750565e-05,8.043294e-05,2.6433667e-05,0.0019121724
pbmc4k_ATCCACCCAAGCGCTC-1,B cells,B cells,B cells,0.99887663,True,2.4655903e-05,0.99887663,5.5344786e-05,6.717873e-05,2.9213143e-05,0.0005401068,5.464478e-05,0.0003522108
pbmc4k_ATCCACCCAAGTCTGT-1,Activated/transitional T cells,Naive/resting T cells,Naive/resting T cells,0.98628134,False,0.0034404201,0.00156167,0.00075340935,0.001070465,0.0005725064,0.0056202565,0.000699938,0.98628134
pbmc4k_ATCCACCCACAGTCGC-1,Activated/transitional T cells,IL7R+ memory/helper T cells,IL7R+ memory/helper T cells,0.6153621,False,0.007832951,0.010057459,0.0018096606,0.001768131,0.0025082408,0.6153621,0.0016098049,0.35905164
pbmc4k_ATCCACCCAGGGTTAG-1,B cells,B cells,B cells,0.9995028,True,2.9584095e-05,0.9995028,3.8272618e-05,4.7699592e-05,1.8093297e-05,7.715931e-05,2.713112e-05,0.00025926658
pbmc4k_ATCCACCCATTACGAC-1,Classical monocytes,Classical monocytes,Classical monocytes,0.99639976,True,6.352508e-05,0.0007800097,0.0012896368,0.99639976,0.000120737306,0.0009567964,0.00020284878,0.00018661303
pbmc4k_ATCCACCGTATCAGTC-1,Activated/transitional T cells,Naive/resting T cells,Naive/resting T cells,0.94517225,False,0.0003753851,0.0010279545,0.0005499726,0.0006534207,0.0003170485,0.05152398,0.00037992993,0.94517225
pbmc4k_ATCCACCTCTAACGGT-1,Activated/transitional T cells,Naive/resting T cells,Naive/resting T cells,0.9503515,False,0.00063154876,0.0011831996,0.00051090756,0.00084835826,0.0010569816,0.044976067,0.00044151692,0.9503515
pbmc4k_ATCCGAAAGTTTAGGA-1,Activated/transitional T cells,Naive/resting T cells,Naive/resting T cells,0.9437686,False,0.00018914843,0.001622636,0.0003414918,0.0003598362,0.0004191046,0.053021375,0.00027775217,0.9437686
pbmc4k_ATCCGAACACACTGCG-1,Cytotoxic CD8 T cells,Cytotoxic CD8 T cells,Cytotoxic CD8 T cells,0.99870455,True,7.546169e-05,0.0002021664,6.3252424e-05,5.906737e-05,0.99870455,0.0006272782,6.611693e-05,0.0002021159
pbmc4k_ATCCGAACAGTTCCCT-1,Activated/transitional T cells,Naive/resting T cells,Naive/resting T cells,0.76481694,False,0.0036630388,0.0031533313,0.0033330268,0.0023846377,0.0024449634,0.21803135,0.0021727234,0.76481694
pbmc4k_ATCCGAAGTACTCAAC-1,Activated/transitional T cells,Naive/resting T cells,Naive/resting T cells,0.98749036,False,7.7088655e-05,0.00028671097,8.2334656e-05,0.00012941983,0.000103549886,0.01175177,7.879298e-05,0.98749036
pbmc4k_ATCCGAAGTCTTGATG-1,Cytotoxic CD8 T cells,Cytotoxic CD8 T cells,Cytotoxic CD8 T cells,0.79748064,True,0.0024143583,0.012841173,0.0052623404,0.0052116057,0.79748064,0.11792318,0.006145242,0.052721474
pbmc4k_ATCCGAAGTGACTCAT-1,Activated/transitional T cells,Naive/resting T cells,Naive/resting T cells,0.6635485,False,0.0046077454,0.019185787,0.0033588575,0.004986952,0.0034923342,0.29769984,0.0031199616,0.6635485
pbmc4k_ATCCGAATCCTTGCCA-1,Activated/transitional T cells,Naive/resting T cells,Naive/resting T cells,0.9470875,False,0.0002291791,0.0006207521,0.0004152938,0.0004431444,0.0013308692,0.049564715,0.0003085772,0.9470875
pbmc4k_ATCCGAATCGGAATCT-1,Activated/transitional T cells,Naive/resting T cells,Naive/resting T cells,0.99902475,False,7.720394e-05,9.5194686e-05,7.298725e-05,7.4920164e-05,4.573545e-05,0.00056635914,4.287435e-05,0.99902475
pbmc4k_ATCGAGTAGCCAGAAC-1,Activated/transitional T cells,Naive/resting T cells,Naive/resting T cells,0.9334023,False,0.008982616,0.0038633475,0.0020810203,0.002415205,0.0015562217,0.04579925,0.0019000074,0.9334023
pbmc4k_ATCGAGTAGCCCAATT-1,Cytotoxic CD8 T cells,Cytotoxic CD8 T cells,Cytotoxic CD8 T cells,0.9874577,True,0.00039715756,0.000919997,0.00031801645,0.00033676927,0.9874577,0.008992464,0.00037892524,0.0011989644
pbmc4k_ATCGAGTAGCTCTCGG-1,Classical monocytes,Classical monocytes,Classical monocytes,0.999065,True,2.8189164e-05,0.00025819291,0.00038282148,0.999065,3.862715e-05,0.000112971924,6.685499e-05,4.734494e-05
pbmc4k_ATCGAGTCAAAGGTGC-1,Classical monocytes,Classical monocytes,Classical monocytes,0.9984971,True,1.6047643e-05,0.00012833298,0.0011553357,0.9984971,2.7909839e-05,0.00010257586,3.492645e-05,3.7742713e-05
pbmc4k_ATCGAGTCAACAACCT-1,Classical monocytes,CD16+ non-classical monocytes,CD16+ non-classical monocytes,0.9928149,False,0.0001683334,0.002249433,0.9928149,0.0031885917,0.0002993627,0.00048245324,0.00038441442,0.0004125323
pbmc4k_ATCGAGTCAGGGTATG-1,Activated/transitional T cells,Naive/resting T cells,Naive/resting T cells,0.9300084,False,0.06646217,0.0007909942,0.00045428562,0.0004996651,0.00024162019,0.0011552598,0.00038760513,0.9300084
pbmc4k_ATCGAGTCAGGTCCAC-1,B cells,B cells,B cells,0.99926966,True,3.4146866e-05,0.99926966,3.4514702e-05,6.0396425e-05,2.3792409e-05,0.00019688619,3.1797434e-05,0.00034886316
pbmc4k_ATCGAGTCATCACAAC-1,Activated/transitional T cells,IL7R+ memory/helper T cells,IL7R+ memory/helper T cells,0.76632947,False,0.001572777,0.004474579,0.0028467502,0.0030852063,0.002190077,0.76632947,0.0024934395,0.2170077
pbmc4k_ATCGAGTCATCCTAGA-1,Classical monocytes,Classical monocytes,Classical monocytes,0.9973037,True,3.213058e-05,0.0004391255,0.0017881531,0.9973037,7.554552e-05,0.00020436214,9.309945e-05,6.388065e-05
pbmc4k_ATCGAGTGTACAGCAG-1,B cells,B cells,B cells,0.99910575,True,1.0212388e-05,0.99910575,5.8815553e-05,4.891439e-05,3.332851e-05,0.00064143795,3.99418e-05,6.157537e-05
pbmc4k_ATCGAGTGTCGTGGCT-1,B cells,B cells,B cells,0.9995042,True,2.103872e-05,0.9995042,3.9414288e-05,4.7639922e-05,2.1539818e-05,0.00014018573,2.8551518e-05,0.0001974394
pbmc4k_ATCGAGTGTGATGTGG-1,Classical monocytes,Classical monocytes,Classical monocytes,0.990262,True,0.00020439098,0.0011848487,0.006665359,0.990262,0.00023369332,0.00079762714,0.000536528,0.00011557422
pbmc4k_ATCGAGTGTGCAGTAG-1,Cytotoxic CD8 T cells,Cytotoxic CD8 T cells,Cytotoxic CD8 T cells,0.99421084,True,0.0002614719,0.00042163726,0.00022647377,0.0002616283,0.99421084,0.0037042138,0.0003475147,0.00056627166
pbmc4k_ATCGAGTGTTCAGTAC-1,Classical monocytes,Classical monocytes,Classical monocytes,0.9992373,True,3.5726036e-05,0.00012374496,0.0003091131,0.9992373,2.1779073e-05,0.00013914228,9.223929e-05,4.0924067e-05
pbmc4k_ATCGAGTGTTTAAGCC-1,Activated/transitional T cells,Naive/resting T cells,Naive/resting T cells,0.99278766,False,0.0035820527,0.00060518284,0.00040818303,0.00069388724,0.00022710314,0.0013110803,0.00038489743,0.99278766
pbmc4k_ATCGAGTTCATTTGGG-1,Activated/transitional T cells,Naive/resting T cells,Naive/resting T cells,0.9937064,False,0.00022821147,0.0004582808,0.0002542178,0.00026245922,0.00024573624,0.004691151,0.00015358684,0.9937064
pbmc4k_ATCGAGTTCCGCATAA-1,Classical monocytes,Classical monocytes,Classical monocytes,0.9893741,True,4.6476925e-05,0.0005795436,0.0006284719,0.9893741,0.00017578121,0.008976095,0.000118941556,0.000100618374
pbmc4k_ATCGAGTTCGCAAGCC-1,B cells,B cells,B cells,0.99826556,True,7.213684e-05,0.99826556,4.8273192e-05,7.649194e-05,4.8912047e-05,8.85182e-05,5.585659e-05,0.0013443286
pbmc4k_ATCTACTAGAGCTTCT-1,Classical monocytes,Classical monocytes,Classical monocytes,0.9990952,True,3.976688e-05,0.00015867043,0.00037331125,0.9990952,3.7636815e-05,0.00016661918,8.2928345e-05,4.5885256e-05
pbmc4k_ATCTACTCAAACGCGA-1,B cells,B cells,B cells,0.99946946,True,2.4259696e-05,0.99946946,3.092511e-05,5.6081084e-05,5.6089375e-05,0.00010987444,3.0489593e-05,0.00022287494
pbmc4k_ATCTACTCATGTCTCC-1,Classical monocytes,Classical monocytes,Classical monocytes,0.9990095,True,0.00017842826,0.00021912501,0.00028307384,0.9990095,2.59906e-05,7.549237e-05,0.00011402987,9.439202e-05
pbmc4k_ATCTACTGTTGGTAAA-1,Naive/resting T cells,Naive/resting T cells,Naive/resting T cells,0.9919475,True,0.00017654963,0.00043122203,0.00023295618,0.00032308977,0.00023398195,0.00645206,0.00020270472,0.9919475
pbmc4k_ATCTACTGTTTAGCTG-1,IL7R+ memory/helper T cells,IL7R+ memory/helper T cells,IL7R+ memory/helper T cells,0.96898973,True,0.0005590692,0.0007716428,0.0009475975,0.0005833387,0.026983377,0.96898973,0.0006874767,0.00047783068
pbmc4k_ATCTACTTCCCATTTA-1,IL7R+ memory/helper T cells,Naive/resting T cells,Naive/resting T cells,0.90653646,False,0.009825909,0.0027150223,0.0021121458,0.0023428719,0.02305308,0.05186858,0.0015459142,0.90653646
pbmc4k_ATCTACTTCGTTTATC-1,Activated/transitional T cells,Naive/resting T cells,Naive/resting T cells,0.99260336,False,0.0001738513,0.0007936306,0.00038743572,0.00050801923,0.0003265655,0.004847066,0.0003600651,0.99260336
pbmc4k_ATCTACTTCTATCCCG-1,Cytotoxic CD8 T cells,Cytotoxic CD8 T cells,Cytotoxic CD8 T cells,0.9862488,True,0.0032351299,0.000668201,0.0004925255,0.00050676306,0.9862488,0.0028793262,0.0048346426,0.0011346127
pbmc4k_ATCTACTTCTGAGTGT-1,Classical monocytes,Classical monocytes,Classical monocytes,0.99108815,True,6.3580796e-05,0.0016190661,0.0044317525,0.99108815,0.00023091138,0.0021311205,0.00033223693,0.00010318086
pbmc4k_ATCTACTTCTGGTTCC-1,NK cells,NK cells,NK cells,0.9340881,True,0.0016603997,0.0016769778,0.0072981585,0.0014007479,0.041557148,0.0045066536,0.9340881,0.0078117796
pbmc4k_ATCTGCCAGACAAAGG-1,IL7R+ memory/helper T cells,IL7R+ memory/helper T cells,IL7R+ memory/helper T cells,0.9862698,True,0.0006793537,0.0017756071,0.0018963531,0.0016946791,0.004682143,0.9862698,0.0020120428,0.0009900156
pbmc4k_ATCTGCCAGTGTACCT-1,Classical monocytes,Classical monocytes,Classical monocytes,0.9989219,True,3.9529583e-05,0.00018274058,0.00040238048,0.9989219,4.5354962e-05,0.00027042127,9.150873e-05,4.6162608e-05
pbmc4k_ATCTGCCAGTTGTAGA-1,Activated/transitional T cells,Naive/resting T cells,Naive/resting T cells,0.7513723,False,0.0008346881,0.0027922844,0.0011712848,0.0011432915,0.0014926456,0.2401004,0.001093162,0.7513723
pbmc4k_ATCTGCCCACCAGATT-1,Cytotoxic CD8 T cells,Cytotoxic CD8 T cells,Cytotoxic CD8 T cells,0.9909389,True,0.0010469909,0.00056206394,0.00024074703,0.00024793667,0.9909389,0.0061854613,0.00035410546,0.00042383827
pbmc4k_ATCTGCCCACCAGTTA-1,Activated/transitional T cells,Naive/resting T cells,Naive/resting T cells,0.64845306,False,0.00042974256,0.0016340452,0.000878217,0.0012243662,0.0008375671,0.3457905,0.00075247337,0.64845306
pbmc4k_ATCTGCCGTACTTGAC-1,B cells,B cells,B cells,0.9974304,True,5.5094573e-05,0.9974304,9.42464e-05,0.00010774707,5.2254305e-05,0.00027787077,6.1367966e-05,0.0019210054
pbmc4k_ATCTGCCTCAACACCA-1,Activated/transitional T cells,Naive/resting T cells,Naive/resting T cells,0.9127558,False,0.038944002,0.0029345872,0.0013248702,0.0021599734,0.00086271437,0.03953876,0.0014793272,0.9127558
pbmc4k_ATGAGGGAGAAGGTGA-1,CD16+ non-classical monocytes,CD16+ non-classical monocytes,CD16+ non-classical monocytes,0.9878467,True,0.0006884446,0.0017349197,0.9878467,0.004468274,0.0005422345,0.0014891954,0.0014267026,0.0018035563
pbmc4k_ATGAGGGAGAGTCGGT-1,Classical monocytes,Classical monocytes,Classical monocytes,0.99877816,True,0.00011022156,0.00015913478,0.00056601036,0.99877816,5.2164778e-05,0.00012865798,0.00016687842,3.8723523e-05
pbmc4k_ATGAGGGAGCGTGTCC-1,Classical monocytes,Classical monocytes,Classical monocytes,0.9987233,True,9.8944205e-05,0.00031973075,0.00039903447,0.9987233,4.9140202e-05,0.0002458325,0.00011723232,4.6750058e-05
pbmc4k_ATGAGGGCAGACGTAG-1,NK cells,NK cells,NK cells,0.5312656,True,0.0029378529,0.010240491,0.022313057,0.0062602325,0.37448,0.04977248,0.5312656,0.0027302024
pbmc4k_ATGAGGGCATATGGTC-1,Activated/transitional T cells,Naive/resting T cells,Naive/resting T cells,0.97873825,False,0.001591499,0.0007308767,0.00037567347,0.000495629,0.00023225253,0.017534837,0.0003009526,0.97873825
pbmc4k_ATGAGGGCATGCAACT-1,Naive/resting T cells,Naive/resting T cells,Naive/resting T cells,0.97736037,True,0.0031171145,0.0029638677,0.0015479416,0.0027067475,0.0015944322,0.009362623,0.0013468593,0.97736037
pbmc4k_ATGAGGGTCAAACCGT-1,Activated/transitional T cells,Naive/resting T cells,Naive/resting T cells,0.99256754,False,0.0010822437,0.0002856911,0.00021122674,0.00071384956,0.00018744839,0.004773294,0.00017878128,0.99256754
pbmc4k_ATGAGGGTCCCAAGTA-1,IL7R+ memory/helper T cells,IL7R+ memory/helper T cells,IL7R+ memory/helper T cells,0.98618454,True,0.0019551227,0.0012291168,0.00095842185,0.0015846842,0.0011980365,0.98618454,0.00078566675,0.0061043976
pbmc4k_ATGAGGGTCGTCGTTC-1,B cells,B cells,B cells,0.9995167,True,2.1773883e-05,0.9995167,2.9429511e-05,5.2196585e-05,1.4068389e-05,0.00016804379,2.3902967e-05,0.00017387216
pbmc4k_ATGCGATAGCTAGTGG-1,NK cells,NK cells,NK cells,0.9913139,True,0.0009769762,0.00048774146,0.0014721558,0.00035153385,0.003947896,0.0013183074,0.9913139,0.00013154886
pbmc4k_ATGCGATAGGCGATAC-1,Activated/transitional T cells,IL7R+ memory/helper T cells,IL7R+ memory/helper T cells,0.90748507,False,0.0020560266,0.0025713397,0.001719025,0.0018074167,0.0041753487,0.90748507,0.0014876169,0.078698136
pbmc4k_ATGCGATAGGCTAGCA-1,Activated/transitional T cells,Naive/resting T cells,Naive/resting T cells,0.98890406,False,0.00024285135,0.00021410393,0.00016537255,0.00019533541,0.00018124832,0.009954038,0.00014297123,0.98890406
pbmc4k_ATGCGATGTACATGTC-1,NK cells,NK cells,NK cells,0.6769113,True,0.006049065,0.002637321,0.0022598866,0.0021363797,0.30010974,0.008087163,0.6769113,0.0018091338
pbmc4k_ATGCGATTCAGGATCT-1,B cells,B cells,B cells,0.9994861,True,2.8604092e-05,0.9994861,3.0418074e-05,3.84687e-05,1.5550322e-05,5.1697214e-05,2.3042281e-05,0.00032611447
pbmc4k_ATGGGAGAGCACACAG-1,Activated/transitional T cells,Naive/resting T cells,Naive/resting T cells,0.99645704,False,0.0010797494,0.0004424995,0.0002550993,0.00039737602,0.00020433434,0.000930777,0.00023308891,0.99645704
pbmc4k_ATGGGAGAGTCCCACG-1,Classical monocytes,Classical monocytes,Classical monocytes,0.99872893,True,6.0012746e-05,0.0004352345,0.00043664846,0.99872893,7.631027e-05,0.00014356096,6.784665e-05,5.1414667e-05
pbmc4k_ATGGGAGCAGTACACT-1,IL7R+ memory/helper T cells,Naive/resting T cells,Naive/resting T cells,0.853922,False,0.00046210768,0.0020690942,0.00095371547,0.0013662666,0.0013101663,0.13913514,0.00078146585,0.853922
pbmc4k_ATGGGAGCATCAGTCA-1,B cells,B cells,B cells,0.99823296,True,3.3860193e-05,0.99823296,3.3861936e-05,4.056861e-05,0.00011908175,7.56211e-05,2.4883648e-05,0.0014390951
pbmc4k_ATGGGAGGTAAACCTC-1,Cytotoxic CD8 T cells,Cytotoxic CD8 T cells,Cytotoxic CD8 T cells,0.97117156,True,0.00057141227,0.00058827817,0.00041173256,0.0003839999,0.97117156,0.025834097,0.0005507998,0.00048815337
pbmc4k_ATGGGAGGTAGCGTGA-1,Cytotoxic CD8 T cells,Cytotoxic CD8 T cells,Cytotoxic CD8 T cells,0.9758698,True,0.003137995,0.0012675744,0.0017057257,0.0011627652,0.9758698,0.012173526,0.003491166,0.0011914234
pbmc4k_ATGGGAGGTCTTGATG-1,IL7R+ memory/helper T cells,IL7R+ memory/helper T cells,IL7R+ memory/helper T cells,0.9319087,True,0.0003268946,0.0009918711,0.00070021715,0.0007267086,0.00077619846,0.9319087,0.000466754,0.06410259
pbmc4k_ATGGGAGTCAACTCTT-1,B cells,B cells,B cells,0.9992422,True,5.193535e-05,0.9992422,4.5312343e-05,6.0995706e-05,4.089715e-05,0.00011972987,3.8959257e-05,0.00040004155
pbmc4k_ATGGGAGTCGACAGCC-1,Activated/transitional T cells,Naive/resting T cells,Naive/resting T cells,0.99400514,False,0.0001616963,0.00048009722,0.00018734591,0.000290886,0.00019716787,0.0045043062,0.00017340103,0.99400514
pbmc4k_ATGTGTGAGAGGGATA-1,Activated/transitional T cells,IL7R+ memory/helper T cells,IL7R+ memory/helper T cells,0.75586426,False,0.0014389084,0.0034061023,0.0020982886,0.0016891211,0.001465659,0.75586426,0.0014686042,0.2325691
pbmc4k_ATGTGTGAGAGTCTGG-1,B cells,B cells,B cells,0.9994079,True,3.2693948e-05,0.9994079,3.3476284e-05,3.853589e-05,3.940876e-05,0.00013646066,2.4257415e-05,0.00028725943
pbmc4k_ATGTGTGAGCACCGTC-1,Classical monocytes,Classical monocytes,Classical monocytes,0.9960479,True,5.178893e-05,0.001148572,0.0015009833,0.9960479,0.00028900206,0.0006483125,0.00016829008,0.00014511011
pbmc4k_ATGTGTGAGCCCTAAT-1,Naive/resting T cells,Naive/resting T cells,Naive/resting T cells,0.98746026,True,0.00079707825,0.0008938122,0.0003459579,0.0005356998,0.0004407412,0.009195982,0.0003304905,0.98746026
pbmc4k_ATGTGTGAGGGCATGT-1,CD16+ non-classical monocytes,CD16+ non-classical monocytes,CD16+ non-classical monocytes,0.9975963,True,0.00012031345,0.00046249956,0.9975963,0.0007740338,0.00018745683,0.00035970536,0.0003656104,0.00013400972
pbmc4k_ATGTGTGCATGCAACT-1,B cells,B cells,B cells,0.99905163,True,4.699518e-05,0.99905163,3.3366203e-05,5.2888976e-05,2.3404074e-05,0.00010057537,3.2975524e-05,0.00065814616
pbmc4k_ATGTGTGGTCCCTACT-1,Classical monocytes,Classical monocytes,Classical monocytes,0.9973361,True,2.8136545e-05,0.00043584866,0.0015689153,0.9973361,8.120906e-05,0.00038914717,0.00013543849,2.5249714e-05
pbmc4k_ATGTGTGGTCTTCAAG-1,Naive/resting T cells,Naive/resting T cells,Naive/resting T cells,0.98386467,True,0.00073687173,0.0013551052,0.0005435466,0.00045101705,0.0003438596,0.012427029,0.00027789854,0.98386467
pbmc4k_ATGTGTGGTGCACTTA-1,B cells,B cells,B cells,0.99891055,True,0.000110600515,0.99891055,6.978135e-05,9.731871e-05,8.0012884e-05,0.00041650017,6.219529e-05,0.00025304643
pbmc4k_ATGTGTGTCAGGTAAA-1,Activated/transitional T cells,Naive/resting T cells,Naive/resting T cells,0.9964909,False,0.0003044,0.0003107574,0.00013374601,0.0001946147,0.00018345864,0.0022638007,0.00011833305,0.9964909
pbmc4k_ATGTGTGTCTCTGCTG-1,B cells,B cells,B cells,0.99890685,True,3.392136e-05,0.99890685,3.4541907e-05,4.352205e-05,2.0044681e-05,0.0001207235,2.7994614e-05,0.00081241725
pbmc4k_ATTACTCAGAGGGATA-1,B cells,B cells,B cells,0.99933976,True,2.2337315e-05,0.99933976,6.507108e-05,6.129307e-05,5.0230115e-05,0.00029886115,3.2384025e-05,0.00013001641
pbmc4k_ATTACTCAGCCACGCT-1,Classical monocytes,Classical monocytes,Classical monocytes,0.9995875,True,2.0147776e-05,0.000101411024,9.000796e-05,0.9995875,1.8739787e-05,0.00013325614,3.840332e-05,1.0587021e-05
pbmc4k_ATTACTCAGTGATCGG-1,B cells,B cells,B cells,0.9994159,True,2.0441143e-05,0.9994159,4.814173e-05,4.0656174e-05,3.4579323e-05,0.00028305477,3.650647e-05,0.00012079215
pbmc4k_ATTACTCCACAAGTAA-1,Activated/transitional T cells,Naive/resting T cells,IL7R+ memory/helper T cells,0.5573244,False,0.00067846646,0.0028737288,0.0017411887,0.001369918,0.0017265079,0.5573244,0.0012377016,0.43304804
pbmc4k_ATTACTCGTACTCAAC-1,B cells,B cells,B cells,0.9980519,True,2.3287657e-05,0.9980519,0.00011192743,0.00010373574,6.148461e-05,0.0013015089,5.0304745e-05,0.00029585767
pbmc4k_ATTACTCGTGAACCTT-1,IL7R+ memory/helper T cells,IL7R+ memory/helper T cells,IL7R+ memory/helper T cells,0.98557764,True,0.0002585748,0.00082952046,0.000576359,0.00044572222,0.005795738,0.98557764,0.0004773201,0.0060391827
pbmc4k_ATTACTCTCGGCCGAT-1,Classical monocytes,Classical monocytes,Classical monocytes,0.9972059,True,6.569014e-05,0.00087949703,0.0008938985,0.9972059,0.00013435031,0.0006158028,0.00014080113,6.407713e-05
pbmc4k_ATTATCCAGAGGGCTT-1,Activated/transitional T cells,Naive/resting T cells,Naive/resting T cells,0.99239665,False,0.00013211885,0.0003994561,0.00025724267,0.00027311983,0.00024551677,0.006104336,0.00019159123,0.99239665
pbmc4k_ATTATCCAGGGTCTCC-1,B cells,B cells,B cells,0.9993511,True,1.6386868e-05,0.9993511,3.577201e-05,3.9960338e-05,3.5012068e-05,0.00023919197,2.2280487e-05,0.0002603389
pbmc4k_ATTATCCCAATAGCAA-1,Activated/transitional T cells,Naive/resting T cells,Naive/resting T cells,0.9867748,False,0.0004053792,0.00042166936,0.00028560244,0.0004489315,0.0002315448,0.011167944,0.00026409802,0.9867748
pbmc4k_ATTATCCCAGTATAAG-1,Activated/transitional T cells,Naive/resting T cells,Naive/resting T cells,0.87228304,False,0.00023147353,0.0011730985,0.0009520865,0.0006220311,0.00050926977,0.12374996,0.00047905382,0.87228304
pbmc4k_ATTATCCGTAAATGAC-1,Activated/transitional T cells,Naive/resting T cells,Naive/resting T cells,0.99059874,False,0.00017939853,0.00044078825,0.00023818518,0.00028047815,0.00020634392,0.007874829,0.00018130285,0.99059874
pbmc4k_ATTATCCGTCTCTCGT-1,Cytotoxic CD8 T cells,Cytotoxic CD8 T cells,Cytotoxic CD8 T cells,0.98514014,True,0.0004920038,0.00059187965,0.0003745885,0.00029739775,0.98514014,0.0102206655,0.00050057645,0.002382723
pbmc4k_ATTATCCTCGGATGTT-1,Cytotoxic CD8 T cells,Cytotoxic CD8 T cells,Cytotoxic CD8 T cells,0.9978417,True,7.5853095e-05,0.000110273126,8.4674735e-05,8.4144245e-05,0.9978417,0.0013227167,0.00010716718,0.0003734037
pbmc4k_ATTCTACCAAGTAGTA-1,B cells,B cells,B cells,0.9993693,True,0.0001106452,0.9993693,6.594475e-05,5.6175555e-05,4.274964e-05,0.00018058723,6.7967245e-05,0.00010668414
pbmc4k_ATTCTACGTCGAGTTT-1,Cytotoxic CD8 T cells,IL7R+ memory/helper T cells,IL7R+ memory/helper T cells,0.66256124,False,0.003746185,0.0025350833,0.0017965011,0.0024510045,0.32132435,0.66256124,0.0024097408,0.0031758791
pbmc4k_ATTCTACGTTCGCGAC-1,Classical monocytes,Classical monocytes,Classical monocytes,0.99881566,True,3.1323016e-05,0.00021500554,0.000500597,0.99881566,6.67406e-05,0.00017093349,0.000106085645,9.3729686e-05
pbmc4k_ATTCTACTCATCGCTC-1,IL7R+ memory/helper T cells,IL7R+ memory/helper T cells,IL7R+ memory/helper T cells,0.99938333,True,3.799871e-05,0.00011084531,6.869938e-05,6.0467733e-05,4.95521e-05,0.99938333,5.2951156e-05,0.00023619072
pbmc4k_ATTGGACAGAGTACAT-1,IL7R+ memory/helper T cells,IL7R+ memory/helper T cells,IL7R+ memory/helper T cells,0.98123956,True,0.0019010045,0.0010297791,0.0008965744,0.0008338363,0.00063772115,0.98123956,0.0008296672,0.012631933
pbmc4k_ATTGGACAGCACCGTC-1,Cytotoxic CD8 T cells,Naive/resting T cells,Naive/resting T cells,0.8085978,False,0.00077671214,0.0015268065,0.00078193663,0.00075973914,0.009279199,0.1776263,0.0006515182,0.8085978
pbmc4k_ATTGGACAGCGTTCCG-1,B cells,B cells,B cells,0.99776363,True,0.00030077453,0.99776363,5.4247048e-05,8.124736e-05,0.00010383186,4.5236666e-05,5.0084316e-05,0.0016009146
pbmc4k_ATTGGACAGTACGTAA-1,Classical monocytes,Classical monocytes,Classical monocytes,0.9996648,True,3.7425947e-05,0.0001009084,5.8824335e-05,0.9996648,1.1517306e-05,4.628752e-05,2.7264387e-05,5.3016753e-05
pbmc4k_ATTGGACAGTGACATA-1,IL7R+ memory/helper T cells,IL7R+ memory/helper T cells,IL7R+ memory/helper T cells,0.9995647,True,4.4916193e-05,6.2744075e-05,5.0833267e-05,5.27873e-05,8.235959e-05,0.9995647,4.1648826e-05,0.00010002226
pbmc4k_ATTGGACCAGAAGCAC-1,B cells,B cells,B cells,0.9987702,True,0.00031792195,0.9987702,7.4107e-05,7.749272e-05,0.00024739464,8.569142e-05,5.5851477e-05,0.00037133272
pbmc4k_ATTGGACCATCGGGTC-1,Classical monocytes,Classical monocytes,Classical monocytes,0.9978496,True,0.00014667535,0.00023817706,0.0006634666,0.9978496,7.179882e-05,0.0007905742,0.00014753533,9.220997e-05
pbmc4k_ATTGGACGTCGACTAT-1,Activated/transitional T cells,IL7R+ memory/helper T cells,IL7R+ memory/helper T cells,0.9492399,False,0.0007331034,0.00175632,0.0011983877,0.0012177199,0.0010130653,0.9492399,0.0013886197,0.043452863
pbmc4k_ATTGGACGTCTGCGGT-1,Cytotoxic CD8 T cells,Cytotoxic CD8 T cells,Cytotoxic CD8 T cells,0.98720783,True,0.00013527661,0.00019582742,0.0001809811,0.00014052732,0.98720783,0.010454354,0.00017447093,0.001510677
pbmc4k_ATTGGACGTCTTCGTC-1,Classical monocytes,Classical monocytes,Classical monocytes,0.99951446,True,3.3718447e-05,7.650931e-05,0.00016645447,0.99951446,2.2653041e-05,9.485584e-05,5.8835012e-05,3.2497515e-05
pbmc4k_ATTGGACGTTCACGGC-1,Cytotoxic CD8 T cells,Cytotoxic CD8 T cells,Cytotoxic CD8 T cells,0.9923374,True,8.099993e-05,0.00012320663,0.00015596091,8.282429e-05,0.9923374,0.006932105,0.00010721296,0.00018026972
pbmc4k_ATTGGACTCCTCATTA-1,Classical monocytes,Classical monocytes,Classical monocytes,0.9717065,True,4.807227e-05,0.0008847044,0.0015167696,0.9717065,0.021921117,0.0037027649,0.00013928878,8.074357e-05
pbmc4k_ATTGGACTCCTGTACC-1,NK cells,NK cells,NK cells,0.9971221,True,0.00018430916,0.0002373728,0.0001994167,0.000103172846,0.0018677558,0.00021565685,0.9971221,7.015777e-05
pbmc4k_ATTGGACTCGAATGCT-1,Activated/transitional T cells,Naive/resting T cells,Naive/resting T cells,0.87183183,False,0.0064553744,0.0022784371,0.0012155935,0.0017722467,0.004083889,0.111235805,0.0011268486,0.87183183
pbmc4k_ATTGGACTCTTCAACT-1,Classical monocytes,Classical monocytes,Classical monocytes,0.9997111,True,1.7329714e-05,7.361311e-05,5.4513283e-05,0.9997111,3.9108647e-05,3.9592294e-05,2.8208311e-05,3.6501413e-05
pbmc4k_ATTGGACTCTTGTACT-1,B cells,B cells,B cells,0.9996269,True,1.1042611e-05,0.9996269,2.8435343e-05,2.613169e-05,3.6395937e-05,7.9864505e-05,2.4586594e-05,0.0001665912
pbmc4k_ATTGGTGAGGAATTAC-1,Naive/resting T cells,Naive/resting T cells,Naive/resting T cells,0.99585944,True,8.927285e-05,0.0001187345,9.543442e-05,0.00011867733,7.119013e-05,0.003573401,7.390251e-05,0.99585944
pbmc4k_ATTGGTGCATCAGTAC-1,B cells,B cells,B cells,0.9988123,True,5.2906416e-05,0.9988123,6.3869986e-05,7.3801064e-05,2.5069063e-05,0.0003978908,3.9654675e-05,0.00053454994
pbmc4k_ATTGGTGGTCCGTCAG-1,Classical monocytes,Classical monocytes,Classical monocytes,0.9996026,True,9.44485e-05,0.00010934568,5.9340156e-05,0.9996026,1.9565303e-05,3.6448615e-05,5.4070704e-05,2.4233652e-05
pbmc4k_ATTGGTGGTCGCTTTC-1,Activated/transitional T cells,Naive/resting T cells,Naive/resting T cells,0.8742012,False,0.0029635178,0.0019483308,0.0010483242,0.0011420563,0.00078319584,0.11683961,0.0010737778,0.8742012
pbmc4k_ATTGGTGGTCTTGTCC-1,Classical monocytes,Classical monocytes,Classical monocytes,0.9992434,True,3.798752e-05,9.868099e-05,0.00030762836,0.9992434,9.41151e-05,0.00014679327,4.937168e-05,2.2057271e-05
pbmc4k_ATTGGTGGTTACGACT-1,Activated/transitional T cells,Naive/resting T cells,Naive/resting T cells,0.9967771,False,0.0005117986,0.00013206044,5.916125e-05,6.3221865e-05,0.00011799758,0.0022799291,5.8675116e-05,0.9967771
pbmc4k_ATTGGTGTCGTTGACA-1,Classical monocytes,Classical monocytes,Classical monocytes,0.9996339,True,8.112079e-06,6.648926e-05,0.00016712178,0.9996339,1.6555332e-05,6.32715e-05,3.1172192e-05,1.33921185e-05
pbmc4k_ATTTCTGAGTCATGCT-1,Activated/transitional T cells,Naive/resting T cells,Naive/resting T cells,0.9450577,False,0.00080921757,0.0027431652,0.0017486502,0.0017967527,0.0010461962,0.045653958,0.0011443446,0.9450577
pbmc4k_ATTTCTGCAAGAGTCG-1,Cytotoxic CD8 T cells,Cytotoxic CD8 T cells,Cytotoxic CD8 T cells,0.9663036,True,0.0021523323,0.0010983524,0.0008155776,0.0007329394,0.9663036,0.019783573,0.007874729,0.0012389036
pbmc4k_ATTTCTGGTGACAAAT-1,Naive/resting T cells,Naive/resting T cells,Naive/resting T cells,0.89623517,True,0.0023088674,0.0025830285,0.0019162724,0.0025846893,0.0010129606,0.09161969,0.0017392803,0.89623517
pbmc4k_ATTTCTGTCACCTTAT-1,B cells,B cells,B cells,0.9993487,True,1.5144359e-05,0.9993487,4.2873533e-05,4.0974166e-05,2.7348304e-05,0.0001230687,2.4417026e-05,0.00037748722
pbmc4k_ATTTCTGTCTGGGCCA-1,Classical monocytes,Classical monocytes,Classical monocytes,0.9943415,True,3.7578247e-05,0.0010993794,0.0037227278,0.9943415,0.00011272942,0.00043413325,0.00016361056,8.828687e-05
pbmc4k_CAACCAAAGCGTAGTG-1,Classical monocytes,Classical monocytes,Classical monocytes,0.9978098,True,0.0001171119,0.0002620648,0.0007199271,0.9978098,0.00015191495,0.00044005783,0.00018236332,0.00031675657
pbmc4k_CAACCAAAGTTACGGG-1,NK cells,NK cells,NK cells,0.98567355,True,0.00091842236,0.00056090654,0.0039491057,0.00061615073,0.0069705797,0.001156459,0.98567355,0.00015484505
pbmc4k_CAACCAACACAGACAG-1,CD16+ non-classical monocytes,CD16+ non-classical monocytes,CD16+ non-classical monocytes,0.90230703,True,0.0019781927,0.034133453,0.90230703,0.021954475,0.008039456,0.013049089,0.008833035,0.009705202
pbmc4k_CAACCAACAGGGTTAG-1,CD16+ non-classical monocytes,CD16+ non-classical monocytes,CD16+ non-classical monocytes,0.8192148,True,0.00080262526,0.008829136,0.8192148,0.16273546,0.0014005298,0.003362129,0.0019500086,0.001705269
pbmc4k_CAACCAACATTCACTT-1,B cells,B cells,B cells,0.999236,True,0.00021950602,0.999236,4.2036412e-05,4.8798403e-05,1.3963933e-05,1.6583277e-05,2.9101588e-05,0.00039398242
pbmc4k_CAACCAAGTAAGAGGA-1,Classical monocytes,Classical monocytes,Classical monocytes,0.99959177,True,1.6685539e-05,0.00011443784,8.922643e-05,0.99959177,1.8955e-05,8.316143e-05,3.543385e-05,5.0307077e-05
pbmc4k_CAACCAATCTCGCATC-1,Activated/transitional T cells,Naive/resting T cells,Naive/resting T cells,0.8338602,False,0.0009498479,0.0035606204,0.0037422732,0.0027531483,0.0030383973,0.15036689,0.0017286332,0.8338602
pbmc4k_CAACCTCAGATAGGAG-1,Classical monocytes,Classical monocytes,Classical monocytes,0.9995047,True,8.550487e-05,7.2868716e-05,8.7021675e-05,0.9995047,6.584722e-05,5.1668405e-05,6.745054e-05,6.492299e-05
pbmc4k_CAACCTCGTAGGCATG-1,IL7R+ memory/helper T cells,IL7R+ memory/helper T cells,IL7R+ memory/helper T cells,0.9966522,True,0.0001227707,0.00022432521,0.00013467942,0.00013052556,0.00021069626,0.9966522,0.000118612305,0.0024061892
pbmc4k_CAACCTCTCAACACGT-1,NK cells,NK cells,NK cells,0.5475371,True,0.0026165675,0.0033026584,0.0021653764,0.0015516272,0.42939368,0.0106578395,0.5475371,0.002775111
pbmc4k_CAACCTCTCTGCTGTC-1,Cytotoxic CD8 T cells,Cytotoxic CD8 T cells,Cytotoxic CD8 T cells,0.982701,True,0.00039492943,0.00054456823,0.00031270224,0.00024672676,0.982701,0.015139373,0.00020222603,0.0004585156
pbmc4k_CAACTAGAGGTGCAAC-1,Cytotoxic CD8 T cells,Cytotoxic CD8 T cells,Cytotoxic CD8 T cells,0.9937318,True,0.0004602192,0.00030719282,0.00033913372,0.00026017663,0.9937318,0.0038347722,0.00073422806,0.0003324408
pbmc4k_CAACTAGAGTGTGAAT-1,Cytotoxic CD8 T cells,Cytotoxic CD8 T cells,Cytotoxic CD8 T cells,0.9840933,True,0.0021771942,0.0005873132,0.0005469018,0.00039555458,0.9840933,0.010679425,0.00060518726,0.0009151332
pbmc4k_CAACTAGCAACTGCGC-1,Activated/transitional T cells,Naive/resting T cells,Naive/resting T cells,0.91056085,False,0.0008144846,0.0015191064,0.00089077366,0.0011815856,0.00068513525,0.0835705,0.00077755476,0.91056085
pbmc4k_CAACTAGCACACCGAC-1,Classical monocytes,Classical monocytes,Classical monocytes,0.9951674,True,0.00010806106,0.0013228843,0.0013314002,0.9951674,0.0005923836,0.00073263136,0.00034387747,0.00040135774
pbmc4k_CAACTAGGTAGCTTGT-1,Activated/transitional T cells,IL7R+ memory/helper T cells,IL7R+ memory/helper T cells,0.66695815,False,0.0010306649,0.0015345317,0.0010518021,0.001120973,0.00072733976,0.66695815,0.0010575185,0.326519
pbmc4k_CAACTAGGTGCACTTA-1,Classical monocytes,Classical monocytes,Classical monocytes,0.9911157,True,0.00065807987,0.002919095,0.0009870402,0.9911157,0.00090239564,0.0018621553,0.0004066165,0.0011488928
pbmc4k_CAACTAGGTTAAAGTG-1,Activated/transitional T cells,Naive/resting T cells,Naive/resting T cells,0.8778751,False,0.002345739,0.0035418046,0.002175016,0.0030485957,0.0027376253,0.106259,0.0020171849,0.8778751
pbmc4k_CAACTAGTCAGCATGT-1,B cells,B cells,B cells,0.99870443,True,4.9894064e-05,0.99870443,4.7178783e-05,4.899393e-05,2.3932127e-05,0.00013754584,3.2088745e-05,0.0009559218
pbmc4k_CAACTAGTCAGTTAGC-1,IL7R+ memory/helper T cells,IL7R+ memory/helper T cells,IL7R+ memory/helper T cells,0.9661054,True,0.019540899,0.0024237488,0.0021360267,0.0021268947,0.0020733252,0.9661054,0.0031658376,0.0024278576
pbmc4k_CAACTAGTCCTCTAGC-1,Activated/transitional T cells,IL7R+ memory/helper T cells,IL7R+ memory/helper T cells,0.7539651,False,0.000385869,0.00262616,0.0011319732,0.0014162383,0.0018350878,0.7539651,0.0010124902,0.2376271
pbmc4k_CAAGAAAAGACTAGAT-1,Classical monocytes,Classical monocytes,Classical monocytes,0.9971246,True,7.484702e-05,0.00066668127,0.0011682268,0.9971246,0.00026417605,0.00040889042,0.00022040635,7.213484e-05
pbmc4k_CAAGAAAAGCTGCGAA-1,Activated/transitional T cells,Naive/resting T cells,Naive/resting T cells,0.80801755,False,0.0003506967,0.0020223386,0.0009803411,0.0012366936,0.0010473505,0.18559186,0.0007531526,0.80801755
pbmc4k_CAAGAAAAGGCTAGGT-1,Naive/resting T cells,Naive/resting T cells,Naive/resting T cells,0.6606879,True,0.0020172242,0.0016528227,0.0015066562,0.0010558023,0.20540689,0.12675406,0.0009186373,0.6606879
pbmc4k_CAAGAAACACGTCTCT-1,Cytotoxic CD8 T cells,Cytotoxic CD8 T cells,Cytotoxic CD8 T cells,0.8829726,True,0.07841777,0.0021432652,0.0010244639,0.001267777,0.8829726,0.00193324,0.0011018841,0.031138979
pbmc4k_CAAGAAACAGCTATTG-1,B cells,B cells,B cells,0.9992932,True,3.330553e-05,0.9992932,6.697621e-05,6.5287466e-05,3.403388e-05,0.0001993518,5.2764815e-05,0.00025508573
pbmc4k_CAAGAAACAGTCGATT-1,NK cells,NK cells,NK cells,0.7248326,True,0.016366826,0.005483515,0.005850795,0.005814384,0.2008441,0.029488008,0.7248326,0.011319738
pbmc4k_CAAGAAATCCAGAAGG-1,IL7R+ memory/helper T cells,IL7R+ memory/helper T cells,IL7R+ memory/helper T cells,0.98951054,True,0.00031061663,0.0005968473,0.00035738712,0.0003588564,0.00048668173,0.98951054,0.0003242438,0.008054912
pbmc4k_CAAGAAATCCGCTGTT-1,Activated/transitional T cells,IL7R+ memory/helper T cells,IL7R+ memory/helper T cells,0.7571934,False,0.0011222799,0.0013283062,0.00081839215,0.0008907163,0.00080041477,0.7571934,0.0007385689,0.23710793
pbmc4k_CAAGAAATCTCTAAGG-1,Classical monocytes,Classical monocytes,Classical monocytes,0.9991999,True,0.00015446405,0.00010534145,0.000263726,0.9991999,7.822633e-05,6.983266e-05,8.81805e-05,4.0376326e-05
pbmc4k_CAAGATCAGATACACA-1,B cells,B cells,B cells,0.99840397,True,0.0001866951,0.99840397,0.000106896245,0.00037414784,4.659528e-05,0.0002703223,6.360383e-05,0.0005478006
pbmc4k_CAAGATCCACATAACC-1,Cytotoxic CD8 T cells,Cytotoxic CD8 T cells,Cytotoxic CD8 T cells,0.98700964,True,0.00078073784,0.0006072349,0.0003965116,0.0003799881,0.98700964,0.0041160225,0.0053443834,0.0013654872
pbmc4k_CAAGATCCAGCTTCGG-1,Cytotoxic CD8 T cells,Cytotoxic CD8 T cells,Cytotoxic CD8 T cells,0.98665464,True,0.00089702755,0.00032909066,0.00019320412,0.00020090432,0.98665464,0.0092297215,0.00016323797,0.0023321684
pbmc4k_CAAGATCCATGGATGG-1,Classical monocytes,Classical monocytes,Classical monocytes,0.99951684,True,2.4491921e-05,7.734974e-05,0.00021264922,0.99951684,2.0120968e-05,6.818309e-05,4.09999e-05,3.9361596e-05
pbmc4k_CAAGATCGTAAATGTG-1,Classical monocytes,Classical monocytes,Classical monocytes,0.9935369,True,8.485763e-05,0.0014359413,0.003635087,0.9935369,0.00013835075,0.00084357493,0.00019773541,0.00012756487
pbmc4k_CAAGATCGTCGAACAG-1,IL7R+ memory/helper T cells,IL7R+ memory/helper T cells,IL7R+ memory/helper T cells,0.58881104,True,0.0012712673,0.003225386,0.0016577747,0.00237415,0.003064549,0.58881104,0.0014960808,0.39809972
pbmc4k_CAAGATCGTCGCATAT-1,Classical monocytes,Classical monocytes,Classical monocytes,0.99311984,True,8.724522e-05,0.0011235243,0.004292911,0.99311984,0.00016914782,0.0007800619,0.00024370832,0.0001835634
pbmc4k_CAAGATCTCACCTCGT-1,Activated/transitional T cells,Naive/resting T cells,Naive/resting T cells,0.9690679,False,0.0004924363,0.0015755586,0.00087507826,0.0012262847,0.002089123,0.023880497,0.0007931171,0.9690679
pbmc4k_CAAGATCTCATCGGAT-1,Classical monocytes,Classical monocytes,Classical monocytes,0.9995689,True,8.266624e-06,8.9351175e-05,0.00018488496,0.9995689,2.5099038e-05,5.207222e-05,5.124986e-05,2.0171201e-05
pbmc4k_CAAGGCCAGACGACGT-1,Activated/transitional T cells,Naive/resting T cells,Naive/resting T cells,0.99712175,False,0.00023965508,0.00012964598,8.9403235e-05,0.000107738495,0.00010071162,0.002132727,7.831201e-05,0.99712175
pbmc4k_CAAGGCCAGAGCTATA-1,Classical monocytes,Classical monocytes,Classical monocytes,0.99727947,True,1.9025985e-05,0.00045889156,0.0015856357,0.99727947,8.0940255e-05,0.00032445122,0.0001516033,9.996885e-05
pbmc4k_CAAGGCCAGCGATAGC-1,IL7R+ memory/helper T cells,IL7R+ memory/helper T cells,IL7R+ memory/helper T cells,0.8878432,True,0.0016498021,0.0027195062,0.0021944894,0.0014801224,0.036581576,0.8878432,0.0013731997,0.06615808
pbmc4k_CAAGGCCAGCGTTCCG-1,Classical monocytes,Classical monocytes,Classical monocytes,0.9971053,True,5.2776977e-05,0.00040433186,0.0012340437,0.9971053,9.175319e-05,0.0007400058,0.00020299396,0.00016884251
pbmc4k_CAAGGCCCAGGGATTG-1,IL7R+ memory/helper T cells,IL7R+ memory/helper T cells,IL7R+ memory/helper T cells,0.9835495,True,0.00011101889,0.00054656196,0.00033660923,0.00026104238,0.00046337434,0.9835495,0.00022012494,0.014511803
pbmc4k_CAAGGCCGTATCAGTC-1,Cytotoxic CD8 T cells,Cytotoxic CD8 T cells,Cytotoxic CD8 T cells,0.9617486,True,0.0004901279,0.00073343277,0.00053499587,0.0005768053,0.9617486,0.027952475,0.0005379615,0.007425547
pbmc4k_CAAGGCCGTCGCATAT-1,Activated/transitional T cells,Naive/resting T cells,Naive/resting T cells,0.8571206,False,0.0012581025,0.0018921106,0.0010998682,0.0010331981,0.0013094641,0.13538933,0.0008973362,0.8571206
pbmc4k_CAAGGCCGTCGCTTTC-1,Activated/transitional T cells,Naive/resting T cells,Naive/resting T cells,0.9492175,False,0.0006186175,0.0020633293,0.0011385847,0.0012674108,0.0044086566,0.040548097,0.0007377817,0.9492175
pbmc4k_CAAGGCCTCCGTAGGC-1,Classical monocytes,Classical monocytes,Classical monocytes,0.9991967,True,8.2729726e-05,0.00010779458,0.0002859795,0.9991967,3.796043e-05,0.00014608563,0.00011286222,2.991002e-05
pbmc4k_CAAGGCCTCTCGCTTG-1,NK cells,NK cells,NK cells,0.99344057,True,0.00021586742,0.0003596958,0.0005892646,0.00022377387,0.004354516,0.0007427913,0.99344057,7.3587085e-05
pbmc4k_CAAGTTGCAAGCGAGT-1,Cytotoxic CD8 T cells,Naive/resting T cells,Naive/resting T cells,0.7960896,False,0.0027614688,0.0032952607,0.002167755,0.0028073683,0.0045813927,0.18616746,0.002129712,0.7960896
pbmc4k_CAAGTTGCAATCTGCA-1,Activated/transitional T cells,Naive/resting T cells,IL7R+ memory/helper T cells,0.5295156,False,0.032367036,0.01561252,0.010749753,0.010396446,0.045436043,0.5295156,0.012331454,0.3435911
pbmc4k_CAAGTTGCATACTCTT-1,Activated/transitional T cells,IL7R+ memory/helper T cells,IL7R+ memory/helper T cells,0.50050676,False,0.011461379,0.0051348093,0.002826871,0.0027740693,0.003090237,0.50050676,0.00264565,0.4715602
pbmc4k_CAAGTTGCATCAGTCA-1,IL7R+ memory/helper T cells,IL7R+ memory/helper T cells,IL7R+ memory/helper T cells,0.99792045,True,0.00010526558,0.0005805157,0.00016482356,0.0001471689,0.00031198232,0.99792045,0.00013153291,0.0006382498
pbmc4k_CAAGTTGGTCAGATAA-1,Activated/transitional T cells,Naive/resting T cells,Naive/resting T cells,0.95085657,False,0.004842958,0.0022341826,0.0012434697,0.0019982385,0.0009062573,0.03660241,0.0013158404,0.95085657
pbmc4k_CAAGTTGGTTCTGAAC-1,IL7R+ memory/helper T cells,IL7R+ memory/helper T cells,IL7R+ memory/helper T cells,0.9046499,True,0.0004862063,0.0020599654,0.0013516026,0.0017134877,0.0012014834,0.9046499,0.0010027107,0.087534584
pbmc4k_CAAGTTGTCACGCATA-1,B cells,B cells,B cells,0.99887997,True,2.4331717e-05,0.99887997,3.6480247e-05,4.2447005e-05,2.191341e-05,0.00013835999,2.6234573e-05,0.00083024905
pbmc4k_CAAGTTGTCCGCGTTT-1,CD16+ non-classical monocytes,CD16+ non-classical monocytes,CD16+ non-classical monocytes,0.99959356,True,9.312539e-06,0.00011681127,0.99959356,0.00010488905,2.0625297e-05,7.4938805e-05,6.72156e-05,1.2612537e-05
pbmc4k_CAAGTTGTCTATGTGG-1,IL7R+ memory/helper T cells,IL7R+ memory/helper T cells,IL7R+ memory/helper T cells,0.99948716,True,2.4275263e-05,7.953838e-05,9.6234566e-05,4.5079636e-05,6.7412315e-05,0.99948716,4.1873787e-05,0.00015837116
pbmc4k_CAAGTTGTCTGCTTGC-1,Activated/transitional T cells,Naive/resting T cells,Naive/resting T cells,0.9684411,False,0.0010295536,0.0007150987,0.0004979199,0.00070603256,0.0005618037,0.027635487,0.00041302555,0.9684411
pbmc4k_CACAAACAGCCAGGAT-1,Cytotoxic CD8 T cells,Cytotoxic CD8 T cells,Cytotoxic CD8 T cells,0.73361915,True,0.0022712138,0.002907202,0.0020919372,0.0018070303,0.73361915,0.04861792,0.20811255,0.00057299074
pbmc4k_CACAAACAGTGTGGCA-1,Cytotoxic CD8 T cells,Cytotoxic CD8 T cells,Cytotoxic CD8 T cells,0.9841838,True,0.00048798634,0.0008837656,0.00057017495,0.00054636894,0.9841838,0.008663977,0.00413615,0.00052782294
pbmc4k_CACAAACGTAGATTAG-1,Classical monocytes,Classical monocytes,Classical monocytes,0.99863786,True,4.3293978e-05,0.00022553808,0.00045415552,0.99863786,6.001225e-05,0.0003356051,0.0001043872,0.00013908706
pbmc4k_CACAAACGTCAAAGAT-1,NK cells,NK cells,NK cells,0.99747086,True,8.0997175e-05,6.975991e-05,0.00016590294,5.8639005e-05,0.0017264549,0.00039594318,0.99747086,3.146131e-05
pbmc4k_CACAAACTCCGCATAA-1,Activated/transitional T cells,IL7R+ memory/helper T cells,Naive/resting T cells,0.7115973,False,0.004060919,0.008172902,0.0036530832,0.004831278,0.002300133,0.26212436,0.003260023,0.7115973
pbmc4k_CACAAACTCCGTAGGC-1,Activated/transitional T cells,Naive/resting T cells,Naive/resting T cells,0.99835914,False,0.0011894567,0.00016007866,4.8173868e-05,7.361382e-05,5.1316383e-05,7.239344e-05,4.580639e-05,0.99835914
pbmc4k_CACAAACTCGGTGTTA-1,IL7R+ memory/helper T cells,IL7R+ memory/helper T cells,IL7R+ memory/helper T cells,0.9782602,True,0.00060997583,0.0009930852,0.0007366932,0.0006831249,0.001803908,0.9782602,0.00057525374,0.016337717
pbmc4k_CACACAAAGCAAATCA-1,Cytotoxic CD8 T cells,Cytotoxic CD8 T cells,Cytotoxic CD8 T cells,0.9593446,True,0.00059142715,0.0012117805,0.00096491456,0.0005788209,0.9593446,0.02188477,0.015053265,0.00037046356
pbmc4k_CACACAAAGCGTAGTG-1,Naive/resting T cells,Naive/resting T cells,Naive/resting T cells,0.98129845,True,0.00077010685,0.0011939928,0.0007279969,0.00073627144,0.00038454976,0.0144696105,0.0004190162,0.98129845
pbmc4k_CACACAAAGTGAATTG-1,CD16+ non-classical monocytes,CD16+ non-classical monocytes,CD16+ non-classical monocytes,0.9913796,True,6.691103e-05,0.002709012,0.9913796,0.00428162,0.00027827267,0.0008505778,0.00028590925,0.00014815698
pbmc4k_CACACAAAGTTATCGC-1,Naive/resting T cells,Naive/resting T cells,Naive/resting T cells,0.9982291,True,0.00011174923,0.00026203642,9.44523e-05,0.00013205531,0.00012495332,0.00096569286,7.99483e-05,0.9982291
pbmc4k_CACACAACAGCTCCGA-1,IL7R+ memory/helper T cells,IL7R+ memory/helper T cells,IL7R+ memory/helper T cells,0.74347866,True,0.002895872,0.0018830183,0.0014183422,0.0014064459,0.0032571526,0.74347866,0.0013163914,0.24434413
pbmc4k_CACACAACAGTCTTCC-1,Activated/transitional T cells,Naive/resting T cells,Naive/resting T cells,0.9750357,False,0.0023572003,0.0016737096,0.0011197377,0.0016937772,0.000783483,0.016379643,0.00095665106,0.9750357
pbmc4k_CACACAAGTACATGTC-1,Activated/transitional T cells,Naive/resting T cells,Naive/resting T cells,0.8891641,False,0.0005808125,0.0029262267,0.0005589714,0.00070091675,0.0006863582,0.10495661,0.00042594786,0.8891641
pbmc4k_CACACAAGTGAGTGAC-1,Classical monocytes,Classical monocytes,Classical monocytes,0.98644364,True,9.398672e-05,0.00079127663,0.010666502,0.98644364,0.00023156864,0.0010579578,0.00026618486,0.0004489482
pbmc4k_CACACAAGTTCAGCGC-1,Activated/transitional T cells,Naive/resting T cells,Naive/resting T cells,0.9817872,False,0.00011750083,0.0004223808,0.00036064512,0.00024635327,0.0002193181,0.016660491,0.0001861435,0.9817872
pbmc4k_CACACAATCAATAAGG-1,Activated/transitional T cells,Naive/resting T cells,Naive/resting T cells,0.9944507,False,0.0007470153,0.00087142544,0.0003804849,0.00057591416,0.0002465541,0.0023543404,0.00037361274,0.9944507
pbmc4k_CACACAATCCTGTACC-1,Classical monocytes,Classical monocytes,Classical monocytes,0.99844885,True,8.439771e-05,0.00024259054,0.0006439456,0.99844885,5.8932023e-05,0.00022966784,0.000172041,0.00011955293
pbmc4k_CACACCTAGATCTGAA-1,Activated/transitional T cells,Naive/resting T cells,Naive/resting T cells,0.9539628,False,0.0012684235,0.0010128958,0.00063944136,0.00064615725,0.00045773966,0.041465115,0.00054740947,0.9539628
pbmc4k_CACACCTCAGACGTAG-1,B cells,B cells,B cells,0.99956995,True,3.2946413e-05,0.99956995,3.5146644e-05,4.8367765e-05,3.9617407e-05,4.1968695e-05,3.182362e-05,0.00020021858
pbmc4k_CACACCTGTATCGCAT-1,Activated/transitional T cells,Naive/resting T cells,Naive/resting T cells,0.9937649,False,0.00025533568,0.000392508,0.00011762955,0.0001728022,8.449848e-05,0.0051049213,0.00010744166,0.9937649
pbmc4k_CACACCTGTGCCTGGT-1,IL7R+ memory/helper T cells,IL7R+ memory/helper T cells,IL7R+ memory/helper T cells,0.5899837,True,0.0009334319,0.005428227,0.0024827835,0.0031842748,0.104611576,0.5899837,0.0019598692,0.29141614
pbmc4k_CACACCTGTTAGAACA-1,NK cells,NK cells,NK cells,0.97845423,True,0.004883864,0.00062164,0.00066632667,0.00032627487,0.014517648,0.0002375503,0.97845423,0.00029244274
pbmc4k_CACACCTTCGAATCCA-1,Classical monocytes,Classical monocytes,Classical monocytes,0.9931693,True,8.3028775e-05,0.0042996746,0.00026738754,0.9931693,0.00012654945,0.0011949037,0.000121999015,0.0007371705
pbmc4k_CACACCTTCGGTCTAA-1,IL7R+ memory/helper T cells,IL7R+ memory/helper T cells,IL7R+ memory/helper T cells,0.9996543,True,3.1154756e-05,6.797483e-05,5.961863e-05,4.205201e-05,6.3673884e-05,0.9996543,4.044665e-05,4.0799467e-05
pbmc4k_CACACTCAGAAGAAGC-1,Cytotoxic CD8 T cells,Cytotoxic CD8 T cells,Cytotoxic CD8 T cells,0.9627461,True,0.00020630276,0.0004220491,0.00027072043,0.00027595094,0.9627461,0.035430532,0.00030499866,0.00034340206
pbmc4k_CACACTCCAATACGCT-1,B cells,B cells,B cells,0.99915636,True,0.00035268578,0.99915636,5.1894647e-05,0.00013705356,4.1511757e-05,4.2281445e-05,5.2233027e-05,0.00016598593
pbmc4k_CACACTCCACCCATGG-1,Naive/resting T cells,Naive/resting T cells,Naive/resting T cells,0.90769035,True,0.00068720646,0.0037860684,0.0005403687,0.00076866796,0.0006579194,0.08540145,0.00046797848,0.90769035
pbmc4k_CACACTCCAGACAAGC-1,IL7R+ memory/helper T cells,Naive/resting T cells,IL7R+ memory/helper T cells,0.55764425,True,0.0012673049,0.009165748,0.0020704113,0.0018572308,0.17163701,0.55764425,0.0016112381,0.25474676
pbmc4k_CACACTCCAGTAACGG-1,B cells,B cells,B cells,0.9995708,True,0.00012646595,0.9995708,3.3597724e-05,4.141973e-05,1.4634653e-05,4.305476e-05,2.9138031e-05,0.00014095615
pbmc4k_CACACTCGTACAGTTC-1,B cells,B cells,B cells,0.9984366,True,2.3241093e-05,0.9984366,7.5231656e-05,6.289558e-05,3.8074064e-05,0.0005650969,3.3936707e-05,0.0007648583
pbmc4k_CACACTCGTACGACCC-1,Cytotoxic CD8 T cells,Cytotoxic CD8 T cells,Cytotoxic CD8 T cells,0.9700229,True,0.009823505,0.0014678013,0.0013814134,0.0014300948,0.9700229,0.007921968,0.0011147748,0.006837498
pbmc4k_CACAGGCAGAAACCGC-1,CD16+ non-classical monocytes,CD16+ non-classical monocytes,CD16+ non-classical monocytes,0.9983291,True,5.3676195e-05,0.0002984402,0.9983291,0.0003070337,0.00010204863,0.0005891689,0.00020644373,0.00011410586
pbmc4k_CACAGGCAGCTCAACT-1,Naive/resting T cells,Naive/resting T cells,Naive/resting T cells,0.9936911,True,0.00036182077,0.0015264818,0.0002821305,0.0004234093,0.00022841938,0.0031719727,0.00031462678,0.9936911
pbmc4k_CACAGGCAGTGGCACA-1,Classical monocytes,Classical monocytes,Classical monocytes,0.99939585,True,6.858116e-05,0.00013141672,0.00014872702,0.99939585,2.4267072e-05,0.00016148784,4.8701546e-05,2.0951049e-05
pbmc4k_CACAGGCCAAGCGCTC-1,Classical monocytes,Classical monocytes,Classical monocytes,0.9982084,True,9.227499e-05,0.00028450578,0.00040392115,0.9982084,0.00010847338,0.00050861697,0.00023908487,0.00015473533
pbmc4k_CACAGGCGTGGTACAG-1,Classical monocytes,Classical monocytes,Classical monocytes,0.9991683,True,3.8007274e-05,0.00034190016,0.00014738286,0.9991683,3.0103012e-05,0.00014949507,5.009827e-05,7.473966e-05
pbmc4k_CACAGGCTCAATACCG-1,Classical monocytes,Classical monocytes,Classical monocytes,0.99923825,True,2.0334275e-05,0.00014466658,0.0004138734,0.99923825,3.9459264e-05,7.287687e-05,5.25893e-05,1.8001017e-05
pbmc4k_CACAGGCTCACGGTTA-1,Cytotoxic CD8 T cells,Cytotoxic CD8 T cells,Cytotoxic CD8 T cells,0.9884797,True,0.00033758557,0.00038469725,0.00026068412,0.0002601571,0.9884797,0.0069984924,0.0030690094,0.00020976544
pbmc4k_CACAGTAAGAGGTTAT-1,Activated/transitional T cells,Naive/resting T cells,Naive/resting T cells,0.98588735,False,0.0003522385,0.0006350793,0.0002721538,0.00038184295,0.00012363674,0.012105303,0.0002423762,0.98588735
pbmc4k_CACAGTAAGGATCGCA-1,B cells,B cells,B cells,0.9972675,True,3.6880425e-05,0.9972675,4.3772285e-05,5.8769514e-05,3.443218e-05,0.00018471807,2.9209448e-05,0.0023447399
pbmc4k_CACAGTACATACGCTA-1,Activated/transitional T cells,IL7R+ memory/helper T cells,IL7R+ memory/helper T cells,0.9436496,False,0.0003456694,0.0013453938,0.00064403826,0.0007148727,0.0005103248,0.9436496,0.000554396,0.052235745
pbmc4k_CACAGTAGTATCACCA-1,Activated/transitional T cells,Naive/resting T cells,Naive/resting T cells,0.8762267,False,0.005985276,0.0028985552,0.002343843,0.0020997215,0.0023657454,0.106206656,0.0018734676,0.8762267
pbmc4k_CACAGTAGTCTGCCAG-1,Classical monocytes,Classical monocytes,Classical monocytes,0.99959415,True,7.1088645e-05,0.00010468015,0.00012011062,0.99959415,1.2891686e-05,3.7555837e-05,3.077629e-05,2.8738546e-05
pbmc4k_CACAGTAGTCTGGTCG-1,B cells,B cells,B cells,0.9971432,True,7.553898e-05,0.9971432,3.4211578e-05,4.1816726e-05,0.00010080354,0.000102292586,2.4105793e-05,0.0024780103
pbmc4k_CACAGTAGTTCGTCTC-1,Activated/transitional T cells,IL7R+ memory/helper T cells,IL7R+ memory/helper T cells,0.9393661,False,0.0030197846,0.0015033841,0.0013047316,0.0012895354,0.016396878,0.9393661,0.0015715489,0.035547975
pbmc4k_CACAGTATCTCTTGAT-1,IL7R+ memory/helper T cells,IL7R+ memory/helper T cells,IL7R+ memory/helper T cells,0.99833715,True,7.482877e-05,0.00027591587,0.00014612585,0.00012321329,0.00031138482,0.99833715,0.000102525686,0.0006288785
pbmc4k_CACATAGAGACACTAA-1,IL7R+ memory/helper T cells,IL7R+ memory/helper T cells,IL7R+ memory/helper T cells,0.99947137,True,2.7485723e-05,8.631672e-05,9.94952e-05,5.306694e-05,8.024929e-05,0.99947137,6.22846e-05,0.00011969522
pbmc4k_CACATAGCAAGACGTG-1,Naive/resting T cells,Naive/resting T cells,Naive/resting T cells,0.94383764,True,0.0072555193,0.003950986,0.002121056,0.0031381603,0.001250424,0.03647313,0.0019731226,0.94383764
pbmc4k_CACATAGCAAGGACTG-1,Cytotoxic CD8 T cells,Cytotoxic CD8 T cells,Cytotoxic CD8 T cells,0.96860045,True,0.00025756483,0.0004435043,0.00031098456,0.00022769437,0.96860045,0.029239558,0.0002094964,0.0007107437
pbmc4k_CACATAGCACCTGGTG-1,Activated/transitional T cells,Naive/resting T cells,Naive/resting T cells,0.88537383,False,0.0001882031,0.0006070631,0.0002909542,0.0003639686,0.0002418999,0.11266844,0.00026568444,0.88537383
pbmc4k_CACATAGCATAGAAAC-1,CD16+ non-classical monocytes,Classical monocytes,Classical monocytes,0.9720319,False,0.00034991108,0.00528013,0.018164422,0.9720319,0.0007398235,0.0021322416,0.0007328399,0.00056878163
pbmc4k_CACATAGCATGAACCT-1,Classical monocytes,Classical monocytes,Classical monocytes,0.9968304,True,8.270943e-05,0.00033925488,0.0014574782,0.9968304,0.00011770762,0.00070677727,0.000277157,0.00018854935
pbmc4k_CACATAGGTCATCGGC-1,Activated/transitional T cells,Naive/resting T cells,Naive/resting T cells,0.98757535,False,0.00088469085,0.0010350554,0.00047302138,0.00070352113,0.0004666379,0.008419649,0.00044215794,0.98757535
pbmc4k_CACATAGGTGAAGGCT-1,Activated/transitional T cells,Naive/resting T cells,Naive/resting T cells,0.9289502,False,0.00088298705,0.0011257466,0.0006637486,0.00091846776,0.00062952226,0.06626296,0.0005663755,0.9289502
pbmc4k_CACATAGGTGCGCTTG-1,Naive/resting T cells,Naive/resting T cells,Naive/resting T cells,0.9907246,True,0.00031726412,0.000435588,0.00024273296,0.0002745603,0.0002909167,0.0074952175,0.00021905769,0.9907246
pbmc4k_CACATAGGTTTGGGCC-1,Classical monocytes,Classical monocytes,Classical monocytes,0.8560094,True,0.0020953398,0.01313421,0.11412954,0.8560094,0.0020484454,0.0066142953,0.0021914402,0.0037773568
pbmc4k_CACATAGTCTCGCATC-1,Classical monocytes,Classical monocytes,Classical monocytes,0.99945885,True,2.8941195e-05,0.00023054522,0.00011071972,0.99945885,2.6900067e-05,9.048442e-05,3.487035e-05,1.8712983e-05
pbmc4k_CACATTTCAACACCTA-1,Classical monocytes,Classical monocytes,Classical monocytes,0.9972607,True,0.00012669952,0.00045691655,0.0010909304,0.9972607,0.00017799705,0.00039287264,0.00019009697,0.00030376017
pbmc4k_CACATTTCAGCTTAAC-1,Activated/transitional T cells,Naive/resting T cells,Naive/resting T cells,0.98401666,False,0.0007014903,0.0009683927,0.00067538844,0.001002982,0.00046174653,0.011542607,0.0006307903,0.98401666
pbmc4k_CACATTTCATCACCCT-1,Classical monocytes,Classical monocytes,Classical monocytes,0.9984285,True,3.7303173e-05,0.0002593634,0.00066635635,0.9984285,7.5088625e-05,0.00036847786,0.000103039114,6.179974e-05
pbmc4k_CACATTTGTACCGTAT-1,Cytotoxic CD8 T cells,Cytotoxic CD8 T cells,Cytotoxic CD8 T cells,0.9422538,True,0.00048179226,0.0004923069,0.00020314711,0.00025145296,0.9422538,0.055257622,0.00028164432,0.0007781716
pbmc4k_CACATTTGTAGCTCCG-1,IL7R+ memory/helper T cells,IL7R+ memory/helper T cells,IL7R+ memory/helper T cells,0.998588,True,9.360222e-05,0.00016807718,0.00015538016,0.00011849933,0.00015659643,0.998588,0.00011861783,0.000601203
pbmc4k_CACATTTTCAAGGCTT-1,Activated/transitional T cells,Naive/resting T cells,Naive/resting T cells,0.9900159,False,0.00019259026,0.00044934507,0.00027998773,0.00030284692,0.0002753789,0.008307614,0.00017634992,0.9900159
pbmc4k_CACATTTTCCAAACAC-1,B cells,B cells,B cells,0.9994142,True,2.2823284e-05,0.9994142,5.3252796e-05,6.1148916e-05,3.248635e-05,0.0002131709,3.4925768e-05,0.00016795301
pbmc4k_CACATTTTCCACGTGG-1,Cytotoxic CD8 T cells,Cytotoxic CD8 T cells,Cytotoxic CD8 T cells,0.9911758,True,0.0008634777,0.00050104037,0.00039446063,0.00034589588,0.9911758,0.0038943083,0.00043700472,0.0023880352
pbmc4k_CACATTTTCCGTTGCT-1,Activated/transitional T cells,Naive/resting T cells,Naive/resting T cells,0.92050844,False,0.00049656513,0.0012389529,0.0006802008,0.0007722003,0.0006877353,0.07508793,0.00052801246,0.92050844
pbmc4k_CACCACTCACGTTGGC-1,B cells,B cells,B cells,0.999238,True,2.3925786e-05,0.999238,4.1877407e-05,4.9836806e-05,3.1529373e-05,0.00027087136,3.1726366e-05,0.0003122194
pbmc4k_CACCACTGTTCAGCGC-1,Classical monocytes,Classical monocytes,Classical monocytes,0.9996551,True,1.9954925e-05,6.0820126e-05,0.00010220172,0.9996551,1.8863346e-05,7.0487215e-05,4.369923e-05,2.8824514e-05
pbmc4k_CACCACTTCACAGGCC-1,Activated/transitional T cells,Naive/resting T cells,Naive/resting T cells,0.7812921,False,0.0017070275,0.002857083,0.0024018015,0.0025424173,0.0020548527,0.20563571,0.0015090643,0.7812921
pbmc4k_CACCACTTCCGATATG-1,Activated/transitional T cells,Naive/resting T cells,Naive/resting T cells,0.97541815,False,0.00022663797,0.0013020603,0.0007719876,0.00057924335,0.00030217,0.021033742,0.00036601,0.97541815
pbmc4k_CACCACTTCTGCAAGT-1,B cells,B cells,B cells,0.99878293,True,2.1207594e-05,0.99878293,4.6401583e-05,6.457346e-05,1.9008387e-05,0.00024503472,3.8427417e-05,0.00078246574
pbmc4k_CACCAGGCATGGATGG-1,B cells,B cells,B cells,0.9990011,True,2.8225613e-05,0.9990011,4.56366e-05,6.861392e-05,4.231412e-05,0.00034159364,3.6966107e-05,0.00043552378
pbmc4k_CACCAGGGTGACAAAT-1,Naive/resting T cells,Naive/resting T cells,Naive/resting T cells,0.9991303,True,8.8325934e-05,0.00021147128,4.9411025e-05,6.818078e-05,4.7469068e-05,0.00036387503,4.0986546e-05,0.9991303
pbmc4k_CACCAGGTCAAGAAGT-1,Activated/transitional T cells,Naive/resting T cells,Naive/resting T cells,0.79142857,False,0.00045482343,0.00068957376,0.00052694266,0.00038263446,0.0004455415,0.20575294,0.00031900257,0.79142857
pbmc4k_CACCAGGTCGAGGTAG-1,Activated/transitional T cells,IL7R+ memory/helper T cells,IL7R+ memory/helper T cells,0.7149891,False,0.0043127933,0.004044943,0.003363195,0.0028201584,0.0034182256,0.7149891,0.0029574644,0.2640941
pbmc4k_CACCAGGTCGGACAAG-1,Cytotoxic CD8 T cells,Cytotoxic CD8 T cells,Cytotoxic CD8 T cells,0.96900976,True,0.0015205306,0.000889318,0.00050516153,0.00050225697,0.96900976,0.023427695,0.0005269738,0.0036183598
pbmc4k_CACCAGGTCTTCGAGA-1,Activated/transitional T cells,Naive/resting T cells,Naive/resting T cells,0.99817634,False,8.4466934e-05,0.0001385775,8.600551e-05,0.00011462912,0.00012708124,0.0012035436,6.942066e-05,0.99817634
pbmc4k_CACCTTGAGCAGATCG-1,Activated/transitional T cells,Naive/resting T cells,Naive/resting T cells,0.96374255,False,0.0006939369,0.0013129159,0.0010940005,0.0010484452,0.0005293471,0.03094192,0.0006368488,0.96374255
pbmc4k_CACCTTGCAACTGGCC-1,B cells,B cells,B cells,0.9994326,True,1.943438e-05,0.9994326,3.7453316e-05,3.8048744e-05,1.51511495e-05,0.000112819136,2.7173235e-05,0.00031729325
pbmc4k_CACCTTGCAATGAATG-1,Activated/transitional T cells,Naive/resting T cells,Naive/resting T cells,0.8796052,False,0.0010304099,0.0012356502,0.0010196122,0.00080226286,0.0008009602,0.11482755,0.00067838794,0.8796052
pbmc4k_CACCTTGCACAGCCCA-1,Classical monocytes,Classical monocytes,Classical monocytes,0.99852705,True,0.00022770245,0.00034018184,0.0003046057,0.99852705,4.8405855e-05,0.00033257867,0.00013436649,8.509098e-05
pbmc4k_CACCTTGGTATTCGTG-1,Activated/transitional T cells,Naive/resting T cells,Naive/resting T cells,0.5094475,False,0.0007007369,0.0019115052,0.0012267473,0.0011851258,0.0010544774,0.4837334,0.00074049423,0.5094475
pbmc4k_CACCTTGGTCGAACAG-1,Classical monocytes,Classical monocytes,Classical monocytes,0.9996172,True,2.0678492e-05,9.698541e-05,9.628372e-05,0.9996172,2.6502175e-05,8.947607e-05,3.5740883e-05,1.709848e-05
pbmc4k_CACCTTGGTGGTCCGT-1,Activated/transitional T cells,Naive/resting T cells,Naive/resting T cells,0.8510967,False,0.0012466529,0.10007084,0.0021885962,0.0026372848,0.0041212686,0.03729964,0.0013390108,0.8510967
pbmc4k_CACCTTGTCGTGGTCG-1,Activated/transitional T cells,Naive/resting T cells,Naive/resting T cells,0.99619055,False,0.00102333,0.0003441887,0.00023950664,0.00034614996,0.00024799473,0.0013555433,0.00025265623,0.99619055
pbmc4k_CACCTTGTCTCCTATA-1,B cells,B cells,B cells,0.99829,True,7.9220306e-05,0.99829,4.052897e-05,7.190412e-05,3.229754e-05,8.3212886e-05,3.8662172e-05,0.001364133
pbmc4k_CACTCCAAGAACAATC-1,IL7R+ memory/helper T cells,IL7R+ memory/helper T cells,IL7R+ memory/helper T cells,0.9984541,True,6.70565e-05,0.000120565936,0.00013616671,7.64234e-05,0.00088067097,0.9984541,8.463722e-05,0.00018032089
pbmc4k_CACTCCACAGTGAGTG-1,B cells,B cells,B cells,0.9994487,True,5.1809093e-05,0.9994487,3.3662698e-05,4.238588e-05,0.00019354779,5.9455804e-05,3.354464e-05,0.00013685672
pbmc4k_CACTCCAGTAACGCGA-1,Activated/transitional T cells,Naive/resting T cells,Naive/resting T cells,0.9846906,False,0.0012053278,0.0017961507,0.00080114574,0.0010667543,0.0010070266,0.008780897,0.00065211125,0.9846906
pbmc4k_CACTCCAGTCTCGTTC-1,B cells,B cells,B cells,0.9990864,True,9.7689226e-05,0.9990864,5.277986e-05,7.156754e-05,4.338643e-05,0.00012634307,4.766167e-05,0.00047421668
pbmc4k_CACTCCATCGGCCGAT-1,Naive/resting T cells,Naive/resting T cells,Naive/resting T cells,0.954367,True,0.0019173003,0.0040976466,0.0015778186,0.001874977,0.0026364515,0.032333158,0.0011956289,0.954367
pbmc4k_CACTCCATCGTGACAT-1,Activated/transitional T cells,Naive/resting T cells,Naive/resting T cells,0.98247266,False,0.0006286502,0.0004907947,0.0002739947,0.0003916791,0.00027854473,0.015229827,0.0002338622,0.98247266
pbmc4k_CAGAATCAGAGACTAT-1,Activated/transitional T cells,Naive/resting T cells,Naive/resting T cells,0.99922574,False,0.0003950499,6.028731e-05,3.2457312e-05,4.7838505e-05,5.9749622e-05,0.00014944765,2.9389676e-05,0.99922574
pbmc4k_CAGAATCAGATGTGGC-1,Cytotoxic CD8 T cells,Cytotoxic CD8 T cells,Cytotoxic CD8 T cells,0.9831497,True,0.0006455809,0.0004551816,0.0002984186,0.0003445203,0.9831497,0.012546022,0.0019432078,0.00061735464
pbmc4k_CAGAATCAGCGACGTA-1,Classical monocytes,Classical monocytes,Classical monocytes,0.999292,True,5.7113433e-05,0.00014042007,0.00018821866,0.999292,4.1521354e-05,0.00013852336,7.988002e-05,6.223424e-05
pbmc4k_CAGAATCCAATGAAAC-1,B cells,B cells,B cells,0.9994892,True,1.534814e-05,0.9994892,2.8502773e-05,4.4055745e-05,1.4972468e-05,0.00015008272,3.0834137e-05,0.00022700882
pbmc4k_CAGAATCCATCTCGCT-1,B cells,B cells,B cells,0.9990951,True,3.8763672e-05,0.9990951,4.0585102e-05,6.163046e-05,4.0858813e-05,5.809568e-05,4.7763464e-05,0.00061720365
pbmc4k_CAGAATCCATTAGGCT-1,IL7R+ memory/helper T cells,IL7R+ memory/helper T cells,IL7R+ memory/helper T cells,0.99965966,True,1.1004117e-05,8.9635825e-05,4.685024e-05,3.5879213e-05,5.4032193e-05,0.99965966,2.5563535e-05,7.7412675e-05
pbmc4k_CAGAATCCATTGAGCT-1,NK cells,Cytotoxic CD8 T cells,Cytotoxic CD8 T cells,0.84233797,False,0.0026335162,0.0022078443,0.0013547173,0.0010282034,0.84233797,0.005496666,0.14436412,0.0005770053
pbmc4k_CAGAATCGTAATTGGA-1,Cytotoxic CD8 T cells,Cytotoxic CD8 T cells,Cytotoxic CD8 T cells,0.9201044,True,0.001382953,0.0015370621,0.0013409741,0.000908845,0.9201044,0.029648932,0.044243563,0.0008333623
pbmc4k_CAGAATCGTCTAGAGG-1,Cytotoxic CD8 T cells,Cytotoxic CD8 T cells,Cytotoxic CD8 T cells,0.59806186,True,0.00023855401,0.0011307404,0.00036497178,0.00035460104,0.59806186,0.3992046,0.00034795474,0.0002966962
pbmc4k_CAGAATCTCCAACCAA-1,Activated/transitional T cells,Naive/resting T cells,Naive/resting T cells,0.9883807,False,0.00028150863,0.00041563233,0.0002270843,0.00033091876,0.00019784631,0.00996554,0.00020080294,0.9883807
pbmc4k_CAGAATCTCTCTGAGA-1,B cells,B cells,B cells,0.998919,True,4.952832e-05,0.998919,4.6877492e-05,5.6458997e-05,4.439237e-05,0.00017018926,3.7737056e-05,0.0006758179
pbmc4k_CAGAGAGAGAGTTGGC-1,Activated/transitional T cells,IL7R+ memory/helper T cells,IL7R+ memory/helper T cells,0.72978,False,0.004704977,0.004731484,0.006684312,0.003547522,0.0029812441,0.72978,0.0037372177,0.24383324
pbmc4k_CAGAGAGAGCTAAACA-1,NK cells,NK cells,NK cells,0.75003296,True,0.0057569873,0.0040485733,0.017347004,0.0046820696,0.20409341,0.010901062,0.75003296,0.0031378954
pbmc4k_CAGAGAGAGGTCGGAT-1,Activated/transitional T cells,Naive/resting T cells,Naive/resting T cells,0.9830489,False,0.00051973684,0.00028690166,0.0002399079,0.00023895435,0.00019154981,0.015332011,0.00014200847,0.9830489
pbmc4k_CAGAGAGAGTCCATAC-1,NK cells,NK cells,NK cells,0.9924394,True,0.00030101492,0.00022734195,0.0002736614,0.00020336633,0.005599638,0.0008750436,0.9924394,8.0574326e-05
pbmc4k_CAGAGAGAGTGCCAGA-1,Classical monocytes,Classical monocytes,Classical monocytes,0.9990671,True,2.6266076e-05,0.00014294483,0.0004479421,0.9990671,2.6975747e-05,0.00016009275,7.632941e-05,5.2296546e-05
pbmc4k_CAGAGAGAGTTATCGC-1,Cytotoxic CD8 T cells,IL7R+ memory/helper T cells,Cytotoxic CD8 T cells,0.58839065,True,0.030948933,0.0035055857,0.0027510752,0.002872092,0.58839065,0.36138463,0.003655753,0.0064912867
pbmc4k_CAGAGAGCACATGGGA-1,B cells,B cells,B cells,0.99939287,True,2.0573032e-05,0.99939287,2.7845585e-05,3.4196313e-05,3.1587653e-05,0.000109276356,2.3459137e-05,0.0003602047
pbmc4k_CAGAGAGCAGTAGAGC-1,B cells,B cells,B cells,0.9981628,True,7.5571814e-05,0.9981628,8.6539454e-05,0.00010659742,4.010925e-05,0.00030751762,6.552931e-05,0.0011553973
pbmc4k_CAGAGAGCAGTGGAGT-1,Activated/transitional T cells,Naive/resting T cells,Naive/resting T cells,0.8636732,False,0.073165,0.0044903425,0.0031366828,0.004575231,0.0021800704,0.04595283,0.0028266541,0.8636732
pbmc4k_CAGAGAGGTAAACCTC-1,IL7R+ memory/helper T cells,IL7R+ memory/helper T cells,IL7R+ memory/helper T cells,0.9278994,True,4.7583122e-05,0.00022682005,0.00010538108,0.00010154367,0.00011020317,0.9278994,7.877037e-05,0.07143022
pbmc4k_CAGAGAGGTGAGGGAG-1,B cells,B cells,B cells,0.99810284,True,0.00015846145,0.99810284,6.1435814e-05,0.000101123165,6.7742585e-05,0.00013811082,6.093162e-05,0.0013094207
pbmc4k_CAGAGAGGTTCGTGAT-1,Classical monocytes,Classical monocytes,Classical monocytes,0.98842174,True,0.00012556219,0.0035971084,0.0057410323,0.98842174,0.00022399554,0.0011881206,0.0004183401,0.00028404483
pbmc4k_CAGAGAGTCGAATGCT-1,Cytotoxic CD8 T cells,Cytotoxic CD8 T cells,Cytotoxic CD8 T cells,0.99197924,True,0.0003518611,0.0004931629,0.00028008796,0.00023892075,0.99197924,0.0057641496,0.00056291005,0.00032963173
pbmc4k_CAGAGAGTCGTCTGCT-1,CD16+ non-classical monocytes,CD16+ non-classical monocytes,CD16+ non-classical monocytes,0.99367934,True,0.00010803849,0.0028905363,0.99367934,0.00080887845,0.00021909228,0.0016968902,0.00040423448,0.00019295757
pbmc4k_CAGAGAGTCTCCTATA-1,B cells,B cells,B cells,0.99734616,True,8.8846e-05,0.99734616,8.3651306e-05,8.813744e-05,7.833442e-05,0.00012715333,5.819105e-05,0.002129463
pbmc4k_CAGATCAAGCAATCTC-1,IL7R+ memory/helper T cells,IL7R+ memory/helper T cells,IL7R+ memory/helper T cells,0.9987631,True,6.729618e-05,0.00019182787,0.00011658373,0.00010745657,0.00012445783,0.9987631,0.00011248858,0.00051681895
pbmc4k_CAGATCAGTAAGTAGT-1,Classical monocytes,Classical monocytes,Classical monocytes,0.98503864,True,0.00017326108,0.0016813689,0.010342539,0.98503864,0.00042011822,0.0014687148,0.0004774635,0.0003978536
pbmc4k_CAGATCATCACGCATA-1,Activated/transitional T cells,Naive/resting T cells,Naive/resting T cells,0.6971185,False,0.002432468,0.0037152679,0.0026541988,0.0036198262,0.002559498,0.28528163,0.0026185696,0.6971185
pbmc4k_CAGATCATCAGCACAT-1,Activated/transitional T cells,Naive/resting T cells,Naive/resting T cells,0.9551704,False,0.00040948312,0.0006464371,0.00031852676,0.00042039857,0.0002821864,0.042493522,0.00025906885,0.9551704
pbmc4k_CAGATCATCATTATCC-1,Activated/transitional T cells,Naive/resting T cells,Naive/resting T cells,0.60599214,False,0.35436937,0.0042688865,0.0014484118,0.001591468,0.0011709344,0.02980105,0.0013577314,0.60599214
pbmc4k_CAGATCATCTGATTCT-1,Cytotoxic CD8 T cells,Cytotoxic CD8 T cells,Cytotoxic CD8 T cells,0.9850869,True,0.0009166397,0.00033849978,0.00030706482,0.00024619035,0.9850869,0.0110158855,0.0018387573,0.00025011212
pbmc4k_CAGATCATCTTGCAAG-1,Activated/transitional T cells,Naive/resting T cells,Naive/resting T cells,0.973216,False,0.023580808,0.00057511346,0.0002383696,0.00025787615,0.00026758958,0.001627178,0.0002371194,0.973216
pbmc4k_CAGCAGCAGAAGAAGC-1,B cells,B cells,B cells,0.9993562,True,2.5218593e-05,0.9993562,5.7250218e-05,6.346057e-05,3.737599e-05,0.00013025214,4.974735e-05,0.00028043438
pbmc4k_CAGCAGCAGAATCTCC-1,B cells,B cells,B cells,0.99911517,True,1.2533162e-05,0.99911517,8.179393e-05,3.7401627e-05,3.7247286e-05,0.0005589158,3.2961587e-05,0.000123941
pbmc4k_CAGCAGCAGAGTAAGG-1,Naive/resting T cells,Naive/resting T cells,Naive/resting T cells,0.9910005,True,0.0020840997,0.00044921617,0.00028838147,0.0004062276,0.0002894058,0.0051627136,0.00031952685,0.9910005
pbmc4k_CAGCAGCAGATGCGAC-1,IL7R+ memory/helper T cells,IL7R+ memory/helper T cells,IL7R+ memory/helper T cells,0.9801097,True,0.00035843483,0.0009018831,0.00044838316,0.000596917,0.0003793915,0.9801097,0.00036782864,0.016837468
pbmc4k_CAGCAGCAGGGTGTTG-1,IL7R+ memory/helper T cells,IL7R+ memory/helper T cells,IL7R+ memory/helper T cells,0.9966181,True,0.000795423,0.00079841516,0.00024853615,0.0002264137,0.00026784895,0.9966181,0.00021405672,0.0008312801
pbmc4k_CAGCAGCCATAACCTG-1,IL7R+ memory/helper T cells,IL7R+ memory/helper T cells,IL7R+ memory/helper T cells,0.99855417,True,3.221084e-05,0.000101624064,8.2527324e-05,8.412903e-05,5.3517604e-05,0.99855417,6.396288e-05,0.001027854
pbmc4k_CAGCAGCCATGTCTCC-1,Classical monocytes,Classical monocytes,Classical monocytes,0.9949232,True,6.364484e-05,0.00243559,0.0011950337,0.9949232,0.00021672464,0.00076965365,0.00014453311,0.0002517195
pbmc4k_CAGCAGCGTATTCGTG-1,Activated/transitional T cells,Naive/resting T cells,Naive/resting T cells,0.9500174,False,0.0009761409,0.000594422,0.00036342387,0.00047839186,0.00034623226,0.046886705,0.00033725103,0.9500174
pbmc4k_CAGCAGCGTCGGCTCA-1,Cytotoxic CD8 T cells,Cytotoxic CD8 T cells,Cytotoxic CD8 T cells,0.992605,True,0.0006654581,0.00023261893,0.00015297567,0.00016378872,0.992605,0.0043520383,0.0013693735,0.00045872948
pbmc4k_CAGCAGCGTCTAGCCG-1,Activated/transitional T cells,Naive/resting T cells,Naive/resting T cells,0.9886165,False,5.453622e-05,0.00014834762,7.896601e-05,0.000113141636,7.710639e-05,0.010843531,6.784035e-05,0.9886165
pbmc4k_CAGCAGCGTTTACTCT-1,CD16+ non-classical monocytes,CD16+ non-classical monocytes,CD16+ non-classical monocytes,0.9956934,True,7.2122035e-05,0.001319585,0.9956934,0.0015532254,0.0002721922,0.00045296134,0.000422737,0.00021386279
pbmc4k_CAGCATAAGTACGTTC-1,B cells,B cells,B cells,0.99953914,True,5.1810614e-05,0.99953914,4.1050072e-05,5.7239024e-05,3.621337e-05,0.00016791186,5.1935178e-05,5.467873e-05
pbmc4k_CAGCATAAGTCAAGGC-1,Activated/transitional T cells,Naive/resting T cells,Naive/resting T cells,0.99700683,False,0.001786598,0.0004828118,0.00011080193,0.00017220686,7.603222e-05,0.00024046762,0.00012420972,0.99700683
pbmc4k_CAGCATAAGTTGAGTA-1,IL7R+ memory/helper T cells,IL7R+ memory/helper T cells,IL7R+ memory/helper T cells,0.98395514,True,0.0018006829,0.0071178153,0.0008565957,0.0007525637,0.0011447076,0.98395514,0.0008399912,0.0035325089
pbmc4k_CAGCATAGTTAGATGA-1,B cells,B cells,B cells,0.9979213,True,2.4695217e-05,0.9979213,4.3978576e-05,5.7827005e-05,2.7013713e-05,0.0001980727,3.456672e-05,0.0016926004
pbmc4k_CAGCATATCATTGCGA-1,B cells,B cells,B cells,0.9991014,True,2.3374123e-05,0.9991014,3.9833252e-05,3.919853e-05,2.051275e-05,0.0005670189,2.4834804e-05,0.0001838859
pbmc4k_CAGCATATCCCTGACT-1,B cells,B cells,B cells,0.99903274,True,0.0001277943,0.99903274,5.600464e-05,6.3038606e-05,3.2001757e-05,0.00031608948,4.8581816e-05,0.0003237906
pbmc4k_CAGCATATCGTTGCCT-1,Cytotoxic CD8 T cells,Cytotoxic CD8 T cells,Cytotoxic CD8 T cells,0.9525589,True,0.00015848804,0.00022782589,0.00012386536,0.00014232527,0.9525589,0.045767266,0.00014391866,0.00087738724
pbmc4k_CAGCCGAAGATCCCGC-1,B cells,B cells,B cells,0.9994593,True,1.5450627e-05,0.9994593,3.228219e-05,3.576715e-05,2.000982e-05,0.0001357522,2.0181651e-05,0.00028128963
pbmc4k_CAGCCGAAGCGTAATA-1,Classical monocytes,Classical monocytes,Classical monocytes,0.9995511,True,7.3385495e-06,0.00013789082,0.00018385066,0.9995511,2.1227872e-05,5.433537e-05,3.0325276e-05,1.384072e-05
pbmc4k_CAGCCGAAGGTAGCTG-1,Activated/transitional T cells,Naive/resting T cells,Naive/resting T cells,0.78755325,False,0.0008505947,0.0022353986,0.0010831042,0.0013998535,0.0009599176,0.2050457,0.0008720999,0.78755325
pbmc4k_CAGCCGACACAGCGTC-1,Cytotoxic CD8 T cells,Cytotoxic CD8 T cells,Cytotoxic CD8 T cells,0.99374217,True,0.0005820104,0.00029795335,0.00022086126,0.0002709863,0.99374217,0.0040892963,0.000591866,0.00020488544
pbmc4k_CAGCCGACAGTCGATT-1,B cells,B cells,B cells,0.9991209,True,5.7626818e-05,0.9991209,4.207372e-05,4.67742e-05,2.4461448e-05,0.00018022375,3.3313954e-05,0.000494599
pbmc4k_CAGCCGACATGCGCAC-1,IL7R+ memory/helper T cells,IL7R+ memory/helper T cells,IL7R+ memory/helper T cells,0.9538861,True,0.00095439877,0.0031803132,0.0022857138,0.002097485,0.0046960646,0.9538861,0.0022335467,0.030666405
pbmc4k_CAGCCGATCAATACCG-1,Activated/transitional T cells,Naive/resting T cells,Naive/resting T cells,0.99601245,False,0.00035653848,0.00025766584,9.732032e-05,0.00013354531,5.4853317e-05,0.0029875385,0.00010008761,0.99601245
pbmc4k_CAGCCGATCGCATGAT-1,Activated/transitional T cells,Naive/resting T cells,Naive/resting T cells,0.9857671,False,0.00014218374,0.00033770167,0.00017166408,0.00023836653,0.00023896332,0.012952603,0.0001514078,0.9857671
pbmc4k_CAGCCGATCGCTTGTC-1,Naive/resting T cells,Naive/resting T cells,Naive/resting T cells,0.96232456,True,0.00029513193,0.000540782,0.00035913152,0.00039059386,0.00027125506,0.035581645,0.000236972,0.96232456
pbmc4k_CAGCCGATCTGTCTCG-1,Activated/transitional T cells,Naive/resting T cells,Naive/resting T cells,0.969197,False,0.0016028126,0.0012605372,0.00095261243,0.00094076426,0.0004652023,0.02496197,0.0006191701,0.969197
pbmc4k_CAGCGACAGAGTGACC-1,Classical monocytes,Classical monocytes,Classical monocytes,0.9873093,True,0.0013408114,0.0031846743,0.0028653936,0.9873093,0.00052083854,0.0023498402,0.0007568724,0.0016723612
pbmc4k_CAGCGACAGCATCATC-1,Activated/transitional T cells,IL7R+ memory/helper T cells,IL7R+ memory/helper T cells,0.8160827,False,0.0015746689,0.0030308384,0.0021109816,0.0025287946,0.0011784236,0.8160827,0.0017189758,0.17177464
pbmc4k_CAGCGACAGCTAGGCA-1,IL7R+ memory/helper T cells,IL7R+ memory/helper T cells,IL7R+ memory/helper T cells,0.9679583,True,0.0004671854,0.001003377,0.0010597956,0.0007734952,0.01860653,0.9679583,0.001009183,0.009122171
pbmc4k_CAGCGACAGTGACTCT-1,IL7R+ memory/helper T cells,IL7R+ memory/helper T cells,IL7R+ memory/helper T cells,0.90313834,True,0.00045545556,0.00083730766,0.000695891,0.0006436326,0.0008111626,0.90313834,0.0005329789,0.0928852
pbmc4k_CAGCGACCAAGCGAGT-1,Classical monocytes,Classical monocytes,Classical monocytes,0.99634725,True,6.302596e-05,0.0007597609,0.001685969,0.99634725,0.00012484293,0.0005836666,0.00018521109,0.00025031687
pbmc4k_CAGCGACCACACAGAG-1,Activated/transitional T cells,Naive/resting T cells,Naive/resting T cells,0.97391576,False,0.0005038776,0.00073952635,0.0005138299,0.00063051167,0.0005176723,0.022775551,0.000403337,0.97391576
pbmc4k_CAGCGACCACCGTTGG-1,Cytotoxic CD8 T cells,Cytotoxic CD8 T cells,Cytotoxic CD8 T cells,0.9920855,True,0.00027952448,0.0002759138,0.00028355132,0.00023653806,0.9920855,0.004696391,0.0017573717,0.00038520558
pbmc4k_CAGCGACGTCTCCATC-1,B cells,B cells,B cells,0.9994055,True,3.2066193e-05,0.9994055,3.4644254e-05,3.9364866e-05,3.0153578e-05,0.00011683442,2.8458124e-05,0.00031293806
pbmc4k_CAGCGACGTGCCTTGG-1,Activated/transitional T cells,Naive/resting T cells,Naive/resting T cells,0.95074093,False,0.0021359185,0.0016105102,0.0010754038,0.0015294434,0.0010263185,0.040902596,0.000978901,0.95074093
pbmc4k_CAGCGACGTGTGAAAT-1,Activated/transitional T cells,Naive/resting T cells,Naive/resting T cells,0.9961403,False,0.001014894,0.00037554215,0.00018882194,0.000273864,0.00013121754,0.0017081961,0.00016721488,0.9961403
pbmc4k_CAGCGACGTGTGCCTG-1,Classical monocytes,Classical monocytes,Classical monocytes,0.99884677,True,2.6570593e-05,0.00019436672,0.0006226738,0.99884677,5.05937e-05,0.00011284938,0.00010398533,4.221686e-05
pbmc4k_CAGCGACGTTCTGGTA-1,CD16+ non-classical monocytes,CD16+ non-classical monocytes,CD16+ non-classical monocytes,0.99811125,True,9.3599294e-05,0.0004572395,0.99811125,0.0004083838,0.00018917173,0.00037766987,0.00030684788,5.585627e-05
pbmc4k_CAGCGACGTTGTACAC-1,B cells,B cells,B cells,0.998953,True,2.6317384e-05,0.998953,4.0460236e-05,4.983305e-05,1.5801268e-05,9.0507485e-05,3.5417084e-05,0.0007886802
pbmc4k_CAGCTAAAGATGCCTT-1,IL7R+ memory/helper T cells,IL7R+ memory/helper T cells,IL7R+ memory/helper T cells,0.97910804,True,8.768986e-05,0.00024955848,0.00015292947,0.0001234476,0.00010001898,0.97910804,0.00012709494,0.020051207
pbmc4k_CAGCTAAAGCGCCTTG-1,Naive/resting T cells,IL7R+ memory/helper T cells,IL7R+ memory/helper T cells,0.49698436,False,0.01752197,0.013223049,0.0067631905,0.006799345,0.0066075544,0.49698436,0.007146235,0.4449543
pbmc4k_CAGCTAAAGGCTCATT-1,Classical monocytes,Classical monocytes,Classical monocytes,0.9982994,True,8.2753075e-05,0.00035787758,0.00045581002,0.9982994,6.72341e-05,0.00032689265,0.00019538724,0.00021459971
pbmc4k_CAGCTAACAAACTGTC-1,Activated/transitional T cells,Naive/resting T cells,Naive/resting T cells,0.97253335,False,0.00055085646,0.0009049317,0.000621413,0.000658257,0.0004209951,0.023698863,0.0006112788,0.97253335
pbmc4k_CAGCTAAGTACTTCTT-1,Classical monocytes,Classical monocytes,Classical monocytes,0.9984043,True,0.0004966706,0.00027104985,0.00050479925,0.9984043,4.4446704e-05,0.00010203121,0.00013051907,4.6188572e-05
pbmc4k_CAGCTAAGTCCGACGT-1,IL7R+ memory/helper T cells,IL7R+ memory/helper T cells,IL7R+ memory/helper T cells,0.9645097,True,0.0006700609,0.00049607473,0.00039931192,0.00040043597,0.03208606,0.9645097,0.00039856127,0.0010398034
pbmc4k_CAGCTAAGTCTTGATG-1,Classical monocytes,Classical monocytes,Classical monocytes,0.99809927,True,6.2302446e-05,0.00035267518,0.00080114475,0.99809927,0.00012986457,0.0002651365,0.00021917353,7.048981e-05
pbmc4k_CAGCTAAGTGCTAGCC-1,B cells,B cells,B cells,0.9991716,True,2.1558251e-05,0.9991716,3.0028907e-05,4.193225e-05,1.4314647e-05,4.667137e-05,2.4382916e-05,0.0006494659
pbmc4k_CAGCTAATCCTTAATC-1,CD16+ non-classical monocytes,CD16+ non-classical monocytes,CD16+ non-classical monocytes,0.995827,True,3.6809037e-05,0.0028785944,0.995827,0.00036420798,8.291193e-05,0.00062087714,0.0001609741,2.861815e-05
pbmc4k_CAGCTAATCGCTAGCG-1,Activated/transitional T cells,Naive/resting T cells,Naive/resting T cells,0.8684537,False,0.0004660442,0.0012843037,0.0004648732,0.00043860078,0.00034461467,0.12817802,0.0003698519,0.8684537
pbmc4k_CAGCTGGCAGCTGCAC-1,Classical monocytes,Classical monocytes,Classical monocytes,0.9987966,True,6.3306354e-05,9.7773365e-05,0.00030515494,0.9987966,3.8969938e-05,0.0005086609,0.00010676943,8.277045e-05
pbmc4k_CAGCTGGCAGTCGATT-1,Activated/transitional T cells,Naive/resting T cells,Naive/resting T cells,0.98842454,False,0.00036861442,0.0006586534,0.00026542883,0.0004155888,0.0002755915,0.009350944,0.00024061621,0.98842454
pbmc4k_CAGCTGGCATTCACTT-1,Naive/resting T cells,Naive/resting T cells,Naive/resting T cells,0.97282106,True,0.0010325824,0.0013272638,0.00051549857,0.00068234396,0.0005860123,0.02260441,0.00043079487,0.97282106
pbmc4k_CAGCTGGGTAGTGAAT-1,B cells,B cells,B cells,0.9993253,True,2.1510425e-05,0.9993253,4.1418643e-05,5.8228e-05,3.7815105e-05,0.00021880247,4.165799e-05,0.0002552959
pbmc4k_CAGCTGGGTTGCGTTA-1,Classical monocytes,Classical monocytes,Classical monocytes,0.99956876,True,3.24367e-05,8.623923e-05,0.0001411423,0.99956876,1.6509288e-05,8.439517e-05,3.360073e-05,3.6900616e-05
pbmc4k_CAGCTGGTCGGCATCG-1,NK cells,NK cells,NK cells,0.9990821,True,6.0472397e-05,5.3340398e-05,0.0001744114,3.7309477e-05,0.000422379,0.00015913404,0.9990821,1.0872234e-05
pbmc4k_CAGCTGGTCTTCTGGC-1,Classical monocytes,Classical monocytes,Classical monocytes,0.99877423,True,3.3988254e-05,0.00013306964,0.00067283725,0.99877423,3.4837925e-05,0.0002236253,8.582213e-05,4.1551444e-05
pbmc4k_CAGGTGCAGATCACGG-1,Activated/transitional T cells,Naive/resting T cells,IL7R+ memory/helper T cells,0.56996566,False,0.0016556561,0.0018627128,0.0012759473,0.001332801,0.0007351254,0.56996566,0.0013900296,0.42178208
pbmc4k_CAGGTGCAGGGTGTGT-1,Naive/resting T cells,Naive/resting T cells,Naive/resting T cells,0.9867346,True,0.0019127117,0.00086942763,0.0005566518,0.00053321384,0.0006908168,0.008242687,0.00045982105,0.9867346
pbmc4k_CAGGTGCCAAGCTGTT-1,Activated/transitional T cells,Naive/resting T cells,Naive/resting T cells,0.986489,False,0.00020558017,0.0008372111,0.00024468516,0.0003267106,0.00040539994,0.011317088,0.0001743128,0.986489
pbmc4k_CAGGTGCCACTGTGTA-1,Activated/transitional T cells,Naive/resting T cells,Naive/resting T cells,0.9842403,False,0.00034544693,0.0006801725,0.0003963206,0.00051606214,0.00033030086,0.01311786,0.00037351757,0.9842403
pbmc4k_CAGGTGCGTAAATGAC-1,IL7R+ memory/helper T cells,IL7R+ memory/helper T cells,IL7R+ memory/helper T cells,0.97065556,True,0.00015725374,0.00090790563,0.00048145535,0.0005334391,0.0003466857,0.97065556,0.00030173679,0.026616013
pbmc4k_CAGGTGCGTATTACCG-1,Classical monocytes,Classical monocytes,Classical monocytes,0.9989881,True,4.824179e-05,0.00021701034,0.0001239925,0.9989881,4.4362303e-05,0.00041667733,8.2509425e-05,7.9066864e-05
pbmc4k_CAGGTGCGTCGACTAT-1,Cytotoxic CD8 T cells,NK cells,NK cells,0.8475506,False,0.0007127116,0.00084148865,0.0008324984,0.00063330965,0.11156614,0.037720814,0.8475506,0.00014249161
pbmc4k_CAGGTGCGTGGTACAG-1,Activated/transitional T cells,Naive/resting T cells,Naive/resting T cells,0.94042724,False,0.00038801428,0.000603247,0.0003040331,0.00036946064,0.00026930624,0.057356976,0.00028175212,0.94042724
pbmc4k_CAGGTGCGTGTGGCTC-1,Cytotoxic CD8 T cells,Cytotoxic CD8 T cells,Cytotoxic CD8 T cells,0.94874245,True,0.0018537133,0.0034301076,0.0016859976,0.0012196129,0.94874245,0.039345305,0.0028203956,0.0009024573
pbmc4k_CAGGTGCGTTATTCTC-1,Classical monocytes,Classical monocytes,Classical monocytes,0.9997048,True,1.3001672e-05,6.249433e-05,0.00012671883,0.9997048,1.2251692e-05,2.8014196e-05,3.0503492e-05,2.2153321e-05
pbmc4k_CAGTAACAGAGCTGGT-1,Activated/transitional T cells,Naive/resting T cells,Naive/resting T cells,0.9629722,False,0.00033649226,0.0007658912,0.00023774129,0.00037469648,0.00020751021,0.034913104,0.00019228894,0.9629722
pbmc4k_CAGTAACAGCCAACAG-1,Classical monocytes,Classical monocytes,Classical monocytes,0.9992436,True,5.4743632e-05,0.000115475246,0.00016942517,0.9992436,5.9742255e-05,0.00022111837,8.927398e-05,4.6595746e-05
pbmc4k_CAGTAACAGGCCATAG-1,Cytotoxic CD8 T cells,Cytotoxic CD8 T cells,Cytotoxic CD8 T cells,0.7866864,True,0.000109524735,0.00013390895,9.7425946e-05,9.413643e-05,0.7866864,0.21268556,7.903726e-05,0.000114011695
pbmc4k_CAGTAACCAAAGGCGT-1,NK cells,NK cells,NK cells,0.6732078,True,0.005654577,0.009868527,0.010474631,0.0092678955,0.15858236,0.12731801,0.6732078,0.0056262375
pbmc4k_CAGTAACCAATGGTCT-1,NK cells,NK cells,NK cells,0.90747714,True,0.0015780359,0.0038936285,0.004115028,0.002191913,0.068418324,0.01162527,0.90747714,0.00070063595
pbmc4k_CAGTAACCATGCCACG-1,Classical monocytes,Classical monocytes,Classical monocytes,0.99971837,True,1.0256315e-05,9.348333e-05,4.2545114e-05,0.99971837,2.183295e-05,5.1209547e-05,3.9886752e-05,2.2395809e-05
pbmc4k_CAGTAACCATGCGCAC-1,Classical monocytes,Classical monocytes,Classical monocytes,0.9993051,True,3.1386106e-05,0.00020006018,0.00025432144,0.9993051,4.117772e-05,7.936471e-05,4.9758186e-05,3.8771897e-05
pbmc4k_CAGTAACGTACAGACG-1,Classical monocytes,Classical monocytes,Classical monocytes,0.99957186,True,5.5588614e-05,0.00010378707,0.00016003424,0.99957186,1.6639015e-05,3.235496e-05,3.847127e-05,2.1291064e-05
pbmc4k_CAGTAACTCAAAGTAG-1,B cells,B cells,B cells,0.9983454,True,1.9130115e-05,0.9983454,2.4188865e-05,4.104146e-05,2.6461943e-05,0.00026220045,2.1829554e-05,0.0012597545
pbmc4k_CAGTAACTCAACACTG-1,Naive/resting T cells,Naive/resting T cells,Naive/resting T cells,0.5712401,True,0.005729156,0.0035880737,0.0019496236,0.002007664,0.0019902163,0.41151032,0.0019847762,0.5712401
pbmc4k_CAGTCCTAGATCCCAT-1,Activated/transitional T cells,Naive/resting T cells,Naive/resting T cells,0.9363342,False,0.04119393,0.0028775472,0.0020642783,0.0042395988,0.0029974738,0.008646513,0.0016464087,0.9363342
pbmc4k_CAGTCCTAGCTAGCCC-1,B cells,B cells,B cells,0.9992994,True,2.7869892e-05,0.9992994,3.007052e-05,4.2323325e-05,1.8301347e-05,0.00013259059,2.6261963e-05,0.0004231544
pbmc4k_CAGTCCTTCGGCGCAT-1,CD16+ non-classical monocytes,CD16+ non-classical monocytes,CD16+ non-classical monocytes,0.99886155,True,3.3186505e-05,0.00028489696,0.99886155,0.0002369622,8.98422e-05,0.00035218484,0.00010314556,3.829113e-05
pbmc4k_CAGTCCTTCTCACATT-1,Activated/transitional T cells,Naive/resting T cells,Naive/resting T cells,0.98687965,False,0.006159947,0.0012624662,0.00077741436,0.0017402605,0.0007284143,0.0016631247,0.0007887514,0.98687965
pbmc4k_CATATGGAGCGCCTCA-1,Activated/transitional T cells,Naive/resting T cells,Naive/resting T cells,0.69385517,False,0.0027531302,0.011890704,0.0037507862,0.0044798227,0.0027379412,0.27717113,0.0033612822,0.69385517
pbmc4k_CATATGGAGCTCCTTC-1,Classical monocytes,Classical monocytes,Classical monocytes,0.99272513,True,0.00019148932,0.0013794417,0.003169282,0.99272513,0.00046987287,0.0015620327,0.00038129112,0.00012144808
pbmc4k_CATATGGAGTACCGGA-1,B cells,B cells,B cells,0.99872416,True,3.9667062e-05,0.99872416,3.483618e-05,4.31699e-05,4.377861e-05,0.00019365388,2.734581e-05,0.0008933426
pbmc4k_CATATGGAGTAGCCGA-1,Classical monocytes,Classical monocytes,Classical monocytes,0.99969983,True,2.3591663e-05,7.3924006e-05,6.417945e-05,0.99969983,5.8465932e-05,2.79247e-05,3.1948603e-05,2.0186968e-05
pbmc4k_CATATGGAGTCGATAA-1,Activated/transitional T cells,Naive/resting T cells,Naive/resting T cells,0.99412316,False,0.00015992751,0.00038216705,0.00025323677,0.00039674388,0.00024672406,0.0042197458,0.00021826461,0.99412316
pbmc4k_CATATGGCACAACGCC-1,Activated/transitional T cells,Naive/resting T cells,Naive/resting T cells,0.9497713,False,0.0004891927,0.0011616044,0.0009120355,0.0010123336,0.001025772,0.04498608,0.0006417097,0.9497713
pbmc4k_CATATGGCACAGGAGT-1,Cytotoxic CD8 T cells,Cytotoxic CD8 T cells,Cytotoxic CD8 T cells,0.9971679,True,0.0002700474,0.00018942382,9.1165726e-05,8.581151e-05,0.9971679,0.0016129542,0.00012369484,0.0004590674
pbmc4k_CATATGGGTGGGTATG-1,IL7R+ memory/helper T cells,IL7R+ memory/helper T cells,IL7R+ memory/helper T cells,0.989291,True,0.00046328877,0.0011088809,0.0012831986,0.0018123151,0.00070397224,0.989291,0.0006265189,0.0047108405
pbmc4k_CATATGGGTTCAACCA-1,Classical monocytes,Classical monocytes,Classical monocytes,0.9997352,True,4.3311094e-05,4.6079324e-05,5.3273558e-05,0.9997352,2.0870006e-05,5.078538e-05,3.6855443e-05,1.3587458e-05
pbmc4k_CATATGGGTTTAAGCC-1,NK cells,NK cells,Cytotoxic CD8 T cells,0.59433115,False,0.0020234466,0.0037295774,0.0032576583,0.0031287523,0.59433115,0.017590106,0.37274337,0.0031959552
pbmc4k_CATATGGTCAACGCTA-1,CD16+ non-classical monocytes,CD16+ non-classical monocytes,CD16+ non-classical monocytes,0.99902534,True,2.5119407e-05,0.00012078722,0.99902534,0.00010815356,0.00011224033,0.0004686217,0.00011479141,2.4976178e-05
pbmc4k_CATATTCAGTCTTGCA-1,Classical monocytes,Classical monocytes,Classical monocytes,0.9993057,True,5.2868534e-05,0.00020825371,0.00015846899,0.9993057,3.911061e-05,0.00012701226,7.843594e-05,3.011347e-05
pbmc4k_CATATTCCAGGTTTCA-1,B cells,B cells,B cells,0.99889565,True,5.9435544e-05,0.99889565,6.3421285e-05,0.00010008045,6.40027e-05,0.0002337427,6.740694e-05,0.00051620876
pbmc4k_CATATTCGTATGAAAC-1,Activated/transitional T cells,IL7R+ memory/helper T cells,IL7R+ memory/helper T cells,0.83571666,False,0.0016165308,0.0042299563,0.0030612375,0.0035986973,0.0023075799,0.83571666,0.0028442151,0.14662515
pbmc4k_CATATTCGTCATGCCG-1,B cells,B cells,B cells,0.9991604,True,3.6053258e-05,0.9991604,3.3836808e-05,5.1929168e-05,2.0632568e-05,0.00016872227,3.772408e-05,0.00049070903
pbmc4k_CATATTCGTGCCTTGG-1,NK cells,NK cells,NK cells,0.9985183,True,2.7256552e-05,4.378691e-05,0.00024872262,2.5159485e-05,0.00070446683,0.0004218181,0.9985183,1.0536174e-05
pbmc4k_CATATTCGTGCTTCTC-1,Activated/transitional T cells,Naive/resting T cells,Naive/resting T cells,0.9938547,False,7.269934e-05,0.00017249839,0.000109000764,0.00017511594,0.00016757827,0.0053494005,9.8951365e-05,0.9938547
pbmc4k_CATATTCTCGGAGGTA-1,IL7R+ memory/helper T cells,IL7R+ memory/helper T cells,IL7R+ memory/helper T cells,0.9731794,True,0.0003418514,0.0011131559,0.00059377006,0.00034401467,0.0003420179,0.9731794,0.0002613215,0.02382441
pbmc4k_CATATTCTCTCTTGAT-1,B cells,B cells,B cells,0.99936205,True,2.1375818e-05,0.99936205,2.9715136e-05,3.2352393e-05,2.7040616e-05,0.0001372051,2.4715899e-05,0.0003656119
pbmc4k_CATATTCTCTTGCATT-1,Activated/transitional T cells,Naive/resting T cells,Naive/resting T cells,0.9945644,False,0.0015661377,0.0003453131,0.00026387774,0.0003634851,0.00079776824,0.0018812785,0.0002176573,0.9945644
pbmc4k_CATCAAGCAACTGCGC-1,Activated/transitional T cells,Naive/resting T cells,Naive/resting T cells,0.8976099,False,0.020044468,0.004380786,0.003208264,0.0045319865,0.0024122638,0.06461389,0.0031984043,0.8976099
pbmc4k_CATCAAGCATGCAACT-1,Cytotoxic CD8 T cells,Cytotoxic CD8 T cells,Cytotoxic CD8 T cells,0.988187,True,0.00059783034,0.0004845292,0.00038793325,0.00028810927,0.988187,0.008249174,0.0006263236,0.0011791094
pbmc4k_CATCAAGGTGCGGTAA-1,B cells,B cells,B cells,0.99956006,True,1.4157562e-05,0.99956006,2.7411903e-05,4.0062838e-05,1.505697e-05,0.00010713715,3.282647e-05,0.00020326213
pbmc4k_CATCAAGGTGGCAAAC-1,Classical monocytes,Classical monocytes,Classical monocytes,0.99883574,True,3.266196e-05,0.00034132414,0.00021500864,0.99883574,4.263125e-05,0.00015069632,8.062509e-05,0.0003012827
pbmc4k_CATCAAGTCACGACTA-1,Classical monocytes,Classical monocytes,Classical monocytes,0.994911,True,5.052119e-05,0.00021685266,0.00035088276,0.994911,5.621445e-05,0.003569744,0.0001147221,0.0007300172
pbmc4k_CATCAAGTCCACGTGG-1,Activated/transitional T cells,Naive/resting T cells,Naive/resting T cells,0.89778954,False,0.091487825,0.0009798808,0.00059256115,0.0011861614,0.00027686215,0.00708663,0.0006005495,0.89778954
pbmc4k_CATCAAGTCGCCAGCA-1,Classical monocytes,Classical monocytes,Classical monocytes,0.9997638,True,2.3494827e-05,6.093833e-05,4.3454205e-05,0.9997638,2.0923275e-05,4.3979555e-05,2.2658001e-05,2.0761914e-05
pbmc4k_CATCAAGTCTCTGCTG-1,Activated/transitional T cells,Naive/resting T cells,Naive/resting T cells,0.74543583,False,0.0036290388,0.009122728,0.0036859647,0.006417365,0.0039334376,0.22462794,0.003147637,0.74543583
pbmc4k_CATCAAGTCTTAACCT-1,Activated/transitional T cells,Naive/resting T cells,Naive/resting T cells,0.9228085,False,0.0006073286,0.0015766838,0.001299942,0.001755619,0.0008907762,0.07012785,0.0009332575,0.9228085
pbmc4k_CATCAGAAGAAACGCC-1,IL7R+ memory/helper T cells,IL7R+ memory/helper T cells,IL7R+ memory/helper T cells,0.9842621,True,8.699105e-05,0.00029176153,0.000245339,0.0001992415,0.00012279878,0.9842621,0.0001808461,0.014610892
pbmc4k_CATCAGAAGACAATAC-1,Activated/transitional T cells,Naive/resting T cells,Naive/resting T cells,0.97844267,False,0.0003449938,0.0008501858,0.0005033844,0.00037870143,0.000637619,0.018599205,0.00024323433,0.97844267
pbmc4k_CATCAGAAGGGTATCG-1,Activated/transitional T cells,Cytotoxic CD8 T cells,Cytotoxic CD8 T cells,0.9591964,False,0.0234506,0.0008482208,0.00058457337,0.0008767534,0.9591964,0.0036421,0.000580119,0.010821195
pbmc4k_CATCAGACACTCGACG-1,IL7R+ memory/helper T cells,IL7R+ memory/helper T cells,IL7R+ memory/helper T cells,0.9852223,True,0.00062245515,0.0011049155,0.0006246012,0.00057158084,0.0077428864,0.9852223,0.0006851142,0.0034261965
pbmc4k_CATCAGAGTAACGACG-1,Naive/resting T cells,Naive/resting T cells,Naive/resting T cells,0.76525384,True,0.0028204827,0.0065812217,0.0027835253,0.0021223263,0.0037647611,0.21477282,0.001901,0.76525384
pbmc4k_CATCAGAGTGACTCAT-1,B cells,B cells,B cells,0.9995351,True,4.4229317e-05,0.9995351,3.0054844e-05,4.1145147e-05,1.8026536e-05,0.00017067189,2.8930874e-05,0.00013188251
pbmc4k_CATCAGAGTTGCCTCT-1,B cells,B cells,B cells,0.9993826,True,2.6843842e-05,0.9993826,4.6254605e-05,5.611655e-05,4.2943244e-05,0.00030403197,4.7693222e-05,9.352406e-05
pbmc4k_CATCAGATCCGCGCAA-1,B cells,B cells,B cells,0.9986105,True,3.921108e-05,0.9986105,0.00011324234,8.641857e-05,9.153947e-05,0.00017860314,5.6916364e-05,0.00082350255
pbmc4k_CATCAGATCGTCACGG-1,NK cells,Cytotoxic CD8 T cells,Cytotoxic CD8 T cells,0.5039042,False,0.013999395,0.005931879,0.0066274838,0.0058767986,0.5039042,0.012809932,0.44388464,0.0069656423
pbmc4k_CATCCACAGACTAGGC-1,Classical monocytes,Classical monocytes,Classical monocytes,0.9919704,True,8.9461806e-05,0.003960207,0.0016371078,0.9919704,0.00032322362,0.0012928408,0.0004586142,0.00026806758
pbmc4k_CATCCACAGCCCTAAT-1,Activated/transitional T cells,Naive/resting T cells,Naive/resting T cells,0.96017444,False,0.00036517027,0.0005641253,0.0004537552,0.0004282957,0.0005758478,0.037105314,0.0003330999,0.96017444
pbmc4k_CATCCACAGCGACGTA-1,B cells,B cells,B cells,0.9995771,True,2.2125663e-05,0.9995771,3.9001392e-05,5.206153e-05,2.0251166e-05,8.648374e-05,3.4471792e-05,0.00016847742
pbmc4k_CATCCACAGGCTATCT-1,CD16+ non-classical monocytes,CD16+ non-classical monocytes,CD16+ non-classical monocytes,0.989303,True,6.357883e-05,0.007553526,0.989303,0.0010970441,0.00019090092,0.0012024165,0.00047876601,0.00011079033
pbmc4k_CATCCACAGTTGTCGT-1,Classical monocytes,Classical monocytes,Classical monocytes,0.99898857,True,6.5585526e-05,0.0001767071,0.00021480912,0.99898857,9.2601804e-05,0.00025319896,6.459477e-05,0.00014389948
pbmc4k_CATCCACCAAGGACAC-1,Activated/transitional T cells,Naive/resting T cells,Naive/resting T cells,0.9969208,False,0.0024280106,0.00016346901,8.067414e-05,0.00011630545,6.014882e-05,0.00015670952,7.382496e-05,0.9969208
pbmc4k_CATCCACCAAGTTCTG-1,Classical monocytes,Classical monocytes,Classical monocytes,0.9996985,True,6.890571e-05,0.000102662154,3.540176e-05,0.9996985,1.2242014e-05,3.3720342e-05,2.509274e-05,2.3501025e-05
pbmc4k_CATCCACGTAAGGGAA-1,Classical monocytes,Classical monocytes,Classical monocytes,0.9990312,True,0.00019601759,0.00011038878,0.00016201158,0.9990312,3.534528e-05,4.8362952e-05,5.425746e-05,0.00036242878
pbmc4k_CATCCACGTGGAAAGA-1,IL7R+ memory/helper T cells,IL7R+ memory/helper T cells,IL7R+ memory/helper T cells,0.96855867,True,0.00037604172,0.0010181518,0.0010513618,0.00057003275,0.0004964707,0.96855867,0.00056501204,0.027364273
pbmc4k_CATCCACGTTCCGGCA-1,Activated/transitional T cells,Naive/resting T cells,Naive/resting T cells,0.8837005,False,0.0072943293,0.003709713,0.0024375701,0.0035248543,0.04104088,0.055458818,0.0028333846,0.8837005
pbmc4k_CATCCACTCCTTAATC-1,Activated/transitional T cells,Naive/resting T cells,Naive/resting T cells,0.6659121,False,0.0019777333,0.004717682,0.0034044043,0.0037821175,0.002674076,0.31499866,0.0025331988,0.6659121
pbmc4k_CATCGAAAGCAGGCTA-1,CD16+ non-classical monocytes,CD16+ non-classical monocytes,CD16+ non-classical monocytes,0.99898154,True,3.3542776e-05,0.00040696858,0.99898154,0.00018939935,5.9947775e-05,0.00013908718,0.00016398824,2.5562718e-05
pbmc4k_CATCGAAAGCTGTCTA-1,Classical monocytes,Classical monocytes,Classical monocytes,0.9959357,True,6.945938e-05,0.0006178355,0.002956093,0.9959357,5.123211e-05,9.7434844e-05,9.371594e-05,0.00017856184
pbmc4k_CATCGAAAGTCATGCT-1,B cells,B cells,B cells,0.99929225,True,2.3987952e-05,0.99929225,5.6963698e-05,5.4445307e-05,7.724156e-05,0.0002773348,4.033803e-05,0.00017744418
pbmc4k_CATCGAACAGTAAGAT-1,Cytotoxic CD8 T cells,Cytotoxic CD8 T cells,Cytotoxic CD8 T cells,0.9934673,True,0.00019358261,0.00024387008,0.0002835106,0.00022118563,0.9934673,0.005051877,0.0002725832,0.00026614184
pbmc4k_CATCGAACATCAGTCA-1,B cells,B cells,B cells,0.99948066,True,5.03575e-05,0.99948066,4.3676024e-05,5.5569977e-05,4.0920997e-05,0.000116798416,5.0902385e-05,0.00016114615
pbmc4k_CATCGAAGTAAATGTG-1,Activated/transitional T cells,Naive/resting T cells,Naive/resting T cells,0.9570253,False,0.0017359171,0.00063489785,0.00042057395,0.0005670622,0.00027961266,0.03897464,0.00036204414,0.9570253
pbmc4k_CATCGAATCAGCTTAG-1,Naive/resting T cells,Naive/resting T cells,IL7R+ memory/helper T cells,0.5024549,False,0.00072744786,0.0029924551,0.0016002151,0.0011802117,0.0012330653,0.5024549,0.0016656602,0.4881461
pbmc4k_CATCGAATCCCACTTG-1,B cells,B cells,B cells,0.9996381,True,1.8458266e-05,0.9996381,3.5527733e-05,3.2693246e-05,3.3596527e-05,0.00012697505,2.7851329e-05,8.676677e-05
pbmc4k_CATCGAATCCTTTACA-1,B cells,B cells,B cells,0.9995453,True,2.0836473e-05,0.9995453,4.6184992e-05,4.4213404e-05,3.474112e-05,0.00013116689,3.2815842e-05,0.00014479125
pbmc4k_CATCGAATCGACAGCC-1,Cytotoxic CD8 T cells,Cytotoxic CD8 T cells,Cytotoxic CD8 T cells,0.9844179,True,0.0009529828,0.00042328687,0.0004823367,0.00026244007,0.9844179,0.006323645,0.0002850396,0.0068523507
pbmc4k_CATCGAATCGAGAGCA-1,Cytotoxic CD8 T cells,Cytotoxic CD8 T cells,Cytotoxic CD8 T cells,0.9465815,True,0.00058238517,0.00070029596,0.000364272,0.00035308945,0.9465815,0.04966273,0.0003682838,0.001387508
pbmc4k_CATCGGGAGTGAATTG-1,Cytotoxic CD8 T cells,Cytotoxic CD8 T cells,Cytotoxic CD8 T cells,0.9960245,True,0.0008761133,0.00020196836,0.00019680531,0.00012904937,0.9960245,0.0008328483,0.00014013093,0.0015985816
pbmc4k_CATCGGGCAATACGCT-1,Classical monocytes,Classical monocytes,Classical monocytes,0.96641916,True,0.00013982297,0.0034218235,0.028033562,0.96641916,0.0004713835,0.0008688453,0.00045506636,0.00019037352
pbmc4k_CATCGGGCACATGGGA-1,B cells,B cells,B cells,0.99931264,True,3.0811785e-05,0.99931264,4.2176576e-05,3.9365186e-05,3.3917084e-05,0.00029078007,3.142102e-05,0.0002188957
pbmc4k_CATCGGGCAGACAAAT-1,IL7R+ memory/helper T cells,IL7R+ memory/helper T cells,IL7R+ memory/helper T cells,0.9989641,True,3.225327e-05,0.00016211199,7.060958e-05,7.379131e-05,0.00015917033,0.9989641,6.392771e-05,0.0004740266
pbmc4k_CATCGGGCAGCTCCGA-1,Activated/transitional T cells,Naive/resting T cells,Naive/resting T cells,0.8805338,False,0.0008178532,0.00075352105,0.00040676966,0.00054555223,0.00034053778,0.11625274,0.00034919468,0.8805338
pbmc4k_CATCGGGCAGTGAGTG-1,Classical monocytes,Classical monocytes,Classical monocytes,0.99630946,True,4.880229e-05,0.0007192258,0.0018967121,0.99630946,0.00012538588,0.0006196996,0.00018740345,9.324838e-05
pbmc4k_CATCGGGCATGTCTCC-1,Activated/transitional T cells,Naive/resting T cells,Naive/resting T cells,0.79174244,False,0.008007185,0.0056523574,0.0034121852,0.005679215,0.003110235,0.17912568,0.0032706535,0.79174244
pbmc4k_CATCGGGCATTATCTC-1,Activated/transitional T cells,Naive/resting T cells,Naive/resting T cells,0.95056814,False,0.0007326087,0.0011761126,0.0007389894,0.00067740824,0.0015907857,0.04397492,0.0005409754,0.95056814
pbmc4k_CATCGGGTCATCTGTT-1,Activated/transitional T cells,Naive/resting T cells,Naive/resting T cells,0.93011546,False,0.0005050426,0.0009157551,0.00080544344,0.0009571922,0.005746545,0.0603879,0.00056670833,0.93011546
pbmc4k_CATCGGGTCATGTCTT-1,B cells,B cells,B cells,0.99820244,True,0.00016999048,0.99820244,6.406835e-05,9.952366e-05,0.000106260115,0.00025303278,7.187485e-05,0.0010328331
pbmc4k_CATCGGGTCCCGACTT-1,B cells,B cells,B cells,0.9991973,True,2.5621572e-05,0.9991973,3.256248e-05,4.3004045e-05,2.955509e-05,0.00026989725,3.2994867e-05,0.00036902985
pbmc4k_CATGACAAGGGATACC-1,Cytotoxic CD8 T cells,Cytotoxic CD8 T cells,Cytotoxic CD8 T cells,0.9654111,True,0.004589701,0.0014361233,0.0009118749,0.0009075267,0.9654111,0.023629926,0.00097438274,0.0021393194
pbmc4k_CATGACAAGTGTACTC-1,Activated/transitional T cells,Naive/resting T cells,Naive/resting T cells,0.93926084,False,0.05645336,0.00060206203,0.00035179994,0.00061130465,0.0014463896,0.0009222176,0.00035208106,0.93926084
pbmc4k_CATGACACAGATGAGC-1,Classical monocytes,Classical monocytes,Classical monocytes,0.9991879,True,6.968985e-05,0.000102260776,0.00014610247,0.9991879,5.0714665e-05,0.00016412257,5.7792495e-05,0.00022136979
pbmc4k_CATGACAGTCCATGAT-1,Classical monocytes,Classical monocytes,Classical monocytes,0.9943727,True,3.5139496e-05,0.0014036181,0.0027854939,0.9943727,0.0001401782,0.0010005172,0.00019065925,7.1696326e-05
pbmc4k_CATGACAGTGATGCCC-1,Activated/transitional T cells,Naive/resting T cells,Naive/resting T cells,0.99333304,False,0.00024907597,0.0002797551,0.00017793529,0.0001729658,0.00014001441,0.005516843,0.00013035789,0.99333304
pbmc4k_CATGACATCAACGAAA-1,Activated/transitional T cells,Naive/resting T cells,Naive/resting T cells,0.95875424,False,0.019087654,0.008689541,0.0018608327,0.0029709034,0.00197797,0.0043576867,0.0023011921,0.95875424
pbmc4k_CATGACATCGAGAGCA-1,Activated/transitional T cells,Naive/resting T cells,Naive/resting T cells,0.8662124,False,0.00033151158,0.0007554247,0.00044094244,0.00063463475,0.00043477392,0.13076794,0.0004223575,0.8662124
pbmc4k_CATGACATCGGATGTT-1,Activated/transitional T cells,Naive/resting T cells,Naive/resting T cells,0.98241067,False,7.5578755e-05,0.0003806648,0.00016147642,0.00023104083,0.00014893108,0.016460387,0.00013133424,0.98241067
pbmc4k_CATGCCTAGCATCATC-1,NK cells,Cytotoxic CD8 T cells,Cytotoxic CD8 T cells,0.96164,False,0.0062405854,0.0029896232,0.0026407347,0.002267239,0.96164,0.011990555,0.007582037,0.0046492335
pbmc4k_CATGCCTAGGTTCCTA-1,B cells,B cells,B cells,0.99955493,True,1.888799e-05,0.99955493,5.0408238e-05,7.567447e-05,2.2731523e-05,0.00011849038,6.176682e-05,9.708513e-05
pbmc4k_CATGCCTCAAGCGCTC-1,Classical monocytes,Classical monocytes,Classical monocytes,0.9969086,True,4.697239e-05,0.0006870686,0.0018799576,0.9969086,9.9848796e-05,0.0001920919,0.00012595736,5.954243e-05
pbmc4k_CATGCCTCAAGTAATG-1,Naive/resting T cells,Naive/resting T cells,Naive/resting T cells,0.9817649,True,0.0024219097,0.0018333991,0.00033014044,0.00045171735,0.00035484385,0.012544085,0.00029902285,0.9817649
pbmc4k_CATGCCTCACCGAATT-1,Classical monocytes,Classical monocytes,Classical monocytes,0.99947137,True,2.9600944e-05,8.431768e-05,0.00018102539,0.99947137,2.8717428e-05,8.87415e-05,4.4222787e-05,7.202904e-05
pbmc4k_CATGCCTTCGCCCTTA-1,Classical monocytes,Classical monocytes,Classical monocytes,0.99814296,True,6.812444e-05,0.00030293516,0.00072288956,0.99814296,0.00011314496,0.00019325971,9.6347496e-05,0.00036033415
pbmc4k_CATGCCTTCGGCGCTA-1,Classical monocytes,Classical monocytes,Classical monocytes,0.9979609,True,0.000125845,0.000579883,0.0005120674,0.9979609,0.000101811944,0.00039686848,0.00017368233,0.0001489404
pbmc4k_CATGGCGAGAGATGAG-1,B cells,B cells,B cells,0.99879175,True,7.46949e-05,0.99879175,3.123332e-05,4.8165566e-05,2.6443142e-05,6.7982335e-05,2.6205402e-05,0.00093349395
pbmc4k_CATGGCGAGCTGCCCA-1,NK cells,Cytotoxic CD8 T cells,Cytotoxic CD8 T cells,0.8674521,False,0.017094467,0.009187849,0.0058262586,0.0062955404,0.8674521,0.046549123,0.028641641,0.018952994
pbmc4k_CATGGCGCAGTAGAGC-1,B cells,B cells,B cells,0.9995347,True,2.72631e-05,0.9995347,4.0730632e-05,7.681419e-05,4.3356293e-05,9.072459e-05,4.0149487e-05,0.0001462035
pbmc4k_CATGGCGCATATACCG-1,Classical monocytes,Classical monocytes,Classical monocytes,0.99244577,True,7.558543e-05,0.0019621428,0.003844436,0.99244577,0.00022162468,0.00091599656,0.0002551972,0.00027923557
pbmc4k_CATGGCGGTAGCGATG-1,Classical monocytes,Classical monocytes,Classical monocytes,0.99968255,True,2.9093915e-05,6.411301e-05,9.414148e-05,0.99968255,2.3359677e-05,5.894314e-05,2.6086034e-05,2.1715176e-05
pbmc4k_CATGGCGGTCATGCAT-1,Classical monocytes,Classical monocytes,Classical monocytes,0.9996338,True,3.207887e-05,6.8849105e-05,0.000114210976,0.9996338,1.681081e-05,7.0722315e-05,3.437185e-05,2.9135588e-05
pbmc4k_CATGGCGGTCCAGTGC-1,Activated/transitional T cells,Naive/resting T cells,Naive/resting T cells,0.9969848,False,6.3880805e-05,0.00014447654,9.3901486e-05,0.00013263314,0.00017491703,0.0023249255,8.0536796e-05,0.9969848
pbmc4k_CATGGCGGTGGCTCCA-1,Activated/transitional T cells,Naive/resting T cells,Naive/resting T cells,0.997405,False,2.7177835e-05,6.753311e-05,4.8873288e-05,5.735912e-05,2.2879572e-05,0.0023366795,3.4473105e-05,0.997405
pbmc4k_CATGGCGGTTCAGGCC-1,IL7R+ memory/helper T cells,IL7R+ memory/helper T cells,IL7R+ memory/helper T cells,0.9991986,True,4.1087114e-05,0.00019926563,6.87812e-05,6.570764e-05,8.565299e-05,0.9991986,5.569046e-05,0.00028523916
pbmc4k_CATGGCGTCCATGAGT-1,IL7R+ memory/helper T cells,Cytotoxic CD8 T cells,Cytotoxic CD8 T cells,0.9354247,False,0.00015027657,0.0004958167,0.0003195275,0.00031070574,0.9354247,0.05609784,0.00023739424,0.006963794
pbmc4k_CATGGCGTCGCCTGTT-1,IL7R+ memory/helper T cells,IL7R+ memory/helper T cells,Naive/resting T cells,0.5151744,False,0.0008301277,0.0031167634,0.0010456195,0.0015068061,0.0010967742,0.4761374,0.0010921197,0.5151744
pbmc4k_CATGGCGTCGGACAAG-1,Cytotoxic CD8 T cells,Cytotoxic CD8 T cells,Cytotoxic CD8 T cells,0.98180735,True,0.0026353875,0.00067648565,0.0006323226,0.0004561434,0.98180735,0.0099748485,0.00060121133,0.0032162364
pbmc4k_CATTATCAGCTGAAAT-1,Activated/transitional T cells,Naive/resting T cells,Naive/resting T cells,0.85835874,False,0.0006031365,0.0012001483,0.0009484376,0.0013527581,0.0008850411,0.1359974,0.00065426965,0.85835874
pbmc4k_CATTATCAGCTGCGAA-1,Activated/transitional T cells,Naive/resting T cells,Naive/resting T cells,0.98943454,False,0.0025521768,0.00079987734,0.00036972956,0.00042542914,0.00034700945,0.0057938173,0.00027743288,0.98943454
pbmc4k_CATTATCCAAATTGCC-1,Classical monocytes,Classical monocytes,Classical monocytes,0.99846053,True,8.170394e-05,0.00047171736,0.00052544643,0.99846053,5.981591e-05,0.00013793465,0.0001608359,0.0001020101
pbmc4k_CATTATCCAGTGGGAT-1,B cells,B cells,B cells,0.9996625,True,2.8162078e-05,0.9996625,3.0199586e-05,3.835847e-05,2.4366089e-05,7.694632e-05,2.6225447e-05,0.00011326924
pbmc4k_CATTATCGTAAGCACG-1,Cytotoxic CD8 T cells,Cytotoxic CD8 T cells,Cytotoxic CD8 T cells,0.9797854,True,0.0006386797,0.0013936777,0.000790284,0.00077609473,0.9797854,0.014694467,0.00083954306,0.0010818536
pbmc4k_CATTATCGTCTCACCT-1,Activated/transitional T cells,IL7R+ memory/helper T cells,IL7R+ memory/helper T cells,0.6604069,False,0.00092225417,0.004602473,0.0015363159,0.00186266,0.001599705,0.6604069,0.0013137598,0.32775596
pbmc4k_CATTATCGTCTCTTTA-1,Classical monocytes,Classical monocytes,Classical monocytes,0.9997904,True,4.793113e-05,3.719235e-05,4.325586e-05,0.9997904,1.3855379e-05,1.5404506e-05,2.5542167e-05,2.6510961e-05
pbmc4k_CATTATCGTGGGTCAA-1,Classical monocytes,Classical monocytes,Classical monocytes,0.99645054,True,4.3834225e-05,0.00058983907,0.0024380279,0.99645054,8.636464e-05,0.00016350804,0.00011277391,0.00011513523
pbmc4k_CATTATCTCAGAGACG-1,Classical monocytes,Classical monocytes,Classical monocytes,0.998718,True,9.473416e-05,0.00027186726,0.00031097405,0.998718,7.859597e-05,0.00028605247,0.00014781223,9.201576e-05
pbmc4k_CATTATCTCGACCAGC-1,IL7R+ memory/helper T cells,IL7R+ memory/helper T cells,IL7R+ memory/helper T cells,0.99415696,True,9.349506e-05,0.0001301042,7.879818e-05,7.688801e-05,0.0022877965,0.99415696,6.3208245e-05,0.0031127504
pbmc4k_CATTATCTCTAACTCT-1,Activated/transitional T cells,Naive/resting T cells,Naive/resting T cells,0.86283034,False,0.0004738245,0.0009894812,0.0005940073,0.00062782626,0.00039156323,0.13371544,0.0003775362,0.86283034
pbmc4k_CATTATCTCTCGATGA-1,Classical monocytes,Classical monocytes,Classical monocytes,0.9985682,True,0.00033567115,0.00024374387,0.00037889552,0.9985682,5.815471e-05,0.000157789,0.00014537368,0.00011220085
pbmc4k_CATTATCTCTCTAGGA-1,Activated/transitional T cells,Naive/resting T cells,Naive/resting T cells,0.99565375,False,0.00032125934,0.00016837401,9.55083e-05,0.00012708157,5.4696626e-05,0.0035038288,7.550841e-05,0.99565375
pbmc4k_CATTCGCAGACCTAGG-1,B cells,B cells,B cells,0.9994697,True,5.2681404e-05,0.9994697,3.2294716e-05,4.263781e-05,1.5635213e-05,0.00010081273,2.6018273e-05,0.00026029235
pbmc4k_CATTCGCAGCCGATTT-1,Activated/transitional T cells,Naive/resting T cells,Naive/resting T cells,0.96805197,False,0.0002634828,0.0003660012,0.000273171,0.0003137942,0.00025018168,0.030263355,0.00021807148,0.96805197
pbmc4k_CATTCGCCAAAGGTGC-1,B cells,B cells,B cells,0.9990827,True,4.138569e-05,0.9990827,2.4951589e-05,3.2166663e-05,1.4683426e-05,0.000121529614,2.9707226e-05,0.00065283856
pbmc4k_CATTCGCCATATACCG-1,IL7R+ memory/helper T cells,IL7R+ memory/helper T cells,IL7R+ memory/helper T cells,0.6286262,True,0.03155529,0.059896618,0.016910188,0.02410521,0.03767783,0.6286262,0.016013695,0.18521495
pbmc4k_CATTCGCGTACCGCTG-1,Cytotoxic CD8 T cells,Cytotoxic CD8 T cells,Cytotoxic CD8 T cells,0.9891406,True,0.0010166415,0.00078490615,0.00043827237,0.0004576126,0.9891406,0.0058684614,0.0016096968,0.00068372063
pbmc4k_CATTCGCGTACTCAAC-1,Classical monocytes,Classical monocytes,Classical monocytes,0.9996275,True,5.1052903e-05,7.972248e-05,7.4478514e-05,0.9996275,6.352909e-05,4.6265366e-05,4.8831815e-05,8.584029e-06
pbmc4k_CATTCGCGTTCCACAA-1,Naive/resting T cells,Naive/resting T cells,Naive/resting T cells,0.9653675,True,0.0038717578,0.0020507972,0.0014447715,0.0019379662,0.0006912473,0.02338667,0.0012492848,0.9653675
pbmc4k_CATTCGCGTTCCACGG-1,Cytotoxic CD8 T cells,IL7R+ memory/helper T cells,IL7R+ memory/helper T cells,0.9735161,False,0.00074695575,0.0009135996,0.00056593545,0.00052945706,0.021684213,0.9735161,0.00054655405,0.0014972297
pbmc4k_CATTCGCTCTATCCCG-1,Cytotoxic CD8 T cells,Cytotoxic CD8 T cells,Cytotoxic CD8 T cells,0.9589851,True,0.0013498453,0.0012665703,0.00073040766,0.0006506934,0.9589851,0.033293582,0.0016075162,0.0021162324
pbmc4k_CCAATCCCAAACCTAC-1,IL7R+ memory/helper T cells,IL7R+ memory/helper T cells,IL7R+ memory/helper T cells,0.61297554,True,0.0007875357,0.0038652066,0.0024531651,0.0016150902,0.0014417068,0.61297554,0.0014610172,0.3754007
pbmc4k_CCAATCCCAAGCCGTC-1,Classical monocytes,Classical monocytes,Classical monocytes,0.999073,True,6.106488e-05,0.00011168617,0.00021421822,0.999073,9.263366e-05,0.00026714508,0.00010381574,7.6334814e-05
pbmc4k_CCAATCCCATCCCATC-1,B cells,B cells,B cells,0.9714636,True,0.0006172776,0.9714636,0.0009149022,0.001204316,0.0005620494,0.0053846324,0.00065742765,0.019195745
pbmc4k_CCAATCCGTATTCGTG-1,B cells,B cells,B cells,0.9986889,True,7.1240735e-05,0.9986889,4.817301e-05,5.0128416e-05,3.7208672e-05,0.00048497826,3.311773e-05,0.00058627804
pbmc4k_CCAATCCGTCTAGGTT-1,IL7R+ memory/helper T cells,IL7R+ memory/helper T cells,IL7R+ memory/helper T cells,0.9792885,True,7.6828874e-05,0.0005388193,0.00018586074,0.0002262692,0.00016249821,0.9792885,0.00016922974,0.01935192
pbmc4k_CCAATCCTCGAATCCA-1,Activated/transitional T cells,Naive/resting T cells,Naive/resting T cells,0.97494376,False,0.00014242469,0.0012182548,0.00023105025,0.00033791346,0.00019150683,0.022735717,0.00019934955,0.97494376
pbmc4k_CCAATCCTCTGCTGCT-1,Activated/transitional T cells,Naive/resting T cells,Naive/resting T cells,0.9983772,False,0.00037128804,0.00056891644,9.578672e-05,0.00016684309,9.976499e-05,0.00023757211,8.261333e-05,0.9983772
pbmc4k_CCACCTAAGAGAGCTC-1,Classical monocytes,Classical monocytes,Classical monocytes,0.99971145,True,1.2457928e-05,8.514439e-05,0.00010242556,0.99971145,1.3775829e-05,2.8246654e-05,3.3514123e-05,1.2900062e-05
pbmc4k_CCACCTAAGGCTAGCA-1,B cells,B cells,B cells,0.99927825,True,3.4897977e-05,0.99927825,3.9225666e-05,5.524383e-05,2.9431134e-05,0.00035035654,4.3326243e-05,0.00016932056
pbmc4k_CCACCTAAGTGGAGAA-1,Activated/transitional T cells,Naive/resting T cells,Naive/resting T cells,0.78063816,False,0.00020379052,0.0011086615,0.00049229886,0.00061244855,0.0005985648,0.21596149,0.00038460977,0.78063816
pbmc4k_CCACCTACACCGATAT-1,Cytotoxic CD8 T cells,IL7R+ memory/helper T cells,IL7R+ memory/helper T cells,0.57705754,False,0.039848346,0.0063277627,0.0046423404,0.0044403323,0.30398023,0.57705754,0.0062699122,0.057433546
pbmc4k_CCACCTACATTGAGCT-1,B cells,B cells,B cells,0.99903035,True,7.7457626e-05,0.99903035,6.9503054e-05,7.660656e-05,3.832361e-05,0.00018591169,6.317001e-05,0.00045866947
pbmc4k_CCACCTAGTACCGTAT-1,Classical monocytes,Classical monocytes,Classical monocytes,0.9996531,True,4.2367832e-05,0.00012021065,4.439886e-05,0.9996531,4.769098e-05,4.046323e-05,2.4961335e-05,2.6832062e-05
pbmc4k_CCACCTAGTGAACCTT-1,Cytotoxic CD8 T cells,IL7R+ memory/helper T cells,IL7R+ memory/helper T cells,0.601957,False,0.0019381874,0.0020474677,0.0018134378,0.0013875338,0.38557154,0.601957,0.0032057685,0.002078977
pbmc4k_CCACCTAGTTGTGGCC-1,B cells,B cells,B cells,0.999223,True,0.00013941112,0.999223,5.0904746e-05,8.175479e-05,4.4422908e-05,0.00020100853,4.2024483e-05,0.000217471
pbmc4k_CCACCTATCATCTGTT-1,Classical monocytes,Classical monocytes,Classical monocytes,0.99088776,True,0.00015022722,0.0015097113,0.005358443,0.99088776,0.00037079595,0.00088754814,0.000625521,0.00021000791
pbmc4k_CCACCTATCCAACCAA-1,Classical monocytes,Classical monocytes,Classical monocytes,0.99799263,True,8.839354e-05,0.00036780137,0.00078024925,0.99799263,0.0001303215,0.0002501675,0.00027813137,0.00011228802
pbmc4k_CCACCTATCTGTCTAT-1,Classical monocytes,Classical monocytes,Classical monocytes,0.9948078,True,0.0001615943,0.0025456476,0.0009918469,0.9948078,0.00016470416,0.0006531155,0.00020945627,0.00046588515
pbmc4k_CCACGGAAGTGTACCT-1,Activated/transitional T cells,Naive/resting T cells,Naive/resting T cells,0.9242423,False,0.0027656439,0.0034527697,0.0024157253,0.0029760124,0.0022960354,0.059624106,0.0022274363,0.9242423
pbmc4k_CCACGGACAGAGTGTG-1,Activated/transitional T cells,Naive/resting T cells,Naive/resting T cells,0.9752901,False,0.00013056598,0.0007174664,0.00034041292,0.00045052334,0.00032339565,0.022445817,0.00030165527,0.9752901
pbmc4k_CCACGGACATGCCTTC-1,Activated/transitional T cells,Naive/resting T cells,Naive/resting T cells,0.987048,False,0.0014423977,0.00034466587,0.00023081443,0.0003265695,0.00024129402,0.010113874,0.0002523743,0.987048
pbmc4k_CCACGGACATTAACCG-1,B cells,B cells,B cells,0.9995012,True,1.4928791e-05,0.9995012,2.587925e-05,3.8078764e-05,1.9622814e-05,0.0001866486,2.8037943e-05,0.00018559126
pbmc4k_CCACGGAGTGAGGGAG-1,Classical monocytes,Classical monocytes,Classical monocytes,0.9963509,True,6.1963314e-05,0.0011213031,0.001491716,0.9963509,0.0001308158,0.00062075135,0.00013599785,8.659228e-05
pbmc4k_CCACGGAGTTTGGCGC-1,Activated/transitional T cells,Naive/resting T cells,Naive/resting T cells,0.9973435,False,0.00010308146,0.00022919031,0.00012570659,0.00013948994,0.0001060342,0.0018439236,0.000109077235,0.9973435
pbmc4k_CCACGGATCAGTTCGA-1,B cells,B cells,B cells,0.9991015,True,4.3182958e-05,0.9991015,4.0253053e-05,5.1141353e-05,3.7046797e-05,0.00029952027,3.5335706e-05,0.00039204088
pbmc4k_CCACTACAGACGACGT-1,Cytotoxic CD8 T cells,IL7R+ memory/helper T cells,IL7R+ memory/helper T cells,0.47473267,False,0.3188075,0.026068298,0.019243358,0.023543077,0.015601836,0.47473267,0.024835575,0.097167686
pbmc4k_CCACTACAGCTAGTGG-1,Classical monocytes,Classical monocytes,Classical monocytes,0.99960953,True,3.0581527e-05,8.489888e-05,0.00012588508,0.99960953,2.4989877e-05,7.061964e-05,3.7221314e-05,1.6270438e-05
pbmc4k_CCACTACCACGGACAA-1,Cytotoxic CD8 T cells,Cytotoxic CD8 T cells,Cytotoxic CD8 T cells,0.9884852,True,0.0013476663,0.0009422459,0.0008576964,0.0006928273,0.9884852,0.0037769212,0.0018724488,0.0020249726
pbmc4k_CCACTACCATCGGAAG-1,IL7R+ memory/helper T cells,IL7R+ memory/helper T cells,IL7R+ memory/helper T cells,0.998376,True,5.7320205e-05,0.0001438262,6.959518e-05,7.27722e-05,0.00010773595,0.998376,5.7319383e-05,0.0011154329
pbmc4k_CCACTACGTAGCGCTC-1,Activated/transitional T cells,Naive/resting T cells,Naive/resting T cells,0.9990839,False,9.795542e-05,0.0001384512,7.250744e-05,9.377758e-05,6.6758716e-05,0.00038833637,5.8307116e-05,0.9990839
pbmc4k_CCACTACGTCAATGTC-1,B cells,B cells,B cells,0.99694496,True,0.00052107655,0.99694496,9.988177e-05,0.0001460198,6.57615e-05,0.00014378669,9.0922054e-05,0.001987566
pbmc4k_CCACTACGTCGAAAGC-1,Cytotoxic CD8 T cells,IL7R+ memory/helper T cells,IL7R+ memory/helper T cells,0.9210164,False,0.0013447218,0.0014068641,0.0012677321,0.0010994837,0.07108394,0.9210164,0.001460958,0.0013199543
pbmc4k_CCACTACTCATGTAGC-1,Naive/resting T cells,IL7R+ memory/helper T cells,IL7R+ memory/helper T cells,0.5749472,False,0.00050728914,0.0016076929,0.0011071092,0.0008809846,0.0010012134,0.5749472,0.00073144754,0.4192171
pbmc4k_CCACTACTCTCTGCTG-1,B cells,B cells,B cells,0.99941313,True,2.3172373e-05,0.99941313,3.6079506e-05,4.433456e-05,2.6855287e-05,0.00011775177,4.1291063e-05,0.00029742526
pbmc4k_CCAGCGAAGATCCGAG-1,Activated/transitional T cells,Naive/resting T cells,Naive/resting T cells,0.794692,False,0.00059963187,0.0016869842,0.00086685596,0.0010326864,0.00090247695,0.19959348,0.00062592246,0.794692
pbmc4k_CCAGCGAAGCTGGAAC-1,Activated/transitional T cells,Naive/resting T cells,Naive/resting T cells,0.97561693,False,0.00029423423,0.0007657956,0.0004356719,0.0005612836,0.00044422856,0.021567458,0.00031444017,0.97561693
pbmc4k_CCAGCGAAGTCAAGCG-1,Activated/transitional T cells,Naive/resting T cells,Naive/resting T cells,0.97273695,False,0.00042923048,0.00057242956,0.00053955114,0.00062073953,0.00040282827,0.024330892,0.0003674394,0.97273695
pbmc4k_CCAGCGAAGTTGCAGG-1,B cells,B cells,B cells,0.9992323,True,4.0230654e-05,0.9992323,3.7993694e-05,5.912423e-05,2.522949e-05,0.00012875909,2.90629e-05,0.0004472761
pbmc4k_CCAGCGACACAACGCC-1,IL7R+ memory/helper T cells,IL7R+ memory/helper T cells,IL7R+ memory/helper T cells,0.7756992,True,0.0006973211,0.002630735,0.0020910436,0.0014387077,0.0017825424,0.7756992,0.0008712973,0.21478914
pbmc4k_CCAGCGAGTTCGTCTC-1,Activated/transitional T cells,Naive/resting T cells,Naive/resting T cells,0.99461395,False,0.00074247527,0.000725401,0.00028125,0.0004601171,0.00028476646,0.0026091908,0.00028287582,0.99461395
pbmc4k_CCAGCGATCAGTTTGG-1,Activated/transitional T cells,IL7R+ memory/helper T cells,IL7R+ memory/helper T cells,0.5992861,False,0.0070320354,0.0040523666,0.0037366592,0.0026672834,0.0026342634,0.5992861,0.002186511,0.3784048
pbmc4k_CCAGCGATCGGAAACG-1,Classical monocytes,Classical monocytes,Classical monocytes,0.9915012,True,6.10407e-05,0.0027208359,0.0035738049,0.9915012,0.00019079086,0.001396658,0.00043169016,0.00012390975
pbmc4k_CCAGCGATCTTCATGT-1,Classical monocytes,Classical monocytes,Classical monocytes,0.99879056,True,6.991978e-05,9.572755e-05,0.00042264635,0.99879056,7.6401346e-05,0.0004005869,8.2311424e-05,6.181354e-05
pbmc4k_CCATGTCAGCCACCTG-1,NK cells,NK cells,NK cells,0.97987133,True,0.0022329516,0.0008594293,0.001752089,0.00066621805,0.01271508,0.0013381576,0.97987133,0.0005647213
pbmc4k_CCATGTCCACTTACGA-1,B cells,B cells,B cells,0.99876606,True,0.00016237379,0.99876606,4.0396375e-05,4.5405875e-05,1.4543361e-05,0.00014443518,3.2430715e-05,0.0007944041
pbmc4k_CCATGTCGTGCACGAA-1,Activated/transitional T cells,Naive/resting T cells,Naive/resting T cells,0.9531554,False,0.00053895946,0.001458934,0.0007385385,0.0009615599,0.00049060135,0.042063545,0.0005924739,0.9531554
pbmc4k_CCATGTCGTGCCTTGG-1,Activated/transitional T cells,Naive/resting T cells,Naive/resting T cells,0.8813973,False,0.0002606776,0.0009886301,0.00055306253,0.00039803324,0.00058446196,0.11551542,0.0003024311,0.8813973
pbmc4k_CCATGTCGTTACGACT-1,Classical monocytes,Classical monocytes,Classical monocytes,0.9997205,True,2.0350222e-05,6.1540144e-05,3.464166e-05,0.9997205,1.1137504e-05,9.6757256e-05,2.7473572e-05,2.7610076e-05
pbmc4k_CCATGTCTCCGCAAGC-1,Activated/transitional T cells,Naive/resting T cells,Naive/resting T cells,0.82753974,False,0.0017455516,0.0031787949,0.0019275971,0.0019180698,0.0021152683,0.16011648,0.0014585276,0.82753974
pbmc4k_CCATGTCTCGTCTGAA-1,NK cells,NK cells,NK cells,0.9962608,True,0.00011287132,0.00013036735,0.0006575497,0.00012632529,0.0021037085,0.00053078623,0.9962608,7.7497236e-05
pbmc4k_CCATTCGAGACACTAA-1,Activated/transitional T cells,Naive/resting T cells,Naive/resting T cells,0.9551637,False,0.0002461421,0.00052754726,0.0004567466,0.00046537374,0.00025125427,0.042575523,0.00031373376,0.9551637
pbmc4k_CCATTCGAGCTAACTC-1,CD16+ non-classical monocytes,CD16+ non-classical monocytes,CD16+ non-classical monocytes,0.9994931,True,1.5524382e-05,0.00016008435,0.9994931,9.8617966e-05,4.441632e-05,9.7266515e-05,6.8542e-05,2.2438238e-05
pbmc4k_CCATTCGAGTCCATAC-1,Classical monocytes,Classical monocytes,Classical monocytes,0.992811,True,0.00015040704,0.000988715,0.0042343657,0.992811,0.0002882583,0.0008105997,0.00037463076,0.0003419478
pbmc4k_CCATTCGCACATCCAA-1,Activated/transitional T cells,Naive/resting T cells,Naive/resting T cells,0.90642536,False,0.00043064583,0.0010056171,0.00096910284,0.0009535539,0.000595672,0.088962816,0.0006572435,0.90642536
pbmc4k_CCATTCGGTAGCCTAT-1,IL7R+ memory/helper T cells,IL7R+ memory/helper T cells,IL7R+ memory/helper T cells,0.9992384,True,1.43577145e-05,7.3181305e-05,5.9607748e-05,4.112505e-05,5.660009e-05,0.9992384,4.839148e-05,0.00046843628
pbmc4k_CCATTCGGTTCTGGTA-1,B cells,B cells,B cells,0.999067,True,8.3114835e-05,0.999067,3.3603792e-05,4.1080762e-05,1.7311777e-05,5.3820677e-05,2.6241536e-05,0.000677843
pbmc4k_CCATTCGTCGGTTAAC-1,Activated/transitional T cells,IL7R+ memory/helper T cells,IL7R+ memory/helper T cells,0.7031723,False,0.008534691,0.008941393,0.0040957844,0.004528597,0.004698792,0.7031723,0.004494319,0.2615341
pbmc4k_CCCAATCAGAATTCCC-1,Classical monocytes,Classical monocytes,Classical monocytes,0.99405414,True,0.00025089402,0.00085857767,0.002182429,0.99405414,0.0003760956,0.0013583337,0.00056816207,0.00035144473
pbmc4k_CCCAATCCAAGGTGTG-1,B cells,B cells,B cells,0.99864954,True,3.631232e-05,0.99864954,4.605453e-05,6.370058e-05,2.8091743e-05,0.00012515315,3.265263e-05,0.0010184951
pbmc4k_CCCAATCCATACGCTA-1,IL7R+ memory/helper T cells,IL7R+ memory/helper T cells,IL7R+ memory/helper T cells,0.99208474,True,0.00045136875,0.00041551396,0.00039323568,0.000289896,0.0046620467,0.99208474,0.0004853581,0.0012178812
pbmc4k_CCCAATCCATGCGCAC-1,Activated/transitional T cells,Naive/resting T cells,Naive/resting T cells,0.928355,False,0.011461746,0.0077994773,0.0020719506,0.0031953389,0.0017513304,0.043402124,0.0019630785,0.928355
pbmc4k_CCCAATCGTAGCTAAA-1,Activated/transitional T cells,Naive/resting T cells,Naive/resting T cells,0.8954889,False,0.001125288,0.012030302,0.0016069615,0.0022112755,0.0011086368,0.08493634,0.0014922494,0.8954889
pbmc4k_CCCAATCGTTACGTCA-1,Activated/transitional T cells,Naive/resting T cells,Naive/resting T cells,0.9793575,False,0.00045129083,0.0011083077,0.0005018478,0.00035888067,0.0004415499,0.017492015,0.00028863698,0.9793575
pbmc4k_CCCAATCGTTGCGCAC-1,Activated/transitional T cells,Naive/resting T cells,Naive/resting T cells,0.87000644,False,0.00092133036,0.0013569616,0.0010101239,0.0006479563,0.0005561473,0.12492171,0.00057935435,0.87000644
pbmc4k_CCCAATCTCGCCGTGA-1,B cells,B cells,B cells,0.99746907,True,2.6243977e-05,0.99746907,4.8839614e-05,5.259591e-05,2.7417922e-05,0.0001677643,3.9040366e-05,0.002168993
pbmc4k_CCCAGTTAGATATACG-1,Classical monocytes,Classical monocytes,Classical monocytes,0.9997075,True,4.365204e-05,2.949639e-05,0.00011217503,0.9997075,1.1297997e-05,3.4449506e-05,4.772356e-05,1.3712008e-05
pbmc4k_CCCAGTTAGATGCGAC-1,Classical monocytes,Classical monocytes,Classical monocytes,0.9805124,True,0.00012765979,0.0025232723,0.015052728,0.9805124,0.00037105283,0.0008861523,0.00041321086,0.00011357427
pbmc4k_CCCAGTTAGTTAGGTA-1,Classical monocytes,Classical monocytes,Classical monocytes,0.9934946,True,0.00020895727,0.0020328118,0.0017782078,0.9934946,0.00032187963,0.001261495,0.00038907488,0.0005129902
pbmc4k_CCCAGTTCAAATCCGT-1,NK cells,NK cells,NK cells,0.99540967,True,0.00032112392,0.00018637287,0.00021067316,0.000118113945,0.002759304,0.0009246363,0.99540967,7.007429e-05
pbmc4k_CCCAGTTCAAGTAATG-1,B cells,B cells,B cells,0.9989538,True,2.4420953e-05,0.9989538,3.1203315e-05,4.8614133e-05,2.3800567e-05,8.444458e-05,2.9095812e-05,0.00080454384
pbmc4k_CCCAGTTGTAGCGTAG-1,Classical monocytes,Classical monocytes,Classical monocytes,0.99964154,True,2.1339607e-05,7.8103956e-05,0.00010898026,0.99964154,1.7753115e-05,5.062362e-05,4.788768e-05,3.375552e-05
pbmc4k_CCCAGTTGTGAACCTT-1,Cytotoxic CD8 T cells,Cytotoxic CD8 T cells,Cytotoxic CD8 T cells,0.97533095,True,0.0015760456,0.00071827386,0.0008181718,0.0005449986,0.97533095,0.01679903,0.0037253592,0.00048716017
pbmc4k_CCCAGTTGTTGTACAC-1,Activated/transitional T cells,IL7R+ memory/helper T cells,IL7R+ memory/helper T cells,0.605431,False,0.0048588193,0.012288127,0.007753719,0.00813814,0.0066440343,0.605431,0.0055858037,0.34930027
pbmc4k_CCCATACAGATGTGGC-1,Classical monocytes,Classical monocytes,Classical monocytes,0.99967337,True,3.4860044e-05,3.712556e-05,7.648769e-05,0.99967337,2.168952e-05,8.3427265e-05,4.6418198e-05,2.66601e-05
pbmc4k_CCCATACAGCGATCCC-1,Activated/transitional T cells,Naive/resting T cells,Naive/resting T cells,0.9921441,False,0.0004861061,0.0016215222,0.00030861146,0.00042671355,0.00028863578,0.004450658,0.00027364754,0.9921441
pbmc4k_CCCATACCACCATCCT-1,IL7R+ memory/helper T cells,IL7R+ memory/helper T cells,IL7R+ memory/helper T cells,0.96330065,True,0.0004184664,0.0006416732,0.00063288014,0.00044697392,0.0007704641,0.96330065,0.00044584068,0.03334303
pbmc4k_CCCATACCACTGCCAG-1,Activated/transitional T cells,Naive/resting T cells,Naive/resting T cells,0.99116653,False,0.00012469842,0.00039782588,8.732777e-05,0.00013354784,6.226629e-05,0.007953323,7.4548225e-05,0.99116653
pbmc4k_CCCATACGTCCTCTTG-1,Classical monocytes,Classical monocytes,Classical monocytes,0.999057,True,2.0799536e-05,0.00024234947,0.0003881911,0.999057,2.8772589e-05,0.00013300023,4.3183092e-05,8.6695494e-05
pbmc4k_CCCATACGTTGAACTC-1,Classical monocytes,Classical monocytes,Classical monocytes,0.9993924,True,3.3689288e-05,8.993814e-05,0.00025682274,0.9993924,3.7562622e-05,5.8447396e-05,7.475415e-05,5.632814e-05
pbmc4k_CCCATACTCAATACCG-1,IL7R+ memory/helper T cells,IL7R+ memory/helper T cells,IL7R+ memory/helper T cells,0.9677673,True,0.00077138556,0.0027963736,0.0012709982,0.0009430145,0.0013466565,0.9677673,0.0007596733,0.024344636
pbmc4k_CCCATACTCCTTTCTC-1,NK cells,NK cells,NK cells,0.97771513,True,0.0027509897,0.0007315471,0.0023770726,0.00060129096,0.011987535,0.0033518404,0.97771513,0.0004846544
pbmc4k_CCCATACTCTTTCCTC-1,Classical monocytes,Classical monocytes,Classical monocytes,0.998865,True,0.0002848352,0.00026945624,0.00032010654,0.998865,6.443132e-05,7.267223e-05,7.295623e-05,5.0514107e-05
pbmc4k_CCCTCCTAGACATAAC-1,B cells,B cells,B cells,0.9993874,True,5.075721e-05,0.9993874,3.475922e-05,4.083298e-05,1.6282778e-05,0.00016370352,3.030759e-05,0.00027590993
pbmc4k_CCCTCCTAGATGCCAG-1,Classical monocytes,Classical monocytes,Classical monocytes,0.9995492,True,3.9099177e-05,9.33048e-05,0.00010607936,0.9995492,3.4591954e-05,7.606403e-05,7.598644e-05,2.5694351e-05
pbmc4k_CCCTCCTAGGGATGGG-1,Naive/resting T cells,Naive/resting T cells,Naive/resting T cells,0.9987903,True,0.00016104651,0.00013267023,8.354234e-05,0.000116240415,8.296299e-05,0.0005683033,6.4918495e-05,0.9987903
pbmc4k_CCCTCCTCAAGTCATC-1,Classical monocytes,Classical monocytes,Classical monocytes,0.99907243,True,6.674121e-05,0.00012310312,0.00020025161,0.99907243,8.9195724e-05,0.0002653414,0.00013928222,4.367343e-05
pbmc4k_CCCTCCTGTAGGGTAC-1,B cells,B cells,B cells,0.9990239,True,2.3480015e-05,0.9990239,4.930104e-05,4.8019705e-05,2.6835434e-05,0.0003010324,3.2732165e-05,0.0004946701
pbmc4k_CCCTCCTGTCCGACGT-1,Classical monocytes,Classical monocytes,Classical monocytes,0.9996063,True,1.7778377e-05,5.9005233e-05,0.00017691974,0.9996063,2.1432794e-05,6.360753e-05,3.896331e-05,1.5979733e-05
pbmc4k_CCCTCCTTCAGTGCAT-1,Cytotoxic CD8 T cells,Cytotoxic CD8 T cells,Cytotoxic CD8 T cells,0.9980742,True,8.053159e-05,0.00012151629,9.6984586e-05,6.135764e-05,0.9980742,0.0014095128,9.3104754e-05,6.281893e-05
pbmc4k_CCCTCCTTCGAATGGG-1,Activated/transitional T cells,Naive/resting T cells,Naive/resting T cells,0.9901215,False,0.00043131888,0.0005644364,0.00035818617,0.0005093814,0.00056305685,0.007141078,0.00031107824,0.9901215
pbmc4k_CCCTCCTTCGCATGGC-1,IL7R+ memory/helper T cells,IL7R+ memory/helper T cells,IL7R+ memory/helper T cells,0.99847656,True,7.917725e-05,0.00033740356,0.00031212345,0.00020722343,0.00021808731,0.99847656,0.00026914885,0.0001003203
pbmc4k_CCCTCCTTCGGAGCAA-1,Activated/transitional T cells,Naive/resting T cells,Naive/resting T cells,0.9929476,False,0.00018627748,0.0005836728,0.00027846813,0.00026739415,0.00013063978,0.0054559177,0.00015006692,0.9929476
pbmc4k_CCGGGATAGATGAGAG-1,B cells,B cells,B cells,0.9990534,True,1.5447402e-05,0.9990534,3.134303e-05,3.598146e-05,1.7827137e-05,0.00013680493,2.3228142e-05,0.0006859014
pbmc4k_CCGGGATAGCCAGGAT-1,Activated/transitional T cells,Naive/resting T cells,Naive/resting T cells,0.99661404,False,0.00012906025,0.0002017059,0.00010512115,0.00015645151,0.000113309376,0.0025832492,9.7083954e-05,0.99661404
pbmc4k_CCGGGATAGGGATGGG-1,Activated/transitional T cells,Naive/resting T cells,Naive/resting T cells,0.8405068,False,0.0026133324,0.0030403375,0.0014321826,0.0023321204,0.0008825116,0.14788507,0.0013077133,0.8405068
pbmc4k_CCGGGATAGTAGTGCG-1,Naive/resting T cells,Naive/resting T cells,Naive/resting T cells,0.99806505,True,0.0004901697,0.00015398125,0.00011616997,0.00015263294,5.485069e-05,0.0008790501,8.808438e-05,0.99806505
pbmc4k_CCGGGATCAAGTAATG-1,Classical monocytes,Classical monocytes,Classical monocytes,0.99808013,True,3.4263354e-05,0.000104562685,0.0001730295,0.99808013,7.7698685e-05,0.001309163,6.3624204e-05,0.00015751948
pbmc4k_CCGGGATCACCCATTC-1,B cells,B cells,B cells,0.99847466,True,7.943394e-05,0.99847466,5.221093e-05,5.5905177e-05,2.4933099e-05,0.000809736,3.947445e-05,0.00046363886
pbmc4k_CCGGGATCAGAGCCAA-1,B cells,B cells,B cells,0.9994522,True,2.3653982e-05,0.9994522,3.2445263e-05,4.0817325e-05,2.7346023e-05,0.00011315969,2.180423e-05,0.0002886439
pbmc4k_CCGGGATCAGATAATG-1,B cells,B cells,B cells,0.9988979,True,2.2356951e-05,0.9988979,3.6938043e-05,4.8391885e-05,2.033557e-05,0.00021284432,2.5783615e-05,0.0007353949
pbmc4k_CCGGGATCAGGTGCCT-1,Classical monocytes,Classical monocytes,Classical monocytes,0.9991841,True,3.8234444e-05,0.00021417665,0.00018381854,0.9991841,0.00013486482,0.000117265256,7.311329e-05,5.4500397e-05
pbmc4k_CCGGGATCATCGATTG-1,Activated/transitional T cells,Naive/resting T cells,Naive/resting T cells,0.9956514,False,9.63819e-05,0.0004920183,0.00019913491,0.00023011795,0.00044309464,0.0027549288,0.00013292878,0.9956514
pbmc4k_CCGGGATCATGCATGT-1,B cells,B cells,B cells,0.9989422,True,4.9125287e-05,0.9989422,2.7740467e-05,4.0253813e-05,1.99402e-05,4.1552445e-05,2.5532108e-05,0.0008537025
pbmc4k_CCGGGATGTGCCTGTG-1,Classical monocytes,B cells,B cells,0.45767045,False,0.009773874,0.45767045,0.08964679,0.19564597,0.022722704,0.09490626,0.025606636,0.1040273
pbmc4k_CCGGGATTCCCTCTTT-1,Cytotoxic CD8 T cells,Cytotoxic CD8 T cells,Cytotoxic CD8 T cells,0.9897194,True,0.0049592312,0.00029412302,0.00023137004,0.00022958571,0.9897194,0.0038289255,0.0003076791,0.00042967056
pbmc4k_CCGGGATTCCTCAACC-1,IL7R+ memory/helper T cells,IL7R+ memory/helper T cells,IL7R+ memory/helper T cells,0.9960769,True,8.064514e-05,0.00015281927,0.00016427417,0.00010399407,0.002821378,0.9960769,0.00013684711,0.00046317212
pbmc4k_CCGGGATTCCTTGACC-1,Classical monocytes,Classical monocytes,Classical monocytes,0.9883344,True,0.0005089203,0.004418946,0.0032225715,0.9883344,0.0006010032,0.0016458036,0.0007428044,0.00052550243
pbmc4k_CCGGGATTCTCCAGGG-1,IL7R+ memory/helper T cells,IL7R+ memory/helper T cells,Naive/resting T cells,0.6041022,False,0.00024142732,0.0009190174,0.00026584562,0.000265865,0.0002707106,0.39373854,0.00019640035,0.6041022
pbmc4k_CCGGGATTCTTGTCAT-1,B cells,B cells,B cells,0.99842024,True,1.7762874e-05,0.99842024,0.00016836429,9.5722266e-05,5.8262438e-05,0.0009854316,0.00010231551,0.00015192268
pbmc4k_CCGGTAGAGCTGCAAG-1,Classical monocytes,Classical monocytes,Classical monocytes,0.99542785,True,6.5951e-05,0.00057689036,0.0027786673,0.99542785,0.00020911904,0.0005894922,0.00024824406,0.000103752216
pbmc4k_CCGGTAGAGTTGCAGG-1,NK cells,Cytotoxic CD8 T cells,Cytotoxic CD8 T cells,0.70203036,False,0.017076308,0.01663142,0.014567355,0.013211116,0.70203036,0.122616924,0.02961633,0.08425015
pbmc4k_CCGGTAGCAATGGACG-1,B cells,B cells,B cells,0.99641705,True,6.155489e-05,0.99641705,5.5237368e-05,6.3424e-05,3.577279e-05,0.00021311577,4.0583072e-05,0.0031132642
pbmc4k_CCGGTAGCATCAGTAC-1,Cytotoxic CD8 T cells,Cytotoxic CD8 T cells,Cytotoxic CD8 T cells,0.9934221,True,0.00065264566,0.00027113708,0.00020416263,0.00021384208,0.9934221,0.0025965057,0.0005127354,0.0021269263
pbmc4k_CCGGTAGGTAGCCTAT-1,IL7R+ memory/helper T cells,IL7R+ memory/helper T cells,IL7R+ memory/helper T cells,0.8249535,True,0.0013021916,0.0034856917,0.0015656605,0.0021749171,0.0016034655,0.8249535,0.0013210229,0.16359358
pbmc4k_CCGGTAGGTCTCTCGT-1,Classical monocytes,Classical monocytes,Classical monocytes,0.9992957,True,3.5273482e-05,0.00013168479,0.00018117629,0.9992957,5.8350968e-05,0.00013587892,7.2791045e-05,8.9068075e-05
pbmc4k_CCGGTAGGTGCGCTTG-1,NK cells,Cytotoxic CD8 T cells,Cytotoxic CD8 T cells,0.56328434,False,0.0049256305,0.014787722,0.023916174,0.009660233,0.56328434,0.093078524,0.18470797,0.10563942
pbmc4k_CCGTACTAGGATGCGT-1,Cytotoxic CD8 T cells,Naive/resting T cells,Naive/resting T cells,0.60341924,False,0.08837693,0.006772672,0.0069720503,0.006133854,0.16604279,0.116963014,0.0053194356,0.60341924
pbmc4k_CCGTACTAGGGATCTG-1,IL7R+ memory/helper T cells,IL7R+ memory/helper T cells,IL7R+ memory/helper T cells,0.9965753,True,0.000101783604,0.00036955258,0.00030902313,0.00024407933,0.00038417752,0.9965753,0.00019738269,0.0018186781
pbmc4k_CCGTACTCACACATGT-1,IL7R+ memory/helper T cells,Naive/resting T cells,Naive/resting T cells,0.77433455,False,0.0016157265,0.0062110918,0.0029487254,0.0026964974,0.034319475,0.17545934,0.0024146019,0.77433455
pbmc4k_CCGTACTCACGAGAGT-1,Cytotoxic CD8 T cells,IL7R+ memory/helper T cells,IL7R+ memory/helper T cells,0.8809252,False,0.001262756,0.0025420908,0.0008133403,0.0007914191,0.033645775,0.8809252,0.00067550305,0.07934397
pbmc4k_CCGTACTGTCATACTG-1,Activated/transitional T cells,Naive/resting T cells,Naive/resting T cells,0.7608094,False,0.002702042,0.004360415,0.0023574464,0.0038095596,0.0023056488,0.22141382,0.002241591,0.7608094
pbmc4k_CCGTACTTCACAGTAC-1,IL7R+ memory/helper T cells,IL7R+ memory/helper T cells,IL7R+ memory/helper T cells,0.997598,True,0.0001341089,0.0004245107,0.00046816195,0.0002405985,0.0004966691,0.997598,0.00042697953,0.00021102074
pbmc4k_CCGTACTTCGATAGAA-1,IL7R+ memory/helper T cells,IL7R+ memory/helper T cells,IL7R+ memory/helper T cells,0.9950158,True,0.0006016402,0.00042135373,0.00031877446,0.00032288602,0.0001979682,0.9950158,0.00027528865,0.0028463344
pbmc4k_CCGTACTTCGGTCTAA-1,Activated/transitional T cells,Naive/resting T cells,Naive/resting T cells,0.9680766,False,0.00010255766,0.00036565427,0.00014537261,0.00013188798,0.00016584035,0.030898372,0.0001137542,0.9680766
pbmc4k_CCGTACTTCGTTGCCT-1,B cells,B cells,B cells,0.9939751,True,5.3921995e-05,0.9939751,0.000109965935,0.00011067399,4.4350367e-05,0.0003911912,7.515893e-05,0.0052397065
pbmc4k_CCGTGGAAGGAGTTTA-1,B cells,B cells,B cells,0.9993962,True,3.687585e-05,0.9993962,2.8759228e-05,4.7495603e-05,1.7323791e-05,0.000107496395,2.8132165e-05,0.00033773782
pbmc4k_CCGTGGAAGTGATCGG-1,Naive/resting T cells,Naive/resting T cells,Naive/resting T cells,0.96713376,True,0.004365583,0.00095591677,0.0004256675,0.00061515253,0.00028518366,0.025821142,0.00039755926,0.96713376
pbmc4k_CCGTGGACAGTTCATG-1,Cytotoxic CD8 T cells,IL7R+ memory/helper T cells,IL7R+ memory/helper T cells,0.82879215,False,0.0011963601,0.002583002,0.0022420995,0.0022649425,0.010553679,0.82879215,0.0014072108,0.15096055
pbmc4k_CCGTGGAGTTCAGTAC-1,Activated/transitional T cells,Naive/resting T cells,Naive/resting T cells,0.8683979,False,0.00032035366,0.0021118617,0.0011331796,0.0012286421,0.00095785066,0.1252076,0.0006426095,0.8683979
pbmc4k_CCGTTCAAGAATCTCC-1,Classical monocytes,Classical monocytes,Classical monocytes,0.9996451,True,4.3507924e-05,2.1837699e-05,2.4278868e-05,0.9996451,1.2084284e-05,0.00014745405,3.0613723e-05,7.509406e-05
pbmc4k_CCGTTCACAAGGCTCC-1,Activated/transitional T cells,Naive/resting T cells,Naive/resting T cells,0.97878623,False,0.0002734721,0.0007129957,0.00025539263,0.00037206622,0.00018345975,0.019208724,0.00020769254,0.97878623
pbmc4k_CCGTTCACACCCATGG-1,Cytotoxic CD8 T cells,Cytotoxic CD8 T cells,Cytotoxic CD8 T cells,0.94470644,True,0.012312197,0.0008878026,0.00069621386,0.00066007767,0.94470644,0.0074801166,0.0010370895,0.032220054
pbmc4k_CCGTTCACATGAAGTA-1,Cytotoxic CD8 T cells,IL7R+ memory/helper T cells,IL7R+ memory/helper T cells,0.714559,False,0.017934581,0.0030361228,0.0023902406,0.0021167544,0.014436718,0.714559,0.002204655,0.24332185
pbmc4k_CCGTTCAGTCACTGGC-1,B cells,B cells,B cells,0.9992574,True,1.2542635e-05,0.9992574,2.543698e-05,4.001287e-05,1.883961e-05,0.00018791584,2.1344085e-05,0.00043645618
pbmc4k_CCGTTCAGTTCTGGTA-1,Classical monocytes,Classical monocytes,Classical monocytes,0.9993229,True,2.7387241e-05,0.00011045871,0.00035695094,0.9993229,2.8073364e-05,8.376213e-05,5.2512663e-05,1.7936378e-05
pbmc4k_CCGTTCATCGCCCTTA-1,Activated/transitional T cells,Naive/resting T cells,Naive/resting T cells,0.9970771,False,5.3173073e-05,0.00016994464,0.00011962687,0.00013525774,0.0002460577,0.002112941,8.592619e-05,0.9970771
pbmc4k_CCGTTCATCGTAGATC-1,IL7R+ memory/helper T cells,IL7R+ memory/helper T cells,IL7R+ memory/helper T cells,0.9856894,True,6.931851e-05,0.0003291552,0.00020554953,0.00020453078,0.00014735451,0.9856894,0.00016878144,0.013185875
pbmc4k_CCGTTCATCTCGAGTA-1,B cells,B cells,B cells,0.9992662,True,1.9243136e-05,0.9992662,3.480297e-05,4.6863253e-05,1.8386687e-05,0.000114571994,2.6666046e-05,0.00047327683
pbmc4k_CCGTTCATCTCGTTTA-1,Classical monocytes,Classical monocytes,Classical monocytes,0.99969566,True,4.2702675e-05,5.9091657e-05,5.890643e-05,0.99969566,1.8417513e-05,6.213896e-05,3.337886e-05,2.9743316e-05
pbmc4k_CCTAAAGAGCTGTTCA-1,Activated/transitional T cells,Naive/resting T cells,Naive/resting T cells,0.97847307,False,0.000110841676,0.0006034544,0.0002817584,0.00035455302,0.00020053539,0.019759305,0.00021654487,0.97847307
pbmc4k_CCTAAAGCACATTTCT-1,Classical monocytes,Classical monocytes,Classical monocytes,0.998872,True,0.0002903734,0.00016359039,0.00020090496,0.998872,3.2496486e-05,0.00013307964,0.00016221596,0.00014528428
pbmc4k_CCTAAAGCATACTACG-1,Cytotoxic CD8 T cells,Cytotoxic CD8 T cells,Cytotoxic CD8 T cells,0.9940507,True,0.00024014938,0.00013548243,0.00011212389,0.00011911237,0.9940507,0.0042753974,0.0002262564,0.0008407953
pbmc4k_CCTAAAGGTGATGTCT-1,B cells,B cells,B cells,0.9990694,True,5.9202885e-05,0.9990694,5.7184137e-05,6.48894e-05,4.5390523e-05,0.00012939796,4.1624135e-05,0.00053293473
pbmc4k_CCTAAAGGTGTGAAAT-1,Activated/transitional T cells,IL7R+ memory/helper T cells,IL7R+ memory/helper T cells,0.9068229,False,0.0017958784,0.008827538,0.0014204988,0.0012979892,0.0010864349,0.9068229,0.0012028595,0.07754592
pbmc4k_CCTAAAGTCGAATCCA-1,Activated/transitional T cells,Naive/resting T cells,Naive/resting T cells,0.9752847,False,0.0008518769,0.0008065082,0.0004391808,0.00061885,0.00032335095,0.021269796,0.00040574282,0.9752847
pbmc4k_CCTAAAGTCGTGGACC-1,Activated/transitional T cells,Naive/resting T cells,Naive/resting T cells,0.9076211,False,0.00031501337,0.0015539201,0.0006448736,0.0011861216,0.001272388,0.08686142,0.00054521434,0.9076211
pbmc4k_CCTAAAGTCTCTAAGG-1,B cells,B cells,B cells,0.9994966,True,7.1427115e-05,0.9994966,3.826475e-05,5.0355713e-05,2.7731203e-05,4.439987e-05,4.4488203e-05,0.0002266944
pbmc4k_CCTAAAGTCTGTCTCG-1,B cells,B cells,B cells,0.99936444,True,3.3092347e-05,0.99936444,3.5528377e-05,4.559011e-05,2.3929428e-05,0.00018372692,2.9046403e-05,0.00028470083
pbmc4k_CCTACACAGAGTACCG-1,Classical monocytes,Classical monocytes,Classical monocytes,0.99913836,True,2.946088e-05,0.00015530176,0.0004908508,0.99913836,2.0800775e-05,8.0494e-05,6.364861e-05,2.1062493e-05
pbmc4k_CCTACACAGCACACAG-1,Activated/transitional T cells,Naive/resting T cells,Naive/resting T cells,0.89098936,False,0.002151473,0.0009576037,0.00067392766,0.0009876419,0.0005949178,0.10304333,0.0006016785,0.89098936
pbmc4k_CCTACACAGGTGACCA-1,Activated/transitional T cells,Naive/resting T cells,Naive/resting T cells,0.96351296,False,0.0005170548,0.0009963679,0.0009843232,0.00076536526,0.00045015046,0.03207514,0.00069864636,0.96351296
pbmc4k_CCTACACAGTGCAAGC-1,Naive/resting T cells,Naive/resting T cells,Naive/resting T cells,0.99113536,True,9.380104e-05,0.00023620969,0.00012569048,0.00017375137,0.0001836297,0.007942797,0.0001087046,0.99113536
pbmc4k_CCTACACCAAGCTGGA-1,Cytotoxic CD8 T cells,Cytotoxic CD8 T cells,Cytotoxic CD8 T cells,0.99023247,True,0.0006693998,0.0007265601,0.00072615896,0.00042030145,0.99023247,0.0022768679,0.0007017679,0.004246502
pbmc4k_CCTACACGTCTCAACA-1,IL7R+ memory/helper T cells,IL7R+ memory/helper T cells,IL7R+ memory/helper T cells,0.997658,True,4.563335e-05,0.00014193202,0.00014417098,0.000103510734,0.00015649566,0.997658,9.1194364e-05,0.0016590868
pbmc4k_CCTACACGTCTTCGTC-1,CD16+ non-classical monocytes,CD16+ non-classical monocytes,CD16+ non-classical monocytes,0.98927945,True,0.00023962867,0.0058226823,0.98927945,0.001662696,0.0004973145,0.0012381256,0.0010535972,0.00020646116
pbmc4k_CCTACACGTGTTTGGT-1,Cytotoxic CD8 T cells,Cytotoxic CD8 T cells,Cytotoxic CD8 T cells,0.97361904,True,0.0018239833,0.00068599795,0.0006108833,0.0006514603,0.97361904,0.009304692,0.012646225,0.0006576834
pbmc4k_CCTACACTCTGGGCCA-1,IL7R+ memory/helper T cells,IL7R+ memory/helper T cells,IL7R+ memory/helper T cells,0.9987625,True,6.9923946e-05,0.00028996108,0.00015618287,0.00012577373,0.00015041979,0.9987625,0.00015073815,0.0002945495
pbmc4k_CCTACCAAGACGCAAC-1,NK cells,NK cells,Activated/transitional T cells,0.49699673,False,0.49699673,0.010553418,0.014830181,0.010274198,0.10569196,0.017718658,0.33906403,0.004870833
pbmc4k_CCTACCAAGCGCTTAT-1,NK cells,NK cells,NK cells,0.9880122,True,0.00027849045,0.0002471919,0.00052555866,0.00022258487,0.009101048,0.0014873584,0.9880122,0.0001256086
pbmc4k_CCTACCAAGTTTGCGT-1,Naive/resting T cells,Naive/resting T cells,Naive/resting T cells,0.993803,True,0.0005923531,0.00070527155,0.00025291077,0.00025890765,0.00024382507,0.003880163,0.00026348542,0.993803
pbmc4k_CCTACCACAATAGCGG-1,Cytotoxic CD8 T cells,Cytotoxic CD8 T cells,Cytotoxic CD8 T cells,0.9904178,True,0.0021771619,0.0010664213,0.00029963668,0.00033428575,0.9904178,0.004445953,0.0006458648,0.00061284204
pbmc4k_CCTACCACACGGTTTA-1,IL7R+ memory/helper T cells,IL7R+ memory/helper T cells,IL7R+ memory/helper T cells,0.9991346,True,3.6364552e-05,0.00012796331,5.3095013e-05,5.324795e-05,0.00011005184,0.9991346,5.0985167e-05,0.00043375845
pbmc4k_CCTACCAGTGCGAAAC-1,Classical monocytes,Classical monocytes,Classical monocytes,0.9994968,True,1.9813688e-05,9.2938826e-05,0.00017209678,0.9994968,1.9487801e-05,0.00010688587,3.819968e-05,5.376276e-05
pbmc4k_CCTACCATCCAAACAC-1,Classical monocytes,Classical monocytes,Classical monocytes,0.9936551,True,0.00011749189,0.00026604926,0.0014096411,0.9936551,0.00022588053,0.0035205106,0.00025077775,0.00055453397
pbmc4k_CCTACCATCGAATGGG-1,Classical monocytes,Classical monocytes,Classical monocytes,0.9981248,True,3.575119e-05,0.00070244924,0.0007504642,0.9981248,7.2570874e-05,0.000131656,0.00012500343,5.7264806e-05
pbmc4k_CCTACCATCTGTTGAG-1,Classical monocytes,Classical monocytes,Classical monocytes,0.9985084,True,3.0907133e-05,0.00019236586,0.00096565596,0.9985084,3.556524e-05,0.00018086047,6.826335e-05,1.8020339e-05
pbmc4k_CCTAGCTAGTACGACG-1,Cytotoxic CD8 T cells,Cytotoxic CD8 T cells,Cytotoxic CD8 T cells,0.9922025,True,0.00012729164,0.00024389898,0.00014007356,0.000126614,0.9922025,0.005770001,0.0012414524,0.00014819315
pbmc4k_CCTAGCTCAAACTGCT-1,Activated/transitional T cells,Naive/resting T cells,Naive/resting T cells,0.91166943,False,0.0007022461,0.0014868408,0.00066193513,0.0009658629,0.00057838834,0.0833032,0.0006320477,0.91166943
pbmc4k_CCTAGCTCAATGCCAT-1,B cells,B cells,B cells,0.9993814,True,3.9059898e-05,0.9993814,5.518087e-05,4.9453432e-05,2.739023e-05,0.00023137468,3.626561e-05,0.00017980134
pbmc4k_CCTAGCTCACGTAAGG-1,B cells,B cells,B cells,0.9992506,True,3.2333708e-05,0.9992506,5.3047377e-05,6.0787515e-05,3.7222042e-05,0.00016069796,3.7795046e-05,0.00036755062
pbmc4k_CCTAGCTCAGACGCCT-1,NK cells,NK cells,NK cells,0.9832851,True,0.00025390362,0.00047353812,0.0018309467,0.00044947607,0.011236678,0.0023141094,0.9832851,0.00015621186
pbmc4k_CCTAGCTGTGAGGCTA-1,Activated/transitional T cells,Naive/resting T cells,Naive/resting T cells,0.99382716,False,0.0001298521,0.00038634174,0.00010708105,0.00013771761,0.00012805342,0.0051957755,8.79839e-05,0.99382716
pbmc4k_CCTAGCTGTTACGCGC-1,Activated/transitional T cells,Naive/resting T cells,Naive/resting T cells,0.9637273,False,0.0006962855,0.0013407125,0.00084902387,0.0033630135,0.0005533948,0.028651759,0.0008185097,0.9637273
pbmc4k_CCTAGCTGTTGAGGTG-1,Activated/transitional T cells,Naive/resting T cells,Naive/resting T cells,0.99345434,False,9.2010145e-05,0.00017294205,8.553418e-05,9.231707e-05,9.517325e-05,0.005930656,7.7006494e-05,0.99345434
pbmc4k_CCTAGCTTCCTAGTGA-1,B cells,B cells,B cells,0.9993181,True,1.8046874e-05,0.9993181,3.7279766e-05,4.1687697e-05,3.223576e-05,0.00012616273,2.3648645e-05,0.00040282274
pbmc4k_CCTAGCTTCTTATCTG-1,Cytotoxic CD8 T cells,Cytotoxic CD8 T cells,Cytotoxic CD8 T cells,0.99139285,True,0.00021960468,0.0006644933,0.00036015213,0.00019723007,0.99139285,0.006071039,0.00029717016,0.0007974753
pbmc4k_CCTAGCTTCTTCAACT-1,Activated/transitional T cells,Naive/resting T cells,Naive/resting T cells,0.8952223,False,0.00029442023,0.0024293447,0.00049514195,0.0005426021,0.00034556095,0.1003619,0.00030871868,0.8952223
pbmc4k_CCTATTAAGTCTCGGC-1,B cells,B cells,B cells,0.99906987,True,3.259617e-05,0.99906987,3.6420224e-05,3.788123e-05,1.9850644e-05,0.0001840466,3.2683452e-05,0.00058667816
pbmc4k_CCTATTACACGAAGCA-1,NK cells,NK cells,NK cells,0.97604215,True,0.00034150193,0.00061999046,0.00256887,0.0004966114,0.015952159,0.0038251204,0.97604215,0.00015356235
pbmc4k_CCTATTAGTAGTGAAT-1,Activated/transitional T cells,IL7R+ memory/helper T cells,IL7R+ memory/helper T cells,0.75188994,False,0.0007942944,0.0029142525,0.0023396898,0.0016327718,0.00093129906,0.75188994,0.001147317,0.23835045
pbmc4k_CCTATTAGTCAAAGCG-1,Cytotoxic CD8 T cells,Cytotoxic CD8 T cells,Cytotoxic CD8 T cells,0.98795545,True,0.0003628,0.00026145764,0.00031804873,0.00019513853,0.98795545,0.010326044,0.00025116958,0.0003299245
pbmc4k_CCTATTAGTCTAGCCG-1,Activated/transitional T cells,Naive/resting T cells,Naive/resting T cells,0.94214094,False,0.050436985,0.0016205121,0.00074932823,0.0011709147,0.0007879824,0.0024117734,0.00068161095,0.94214094
pbmc4k_CCTATTATCAAGCCTA-1,Cytotoxic CD8 T cells,Cytotoxic CD8 T cells,Cytotoxic CD8 T cells,0.93107224,True,0.010552091,0.0050829267,0.0021762857,0.002857275,0.93107224,0.039692447,0.0030810828,0.00548568
pbmc4k_CCTATTATCTTACCGC-1,IL7R+ memory/helper T cells,IL7R+ memory/helper T cells,IL7R+ memory/helper T cells,0.9977422,True,9.840643e-05,0.00021762076,0.00016772545,0.00015630183,0.0009746512,0.9977422,0.00016594585,0.00047721333
pbmc4k_CCTCAGTAGAACTCGG-1,Classical monocytes,Classical monocytes,Classical monocytes,0.9989832,True,3.7198246e-05,0.00013845044,0.0005691063,0.9989832,2.9142351e-05,0.00013222995,8.6605876e-05,2.4082932e-05
pbmc4k_CCTCAGTCATGCTGGC-1,Cytotoxic CD8 T cells,Cytotoxic CD8 T cells,Cytotoxic CD8 T cells,0.86136854,True,0.0023231045,0.0013955686,0.0013991594,0.0012195263,0.86136854,0.061992604,0.06975576,0.0005457147
pbmc4k_CCTCAGTGTAAGGGAA-1,Classical monocytes,Classical monocytes,Classical monocytes,0.998898,True,0.00015755929,0.00019814617,0.00027149028,0.998898,7.708012e-05,0.00019370457,0.00012148908,8.248901e-05
pbmc4k_CCTCAGTGTATGAATG-1,Activated/transitional T cells,Naive/resting T cells,Naive/resting T cells,0.9763381,False,0.0005367294,0.0002779689,0.00014839535,0.00020961356,0.00010211317,0.022254292,0.00013283832,0.9763381
pbmc4k_CCTCAGTTCACGGTTA-1,Activated/transitional T cells,IL7R+ memory/helper T cells,Naive/resting T cells,0.59828776,False,0.0044571883,0.003993975,0.0031519146,0.0027956446,0.0017304007,0.3826286,0.0029544863,0.59828776
pbmc4k_CCTCAGTTCAGCTTAG-1,IL7R+ memory/helper T cells,IL7R+ memory/helper T cells,IL7R+ memory/helper T cells,0.99398404,True,0.00064509345,0.00096420146,0.0007278112,0.00089209864,0.00085551356,0.99398404,0.0006293337,0.0013019036
pbmc4k_CCTCTGAAGCAATCTC-1,Cytotoxic CD8 T cells,Cytotoxic CD8 T cells,Cytotoxic CD8 T cells,0.99288017,True,0.00050280616,0.00032747907,0.00029426647,0.00026479553,0.99288017,0.0044344678,0.0009358988,0.0003601123
pbmc4k_CCTCTGAAGTGGTCCC-1,IL7R+ memory/helper T cells,IL7R+ memory/helper T cells,IL7R+ memory/helper T cells,0.9981775,True,0.00023224262,0.00019397233,0.00013375381,0.00015178988,0.00024814266,0.9981775,0.000120707846,0.00074188894
pbmc4k_CCTCTGACAACTGGCC-1,Classical monocytes,Classical monocytes,Classical monocytes,0.9994935,True,1.6849137e-05,0.00010719277,0.00016894359,0.9994935,5.9265592e-05,7.11939e-05,4.7752856e-05,3.533646e-05
pbmc4k_CCTCTGACAATGAATG-1,Activated/transitional T cells,IL7R+ memory/helper T cells,IL7R+ memory/helper T cells,0.7638905,False,0.024479307,0.0065910565,0.004798927,0.0068025133,0.0029748564,0.7638905,0.004204332,0.18625845
pbmc4k_CCTCTGACAGATCGGA-1,Naive/resting T cells,Naive/resting T cells,Naive/resting T cells,0.9605608,True,0.0008022498,0.00086189836,0.00060274644,0.00089934777,0.00046097965,0.03517765,0.00063440035,0.9605608
pbmc4k_CCTCTGACATTACCTT-1,Naive/resting T cells,Naive/resting T cells,Naive/resting T cells,0.6350399,True,0.0015456273,0.0030653265,0.0008906141,0.00092738733,0.0007683096,0.3569393,0.00082355575,0.6350399
pbmc4k_CCTCTGAGTCCGAAGA-1,Naive/resting T cells,Naive/resting T cells,Naive/resting T cells,0.99728036,True,0.000244331,0.00069102354,0.00017247898,0.0002718166,0.0001992628,0.00096088595,0.0001797753,0.99728036
pbmc4k_CCTCTGAGTCTTTCAT-1,Activated/transitional T cells,Naive/resting T cells,Naive/resting T cells,0.8908494,False,0.0021365872,0.004859783,0.0025600833,0.0039365953,0.0015311532,0.09188978,0.002236577,0.8908494
pbmc4k_CCTCTGAGTGGGTATG-1,CD16+ non-classical monocytes,CD16+ non-classical monocytes,CD16+ non-classical monocytes,0.99698025,True,7.1237504e-05,0.00074601575,0.99698025,0.0013702505,0.00012567699,0.000369908,0.00020898008,0.00012770969
pbmc4k_CCTCTGATCCGTAGTA-1,Cytotoxic CD8 T cells,Cytotoxic CD8 T cells,Cytotoxic CD8 T cells,0.9919608,True,0.0008898041,0.00047823315,0.0004971259,0.00032980548,0.9919608,0.004177745,0.000789017,0.00087745045
pbmc4k_CCTCTGATCTTTACGT-1,Naive/resting T cells,Naive/resting T cells,Naive/resting T cells,0.9003768,True,0.007791383,0.0019891763,0.001386732,0.001661671,0.005517786,0.07998107,0.0012954196,0.9003768
pbmc4k_CCTTACGAGATCCGAG-1,Cytotoxic CD8 T cells,Cytotoxic CD8 T cells,Cytotoxic CD8 T cells,0.9937348,True,0.00079356745,0.0003265479,0.00020565775,0.00018508377,0.9937348,0.0034766314,0.0007086094,0.0005691442
pbmc4k_CCTTACGAGCCAGTTT-1,Cytotoxic CD8 T cells,Cytotoxic CD8 T cells,Cytotoxic CD8 T cells,0.9688409,True,0.0005944374,0.00039208203,0.0004315445,0.0002975626,0.9688409,0.028906396,0.00036884862,0.00016821829
pbmc4k_CCTTACGAGGAGTAGA-1,Cytotoxic CD8 T cells,Cytotoxic CD8 T cells,Cytotoxic CD8 T cells,0.98397875,True,0.00028372562,0.00027977664,0.00026508962,0.00020532847,0.98397875,0.0041739247,0.010582516,0.00023082441
pbmc4k_CCTTACGCATATACGC-1,B cells,B cells,B cells,0.9991493,True,2.8568613e-05,0.9991493,4.0478222e-05,4.3413045e-05,1.9541907e-05,4.8680806e-05,2.5295138e-05,0.0006446386
pbmc4k_CCTTACGTCAGGCCCA-1,IL7R+ memory/helper T cells,IL7R+ memory/helper T cells,IL7R+ memory/helper T cells,0.9988263,True,7.8239456e-05,0.0001551603,0.00014909316,8.960903e-05,0.00049433723,0.9988263,0.00013857333,6.8654415e-05
pbmc4k_CCTTACGTCTGCGACG-1,Classical monocytes,Classical monocytes,Classical monocytes,0.99951935,True,3.519494e-05,8.065634e-05,0.000121250065,0.99951935,2.7342696e-05,0.0001376271,5.938577e-05,1.9142823e-05
pbmc4k_CCTTACGTCTGCGGCA-1,Classical monocytes,Classical monocytes,Classical monocytes,0.9859206,True,0.0005070288,0.003178544,0.007048214,0.9859206,0.0005594971,0.0011187793,0.0006803065,0.0009869648
pbmc4k_CCTTACGTCTTACCTA-1,Activated/transitional T cells,Naive/resting T cells,Naive/resting T cells,0.96953595,False,0.0014556337,0.0010479009,0.0006207225,0.00077402627,0.0006905765,0.02537978,0.0004954356,0.96953595
pbmc4k_CCTTCCCAGATTACCC-1,Cytotoxic CD8 T cells,Cytotoxic CD8 T cells,Cytotoxic CD8 T cells,0.95082456,True,0.0014149912,0.0012120862,0.0015009054,0.00073733984,0.95082456,0.03016983,0.0134285595,0.00071174797
pbmc4k_CCTTCCCAGGCTACGA-1,IL7R+ memory/helper T cells,IL7R+ memory/helper T cells,IL7R+ memory/helper T cells,0.9854968,True,0.00014545112,0.00056958303,0.0006288023,0.00032764446,0.00063713826,0.9854968,0.00022879682,0.011965789
pbmc4k_CCTTCCCGTACCGAGA-1,B cells,B cells,B cells,0.998816,True,5.189038e-05,0.998816,8.352147e-05,0.00010077043,6.0521015e-05,0.00017616845,5.1781724e-05,0.00065935176
pbmc4k_CCTTCCCGTTACCAGT-1,Naive/resting T cells,Naive/resting T cells,Naive/resting T cells,0.899462,True,0.0017229856,0.0019023692,0.00092948636,0.0013732883,0.00054837216,0.09322907,0.0008324495,0.899462
pbmc4k_CCTTCCCGTTCCACAA-1,IL7R+ memory/helper T cells,IL7R+ memory/helper T cells,IL7R+ memory/helper T cells,0.9606503,True,0.0012783689,0.0014054618,0.0008953353,0.000946284,0.0008050463,0.9606503,0.00074707245,0.03327207
pbmc4k_CCTTCCCTCCCTGACT-1,IL7R+ memory/helper T cells,IL7R+ memory/helper T cells,IL7R+ memory/helper T cells,0.9859601,True,0.00014192707,0.0005307305,0.00040777403,0.00029052972,0.00027885078,0.9859601,0.00024284598,0.012147217
pbmc4k_CCTTCCCTCTCCAACC-1,Classical monocytes,Classical monocytes,Classical monocytes,0.9994373,True,3.0690073e-05,5.5286302e-05,0.00026452553,0.9994373,3.7834314e-05,8.8432986e-05,4.781278e-05,3.8156333e-05
pbmc4k_CCTTCCCTCTTCCTTC-1,Classical monocytes,Classical monocytes,Classical monocytes,0.78626996,True,0.004485766,0.13845345,0.011950965,0.78626996,0.00567641,0.027994087,0.0073873224,0.017782072
pbmc4k_CCTTCGAAGCGGATCA-1,Classical monocytes,Classical monocytes,Classical monocytes,0.9985973,True,0.000116361574,0.00040419784,0.00050927507,0.9985973,3.7111073e-05,8.340887e-05,0.00013396598,0.00011830949
pbmc4k_CCTTCGAAGTGCAAGC-1,IL7R+ memory/helper T cells,IL7R+ memory/helper T cells,IL7R+ memory/helper T cells,0.99938273,True,1.9614014e-05,9.758708e-05,7.088536e-05,6.554949e-05,0.00015874214,0.99938273,6.1099076e-05,0.00014371154
pbmc4k_CCTTCGAAGTTAGCGG-1,IL7R+ memory/helper T cells,IL7R+ memory/helper T cells,IL7R+ memory/helper T cells,0.9995055,True,3.409732e-05,9.362981e-05,5.1847623e-05,5.336097e-05,6.2420644e-05,0.9995055,4.4982375e-05,0.00015415024
pbmc4k_CCTTCGATCAGGCGAA-1,NK cells,Cytotoxic CD8 T cells,Cytotoxic CD8 T cells,0.95714355,False,0.0007935153,0.0024241656,0.0010009654,0.0011492914,0.95714355,0.029628437,0.0017670946,0.0060930382
pbmc4k_CCTTTCTAGTACGCCC-1,B cells,B cells,B cells,0.9988444,True,2.9394407e-05,0.9988444,4.5654426e-05,5.496272e-05,2.9918698e-05,8.449341e-05,3.616053e-05,0.00087499776
pbmc4k_CCTTTCTCAAAGAATC-1,Cytotoxic CD8 T cells,IL7R+ memory/helper T cells,IL7R+ memory/helper T cells,0.6434817,False,0.0016554147,0.00495067,0.0043682386,0.0036896667,0.062872544,0.6434817,0.0026128185,0.27636895
pbmc4k_CCTTTCTCACTCGACG-1,Activated/transitional T cells,IL7R+ memory/helper T cells,Naive/resting T cells,0.5112786,False,0.00194206,0.0026203787,0.0020899025,0.0029188395,0.001674376,0.47527865,0.0021971841,0.5112786
pbmc4k_CCTTTCTCATCGGAAG-1,Cytotoxic CD8 T cells,Cytotoxic CD8 T cells,Cytotoxic CD8 T cells,0.9539669,True,0.012922899,0.0023277951,0.0014898535,0.0017100764,0.9539669,0.012397059,0.010117809,0.005067555
pbmc4k_CCTTTCTTCATTGCCC-1,Naive/resting T cells,Naive/resting T cells,Naive/resting T cells,0.93922645,True,0.02576618,0.0053473418,0.0037913704,0.005518898,0.003463797,0.011519956,0.005365978,0.93922645
pbmc4k_CCTTTCTTCCACGCAG-1,IL7R+ memory/helper T cells,IL7R+ memory/helper T cells,IL7R+ memory/helper T cells,0.99821067,True,0.00011415348,0.00024594684,0.00015321879,0.00016302279,0.00023021449,0.99821067,0.00015241228,0.00073038304
pbmc4k_CCTTTCTTCGTCCGTT-1,Cytotoxic CD8 T cells,Cytotoxic CD8 T cells,Cytotoxic CD8 T cells,0.9822947,True,0.0018246665,0.0013076998,0.00081637135,0.0007383031,0.9822947,0.010133818,0.0010899905,0.0017944173
pbmc4k_CCTTTCTTCTACTCAT-1,Activated/transitional T cells,IL7R+ memory/helper T cells,IL7R+ memory/helper T cells,0.8207903,False,0.0021100324,0.0018909707,0.001063808,0.0010104933,0.0007577539,0.8207903,0.000947928,0.1714287
pbmc4k_CGAACATAGCAGCGTA-1,Classical monocytes,Classical monocytes,Classical monocytes,0.99931216,True,1.7147418e-05,0.00013205067,0.00038188486,0.99931216,1.909599e-05,5.9645816e-05,3.1798605e-05,4.618056e-05
pbmc4k_CGAACATAGCTGAAAT-1,CD16+ non-classical monocytes,CD16+ non-classical monocytes,CD16+ non-classical monocytes,0.9964604,True,0.00013473649,0.00038896195,0.9964604,0.000720449,0.00025189595,0.0013607462,0.00047720288,0.0002056511
pbmc4k_CGAACATCACAGACAG-1,Activated/transitional T cells,Naive/resting T cells,Naive/resting T cells,0.9659158,False,0.00032371856,0.0003414239,0.00019379346,0.00019465847,0.00016058046,0.032713924,0.00015603019,0.9659158
pbmc4k_CGAACATCACTCAGGC-1,B cells,B cells,B cells,0.99926335,True,4.3063978e-05,0.99926335,3.9976723e-05,5.2270116e-05,3.2270134e-05,0.00012312969,2.9715091e-05,0.0004162803
pbmc4k_CGAACATGTATTCTCT-1,Cytotoxic CD8 T cells,Cytotoxic CD8 T cells,Cytotoxic CD8 T cells,0.9825215,True,7.8961435e-05,0.00033735659,0.00022178973,0.00018288834,0.9825215,0.010167031,0.00016996064,0.006320573
pbmc4k_CGAACATTCACATGCA-1,IL7R+ memory/helper T cells,IL7R+ memory/helper T cells,IL7R+ memory/helper T cells,0.99741685,True,0.0001597087,0.00022631635,0.00024177354,0.00015488685,0.00025390284,0.99741685,0.00013764389,0.0014089212
pbmc4k_CGAATGTAGTACGATA-1,Cytotoxic CD8 T cells,Cytotoxic CD8 T cells,Cytotoxic CD8 T cells,0.9931339,True,0.0006843875,0.00030698103,0.00020781026,0.00021830376,0.9931339,0.003978427,0.0004204317,0.0010497184
pbmc4k_CGAATGTAGTACTTGC-1,Activated/transitional T cells,Naive/resting T cells,Naive/resting T cells,0.97719836,False,0.0005388818,0.0008624073,0.00055656064,0.00077706727,0.00067903945,0.018857306,0.0005303102,0.97719836
pbmc4k_CGAATGTCAACACGCC-1,Classical monocytes,Classical monocytes,Classical monocytes,0.9947142,True,5.9114256e-05,0.00075070176,0.0033977686,0.9947142,0.000105466504,0.0006340785,0.00022219904,0.00011647111
pbmc4k_CGAATGTCACCAGGTC-1,Cytotoxic CD8 T cells,IL7R+ memory/helper T cells,IL7R+ memory/helper T cells,0.9395187,False,0.0026210702,0.0019952788,0.0010360486,0.0010362501,0.04917054,0.9395187,0.0010244373,0.0035976637
pbmc4k_CGAATGTCATCACCCT-1,Classical monocytes,IL7R+ memory/helper T cells,IL7R+ memory/helper T cells,0.6231692,False,0.0049130917,0.023823256,0.18208781,0.03801083,0.0092147365,0.6231692,0.012548182,0.106232904
pbmc4k_CGAATGTGTAGAAAGG-1,Classical monocytes,Platelets,Activated/transitional T cells,0.37540016,False,0.37540016,0.026933681,0.12746613,0.054102257,0.06953165,0.2788121,0.030505544,0.037248425
pbmc4k_CGAATGTTCCACGACG-1,Classical monocytes,Classical monocytes,Classical monocytes,0.9851717,True,0.0004149939,0.0037242356,0.008348096,0.9851717,0.0005121032,0.00075642165,0.0006424622,0.00042993444
pbmc4k_CGAATGTTCTGAAAGA-1,Cytotoxic CD8 T cells,Cytotoxic CD8 T cells,Cytotoxic CD8 T cells,0.993089,True,0.0010229107,0.0005775682,0.00030322137,0.00026107827,0.993089,0.0020541858,0.0006747333,0.0020173248
pbmc4k_CGACCTTAGACCCACC-1,Cytotoxic CD8 T cells,Cytotoxic CD8 T cells,Cytotoxic CD8 T cells,0.8617694,True,0.0001542615,0.0006547735,0.0005656784,0.00022559469,0.8617694,0.106970474,0.00022235763,0.029437438
pbmc4k_CGACCTTAGTACACCT-1,Activated/transitional T cells,Naive/resting T cells,Naive/resting T cells,0.91504496,False,0.0026207003,0.0010555678,0.00054979796,0.00068783195,0.00030287085,0.07921189,0.0005263503,0.91504496
pbmc4k_CGACCTTCAGTATCTG-1,Classical monocytes,Classical monocytes,Classical monocytes,0.9986817,True,3.9698756e-05,0.00035649713,0.00013031998,0.9986817,0.000111249174,0.00019594716,6.421389e-05,0.0004202907
pbmc4k_CGACCTTCATTCTTAC-1,IL7R+ memory/helper T cells,IL7R+ memory/helper T cells,IL7R+ memory/helper T cells,0.98853743,True,0.00072816765,0.0009917209,0.00072244316,0.00069114537,0.000785767,0.98853743,0.0006807715,0.0068625286
pbmc4k_CGACCTTCATTGGGCC-1,Naive/resting T cells,Naive/resting T cells,Naive/resting T cells,0.94143355,True,0.00012018447,0.0021756652,0.00046723845,0.0004388236,0.00037011903,0.054742508,0.00025194234,0.94143355
pbmc4k_CGACCTTGTAGTAGTA-1,Cytotoxic CD8 T cells,Cytotoxic CD8 T cells,Cytotoxic CD8 T cells,0.9042381,True,0.00015375711,0.07038626,0.000413061,0.00042308317,0.9042381,0.02194236,0.00024651384,0.002196869
pbmc4k_CGACCTTGTCAGCTAT-1,NK cells,NK cells,NK cells,0.9763164,True,0.0007462433,0.0005699956,0.0037579408,0.00051247876,0.013703692,0.0038077286,0.9763164,0.00058549654
pbmc4k_CGACCTTGTTGATTGC-1,CD16+ non-classical monocytes,CD16+ non-classical monocytes,CD16+ non-classical monocytes,0.99860436,True,4.6823596e-05,0.0004987023,0.99860436,0.00025143387,8.091217e-05,0.0002578264,0.00017541784,8.4520485e-05
pbmc4k_CGACCTTTCATCACCC-1,Cytotoxic CD8 T cells,Cytotoxic CD8 T cells,Cytotoxic CD8 T cells,0.96273726,True,0.00050346064,0.0018980069,0.0004824877,0.0004883097,0.96273726,0.03243959,0.0007541226,0.00069672905
pbmc4k_CGACCTTTCATGTGGT-1,Classical monocytes,Classical monocytes,Classical monocytes,0.99976176,True,1.1369799e-05,4.520207e-05,6.7100336e-05,0.99976176,1.3241892e-05,4.709726e-05,2.3118133e-05,3.1098913e-05
pbmc4k_CGACCTTTCGGAAACG-1,Classical monocytes,Classical monocytes,Classical monocytes,0.9963515,True,3.6123398e-05,0.002754925,0.00022456123,0.9963515,6.528675e-05,0.00035450817,7.8718724e-05,0.00013432995
pbmc4k_CGACCTTTCGGAAATA-1,Classical monocytes,Classical monocytes,Classical monocytes,0.99940705,True,2.3567374e-05,0.00012804424,0.00017177816,0.99940705,4.7495487e-05,0.00012987622,5.1056977e-05,4.108554e-05
pbmc4k_CGACTTCAGAAGAAGC-1,Classical monocytes,Classical monocytes,Classical monocytes,0.9979171,True,0.00012580781,0.0003456313,0.00076881493,0.9979171,6.9726186e-05,0.0005082574,0.00015810398,0.000106591615
pbmc4k_CGACTTCCAAACGCGA-1,NK cells,NK cells,NK cells,0.8620386,True,0.009102763,0.0016182526,0.00248925,0.0016986481,0.119575895,0.0027889258,0.8620386,0.0006876238
pbmc4k_CGACTTCCAATGCCAT-1,B cells,B cells,B cells,0.99897325,True,7.5647884e-05,0.99897325,2.6527645e-05,3.6218313e-05,2.0826534e-05,5.949693e-05,2.4316476e-05,0.0007837804
pbmc4k_CGACTTCCACTTCTGC-1,B cells,B cells,B cells,0.99927026,True,2.4210027e-05,0.99927026,3.4380195e-05,3.9370654e-05,0.00028497548,0.00010648076,2.6098089e-05,0.00021425335
pbmc4k_CGACTTCCAGTAAGCG-1,Classical monocytes,Classical monocytes,Classical monocytes,0.99968183,True,0.00013923975,4.6623958e-05,4.784373e-05,0.99968183,8.136285e-06,2.1457934e-05,2.2438815e-05,3.239835e-05
pbmc4k_CGACTTCTCAGTTCGA-1,Activated/transitional T cells,Naive/resting T cells,Naive/resting T cells,0.98371685,False,0.0009263315,0.0005583615,0.00034547894,0.00044812326,0.00027912203,0.013433465,0.0002922684,0.98371685
pbmc4k_CGACTTCTCGTCCAGG-1,Classical monocytes,Classical monocytes,Classical monocytes,0.99704844,True,0.000101042446,0.00070207496,0.0007263666,0.99704844,0.00013107153,0.0009009759,0.00025613973,0.00013386742
pbmc4k_CGAGAAGAGTTGAGTA-1,Classical monocytes,Classical monocytes,Classical monocytes,0.9923316,True,0.00012560179,0.0008470145,0.0052796756,0.9923316,0.00022726049,0.00061227556,0.00037939273,0.00019718971
pbmc4k_CGAGAAGCACCATGTA-1,Classical monocytes,Classical monocytes,Classical monocytes,0.9975674,True,8.5302694e-05,0.00059590244,0.00065782765,0.9975674,0.00014202108,0.00062724634,0.00015991877,0.0001644091
pbmc4k_CGAGAAGGTACTCGCG-1,Activated/transitional T cells,IL7R+ memory/helper T cells,Naive/resting T cells,0.51173663,False,0.009740285,0.0027270739,0.0018197629,0.0024206971,0.0011468955,0.46838078,0.0020278834,0.51173663
pbmc4k_CGAGAAGGTAGAGGAA-1,Cytotoxic CD8 T cells,IL7R+ memory/helper T cells,IL7R+ memory/helper T cells,0.9204731,False,0.002259221,0.002390308,0.0017413477,0.0009043941,0.06348545,0.9204731,0.0008149916,0.007931187
pbmc4k_CGAGAAGGTGTTTGGT-1,Activated/transitional T cells,Naive/resting T cells,Naive/resting T cells,0.85602015,False,0.00044919536,0.0006577925,0.0003449963,0.00035068614,0.00020934835,0.14164887,0.00031900583,0.85602015
pbmc4k_CGAGAAGGTTCCACGG-1,Classical monocytes,Classical monocytes,Classical monocytes,0.9976484,True,9.7601944e-05,0.0004984568,0.0008429395,0.9976484,0.00014133459,0.0003984334,0.0002165751,0.00015619624
pbmc4k_CGAGAAGTCACCTCGT-1,Activated/transitional T cells,Naive/resting T cells,Naive/resting T cells,0.9569561,False,0.0024831148,0.0017961801,0.00089143217,0.0013246614,0.00071579654,0.0350055,0.0008273021,0.9569561
pbmc4k_CGAGAAGTCCGTCATC-1,Classical monocytes,Classical monocytes,Classical monocytes,0.9661106,True,0.000361559,0.000770152,0.001358891,0.9661106,0.00048052453,0.023480197,0.0005951605,0.006842901
pbmc4k_CGAGCACGTTACTGAC-1,Classical monocytes,Classical monocytes,Classical monocytes,0.99926955,True,4.1518444e-05,0.00013372379,0.00015335807,0.99926955,5.161892e-05,0.00018911422,6.715877e-05,9.392049e-05
pbmc4k_CGAGCACGTTGGTAAA-1,B cells,B cells,B cells,0.9982317,True,4.6498997e-05,0.9982317,7.65543e-05,6.929652e-05,3.935044e-05,9.256959e-05,4.1757823e-05,0.0014023255
pbmc4k_CGAGCACTCACAGTAC-1,Classical monocytes,Classical monocytes,Classical monocytes,0.99905735,True,4.67233e-05,0.00019368726,0.0002492369,0.99905735,4.782953e-05,0.00022031799,0.0001310591,5.37465e-05
pbmc4k_CGAGCACTCCACGTTC-1,Activated/transitional T cells,Naive/resting T cells,Naive/resting T cells,0.972324,False,0.0005088041,0.0008935677,0.0005667706,0.00063027086,0.00039888208,0.024189323,0.0004882973,0.972324
pbmc4k_CGAGCACTCTTTACAC-1,B cells,B cells,B cells,0.9982668,True,2.0112178e-05,0.9982668,3.0035782e-05,4.62138e-05,2.2088843e-05,0.0002148202,2.653061e-05,0.0013733658
pbmc4k_CGAGCCAAGCTACCGC-1,Naive/resting T cells,Naive/resting T cells,Naive/resting T cells,0.98102117,True,0.0003928319,0.00070924306,0.0003560358,0.00038209086,0.00048828195,0.0164236,0.00022673699,0.98102117
pbmc4k_CGAGCCAAGGTGGGTT-1,Naive/resting T cells,Naive/resting T cells,Naive/resting T cells,0.99773884,True,7.261556e-05,0.0002615957,8.398886e-05,7.571555e-05,5.4465596e-05,0.0016533278,5.940511e-05,0.99773884
pbmc4k_CGAGCCACAAGTCTAC-1,Activated/transitional T cells,IL7R+ memory/helper T cells,IL7R+ memory/helper T cells,0.8794653,False,0.0012521375,0.00482012,0.0029083334,0.0019003751,0.0030266466,0.8794653,0.001844291,0.1047828
pbmc4k_CGAGCCATCACTCTTA-1,Activated/transitional T cells,Naive/resting T cells,Naive/resting T cells,0.7583086,False,0.0005477757,0.0019956906,0.0014349979,0.0011439273,0.0008978805,0.23479536,0.0008757781,0.7583086
pbmc4k_CGAGCCATCCACGTTC-1,B cells,B cells,B cells,0.9980179,True,0.00011086236,0.9980179,7.2107534e-05,6.5579756e-05,2.3583394e-05,0.00012195523,4.5164383e-05,0.0015428206
pbmc4k_CGAGCCATCCGAGCCA-1,Classical monocytes,Classical monocytes,Classical monocytes,0.99940336,True,4.489965e-05,0.00010033071,0.000262603,0.99940336,2.2312975e-05,9.4482195e-05,5.8262216e-05,1.3776956e-05
pbmc4k_CGAGCCATCTGCAAGT-1,IL7R+ memory/helper T cells,IL7R+ memory/helper T cells,IL7R+ memory/helper T cells,0.9852283,True,0.0010035966,0.0016367454,0.0009906064,0.0011859513,0.00080623187,0.9852283,0.0007629178,0.00838564
pbmc4k_CGATCGGAGGACACCA-1,Classical monocytes,Classical monocytes,Classical monocytes,0.99739385,True,9.831787e-05,0.0007307685,0.0009434223,0.99739385,0.00011710004,0.0003999655,0.00015386478,0.0001626997
pbmc4k_CGATCGGAGGATATAC-1,Activated/transitional T cells,Naive/resting T cells,Naive/resting T cells,0.94347906,False,0.0006819876,0.0017086869,0.0009934404,0.00083435763,0.0007992039,0.05066906,0.00083417865,0.94347906
pbmc4k_CGATCGGCAAACAACA-1,IL7R+ memory/helper T cells,IL7R+ memory/helper T cells,IL7R+ memory/helper T cells,0.9934401,True,0.000108422406,0.00024464235,0.00015434551,0.00014560166,0.00536185,0.9934401,0.00019821513,0.00034687525
pbmc4k_CGATCGGCACGTAAGG-1,B cells,B cells,B cells,0.99855953,True,2.0237805e-05,0.99855953,4.7994912e-05,4.78561e-05,4.652456e-05,0.00013236789,2.6472895e-05,0.0011190281
pbmc4k_CGATCGGCAGTTCCCT-1,Cytotoxic CD8 T cells,Cytotoxic CD8 T cells,Cytotoxic CD8 T cells,0.96529925,True,0.005088133,0.000960606,0.00081332825,0.00068848336,0.96529925,0.022939786,0.00088856736,0.003321832
pbmc4k_CGATCGGCATAGAAAC-1,Classical monocytes,Classical monocytes,Classical monocytes,0.9971444,True,0.00014765465,0.0016161519,0.00028492245,0.9971444,9.611123e-05,0.00031987194,0.00013496754,0.00025587267
pbmc4k_CGATCGGGTAGTACCT-1,Activated/transitional T cells,Naive/resting T cells,Naive/resting T cells,0.94019985,False,0.0007134647,0.00079067535,0.0007042244,0.0006947805,0.00029045905,0.056164455,0.00044205028,0.94019985
pbmc4k_CGATCGGGTTCTGAAC-1,CD16+ non-classical monocytes,CD16+ non-classical monocytes,CD16+ non-classical monocytes,0.99863154,True,2.2615728e-05,0.0004232627,0.99863154,0.00036513826,0.00010071167,0.00026536625,0.00015904044,3.2342316e-05
pbmc4k_CGATCGGTCATCGCTC-1,Activated/transitional T cells,Naive/resting T cells,Naive/resting T cells,0.57714164,False,0.011941415,0.003992512,0.0026819748,0.0035557088,0.001796054,0.39591888,0.00297178,0.57714164
pbmc4k_CGATCGGTCATGTCCC-1,Classical monocytes,Classical monocytes,Classical monocytes,0.99937207,True,3.229239e-05,0.00017465295,0.000121290475,0.99937207,3.129319e-05,0.00019997935,4.6939742e-05,2.1497406e-05
pbmc4k_CGATCGGTCGCGTTTC-1,IL7R+ memory/helper T cells,IL7R+ memory/helper T cells,IL7R+ memory/helper T cells,0.9959948,True,0.00037747622,0.0002488979,0.00018362192,0.00021049666,0.00016035672,0.9959948,0.0001523114,0.0026720667
pbmc4k_CGATGGCAGCTAAACA-1,IL7R+ memory/helper T cells,IL7R+ memory/helper T cells,IL7R+ memory/helper T cells,0.9975107,True,0.00012670072,0.00032669984,0.0002746061,0.00022644323,0.00037520315,0.9975107,0.0002475197,0.0009122003
pbmc4k_CGATGGCCAAGACACG-1,Activated/transitional T cells,IL7R+ memory/helper T cells,IL7R+ memory/helper T cells,0.66701204,False,0.0021021776,0.0052354573,0.0029740985,0.0050239996,0.0022806511,0.66701204,0.0025466923,0.31282488
pbmc4k_CGATGGCCAATAACGA-1,Activated/transitional T cells,Naive/resting T cells,Naive/resting T cells,0.6154999,False,0.000828391,0.0020614404,0.0013536285,0.0010060387,0.0006124621,0.37782785,0.00081022404,0.6154999
pbmc4k_CGATGGCGTTCCTCCA-1,Cytotoxic CD8 T cells,Cytotoxic CD8 T cells,Cytotoxic CD8 T cells,0.9862986,True,0.00027806262,0.000339847,0.00020863817,0.00029287537,0.9862986,0.01175689,0.00040954904,0.00041551577
pbmc4k_CGATGGCGTTGAACTC-1,Activated/transitional T cells,IL7R+ memory/helper T cells,IL7R+ memory/helper T cells,0.5302952,False,0.011309443,0.0053383643,0.0035128223,0.005604415,0.0027777054,0.5302952,0.0032562243,0.43790585
pbmc4k_CGATGTAAGCGTTCCG-1,B cells,B cells,B cells,0.99860257,True,5.6996356e-05,0.99860257,7.5381635e-05,9.206235e-05,7.401659e-05,0.00023973099,9.631312e-05,0.0007629548
pbmc4k_CGATGTAAGTTCGCGC-1,CD16+ non-classical monocytes,CD16+ non-classical monocytes,CD16+ non-classical monocytes,0.9989507,True,1.6690223e-05,0.00045155603,0.9989507,0.00010791409,5.3292657e-05,0.00027369615,0.00012785172,1.8225566e-05
pbmc4k_CGATGTACACTTCTGC-1,Cytotoxic CD8 T cells,IL7R+ memory/helper T cells,IL7R+ memory/helper T cells,0.6714411,False,0.0033153864,0.0023329237,0.002080302,0.0018639811,0.17709829,0.6714411,0.0015591118,0.1403089
pbmc4k_CGATGTACAGCCTATA-1,IL7R+ memory/helper T cells,IL7R+ memory/helper T cells,IL7R+ memory/helper T cells,0.9213073,True,0.0015751325,0.0065090633,0.0041092257,0.0051127314,0.0040687136,0.9213073,0.0032987774,0.054019004
pbmc4k_CGATGTAGTAGAGCTG-1,B cells,B cells,B cells,0.9994018,True,8.8043686e-05,0.9994018,4.1686377e-05,6.366576e-05,2.2697715e-05,0.00016753197,4.2998534e-05,0.00017150978
pbmc4k_CGATGTAGTGGGTCAA-1,Cytotoxic CD8 T cells,Cytotoxic CD8 T cells,Cytotoxic CD8 T cells,0.99111825,True,0.00040342304,0.00021021809,0.00015028038,0.00012677223,0.99111825,0.0072288117,0.00018614293,0.00057602697
pbmc4k_CGATGTAGTGTCGCTG-1,Naive/resting T cells,Naive/resting T cells,Naive/resting T cells,0.9766679,True,0.0012622873,0.0014231527,0.0007995179,0.0010971085,0.0008665659,0.017224692,0.0006588746,0.9766679
pbmc4k_CGATGTATCGGACAAG-1,Activated/transitional T cells,Naive/resting T cells,Naive/resting T cells,0.5650994,False,0.35618955,0.0093437275,0.006762696,0.00905842,0.0039387457,0.039802447,0.009805015,0.5650994
pbmc4k_CGATGTATCGGATGGA-1,Classical monocytes,Classical monocytes,Classical monocytes,0.99929106,True,1.3326395e-05,0.00012279888,0.00035994532,0.99929106,4.7769783e-05,0.00010002349,4.6153564e-05,1.8944944e-05
pbmc4k_CGATGTATCGGCGCTA-1,Classical monocytes,Classical monocytes,Classical monocytes,0.98932076,True,8.3598214e-05,0.0011585479,0.0079137655,0.98932076,0.00019829001,0.0008313173,0.00026566113,0.00022807853
pbmc4k_CGATGTATCGTACCGG-1,Cytotoxic CD8 T cells,Cytotoxic CD8 T cells,Cytotoxic CD8 T cells,0.51680607,True,0.003040881,0.011810053,0.0074305926,0.0054432168,0.51680607,0.42975017,0.010022813,0.015696218
pbmc4k_CGATTGAAGGCTAGCA-1,Activated/transitional T cells,Naive/resting T cells,Naive/resting T cells,0.98566425,False,0.00095352577,0.0011174552,0.0006898779,0.0010161677,0.00063763524,0.009262779,0.0006583492,0.98566425
pbmc4k_CGATTGAAGTACTTGC-1,B cells,B cells,Cytotoxic CD8 T cells,0.61037433,False,0.00022512533,0.38527024,0.00024634364,0.00016535804,0.61037433,0.002428787,0.00014952451,0.0011402863
pbmc4k_CGATTGACAAGAGGCT-1,Activated/transitional T cells,Naive/resting T cells,Naive/resting T cells,0.90846807,False,0.00054439035,0.0014412279,0.0007589391,0.0010866516,0.00090251607,0.08597955,0.0008186581,0.90846807
pbmc4k_CGATTGACAGCATGAG-1,Classical monocytes,Classical monocytes,Classical monocytes,0.99734396,True,6.6076114e-05,0.0008198495,0.00081863574,0.99734396,0.00012244092,0.00057353615,0.00018558529,6.997556e-05
pbmc4k_CGATTGACATGCATGT-1,Activated/transitional T cells,Naive/resting T cells,Naive/resting T cells,0.9940352,False,0.001153895,0.0007089822,0.00031476814,0.00064324524,0.00033961987,0.0024868683,0.00031751444,0.9940352
pbmc4k_CGATTGAGTACTTCTT-1,Classical monocytes,Classical monocytes,Classical monocytes,0.9988142,True,2.5926778e-05,0.00011654524,0.00087072974,0.9988142,2.5653722e-05,6.834315e-05,5.688792e-05,2.1678114e-05
pbmc4k_CGATTGAGTAGATTAG-1,Classical monocytes,Classical monocytes,Classical monocytes,0.9993812,True,3.659049e-05,0.00013127286,0.00020489939,0.9993812,2.7191953e-05,0.00012813133,4.6108406e-05,4.4630513e-05
pbmc4k_CGATTGATCAAACAAG-1,IL7R+ memory/helper T cells,IL7R+ memory/helper T cells,IL7R+ memory/helper T cells,0.9916786,True,6.60788e-05,0.00032517157,0.00016385305,0.00020141264,0.0001646832,0.9916786,0.0001238276,0.007276392
pbmc4k_CGATTGATCAGGTTCA-1,Activated/transitional T cells,Naive/resting T cells,Naive/resting T cells,0.92185867,False,0.00027471737,0.00048134322,0.000309969,0.00038643758,0.00033622823,0.07611229,0.00024037581,0.92185867
pbmc4k_CGCCAAGCATCTCCCA-1,Cytotoxic CD8 T cells,Cytotoxic CD8 T cells,Cytotoxic CD8 T cells,0.98713636,True,0.00011338467,0.00019879067,0.00013628976,0.0001161868,0.98713636,0.011943774,0.00016472029,0.00019048683
pbmc4k_CGCCAAGGTCGGGTCT-1,Activated/transitional T cells,Naive/resting T cells,Naive/resting T cells,0.9712814,False,0.0013226077,0.0016487706,0.00079396425,0.0011282464,0.0006129818,0.02252876,0.0006832784,0.9712814
pbmc4k_CGCCAAGGTCTACCTC-1,Cytotoxic CD8 T cells,Cytotoxic CD8 T cells,Cytotoxic CD8 T cells,0.9926657,True,0.00048250682,0.0003300049,0.00023175671,0.00020169427,0.9926657,0.005026441,0.00022034172,0.000841512
pbmc4k_CGCCAAGTCATGCATG-1,Classical monocytes,Classical monocytes,Classical monocytes,0.9988846,True,8.3092855e-05,0.00016887013,0.00048282015,0.9988846,6.153315e-05,0.00017279104,0.00011333577,3.2899403e-05
pbmc4k_CGCCAAGTCCCTGACT-1,Cytotoxic CD8 T cells,Cytotoxic CD8 T cells,Cytotoxic CD8 T cells,0.97890925,True,0.0007329255,0.0012727089,0.0015138806,0.00088674936,0.97890925,0.0129803615,0.0014456534,0.002258434
pbmc4k_CGCCAAGTCGCTTGTC-1,Activated/transitional T cells,Naive/resting T cells,Naive/resting T cells,0.8990191,False,0.001519265,0.0007598452,0.0008788547,0.0007619786,0.00043789853,0.09607571,0.00054731994,0.8990191
pbmc4k_CGCGGTAAGCCAGTTT-1,B cells,B cells,B cells,0.9786703,True,0.00026324717,0.9786703,0.0001152533,0.00015753304,8.405424e-05,0.00034234737,0.00010828181,0.020258976
pbmc4k_CGCGGTAAGGGAACGG-1,Classical monocytes,Classical monocytes,Classical monocytes,0.9924583,True,0.00013928341,0.0011763527,0.0045067295,0.9924583,0.00020378258,0.0009885102,0.0003429345,0.00018413979
pbmc4k_CGCGGTACAAACGTGG-1,NK cells,NK cells,NK cells,0.9814445,True,0.001000095,0.00097620615,0.002548779,0.0006946556,0.011152374,0.0018259651,0.9814445,0.00035746518
pbmc4k_CGCGGTACAAGGTGTG-1,IL7R+ memory/helper T cells,IL7R+ memory/helper T cells,IL7R+ memory/helper T cells,0.9984143,True,0.0001092854,0.00012327147,0.00010880827,9.233346e-05,0.00012280447,0.9984143,7.975599e-05,0.00094947126
pbmc4k_CGCGGTACAGGTCCAC-1,B cells,B cells,B cells,0.9981345,True,8.0102065e-05,0.9981345,7.063443e-05,6.2382e-05,4.5847868e-05,0.00026409127,4.8850994e-05,0.0012935507
pbmc4k_CGCGGTACATGCATGT-1,Classical monocytes,Classical monocytes,Classical monocytes,0.9967007,True,5.2376476e-05,0.0004714818,0.0016973895,0.9967007,0.00013264125,0.000596284,0.00018343217,0.00016572853
pbmc4k_CGCGGTAGTAAGAGGA-1,IL7R+ memory/helper T cells,IL7R+ memory/helper T cells,Naive/resting T cells,0.41524568,False,0.14347467,0.008358821,0.0068510408,0.00870152,0.008911813,0.40197745,0.006479032,0.41524568
pbmc4k_CGCGGTAGTAGGGTAC-1,Cytotoxic CD8 T cells,Cytotoxic CD8 T cells,Cytotoxic CD8 T cells,0.9857643,True,0.0003312998,0.0007190561,0.00044010952,0.00032171275,0.9857643,0.011322205,0.00028255832,0.00081870507
pbmc4k_CGCGGTAGTCTCTCTG-1,Classical monocytes,Classical monocytes,Classical monocytes,0.9979292,True,2.1324133e-05,0.0005244731,0.0012205656,0.9979292,4.070867e-05,0.00013782392,8.896884e-05,3.6971902e-05
pbmc4k_CGCGGTAGTGATAAGT-1,Classical monocytes,Classical monocytes,Classical monocytes,0.9994916,True,2.8298782e-05,9.1181515e-05,8.750946e-05,0.9994916,1.8815563e-05,0.00018969475,3.54662e-05,5.7481968e-05
pbmc4k_CGCGGTAGTTGGTAAA-1,Activated/transitional T cells,IL7R+ memory/helper T cells,IL7R+ memory/helper T cells,0.72420317,False,0.00034108548,0.0014202606,0.0009143111,0.000790792,0.0004951936,0.72420317,0.0009077644,0.27092743
pbmc4k_CGCGGTAGTTGGTGGA-1,CD16+ non-classical monocytes,CD16+ non-classical monocytes,CD16+ non-classical monocytes,0.9935302,True,3.6540867e-05,0.0028913307,0.9935302,0.0025355502,0.00021906964,0.00041379544,0.00021927134,0.0001542209
pbmc4k_CGCGGTATCAACTCTT-1,Activated/transitional T cells,Naive/resting T cells,Naive/resting T cells,0.9954406,False,0.0015116545,0.0003089658,0.00022495711,0.0003342844,0.00012307416,0.0018698494,0.0001866022,0.9954406
pbmc4k_CGCGGTATCGCACTCT-1,B cells,B cells,B cells,0.999524,True,1.9422461e-05,0.999524,4.9719838e-05,6.142193e-05,3.539754e-05,8.187759e-05,5.1041043e-05,0.00017707786
pbmc4k_CGCGGTATCGGATGGA-1,B cells,B cells,B cells,0.9988644,True,7.5758326e-05,0.9988644,3.645092e-05,6.3390275e-05,2.1240534e-05,5.7754503e-05,4.2245476e-05,0.000838731
pbmc4k_CGCGGTATCGGTGTTA-1,Classical monocytes,Classical monocytes,Classical monocytes,0.9977043,True,2.765414e-05,0.0007632808,0.0009398812,0.9977043,6.200122e-05,0.00036396712,8.162937e-05,5.7334215e-05
pbmc4k_CGCGGTATCGTACGGC-1,Classical monocytes,Classical monocytes,Classical monocytes,0.9993438,True,1.6633696e-05,9.0274225e-05,0.00034241873,0.9993438,3.511223e-05,7.3002484e-05,7.8963494e-05,1.9732177e-05
pbmc4k_CGCGGTATCTTGAGGT-1,Classical monocytes,Classical monocytes,Classical monocytes,0.9986745,True,2.591974e-05,0.00024104425,0.00069131074,0.9986745,4.1233016e-05,0.00022037474,6.71643e-05,3.8419137e-05
pbmc4k_CGCGTTTAGCAGCGTA-1,Cytotoxic CD8 T cells,Naive/resting T cells,Naive/resting T cells,0.53464645,False,0.03227311,0.0103860805,0.0082275495,0.013354962,0.1303672,0.26428148,0.0064631356,0.53464645
pbmc4k_CGCGTTTAGCCCAACC-1,Classical monocytes,Classical monocytes,Classical monocytes,0.9996772,True,1.1063533e-05,5.7854217e-05,0.00011732145,0.9996772,2.1254029e-05,5.4836895e-05,3.1441927e-05,2.9057517e-05
pbmc4k_CGCGTTTAGCTAGTCT-1,NK cells,NK cells,NK cells,0.9969125,True,3.557171e-05,8.919415e-05,9.4668656e-05,4.8906488e-05,0.0015855113,0.0012182342,0.9969125,1.5397507e-05
pbmc4k_CGCGTTTCAAAGAATC-1,IL7R+ memory/helper T cells,IL7R+ memory/helper T cells,IL7R+ memory/helper T cells,0.993916,True,0.00023345789,0.00052222295,0.00042414415,0.00035485273,0.00030608926,0.993916,0.00035627047,0.0038869705
pbmc4k_CGCGTTTGTACTCTCC-1,NK cells,NK cells,NK cells,0.99333376,True,0.0011088472,0.00025324183,0.0008123246,0.0001701272,0.0037734383,0.00039281935,0.99333376,0.00015541338
pbmc4k_CGCGTTTGTAGATTAG-1,IL7R+ memory/helper T cells,IL7R+ memory/helper T cells,IL7R+ memory/helper T cells,0.47637612,True,0.00084390567,0.0020498482,0.0011272333,0.0010419199,0.323007,0.47637612,0.00057735667,0.19497669
pbmc4k_CGCGTTTTCCTCATTA-1,IL7R+ memory/helper T cells,IL7R+ memory/helper T cells,IL7R+ memory/helper T cells,0.8102169,True,0.0013719765,0.0029032335,0.001964219,0.0023571334,0.0014066446,0.8102169,0.0016498303,0.17813012
pbmc4k_CGCGTTTTCTGCTTGC-1,CD16+ non-classical monocytes,CD16+ non-classical monocytes,CD16+ non-classical monocytes,0.9993216,True,1.37542065e-05,0.00015667948,0.9993216,0.00014788295,4.614428e-05,0.00019034617,0.00010615041,1.7528128e-05
pbmc4k_CGCTATCAGACTTGAA-1,Naive/resting T cells,Naive/resting T cells,Naive/resting T cells,0.9976872,True,0.00033708764,0.00024188175,0.00012243565,0.00015692977,0.000103075596,0.0012666266,8.474693e-05,0.9976872
pbmc4k_CGCTATCCACGTGAGA-1,Activated/transitional T cells,Naive/resting T cells,Naive/resting T cells,0.7348567,False,0.0007485715,0.0019182913,0.00089381915,0.0011610711,0.00082615815,0.25873873,0.0008566142,0.7348567
pbmc4k_CGCTATCCAGGTGCCT-1,Activated/transitional T cells,Naive/resting T cells,Naive/resting T cells,0.975578,False,0.00036369206,0.001284763,0.0005190937,0.0005715972,0.0003432353,0.020900955,0.0004386418,0.975578
pbmc4k_CGCTATCGTTCGTCTC-1,Activated/transitional T cells,Naive/resting T cells,Naive/resting T cells,0.95835984,False,0.0004083084,0.0007813766,0.00056597096,0.0005208229,0.00048204823,0.03838761,0.0004940574,0.95835984
pbmc4k_CGCTGGAGTTGATTGC-1,Classical monocytes,Classical monocytes,Classical monocytes,0.999613,True,5.9813832e-05,6.86115e-05,0.00012928255,0.999613,1.9586172e-05,2.9463406e-05,5.595941e-05,2.438008e-05
pbmc4k_CGCTTCAAGACTAAGT-1,IL7R+ memory/helper T cells,IL7R+ memory/helper T cells,IL7R+ memory/helper T cells,0.9984907,True,0.000105700055,0.00021552983,0.0001937281,0.00015866263,0.00016343783,0.9984907,0.00013272103,0.00053954165
pbmc4k_CGCTTCAAGCTCTCGG-1,Classical monocytes,Classical monocytes,Classical monocytes,0.4978276,True,0.0010557987,0.0034088248,0.47676232,0.4978276,0.0015803789,0.014408037,0.0027901344,0.002166912
pbmc4k_CGCTTCAAGTGACTCT-1,B cells,B cells,B cells,0.9992874,True,2.2135793e-05,0.9992874,6.0446593e-05,6.243631e-05,2.00076e-05,0.00035508824,3.791478e-05,0.00015452987
pbmc4k_CGCTTCAGTTATGCGT-1,Activated/transitional T cells,B cells,B cells,0.3638637,False,0.03117209,0.3638637,0.01427435,0.0119091,0.019610638,0.2834377,0.014524334,0.26120812
pbmc4k_CGCTTCAGTTTGTTGG-1,Activated/transitional T cells,IL7R+ memory/helper T cells,IL7R+ memory/helper T cells,0.5019066,False,0.0011660159,0.0033553825,0.0021148867,0.0018910989,0.0013497351,0.5019066,0.0015705326,0.4866458
pbmc4k_CGCTTCATCAACGGCC-1,B cells,B cells,B cells,0.99898165,True,0.00013640246,0.99898165,4.077252e-05,5.846735e-05,3.2561664e-05,0.0001135699,3.9626997e-05,0.0005968631
pbmc4k_CGCTTCATCATGCATG-1,Classical monocytes,Classical monocytes,Classical monocytes,0.99576306,True,6.707108e-05,0.0003328272,0.0032104792,0.99576306,0.0002294241,0.00016335565,0.00013560533,9.8096854e-05
pbmc4k_CGGACACAGACGCAAC-1,Classical monocytes,Classical monocytes,Classical monocytes,0.99967015,True,1.3131989e-05,5.011364e-05,0.00013562477,0.99967015,1.9616438e-05,5.8688205e-05,3.484793e-05,1.7802995e-05
pbmc4k_CGGACACAGCGCCTCA-1,Classical monocytes,Classical monocytes,Classical monocytes,0.99898297,True,0.00030412755,0.00010750463,0.0002455306,0.99898297,7.645572e-05,0.00010035233,9.0965535e-05,9.2060814e-05
pbmc4k_CGGACACAGGTGCTAG-1,Activated/transitional T cells,IL7R+ memory/helper T cells,IL7R+ memory/helper T cells,0.5257704,False,0.003517531,0.0038178978,0.0028409734,0.002496578,0.0020149574,0.5257704,0.0025245438,0.4570171
pbmc4k_CGGACACAGTGCGATG-1,Activated/transitional T cells,Naive/resting T cells,Naive/resting T cells,0.93279433,False,0.00014817808,0.00044332785,0.00021400205,0.00021840526,0.00022914424,0.06576619,0.00018640154,0.93279433
pbmc4k_CGGACACGTAATCGTC-1,Classical monocytes,Classical monocytes,Classical monocytes,0.98751694,True,2.5201389e-05,0.011306561,0.00012530759,0.98751694,0.00013629967,0.00052579615,6.7797875e-05,0.0002961131
pbmc4k_CGGACACGTCTAACGT-1,Activated/transitional T cells,Naive/resting T cells,Naive/resting T cells,0.9489644,False,0.0004324554,0.0013896227,0.00043419062,0.0004965318,0.00043706468,0.047545176,0.00030060794,0.9489644
pbmc4k_CGGACACTCGGTCCGA-1,IL7R+ memory/helper T cells,IL7R+ memory/helper T cells,IL7R+ memory/helper T cells,0.8257362,True,0.00072271505,0.0022982035,0.0019475892,0.0017190347,0.001079107,0.8257362,0.0009948664,0.16550224
pbmc4k_CGGACACTCTGCTTGC-1,Cytotoxic CD8 T cells,Cytotoxic CD8 T cells,Cytotoxic CD8 T cells,0.8721953,True,0.0013851279,0.0034074094,0.0023761727,0.002320365,0.8721953,0.099918656,0.002566806,0.015830165
pbmc4k_CGGACGTAGACTCGGA-1,Activated/transitional T cells,Naive/resting T cells,Naive/resting T cells,0.5913053,False,0.0027324853,0.0026270335,0.0017960556,0.0016365831,0.004929683,0.39340135,0.001571493,0.5913053
pbmc4k_CGGACGTAGAGCTATA-1,Classical monocytes,Classical monocytes,Classical monocytes,0.90630466,True,0.00038732105,0.0038263232,0.020682245,0.90630466,0.0008226895,0.06360243,0.0015242163,0.0028501824
pbmc4k_CGGACGTAGGAGCGAG-1,Activated/transitional T cells,Naive/resting T cells,Naive/resting T cells,0.83474743,False,0.0021700205,0.013493034,0.004847838,0.0077904128,0.0034546496,0.12867627,0.0048203804,0.83474743
pbmc4k_CGGACGTAGGGTATCG-1,Cytotoxic CD8 T cells,IL7R+ memory/helper T cells,IL7R+ memory/helper T cells,0.65557796,False,0.0014879561,0.0030478106,0.0017948041,0.0017575733,0.31343544,0.65557796,0.001839188,0.021059295
pbmc4k_CGGACGTCACATCCAA-1,Cytotoxic CD8 T cells,Cytotoxic CD8 T cells,Cytotoxic CD8 T cells,0.9573037,True,0.001878728,0.0007980585,0.00033920526,0.0003362024,0.9573037,0.03795973,0.00041522662,0.0009691853
pbmc4k_CGGACGTCAGGCGATA-1,Cytotoxic CD8 T cells,IL7R+ memory/helper T cells,IL7R+ memory/helper T cells,0.7947367,False,0.0335389,0.0087704165,0.006770657,0.0072915293,0.075788684,0.7947367,0.00634671,0.06675645
pbmc4k_CGGACGTCAGGGAGAG-1,Classical monocytes,Classical monocytes,Classical monocytes,0.9975141,True,5.590831e-05,0.00056028593,0.0010759912,0.9975141,9.456385e-05,0.00039949868,0.000178494,0.00012112677
pbmc4k_CGGACGTGTCTTTCAT-1,CD16+ non-classical monocytes,CD16+ non-classical monocytes,CD16+ non-classical monocytes,0.9986858,True,2.9561097e-05,0.0004913383,0.9986858,0.00028461794,6.564498e-05,0.00028486262,0.00013289312,2.5271687e-05
pbmc4k_CGGACTGAGATGTGTA-1,Activated/transitional T cells,Naive/resting T cells,Naive/resting T cells,0.59515667,False,0.001962315,0.0011747779,0.00065474684,0.0007193917,0.0006363957,0.39904517,0.00065051956,0.59515667
pbmc4k_CGGACTGAGTTAGGTA-1,B cells,B cells,B cells,0.99902487,True,2.3966624e-05,0.99902487,7.996147e-05,3.7001762e-05,3.4274926e-05,0.00018621427,3.1470263e-05,0.00058228214
pbmc4k_CGGACTGCACCATCCT-1,CD16+ non-classical monocytes,Classical monocytes,Classical monocytes,0.73521215,False,0.0011777862,0.13585429,0.10377597,0.73521215,0.009460931,0.009255291,0.0029764548,0.0022871515
pbmc4k_CGGACTGGTGGAAAGA-1,Classical monocytes,Classical monocytes,Classical monocytes,0.9996377,True,1.6851134e-05,4.1765983e-05,0.00011304198,0.9996377,1.8767809e-05,3.2491324e-05,3.4664437e-05,0.00010462953
pbmc4k_CGGACTGGTGTTCGAT-1,Activated/transitional T cells,Naive/resting T cells,Naive/resting T cells,0.99851507,False,0.0003063757,9.596179e-05,7.186795e-05,9.9942095e-05,3.9342063e-05,0.00081225816,5.9184767e-05,0.99851507
pbmc4k_CGGACTGTCAAACCGT-1,Activated/transitional T cells,Naive/resting T cells,IL7R+ memory/helper T cells,0.58128995,False,0.00092513376,0.0032483444,0.0021600865,0.001996959,0.002101409,0.58128995,0.0017749623,0.40650317
pbmc4k_CGGACTGTCAGTTCGA-1,Cytotoxic CD8 T cells,Cytotoxic CD8 T cells,Cytotoxic CD8 T cells,0.952393,True,0.0029203205,0.0010822115,0.00090399093,0.00060719764,0.952393,0.030380797,0.010923363,0.000789158
pbmc4k_CGGACTGTCGGATGGA-1,CD16+ non-classical monocytes,CD16+ non-classical monocytes,CD16+ non-classical monocytes,0.9966215,True,7.043238e-05,0.0017104587,0.9966215,0.00042737596,0.00033454326,0.00041172843,0.00030546996,0.000118461816
pbmc4k_CGGACTGTCGGCGGTT-1,NK cells,NK cells,NK cells,0.95630693,True,0.0004443507,0.002058823,0.009872488,0.0011912248,0.01624584,0.012989201,0.95630693,0.0008911435
pbmc4k_CGGACTGTCTTTACAC-1,Activated/transitional T cells,Naive/resting T cells,Naive/resting T cells,0.99891806,False,4.9579692e-05,5.9655624e-05,3.5740042e-05,4.7407008e-05,1.956095e-05,0.0008423802,2.7642269e-05,0.99891806
pbmc4k_CGGAGCTAGATGCCAG-1,Cytotoxic CD8 T cells,Cytotoxic CD8 T cells,Cytotoxic CD8 T cells,0.57640785,True,0.13239095,0.016454406,0.012236636,0.012190866,0.57640785,0.15905616,0.045691483,0.045571648
pbmc4k_CGGAGCTAGCTGCCCA-1,Classical monocytes,Classical monocytes,Classical monocytes,0.99753076,True,2.9621166e-05,0.0004958703,0.001587563,0.99753076,4.6634686e-05,0.00017247014,8.522849e-05,5.1878204e-05
pbmc4k_CGGAGCTCAAGGTTCT-1,IL7R+ memory/helper T cells,IL7R+ memory/helper T cells,IL7R+ memory/helper T cells,0.9703715,True,0.010381407,0.0042292625,0.0021758184,0.0023799292,0.0024901137,0.9703715,0.0032408223,0.0047311746
pbmc4k_CGGAGCTGTCAAAGAT-1,Activated/transitional T cells,Naive/resting T cells,Naive/resting T cells,0.8365777,False,0.00027714067,0.0008199071,0.0003326224,0.00032459636,0.0003487539,0.16107334,0.000245919,0.8365777
pbmc4k_CGGAGCTGTCCAAGTT-1,Activated/transitional T cells,Naive/resting T cells,Naive/resting T cells,0.9947855,False,0.0003333781,0.0003171961,0.00018335471,0.00023283575,0.00012177629,0.0038686532,0.00015738477,0.9947855
pbmc4k_CGGAGCTGTCTAGCCG-1,Naive/resting T cells,Naive/resting T cells,Naive/resting T cells,0.97543406,True,0.0011250129,0.0017845315,0.00070222403,0.0009950384,0.0005041946,0.01881183,0.0006430709,0.97543406
pbmc4k_CGGAGCTTCGCAGGCT-1,Activated/transitional T cells,Naive/resting T cells,Naive/resting T cells,0.9825246,False,0.00047617403,0.0007290022,0.0005108319,0.00060704775,0.00029339196,0.014501127,0.00035784047,0.9825246
pbmc4k_CGGAGCTTCTACCTGC-1,Naive/resting T cells,Naive/resting T cells,Naive/resting T cells,0.9698127,True,0.00045414423,0.000918423,0.00023045712,0.00029582705,0.0003733838,0.027728671,0.00018641677,0.9698127
pbmc4k_CGGAGCTTCTTAACCT-1,B cells,B cells,B cells,0.99888366,True,4.2611427e-05,0.99888366,4.107162e-05,5.5468554e-05,2.474781e-05,0.0001916879,4.1577718e-05,0.00071917695
pbmc4k_CGGAGTCAGACAGAGA-1,IL7R+ memory/helper T cells,IL7R+ memory/helper T cells,IL7R+ memory/helper T cells,0.9401278,True,0.0018919525,0.001920138,0.0010725128,0.0010197897,0.0033620102,0.9401278,0.0009641548,0.049641598
pbmc4k_CGGAGTCCATCTCCCA-1,B cells,B cells,B cells,0.972553,True,0.00042532306,0.972553,0.00032805136,0.00047938255,0.00017764444,0.00048862357,0.00027526656,0.02527277
pbmc4k_CGGAGTCGTCGAATCT-1,Cytotoxic CD8 T cells,Cytotoxic CD8 T cells,Cytotoxic CD8 T cells,0.92081386,True,0.00071475987,0.0018049845,0.004720906,0.0012150704,0.92081386,0.06487925,0.005237041,0.0006140884
pbmc4k_CGGAGTCGTTGATTCG-1,B cells,B cells,B cells,0.99208117,True,0.00040899956,0.99208117,0.00040748896,0.00050262804,0.00025096003,0.00027951205,0.0003140691,0.00575514
pbmc4k_CGGAGTCTCTTTAGTC-1,Naive/resting T cells,Naive/resting T cells,Naive/resting T cells,0.75996697,True,0.0006382348,0.0010078627,0.00064630766,0.0004999306,0.0003503865,0.23648776,0.00040252195,0.75996697
pbmc4k_CGGCTAGAGAGCCTAG-1,B cells,B cells,B cells,0.9994742,True,1.862315e-05,0.9994742,5.1602517e-05,5.7445126e-05,3.0572955e-05,0.00020989463,4.000652e-05,0.000117666124
pbmc4k_CGGCTAGAGCTTCGCG-1,Activated/transitional T cells,Naive/resting T cells,IL7R+ memory/helper T cells,0.54354995,False,0.0007133251,0.0010793675,0.0007484835,0.00092536863,0.0005260015,0.54354995,0.0005284436,0.4519291
pbmc4k_CGGCTAGCACATCCGG-1,Classical monocytes,Classical monocytes,Classical monocytes,0.9996486,True,9.459446e-05,4.237172e-05,4.709718e-05,0.9996486,2.6592683e-05,8.4431864e-05,3.8554546e-05,1.7810338e-05
pbmc4k_CGGCTAGCAGATAATG-1,Activated/transitional T cells,Naive/resting T cells,Naive/resting T cells,0.91551536,False,0.00025435345,0.0005681618,0.00033526006,0.00043635236,0.00044451395,0.08216959,0.00027642556,0.91551536
pbmc4k_CGGCTAGCAGGAACGT-1,NK cells,NK cells,NK cells,0.9343402,True,0.026799385,0.0016063314,0.0020542745,0.0018501073,0.030373504,0.0013043215,0.9343402,0.0016718535
pbmc4k_CGGCTAGGTATGAATG-1,Cytotoxic CD8 T cells,Cytotoxic CD8 T cells,Cytotoxic CD8 T cells,0.9968746,True,0.00010841277,0.00020863317,0.00010781682,9.566408e-05,0.9968746,0.0021685958,0.0002482123,0.0001881121
pbmc4k_CGGCTAGGTCTCACCT-1,NK cells,NK cells,NK cells,0.9984297,True,7.499725e-05,8.7274806e-05,0.0001649772,5.797439e-05,0.00096599344,0.00020265969,0.9984297,1.6396169e-05
pbmc4k_CGGCTAGGTTCGCTAA-1,Activated/transitional T cells,Naive/resting T cells,Naive/resting T cells,0.93449026,False,0.00013438652,0.0003438212,0.00019334428,0.00024211546,0.0005822895,0.06385897,0.0001547464,0.93449026
pbmc4k_CGGCTAGGTTTCCACC-1,Classical monocytes,Classical monocytes,Classical monocytes,0.9957443,True,0.00037724886,0.0009318238,0.0017143571,0.9957443,0.0002498254,0.0004836696,0.00032392645,0.00017480872
pbmc4k_CGGCTAGTCTACCTGC-1,IL7R+ memory/helper T cells,IL7R+ memory/helper T cells,IL7R+ memory/helper T cells,0.9710571,True,0.0002990447,0.0011396077,0.00075531827,0.0005478674,0.016319863,0.9710571,0.0007848197,0.009096352
pbmc4k_CGGGTCAAGAACAATC-1,NK cells,Cytotoxic CD8 T cells,Cytotoxic CD8 T cells,0.84755915,False,0.0174623,0.0021686452,0.0022321243,0.0020218007,0.84755915,0.0027937873,0.11948065,0.00628159
pbmc4k_CGGGTCAAGCCACGCT-1,Classical monocytes,Classical monocytes,Classical monocytes,0.9984347,True,6.891725e-05,0.0002925336,0.0006177358,0.9984347,8.464833e-05,0.00027588205,8.7093315e-05,0.00013847965
pbmc4k_CGGGTCAAGCGAGAAA-1,Activated/transitional T cells,IL7R+ memory/helper T cells,IL7R+ memory/helper T cells,0.69216037,False,0.0017706744,0.002033099,0.0015447801,0.0012664979,0.00198392,0.69216037,0.0013103053,0.29793033
pbmc4k_CGGGTCAAGGACAGAA-1,Activated/transitional T cells,Naive/resting T cells,Naive/resting T cells,0.95951295,False,0.00053496304,0.0007304359,0.00036424852,0.0004042274,0.00027758096,0.037835475,0.00034019598,0.95951295
pbmc4k_CGGGTCAGTCAACTGT-1,B cells,B cells,B cells,0.9990007,True,1.801707e-05,0.9990007,3.378942e-05,4.5777288e-05,2.8826173e-05,0.00017452896,2.6828338e-05,0.0006714621
pbmc4k_CGGGTCAGTGTGACGA-1,Activated/transitional T cells,IL7R+ memory/helper T cells,IL7R+ memory/helper T cells,0.7714493,False,0.00050644216,0.00082250184,0.0006471449,0.00062623614,0.0012100819,0.7714493,0.0005213267,0.22421691
pbmc4k_CGGGTCAGTTACGACT-1,Activated/transitional T cells,Naive/resting T cells,Naive/resting T cells,0.9892218,False,0.007148354,0.00092701253,0.0003471877,0.00056794554,0.00047069654,0.0010176658,0.00029926712,0.9892218
pbmc4k_CGGGTCATCGCCTGTT-1,Classical monocytes,Classical monocytes,Classical monocytes,0.9997222,True,1.3076559e-05,9.545493e-05,5.640737e-05,0.9997222,1.8013687e-05,4.4194796e-05,2.2086411e-05,2.8537435e-05
pbmc4k_CGGTTAAAGAGTTGGC-1,CD16+ non-classical monocytes,CD16+ non-classical monocytes,CD16+ non-classical monocytes,0.99818546,True,3.1068954e-05,0.0008218256,0.99818546,0.00023860924,8.7086686e-05,0.000403327,0.0002154771,1.7076352e-05
pbmc4k_CGGTTAAAGTTTCCTT-1,Classical monocytes,Classical monocytes,Classical monocytes,0.99764544,True,6.4157786e-05,0.00025696788,0.0015243128,0.99764544,0.00012307768,0.00017268832,0.00013615818,7.713316e-05
pbmc4k_CGGTTAACAACGATCT-1,Cytotoxic CD8 T cells,Cytotoxic CD8 T cells,Cytotoxic CD8 T cells,0.9671405,True,0.00044052143,0.0009099751,0.0010425203,0.0006303048,0.9671405,0.02678734,0.0025133893,0.00053543644
pbmc4k_CGGTTAACAAGTCTAC-1,NK cells,NK cells,NK cells,0.99903774,True,4.516533e-05,4.1205585e-05,0.00013032864,3.5914247e-05,0.00045951674,0.00023710888,0.99903774,1.3072517e-05
pbmc4k_CGGTTAAGTAAGCACG-1,B cells,B cells,B cells,0.99951386,True,3.0380825e-05,0.99951386,3.6433074e-05,0.0001388344,2.2638667e-05,7.463486e-05,3.036443e-05,0.00015280089
pbmc4k_CGGTTAAGTGATGCCC-1,Naive/resting T cells,Naive/resting T cells,Naive/resting T cells,0.53548056,True,0.014636902,0.008547877,0.005648379,0.0070063174,0.0063694185,0.4160411,0.006269456,0.53548056
pbmc4k_CGGTTAATCCGTAGGC-1,Activated/transitional T cells,Naive/resting T cells,Naive/resting T cells,0.9967874,False,0.00012482784,0.00021322549,0.00010096284,0.00011400671,9.319192e-05,0.002497089,6.928197e-05,0.9967874
pbmc4k_CGGTTAATCCTGTACC-1,NK cells,NK cells,NK cells,0.9961351,True,0.00025652847,0.00011501013,0.0005329067,9.51382e-05,0.0014912351,0.0013436356,0.9961351,3.047808e-05
pbmc4k_CGTAGCGAGAATGTTG-1,Activated/transitional T cells,Naive/resting T cells,Naive/resting T cells,0.9789523,False,0.0008599356,0.00091557874,0.00056868716,0.0008017496,0.00046871614,0.016943362,0.0004896722,0.9789523
pbmc4k_CGTAGCGAGCGTCTAT-1,CD16+ non-classical monocytes,CD16+ non-classical monocytes,CD16+ non-classical monocytes,0.99920815,True,1.0972787e-05,0.00039465431,0.99920815,0.00010377078,5.6406116e-05,0.00014610834,6.546957e-05,1.4508439e-05
pbmc4k_CGTAGCGAGGGAGTAA-1,IL7R+ memory/helper T cells,IL7R+ memory/helper T cells,IL7R+ memory/helper T cells,0.9888847,True,9.7238975e-05,0.00027132325,0.00039368626,0.00017008925,0.00023850001,0.9888847,0.00014906173,0.009795398
pbmc4k_CGTAGCGCAAAGTCAA-1,Classical monocytes,Classical monocytes,Classical monocytes,0.99029255,True,0.000107786254,0.0020452081,0.0058686263,0.99029255,0.00022479692,0.0008381455,0.00045045285,0.00017244296
pbmc4k_CGTAGCGCACTGCCAG-1,Naive/resting T cells,Naive/resting T cells,Naive/resting T cells,0.8210853,True,0.003536293,0.0014941719,0.00080318656,0.0010602528,0.00073838,0.17063281,0.0006496511,0.8210853
pbmc4k_CGTAGCGCATGTTCCC-1,IL7R+ memory/helper T cells,IL7R+ memory/helper T cells,IL7R+ memory/helper T cells,0.99837804,True,0.00013449424,0.0002640595,0.00027229358,0.00022504029,0.00027765005,0.99837804,0.00027706363,0.00017129439
pbmc4k_CGTAGCGTCTGGCGTG-1,B cells,B cells,B cells,0.9991208,True,5.0752573e-05,0.9991208,4.876863e-05,7.1971095e-05,5.7588466e-05,0.00021686866,4.9072492e-05,0.00038417362
pbmc4k_CGTAGCGTCTTGCATT-1,Activated/transitional T cells,Naive/resting T cells,Naive/resting T cells,0.9062634,False,0.0044963257,0.007076025,0.004288794,0.005186512,0.0030580119,0.06592423,0.0037067248,0.9062634
pbmc4k_CGTAGGCAGCTGATAA-1,CD16+ non-classical monocytes,CD16+ non-classical monocytes,CD16+ non-classical monocytes,0.97693,True,0.00021284739,0.014335481,0.97693,0.0043727797,0.00057340914,0.0025201854,0.0006920184,0.0003632311
pbmc4k_CGTAGGCCAAAGGAAG-1,CD16+ non-classical monocytes,CD16+ non-classical monocytes,CD16+ non-classical monocytes,0.99870205,True,2.9927562e-05,0.00025833948,0.99870205,0.0003546177,9.867297e-05,0.000356785,0.00015311393,4.6479934e-05
pbmc4k_CGTAGGCCAGACTCGC-1,Activated/transitional T cells,Naive/resting T cells,Naive/resting T cells,0.9748858,False,0.00069000886,0.0011851963,0.00067007105,0.000898863,0.0011507618,0.019975472,0.00054379506,0.9748858
pbmc4k_CGTAGGCCATCTATGG-1,Cytotoxic CD8 T cells,Cytotoxic CD8 T cells,Cytotoxic CD8 T cells,0.9911807,True,0.0002584723,0.00036215084,0.00027874854,0.00018651575,0.9911807,0.0063776765,0.00024699143,0.0011088032
pbmc4k_CGTAGGCCATGCCCGA-1,B cells,B cells,B cells,0.99919504,True,2.4156108e-05,0.99919504,6.8327885e-05,5.576472e-05,3.5164667e-05,0.00043627727,3.563378e-05,0.00014961103
pbmc4k_CGTAGGCGTATAGGGC-1,Activated/transitional T cells,Naive/resting T cells,Naive/resting T cells,0.9700205,False,0.0027838238,0.0021344947,0.0011596296,0.0016784066,0.00071845617,0.020354133,0.0011506162,0.9700205
pbmc4k_CGTAGGCTCCAAGTAC-1,B cells,B cells,B cells,0.9994134,True,0.00013916414,0.9994134,3.1349657e-05,4.7685317e-05,3.357789e-05,7.78571e-05,3.400543e-05,0.00022294853
pbmc4k_CGTCACTAGACTCGGA-1,Activated/transitional T cells,Naive/resting T cells,Naive/resting T cells,0.9822565,False,0.0007663662,0.00079423166,0.00044206114,0.00062693265,0.00030251933,0.014402526,0.000408906,0.9822565
pbmc4k_CGTCACTAGTGTCTCA-1,Activated/transitional T cells,Naive/resting T cells,Naive/resting T cells,0.90416193,False,0.00023613557,0.00043487226,0.00026209088,0.0003585331,0.00017957448,0.09415196,0.00021497867,0.90416193
pbmc4k_CGTCACTCAATGGAAT-1,Activated/transitional T cells,Naive/resting T cells,Naive/resting T cells,0.88241345,False,0.0022951132,0.004609192,0.0034576773,0.0034224167,0.0028631913,0.098695666,0.0022432697,0.88241345
pbmc4k_CGTCACTCACTTACGA-1,Activated/transitional T cells,Naive/resting T cells,Naive/resting T cells,0.9910616,False,0.00047381627,0.00040646558,0.0002425644,0.0003543231,0.00020223632,0.0070267003,0.00023233477,0.9910616
pbmc4k_CGTCACTTCTGAAAGA-1,Activated/transitional T cells,Naive/resting T cells,Naive/resting T cells,0.93818915,False,0.0008130147,0.000422859,0.0002782969,0.00030125873,0.00022792548,0.05949984,0.00026766694,0.93818915
pbmc4k_CGTCAGGAGAGACTAT-1,Activated/transitional T cells,Naive/resting T cells,Naive/resting T cells,0.9954845,False,0.00011398055,0.00033322535,0.00013074816,0.00018453928,0.00018909395,0.0034495534,0.00011439426,0.9954845
pbmc4k_CGTCAGGCACCGGAAA-1,Classical monocytes,Classical monocytes,Classical monocytes,0.997097,True,2.4130988e-05,0.00073337636,0.0017430398,0.997097,6.488147e-05,0.00019451775,8.910692e-05,5.390118e-05
pbmc4k_CGTCAGGCAGATGGCA-1,Activated/transitional T cells,Naive/resting T cells,Naive/resting T cells,0.97569203,False,9.955242e-05,0.00033659174,0.0002037605,0.00016560272,0.00018861846,0.023182679,0.00013117418,0.97569203
pbmc4k_CGTCAGGGTAAAGTCA-1,Classical monocytes,Classical monocytes,Classical monocytes,0.9987986,True,2.6537227e-05,0.00038451134,0.00033518745,0.9987986,7.190694e-05,0.00019651694,8.102329e-05,0.00010571692
pbmc4k_CGTCAGGTCAGCATGT-1,B cells,B cells,B cells,0.9991891,True,2.1013802e-05,0.9991891,3.511901e-05,4.569946e-05,2.396853e-05,0.00012305386,2.3899713e-05,0.00053813163
pbmc4k_CGTCAGGTCTGTCCGT-1,Cytotoxic CD8 T cells,Cytotoxic CD8 T cells,Cytotoxic CD8 T cells,0.9830208,True,0.0015207966,0.0010417636,0.0007880172,0.00075873156,0.9830208,0.0057484596,0.0011422542,0.0059791943
pbmc4k_CGTCAGGTCTTCAACT-1,B cells,B cells,B cells,0.99930954,True,2.6716994e-05,0.99930954,4.6501107e-05,4.3239223e-05,2.487402e-05,0.00021802708,2.4603929e-05,0.00030647533
pbmc4k_CGTCCATAGACCACGA-1,IL7R+ memory/helper T cells,IL7R+ memory/helper T cells,IL7R+ memory/helper T cells,0.9996773,True,1.883644e-05,8.2453276e-05,3.1327327e-05,3.1140713e-05,2.9632833e-05,0.9996773,3.142628e-05,9.786229e-05
pbmc4k_CGTCCATAGCATCATC-1,IL7R+ memory/helper T cells,IL7R+ memory/helper T cells,IL7R+ memory/helper T cells,0.87414676,True,0.0020525295,0.0012130984,0.0006869456,0.0009573017,0.00060408516,0.87414676,0.0006063344,0.119732924
pbmc4k_CGTCCATAGTGGGCTA-1,Classical monocytes,Classical monocytes,Classical monocytes,0.9992481,True,2.0119298e-05,0.00052996783,6.3686086e-05,0.9992481,1.9347694e-05,3.9336603e-05,2.7493712e-05,5.1891744e-05
pbmc4k_CGTCCATAGTGTACGG-1,B cells,B cells,B cells,0.9983683,True,1.7553159e-05,0.9983683,4.7070338e-05,5.7893252e-05,4.5310855e-05,0.00011844727,2.7726936e-05,0.0013176613
pbmc4k_CGTCCATCACAGCGTC-1,B cells,B cells,B cells,0.99141383,True,0.0009128111,0.99141383,0.0003526084,0.00047249912,0.00017462822,0.0007129222,0.0002939087,0.0056668436
pbmc4k_CGTCCATCATTAACCG-1,Activated/transitional T cells,Naive/resting T cells,Naive/resting T cells,0.94922554,False,0.0023564273,0.0036395132,0.0024944174,0.003102596,0.0043046596,0.03304366,0.0018331783,0.94922554
pbmc4k_CGTCCATGTGACTCAT-1,Classical monocytes,Classical monocytes,Classical monocytes,0.94120383,True,0.0006848301,0.01356624,0.04082496,0.94120383,0.0007438263,0.0018697446,0.00073564687,0.00037094526
pbmc4k_CGTCCATTCGCCAGCA-1,Activated/transitional T cells,Naive/resting T cells,Naive/resting T cells,0.64620334,False,0.0036075476,0.0065579014,0.002814643,0.003125127,0.0027175199,0.3321653,0.0028086058,0.64620334
pbmc4k_CGTCCATTCGTGGTCG-1,Activated/transitional T cells,Naive/resting T cells,Naive/resting T cells,0.9916962,False,0.00021456578,0.0004938299,0.00028867915,0.00038374183,0.0002631172,0.006417191,0.0002427579,0.9916962
pbmc4k_CGTCCATTCGTTTGCC-1,IL7R+ memory/helper T cells,IL7R+ memory/helper T cells,IL7R+ memory/helper T cells,0.99935085,True,2.5362471e-05,7.413057e-05,5.707699e-05,4.7798705e-05,0.00010869327,0.99935085,6.230774e-05,0.00027377447
pbmc4k_CGTCCATTCTTCGAGA-1,IL7R+ memory/helper T cells,IL7R+ memory/helper T cells,IL7R+ memory/helper T cells,0.9995697,True,2.0432828e-05,8.41653e-05,6.699909e-05,6.761595e-05,7.7352954e-05,0.9995697,5.5470613e-05,5.825797e-05
pbmc4k_CGTCTACAGAGTGACC-1,IL7R+ memory/helper T cells,IL7R+ memory/helper T cells,IL7R+ memory/helper T cells,0.99863714,True,6.142915e-05,0.00015358276,0.00010422319,7.877961e-05,7.1581904e-05,0.99863714,6.41721e-05,0.0008290405
pbmc4k_CGTCTACAGTCTTGCA-1,Cytotoxic CD8 T cells,Cytotoxic CD8 T cells,Cytotoxic CD8 T cells,0.9915542,True,0.0013260231,0.0004883072,0.0002816304,0.0002524451,0.9915542,0.0039048062,0.0016363272,0.0005562979
pbmc4k_CGTCTACCAAGGTTCT-1,Cytotoxic CD8 T cells,Cytotoxic CD8 T cells,Cytotoxic CD8 T cells,0.9935859,True,0.0007639028,0.0006403486,0.00027803527,0.00025105555,0.9935859,0.0025637515,0.0017026179,0.00021444756
pbmc4k_CGTCTACCACAAGCCC-1,Activated/transitional T cells,Naive/resting T cells,Naive/resting T cells,0.8794152,False,0.0012029256,0.0014945487,0.00088731764,0.0012577791,0.0010568043,0.11379454,0.00089092134,0.8794152
pbmc4k_CGTCTACCAGCCTGTG-1,Activated/transitional T cells,Naive/resting T cells,Naive/resting T cells,0.9876231,False,0.011635152,0.0001508875,8.86955e-05,0.00015352167,6.758721e-05,0.00016546388,0.000115625706,0.9876231
pbmc4k_CGTCTACCATATGGTC-1,Activated/transitional T cells,Naive/resting T cells,Naive/resting T cells,0.75659734,False,0.0010936167,0.003502411,0.0021911876,0.0026945616,0.0016539273,0.23082623,0.0014407106,0.75659734
pbmc4k_CGTCTACGTCATATCG-1,Cytotoxic CD8 T cells,Cytotoxic CD8 T cells,Cytotoxic CD8 T cells,0.99249905,True,0.00014071213,0.00041881556,0.0002372083,0.00018108661,0.99249905,0.005341778,0.00095485477,0.00022644464
pbmc4k_CGTCTACGTCTAACGT-1,Cytotoxic CD8 T cells,Cytotoxic CD8 T cells,Cytotoxic CD8 T cells,0.87337565,True,0.0010805647,0.00063526124,0.0005630535,0.0005460816,0.87337565,0.12187131,0.0011494799,0.000778642
pbmc4k_CGTCTACGTGACTCAT-1,IL7R+ memory/helper T cells,IL7R+ memory/helper T cells,IL7R+ memory/helper T cells,0.99645966,True,0.00023643207,0.00019286298,0.00020643893,0.00016294401,0.0022478586,0.99645966,0.00022571266,0.00026810612
pbmc4k_CGTCTACGTGGACGAT-1,Activated/transitional T cells,Naive/resting T cells,Naive/resting T cells,0.9918218,False,0.0006364167,0.00050940295,0.00026673233,0.00038920224,0.00037246116,0.0057573076,0.00024664873,0.9918218
pbmc4k_CGTGAGCAGCTGTCTA-1,Activated/transitional T cells,Naive/resting T cells,Naive/resting T cells,0.99501365,False,0.0001759486,0.00040026265,0.0002580534,0.00021938523,0.0003519145,0.003391702,0.00018908709,0.99501365
pbmc4k_CGTGAGCAGTAGATGT-1,B cells,B cells,B cells,0.99910563,True,3.1830197e-05,0.99910563,4.1612788e-05,6.564503e-05,2.2295651e-05,0.00031326542,4.602006e-05,0.000373715
pbmc4k_CGTGAGCCATGGTAGG-1,Activated/transitional T cells,Naive/resting T cells,Naive/resting T cells,0.8042789,False,0.0017402436,0.0027011782,0.0015007618,0.0017443135,0.0015271455,0.18514642,0.0013610307,0.8042789
pbmc4k_CGTGAGCGTAGGGACT-1,Activated/transitional T cells,Naive/resting T cells,Naive/resting T cells,0.9875307,False,0.00013726622,0.00031370728,0.00020672452,0.00028334552,0.00014899268,0.011209932,0.00016932619,0.9875307
pbmc4k_CGTGAGCGTCTCTCGT-1,Cytotoxic CD8 T cells,Cytotoxic CD8 T cells,Cytotoxic CD8 T cells,0.98849326,True,0.0005967563,0.00037603005,0.00027340846,0.0002378288,0.98849326,0.007849346,0.0017651576,0.00040818533
pbmc4k_CGTGAGCTCAGCTGGC-1,Naive/resting T cells,Naive/resting T cells,Naive/resting T cells,0.9933981,True,8.7352346e-05,0.00025547473,0.00012356872,0.000179661,0.00012442724,0.005719749,0.00011171619,0.9933981
pbmc4k_CGTGAGCTCAGTGTTG-1,CD16+ non-classical monocytes,CD16+ non-classical monocytes,CD16+ non-classical monocytes,0.5142825,True,0.0026881718,0.044389144,0.5142825,0.38534784,0.006373606,0.031684563,0.013141678,0.0020924762
pbmc4k_CGTGAGCTCGTTACGA-1,Naive/resting T cells,Naive/resting T cells,Naive/resting T cells,0.9700869,True,0.0009038647,0.0013673034,0.00094632106,0.00085727545,0.0012617788,0.02398103,0.00059553515,0.9700869
pbmc4k_CGTGAGCTCGTTTGCC-1,Activated/transitional T cells,Naive/resting T cells,Naive/resting T cells,0.9887743,False,0.00021742714,0.00032618985,0.00021084497,0.0002896377,0.00022242032,0.009805548,0.00015364788,0.9887743
pbmc4k_CGTGTAAAGAATGTGT-1,Activated/transitional T cells,Naive/resting T cells,Naive/resting T cells,0.9932707,False,8.325706e-05,0.00023877274,0.00021838422,0.00020561113,0.00019718724,0.0056657577,0.000120320154,0.9932707
pbmc4k_CGTGTAAAGCATGGCA-1,IL7R+ memory/helper T cells,IL7R+ memory/helper T cells,IL7R+ memory/helper T cells,0.99455535,True,0.001232181,0.0005097022,0.0003716752,0.00039704965,0.00022492388,0.99455535,0.00038925398,0.0023198796
pbmc4k_CGTGTAAAGCTAGTCT-1,B cells,B cells,B cells,0.9993401,True,1.645161e-05,0.9993401,2.7846268e-05,3.8694798e-05,1.6509935e-05,6.6284054e-05,1.947958e-05,0.00047464098
pbmc4k_CGTGTAAAGTTGTAGA-1,Cytotoxic CD8 T cells,Cytotoxic CD8 T cells,Cytotoxic CD8 T cells,0.9893981,True,0.0020440666,0.0011258841,0.00055048947,0.00056337466,0.9893981,0.0040244167,0.0013395712,0.00095404306
pbmc4k_CGTGTAACACGTGAGA-1,Naive/resting T cells,Naive/resting T cells,Naive/resting T cells,0.9618568,True,0.007597529,0.0019231384,0.0013250831,0.002023046,0.0014805705,0.022515103,0.0012787165,0.9618568
pbmc4k_CGTGTAACAGTTCCCT-1,Cytotoxic CD8 T cells,Cytotoxic CD8 T cells,Cytotoxic CD8 T cells,0.9079854,True,0.003779765,0.0031845085,0.001641538,0.0015814664,0.9079854,0.0750178,0.00411391,0.00269563
pbmc4k_CGTGTAAGTAGGCTGA-1,B cells,B cells,B cells,0.99961674,True,4.0045667e-05,0.99961674,2.487711e-05,3.5071174e-05,3.14987e-05,6.739265e-05,2.124563e-05,0.00016307505
pbmc4k_CGTGTAAGTCACTGGC-1,Activated/transitional T cells,Naive/resting T cells,Naive/resting T cells,0.8598275,False,0.0028834732,0.0024383091,0.001741134,0.0024613452,0.0028463148,0.12642527,0.0013766701,0.8598275
pbmc4k_CGTGTAATCATTTGGG-1,Activated/transitional T cells,Naive/resting T cells,Naive/resting T cells,0.9517463,False,0.038996264,0.0008875079,0.00052704447,0.0007781676,0.0003554844,0.0061679333,0.00054135366,0.9517463
pbmc4k_CGTGTAATCTCGCTTG-1,Activated/transitional T cells,Naive/resting T cells,Naive/resting T cells,0.9964026,False,0.00021686834,0.00021820542,0.0001241683,0.00016459294,9.990343e-05,0.0026790919,9.4497955e-05,0.9964026
pbmc4k_CGTGTCTAGCAGACTG-1,B cells,B cells,B cells,0.9995042,True,2.4305258e-05,0.9995042,4.5730358e-05,5.9572227e-05,2.8387123e-05,0.00018875605,3.4666416e-05,0.000114400544
pbmc4k_CGTGTCTAGTAGCGGT-1,Activated/transitional T cells,IL7R+ memory/helper T cells,IL7R+ memory/helper T cells,0.9617491,False,0.00035947634,0.0009473578,0.0006055687,0.0005593074,0.00059739075,0.9617491,0.00062217383,0.034559708
pbmc4k_CGTGTCTAGTTAAGTG-1,Naive/resting T cells,Naive/resting T cells,Naive/resting T cells,0.9257553,True,0.0048269723,0.005481433,0.0015390773,0.0015663989,0.002426246,0.05697519,0.0014293488,0.9257553
pbmc4k_CGTGTCTGTAAACCTC-1,Activated/transitional T cells,Naive/resting T cells,Naive/resting T cells,0.9218111,False,0.0012552319,0.0024122435,0.0013157201,0.001155077,0.0013606292,0.06964897,0.0010410937,0.9218111
pbmc4k_CGTGTCTTCATCACCC-1,Activated/transitional T cells,Naive/resting T cells,Naive/resting T cells,0.9557977,False,0.001956111,0.0013102003,0.0009291757,0.002726713,0.0012970971,0.03515343,0.0008296269,0.9557977
pbmc4k_CGTGTCTTCATGCAAC-1,Classical monocytes,Classical monocytes,Classical monocytes,0.99957055,True,1.9789824e-05,3.981283e-05,0.00018640539,0.99957055,2.5860345e-05,7.9635196e-05,3.128237e-05,4.664007e-05
pbmc4k_CGTGTCTTCCAGATCA-1,Classical monocytes,Classical monocytes,Classical monocytes,0.99957305,True,6.1179875e-05,4.2470383e-05,8.197428e-05,0.99957305,1.7244005e-05,0.00016142578,4.664806e-05,1.6059974e-05
pbmc4k_CGTGTCTTCTAACTCT-1,Cytotoxic CD8 T cells,Cytotoxic CD8 T cells,Cytotoxic CD8 T cells,0.9927614,True,0.0010823178,0.00018932595,0.00015931702,0.00015032837,0.9927614,0.005243042,0.00019293233,0.00022133348
pbmc4k_CGTTAGAAGCAAATCA-1,Classical monocytes,Classical monocytes,Classical monocytes,0.9985305,True,4.163018e-05,0.00033437985,0.0006029138,0.9985305,7.676e-05,0.0002429628,0.00011447203,5.6403143e-05
pbmc4k_CGTTAGAAGTCAAGGC-1,Classical monocytes,Classical monocytes,Classical monocytes,0.99712926,True,4.8295467e-05,0.00050720316,0.0017342585,0.99712926,0.00012897805,0.00019923487,0.00020369038,4.9066162e-05
pbmc4k_CGTTAGACAACGATCT-1,Classical monocytes,Classical monocytes,Classical monocytes,0.99916494,True,1.3391632e-05,0.00012109234,0.0004639578,0.99916494,7.638764e-05,8.511513e-05,4.61096e-05,2.9003242e-05
pbmc4k_CGTTAGACAGATAATG-1,Classical monocytes,Classical monocytes,Classical monocytes,0.99536705,True,0.000113372516,0.00087881216,0.002647626,0.99536705,0.00025982008,0.00042844834,0.00022024375,8.466991e-05
pbmc4k_CGTTAGAGTAATAGCA-1,Activated/transitional T cells,Naive/resting T cells,Naive/resting T cells,0.94893736,False,0.00077326567,0.0011031647,0.00076071627,0.0007360027,0.0020318043,0.04505824,0.0005994889,0.94893736
pbmc4k_CGTTAGAGTCACTTCC-1,Classical monocytes,Classical monocytes,Classical monocytes,0.9973863,True,9.539042e-05,0.0003998572,0.00066844164,0.9973863,0.00017144685,0.000636916,0.00040940318,0.00023223054
pbmc4k_CGTTAGAGTCTAGAGG-1,B cells,B cells,B cells,0.9988294,True,0.00012816553,0.9988294,3.0684045e-05,4.666353e-05,3.5428413e-05,6.318225e-05,2.826348e-05,0.0008382363
pbmc4k_CGTTAGAGTCTCTTAT-1,Classical monocytes,Classical monocytes,Classical monocytes,0.9994592,True,1.37281995e-05,7.117367e-05,0.00030501452,0.9994592,3.1302396e-05,4.3870325e-05,4.2393036e-05,3.332215e-05
pbmc4k_CGTTAGAGTTAAAGAC-1,Classical monocytes,Classical monocytes,Classical monocytes,0.999522,True,2.427532e-05,0.00012118125,0.00012905533,0.999522,3.299649e-05,7.22727e-05,5.005334e-05,4.824571e-05
pbmc4k_CGTTAGAGTTCAGGCC-1,B cells,B cells,B cells,0.99740404,True,4.696097e-05,0.99740404,5.7578512e-05,7.66623e-05,3.338168e-05,9.229547e-05,3.9735707e-05,0.0022493817
pbmc4k_CGTTAGATCGTACGGC-1,Activated/transitional T cells,Naive/resting T cells,Naive/resting T cells,0.9674483,False,0.0005951696,0.0016987788,0.0007874947,0.0011377675,0.00088133506,0.026753087,0.00069806766,0.9674483
pbmc4k_CGTTCTGAGAAACGCC-1,Classical monocytes,Classical monocytes,Classical monocytes,0.9991899,True,2.6165693e-05,0.0001173907,0.00025366334,0.9991899,4.7249454e-05,0.00016086039,9.832523e-05,0.00010648621
pbmc4k_CGTTCTGAGCTCAACT-1,IL7R+ memory/helper T cells,Naive/resting T cells,Naive/resting T cells,0.8273702,False,0.00033039806,0.0010676518,0.000817545,0.0006842404,0.00054177654,0.16873194,0.00045620548,0.8273702
pbmc4k_CGTTCTGAGGCTCAGA-1,Classical monocytes,Classical monocytes,Classical monocytes,0.9986363,True,4.3050542e-05,0.00030003933,0.00020547942,0.9986363,7.347292e-05,0.00020587152,8.4421285e-05,0.00045137605
pbmc4k_CGTTCTGCAAGCGTAG-1,Activated/transitional T cells,Naive/resting T cells,Naive/resting T cells,0.99050105,False,0.00022695985,0.0006131502,0.00043167153,0.00054081785,0.00042087218,0.006946368,0.00031907234,0.99050105
pbmc4k_CGTTCTGCACAGGCCT-1,Activated/transitional T cells,Naive/resting T cells,Naive/resting T cells,0.7902762,False,0.00045246197,0.0014614931,0.0012718796,0.0009825391,0.001251823,0.20349188,0.0008117633,0.7902762
pbmc4k_CGTTCTGCACATTCGA-1,Classical monocytes,Classical monocytes,Classical monocytes,0.998456,True,4.6479116e-05,0.0007186024,0.00029002142,0.998456,0.00011647333,0.00019930449,7.065348e-05,0.00010250993
pbmc4k_CGTTCTGGTGCACGAA-1,Cytotoxic CD8 T cells,Cytotoxic CD8 T cells,Cytotoxic CD8 T cells,0.66987455,True,0.015990632,0.0064543705,0.003336781,0.0034031447,0.66987455,0.2569343,0.0053761494,0.038630087
pbmc4k_CGTTCTGGTTATCCGA-1,B cells,B cells,B cells,0.99942017,True,3.649928e-05,0.99942017,6.670964e-05,4.8536087e-05,5.078473e-05,0.000109487344,3.4828157e-05,0.00023302589
pbmc4k_CGTTCTGGTTCCAACA-1,Cytotoxic CD8 T cells,IL7R+ memory/helper T cells,IL7R+ memory/helper T cells,0.8275409,False,0.006758721,0.0067123403,0.0056679114,0.003982654,0.045633532,0.8275409,0.0049286704,0.09877531
pbmc4k_CGTTCTGTCCGAGCCA-1,Classical monocytes,Classical monocytes,Classical monocytes,0.9844727,True,0.00081276253,0.0013828417,0.002254025,0.9844727,0.005406094,0.003984442,0.0013688704,0.00031823988
pbmc4k_CGTTGGGAGAAGGCCT-1,Activated/transitional T cells,Naive/resting T cells,Naive/resting T cells,0.96940887,False,0.0001563694,0.00095661834,0.00025300178,0.00039282066,0.00025737152,0.028351467,0.00022349911,0.96940887
pbmc4k_CGTTGGGAGAGCTATA-1,Activated/transitional T cells,Naive/resting T cells,Naive/resting T cells,0.856248,False,0.007083782,0.0020842992,0.0011946412,0.0013921782,0.0010504085,0.12977424,0.0011723982,0.856248
pbmc4k_CGTTGGGAGATCACGG-1,Activated/transitional T cells,Naive/resting T cells,Naive/resting T cells,0.9896498,False,0.0005433958,0.00042429467,0.0003028172,0.00042087695,0.00027685566,0.008138839,0.00024316295,0.9896498
pbmc4k_CGTTGGGAGCTGTTCA-1,Cytotoxic CD8 T cells,Cytotoxic CD8 T cells,Cytotoxic CD8 T cells,0.9946102,True,0.0007261011,0.000326033,0.00023680349,0.00018537036,0.9946102,0.0023496898,0.0004887129,0.0010771282
pbmc4k_CGTTGGGAGGAATGGA-1,Classical monocytes,Classical monocytes,Classical monocytes,0.9994357,True,3.768934e-05,0.00013336226,0.00022963739,0.9994357,2.4246805e-05,5.5048044e-05,5.2288906e-05,3.1938278e-05
pbmc4k_CGTTGGGAGGTGCTAG-1,IL7R+ memory/helper T cells,IL7R+ memory/helper T cells,IL7R+ memory/helper T cells,0.9974564,True,0.000463887,0.00019557239,0.00019297599,0.00016816551,0.00013241901,0.9974564,0.00018796518,0.0012026383
pbmc4k_CGTTGGGAGTTACGGG-1,B cells,B cells,B cells,0.9983041,True,0.0001646798,0.9983041,6.7075205e-05,9.048096e-05,6.0531955e-05,0.0005493163,6.0177852e-05,0.00070359436
pbmc4k_CGTTGGGCAGATAATG-1,Classical monocytes,Classical monocytes,Classical monocytes,0.99881697,True,8.7280016e-05,0.00013960028,0.00043999293,0.99881697,6.2341e-05,0.00025884862,8.373441e-05,0.000111234534
pbmc4k_CGTTGGGCAGGTTTCA-1,Activated/transitional T cells,Naive/resting T cells,Naive/resting T cells,0.9954354,False,0.0031188764,0.00037990487,0.00013412508,0.00021061189,9.554629e-05,0.00049229455,0.00013325224,0.9954354
pbmc4k_CGTTGGGCAGTCTTCC-1,IL7R+ memory/helper T cells,IL7R+ memory/helper T cells,IL7R+ memory/helper T cells,0.9460172,True,0.0006077397,0.0009209877,0.0006871616,0.0006069341,0.048710838,0.9460172,0.0006183012,0.0018307749
pbmc4k_CGTTGGGCATAAGACA-1,Activated/transitional T cells,IL7R+ memory/helper T cells,IL7R+ memory/helper T cells,0.8634871,False,0.00031248815,0.0006054634,0.00042016467,0.00038717387,0.00043848623,0.8634871,0.00034038955,0.13400872
pbmc4k_CGTTGGGCATCCGGGT-1,Activated/transitional T cells,Naive/resting T cells,Naive/resting T cells,0.9713688,False,0.00019232367,0.00064299663,0.00036695763,0.0004906508,0.00037779604,0.026282286,0.00027821702,0.9713688
pbmc4k_CGTTGGGTCTGATACG-1,B cells,B cells,B cells,0.99943537,True,2.0671516e-05,0.99943537,3.925148e-05,2.7306316e-05,2.3607838e-05,0.00025699474,2.1013371e-05,0.00017578968
pbmc4k_CTAACTTAGCCGGTAA-1,Classical monocytes,Classical monocytes,Classical monocytes,0.9746719,True,7.074157e-05,0.024548272,8.482741e-05,0.9746719,4.0343944e-05,0.00023245226,5.67013e-05,0.0002948336
pbmc4k_CTAACTTCACCTATCC-1,IL7R+ memory/helper T cells,IL7R+ memory/helper T cells,IL7R+ memory/helper T cells,0.6488729,True,0.0005742982,0.0016144807,0.0009872201,0.0013278862,0.0007005949,0.6488729,0.0008271424,0.3450955
pbmc4k_CTAACTTCAGGCTGAA-1,Classical monocytes,Classical monocytes,Classical monocytes,0.9993191,True,4.1472613e-05,9.8252734e-05,0.00029137766,0.9993191,4.9471244e-05,7.433309e-05,6.7833666e-05,5.8200716e-05
pbmc4k_CTAACTTCATCTGGTA-1,Cytotoxic CD8 T cells,Cytotoxic CD8 T cells,Cytotoxic CD8 T cells,0.9799203,True,0.0011412607,0.0009033796,0.0006488776,0.0007997716,0.9799203,0.006060858,0.008620815,0.0019047578
pbmc4k_CTAACTTGTAAGGGCT-1,IL7R+ memory/helper T cells,IL7R+ memory/helper T cells,IL7R+ memory/helper T cells,0.95687497,True,0.0012229043,0.0015071259,0.0013622007,0.0010091313,0.03385931,0.95687497,0.0014099497,0.0027543702
pbmc4k_CTAACTTGTACCCAAT-1,Cytotoxic CD8 T cells,Cytotoxic CD8 T cells,NK cells,0.5725443,False,0.0050286255,0.0016285671,0.0017409235,0.0016700064,0.38748035,0.029279117,0.5725443,0.00062811316
pbmc4k_CTAACTTGTATATGAG-1,Activated/transitional T cells,Naive/resting T cells,Naive/resting T cells,0.9958591,False,0.00025742943,0.0005882473,0.0002592133,0.00032603016,0.00023536365,0.0022753912,0.00019928323,0.9958591
pbmc4k_CTAACTTTCAACACGT-1,IL7R+ memory/helper T cells,Naive/resting T cells,Naive/resting T cells,0.5226015,False,0.003776971,0.014176324,0.0062326053,0.0047377055,0.008161852,0.4354389,0.004874162,0.5226015
pbmc4k_CTAACTTTCAGCTTAG-1,Classical monocytes,Classical monocytes,Classical monocytes,0.9937762,True,8.703089e-05,0.0009298624,0.00073394616,0.9937762,0.00021878498,0.003595743,0.00024524075,0.00041321537
pbmc4k_CTAACTTTCTAACCGA-1,Classical monocytes,Classical monocytes,Classical monocytes,0.999705,True,4.0832558e-05,7.3912764e-05,6.0111455e-05,0.999705,2.2100592e-05,3.7239573e-05,2.8316706e-05,3.2471704e-05
pbmc4k_CTAAGACAGACAGACC-1,Activated/transitional T cells,Naive/resting T cells,Naive/resting T cells,0.9862585,False,0.0009863031,0.0006543541,0.00052060763,0.00066751405,0.0006019228,0.009868145,0.00044263888,0.9862585
pbmc4k_CTAAGACAGATGAGAG-1,Activated/transitional T cells,Naive/resting T cells,Naive/resting T cells,0.98735225,False,0.0015161766,0.00086683105,0.00056852587,0.0008996248,0.00044642406,0.0077963583,0.0005538459,0.98735225
pbmc4k_CTAAGACAGCGTGAGT-1,Cytotoxic CD8 T cells,IL7R+ memory/helper T cells,IL7R+ memory/helper T cells,0.74227226,False,0.001368334,0.0013148416,0.0011782836,0.0012569893,0.24862164,0.74227226,0.0016924241,0.0022952673
pbmc4k_CTAAGACAGGAACTGC-1,IL7R+ memory/helper T cells,IL7R+ memory/helper T cells,IL7R+ memory/helper T cells,0.96149164,True,0.00041021116,0.0011060142,0.0006858982,0.0005188805,0.0004349323,0.96149164,0.00058910856,0.034763344
pbmc4k_CTAAGACAGTATGACA-1,Activated/transitional T cells,Naive/resting T cells,Naive/resting T cells,0.9582925,False,0.010562863,0.0018900408,0.0011728492,0.0017509717,0.0012950391,0.02372241,0.0013133346,0.9582925
pbmc4k_CTAAGACCACAGCCCA-1,Activated/transitional T cells,Naive/resting T cells,Naive/resting T cells,0.74507433,False,0.0010145899,0.00048835634,0.00033938984,0.0003181258,0.0003561724,0.25213227,0.00027673785,0.74507433
pbmc4k_CTAAGACCAGGTGGAT-1,Classical monocytes,Classical monocytes,Classical monocytes,0.9992218,True,0.00011680548,0.00022988027,0.00010503319,0.9992218,2.8286207e-05,8.179486e-05,5.7731326e-05,0.00015863364
pbmc4k_CTAAGACGTAAAGTCA-1,B cells,B cells,B cells,0.9992291,True,2.565498e-05,0.9992291,5.9873084e-05,6.140732e-05,2.9276618e-05,0.00023423383,4.57964e-05,0.00031470708
pbmc4k_CTAAGACGTAGCGCTC-1,IL7R+ memory/helper T cells,IL7R+ memory/helper T cells,IL7R+ memory/helper T cells,0.993608,True,0.00056586304,0.00073060073,0.0005144609,0.0005070806,0.00051347126,0.993608,0.0004900079,0.0030705247
pbmc4k_CTAAGACTCCACTCCA-1,B cells,B cells,B cells,0.9992059,True,0.00015347163,0.9992059,7.750064e-05,0.00011700229,3.893422e-05,0.00018078255,7.641526e-05,0.0001500117
pbmc4k_CTAAGACTCCCTAATT-1,Activated/transitional T cells,Naive/resting T cells,Naive/resting T cells,0.86023134,False,0.035943132,0.0073144487,0.0037257483,0.0055373027,0.0057297363,0.0773828,0.004135508,0.86023134
pbmc4k_CTAAGACTCGGACAAG-1,IL7R+ memory/helper T cells,IL7R+ memory/helper T cells,IL7R+ memory/helper T cells,0.8123988,True,0.022083193,0.0058121257,0.003246946,0.0044096666,0.13826412,0.8123988,0.0034351232,0.0103500355
pbmc4k_CTAAGACTCTGTTGAG-1,Activated/transitional T cells,Naive/resting T cells,Naive/resting T cells,0.99238855,False,0.00019023636,0.00026661126,0.00015690616,0.00023161291,0.00023581894,0.006382803,0.00014745088,0.99238855
pbmc4k_CTAATGGAGTGACTCT-1,Activated/transitional T cells,Naive/resting T cells,Naive/resting T cells,0.99371123,False,0.0047421576,0.0004259244,0.00015121003,0.00020639913,0.00011732967,0.00052034296,0.00012542891,0.99371123
pbmc4k_CTAATGGAGTTGCAGG-1,NK cells,NK cells,NK cells,0.998771,True,0.00058364175,7.3922485e-05,7.625398e-05,5.335945e-05,0.00032725334,7.937769e-05,0.998771,3.5185898e-05
pbmc4k_CTAATGGCAAGCCGCT-1,Activated/transitional T cells,Naive/resting T cells,Naive/resting T cells,0.8445055,False,0.0007897748,0.0034395722,0.001994998,0.0024297875,0.0021029152,0.14331557,0.0014218712,0.8445055
pbmc4k_CTAATGGGTGTGTGCC-1,Activated/transitional T cells,Naive/resting T cells,Naive/resting T cells,0.94559324,False,0.0018138713,0.0028573945,0.0011841492,0.0018866395,0.001078933,0.044497825,0.001087947,0.94559324
pbmc4k_CTACACCAGCGTAATA-1,Activated/transitional T cells,Naive/resting T cells,Naive/resting T cells,0.98930347,False,0.0006415505,0.002490663,0.0005498586,0.00062696915,0.0004043157,0.0056103016,0.00037284984,0.98930347
pbmc4k_CTACACCAGTCTCAAC-1,Classical monocytes,Classical monocytes,Classical monocytes,0.9987251,True,5.3165757e-05,0.00022980328,0.00052554905,0.9987251,6.143491e-05,0.00027270874,8.693026e-05,4.5267305e-05
pbmc4k_CTACACCAGTGAACGC-1,Activated/transitional T cells,Naive/resting T cells,Naive/resting T cells,0.9420455,False,0.0016593065,0.0014581218,0.0012699919,0.000998613,0.00080325187,0.05096483,0.0008003805,0.9420455
pbmc4k_CTACACCAGTGGTCCC-1,IL7R+ memory/helper T cells,IL7R+ memory/helper T cells,IL7R+ memory/helper T cells,0.9883187,True,0.00012166663,0.0007241556,0.00056180445,0.00034383743,0.0004666588,0.9883187,0.00024937457,0.009213773
pbmc4k_CTACACCGTACGCTGC-1,Activated/transitional T cells,Naive/resting T cells,Naive/resting T cells,0.9835722,False,0.00029045917,0.00093452487,0.00029432305,0.00037190525,0.000301823,0.013999698,0.00023504876,0.9835722
pbmc4k_CTACACCGTCCTCTTG-1,Naive/resting T cells,Naive/resting T cells,Naive/resting T cells,0.9300172,True,0.00051438087,0.0020713978,0.00077868486,0.0006949883,0.00048985303,0.06482118,0.00061236066,0.9300172
pbmc4k_CTACACCGTTACGCGC-1,Classical monocytes,Classical monocytes,Classical monocytes,0.99892634,True,1.9965839e-05,0.0002517583,0.00024637513,0.99892634,5.1918785e-05,0.00035538027,6.1534665e-05,8.6673244e-05
pbmc4k_CTACACCGTTTGACAC-1,B cells,B cells,B cells,0.999009,True,2.6336334e-05,0.999009,5.607664e-05,6.914589e-05,4.8754253e-05,0.00029374156,3.64037e-05,0.00046049434
pbmc4k_CTACACCTCAGCGATT-1,Activated/transitional T cells,IL7R+ memory/helper T cells,IL7R+ memory/helper T cells,0.5798003,False,0.0019866456,0.004917239,0.0041712387,0.003922044,0.0019833914,0.5798003,0.0026604978,0.40055868
pbmc4k_CTACACCTCTTACCGC-1,Cytotoxic CD8 T cells,Cytotoxic CD8 T cells,Cytotoxic CD8 T cells,0.98883176,True,0.0012339249,0.0004319546,0.00036761563,0.00050310197,0.98883176,0.0064114346,0.0004909614,0.0017292063
pbmc4k_CTACACCTCTTGCAAG-1,Classical monocytes,Classical monocytes,Classical monocytes,0.99920255,True,8.587318e-05,8.574895e-05,0.00029156214,0.99920255,5.1070976e-05,0.00015535498,7.8324105e-05,4.9548522e-05
pbmc4k_CTACATTAGACTTGAA-1,Classical monocytes,Classical monocytes,Classical monocytes,0.9935423,True,7.612066e-05,0.00083645934,0.0040917266,0.9935423,0.00021773555,0.00065889163,0.00048663936,9.014922e-05
pbmc4k_CTACATTAGAGACGAA-1,Cytotoxic CD8 T cells,Cytotoxic CD8 T cells,Cytotoxic CD8 T cells,0.8682013,True,0.0009711878,0.0008588449,0.0007302636,0.0007132872,0.8682013,0.11681839,0.010074313,0.0016323569
pbmc4k_CTACATTAGAGCTTCT-1,Classical monocytes,Classical monocytes,Classical monocytes,0.99234855,True,0.00017826755,0.0016053616,0.0015767888,0.99234855,0.0004663489,0.0025488266,0.00062132574,0.0006545463
pbmc4k_CTACATTAGCCACGCT-1,Activated/transitional T cells,Naive/resting T cells,Naive/resting T cells,0.80328363,False,0.00039069302,0.0006276,0.00057216705,0.00043991485,0.00039594618,0.19380964,0.00048045703,0.80328363
pbmc4k_CTACATTAGCTTATCG-1,Activated/transitional T cells,Naive/resting T cells,Naive/resting T cells,0.9830427,False,7.445637e-05,0.0003022266,0.000118102434,0.00015870186,9.370521e-05,0.016118078,9.20195e-05,0.9830427
pbmc4k_CTACATTCAGATCGGA-1,Cytotoxic CD8 T cells,Cytotoxic CD8 T cells,Cytotoxic CD8 T cells,0.8982342,True,0.0014983015,0.00044357954,0.0003590881,0.00037118595,0.8982342,0.09808452,0.00053784397,0.00047133723
pbmc4k_CTACATTCATCGACGC-1,NK cells,NK cells,NK cells,0.99772125,True,0.00011546031,0.0001317864,0.00048011754,0.00010127509,0.0009944357,0.00041455321,0.99772125,4.1146894e-05
pbmc4k_CTACATTGTCACTGGC-1,B cells,B cells,B cells,0.998757,True,5.3869233e-05,0.998757,0.0001320619,0.0001162392,9.794569e-05,0.0005844707,6.613604e-05,0.0001922329
pbmc4k_CTACATTGTCGTTGTA-1,Cytotoxic CD8 T cells,Cytotoxic CD8 T cells,Cytotoxic CD8 T cells,0.9912949,True,0.0002334971,0.00030885765,0.00019645577,0.00021683918,0.9912949,0.0044689984,0.00020706159,0.0030733522
pbmc4k_CTACATTTCGGCATCG-1,B cells,B cells,B cells,0.9979594,True,4.687406e-05,0.9979594,4.443681e-05,5.775756e-05,2.5484254e-05,7.572853e-05,3.6074744e-05,0.0017543007
pbmc4k_CTACCCACACCCTATC-1,Activated/transitional T cells,Naive/resting T cells,Naive/resting T cells,0.971017,False,0.00067214435,0.0017831015,0.000916009,0.0009957019,0.00078453246,0.023161143,0.00067039183,0.971017
pbmc4k_CTACCCAGTAAGTTCC-1,Activated/transitional T cells,Naive/resting T cells,Naive/resting T cells,0.8820315,False,0.0012509133,0.002049757,0.0013003036,0.0017871223,0.00090243854,0.10955817,0.00111985,0.8820315
pbmc4k_CTACCCAGTCCTCCAT-1,Activated/transitional T cells,Naive/resting T cells,Naive/resting T cells,0.9975471,False,0.000106088926,0.00020657139,0.000116975374,0.00022423027,8.49415e-05,0.0015978724,0.00011622013,0.9975471
pbmc4k_CTACCCAGTCGTCTTC-1,Cytotoxic CD8 T cells,Cytotoxic CD8 T cells,Cytotoxic CD8 T cells,0.8974678,True,0.0045500454,0.0016696893,0.0017944801,0.0015843384,0.8974678,0.013894951,0.07815314,0.0008855471
pbmc4k_CTACCCAGTGGTAACG-1,Classical monocytes,Classical monocytes,Classical monocytes,0.9943672,True,7.612336e-05,0.0015192908,0.0026641039,0.9943672,0.00019431554,0.0007934514,0.00029736952,8.8102424e-05
pbmc4k_CTACCCATCAACACGT-1,B cells,B cells,B cells,0.99910164,True,1.9650992e-05,0.99910164,2.5170197e-05,3.509505e-05,2.3115761e-05,0.00017488268,1.8814266e-05,0.00060163985
pbmc4k_CTACCCATCTACTTAC-1,Classical monocytes,Classical monocytes,Classical monocytes,0.9991148,True,6.5238215e-05,0.00014888667,0.00020582309,0.9991148,7.928682e-05,0.00018092907,0.00010185514,0.00010310758
pbmc4k_CTACGTCAGAGGTTGC-1,Activated/transitional T cells,Naive/resting T cells,Naive/resting T cells,0.9981376,False,0.0012190009,0.00010868562,6.309671e-05,9.246805e-05,7.115966e-05,0.00024809485,5.9920498e-05,0.9981376
pbmc4k_CTACGTCAGTGACTCT-1,B cells,B cells,B cells,0.9989053,True,4.0908635e-05,0.9989053,3.4226538e-05,4.5941026e-05,2.145133e-05,7.462983e-05,2.9037492e-05,0.00084854
pbmc4k_CTACGTCCAGCCTTTC-1,Activated/transitional T cells,Naive/resting T cells,Naive/resting T cells,0.9854349,False,0.0027249302,0.0019364153,0.0007713312,0.001004784,0.00056655204,0.006808247,0.00075284956,0.9854349
pbmc4k_CTACGTCCATTGGCGC-1,Classical monocytes,Classical monocytes,Classical monocytes,0.99860007,True,3.8401366e-05,0.00023489683,0.00076391187,0.99860007,7.595238e-05,0.000102733975,9.823158e-05,8.585088e-05
pbmc4k_CTACGTCGTAAGGGAA-1,B cells,B cells,B cells,0.99934095,True,6.8635956e-05,0.99934095,5.5945253e-05,5.1748448e-05,0.00010952368,0.0001058597,4.7523605e-05,0.00021978698
pbmc4k_CTACGTCGTCAGATAA-1,Classical monocytes,Classical monocytes,Classical monocytes,0.99958223,True,2.1062526e-05,7.2775954e-05,0.00014641556,0.99958223,3.1631356e-05,6.754113e-05,6.1865074e-05,1.6439533e-05
pbmc4k_CTACGTCGTGTGACCC-1,CD16+ non-classical monocytes,CD16+ non-classical monocytes,CD16+ non-classical monocytes,0.9985783,True,3.080362e-05,0.0006059667,0.9985783,0.00030021195,7.634134e-05,0.00016344032,0.00017747033,6.751423e-05
pbmc4k_CTACGTCGTTGTACAC-1,Activated/transitional T cells,Naive/resting T cells,Naive/resting T cells,0.9979558,False,0.0001035054,0.00023278146,8.29325e-05,0.00011623327,0.0003743717,0.001058574,7.5749784e-05,0.9979558
pbmc4k_CTACGTCGTTTGCATG-1,Classical monocytes,Classical monocytes,Classical monocytes,0.99581367,True,7.1637296e-05,0.00084246317,0.0017276003,0.99581367,0.00015301918,0.00097007985,0.00029892405,0.0001225402
pbmc4k_CTACGTCTCTGGAGCC-1,Classical monocytes,Classical monocytes,Classical monocytes,0.997835,True,5.8158694e-05,0.00058031623,0.00072875933,0.997835,0.00014411281,0.0003962791,0.00018005617,7.735049e-05
pbmc4k_CTAGAGTAGACCCACC-1,Classical monocytes,Classical monocytes,Classical monocytes,0.9991098,True,2.3212533e-05,8.083417e-05,0.00058293034,0.9991098,2.6188509e-05,0.00011342707,4.740318e-05,1.6132411e-05
pbmc4k_CTAGAGTAGGGTTTCT-1,Classical monocytes,Classical monocytes,Classical monocytes,0.99857163,True,4.80852e-05,0.0002933518,0.0005005186,0.99857163,0.00011541829,0.00029883257,0.00013354058,3.859048e-05
pbmc4k_CTAGAGTAGTGGGCTA-1,Classical monocytes,Classical monocytes,Classical monocytes,0.9976833,True,4.2269792e-05,0.0010184937,0.00037792436,0.9976833,0.0001298502,0.00055027014,8.127925e-05,0.00011657837
pbmc4k_CTAGAGTCATCCTTGC-1,Activated/transitional T cells,Naive/resting T cells,Naive/resting T cells,0.9881392,False,0.0002928667,0.00092499796,0.00026666958,0.00036950814,0.00027009466,0.0095109055,0.00022580063,0.9881392
pbmc4k_CTAGAGTCATGCCACG-1,IL7R+ memory/helper T cells,Cytotoxic CD8 T cells,Cytotoxic CD8 T cells,0.7926029,False,0.00051364704,0.0005449384,0.00042483822,0.00033209342,0.7926029,0.20427229,0.0003379539,0.0009713428
pbmc4k_CTAGAGTGTACAAGTA-1,B cells,B cells,B cells,0.9990922,True,6.999775e-05,0.9990922,6.61501e-05,6.3090236e-05,2.9250843e-05,0.00022584091,5.8261077e-05,0.00039515347
pbmc4k_CTAGAGTGTCATTAGC-1,Naive/resting T cells,Naive/resting T cells,Naive/resting T cells,0.9700407,True,0.0070939166,0.003343772,0.001985979,0.0032133702,0.0026407065,0.009828849,0.0018527847,0.9700407
pbmc4k_CTAGAGTTCCGCAGTG-1,IL7R+ memory/helper T cells,IL7R+ memory/helper T cells,IL7R+ memory/helper T cells,0.99759066,True,0.000100220874,0.0003104957,0.00023767399,0.0002070603,0.00022651536,0.99759066,0.00024125133,0.0010861317
pbmc4k_CTAGAGTTCGAGAACG-1,Activated/transitional T cells,Naive/resting T cells,Naive/resting T cells,0.98775136,False,0.002199933,0.0007266352,0.000519718,0.0007110649,0.0004320484,0.0072140656,0.00044518785,0.98775136
pbmc4k_CTAGCCTAGGGAGTAA-1,Cytotoxic CD8 T cells,Cytotoxic CD8 T cells,Cytotoxic CD8 T cells,0.9915427,True,0.0004371738,0.000505429,0.00037627984,0.00028126157,0.9915427,0.004825508,0.0016241374,0.00040754056
pbmc4k_CTAGCCTGTCAACATC-1,Cytotoxic CD8 T cells,Cytotoxic CD8 T cells,Cytotoxic CD8 T cells,0.96951383,True,0.0001161091,0.00028714104,0.00021021193,0.00018063874,0.96951383,0.027539354,0.00023491262,0.0019178019
pbmc4k_CTAGCCTGTCGGCATC-1,Activated/transitional T cells,Naive/resting T cells,Naive/resting T cells,0.7754533,False,0.0019344095,0.0037840628,0.0024551228,0.0019220932,0.0023228084,0.21034119,0.0017870285,0.7754533
pbmc4k_CTAGCCTTCTCCAACC-1,Activated/transitional T cells,Naive/resting T cells,Naive/resting T cells,0.9973533,False,0.00049121084,0.0008440132,0.0002048953,0.0002584713,0.00011895571,0.0005793633,0.00014983414,0.9973533
pbmc4k_CTAGCCTTCTGTACGA-1,Classical monocytes,Classical monocytes,Classical monocytes,0.9796408,True,0.0002943274,0.0048254034,0.011928953,0.9796408,0.0005928836,0.0011432573,0.001041606,0.000532836
pbmc4k_CTAGTGAAGCCGGTAA-1,IL7R+ memory/helper T cells,IL7R+ memory/helper T cells,IL7R+ memory/helper T cells,0.98921764,True,0.0012589138,0.0012581252,0.0010326627,0.0008877286,0.0010645065,0.98921764,0.001215948,0.004064521
pbmc4k_CTAGTGAGTCAATGTC-1,B cells,B cells,B cells,0.9993851,True,3.1610707e-05,0.9993851,3.1727253e-05,4.8951915e-05,2.4036854e-05,0.00019525776,3.4107263e-05,0.00024911904
pbmc4k_CTAGTGAGTCTCTTTA-1,Cytotoxic CD8 T cells,Cytotoxic CD8 T cells,Cytotoxic CD8 T cells,0.977738,True,0.009772825,0.0010612713,0.0008072056,0.001021265,0.977738,0.0035803446,0.0007887045,0.0052304054
pbmc4k_CTAGTGAGTTGTCTTT-1,Classical monocytes,Classical monocytes,Classical monocytes,0.9996563,True,2.134892e-05,4.464561e-05,0.00011816475,0.9996563,2.4598718e-05,4.6049638e-05,5.4721506e-05,3.414669e-05
pbmc4k_CTAGTGATCGCCTGAG-1,IL7R+ memory/helper T cells,IL7R+ memory/helper T cells,IL7R+ memory/helper T cells,0.78890896,True,0.0003912329,0.0009427647,0.00055776106,0.0005646195,0.0010921014,0.78890896,0.0004942134,0.20704834
pbmc4k_CTCACACAGCCCGAAA-1,Classical monocytes,Classical monocytes,Classical monocytes,0.998774,True,2.2789509e-05,0.00022817857,0.00032164744,0.998774,6.813729e-05,0.0004491209,7.356207e-05,6.260935e-05
pbmc4k_CTCACACAGCGTTTAC-1,Activated/transitional T cells,Naive/resting T cells,Naive/resting T cells,0.95482147,False,0.00029413318,0.0007495219,0.0006308285,0.0006666929,0.000596583,0.041767348,0.000473408,0.95482147
pbmc4k_CTCACACCAGTTCATG-1,Classical monocytes,Classical monocytes,Classical monocytes,0.99942905,True,6.446069e-05,8.883071e-05,8.976389e-05,0.99942905,4.795276e-05,8.233224e-05,9.8272074e-05,9.936602e-05
pbmc4k_CTCACACCATGCCCGA-1,Activated/transitional T cells,Naive/resting T cells,Naive/resting T cells,0.966335,False,0.0005707178,0.0007845724,0.00064271333,0.00073495705,0.00078463973,0.02974263,0.00040476242,0.966335
pbmc4k_CTCACACGTATAGGGC-1,Cytotoxic CD8 T cells,Cytotoxic CD8 T cells,Cytotoxic CD8 T cells,0.9874249,True,0.00035453023,0.00053054915,0.0005663438,0.00033066404,0.9874249,0.0066274144,0.00084990746,0.0033157303
pbmc4k_CTCACACGTTTAAGCC-1,Activated/transitional T cells,Naive/resting T cells,Naive/resting T cells,0.74000525,False,0.00044798676,0.0019003928,0.0006873688,0.00065382844,0.00062770466,0.2551506,0.00052685407,0.74000525
pbmc4k_CTCACACTCAGTTGAC-1,NK cells,NK cells,NK cells,0.9827808,True,0.0035118354,0.000850555,0.0012012229,0.00088311447,0.008388466,0.0017210563,0.9827808,0.00066294376
pbmc4k_CTCACACTCTACGAGT-1,Activated/transitional T cells,Naive/resting T cells,Naive/resting T cells,0.99275744,False,0.0004187836,0.00040210836,0.00026075626,0.00036468633,0.00021335711,0.005361764,0.00022112037,0.99275744
pbmc4k_CTCACACTCTGCCAGG-1,Cytotoxic CD8 T cells,IL7R+ memory/helper T cells,Cytotoxic CD8 T cells,0.60933626,True,0.00031776057,0.0015943703,0.000811389,0.0007128385,0.60933626,0.36690965,0.0005922497,0.019725448
pbmc4k_CTCAGAAAGAGTAATC-1,B cells,B cells,B cells,0.9993924,True,3.9361425e-05,0.9993924,5.39502e-05,5.5917033e-05,4.796687e-05,0.00015813233,3.6309437e-05,0.0002159134
pbmc4k_CTCAGAAAGGTGTGGT-1,IL7R+ memory/helper T cells,IL7R+ memory/helper T cells,IL7R+ memory/helper T cells,0.99437165,True,8.38083e-05,0.00021593708,0.00021513666,0.0005389047,0.00019700128,0.99437165,0.00014770158,0.0042297747
pbmc4k_CTCAGAAAGTAGCGGT-1,B cells,B cells,B cells,0.9995559,True,6.2603234e-05,0.9995559,2.6236257e-05,3.69413e-05,1.8550098e-05,6.672703e-05,2.2994496e-05,0.00021003433
pbmc4k_CTCAGAACAATCTGCA-1,Activated/transitional T cells,Naive/resting T cells,Naive/resting T cells,0.98524,False,0.00048068623,0.0007766784,0.00031651312,0.00034812908,0.00015976382,0.012469497,0.00020874025,0.98524
pbmc4k_CTCAGAAGTATCGCAT-1,Classical monocytes,Classical monocytes,Classical monocytes,0.9996401,True,1.4040382e-05,9.014843e-05,6.855019e-05,0.9996401,1.6234666e-05,0.00011636373,2.9609162e-05,2.4912591e-05
pbmc4k_CTCAGAAGTCAAAGAT-1,B cells,B cells,B cells,0.9991308,True,6.4827014e-05,0.9991308,6.0940998e-05,8.7995046e-05,4.5370765e-05,0.00012756245,4.1411135e-05,0.00044107472
pbmc4k_CTCATTAAGCCAACAG-1,Cytotoxic CD8 T cells,Cytotoxic CD8 T cells,Cytotoxic CD8 T cells,0.99506027,True,0.0005370899,0.000340387,0.0002170292,0.00018263042,0.99506027,0.0027249637,0.00015672315,0.0007808999
pbmc4k_CTCATTAAGCTGCGAA-1,CD16+ non-classical monocytes,CD16+ non-classical monocytes,CD16+ non-classical monocytes,0.99888796,True,2.6298207e-05,0.00041710646,0.99888796,0.00021362,6.716591e-05,0.0001957041,0.00014131733,5.0786057e-05
pbmc4k_CTCATTAAGGATCGCA-1,Classical monocytes,Classical monocytes,Classical monocytes,0.99819773,True,6.508231e-05,0.00024896453,0.0005375116,0.99819773,9.0124435e-05,0.0005212574,0.00015635171,0.0001829433
pbmc4k_CTCATTAAGGTCATCT-1,Classical monocytes,Classical monocytes,Classical monocytes,0.9995515,True,2.24132e-05,9.161147e-05,0.00018857821,0.9995515,2.1909245e-05,5.915248e-05,4.255826e-05,2.2266748e-05
pbmc4k_CTCATTACACGGCCAT-1,Classical monocytes,Classical monocytes,Classical monocytes,0.9850486,True,6.188638e-05,0.00029578904,0.0009682714,0.9850486,0.0020142696,0.01125266,0.0001511825,0.00020732082
pbmc4k_CTCATTACAGGGCATA-1,Activated/transitional T cells,Naive/resting T cells,Naive/resting T cells,0.9905806,False,0.00027113047,0.00034743277,0.00020240822,0.00027097252,0.00024297697,0.0078921225,0.00019230266,0.9905806
pbmc4k_CTCATTACAGGTCCAC-1,Activated/transitional T cells,Naive/resting T cells,Naive/resting T cells,0.9724751,False,0.00037914288,0.00041884804,0.00028909295,0.00035995495,0.0001628729,0.025701134,0.00021387564,0.9724751
pbmc4k_CTCATTACATAGGATA-1,Classical monocytes,Classical monocytes,Classical monocytes,0.9996309,True,2.2549822e-05,8.15584e-05,0.00013919511,0.9996309,1.8655759e-05,4.258795e-05,3.0221161e-05,3.4341116e-05
pbmc4k_CTCATTACATGAACCT-1,IL7R+ memory/helper T cells,IL7R+ memory/helper T cells,IL7R+ memory/helper T cells,0.9841086,True,0.00019539462,0.00035462098,0.00022056748,0.00022183044,0.013866758,0.9841086,0.00024053532,0.00079168915
pbmc4k_CTCATTAGTCTCCATC-1,Classical monocytes,Classical monocytes,Classical monocytes,0.9977786,True,6.971924e-05,0.00022856896,0.00094727724,0.9977786,9.192492e-05,0.000608854,0.00014877095,0.00012624582
pbmc4k_CTCATTATCAGTCCCT-1,Classical monocytes,Classical monocytes,Classical monocytes,0.9955493,True,8.317665e-05,0.0015131842,0.0013674274,0.9955493,0.00017419027,0.0008557901,0.00026972298,0.00018724619
pbmc4k_CTCATTATCATTTGGG-1,Activated/transitional T cells,Naive/resting T cells,Naive/resting T cells,0.9673025,False,0.00014257191,0.00028483954,0.00016891287,0.00024626276,0.00011043475,0.03159567,0.00014876146,0.9673025
pbmc4k_CTCATTATCTTAACCT-1,Classical monocytes,Classical monocytes,Classical monocytes,0.9995529,True,3.5081983e-05,0.00011050227,0.0001379463,0.9995529,6.5785745e-05,3.3423785e-05,4.7686335e-05,1.6662805e-05
pbmc4k_CTCCTAGAGAACAATC-1,Activated/transitional T cells,Naive/resting T cells,Naive/resting T cells,0.9890141,False,0.0011824949,0.00076214294,0.00057173753,0.00080525863,0.00039856485,0.0068551637,0.0004105705,0.9890141
pbmc4k_CTCCTAGAGCAGACTG-1,B cells,B cells,B cells,0.99903417,True,8.35823e-06,0.99903417,4.5331646e-05,3.7738097e-05,2.8522309e-05,0.00046684334,2.3108867e-05,0.0003559128
pbmc4k_CTCCTAGAGTACGTTC-1,Classical monocytes,Classical monocytes,Classical monocytes,0.99834466,True,9.851169e-05,0.00013466981,0.00016371139,0.99834466,6.3293395e-05,0.00054694986,9.545394e-05,0.0005527015
pbmc4k_CTCCTAGAGTTCGCGC-1,Classical monocytes,Classical monocytes,Classical monocytes,0.9994943,True,2.4495434e-05,6.152815e-05,0.00020485772,0.9994943,2.0674213e-05,0.00012352032,4.347055e-05,2.7147298e-05
pbmc4k_CTCCTAGCATTGGTAC-1,Classical monocytes,Classical monocytes,Classical monocytes,0.99875367,True,7.771271e-05,8.132518e-05,0.00015299045,0.99875367,6.647945e-05,0.0006219796,8.812322e-05,0.00015768486
pbmc4k_CTCCTAGGTGGCTCCA-1,Activated/transitional T cells,Naive/resting T cells,Naive/resting T cells,0.92845094,False,0.0002844044,0.0009092855,0.00032231823,0.00040598668,0.0005411509,0.06883715,0.00024874136,0.92845094
pbmc4k_CTCCTAGTCAAAGACA-1,Activated/transitional T cells,Naive/resting T cells,Naive/resting T cells,0.88184917,False,0.0009497938,0.0029882044,0.0014109499,0.0020076067,0.00093136803,0.108665116,0.0011978322,0.88184917
pbmc4k_CTCCTAGTCCGCATCT-1,Classical monocytes,Classical monocytes,Classical monocytes,0.9978824,True,7.8354264e-05,0.00037934864,0.0004949545,0.9978824,0.00011982905,0.0006166174,0.00019706094,0.00023143383
pbmc4k_CTCCTAGTCGTACCGG-1,Cytotoxic CD8 T cells,Cytotoxic CD8 T cells,Cytotoxic CD8 T cells,0.90455395,True,0.00028002364,0.0010461628,0.00072385254,0.0006308691,0.90455395,0.07978723,0.0005433626,0.012434604
pbmc4k_CTCCTAGTCTGCTGTC-1,Naive/resting T cells,Naive/resting T cells,Naive/resting T cells,0.99265623,True,0.00037985865,0.0012213518,0.00038184848,0.00055604824,0.0002264902,0.004221231,0.00035697862,0.99265623
pbmc4k_CTCGAAAAGCGCCTTG-1,Activated/transitional T cells,Naive/resting T cells,Naive/resting T cells,0.98967195,False,0.006415083,0.0008261927,0.00034823694,0.00069138315,0.00050144683,0.0012035206,0.00034212534,0.98967195
pbmc4k_CTCGAAACAGTGAGTG-1,Classical monocytes,Classical monocytes,Classical monocytes,0.9934268,True,0.00015725078,0.0012412411,0.004028671,0.9934268,0.00033953763,0.00048385607,0.0002272112,9.549646e-05
pbmc4k_CTCGAAACATGACATC-1,NK cells,NK cells,NK cells,0.7147672,True,0.022075132,0.004760295,0.027307335,0.0050735287,0.2116439,0.012458137,0.7147672,0.0019144741
pbmc4k_CTCGAAAGTCAATGTC-1,IL7R+ memory/helper T cells,IL7R+ memory/helper T cells,IL7R+ memory/helper T cells,0.99817646,True,4.923982e-05,0.00014941192,7.782105e-05,7.0168215e-05,0.00019118626,0.99817646,5.9742917e-05,0.001225931
pbmc4k_CTCGAAATCAGTGCAT-1,Activated/transitional T cells,Naive/resting T cells,Naive/resting T cells,0.9735251,False,0.0032109374,0.0042503765,0.0008253045,0.0013372783,0.00057454745,0.015507381,0.0007690857,0.9735251
pbmc4k_CTCGAGGAGGCTATCT-1,Activated/transitional T cells,Naive/resting T cells,Naive/resting T cells,0.92894787,False,0.0025993818,0.001840695,0.0013070189,0.0012838063,0.0010527641,0.061846513,0.0011220209,0.92894787
pbmc4k_CTCGAGGAGTTATCGC-1,B cells,B cells,B cells,0.99913967,True,0.00010255303,0.99913967,5.5673638e-05,8.079936e-05,3.829109e-05,0.00020687771,5.9866077e-05,0.00031627802
pbmc4k_CTCGAGGCAAAGTGCG-1,Activated/transitional T cells,Naive/resting T cells,Naive/resting T cells,0.8331858,False,0.00031650762,0.0008904766,0.0007293444,0.00070054195,0.0008194799,0.16292812,0.0004296817,0.8331858
pbmc4k_CTCGAGGCAATAACGA-1,IL7R+ memory/helper T cells,IL7R+ memory/helper T cells,IL7R+ memory/helper T cells,0.9978801,True,8.630843e-05,0.00026968672,0.00020965919,0.00014543472,0.00033649043,0.9978801,0.00012092994,0.0009514117
pbmc4k_CTCGAGGGTAAATGAC-1,Activated/transitional T cells,Naive/resting T cells,Naive/resting T cells,0.8318818,False,0.00041270634,0.00089478196,0.00033298632,0.00041389867,0.0003968962,0.1653559,0.00031099812,0.8318818
pbmc4k_CTCGAGGTCCCATTAT-1,NK cells,NK cells,NK cells,0.9915713,True,0.0001690391,0.00013028788,0.00025386762,0.000111898844,0.006900555,0.00076149503,0.9915713,0.000101536636
pbmc4k_CTCGAGGTCGGAGGTA-1,Activated/transitional T cells,Naive/resting T cells,Naive/resting T cells,0.9800316,False,0.0015695847,0.000667007,0.0004436103,0.00046525442,0.00064163975,0.015806496,0.0003748277,0.9800316
pbmc4k_CTCGAGGTCTGGGCCA-1,Cytotoxic CD8 T cells,Cytotoxic CD8 T cells,Cytotoxic CD8 T cells,0.9168583,True,0.0025192138,0.0011250097,0.000767456,0.0008873504,0.9168583,0.05935536,0.0009314303,0.017555932
pbmc4k_CTCGAGGTCTTTACAC-1,Cytotoxic CD8 T cells,IL7R+ memory/helper T cells,IL7R+ memory/helper T cells,0.9852271,False,0.00070292986,0.00089369935,0.0007813501,0.00060501613,0.010031615,0.9852271,0.000723193,0.0010350714
pbmc4k_CTCGGAGAGCGAAGGG-1,Cytotoxic CD8 T cells,Cytotoxic CD8 T cells,Cytotoxic CD8 T cells,0.9946262,True,0.00019472738,0.00028861134,0.000121356854,0.00012405195,0.9946262,0.0022558644,0.00011785485,0.0022713153
pbmc4k_CTCGGAGCAGACGCCT-1,B cells,B cells,B cells,0.99930096,True,2.17826e-05,0.99930096,5.8690595e-05,6.1572595e-05,2.4209758e-05,0.00022092366,3.3518e-05,0.0002783388
pbmc4k_CTCGGAGGTCGACTGC-1,IL7R+ memory/helper T cells,IL7R+ memory/helper T cells,IL7R+ memory/helper T cells,0.919407,True,0.00025716372,0.0046267295,0.000791679,0.0008303935,0.00067007897,0.919407,0.00048593272,0.07293099
pbmc4k_CTCGGAGGTGCAGTAG-1,Classical monocytes,Classical monocytes,Classical monocytes,0.9963743,True,0.000100920995,0.0009206325,0.0017168756,0.9963743,0.00012819469,0.00036947982,0.00021883148,0.00017079352
pbmc4k_CTCGGAGTCCTATGTT-1,Activated/transitional T cells,Naive/resting T cells,Naive/resting T cells,0.9801736,False,0.000322971,0.00055267214,0.00026099253,0.00038964133,0.00022716244,0.0178388,0.00023420063,0.9801736
pbmc4k_CTCGGGAAGAAGAAGC-1,Cytotoxic CD8 T cells,Cytotoxic CD8 T cells,Cytotoxic CD8 T cells,0.98797995,True,9.473496e-05,0.000166318,0.00014047061,0.00011641237,0.98797995,0.005695094,0.005684263,0.00012273536
pbmc4k_CTCGGGAAGGTGCAAC-1,Cytotoxic CD8 T cells,IL7R+ memory/helper T cells,IL7R+ memory/helper T cells,0.9187714,False,0.0015277767,0.000945041,0.0007390583,0.0006461661,0.07532105,0.9187714,0.0007141331,0.0013353805
pbmc4k_CTCGGGACAAGCGCTC-1,Activated/transitional T cells,Naive/resting T cells,Naive/resting T cells,0.9509769,False,0.000297576,0.0013100302,0.00049613015,0.0007001706,0.00057536154,0.045241896,0.00040198976,0.9509769
pbmc4k_CTCGGGACACCTGGTG-1,Activated/transitional T cells,Naive/resting T cells,Naive/resting T cells,0.9913474,False,0.00020485731,0.0002934941,0.00018642316,0.0002593628,0.00012751069,0.0074047307,0.00017622304,0.9913474
pbmc4k_CTCGGGAGTTCAGCGC-1,Classical monocytes,Classical monocytes,Classical monocytes,0.997474,True,4.0993757e-05,0.00043498102,0.0014035435,0.997474,0.00014250487,0.00031251978,0.00011214494,7.924937e-05
pbmc4k_CTCGGGAGTTTAGGAA-1,Cytotoxic CD8 T cells,Cytotoxic CD8 T cells,Cytotoxic CD8 T cells,0.99440837,True,0.0012274543,0.00027298194,0.00020141463,0.00022946994,0.99440837,0.001941351,0.00022327376,0.0014957399
pbmc4k_CTCGGGAGTTTGGGCC-1,Activated/transitional T cells,Naive/resting T cells,Naive/resting T cells,0.9282126,False,0.000854298,0.0023724164,0.00081869285,0.0010950391,0.0009074376,0.06510801,0.00063153007,0.9282126
pbmc4k_CTCGGGATCCCAAGTA-1,B cells,B cells,B cells,0.99888736,True,2.620781e-05,0.99888736,5.166693e-05,5.3268497e-05,3.041615e-05,0.0005418603,3.4299766e-05,0.00037490562
pbmc4k_CTCGGGATCGAATCCA-1,NK cells,NK cells,NK cells,0.99927324,True,4.2526535e-05,3.2174146e-05,0.0001662666,3.3715838e-05,0.00025477185,0.0001893553,0.99927324,8.012842e-06
pbmc4k_CTCGGGATCTTTACGT-1,B cells,B cells,B cells,0.99870825,True,5.851315e-05,0.99870825,2.5439833e-05,2.7218979e-05,1.7361235e-05,0.00011842028,2.3022987e-05,0.0010218172
pbmc4k_CTCGTACAGACTGGGT-1,Cytotoxic CD8 T cells,Cytotoxic CD8 T cells,Cytotoxic CD8 T cells,0.9916257,True,0.00060630846,0.00036371066,0.00023408972,0.00023482938,0.9916257,0.005024567,0.0003453688,0.0015654314
pbmc4k_CTCGTACCAAAGAATC-1,IL7R+ memory/helper T cells,IL7R+ memory/helper T cells,IL7R+ memory/helper T cells,0.80062586,True,0.0021338246,0.0035722808,0.0039568893,0.002538597,0.0029391926,0.80062586,0.0021039946,0.18212931
pbmc4k_CTCGTACCACATGTGT-1,NK cells,NK cells,NK cells,0.87719715,True,0.012802878,0.0046492647,0.008210703,0.0039174617,0.08718126,0.002807171,0.87719715,0.003234143
pbmc4k_CTCGTACCACCTCGGA-1,Naive/resting T cells,Naive/resting T cells,Naive/resting T cells,0.99773204,True,9.531235e-05,0.00021109177,8.510549e-05,0.00011312579,7.367472e-05,0.0016231163,6.649714e-05,0.99773204
pbmc4k_CTCGTACCATGAGCGA-1,Cytotoxic CD8 T cells,Cytotoxic CD8 T cells,Cytotoxic CD8 T cells,0.8299883,True,0.0050099394,0.004537853,0.00480482,0.0038614443,0.8299883,0.13913608,0.0058225133,0.006839056
pbmc4k_CTCGTACGTAGAGGAA-1,Activated/transitional T cells,Naive/resting T cells,Naive/resting T cells,0.94918257,False,0.00050384,0.0010043925,0.0007641172,0.0008262345,0.00042327115,0.046772663,0.0005228561,0.94918257
pbmc4k_CTCGTACGTCCGACGT-1,Activated/transitional T cells,Naive/resting T cells,Naive/resting T cells,0.99732685,False,0.00015165734,0.00023321965,0.00012054427,0.00015081072,0.00010661475,0.0018186988,9.159057e-05,0.99732685
pbmc4k_CTCGTACGTTTGTGTG-1,B cells,B cells,B cells,0.99935085,True,4.3902524e-05,0.99935085,3.974267e-05,4.666016e-05,2.7020465e-05,0.00019729542,2.8727716e-05,0.0002657646
pbmc4k_CTCGTACTCAGCTTAG-1,Cytotoxic CD8 T cells,Cytotoxic CD8 T cells,Cytotoxic CD8 T cells,0.8341443,True,0.00064706954,0.00088223047,0.0005854392,0.0005096345,0.8341443,0.16181885,0.0005062217,0.0009062277
pbmc4k_CTCGTACTCATTTGGG-1,Cytotoxic CD8 T cells,Cytotoxic CD8 T cells,Cytotoxic CD8 T cells,0.9948667,True,0.0005942272,0.0002558234,0.00024389663,0.00021110514,0.9948667,0.0029428795,0.00016854896,0.00071672833
pbmc4k_CTCGTCAAGTAATCCC-1,Classical monocytes,Classical monocytes,Classical monocytes,0.99909806,True,2.3725452e-05,0.00019261331,0.00034064948,0.99909806,7.1199946e-05,0.00014765908,8.00579e-05,4.6074907e-05
pbmc4k_CTCGTCACAAGGCTCC-1,Activated/transitional T cells,IL7R+ memory/helper T cells,Naive/resting T cells,0.6608144,False,0.0006716375,0.003189093,0.0016423106,0.0017903638,0.0019428591,0.3288248,0.0011245426,0.6608144
pbmc4k_CTCGTCACAATCGAAA-1,NK cells,Cytotoxic CD8 T cells,Cytotoxic CD8 T cells,0.97118586,False,0.0005591587,0.002698442,0.0022679407,0.0016289891,0.97118586,0.016026264,0.0034067517,0.002226668
pbmc4k_CTCGTCACACCTGGTG-1,Cytotoxic CD8 T cells,Cytotoxic CD8 T cells,Cytotoxic CD8 T cells,0.995811,True,0.0008606456,0.00017759342,0.00012535254,0.00013332909,0.995811,0.0023311214,0.00021161242,0.00034942565
pbmc4k_CTCGTCAGTAACGACG-1,B cells,B cells,B cells,0.99840397,True,3.7511265e-05,0.99840397,4.641008e-05,7.476901e-05,3.0656825e-05,0.00096753024,4.0751347e-05,0.00039839
pbmc4k_CTCGTCAGTAGGGACT-1,Classical monocytes,Classical monocytes,Classical monocytes,0.9952545,True,8.7940854e-05,0.0012743102,0.0016778925,0.9952545,0.00032046848,0.0008098266,0.00036098756,0.00021413315
pbmc4k_CTCGTCAGTGATGATA-1,Cytotoxic CD8 T cells,Naive/resting T cells,Naive/resting T cells,0.8003301,False,0.009110668,0.0037943688,0.003747789,0.003506227,0.068577036,0.10862748,0.0023063226,0.8003301
pbmc4k_CTCGTCAGTGCCTGCA-1,B cells,B cells,B cells,0.9989918,True,0.00012156609,0.9989918,4.7195685e-05,5.0791776e-05,1.8955678e-05,0.00011787658,2.9619885e-05,0.000622148
pbmc4k_CTCGTCAGTTCGAATC-1,Classical monocytes,Classical monocytes,Classical monocytes,0.995678,True,5.589584e-05,0.0009486796,0.002196112,0.995678,0.00017234545,0.00067904027,0.00024031941,2.9664718e-05
pbmc4k_CTCTAATAGAGGTAGA-1,B cells,B cells,B cells,0.99945134,True,6.5114036e-05,0.99945134,2.6692818e-05,4.771993e-05,3.3615917e-05,4.691406e-05,2.7815444e-05,0.00030073445
pbmc4k_CTCTAATAGCTGGAAC-1,Activated/transitional T cells,Naive/resting T cells,Naive/resting T cells,0.9762748,False,0.00010301726,0.001382198,0.00026846622,0.00023345066,0.00026807425,0.021256452,0.00021356993,0.9762748
pbmc4k_CTCTAATAGGTTCCTA-1,B cells,B cells,B cells,0.9992173,True,2.0170684e-05,0.9992173,4.3603508e-05,5.6909576e-05,3.311939e-05,0.00018471475,3.991812e-05,0.0004043192
pbmc4k_CTCTAATCACCTGGTG-1,Cytotoxic CD8 T cells,Cytotoxic CD8 T cells,Cytotoxic CD8 T cells,0.9902581,True,6.193538e-05,0.000110843575,7.88768e-05,7.1277806e-05,0.9902581,0.009280235,7.101326e-05,6.76977e-05
pbmc4k_CTCTAATGTCGAATCT-1,Activated/transitional T cells,Naive/resting T cells,Naive/resting T cells,0.9847388,False,0.0016474341,0.00052387035,0.00023125885,0.00034016767,0.00025899961,0.012038371,0.00022107105,0.9847388
pbmc4k_CTCTAATGTTAGTGGG-1,Cytotoxic CD8 T cells,Cytotoxic CD8 T cells,Cytotoxic CD8 T cells,0.9728904,True,0.0019648313,0.0027052953,0.00095054094,0.0007902937,0.9728904,0.015891597,0.0032509242,0.0015561642
pbmc4k_CTCTAATGTTGGACCC-1,Activated/transitional T cells,Naive/resting T cells,Naive/resting T cells,0.9847564,False,0.0002799534,0.0003403725,0.00025169546,0.0003172303,0.00015474627,0.0137127675,0.00018678285,0.9847564
pbmc4k_CTCTAATGTTTGGGCC-1,Cytotoxic CD8 T cells,Cytotoxic CD8 T cells,Cytotoxic CD8 T cells,0.9778309,True,0.0005892813,0.000506489,0.00038756145,0.00034123496,0.9778309,0.009382512,0.010717558,0.00024441633
pbmc4k_CTCTAATTCCAAACTG-1,Cytotoxic CD8 T cells,Cytotoxic CD8 T cells,Cytotoxic CD8 T cells,0.9286716,True,0.0009818961,0.00087153923,0.00085196004,0.00072239427,0.9286716,0.024461264,0.04237712,0.0010622103
pbmc4k_CTCTAATTCGGCCGAT-1,NK cells,NK cells,NK cells,0.88874894,True,0.00122741,0.0025806327,0.021006763,0.002013631,0.07038796,0.012758099,0.88874894,0.0012765279
pbmc4k_CTCTACGAGCCAGAAC-1,Cytotoxic CD8 T cells,Cytotoxic CD8 T cells,Cytotoxic CD8 T cells,0.9916483,True,0.00034589783,0.00022911013,0.00027085358,0.00015980819,0.9916483,0.0033931707,0.00019585188,0.0037569795
pbmc4k_CTCTACGAGCGACGTA-1,Activated/transitional T cells,Naive/resting T cells,Naive/resting T cells,0.98443305,False,7.5016374e-05,0.00024817087,0.00014757189,0.00016802958,0.00011057706,0.014711346,0.00010628119,0.98443305
pbmc4k_CTCTACGCACACCGAC-1,B cells,B cells,B cells,0.9988487,True,2.137519e-05,0.9988487,2.8045437e-05,3.7980233e-05,1.9235167e-05,0.00012726511,2.0953303e-05,0.0008965002
pbmc4k_CTCTACGGTAAAGTCA-1,Classical monocytes,Classical monocytes,Classical monocytes,0.9996972,True,3.538946e-05,5.4581138e-05,8.859723e-05,0.9996972,1.6625807e-05,2.9256304e-05,5.4697965e-05,2.3649292e-05
pbmc4k_CTCTACGGTATAGTAG-1,B cells,B cells,B cells,0.9993844,True,0.000104514365,0.9993844,5.869253e-05,7.010843e-05,2.7219907e-05,0.00020845789,5.4036896e-05,9.249169e-05
pbmc4k_CTCTACGGTTAAGATG-1,Classical monocytes,Classical monocytes,Classical monocytes,0.99947435,True,0.00014338232,4.8943304e-05,4.581258e-05,0.99947435,2.7435599e-05,0.00016047923,5.7186535e-05,4.248547e-05
pbmc4k_CTCTGGTAGACTTTCG-1,Classical monocytes,Classical monocytes,Classical monocytes,0.99860793,True,5.3950025e-05,0.0008753985,9.975807e-05,0.99860793,3.071764e-05,0.00020479805,6.376746e-05,6.3652384e-05
pbmc4k_CTCTGGTAGTTAGGTA-1,Cytotoxic CD8 T cells,IL7R+ memory/helper T cells,IL7R+ memory/helper T cells,0.83019054,False,0.027334254,0.0063558375,0.0051383693,0.005259969,0.10577669,0.83019054,0.0052291392,0.014715163
pbmc4k_CTCTGGTCAAATCCGT-1,Activated/transitional T cells,Naive/resting T cells,Naive/resting T cells,0.9039587,False,0.006700094,0.0021103248,0.001337302,0.0016024432,0.0012742316,0.081491955,0.0015249444,0.9039587
pbmc4k_CTCTGGTCACGAGAGT-1,Classical monocytes,Classical monocytes,Classical monocytes,0.9905715,True,9.1625545e-05,0.0016527293,0.006218617,0.9905715,0.00023718648,0.000536942,0.0003143565,0.00037705048
pbmc4k_CTCTGGTCATAACCTG-1,B cells,B cells,B cells,0.99963987,True,2.4427261e-05,0.99963987,2.7756187e-05,3.4614393e-05,1.41194805e-05,9.33583e-05,2.3833545e-05,0.000141968
pbmc4k_CTCTGGTGTAAATGAC-1,Naive/resting T cells,Naive/resting T cells,Naive/resting T cells,0.9933669,True,0.00017903758,0.0010028024,0.00018503678,0.0002699965,0.00018713617,0.0046362197,0.00017281834,0.9933669
pbmc4k_CTCTGGTGTCGTCTTC-1,Activated/transitional T cells,Naive/resting T cells,Naive/resting T cells,0.9750172,False,0.008260009,0.0014839649,0.0009741328,0.0016321668,0.00044804657,0.011311551,0.0008729555,0.9750172
pbmc4k_CTCTGGTGTGAACCTT-1,Classical monocytes,Classical monocytes,Classical monocytes,0.9993794,True,2.7388554e-05,8.804289e-05,0.00018861642,0.9993794,9.927196e-05,0.00012429306,4.4835033e-05,4.818398e-05
pbmc4k_CTCTGGTGTTAAGGGC-1,CD16+ non-classical monocytes,CD16+ non-classical monocytes,CD16+ non-classical monocytes,0.99904364,True,2.245336e-05,0.0004093015,0.99904364,0.00016399969,9.5516865e-05,0.00012910545,0.00011423524,2.1688533e-05
pbmc4k_CTCTGGTTCCTCTAGC-1,Activated/transitional T cells,Naive/resting T cells,Naive/resting T cells,0.9978721,False,0.0004699132,0.00022095813,0.00013150761,0.00019368842,0.00013532519,0.00086128165,0.00011526035,0.9978721
pbmc4k_CTCTGGTTCTATGTGG-1,B cells,B cells,B cells,0.99928975,True,4.9506747e-05,0.99928975,3.271572e-05,7.0636444e-05,1.7354785e-05,0.0001992211,3.2776494e-05,0.00030799024
pbmc4k_CTGAAACGTCATACTG-1,Activated/transitional T cells,Naive/resting T cells,Naive/resting T cells,0.99134105,False,0.00026758751,0.00051433255,0.0003311552,0.0003296648,0.0005535207,0.0064516864,0.00021101041,0.99134105
pbmc4k_CTGAAACTCGTTTAGG-1,IL7R+ memory/helper T cells,IL7R+ memory/helper T cells,IL7R+ memory/helper T cells,0.9489402,True,0.00031821532,0.0011182309,0.00069714384,0.0005569683,0.00043405,0.9489402,0.00044117548,0.047494024
pbmc4k_CTGAAACTCTAACTCT-1,IL7R+ memory/helper T cells,IL7R+ memory/helper T cells,IL7R+ memory/helper T cells,0.97993124,True,0.00071637146,0.0008382071,0.00066201173,0.0005799729,0.014420349,0.97993124,0.000871329,0.0019805245
pbmc4k_CTGAAGTAGACTACAA-1,Activated/transitional T cells,Naive/resting T cells,Naive/resting T cells,0.9893714,False,7.785062e-05,0.00022428026,0.0001420673,0.0001710139,0.0001235229,0.0097835455,0.00010630532,0.9893714
pbmc4k_CTGAAGTAGCGATAGC-1,B cells,B cells,B cells,0.99740064,True,9.241273e-05,0.99740064,3.9594324e-05,4.887736e-05,2.6900487e-05,9.466128e-05,2.8754184e-05,0.0022682077
pbmc4k_CTGAAGTCACGGTAGA-1,Cytotoxic CD8 T cells,Cytotoxic CD8 T cells,Cytotoxic CD8 T cells,0.99014205,True,0.000386967,0.00025545168,0.00020377341,0.00022984261,0.99014205,0.0030735743,0.0055792616,0.0001291322
pbmc4k_CTGAAGTGTCACCCAG-1,NK cells,NK cells,NK cells,0.49017608,True,0.051731847,0.0104984725,0.010610117,0.008873463,0.3347568,0.080324516,0.49017608,0.013028705
pbmc4k_CTGAAGTGTTAAGAAC-1,Classical monocytes,Platelets,Activated/transitional T cells,0.64765537,False,0.64765537,0.02282528,0.032863703,0.0875969,0.12769662,0.02642421,0.030494096,0.024443807
pbmc4k_CTGAAGTGTTGACGTT-1,Activated/transitional T cells,Naive/resting T cells,Naive/resting T cells,0.8376985,False,0.0007968421,0.002791049,0.0019916787,0.0019069728,0.0010805451,0.15231977,0.0014146101,0.8376985
pbmc4k_CTGAAGTGTTTGTTGG-1,Cytotoxic CD8 T cells,Cytotoxic CD8 T cells,Cytotoxic CD8 T cells,0.98027587,True,0.00075113453,0.0005033805,0.00027292877,0.0002400017,0.98027587,0.005108187,0.0005531213,0.012295384
pbmc4k_CTGAAGTTCGTATCAG-1,Activated/transitional T cells,Naive/resting T cells,Naive/resting T cells,0.7810836,False,0.0021313077,0.0019387733,0.0012959258,0.0011710019,0.0010099415,0.21040106,0.0009683943,0.7810836
pbmc4k_CTGATAGAGACGCAAC-1,Cytotoxic CD8 T cells,Cytotoxic CD8 T cells,Cytotoxic CD8 T cells,0.97195494,True,0.0006874081,0.0009412396,0.0005201999,0.00055131724,0.97195494,0.024404507,0.0007161,0.00022422912
pbmc4k_CTGATAGAGGAATGGA-1,Classical monocytes,Classical monocytes,Classical monocytes,0.9985043,True,4.1318992e-05,0.0004922897,0.00045071932,0.9985043,6.7919165e-05,0.00030713942,0.000100497644,3.586773e-05
pbmc4k_CTGATAGAGGGTGTGT-1,Activated/transitional T cells,Naive/resting T cells,Naive/resting T cells,0.93013877,False,0.04314486,0.002134599,0.0013605317,0.0021792592,0.008710575,0.011044596,0.0012868167,0.93013877
pbmc4k_CTGATAGCAACTGGCC-1,Activated/transitional T cells,Naive/resting T cells,Naive/resting T cells,0.9709809,False,0.0014472312,0.0013314177,0.000748006,0.001082133,0.0007363492,0.022936592,0.0007373762,0.9709809
pbmc4k_CTGATAGCACGACGAA-1,B cells,B cells,B cells,0.9985923,True,4.515122e-05,0.9985923,2.9201543e-05,3.9718907e-05,1.8039944e-05,0.000119150754,2.7719856e-05,0.0011286659
pbmc4k_CTGATAGGTACCGAGA-1,B cells,B cells,B cells,0.9994221,True,3.573384e-05,0.9994221,3.465593e-05,3.4356835e-05,3.518742e-05,8.682631e-05,3.2370383e-05,0.00031882498
pbmc4k_CTGATAGGTGCTGTAT-1,Classical monocytes,Classical monocytes,Classical monocytes,0.99965537,True,1.6784454e-05,7.2026916e-05,0.00013205344,0.99965537,1.905268e-05,6.4889384e-05,2.7620943e-05,1.2181116e-05
pbmc4k_CTGATAGGTTGACGTT-1,Activated/transitional T cells,Naive/resting T cells,Naive/resting T cells,0.9510571,False,0.00041028278,0.0006291624,0.00030143582,0.00044389613,0.00022982428,0.046670936,0.00025732376,0.9510571
pbmc4k_CTGATAGTCGAATGGG-1,Cytotoxic CD8 T cells,Cytotoxic CD8 T cells,Cytotoxic CD8 T cells,0.89755094,True,0.0006645279,0.0009840882,0.00077743956,0.00082058006,0.89755094,0.030772446,0.06767721,0.0007527693
pbmc4k_CTGATAGTCTTTACGT-1,Naive/resting T cells,Naive/resting T cells,Naive/resting T cells,0.972193,True,0.0043735877,0.001705083,0.0010942564,0.001588677,0.0006957902,0.017503427,0.00084614777,0.972193
pbmc4k_CTGATCCAGGCAGGTT-1,IL7R+ memory/helper T cells,IL7R+ memory/helper T cells,IL7R+ memory/helper T cells,0.99712163,True,7.453019e-05,0.0002745938,0.0002785007,0.00012085946,0.00016856952,0.99712163,0.000111640045,0.0018496613
pbmc4k_CTGATCCCATCCTAGA-1,Activated/transitional T cells,IL7R+ memory/helper T cells,IL7R+ memory/helper T cells,0.5527586,False,0.00097637065,0.0024411909,0.0018861048,0.0021389017,0.0018066813,0.5527586,0.0014082631,0.43658397
pbmc4k_CTGATCCGTCTAACGT-1,Activated/transitional T cells,Naive/resting T cells,Naive/resting T cells,0.9950598,False,8.328446e-05,0.00013688128,7.589156e-05,9.9251214e-05,6.816916e-05,0.0044169556,5.972075e-05,0.9950598
pbmc4k_CTGATCCGTCTCATCC-1,Naive/resting T cells,Naive/resting T cells,Naive/resting T cells,0.6213663,True,0.0027050758,0.0017245029,0.0010618651,0.0010934763,0.0022031856,0.36872384,0.0011217103,0.6213663
pbmc4k_CTGATCCGTGCAACTT-1,Classical monocytes,Classical monocytes,Classical monocytes,0.9985739,True,7.352075e-05,0.0001873957,0.00093655946,0.9985739,3.7196587e-05,7.396522e-05,6.3452455e-05,5.400378e-05
pbmc4k_CTGATCCGTTCGCGAC-1,Cytotoxic CD8 T cells,IL7R+ memory/helper T cells,IL7R+ memory/helper T cells,0.72237897,False,0.010374259,0.004590752,0.0032629224,0.0035653324,0.18014592,0.72237897,0.0030469855,0.072634816
pbmc4k_CTGATCCTCTCTGAGA-1,Naive/resting T cells,Naive/resting T cells,Naive/resting T cells,0.9269221,True,0.031723898,0.0049305935,0.0024447942,0.0040288568,0.004714824,0.02247463,0.0027603249,0.9269221
pbmc4k_CTGCCTAAGATATGGT-1,B cells,B cells,B cells,0.9988954,True,6.590493e-05,0.9988954,4.8983675e-05,6.434645e-05,4.2710308e-05,0.00012402843,3.87164e-05,0.0007198459
pbmc4k_CTGCCTAAGTCCAGGA-1,B cells,B cells,B cells,0.9990637,True,4.2074644e-05,0.9990637,3.3999335e-05,4.1144296e-05,2.275982e-05,9.659368e-05,3.0337093e-05,0.00066941546
pbmc4k_CTGCCTAAGTGCGATG-1,IL7R+ memory/helper T cells,IL7R+ memory/helper T cells,IL7R+ memory/helper T cells,0.99597627,True,0.0009568892,0.00042066298,0.00042676053,0.00032687772,0.00024066758,0.99597627,0.00038761314,0.0012643327
pbmc4k_CTGCCTACAAAGCAAT-1,Activated/transitional T cells,Naive/resting T cells,Naive/resting T cells,0.5219851,False,0.0011062813,0.0026330445,0.0010076419,0.0010576142,0.0013900845,0.46991083,0.00090935983,0.5219851
pbmc4k_CTGCCTACATACGCCG-1,IL7R+ memory/helper T cells,IL7R+ memory/helper T cells,IL7R+ memory/helper T cells,0.9551418,True,0.0004460584,0.00084571086,0.0011348329,0.0006961599,0.0009515935,0.9551418,0.0006265576,0.040157285
pbmc4k_CTGCCTACATTAACCG-1,IL7R+ memory/helper T cells,IL7R+ memory/helper T cells,IL7R+ memory/helper T cells,0.9981559,True,0.0001576649,0.00044599164,0.00028022844,0.00023252147,0.00018220837,0.9981559,0.00040613578,0.00013933385
pbmc4k_CTGCCTAGTCGACTGC-1,IL7R+ memory/helper T cells,IL7R+ memory/helper T cells,IL7R+ memory/helper T cells,0.9399363,True,0.00028016762,0.00068932003,0.0006517081,0.00047304897,0.00026525685,0.9399363,0.00034210263,0.05736208
pbmc4k_CTGCCTAGTGAGTGAC-1,Classical monocytes,Classical monocytes,Classical monocytes,0.9989372,True,1.6122487e-05,0.00012782097,0.00071982207,0.9989372,2.3800852e-05,8.462553e-05,6.377023e-05,2.6811107e-05
pbmc4k_CTGCCTAGTTAGAACA-1,Classical monocytes,Classical monocytes,Classical monocytes,0.99960893,True,6.5989756e-05,0.00010993925,4.593561e-05,0.99960893,1.626807e-05,3.9909624e-05,3.324267e-05,7.9853475e-05
pbmc4k_CTGCGGAAGGGAAACA-1,Classical monocytes,Classical monocytes,Classical monocytes,0.9992181,True,8.53414e-05,0.00012437557,0.00013686271,0.9992181,4.105948e-05,0.00017643848,0.0001060781,0.00011176835
pbmc4k_CTGCGGAAGTACGCGA-1,CD16+ non-classical monocytes,CD16+ non-classical monocytes,CD16+ non-classical monocytes,0.96348065,True,0.00029155033,0.023629716,0.96348065,0.005866599,0.0011798863,0.0029220963,0.0020105054,0.00061897247
pbmc4k_CTGCGGAAGTGCGATG-1,Activated/transitional T cells,Naive/resting T cells,Naive/resting T cells,0.99788034,False,0.00021702267,0.00020723442,0.000109932975,0.00012606113,0.00015339554,0.0012311739,7.490218e-05,0.99788034
pbmc4k_CTGCGGAAGTTCGCGC-1,B cells,B cells,B cells,0.9995161,True,3.921136e-05,0.9995161,2.6879194e-05,3.8042053e-05,3.089351e-05,7.3835814e-05,2.7026968e-05,0.00024798635
pbmc4k_CTGCGGACAGTATGCT-1,B cells,B cells,B cells,0.99884844,True,5.4387765e-05,0.99884844,3.7024947e-05,3.4443838e-05,2.3433191e-05,2.717186e-05,2.2237129e-05,0.000952876
pbmc4k_CTGCGGATCTCCGGTT-1,Activated/transitional T cells,Naive/resting T cells,Naive/resting T cells,0.99526346,False,0.0026963397,0.0003764977,0.00019532471,0.00029676204,0.00020203473,0.0008008358,0.00016873263,0.99526346
pbmc4k_CTGCGGATCTGCAAGT-1,NK cells,Cytotoxic CD8 T cells,Cytotoxic CD8 T cells,0.8557504,False,0.007817915,0.006676012,0.007528417,0.0044225063,0.8557504,0.043259084,0.0638625,0.010683112
pbmc4k_CTGCTGTAGAATCTCC-1,Naive/resting T cells,Naive/resting T cells,Naive/resting T cells,0.9675195,True,0.0011696033,0.0014421793,0.00089493935,0.0011975246,0.0006793811,0.026370158,0.0007266638,0.9675195
pbmc4k_CTGCTGTAGACACGAC-1,Classical monocytes,Classical monocytes,Classical monocytes,0.9984907,True,0.00043550765,8.917678e-05,0.00031128217,0.9984907,0.00010563687,0.00036643984,0.00015281838,4.847745e-05
pbmc4k_CTGCTGTAGACTAAGT-1,Cytotoxic CD8 T cells,Cytotoxic CD8 T cells,Cytotoxic CD8 T cells,0.96750176,True,0.00090996653,0.002339255,0.00048016827,0.0003756882,0.96750176,0.019616298,0.00045911467,0.008317692
pbmc4k_CTGCTGTAGAGCTGGT-1,Cytotoxic CD8 T cells,Cytotoxic CD8 T cells,Cytotoxic CD8 T cells,0.9653108,True,0.0018857782,0.0012456854,0.0009256344,0.00093614537,0.9653108,0.010747141,0.0017908519,0.017157972
pbmc4k_CTGCTGTAGATATACG-1,Classical monocytes,Classical monocytes,Classical monocytes,0.9977088,True,5.5257202e-05,0.00030369533,0.0013779585,0.9977088,0.00010562716,0.00019721316,0.00018701276,6.439824e-05
pbmc4k_CTGCTGTGTAAATGTG-1,Activated/transitional T cells,IL7R+ memory/helper T cells,IL7R+ memory/helper T cells,0.8633619,False,0.0014498521,0.0034054979,0.0014957904,0.0015493114,0.0031439601,0.8633619,0.0013471111,0.12424655
pbmc4k_CTGCTGTGTACCGTAT-1,B cells,B cells,B cells,0.9990513,True,1.641661e-05,0.9990513,3.1461554e-05,4.5002344e-05,1.6997747e-05,5.8490445e-05,2.7778708e-05,0.00075254176
pbmc4k_CTGCTGTGTCGCGAAA-1,Activated/transitional T cells,Naive/resting T cells,Naive/resting T cells,0.98668426,False,0.0007223408,0.00039081654,0.00022260284,0.00026893956,0.00018060846,0.011368656,0.00016172384,0.98668426
pbmc4k_CTGGTCTAGTAGGCCA-1,Activated/transitional T cells,Naive/resting T cells,Naive/resting T cells,0.996863,False,0.00011890528,0.000251584,0.00012308134,0.00018105352,8.012486e-05,0.0022653784,0.000116937634,0.996863
pbmc4k_CTGGTCTCAGCTTCGG-1,Activated/transitional T cells,Naive/resting T cells,Naive/resting T cells,0.9754136,False,0.00028384163,0.0005648015,0.00025074818,0.00030691182,0.00018866968,0.022762006,0.0002293336,0.9754136
pbmc4k_CTGGTCTCAGGCAGTA-1,Classical monocytes,Classical monocytes,Classical monocytes,0.9992349,True,3.500299e-05,9.133658e-05,0.00040166487,0.9992349,6.424101e-05,9.1453556e-05,5.906307e-05,2.2335376e-05
pbmc4k_CTGGTCTGTACTCGCG-1,Classical monocytes,Classical monocytes,Classical monocytes,0.99830186,True,3.3674583e-05,0.0002461338,0.0009057033,0.99830186,5.7131492e-05,0.00030264497,9.338497e-05,5.9394777e-05
pbmc4k_CTGGTCTTCAACACAC-1,Cytotoxic CD8 T cells,Cytotoxic CD8 T cells,Cytotoxic CD8 T cells,0.8379884,True,0.0011979389,0.00047233028,0.00046418735,0.00043184162,0.8379884,0.1582837,0.0009003606,0.0002613082
pbmc4k_CTGGTCTTCCAAACAC-1,Classical monocytes,Classical monocytes,Classical monocytes,0.99107087,True,4.4129407e-05,0.000645897,0.007288784,0.99107087,0.0001421304,0.00047198852,0.00026068094,7.552046e-05
pbmc4k_CTGGTCTTCGCAAACT-1,Cytotoxic CD8 T cells,Cytotoxic CD8 T cells,Cytotoxic CD8 T cells,0.7560283,True,0.0006797613,0.001949513,0.0011452755,0.0012304873,0.7560283,0.014951639,0.22334337,0.0006716727
pbmc4k_CTGTGCTAGACAATAC-1,Classical monocytes,Classical monocytes,Classical monocytes,0.9993892,True,1.5544276e-05,9.874519e-05,0.00034538508,0.9993892,2.3094823e-05,5.951285e-05,4.6886813e-05,2.1592125e-05
pbmc4k_CTGTGCTAGTTACGGG-1,Cytotoxic CD8 T cells,Cytotoxic CD8 T cells,Cytotoxic CD8 T cells,0.9742182,True,0.0024495565,0.000451743,0.00039789034,0.0004210559,0.9742182,0.021351725,0.0004137413,0.0002961394
pbmc4k_CTGTGCTCAAAGCAAT-1,B cells,B cells,B cells,0.99895096,True,2.1687782e-05,0.99895096,5.017745e-05,4.484356e-05,2.2014783e-05,0.00074602116,3.1921387e-05,0.00013235779
pbmc4k_CTGTGCTCATGCAACT-1,Classical monocytes,Classical monocytes,Classical monocytes,0.9995585,True,2.0069487e-05,9.522357e-05,0.00012879043,0.9995585,3.5778e-05,5.785182e-05,4.3272317e-05,6.0440278e-05
pbmc4k_CTGTGCTGTCTCTTAT-1,B cells,B cells,B cells,0.99949837,True,6.173053e-05,0.99949837,4.1985826e-05,5.3943626e-05,2.968265e-05,8.568302e-05,4.4473392e-05,0.0001841626
pbmc4k_CTGTGCTTCCATTCTA-1,Cytotoxic CD8 T cells,Cytotoxic CD8 T cells,Cytotoxic CD8 T cells,0.86493015,True,0.061489273,0.0045323875,0.0035717348,0.003797334,0.86493015,0.019754814,0.031912465,0.010011868
pbmc4k_CTGTGCTTCCGCGGTA-1,Classical monocytes,Classical monocytes,Classical monocytes,0.79380417,True,0.00011863434,0.001166085,0.0008853392,0.79380417,0.18404847,0.019314729,0.0003393187,0.00032322205
pbmc4k_CTGTTTAAGATATACG-1,Cytotoxic CD8 T cells,Cytotoxic CD8 T cells,Cytotoxic CD8 T cells,0.9710434,True,0.00023989129,0.00056266953,0.0005988955,0.00032954037,0.9710434,0.02620814,0.0006530605,0.00036437297
pbmc4k_CTGTTTACAGATGAGC-1,Classical monocytes,Classical monocytes,Classical monocytes,0.9983358,True,2.0983005e-05,0.00034157553,0.0008937181,0.9983358,5.38036e-05,0.00023038039,0.00010348212,2.0276964e-05
pbmc4k_CTGTTTAGTAAATACG-1,Cytotoxic CD8 T cells,Cytotoxic CD8 T cells,Cytotoxic CD8 T cells,0.9857728,True,0.00018779965,0.00069731934,0.0003039824,0.00022247931,0.9857728,0.009771476,0.0027904746,0.00025374108
pbmc4k_CTGTTTAGTCTCCACT-1,B cells,B cells,B cells,0.9992387,True,1.6832204e-05,0.9992387,3.7903967e-05,5.114355e-05,2.28799e-05,0.00026837966,3.0641662e-05,0.00033351147
pbmc4k_CTGTTTATCAGTCAGT-1,Classical monocytes,Classical monocytes,Classical monocytes,0.9456952,True,0.00021214478,0.007890156,0.04253687,0.9456952,0.00067711296,0.0015233131,0.0010381503,0.00042698527
pbmc4k_CTTAACTAGCTACCTA-1,Classical monocytes,Classical monocytes,Classical monocytes,0.99933916,True,1.6211463e-05,0.0001729254,0.00014848106,0.99933916,4.1312232e-05,0.00014272342,4.9387432e-05,8.98215e-05
pbmc4k_CTTAACTGTGTTGGGA-1,NK cells,NK cells,NK cells,0.9436678,True,0.0012496191,0.0019697663,0.0023964364,0.0020233425,0.04451469,0.0035206745,0.9436678,0.0006575868
pbmc4k_CTTAACTTCTCGAGTA-1,Classical monocytes,Classical monocytes,Classical monocytes,0.99956197,True,2.535201e-05,9.583466e-05,8.7933935e-05,0.99956197,3.4559882e-05,0.00014023141,3.582586e-05,1.822853e-05
pbmc4k_CTTACCGAGAAACCTA-1,IL7R+ memory/helper T cells,IL7R+ memory/helper T cells,IL7R+ memory/helper T cells,0.992815,True,4.463668e-05,0.00029678643,0.00013241037,0.00012765027,0.00013424498,0.992815,0.00010218257,0.006347069
pbmc4k_CTTACCGAGGGATGGG-1,Activated/transitional T cells,Naive/resting T cells,Naive/resting T cells,0.9944652,False,0.0038029582,0.0005892879,0.00013613325,0.00024663084,7.7743025e-05,0.00053146033,0.0001506279,0.9944652
pbmc4k_CTTACCGCAATGGACG-1,IL7R+ memory/helper T cells,IL7R+ memory/helper T cells,IL7R+ memory/helper T cells,0.9988763,True,9.707234e-05,0.00018616847,0.00022733114,0.00013148173,0.00010314973,0.9988763,0.00012073362,0.0002577267
pbmc4k_CTTACCGCAGTACACT-1,Activated/transitional T cells,Naive/resting T cells,Naive/resting T cells,0.903688,False,0.0019931216,0.0023223173,0.0012341123,0.0011757219,0.0016755171,0.08687134,0.0010397998,0.903688
pbmc4k_CTTACCGCATACTACG-1,Classical monocytes,Classical monocytes,Classical monocytes,0.99966216,True,9.6395364e-05,5.9560793e-05,5.332517e-05,0.99966216,1.8036893e-05,2.2581882e-05,2.5957997e-05,6.2036335e-05
pbmc4k_CTTACCGGTATGAAAC-1,Activated/transitional T cells,Naive/resting T cells,Naive/resting T cells,0.92417014,False,0.0005431788,0.0010162162,0.0004562497,0.00069353817,0.00054611877,0.07216233,0.00041227255,0.92417014
pbmc4k_CTTACCGGTTTGCATG-1,Classical monocytes,Classical monocytes,Classical monocytes,0.9966767,True,4.5285142e-05,0.001242075,0.0010565689,0.9966767,0.00013095196,0.0005918041,0.00019557762,6.1032097e-05
pbmc4k_CTTAGGAAGCTAGGCA-1,Cytotoxic CD8 T cells,Cytotoxic CD8 T cells,Cytotoxic CD8 T cells,0.91994876,True,0.0031454682,0.0008563289,0.00061514106,0.00079110364,0.91994876,0.06463036,0.0007445749,0.009268209
pbmc4k_CTTAGGACAAGCCGTC-1,Activated/transitional T cells,Naive/resting T cells,Naive/resting T cells,0.9498281,False,0.00057126174,0.0007161559,0.0006624642,0.0006291804,0.00026983995,0.046917006,0.00040607117,0.9498281
pbmc4k_CTTAGGAGTTCGCGAC-1,Cytotoxic CD8 T cells,Cytotoxic CD8 T cells,Cytotoxic CD8 T cells,0.99741817,True,0.0005512633,0.00011623115,8.765509e-05,8.182088e-05,0.99741817,0.0008823535,9.5114956e-05,0.0007674334
pbmc4k_CTTAGGATCACCGTAA-1,Cytotoxic CD8 T cells,Cytotoxic CD8 T cells,Cytotoxic CD8 T cells,0.9722703,True,0.0004308167,0.0006324858,0.00019517945,0.00020442736,0.9722703,0.024064206,0.00031413411,0.0018884781
pbmc4k_CTTCTCTCAAAGGCGT-1,Classical monocytes,Classical monocytes,Classical monocytes,0.89549035,True,0.00029105615,0.008595173,0.08733089,0.89549035,0.00087021943,0.0057857987,0.0012496902,0.0003867839
pbmc4k_CTTCTCTCAATGGATA-1,Naive/resting T cells,Naive/resting T cells,Naive/resting T cells,0.9745919,True,0.0018970139,0.002003091,0.000466731,0.00061678275,0.00036048933,0.019677522,0.0003864667,0.9745919
pbmc4k_CTTCTCTCACAGAGGT-1,Activated/transitional T cells,Naive/resting T cells,Naive/resting T cells,0.97529924,False,0.0005275229,0.0007373285,0.00057571195,0.0005915652,0.0003148457,0.021597642,0.00035621415,0.97529924
pbmc4k_CTTCTCTCATGCCCGA-1,Activated/transitional T cells,Naive/resting T cells,Naive/resting T cells,0.99160296,False,0.00021659733,0.0002959747,9.6351076e-05,0.00015168781,0.000115262825,0.0074268016,9.4311836e-05,0.99160296
pbmc4k_CTTCTCTGTACCGTTA-1,Activated/transitional T cells,Naive/resting T cells,Naive/resting T cells,0.9636944,False,0.000898324,0.0012258766,0.0006658911,0.0010466984,0.000483502,0.031343114,0.000642193,0.9636944
pbmc4k_CTTCTCTGTTACTGAC-1,Cytotoxic CD8 T cells,Cytotoxic CD8 T cells,Cytotoxic CD8 T cells,0.6018647,True,0.011904225,0.0085171955,0.0059738164,0.0056467126,0.6018647,0.2316673,0.004934706,0.1294914
pbmc4k_CTTCTCTTCCTATGTT-1,Cytotoxic CD8 T cells,Cytotoxic CD8 T cells,Cytotoxic CD8 T cells,0.98603094,True,0.0031574164,0.00094363187,0.00045249966,0.00046806276,0.98603094,0.0050796424,0.00074788695,0.003119905
pbmc4k_CTTCTCTTCGGACAAG-1,Activated/transitional T cells,IL7R+ memory/helper T cells,IL7R+ memory/helper T cells,0.98741966,False,0.0004542212,0.0012290188,0.00089037936,0.0008219011,0.0008999329,0.98741966,0.00078412064,0.007500725
pbmc4k_CTTCTCTTCTACGAGT-1,Activated/transitional T cells,Activated/transitional T cells,Activated/transitional T cells,0.74446416,True,0.74446416,0.003658757,0.00091170124,0.0010402119,0.0013064519,0.02877186,0.0015015966,0.2183453
pbmc4k_CTTGGCTGTCCAGTTA-1,IL7R+ memory/helper T cells,IL7R+ memory/helper T cells,IL7R+ memory/helper T cells,0.9962346,True,0.00035571822,0.0005831275,0.00036478537,0.0003563098,0.0011584169,0.9962346,0.0003381255,0.0006089645
pbmc4k_CTTGGCTGTCTGCGGT-1,Classical monocytes,Classical monocytes,Classical monocytes,0.9995969,True,3.3887765e-05,5.2578882e-05,0.00018332139,0.9995969,3.1504806e-05,4.061207e-05,4.6830948e-05,1.4383016e-05
pbmc4k_CTTGGCTGTGTGACGA-1,Cytotoxic CD8 T cells,Cytotoxic CD8 T cells,Cytotoxic CD8 T cells,0.99121815,True,0.00022386153,0.00024746623,0.00013962213,0.00012525248,0.99121815,0.0076705194,0.00026326266,0.000111864225
pbmc4k_CTTGGCTTCCACGAAT-1,B cells,B cells,B cells,0.99831486,True,0.0002794878,0.99831486,6.231347e-05,0.00010004267,4.2871186e-05,0.0001702707,5.5491928e-05,0.00097472203
pbmc4k_CTTGGCTTCCTAAGTG-1,Classical monocytes,Classical monocytes,Classical monocytes,0.77476525,True,0.0049585677,0.042004764,0.13761781,0.77476525,0.015304251,0.010605743,0.00913115,0.0056124954
pbmc4k_CTTGGCTTCGGAGGTA-1,NK cells,NK cells,NK cells,0.99178797,True,0.0003392236,0.00041271953,0.00082158495,0.00034478633,0.0044363006,0.0017714209,0.99178797,8.60213e-05
pbmc4k_CTTGGCTTCGTTGACA-1,B cells,B cells,B cells,0.99792,True,1.9059024e-05,0.99792,8.609435e-05,7.655653e-05,0.000109235145,0.0016289678,8.256431e-05,7.754808e-05
pbmc4k_CTTGGCTTCTAACTTC-1,Cytotoxic CD8 T cells,IL7R+ memory/helper T cells,IL7R+ memory/helper T cells,0.98023146,False,0.00047634973,0.0002833895,0.0001645199,0.00017903057,0.00660625,0.98023146,0.0001368234,0.01192221
pbmc4k_CTTGGCTTCTTAGAGC-1,Activated/transitional T cells,Naive/resting T cells,Naive/resting T cells,0.95738244,False,0.000556926,0.00041257121,0.000320963,0.00029014715,0.0004829957,0.040299214,0.00025470345,0.95738244
pbmc4k_CTTTGCGAGTTAGCGG-1,Cytotoxic CD8 T cells,Cytotoxic CD8 T cells,Cytotoxic CD8 T cells,0.98672175,True,0.0013295943,0.0005598722,0.00037238165,0.00039778574,0.98672175,0.005068282,0.00042883927,0.005121518
pbmc4k_CTTTGCGCAAGTCTAC-1,B cells,B cells,B cells,0.99941397,True,1.826524e-05,0.99941397,2.9615903e-05,3.7572998e-05,2.3171773e-05,0.00018635661,2.694127e-05,0.00026410064
pbmc4k_CTTTGCGCACTATCTT-1,B cells,B cells,B cells,0.99959177,True,2.7156679e-05,0.99959177,3.2744152e-05,3.9536182e-05,2.6915628e-05,4.9251455e-05,2.22143e-05,0.00021042822
pbmc4k_CTTTGCGCATGCTAGT-1,B cells,B cells,B cells,0.9996433,True,1.5431307e-05,0.9996433,3.18713e-05,3.7361027e-05,1.4946869e-05,7.4332886e-05,1.8824468e-05,0.00016394764
pbmc4k_CTTTGCGGTGGACGAT-1,IL7R+ memory/helper T cells,IL7R+ memory/helper T cells,IL7R+ memory/helper T cells,0.94690067,True,0.0006342447,0.001846761,0.0010022627,0.0007737533,0.00060979015,0.94690067,0.00069008186,0.047542464
pbmc4k_CTTTGCGTCGAGAACG-1,Activated/transitional T cells,Naive/resting T cells,Naive/resting T cells,0.96507984,False,0.014614418,0.002711666,0.0022582125,0.0018874605,0.0036338514,0.008153048,0.0016615484,0.96507984
pbmc4k_GAAACTCAGTACTTGC-1,Classical monocytes,Classical monocytes,Classical monocytes,0.99787164,True,2.2378732e-05,0.0009505068,0.00035050875,0.99787164,0.00026732916,0.0003836229,8.2083534e-05,7.197358e-05
pbmc4k_GAAACTCCAATAACGA-1,Activated/transitional T cells,Naive/resting T cells,Naive/resting T cells,0.91274077,False,0.014779893,0.0019702332,0.0013529514,0.0021266723,0.0013267747,0.06437413,0.0013285315,0.91274077
pbmc4k_GAAACTCCACAACTGT-1,NK cells,NK cells,NK cells,0.9990681,True,0.00010575976,5.5379573e-05,5.7346646e-05,3.2015192e-05,0.00044017468,0.00022543993,0.9990681,1.5839541e-05
pbmc4k_GAAACTCCAGTGGGAT-1,B cells,B cells,B cells,0.9985411,True,3.211374e-05,0.9985411,3.6960224e-05,5.2483196e-05,2.4359188e-05,8.545976e-05,3.3508935e-05,0.0011939688
pbmc4k_GAAACTCGTGTAAGTA-1,IL7R+ memory/helper T cells,IL7R+ memory/helper T cells,IL7R+ memory/helper T cells,0.9866175,True,0.0007692051,0.0013464368,0.000824995,0.0008185897,0.0049883365,0.9866175,0.0008205108,0.003814378
pbmc4k_GAAACTCGTTGTACAC-1,B cells,B cells,B cells,0.9991486,True,3.9255414e-05,0.9991486,6.7640205e-05,4.6975725e-05,4.1539475e-05,0.0004911857,5.0802704e-05,0.00011396572
pbmc4k_GAAACTCTCACATAGC-1,Classical monocytes,Classical monocytes,Classical monocytes,0.99954957,True,1.5537818e-05,0.000120032215,0.00021424744,0.99954957,1.6932736e-05,3.317818e-05,3.779269e-05,1.2670114e-05
pbmc4k_GAAACTCTCACTCCTG-1,Classical monocytes,Classical monocytes,Classical monocytes,0.6925474,True,0.0013550343,0.0063140406,0.004695621,0.6925474,0.0026908924,0.22074488,0.0025247214,0.06912741
pbmc4k_GAAACTCTCAGGCAAG-1,Cytotoxic CD8 T cells,Cytotoxic CD8 T cells,Cytotoxic CD8 T cells,0.896572,True,0.001182927,0.0021468275,0.0017755654,0.0011832904,0.896572,0.024905393,0.0706608,0.0015732228
pbmc4k_GAAATGAAGACAGACC-1,IL7R+ memory/helper T cells,IL7R+ memory/helper T cells,IL7R+ memory/helper T cells,0.95826304,True,0.00013806463,0.00048321186,0.0006485889,0.00043588574,0.0081216125,0.95826304,0.00027795054,0.03163168
pbmc4k_GAAATGAAGTCGTTTG-1,Classical monocytes,Classical monocytes,Classical monocytes,0.99951625,True,4.3020398e-05,0.00011580887,0.000120541205,0.99951625,2.1105612e-05,9.950081e-05,4.7986312e-05,3.57698e-05
pbmc4k_GAAATGACAAGACACG-1,B cells,B cells,B cells,0.99887234,True,1.6858348e-05,0.99887234,2.8333217e-05,3.200495e-05,2.0720032e-05,0.00010045851,2.016445e-05,0.0009091458
pbmc4k_GAAATGACAGATAATG-1,Classical monocytes,Classical monocytes,Classical monocytes,0.9996772,True,9.2630115e-05,3.945029e-05,5.57444e-05,0.9996772,1.7523498e-05,4.6724872e-05,4.9004855e-05,2.1764632e-05
pbmc4k_GAAATGAGTAGCGTAG-1,B cells,B cells,B cells,0.9987833,True,1.487583e-05,0.9987833,7.272271e-05,7.1193805e-05,9.6805015e-05,0.0006819705,3.94615e-05,0.00023972636
pbmc4k_GAAATGATCACTCCTG-1,Activated/transitional T cells,IL7R+ memory/helper T cells,IL7R+ memory/helper T cells,0.79749256,False,0.0005137734,0.0017919554,0.00095251936,0.0009305178,0.0006567537,0.79749256,0.0008657029,0.19679627
pbmc4k_GAAATGATCGTCCAGG-1,Cytotoxic CD8 T cells,Cytotoxic CD8 T cells,Cytotoxic CD8 T cells,0.76873124,True,0.022692785,0.004507649,0.0034441922,0.004373983,0.76873124,0.16111887,0.0046454268,0.030485915
pbmc4k_GAACATCAGCCTCGTG-1,Classical monocytes,Classical monocytes,Classical monocytes,0.99914527,True,2.2708147e-05,0.00016458044,0.0004219488,0.99914527,5.650066e-05,7.2597846e-05,4.250763e-05,7.391979e-05
pbmc4k_GAACATCAGTACGCGA-1,Naive/resting T cells,Naive/resting T cells,Naive/resting T cells,0.9854058,True,0.00014263295,0.0013615813,0.00019045634,0.00024493027,0.00014694578,0.012353323,0.0001543438,0.9854058
pbmc4k_GAACATCAGTTAGCGG-1,IL7R+ memory/helper T cells,IL7R+ memory/helper T cells,IL7R+ memory/helper T cells,0.93989646,True,0.00038382382,0.0008254611,0.0005832158,0.0005806448,0.008333285,0.93989646,0.0005566793,0.048840456
pbmc4k_GAACATCCACAAGCCC-1,Activated/transitional T cells,Naive/resting T cells,Naive/resting T cells,0.94594896,False,0.0005490855,0.0027836028,0.0011419231,0.0017010111,0.0011207691,0.045675978,0.0010787061,0.94594896
pbmc4k_GAACATCGTATAAACG-1,Classical monocytes,Classical monocytes,Classical monocytes,0.99520594,True,2.1078506e-05,0.0005037077,0.0038085524,0.99520594,7.442212e-05,0.00022243614,7.5041455e-05,8.876126e-05
pbmc4k_GAACATCGTATTAGCC-1,Activated/transitional T cells,Naive/resting T cells,Naive/resting T cells,0.9664796,False,0.0007395186,0.00082746684,0.0005089229,0.0005756527,0.0005594272,0.029822938,0.00048652475,0.9664796
pbmc4k_GAACATCTCCAAAGTC-1,Activated/transitional T cells,IL7R+ memory/helper T cells,IL7R+ memory/helper T cells,0.97835356,False,0.0006660761,0.0015329864,0.0010055382,0.00088151504,0.0016909374,0.97835356,0.0012807597,0.014588648
pbmc4k_GAACATCTCTGGTGTA-1,Activated/transitional T cells,Naive/resting T cells,Naive/resting T cells,0.89251447,False,0.0006219098,0.0008440294,0.00046338708,0.0006891672,0.000455351,0.10396815,0.00044354302,0.89251447
pbmc4k_GAACATCTCTGGTTCC-1,B cells,B cells,B cells,0.9981493,True,0.00010756089,0.9981493,0.00012859241,0.0001882422,8.568275e-05,0.00029644408,9.7687924e-05,0.0009465336
pbmc4k_GAACCTAAGCCTATGT-1,Cytotoxic CD8 T cells,Cytotoxic CD8 T cells,Cytotoxic CD8 T cells,0.9947944,True,0.0011988444,0.00046412816,0.0003081381,0.00028719465,0.9947944,0.0021945273,0.00045469988,0.00029798085
pbmc4k_GAACCTACAGCGAACA-1,B cells,B cells,B cells,0.99943453,True,4.2256688e-05,0.99943453,3.9662165e-05,4.8328984e-05,2.356816e-05,0.00012474715,3.10037e-05,0.00025583155
pbmc4k_GAACCTACATGCTGGC-1,Activated/transitional T cells,Naive/resting T cells,Naive/resting T cells,0.99701285,False,6.941762e-05,0.00037333556,6.717441e-05,9.8717675e-05,7.527785e-05,0.0022441873,5.9023972e-05,0.99701285
pbmc4k_GAACCTACATGGGAAC-1,B cells,B cells,B cells,0.9989925,True,2.5697189e-05,0.9989925,5.3139738e-05,4.380612e-05,5.11152e-05,7.281533e-05,2.8154504e-05,0.00073282013
pbmc4k_GAACCTAGTATCAGTC-1,Activated/transitional T cells,Naive/resting T cells,Naive/resting T cells,0.9849517,False,0.00017182449,0.00025703962,0.0002072083,0.00017477432,0.00018318009,0.013901712,0.00015262388,0.9849517
pbmc4k_GAACCTAGTCTCTTTA-1,Classical monocytes,Classical monocytes,Classical monocytes,0.991918,True,0.00031907114,0.0019582342,0.0031079135,0.991918,0.00034691437,0.0010121848,0.0008231574,0.0005144562
pbmc4k_GAACCTATCATCACCC-1,NK cells,NK cells,NK cells,0.90774477,True,0.0011399582,0.0015326681,0.0016857276,0.001426895,0.07275236,0.01314439,0.90774477,0.00057332445
pbmc4k_GAACCTATCATTTGGG-1,Classical monocytes,Classical monocytes,Classical monocytes,0.99952877,True,2.0634545e-05,0.00010490885,0.00017365834,0.99952877,4.2363168e-05,6.204616e-05,4.496961e-05,2.2667758e-05
pbmc4k_GAACCTATCCATGCTC-1,Classical monocytes,Classical monocytes,Classical monocytes,0.99968183,True,2.2309487e-05,6.216661e-05,8.094341e-05,0.99968183,1.9794423e-05,4.537609e-05,5.0351402e-05,3.7231574e-05
pbmc4k_GAACCTATCGGTTAAC-1,Naive/resting T cells,Naive/resting T cells,Naive/resting T cells,0.9695693,True,0.0027107599,0.0025481596,0.0011392423,0.0016143544,0.00076788344,0.020677863,0.00097246637,0.9695693
pbmc4k_GAACGGAAGATATGGT-1,Activated/transitional T cells,Naive/resting T cells,Naive/resting T cells,0.99895275,False,2.7485741e-05,0.000102892845,3.4129724e-05,4.671591e-05,2.3715147e-05,0.0007857139,2.657947e-05,0.99895275
pbmc4k_GAACGGAAGCTACCGC-1,Classical monocytes,Classical monocytes,Classical monocytes,0.9983152,True,0.00033675245,0.00010847981,0.000489594,0.9983152,5.6766254e-05,7.057341e-05,0.00014880966,0.00047381947
pbmc4k_GAACGGACAATCGAAA-1,B cells,B cells,B cells,0.999255,True,2.7448054e-05,0.999255,3.5345653e-05,4.5234687e-05,5.216152e-05,0.00010560095,3.1116575e-05,0.00044803447
pbmc4k_GAACGGAGTAATCACC-1,Activated/transitional T cells,Naive/resting T cells,Naive/resting T cells,0.99790215,False,0.00026159137,0.00021225671,0.00011748273,0.00017105426,9.4017196e-05,0.0011391363,0.00010226593,0.99790215
pbmc4k_GAACGGAGTCAACATC-1,IL7R+ memory/helper T cells,IL7R+ memory/helper T cells,IL7R+ memory/helper T cells,0.999551,True,2.3480736e-05,5.8906448e-05,6.481298e-05,3.6104862e-05,6.1340404e-05,0.999551,3.57834e-05,0.00016853506
pbmc4k_GAACGGAGTGTCAATC-1,Classical monocytes,Classical monocytes,Classical monocytes,0.99901354,True,0.00012106049,0.00034144873,0.00011416711,0.99901354,3.0558982e-05,0.00027078882,5.8168276e-05,5.029654e-05
pbmc4k_GAACGGATCAAGATCC-1,IL7R+ memory/helper T cells,IL7R+ memory/helper T cells,IL7R+ memory/helper T cells,0.9952152,True,0.0001717976,0.00068085693,0.00054603774,0.00042456816,0.0011968588,0.9952152,0.000596164,0.0011684865
pbmc4k_GAACGGATCCCGGATG-1,B cells,B cells,B cells,0.99915266,True,1.9715877e-05,0.99915266,2.8767772e-05,3.9994564e-05,2.4929646e-05,0.00021381707,2.2282204e-05,0.0004978133
pbmc4k_GAACGGATCCTAGAAC-1,Cytotoxic CD8 T cells,Cytotoxic CD8 T cells,Cytotoxic CD8 T cells,0.98368686,True,0.000825452,0.00041628466,0.00020034568,0.0001938002,0.98368686,0.013328524,0.00034927911,0.000999494
pbmc4k_GAAGCAGAGAAAGTGG-1,Activated/transitional T cells,Naive/resting T cells,Naive/resting T cells,0.98651296,False,0.00023538715,0.00060574047,0.0001909644,0.00023365517,0.00016310111,0.011914113,0.00014404196,0.98651296
pbmc4k_GAAGCAGAGACAAAGG-1,Classical monocytes,Classical monocytes,Classical monocytes,0.98838633,True,0.00017094077,0.0019737678,0.007191548,0.98838633,0.00033103715,0.0009383559,0.0007609771,0.00024705828
pbmc4k_GAAGCAGAGGCACATG-1,Naive/resting T cells,Naive/resting T cells,Naive/resting T cells,0.9212976,True,0.0051192935,0.0036025718,0.002451214,0.0032230297,0.0016458768,0.0600633,0.0025971052,0.9212976
pbmc4k_GAAGCAGCAAGTTAAG-1,Cytotoxic CD8 T cells,Cytotoxic CD8 T cells,Cytotoxic CD8 T cells,0.98721594,True,0.0002888736,0.00022309249,0.00018231005,0.00014049644,0.98721594,0.009704462,0.00010039947,0.0021443518
pbmc4k_GAAGCAGCACCATGTA-1,Activated/transitional T cells,Naive/resting T cells,Naive/resting T cells,0.88544524,False,0.060252044,0.005213799,0.0027386278,0.0040901494,0.0026723712,0.03662628,0.0029615185,0.88544524
pbmc4k_GAAGCAGGTAAATACG-1,Cytotoxic CD8 T cells,Cytotoxic CD8 T cells,Cytotoxic CD8 T cells,0.99465597,True,0.00093691924,0.00021736845,0.00018166768,0.00016472176,0.99465597,0.0024504121,0.00022266945,0.001170314
pbmc4k_GAAGCAGGTAGAAAGG-1,B cells,B cells,B cells,0.99910176,True,0.0003434535,0.99910176,7.088287e-05,0.00013967179,3.5991092e-05,5.389893e-05,9.9331955e-05,0.00015502187
pbmc4k_GAAGCAGTCACGAAGG-1,Classical monocytes,Classical monocytes,Classical monocytes,0.9929322,True,0.00015343659,0.0016547267,0.0029997698,0.9929322,0.00037647775,0.001137053,0.00056659227,0.00017979095
pbmc4k_GAAGCAGTCCCTAATT-1,Naive/resting T cells,Naive/resting T cells,Naive/resting T cells,0.7487374,True,0.0020713056,0.0038927142,0.0023586897,0.002356938,0.0016091748,0.23729356,0.0016802034,0.7487374
pbmc4k_GAATAAGAGAAACCAT-1,Cytotoxic CD8 T cells,IL7R+ memory/helper T cells,IL7R+ memory/helper T cells,0.97795963,False,0.00037832066,0.00080300885,0.0009770762,0.0006471813,0.018209528,0.97795963,0.00073951704,0.00028577834
pbmc4k_GAATAAGAGGCATTGG-1,IL7R+ memory/helper T cells,IL7R+ memory/helper T cells,IL7R+ memory/helper T cells,0.99815243,True,6.148107e-05,0.0005803575,0.00024250489,0.00023172749,0.0002467272,0.99815243,0.00040659748,7.815372e-05
pbmc4k_GAATAAGCATTCTTAC-1,CD16+ non-classical monocytes,CD16+ non-classical monocytes,CD16+ non-classical monocytes,0.9979955,True,7.479061e-05,0.00027884127,0.9979955,0.00042692485,0.00010071829,0.0008678763,0.00019427792,6.1095656e-05
pbmc4k_GAATAAGTCCTTGGTC-1,NK cells,NK cells,NK cells,0.98068833,True,0.00037347944,0.00027892165,0.0010618513,0.00021363283,0.014941174,0.0023364192,0.98068833,0.00010613824
pbmc4k_GAATAAGTCGCCAGCA-1,B cells,B cells,B cells,0.999178,True,3.772014e-05,0.999178,5.123138e-05,5.9800237e-05,1.9947038e-05,0.00044351676,4.7077614e-05,0.00016274856
pbmc4k_GAATAAGTCGGACAAG-1,CD16+ non-classical monocytes,CD16+ non-classical monocytes,CD16+ non-classical monocytes,0.96480244,True,0.0003362132,0.028760035,0.96480244,0.0014006046,0.00058842264,0.002826695,0.0011141286,0.00017145711
pbmc4k_GAATGAAAGCCAGTAG-1,IL7R+ memory/helper T cells,IL7R+ memory/helper T cells,IL7R+ memory/helper T cells,0.9830201,True,0.0006605587,0.00065014535,0.00041543442,0.00041047583,0.0007304693,0.9830201,0.000338822,0.013773984
pbmc4k_GAATGAAAGGGTTTCT-1,Activated/transitional T cells,Naive/resting T cells,Naive/resting T cells,0.99232316,False,0.0005407161,0.0007228615,0.0003165317,0.0005063761,0.00025419972,0.005054018,0.0002821269,0.99232316
pbmc4k_GAATGAACAAACGTGG-1,Activated/transitional T cells,Naive/resting T cells,Naive/resting T cells,0.9889852,False,0.00012376659,0.0011240316,0.00028913366,0.00034963895,0.00019779861,0.008721926,0.000208463,0.9889852
pbmc4k_GAATGAACAACTGCGC-1,Activated/transitional T cells,Naive/resting T cells,Naive/resting T cells,0.98876053,False,0.001087554,0.0007789057,0.00038465156,0.000691823,0.0005305223,0.0074164392,0.00034950252,0.98876053
pbmc4k_GAATGAAGTCTCGTTC-1,Activated/transitional T cells,Naive/resting T cells,Naive/resting T cells,0.981672,False,0.0011120018,0.0009625662,0.00034980048,0.00056399585,0.00046083966,0.0145665305,0.0003122899,0.981672
pbmc4k_GAATGAAGTGCACGAA-1,B cells,B cells,B cells,0.9979539,True,4.0535422e-05,0.9979539,9.165821e-05,9.675212e-05,0.00013468594,0.00032525265,5.7082936e-05,0.00130006
pbmc4k_GAATGAATCTTTAGTC-1,Activated/transitional T cells,Naive/resting T cells,Naive/resting T cells,0.92691493,False,0.0012826477,0.003929924,0.0016224333,0.0016238698,0.0009659724,0.06254916,0.0011110569,0.92691493
pbmc4k_GACACGCAGATAGTCA-1,B cells,B cells,B cells,0.99824035,True,3.470824e-05,0.99824035,4.2436783e-05,5.6981113e-05,4.3508273e-05,5.9658487e-05,3.3027143e-05,0.0014893417
pbmc4k_GACACGCCACACCGAC-1,B cells,B cells,B cells,0.9991905,True,4.658136e-05,0.9991905,6.164587e-05,4.0995743e-05,2.185737e-05,0.0003637011,3.5831505e-05,0.00023887135
pbmc4k_GACACGCCACTTCGAA-1,Cytotoxic CD8 T cells,Cytotoxic CD8 T cells,Cytotoxic CD8 T cells,0.9712913,True,0.0015152686,0.0012615455,0.00061089295,0.000497152,0.9712913,0.004322601,0.020034647,0.00046654468
pbmc4k_GACACGCCAGCTCGCA-1,Classical monocytes,Classical monocytes,Classical monocytes,0.99861133,True,2.5326308e-05,0.00012826764,0.0008277219,0.99861133,4.200561e-05,0.00019357087,5.0943887e-05,0.000120843484
pbmc4k_GACACGCGTGAGTGAC-1,B cells,B cells,B cells,0.99938154,True,1.4413308e-05,0.99938154,4.0120063e-05,5.1078765e-05,2.422723e-05,0.00010450639,3.251709e-05,0.0003516186
pbmc4k_GACACGCGTGCAGTAG-1,Cytotoxic CD8 T cells,Cytotoxic CD8 T cells,Cytotoxic CD8 T cells,0.9599087,True,0.0007121686,0.00097580923,0.0010544269,0.00068669097,0.9599087,0.023999056,0.011881505,0.0007815975
pbmc4k_GACAGAGAGACTTTCG-1,Classical monocytes,Classical monocytes,Classical monocytes,0.99915564,True,3.658806e-05,0.00017764814,0.00029888816,0.99915564,3.610635e-05,0.00017469109,7.638657e-05,4.4057848e-05
pbmc4k_GACAGAGAGATCACGG-1,Classical monocytes,Classical monocytes,Classical monocytes,0.9896186,True,4.2489635e-05,0.00095612765,0.007724696,0.9896186,0.00015400068,0.0011629821,0.00020870774,0.00013238846
pbmc4k_GACAGAGAGCTTTGGT-1,Classical monocytes,Classical monocytes,Classical monocytes,0.9993212,True,2.343639e-05,0.00014726941,0.00018583462,0.9993212,3.937574e-05,0.0001887825,7.304882e-05,2.1003558e-05
pbmc4k_GACAGAGAGGTGCTTT-1,IL7R+ memory/helper T cells,IL7R+ memory/helper T cells,IL7R+ memory/helper T cells,0.9996675,True,1.258365e-05,4.22333e-05,2.9762285e-05,2.7839615e-05,3.1410334e-05,0.9996675,2.5265042e-05,0.00016342725
pbmc4k_GACAGAGAGTACGTAA-1,Activated/transitional T cells,Naive/resting T cells,Naive/resting T cells,0.9286757,False,0.00047265374,0.00055529404,0.00061096274,0.0005961539,0.00062136276,0.06807984,0.00038805482,0.9286757
pbmc4k_GACAGAGCAATAGAGT-1,Activated/transitional T cells,Naive/resting T cells,Naive/resting T cells,0.9747899,False,9.511832e-05,0.00023024727,0.00013248014,0.0001258427,0.00013017509,0.024389476,0.000106784806,0.9747899
pbmc4k_GACAGAGCAGATGGCA-1,Classical monocytes,Classical monocytes,Classical monocytes,0.97647506,True,0.00031426747,0.005937539,0.014376391,0.97647506,0.00034986658,0.0016143282,0.00072440924,0.00020820879
pbmc4k_GACAGAGGTCCTGCTT-1,B cells,B cells,B cells,0.9988506,True,1.7346694e-05,0.9988506,5.593465e-05,5.719899e-05,2.8795026e-05,0.0004956283,2.9692083e-05,0.0004648567
pbmc4k_GACAGAGGTCTAGAGG-1,Activated/transitional T cells,Naive/resting T cells,Naive/resting T cells,0.9940941,False,7.605587e-05,0.00015856863,9.2910515e-05,0.00012740715,9.6746444e-05,0.005281023,7.322527e-05,0.9940941
pbmc4k_GACAGAGGTGATAAAC-1,Activated/transitional T cells,Naive/resting T cells,Naive/resting T cells,0.9972922,False,7.4174255e-05,0.00021345475,0.00013004016,0.00015216898,0.00014754182,0.0018992042,9.123181e-05,0.9972922
pbmc4k_GACAGAGGTGGAAAGA-1,Classical monocytes,Classical monocytes,Classical monocytes,0.99818254,True,5.77442e-05,0.00036259135,0.00070045184,0.99818254,0.00015454166,0.0003487453,0.00016599376,2.7443288e-05
pbmc4k_GACAGAGGTGTATGGG-1,Classical monocytes,Classical monocytes,Classical monocytes,0.9977297,True,5.505983e-05,0.0007369872,0.0008807297,0.9977297,8.132599e-05,0.00023606475,0.00019204579,8.813056e-05
pbmc4k_GACAGAGTCTAGAGTC-1,Classical monocytes,Classical monocytes,Classical monocytes,0.99957424,True,2.4070125e-05,9.538512e-05,0.00011419665,0.99957424,1.8518285e-05,6.5405045e-05,3.9607832e-05,6.857699e-05
pbmc4k_GACAGAGTCTTGACGA-1,Activated/transitional T cells,IL7R+ memory/helper T cells,IL7R+ memory/helper T cells,0.98546773,False,0.00019027694,0.00068592594,0.000365334,0.00037788544,0.0003506166,0.98546773,0.00032427508,0.012237904
pbmc4k_GACCAATAGTGACTCT-1,B cells,B cells,B cells,0.99934405,True,5.8475624e-05,0.99934405,3.0725983e-05,3.7810405e-05,2.1533655e-05,0.00024909762,2.6068103e-05,0.00023223236
pbmc4k_GACCAATCAAGACACG-1,IL7R+ memory/helper T cells,IL7R+ memory/helper T cells,IL7R+ memory/helper T cells,0.999311,True,5.8244386e-05,0.00012028221,9.144177e-05,7.743432e-05,7.242937e-05,0.999311,0.00010490681,0.00016426743
pbmc4k_GACCAATCAGACAAAT-1,Activated/transitional T cells,IL7R+ memory/helper T cells,IL7R+ memory/helper T cells,0.5854247,False,0.0016134086,0.004671055,0.0014639086,0.0015971413,0.002407684,0.5854247,0.0016239937,0.40119803
pbmc4k_GACCAATGTATAAACG-1,Cytotoxic CD8 T cells,IL7R+ memory/helper T cells,IL7R+ memory/helper T cells,0.68880266,False,0.00052590657,0.0011265539,0.00066516583,0.00057559705,0.040668387,0.68880266,0.0005715989,0.26706415
pbmc4k_GACCAATGTCAATGTC-1,Classical monocytes,Classical monocytes,Classical monocytes,0.9992405,True,6.301085e-05,0.00015446752,0.00019207338,0.9992405,4.7928348e-05,0.00013598146,8.890598e-05,7.711287e-05
pbmc4k_GACCAATGTGGCTCCA-1,IL7R+ memory/helper T cells,IL7R+ memory/helper T cells,IL7R+ memory/helper T cells,0.9997385,True,1.8217776e-05,6.6466804e-05,4.0074538e-05,2.8671406e-05,2.4133387e-05,0.9997385,2.6060565e-05,5.7841717e-05
pbmc4k_GACCAATTCAGTTGAC-1,Classical monocytes,Classical monocytes,Classical monocytes,0.99943596,True,2.8223685e-05,4.9375783e-05,0.0003264161,0.99943596,2.1227046e-05,6.8068046e-05,4.4873334e-05,2.5860241e-05
pbmc4k_GACCAATTCCCTTGTG-1,CD16+ non-classical monocytes,Classical monocytes,Classical monocytes,0.7501351,False,0.003612399,0.059203353,0.17629483,0.7501351,0.0019374578,0.003908349,0.003607373,0.0013010777
pbmc4k_GACCAATTCCGGCACA-1,Classical monocytes,Classical monocytes,Classical monocytes,0.9995709,True,8.71573e-06,8.4363484e-05,0.00016686012,0.9995709,2.0218813e-05,9.148326e-05,4.168492e-05,1.5703268e-05
pbmc4k_GACCAATTCCTAGAAC-1,NK cells,Cytotoxic CD8 T cells,Cytotoxic CD8 T cells,0.8702594,False,0.011990999,0.011122988,0.009274714,0.0077578095,0.8702594,0.04798001,0.009892433,0.031721666
pbmc4k_GACCAATTCTTCAACT-1,B cells,B cells,B cells,0.99922216,True,5.0776023e-05,0.99922216,5.1586157e-05,6.1996674e-05,2.6572847e-05,0.00021780748,3.286053e-05,0.00033619127
pbmc4k_GACCAATTCTTTACGT-1,Activated/transitional T cells,Naive/resting T cells,Naive/resting T cells,0.57807344,False,0.0051288465,0.0026818176,0.0018363829,0.001750919,0.0018495941,0.40721935,0.001459658,0.57807344
pbmc4k_GACCTGGAGCCCAACC-1,B cells,B cells,B cells,0.9989397,True,3.895341e-05,0.9989397,0.00016770094,0.00012910827,0.000107668755,0.00025168172,9.9576275e-05,0.00026561195
pbmc4k_GACCTGGAGTGTGGCA-1,Activated/transitional T cells,Naive/resting T cells,Naive/resting T cells,0.834359,False,0.006062127,0.010678496,0.0048431573,0.006636391,0.03526753,0.09778617,0.0043671466,0.834359
pbmc4k_GACCTGGCAATTCCTT-1,Classical monocytes,Classical monocytes,Classical monocytes,0.999582,True,2.0529196e-05,7.602525e-05,6.405187e-05,0.999582,2.188882e-05,9.657939e-05,2.7165739e-05,0.00011174104
pbmc4k_GACCTGGCACCGATAT-1,Classical monocytes,Classical monocytes,Classical monocytes,0.9996691,True,1.3579434e-05,8.215543e-05,0.00013109884,0.9996691,1.623735e-05,3.1797346e-05,3.1926607e-05,2.418057e-05
pbmc4k_GACCTGGCAGCCTATA-1,Classical monocytes,Classical monocytes,Classical monocytes,0.99973434,True,4.1462597e-05,4.3994118e-05,3.9840776e-05,0.99973434,1.4443747e-05,6.821901e-05,2.4541774e-05,3.3114826e-05
pbmc4k_GACCTGGCATGAACCT-1,Cytotoxic CD8 T cells,IL7R+ memory/helper T cells,IL7R+ memory/helper T cells,0.59351826,False,0.00054463017,0.0004768914,0.0004788506,0.00032411193,0.40347108,0.59351826,0.00040959902,0.0007765437
pbmc4k_GACCTGGCATGACATC-1,Cytotoxic CD8 T cells,Cytotoxic CD8 T cells,Cytotoxic CD8 T cells,0.99212235,True,0.00034331525,0.00016884199,0.00012362997,0.0001327358,0.99212235,0.006086595,0.00024201602,0.0007804368
pbmc4k_GACCTGGGTCCAGTTA-1,Classical monocytes,Classical monocytes,Classical monocytes,0.99968076,True,5.9690865e-05,2.7424783e-05,0.0001197461,0.99968076,1.7935427e-05,3.2314016e-05,3.103995e-05,3.1057985e-05
pbmc4k_GACCTGGGTCGACTAT-1,Classical monocytes,Classical monocytes,Classical monocytes,0.99729604,True,4.160953e-05,0.000833001,0.0009922456,0.99729604,8.051009e-05,0.0005178635,0.00012705807,0.00011168992
pbmc4k_GACCTGGGTCGCGGTT-1,Classical monocytes,Classical monocytes,Classical monocytes,0.9950265,True,0.00011942355,0.0004814601,0.0025601485,0.9950265,0.00018984627,0.001078711,0.00030399003,0.00023992546
pbmc4k_GACCTGGGTTCCACGG-1,Classical monocytes,Classical monocytes,Classical monocytes,0.9995297,True,3.0863506e-05,0.00014513794,8.454291e-05,0.9995297,5.120691e-05,6.8822825e-05,5.6438694e-05,3.3298988e-05
pbmc4k_GACCTGGTCGCGTAGC-1,Activated/transitional T cells,Naive/resting T cells,Naive/resting T cells,0.98974377,False,0.0001356822,0.00062301324,0.00012350777,0.00014822939,6.4105545e-05,0.00907713,8.450771e-05,0.98974377
pbmc4k_GACCTGGTCTACCTGC-1,B cells,B cells,B cells,0.9990994,True,2.1838874e-05,0.9990994,4.5127686e-05,5.178298e-05,2.7012582e-05,0.0002996559,3.4886874e-05,0.00042030646
pbmc4k_GACGCGTAGCAGGCTA-1,NK cells,NK cells,NK cells,0.98763174,True,0.00025556455,0.00020365164,0.0008792907,0.0006817752,0.009457148,0.00079401315,0.98763174,9.688801e-05
pbmc4k_GACGCGTAGGGAAACA-1,Classical monocytes,Classical monocytes,Classical monocytes,0.9983924,True,0.00027787947,0.0002498066,0.00027494243,0.9983924,6.4139975e-05,0.00033335618,0.0001306788,0.00027681567
pbmc4k_GACGCGTAGTCCGGTC-1,Cytotoxic CD8 T cells,Cytotoxic CD8 T cells,Cytotoxic CD8 T cells,0.9903717,True,0.003993012,0.0003117771,0.00024178052,0.00022170952,0.9903717,0.0037430455,0.0003304877,0.0007864161
pbmc4k_GACGCGTCAACACCCG-1,Cytotoxic CD8 T cells,Cytotoxic CD8 T cells,Cytotoxic CD8 T cells,0.96491057,True,0.0020922453,0.0010890716,0.00089188624,0.00073105516,0.96491057,0.02798444,0.00153986,0.00076086173
pbmc4k_GACGCGTGTACTTAGC-1,Cytotoxic CD8 T cells,Cytotoxic CD8 T cells,Cytotoxic CD8 T cells,0.9849015,True,0.00551657,0.00067194743,0.00041947982,0.00036493086,0.9849015,0.004425759,0.0008326758,0.0028671739
pbmc4k_GACGCGTGTAGTGAAT-1,NK cells,NK cells,NK cells,0.9927965,True,0.00025743127,0.00052171753,0.00046734692,0.00036752198,0.0036240686,0.0017795259,0.9927965,0.00018596443
pbmc4k_GACGCGTGTATGGTTC-1,Activated/transitional T cells,Naive/resting T cells,Naive/resting T cells,0.9437686,False,0.0008883214,0.0009895265,0.00067950424,0.0028102717,0.0006047954,0.04961133,0.00064767495,0.9437686
pbmc4k_GACGCGTGTTCCATGA-1,Classical monocytes,Classical monocytes,Classical monocytes,0.99927706,True,4.951235e-05,0.00011625072,0.00020430246,0.99927706,4.5684876e-05,0.00016819217,0.000108334025,3.0670937e-05
pbmc4k_GACGCGTTCCAAGCCG-1,Cytotoxic CD8 T cells,Cytotoxic CD8 T cells,Cytotoxic CD8 T cells,0.97631603,True,0.00011802568,0.00031099183,0.00022497053,0.0001948531,0.97631603,0.022365551,0.00020719487,0.00026238084
pbmc4k_GACGGCTCAATGGATA-1,Activated/transitional T cells,IL7R+ memory/helper T cells,IL7R+ memory/helper T cells,0.9218444,False,0.0003009515,0.00060885085,0.00037028527,0.00039248218,0.00037221357,0.9218444,0.00033416884,0.075776696
pbmc4k_GACGGCTCACTCTGTC-1,B cells,B cells,B cells,0.999292,True,3.704824e-05,0.999292,3.8003356e-05,5.5687968e-05,4.111428e-05,0.00036489367,4.261694e-05,0.0001285529
pbmc4k_GACGGCTCAGCTGCAC-1,IL7R+ memory/helper T cells,IL7R+ memory/helper T cells,IL7R+ memory/helper T cells,0.99891615,True,0.0001879434,9.978144e-05,9.062247e-05,8.2569844e-05,0.00048064784,0.99891615,9.048826e-05,5.1820312e-05
pbmc4k_GACGGCTCAGTCCTTC-1,B cells,B cells,B cells,0.9993343,True,1.5948091e-05,0.9993343,4.1834417e-05,3.7668233e-05,3.6258712e-05,0.00020591209,2.8818202e-05,0.0002992788
pbmc4k_GACGGCTCAGTTTACG-1,Activated/transitional T cells,Naive/resting T cells,Naive/resting T cells,0.98683155,False,0.004875471,0.001012712,0.0005237125,0.0007023936,0.00035209302,0.005225603,0.0004764711,0.98683155
pbmc4k_GACGGCTCATACGCCG-1,IL7R+ memory/helper T cells,IL7R+ memory/helper T cells,IL7R+ memory/helper T cells,0.9923316,True,0.00011433348,0.0003824378,0.0003218756,0.0003435136,0.00042694854,0.9923316,0.00019647996,0.0058827577
pbmc4k_GACGGCTGTTAGATGA-1,Cytotoxic CD8 T cells,Cytotoxic CD8 T cells,Cytotoxic CD8 T cells,0.9730969,True,0.00088251295,0.00075326726,0.00034520932,0.000379122,0.9730969,0.008421511,0.015993997,0.0001275405
pbmc4k_GACGGCTGTTCGTGAT-1,Activated/transitional T cells,Naive/resting T cells,Naive/resting T cells,0.9369749,False,0.0010073928,0.0015621282,0.00077264535,0.0009996505,0.000582848,0.057443734,0.00065671623,0.9369749
pbmc4k_GACGGCTGTTGGTAAA-1,Activated/transitional T cells,IL7R+ memory/helper T cells,IL7R+ memory/helper T cells,0.7156687,False,0.0011928726,0.0011201513,0.0007502714,0.0006704152,0.00088610465,0.7156687,0.00066505966,0.27904648
pbmc4k_GACGGCTGTTGTCTTT-1,Activated/transitional T cells,Naive/resting T cells,Naive/resting T cells,0.7762908,False,0.002633826,0.0037043996,0.0018223688,0.0023166996,0.015926378,0.1957179,0.0015876984,0.7762908
pbmc4k_GACGGCTTCGAATGGG-1,NK cells,Cytotoxic CD8 T cells,Cytotoxic CD8 T cells,0.8260923,False,0.005895567,0.0023414718,0.007236258,0.001995117,0.8260923,0.006313726,0.14343175,0.0066937823
pbmc4k_GACGGCTTCTCAAGTG-1,Activated/transitional T cells,Naive/resting T cells,Naive/resting T cells,0.9613828,False,0.0013270257,0.001172951,0.00080542575,0.001039058,0.00065530563,0.032973908,0.00064351957,0.9613828
pbmc4k_GACGTGCAGAGGTACC-1,Cytotoxic CD8 T cells,Cytotoxic CD8 T cells,Cytotoxic CD8 T cells,0.9713685,True,0.0003216112,0.0005767851,0.0003330929,0.00029673285,0.9713685,0.024966119,0.00034164035,0.0017955062
pbmc4k_GACGTGCGTAAATACG-1,Classical monocytes,Classical monocytes,Classical monocytes,0.99901175,True,3.9222425e-05,0.0003335776,0.00028028453,0.99901175,5.2080584e-05,0.00017512146,7.3262745e-05,3.4636352e-05
pbmc4k_GACGTGCTCCGCATCT-1,Naive/resting T cells,Naive/resting T cells,Naive/resting T cells,0.996463,True,6.560152e-05,0.00013081291,0.000107281216,8.720795e-05,0.00010919421,0.002984007,5.291821e-05,0.996463
pbmc4k_GACGTGCTCGCATGAT-1,Activated/transitional T cells,Naive/resting T cells,Naive/resting T cells,0.9938373,False,0.0028456945,0.0004848211,0.0002792138,0.00030678126,0.0003729524,0.0015943304,0.00027895003,0.9938373
pbmc4k_GACGTTAAGACTAGGC-1,Cytotoxic CD8 T cells,IL7R+ memory/helper T cells,Activated/transitional T cells,0.5068428,False,0.5068428,0.009476929,0.00839667,0.0071249725,0.008847734,0.44008368,0.008876665,0.010350553
pbmc4k_GACGTTAAGGGAAACA-1,B cells,B cells,B cells,0.9931987,True,1.7069584e-05,0.9931987,4.777104e-05,6.0829505e-05,5.6540368e-05,0.0038327004,3.1640353e-05,0.0027547707
pbmc4k_GACGTTACAGTAGAGC-1,Activated/transitional T cells,IL7R+ memory/helper T cells,Naive/resting T cells,0.6612191,False,0.0025870486,0.006975618,0.0031126684,0.0030170167,0.0055798716,0.3142157,0.0032929897,0.6612191
pbmc4k_GACGTTACATGTCGAT-1,IL7R+ memory/helper T cells,IL7R+ memory/helper T cells,IL7R+ memory/helper T cells,0.9763867,True,0.005006241,0.0028446913,0.0021808385,0.0021669595,0.0025751814,0.9763867,0.002210909,0.006628474
pbmc4k_GACGTTAGTACAGTTC-1,Activated/transitional T cells,Naive/resting T cells,Naive/resting T cells,0.9600665,False,0.00095921475,0.0009860793,0.0006584004,0.00091337523,0.00088645593,0.035003785,0.00052621297,0.9600665
pbmc4k_GACGTTAGTCCTCCAT-1,Activated/transitional T cells,Naive/resting T cells,Naive/resting T cells,0.7280686,False,0.0010116751,0.0019620326,0.0011123073,0.0009886506,0.0023147138,0.2636706,0.0008714491,0.7280686
pbmc4k_GACGTTAGTCGCGGTT-1,IL7R+ memory/helper T cells,IL7R+ memory/helper T cells,IL7R+ memory/helper T cells,0.9949575,True,4.029783e-05,0.00033039635,6.825257e-05,8.018439e-05,0.00033669473,0.9949575,5.6724763e-05,0.004129935
pbmc4k_GACGTTAGTGGTGTAG-1,Activated/transitional T cells,Naive/resting T cells,Naive/resting T cells,0.85629356,False,0.0008454768,0.00085317274,0.0006639122,0.00063949893,0.00044103357,0.13978583,0.0004775108,0.85629356
pbmc4k_GACTAACAGCCCGAAA-1,Naive/resting T cells,Naive/resting T cells,Naive/resting T cells,0.9723912,True,0.007338485,0.0017353958,0.001015014,0.0011922356,0.0010963386,0.014230062,0.0010012347,0.9723912
pbmc4k_GACTAACAGCTCCTCT-1,Classical monocytes,Classical monocytes,Classical monocytes,0.99957186,True,1.7787568e-05,6.4116364e-05,0.0002095505,0.99957186,2.4020397e-05,6.238289e-05,3.8809256e-05,1.1416507e-05
pbmc4k_GACTAACAGCTGTCTA-1,Activated/transitional T cells,IL7R+ memory/helper T cells,Naive/resting T cells,0.82697934,False,0.00158351,0.0023977032,0.001454327,0.0020462088,0.0010285741,0.16299227,0.0015180884,0.82697934
pbmc4k_GACTAACAGTGAATTG-1,IL7R+ memory/helper T cells,IL7R+ memory/helper T cells,IL7R+ memory/helper T cells,0.8061319,True,0.0014114572,0.0015635152,0.0011653993,0.0010667272,0.14998335,0.8061319,0.0011363777,0.037541233
pbmc4k_GACTAACCAATGACCT-1,Activated/transitional T cells,IL7R+ memory/helper T cells,Naive/resting T cells,0.49501756,False,0.0036123034,0.011012886,0.006691448,0.0064806123,0.0036649837,0.46828586,0.0052343816,0.49501756
pbmc4k_GACTAACCAATTCCTT-1,Activated/transitional T cells,Naive/resting T cells,Naive/resting T cells,0.95484835,False,0.00031282482,0.0009785023,0.00041685894,0.00053020293,0.00033583422,0.042247374,0.00033005737,0.95484835
pbmc4k_GACTAACCACACCGAC-1,B cells,B cells,B cells,0.9992349,True,1.6648306e-05,0.9992349,4.922744e-05,3.4396297e-05,1.7951243e-05,6.0956652e-05,2.4831232e-05,0.00056107424
pbmc4k_GACTAACGTAAAGGAG-1,NK cells,NK cells,NK cells,0.9928691,True,7.344397e-05,0.00023864344,0.0010307966,0.00022161647,0.0040907874,0.0014081165,0.9928691,6.750018e-05
pbmc4k_GACTAACGTACCGGCT-1,Classical monocytes,Classical monocytes,Classical monocytes,0.99905926,True,4.562237e-05,0.000152387,0.0002431661,0.99905926,5.0315393e-05,0.00019779467,7.601325e-05,0.00017539169
pbmc4k_GACTAACGTTTGACAC-1,Activated/transitional T cells,Naive/resting T cells,Naive/resting T cells,0.9969503,False,0.0022523073,8.173167e-05,6.638346e-05,9.426143e-05,3.1306532e-05,0.00046461768,5.9057147e-05,0.9969503
pbmc4k_GACTAACTCGAACGGA-1,Activated/transitional T cells,Naive/resting T cells,Naive/resting T cells,0.9401027,False,0.002228062,0.0028983708,0.0015945731,0.0023502242,0.0014201463,0.04788375,0.00152213,0.9401027
pbmc4k_GACTAACTCTTACCGC-1,Activated/transitional T cells,Naive/resting T cells,Naive/resting T cells,0.98640895,False,0.0077006295,0.000833305,0.00033024256,0.00062324706,0.00030668973,0.0034795927,0.0003173308,0.98640895
pbmc4k_GACTACAAGCCCTAAT-1,Activated/transitional T cells,Naive/resting T cells,Naive/resting T cells,0.9487724,False,0.0071070944,0.0009109443,0.00057698827,0.000657379,0.00046550357,0.040977124,0.0005325999,0.9487724
pbmc4k_GACTACAGTACTCGCG-1,B cells,B cells,B cells,0.9995166,True,1.5301004e-05,0.9995166,3.0219837e-05,4.2492375e-05,3.927467e-05,0.00015265537,3.2534732e-05,0.00017095398
pbmc4k_GACTACAGTCCTGCTT-1,NK cells,Cytotoxic CD8 T cells,Cytotoxic CD8 T cells,0.71597886,False,0.006788494,0.005833415,0.0121397255,0.004316861,0.71597886,0.042782713,0.20725667,0.004903255
pbmc4k_GACTACAGTCGCGTGT-1,B cells,B cells,B cells,0.9898671,True,0.00020596315,0.9898671,0.0002680421,0.00035843172,0.00023169562,0.0006842273,0.00020691997,0.008177595
pbmc4k_GACTACAGTGTTAAGA-1,Cytotoxic CD8 T cells,Cytotoxic CD8 T cells,Cytotoxic CD8 T cells,0.9899859,True,0.000115931296,0.00019937516,0.00017969238,0.00010847182,0.9899859,0.008794437,0.00045132026,0.00016482126
pbmc4k_GACTACATCAGTGCAT-1,Classical monocytes,Classical monocytes,Classical monocytes,0.99915624,True,3.000125e-05,0.00014562167,0.0003243496,0.99915624,4.653363e-05,0.00016932926,6.1333194e-05,6.657694e-05
pbmc4k_GACTACATCGTGGACC-1,IL7R+ memory/helper T cells,IL7R+ memory/helper T cells,IL7R+ memory/helper T cells,0.99782014,True,0.00013190332,0.0003466798,0.0002478462,0.00021259964,0.00077930535,0.99782014,0.0002602176,0.00020134961
pbmc4k_GACTGCGAGCAGACTG-1,B cells,B cells,B cells,0.9992379,True,2.6342468e-05,0.9992379,5.1775885e-05,4.3009277e-05,2.0921125e-05,0.00041119347,2.5830346e-05,0.00018310496
pbmc4k_GACTGCGAGCTGCGAA-1,B cells,B cells,B cells,0.9931514,True,3.2508528e-05,0.9931514,0.00032533446,0.00012124257,0.00015584209,0.0058517475,0.00013724518,0.00022459717
pbmc4k_GACTGCGAGGCATGTG-1,Cytotoxic CD8 T cells,IL7R+ memory/helper T cells,IL7R+ memory/helper T cells,0.551249,False,0.021583172,0.014838824,0.0061937966,0.009284079,0.1514816,0.551249,0.005743023,0.23962647
pbmc4k_GACTGCGAGGCGCTCT-1,IL7R+ memory/helper T cells,IL7R+ memory/helper T cells,IL7R+ memory/helper T cells,0.99006224,True,0.00055264565,0.0006861074,0.0005310888,0.00050038507,0.00077611476,0.99006224,0.00043592654,0.006455514
pbmc4k_GACTGCGGTAATCACC-1,IL7R+ memory/helper T cells,IL7R+ memory/helper T cells,IL7R+ memory/helper T cells,0.7942816,True,0.0005566328,0.0015632472,0.0012537228,0.0012253218,0.000880703,0.7942816,0.0007216394,0.19951713
pbmc4k_GACTGCGGTCTAAACC-1,IL7R+ memory/helper T cells,IL7R+ memory/helper T cells,IL7R+ memory/helper T cells,0.9994887,True,4.9540504e-05,8.249301e-05,6.136613e-05,7.183026e-05,4.9261784e-05,0.9994887,5.4405864e-05,0.00014231387
pbmc4k_GACTGCGGTCTAGTGT-1,B cells,B cells,B cells,0.997922,True,2.921424e-05,0.997922,3.2779735e-05,4.197497e-05,2.2643626e-05,0.00020325246,2.4332643e-05,0.0017237908
pbmc4k_GACTGCGTCAACCATG-1,B cells,B cells,B cells,0.9990663,True,3.012478e-05,0.9990663,4.0386483e-05,5.455918e-05,2.089584e-05,0.00010623336,3.166856e-05,0.0006498649
pbmc4k_GACTGCGTCCCTCAGT-1,B cells,B cells,B cells,0.9990496,True,2.3903898e-05,0.9990496,3.3813638e-05,4.5723682e-05,1.739316e-05,0.00022703732,2.7746624e-05,0.00057477184
pbmc4k_GAGCAGAAGACAAAGG-1,IL7R+ memory/helper T cells,IL7R+ memory/helper T cells,IL7R+ memory/helper T cells,0.998648,True,0.00018570074,0.00021609709,0.000162029,0.00014276063,8.756553e-05,0.998648,0.00023553598,0.0003223641
pbmc4k_GAGCAGAAGACCACGA-1,CD16+ non-classical monocytes,Classical monocytes,Classical monocytes,0.6750277,False,0.0003260641,0.008434821,0.31075287,0.6750277,0.0011900717,0.0025268965,0.0011138429,0.00062769576
pbmc4k_GAGCAGAAGGTTCCTA-1,Classical monocytes,Classical monocytes,Classical monocytes,0.99930406,True,3.0786e-05,0.00014774431,0.00017929071,0.99930406,3.985433e-05,0.00017658295,6.3213e-05,5.8505968e-05
pbmc4k_GAGCAGAAGTATCTCG-1,Activated/transitional T cells,Naive/resting T cells,Naive/resting T cells,0.9801641,False,0.0012624684,0.00095045654,0.00035951516,0.0013646516,0.0003601713,0.015105706,0.00043297416,0.9801641
pbmc4k_GAGCAGACACGACTCG-1,B cells,B cells,B cells,0.99727696,True,1.1681667e-05,0.99727696,3.6985173e-05,4.1536856e-05,0.00011451382,0.00024089456,3.1124833e-05,0.0022463119
pbmc4k_GAGCAGACAGGATTGG-1,B cells,B cells,B cells,0.9979354,True,6.620622e-05,0.9979354,2.9090857e-05,4.786137e-05,2.5504454e-05,4.486291e-05,2.861642e-05,0.0018224346
pbmc4k_GAGCAGAGTCTACCTC-1,Naive/resting T cells,Naive/resting T cells,Naive/resting T cells,0.9872531,True,0.00016060239,0.00082679896,0.0005715006,0.00043630638,0.0004205576,0.010074434,0.00025667102,0.9872531
pbmc4k_GAGCAGAGTCTCATCC-1,B cells,B cells,B cells,0.99937576,True,2.3125896e-05,0.99937576,6.431351e-05,3.227456e-05,3.318453e-05,0.00032586986,3.074343e-05,0.00011471959
pbmc4k_GAGCAGAGTTGTGGAG-1,Activated/transitional T cells,Naive/resting T cells,Naive/resting T cells,0.73904157,False,0.007393651,0.0032171472,0.002570617,0.0035504894,0.0030801767,0.23875739,0.002388986,0.73904157
pbmc4k_GAGCAGATCCGGGTGT-1,Classical monocytes,Classical monocytes,Classical monocytes,0.98121256,True,0.000106316584,0.0016403885,0.0141884275,0.98121256,0.00046329066,0.0016832206,0.0005412466,0.00016458423
pbmc4k_GAGCAGATCGCCATAA-1,NK cells,NK cells,NK cells,0.99359137,True,0.00042156852,0.00013508537,0.00067177805,0.00013536135,0.0045300242,0.0003906192,0.99359137,0.00012417676
pbmc4k_GAGCAGATCGGAGCAA-1,IL7R+ memory/helper T cells,IL7R+ memory/helper T cells,IL7R+ memory/helper T cells,0.99977094,True,3.4687837e-05,3.7774862e-05,4.3331485e-05,3.025683e-05,2.7470818e-05,0.99977094,3.6422432e-05,1.9160136e-05
pbmc4k_GAGCAGATCGGGAGTA-1,Activated/transitional T cells,IL7R+ memory/helper T cells,Naive/resting T cells,0.9279014,False,0.00021159607,0.0006378969,0.00029010262,0.00043295094,0.0003874749,0.06988795,0.00025062676,0.9279014
pbmc4k_GAGGTGAAGAAACCGC-1,Classical monocytes,Classical monocytes,Classical monocytes,0.99712497,True,3.327211e-05,0.000567711,0.0018282228,0.99712497,9.042133e-05,0.00016290342,0.00011123965,8.126631e-05
pbmc4k_GAGGTGAAGTCTTGCA-1,B cells,B cells,B cells,0.9884449,True,0.00013031653,0.9884449,0.0001833752,0.00021375365,0.00021740966,0.00048275996,0.00016214847,0.010165249
pbmc4k_GAGGTGACAAGAAGAG-1,IL7R+ memory/helper T cells,IL7R+ memory/helper T cells,IL7R+ memory/helper T cells,0.97534114,True,0.0018223342,0.00107235,0.0009102131,0.0014367936,0.01733909,0.97534114,0.0011184927,0.00095957576
pbmc4k_GAGGTGATCCTAGTGA-1,Classical monocytes,Classical monocytes,Classical monocytes,0.9994299,True,3.9513234e-05,5.5117274e-05,0.00028063296,0.9994299,2.1061325e-05,0.000107020685,5.642542e-05,1.02880895e-05
pbmc4k_GAGTCCGAGAGAACAG-1,B cells,B cells,B cells,0.99901676,True,2.3097802e-05,0.99901676,9.532211e-05,6.5729895e-05,5.138467e-05,0.00032712196,3.8228332e-05,0.00038232945
pbmc4k_GAGTCCGAGGAATTAC-1,NK cells,NK cells,NK cells,0.9990841,True,7.7543096e-05,7.467296e-05,8.0539074e-05,7.130659e-05,0.00045656043,0.00013963749,0.9990841,1.5577323e-05
pbmc4k_GAGTCCGCAGCTCGAC-1,Cytotoxic CD8 T cells,IL7R+ memory/helper T cells,IL7R+ memory/helper T cells,0.7474984,False,0.0017236565,0.0015958801,0.0015148504,0.0011938025,0.23830038,0.7474984,0.001319815,0.006853212
pbmc4k_GAGTCCGCAGTCGTGC-1,Activated/transitional T cells,Naive/resting T cells,Naive/resting T cells,0.94156975,False,0.0010801242,0.0034163275,0.0011470935,0.0010966508,0.000971556,0.049848154,0.00087028946,0.94156975
pbmc4k_GAGTCCGCATAAAGGT-1,Activated/transitional T cells,Naive/resting T cells,Naive/resting T cells,0.9870368,False,0.0004437493,0.00082555896,0.00041369992,0.0005404919,0.0023253318,0.008061704,0.00035264078,0.9870368
pbmc4k_GAGTCCGCATTTGCTT-1,Classical monocytes,Classical monocytes,Classical monocytes,0.99920183,True,2.0791285e-05,0.00020607926,0.0003039894,0.99920183,3.8798884e-05,0.00011529117,5.743013e-05,5.5812983e-05
pbmc4k_GAGTCCGGTAAAGTCA-1,Activated/transitional T cells,Naive/resting T cells,Naive/resting T cells,0.81932604,False,0.0009334647,0.001638309,0.0010902998,0.0010620541,0.0010311068,0.17384247,0.0010762546,0.81932604
pbmc4k_GAGTCCGGTCTCAACA-1,B cells,B cells,B cells,0.9989115,True,6.204144e-05,0.9989115,4.4373457e-05,6.439942e-05,6.6983455e-05,0.00023378787,3.8413087e-05,0.0005785384
pbmc4k_GAGTCCGGTGTATGGG-1,Classical monocytes,Classical monocytes,Classical monocytes,0.9989003,True,6.0870956e-05,0.000839515,8.222655e-05,0.9989003,2.570565e-05,2.2422855e-05,3.8100352e-05,3.083025e-05
pbmc4k_GATCAGTAGCTCTCGG-1,Activated/transitional T cells,IL7R+ memory/helper T cells,IL7R+ memory/helper T cells,0.7699857,False,0.0015018409,0.0017741278,0.0012554898,0.0009613257,0.0010054326,0.7699857,0.000928985,0.22258715
pbmc4k_GATCAGTAGGGTTTCT-1,Activated/transitional T cells,Naive/resting T cells,Naive/resting T cells,0.95200574,False,0.0002156105,0.0010497185,0.0008286833,0.00078910566,0.00059241627,0.044015408,0.0005033413,0.95200574
pbmc4k_GATCAGTCACAAGTAA-1,Naive/resting T cells,Naive/resting T cells,Naive/resting T cells,0.9646868,True,0.0031189614,0.0020758244,0.0009646168,0.0009256123,0.00073987246,0.026565295,0.00092300394,0.9646868
pbmc4k_GATCAGTCATGCTAGT-1,NK cells,NK cells,NK cells,0.67607445,True,0.008612639,0.007781684,0.019916631,0.0051115775,0.23507078,0.03029194,0.67607445,0.017140334
pbmc4k_GATCAGTGTGCCTGGT-1,NK cells,NK cells,NK cells,0.9945602,True,0.00036648358,0.00013993107,0.00018121174,0.00010470622,0.004358935,0.00024419822,0.9945602,4.4360524e-05
pbmc4k_GATCGATAGCTAACTC-1,CD16+ non-classical monocytes,CD16+ non-classical monocytes,CD16+ non-classical monocytes,0.99743843,True,3.5292367e-05,0.00029779767,0.99743843,0.00024577463,0.00015913988,0.0016130665,0.00015955536,5.0915656e-05
pbmc4k_GATCGATCAAGTTAAG-1,Naive/resting T cells,Naive/resting T cells,Naive/resting T cells,0.9149738,True,0.01530511,0.0034316476,0.0024892353,0.0034259788,0.0017576888,0.056062516,0.002553982,0.9149738
pbmc4k_GATCGATGTGCCTGCA-1,CD16+ non-classical monocytes,CD16+ non-classical monocytes,CD16+ non-classical monocytes,0.66030765,True,0.0013847282,0.05941607,0.66030765,0.26121506,0.0044042366,0.007252925,0.0031385885,0.0028807144
pbmc4k_GATCGCGGTAGAAGGA-1,B cells,B cells,B cells,0.9989079,True,3.2615295e-05,0.9989079,4.0784944e-05,3.860627e-05,2.1105747e-05,0.00018699022,2.829375e-05,0.00074368255
pbmc4k_GATCGCGGTAGGAGTC-1,Classical monocytes,Classical monocytes,Classical monocytes,0.99705976,True,1.7108183e-05,0.00016861051,0.0025876649,0.99705976,1.7919463e-05,9.165253e-05,3.8878137e-05,1.8411782e-05
pbmc4k_GATCGCGGTCACCTAA-1,Activated/transitional T cells,IL7R+ memory/helper T cells,IL7R+ memory/helper T cells,0.684173,False,0.0020445976,0.0053903614,0.0037427174,0.003652071,0.0032997017,0.684173,0.003044291,0.2946533
pbmc4k_GATCGCGGTCCTAGCG-1,Activated/transitional T cells,Naive/resting T cells,Naive/resting T cells,0.988489,False,0.00017269944,0.00031862347,0.00017149642,0.00012395106,7.022885e-05,0.010564097,8.991852e-05,0.988489
pbmc4k_GATCGCGGTCTGATTG-1,Activated/transitional T cells,Naive/resting T cells,Naive/resting T cells,0.99034727,False,0.002271368,0.00036101718,0.00026219912,0.0002938093,0.0002580017,0.005957645,0.00024861426,0.99034727
pbmc4k_GATCGCGGTGACGCCT-1,B cells,B cells,B cells,0.9776024,True,0.00023200136,0.9776024,0.00013839886,0.00022915156,7.6246186e-05,0.00089792605,0.00012473497,0.020699069
pbmc4k_GATCGCGGTGGCGAAT-1,IL7R+ memory/helper T cells,IL7R+ memory/helper T cells,IL7R+ memory/helper T cells,0.9978986,True,7.185571e-05,0.00044764671,0.00030051358,0.00031830653,0.00040338494,0.9978986,0.00044966262,0.00011002078
pbmc4k_GATCGCGTCAGCTTAG-1,Naive/resting T cells,Naive/resting T cells,Naive/resting T cells,0.99627006,True,0.00030076428,0.00038902642,0.000260991,0.0002970571,0.0002723748,0.0020341289,0.00017561403,0.99627006
pbmc4k_GATCGCGTCAGTTTGG-1,Activated/transitional T cells,Naive/resting T cells,Naive/resting T cells,0.9577332,False,0.00027603068,0.0008061942,0.0004454327,0.00045619832,0.00054027565,0.03936843,0.00037428527,0.9577332
pbmc4k_GATCGTAAGGTGCACA-1,Classical monocytes,Classical monocytes,Classical monocytes,0.9997212,True,1.760444e-05,6.0354956e-05,8.753133e-05,0.9997212,1.5395908e-05,4.5938315e-05,2.9787481e-05,2.2173426e-05
pbmc4k_GATCGTACAAGAGGCT-1,Cytotoxic CD8 T cells,IL7R+ memory/helper T cells,IL7R+ memory/helper T cells,0.8239252,False,0.05846353,0.008755607,0.0053527975,0.0055956235,0.011535005,0.8239252,0.0054572187,0.08091505
pbmc4k_GATCGTAGTATAGTAG-1,B cells,B cells,B cells,0.9993937,True,2.5501906e-05,0.9993937,4.0074203e-05,5.4150994e-05,2.491762e-05,0.00010200286,3.357409e-05,0.0003260921
pbmc4k_GATCGTAGTCTAGGTT-1,Activated/transitional T cells,Naive/resting T cells,Naive/resting T cells,0.951292,False,0.00022509875,0.00071751804,0.00050818105,0.0005703828,0.00030582145,0.04597779,0.00040322222,0.951292
pbmc4k_GATCGTATCATTATCC-1,Classical monocytes,Classical monocytes,Classical monocytes,0.9993119,True,1.5529917e-05,0.00014105932,0.0002677594,0.9993119,3.4079407e-05,0.00013981592,6.133199e-05,2.84768e-05
pbmc4k_GATCGTATCGGCGGTT-1,CD16+ non-classical monocytes,CD16+ non-classical monocytes,CD16+ non-classical monocytes,0.9863013,True,6.831648e-05,0.008575544,0.9863013,0.003550683,0.00028706793,0.0007081104,0.0003178816,0.00019108463
pbmc4k_GATCGTATCTGAAAGA-1,B cells,B cells,B cells,0.9994918,True,2.8477361e-05,0.9994918,3.3491808e-05,4.0604704e-05,2.8337625e-05,9.874187e-05,3.4530705e-05,0.0002440012
pbmc4k_GATCTAGAGTGGGATC-1,Classical monocytes,Classical monocytes,Classical monocytes,0.950743,True,0.00030784687,0.039181262,0.0034681228,0.950743,0.00047043758,0.003913136,0.00074152654,0.0011746184
pbmc4k_GATCTAGAGTTATCGC-1,Classical monocytes,Classical monocytes,Classical monocytes,0.999463,True,3.9123257e-05,0.00013614203,0.00012405631,0.999463,3.0446161e-05,0.00014854691,3.680551e-05,2.1894899e-05
pbmc4k_GATCTAGAGTTGTAGA-1,Classical monocytes,Classical monocytes,Classical monocytes,0.99973196,True,4.2938966e-05,3.579759e-05,5.6661163e-05,0.99973196,2.028212e-05,5.7927067e-05,3.6229787e-05,1.8244116e-05
pbmc4k_GATCTAGCAGGCAGTA-1,Classical monocytes,Classical monocytes,Classical monocytes,0.99746454,True,8.9303394e-05,0.0013315117,0.00028030048,0.99746454,0.00018473818,0.0003873778,0.000101484904,0.00016068082
pbmc4k_GATCTAGGTTATGTGC-1,Cytotoxic CD8 T cells,Cytotoxic CD8 T cells,Cytotoxic CD8 T cells,0.993493,True,0.00024122167,0.00027636663,0.00016406726,0.00016783438,0.993493,0.0050532683,0.000338783,0.00026544838
pbmc4k_GATCTAGTCTCGAGTA-1,Classical monocytes,Classical monocytes,Classical monocytes,0.99959284,True,2.2498076e-05,8.432069e-05,5.3372245e-05,0.99959284,3.6938367e-05,9.776037e-05,3.6623587e-05,7.569321e-05
pbmc4k_GATCTAGTCTTGTACT-1,Activated/transitional T cells,Naive/resting T cells,Naive/resting T cells,0.99881786,False,9.060378e-05,0.00015539608,8.3727624e-05,0.000113833405,9.6170676e-05,0.0005734079,6.893883e-05,0.99881786
pbmc4k_GATGAAAAGTGCCAGA-1,Classical monocytes,Classical monocytes,Classical monocytes,0.9989304,True,3.64207e-05,0.00027870777,0.00021975471,0.9989304,9.5061325e-05,0.00025721348,0.00012578335,5.6659326e-05
pbmc4k_GATGAAACACAGACTT-1,Classical monocytes,Classical monocytes,Classical monocytes,0.99686426,True,6.117068e-05,0.0005440683,0.0014147388,0.99686426,0.00012891587,0.000554299,0.00022710832,0.0002054053
pbmc4k_GATGAAACACAGAGGT-1,Cytotoxic CD8 T cells,Cytotoxic CD8 T cells,Cytotoxic CD8 T cells,0.99361444,True,0.0008804879,0.00027353008,0.00028150674,0.00021529393,0.99361444,0.0025961814,0.00038264692,0.0017559323
pbmc4k_GATGAAACACTGTGTA-1,Classical monocytes,Classical monocytes,Classical monocytes,0.9997191,True,2.9996118e-05,6.528969e-05,3.6354922e-05,0.9997191,1.8767654e-05,5.481175e-05,3.0971267e-05,4.4761906e-05
pbmc4k_GATGAAACAGTAAGAT-1,Cytotoxic CD8 T cells,Cytotoxic CD8 T cells,Cytotoxic CD8 T cells,0.98407495,True,0.0003851894,0.00070461683,0.00036599603,0.00030514435,0.98407495,0.012867424,0.00048926286,0.0008074297
pbmc4k_GATGAAAGTACACCGC-1,B cells,B cells,B cells,0.9988224,True,2.280964e-05,0.9988224,4.3009317e-05,4.0697418e-05,2.3539149e-05,0.00013999901,2.1739428e-05,0.00088579615
pbmc4k_GATGAAAGTGATGTCT-1,Activated/transitional T cells,Naive/resting T cells,Naive/resting T cells,0.98414606,False,5.7711128e-05,0.00030464647,0.00014561444,0.00019497113,0.00020585084,0.0148389535,0.00010625254,0.98414606
pbmc4k_GATGAAAGTGGTACAG-1,Cytotoxic CD8 T cells,Cytotoxic CD8 T cells,Cytotoxic CD8 T cells,0.996845,True,0.00011461245,0.0001224037,7.4906995e-05,7.2823976e-05,0.996845,0.0021446769,0.0005301787,9.5464755e-05
pbmc4k_GATGAAAGTTCATGGT-1,Activated/transitional T cells,Naive/resting T cells,Naive/resting T cells,0.767052,False,0.003926476,0.005373466,0.003882638,0.0052763876,0.0051281056,0.2050458,0.004315161,0.767052
pbmc4k_GATGAAAGTTGATTCG-1,Classical monocytes,Classical monocytes,Classical monocytes,0.99955446,True,2.1833095e-05,6.5687294e-05,0.00018245462,0.99955446,2.1153655e-05,8.845432e-05,4.346247e-05,2.2489212e-05
pbmc4k_GATGAAATCCAGTAGT-1,Classical monocytes,Classical monocytes,Classical monocytes,0.9948495,True,0.00012644744,0.0011559379,0.0024031224,0.9948495,0.00022002471,0.00074262096,0.00037285496,0.00012950668
pbmc4k_GATGAGGAGAAACCGC-1,Cytotoxic CD8 T cells,IL7R+ memory/helper T cells,IL7R+ memory/helper T cells,0.9142221,False,0.00062758854,0.00092733523,0.00085101125,0.0007273971,0.08093907,0.9142221,0.0012099093,0.000495532
pbmc4k_GATGAGGAGCTCTCGG-1,Activated/transitional T cells,Naive/resting T cells,Naive/resting T cells,0.98595005,False,0.00019200941,0.00043943097,0.0002748617,0.0003734844,0.00022621434,0.012328977,0.00021491344,0.98595005
pbmc4k_GATGAGGAGGGCACTA-1,IL7R+ memory/helper T cells,IL7R+ memory/helper T cells,IL7R+ memory/helper T cells,0.999765,True,1.1703532e-05,3.328644e-05,2.7964072e-05,2.2905446e-05,2.4922832e-05,0.999765,1.8523973e-05,9.575188e-05
pbmc4k_GATGAGGAGTCATGCT-1,B cells,B cells,B cells,0.99946755,True,2.0386402e-05,0.99946755,3.8442315e-05,5.0781717e-05,2.4661384e-05,0.00011364009,2.9318955e-05,0.00025523268
pbmc4k_GATGAGGAGTTGAGTA-1,IL7R+ memory/helper T cells,IL7R+ memory/helper T cells,IL7R+ memory/helper T cells,0.9994246,True,3.0561292e-05,9.344115e-05,7.439739e-05,5.2300886e-05,0.000116535295,0.9994246,5.3126027e-05,0.00015505835
pbmc4k_GATGAGGGTAACGCGA-1,Cytotoxic CD8 T cells,IL7R+ memory/helper T cells,IL7R+ memory/helper T cells,0.6263417,False,0.020921735,0.0059757843,0.0047231386,0.0046781176,0.008627374,0.6263417,0.0048457156,0.32388642
pbmc4k_GATGAGGGTCGAACAG-1,B cells,B cells,B cells,0.9992899,True,5.140985e-05,0.9992899,3.5713067e-05,4.483256e-05,2.351482e-05,7.799008e-05,2.1464788e-05,0.00045518726
pbmc4k_GATGAGGGTCGACTAT-1,Cytotoxic CD8 T cells,Cytotoxic CD8 T cells,Cytotoxic CD8 T cells,0.96071184,True,0.000645119,0.0012444353,0.0009245522,0.0005682185,0.96071184,0.030028693,0.005384327,0.00049284246
pbmc4k_GATGAGGGTCGCTTCT-1,Cytotoxic CD8 T cells,Cytotoxic CD8 T cells,Cytotoxic CD8 T cells,0.9483321,True,0.0006077239,0.00029359735,0.00025769486,0.00021888266,0.9483321,0.049495846,0.00028540005,0.00050880335
pbmc4k_GATGAGGGTTCAGACT-1,Naive/resting T cells,IL7R+ memory/helper T cells,IL7R+ memory/helper T cells,0.8638585,False,0.007880575,0.0020779893,0.0018026675,0.0015114925,0.023959385,0.8638585,0.0012245344,0.09768479
pbmc4k_GATGAGGTCCATTCTA-1,Classical monocytes,Classical monocytes,Classical monocytes,0.9984592,True,2.2124199e-05,0.0003027735,0.0006390242,0.9984592,6.311145e-05,0.0003650944,8.140641e-05,6.719639e-05
pbmc4k_GATGAGGTCCGAATGT-1,IL7R+ memory/helper T cells,IL7R+ memory/helper T cells,IL7R+ memory/helper T cells,0.9362132,True,0.0003400524,0.00068747194,0.0006398295,0.00040029234,0.0027130493,0.9362132,0.0003480219,0.058658022
pbmc4k_GATGAGGTCGTACCGG-1,Activated/transitional T cells,Naive/resting T cells,Naive/resting T cells,0.9886446,False,0.0044428543,0.0008928861,0.0005812662,0.0006265641,0.0007098162,0.003193894,0.0009081588,0.9886446
pbmc4k_GATGCTACACATCTTT-1,B cells,B cells,B cells,0.99941576,True,2.5403553e-05,0.99941576,3.1614178e-05,4.1490395e-05,2.475398e-05,0.00012555413,2.5736384e-05,0.00030967675
pbmc4k_GATGCTACAGATGGGT-1,B cells,B cells,B cells,0.99883217,True,5.8420927e-05,0.99883217,5.4701944e-05,6.175755e-05,4.9368264e-05,0.00083850883,5.6168283e-05,4.8937804e-05
pbmc4k_GATGCTACAGCGTAAG-1,B cells,B cells,B cells,0.998228,True,1.4220751e-05,0.998228,2.9282453e-05,3.8235616e-05,2.4567178e-05,8.321914e-05,2.3568324e-05,0.0015588955
pbmc4k_GATGCTACAGGTTTCA-1,IL7R+ memory/helper T cells,IL7R+ memory/helper T cells,IL7R+ memory/helper T cells,0.9796957,True,0.005848328,0.0036080328,0.0020139823,0.0021450764,0.0018907544,0.9796957,0.0025422738,0.002255848
pbmc4k_GATGCTACATTTCACT-1,Classical monocytes,Classical monocytes,Classical monocytes,0.9966127,True,8.578189e-05,0.00056793645,0.0020056365,0.9966127,0.00014762631,0.00031920904,0.00018392394,7.717047e-05
pbmc4k_GATGCTAGTGAGTGAC-1,Naive/resting T cells,Naive/resting T cells,Naive/resting T cells,0.9898825,True,0.00048817857,0.00079593086,0.00049857126,0.0006729801,0.00030115445,0.0069529563,0.00040775293,0.9898825
pbmc4k_GATGCTAGTGTGTGCC-1,Activated/transitional T cells,IL7R+ memory/helper T cells,Naive/resting T cells,0.6300833,False,0.0010359626,0.0013046138,0.00092751347,0.0010189094,0.0009647526,0.3639136,0.00075131597,0.6300833
pbmc4k_GATGCTAGTGTTAAGA-1,B cells,B cells,B cells,0.9990989,True,2.5882453e-05,0.9990989,3.2098967e-05,5.8628553e-05,2.2526581e-05,0.0002102262,3.4693297e-05,0.000517113
pbmc4k_GATGCTAGTTGAGTTC-1,B cells,B cells,B cells,0.9952743,True,0.00014734358,0.9952743,0.00035380424,0.0003731862,0.00018178791,0.0012803155,0.00019920192,0.0021900795
pbmc4k_GATGCTAGTTGATTCG-1,Activated/transitional T cells,Naive/resting T cells,Naive/resting T cells,0.8207131,False,0.0016914468,0.0012416559,0.0007542064,0.001096209,0.00082870736,0.17302176,0.00065288367,0.8207131
pbmc4k_GATTCAGAGATGGCGT-1,Classical monocytes,Classical monocytes,Classical monocytes,0.99586177,True,5.3141448e-05,0.0013093696,0.0014741095,0.99586177,0.0001387163,0.0007995028,0.00030329387,6.0011167e-05
pbmc4k_GATTCAGAGCGTAGTG-1,B cells,B cells,B cells,0.99913317,True,6.0810056e-05,0.99913317,3.8510752e-05,4.2543288e-05,2.4783258e-05,0.00030919438,2.5903937e-05,0.00036515863
pbmc4k_GATTCAGAGGCAATTA-1,IL7R+ memory/helper T cells,IL7R+ memory/helper T cells,IL7R+ memory/helper T cells,0.9727835,True,4.0634954e-05,0.00031973087,0.00023343606,0.00012478165,0.00016595615,0.9727835,0.000100443656,0.026231486
pbmc4k_GATTCAGAGGTGATTA-1,Activated/transitional T cells,Naive/resting T cells,Naive/resting T cells,0.93480396,False,0.0001475138,0.0009167716,0.00031621955,0.00046394815,0.00029532894,0.06278037,0.0002758613,0.93480396
pbmc4k_GATTCAGCAATGGAAT-1,Cytotoxic CD8 T cells,Cytotoxic CD8 T cells,Cytotoxic CD8 T cells,0.9873102,True,0.0028815798,0.00033108125,0.00028073724,0.0003164591,0.9873102,0.008191148,0.0005360011,0.00015279338
pbmc4k_GATTCAGCAGATGAGC-1,B cells,B cells,B cells,0.9993917,True,3.619791e-05,0.9993917,2.5915162e-05,3.8726033e-05,1.562061e-05,8.5057676e-05,2.8009938e-05,0.00037875315
pbmc4k_GATTCAGCATCACCCT-1,B cells,B cells,B cells,0.9993938,True,3.56729e-05,0.9993938,3.8478065e-05,5.270565e-05,3.3002678e-05,7.8116325e-05,3.4040393e-05,0.0003341128
pbmc4k_GATTCAGGTGGCGAAT-1,Cytotoxic CD8 T cells,Cytotoxic CD8 T cells,Cytotoxic CD8 T cells,0.9140261,True,0.0024510822,0.0033123095,0.002311637,0.0019994944,0.9140261,0.0137701705,0.060750928,0.0013782671
pbmc4k_GATTCAGTCGCGTAGC-1,Activated/transitional T cells,Naive/resting T cells,Naive/resting T cells,0.99229324,False,0.0004286831,0.0003097814,0.00016517956,0.00023561578,0.000116369614,0.0063044946,0.00014667296,0.99229324
pbmc4k_GATTCAGTCTTAGAGC-1,Activated/transitional T cells,Naive/resting T cells,Naive/resting T cells,0.8606558,False,0.010726909,0.002366036,0.0017907899,0.0030555497,0.04958065,0.0702598,0.0015644928,0.8606558
pbmc4k_GCAAACTAGAAGGACA-1,Classical monocytes,Classical monocytes,Classical monocytes,0.99303085,True,0.0001068265,0.0049671666,0.000982234,0.99303085,0.00013290677,0.00032567055,0.0001825051,0.00027183245
pbmc4k_GCAAACTAGCTGAACG-1,Activated/transitional T cells,Naive/resting T cells,IL7R+ memory/helper T cells,0.5802844,False,0.0017535707,0.0075464463,0.004521117,0.0027877619,0.0037380105,0.5802844,0.0030021053,0.39636663
pbmc4k_GCAAACTCAATTCCTT-1,Activated/transitional T cells,Naive/resting T cells,Naive/resting T cells,0.8813987,False,0.09616415,0.004481765,0.0028861568,0.0044076615,0.0019704567,0.0054001044,0.0032910388,0.8813987
pbmc4k_GCAAACTCATATACCG-1,IL7R+ memory/helper T cells,IL7R+ memory/helper T cells,IL7R+ memory/helper T cells,0.9993098,True,2.8774353e-05,0.00010545305,0.00012259735,7.39211e-05,9.66394e-05,0.9993098,8.615853e-05,0.00017664948
pbmc4k_GCAAACTGTACAGTTC-1,Classical monocytes,Classical monocytes,Classical monocytes,0.99702376,True,4.7747926e-05,0.0006791655,0.0007664385,0.99702376,0.00031960546,0.00080569525,0.00021761886,0.00013996911
pbmc4k_GCAAACTGTATTAGCC-1,Classical monocytes,Classical monocytes,Classical monocytes,0.99901175,True,5.7816815e-05,0.00014709146,0.00039901288,0.99901175,5.4803793e-05,0.00013535332,0.00013750725,5.6608416e-05
pbmc4k_GCAAACTGTCGATTGT-1,Classical monocytes,Classical monocytes,Classical monocytes,0.99942434,True,3.4155735e-05,0.00012970332,0.00018474314,0.99942434,3.495021e-05,4.1710144e-05,4.6050103e-05,0.00010432962
pbmc4k_GCAAACTGTCTTCAAG-1,Classical monocytes,Classical monocytes,Classical monocytes,0.9991178,True,3.2827375e-05,0.00023351902,0.00025731817,0.9991178,5.1988398e-05,0.0001741542,9.714685e-05,3.5267803e-05
pbmc4k_GCAAACTGTGTTGGGA-1,B cells,B cells,B cells,0.9986847,True,8.362055e-05,0.9986847,6.513213e-05,9.817248e-05,4.3849588e-05,0.00028020664,5.0413077e-05,0.00069392764
pbmc4k_GCAAACTTCAGCATGT-1,B cells,B cells,B cells,0.99825674,True,1.496766e-05,0.99825674,3.1132335e-05,4.618091e-05,1.8141294e-05,0.00013222809,2.5472165e-05,0.0014751392
pbmc4k_GCAATCAAGACCGGAT-1,B cells,B cells,B cells,0.99867946,True,2.1348897e-05,0.99867946,4.3705364e-05,0.00021017864,4.610399e-05,0.0004253628,3.652552e-05,0.0005372479
pbmc4k_GCAATCACACCCAGTG-1,Activated/transitional T cells,Naive/resting T cells,Naive/resting T cells,0.7290262,False,0.008972796,0.005823741,0.003219238,0.005005912,0.0024337273,0.24251217,0.0030062094,0.7290262
pbmc4k_GCAATCACAGATAATG-1,Activated/transitional T cells,Naive/resting T cells,Naive/resting T cells,0.9913796,False,0.0005344081,0.0004946372,0.00020497537,0.00029760977,0.00013766147,0.0067744227,0.0001767271,0.9913796
pbmc4k_GCAATCAGTAACGTTC-1,NK cells,NK cells,NK cells,0.9837646,True,0.0011958224,0.00069285097,0.0008840731,0.0006140468,0.0078664655,0.004650561,0.9837646,0.00033152173
pbmc4k_GCAATCATCAGAAATG-1,Activated/transitional T cells,Naive/resting T cells,Naive/resting T cells,0.9971945,False,9.8478566e-05,0.00013420459,8.5975094e-05,0.000107029475,9.720778e-05,0.00221923,6.335483e-05,0.9971945
pbmc4k_GCACATAAGCCGCCTA-1,Activated/transitional T cells,Naive/resting T cells,Naive/resting T cells,0.93752605,False,0.00073491,0.001474041,0.0014033783,0.0012206078,0.0015054006,0.055389892,0.0007456916,0.93752605
pbmc4k_GCACATAAGCTCCCAG-1,CD16+ non-classical monocytes,CD16+ non-classical monocytes,CD16+ non-classical monocytes,0.9977422,True,0.00011249305,0.00048558338,0.9977422,0.00084631296,0.0002716099,0.0001782546,0.00023961971,0.0001239773
pbmc4k_GCACATAAGGCCATAG-1,Activated/transitional T cells,Naive/resting T cells,Naive/resting T cells,0.9870905,False,0.00013575226,0.0007217869,0.00022121491,0.00018063837,0.00012454642,0.011380547,0.00014501391,0.9870905
pbmc4k_GCACATAAGTTAGCGG-1,Naive/resting T cells,Naive/resting T cells,Naive/resting T cells,0.9594473,True,0.000187556,0.0009883045,0.00057296484,0.0005605639,0.0005060273,0.037355836,0.00038139633,0.9594473
pbmc4k_GCACATACAAACAACA-1,Cytotoxic CD8 T cells,IL7R+ memory/helper T cells,IL7R+ memory/helper T cells,0.89092165,False,0.0014534092,0.002337098,0.0017524072,0.001384016,0.08362449,0.89092165,0.0012064041,0.017320598
pbmc4k_GCACATAGTAGAGGAA-1,Activated/transitional T cells,Naive/resting T cells,Naive/resting T cells,0.810058,False,0.00019505878,0.0005526062,0.0003430485,0.00031881183,0.000659496,0.187612,0.00026104387,0.810058
pbmc4k_GCACATAGTCTTCTCG-1,Cytotoxic CD8 T cells,Cytotoxic CD8 T cells,Cytotoxic CD8 T cells,0.99626094,True,0.00058048987,0.0003213581,0.00017321047,0.00017844717,0.99626094,0.0013568782,0.00024728104,0.00088135677
pbmc4k_GCACATATCACGCATA-1,Cytotoxic CD8 T cells,Cytotoxic CD8 T cells,Cytotoxic CD8 T cells,0.9554031,True,0.0034179157,0.0020493174,0.0014012229,0.0020487036,0.9554031,0.009004313,0.025513776,0.001161658
pbmc4k_GCACATATCCGTTGCT-1,NK cells,NK cells,NK cells,0.9899448,True,0.00036207787,0.00033934493,0.0005394438,0.0002752184,0.006957832,0.0014136359,0.9899448,0.0001676484
pbmc4k_GCACTCTAGAGATGAG-1,B cells,B cells,B cells,0.99948716,True,3.2661577e-05,0.99948716,3.9621496e-05,4.0311897e-05,4.4784996e-05,0.000103113554,3.5179244e-05,0.0002171519
pbmc4k_GCACTCTAGCGTAGTG-1,Cytotoxic CD8 T cells,Cytotoxic CD8 T cells,Cytotoxic CD8 T cells,0.99367356,True,0.00062466343,0.00032173595,0.00017031643,0.00020147725,0.99367356,0.004324543,0.00039671725,0.00028704785
pbmc4k_GCACTCTAGTGCCAGA-1,Classical monocytes,Classical monocytes,Classical monocytes,0.99812204,True,4.805585e-05,0.00015758649,0.0013507977,0.99812204,4.3782773e-05,0.00016765032,5.9182465e-05,5.086413e-05
pbmc4k_GCACTCTCATGAGCGA-1,B cells,B cells,B cells,0.99934536,True,5.44293e-05,0.99934536,3.7756552e-05,6.544679e-05,0.00013068908,5.984951e-05,3.2572992e-05,0.0002739132
pbmc4k_GCACTCTGTTAGATGA-1,IL7R+ memory/helper T cells,IL7R+ memory/helper T cells,IL7R+ memory/helper T cells,0.98945355,True,0.00010862875,0.0008316799,0.00026192903,0.00027672606,0.0003101225,0.98945355,0.00022819986,0.008529175
pbmc4k_GCACTCTTCAGTCCCT-1,Cytotoxic CD8 T cells,Cytotoxic CD8 T cells,Cytotoxic CD8 T cells,0.99097264,True,8.700421e-05,0.000109502944,7.847645e-05,8.4947285e-05,0.99097264,0.008278398,7.48345e-05,0.0003142152
pbmc4k_GCACTCTTCAGTTTGG-1,Naive/resting T cells,Naive/resting T cells,Naive/resting T cells,0.9969934,True,0.00031955185,0.0002760895,0.00014688041,0.00019633508,0.000118046155,0.0018150461,0.00013465373,0.9969934
pbmc4k_GCACTCTTCATGTCTT-1,IL7R+ memory/helper T cells,IL7R+ memory/helper T cells,Naive/resting T cells,0.5018595,False,0.0010509578,0.001702382,0.00094042975,0.00089923706,0.0011132024,0.4916332,0.00080114766,0.5018595
pbmc4k_GCACTCTTCATTCACT-1,B cells,B cells,B cells,0.9989774,True,5.6428977e-05,0.9989774,2.925172e-05,5.2828535e-05,1.3061684e-05,8.766035e-05,3.104643e-05,0.0007523222
pbmc4k_GCACTCTTCTGAGGGA-1,Activated/transitional T cells,Naive/resting T cells,Naive/resting T cells,0.7993831,False,0.0013527174,0.0033789438,0.001397472,0.0019619993,0.0012437963,0.19005732,0.0012246725,0.7993831
pbmc4k_GCACTCTTCTGCTGCT-1,Classical monocytes,Classical monocytes,Classical monocytes,0.9987834,True,0.00011416693,0.00021257506,0.00041486314,0.9987834,0.00010981651,0.00025247308,7.625667e-05,3.642173e-05
pbmc4k_GCAGCCAAGTCTTGCA-1,Cytotoxic CD8 T cells,Cytotoxic CD8 T cells,Cytotoxic CD8 T cells,0.9844542,True,0.0016544694,0.0010831634,0.0005806554,0.00061341777,0.9844542,0.009820297,0.0012913942,0.00050243485
pbmc4k_GCAGCCACAAGGTTCT-1,Cytotoxic CD8 T cells,Cytotoxic CD8 T cells,NK cells,0.5224687,False,0.03483592,0.0034448733,0.0036327315,0.0118921595,0.40604985,0.005658734,0.5224687,0.012017077
pbmc4k_GCAGCCAGTATGAAAC-1,Cytotoxic CD8 T cells,Cytotoxic CD8 T cells,Cytotoxic CD8 T cells,0.9927551,True,0.00029291527,0.00048239934,0.000280643,0.0002678877,0.9927551,0.0041392655,0.0011356019,0.00064612523
pbmc4k_GCAGCCAGTCGGCACT-1,IL7R+ memory/helper T cells,IL7R+ memory/helper T cells,IL7R+ memory/helper T cells,0.90311545,True,0.00055048906,0.0011340998,0.0006929357,0.0006692385,0.0006832449,0.90311545,0.0005830056,0.092571534
pbmc4k_GCAGCCAGTGTTTGTG-1,Classical monocytes,Classical monocytes,Classical monocytes,0.99967897,True,2.7274084e-05,5.5414283e-05,0.00010913608,0.99967897,1.6707616e-05,2.9372037e-05,2.9503733e-05,5.360932e-05
pbmc4k_GCAGCCAGTTTAGGAA-1,Naive/resting T cells,IL7R+ memory/helper T cells,IL7R+ memory/helper T cells,0.8048068,False,0.000443694,0.0011083072,0.0008516897,0.000711606,0.0008587741,0.8048068,0.00062370347,0.19059542
pbmc4k_GCAGCCATCATCGCTC-1,B cells,B cells,B cells,0.99758375,True,2.2751477e-05,0.99758375,5.00814e-05,3.6929116e-05,2.7152366e-05,0.00023381023,2.2024797e-05,0.0020235016
pbmc4k_GCAGTTAAGGGATACC-1,B cells,B cells,B cells,0.9992817,True,2.2667125e-05,0.9992817,5.903486e-05,3.972844e-05,7.679973e-05,0.00031237336,3.413966e-05,0.0001736245
pbmc4k_GCAGTTACACGAAACG-1,Activated/transitional T cells,Naive/resting T cells,Naive/resting T cells,0.76167494,False,0.0066716457,0.0032747765,0.002044059,0.0029028577,0.011217361,0.21049921,0.0017151624,0.76167494
pbmc4k_GCAGTTACATGAGCGA-1,Classical monocytes,Classical monocytes,Classical monocytes,0.99957937,True,2.854773e-05,0.0001061941,5.039774e-05,0.99957937,2.247277e-05,0.00015297317,4.9413346e-05,1.0595117e-05
pbmc4k_GCAGTTACATTGGGCC-1,IL7R+ memory/helper T cells,IL7R+ memory/helper T cells,IL7R+ memory/helper T cells,0.98968923,True,0.0027561178,0.0012626265,0.00087730406,0.0009483259,0.0014456658,0.98968923,0.00095540466,0.0020652956
pbmc4k_GCAGTTAGTGGCCCTA-1,Cytotoxic CD8 T cells,Cytotoxic CD8 T cells,Cytotoxic CD8 T cells,0.9889042,True,0.0011525076,0.0007714222,0.00053442875,0.00042525763,0.9889042,0.0045502665,0.00046965884,0.0031922914
pbmc4k_GCAGTTATCTCGATGA-1,Classical monocytes,Classical monocytes,Classical monocytes,0.99948514,True,2.373134e-05,5.842657e-05,0.00030883466,0.99948514,2.0573716e-05,3.7036465e-05,2.5579679e-05,4.0627212e-05
pbmc4k_GCAGTTATCTTAGCCC-1,Classical monocytes,Classical monocytes,Classical monocytes,0.9979101,True,2.7126509e-05,0.0003372837,0.0013501722,0.9979101,3.7978607e-05,0.00018748359,0.00010223038,4.766584e-05
pbmc4k_GCATACAAGACAGAGA-1,Cytotoxic CD8 T cells,IL7R+ memory/helper T cells,IL7R+ memory/helper T cells,0.69928765,False,0.10561232,0.007839937,0.0049323295,0.005595184,0.07484983,0.69928765,0.0053652227,0.09651755
pbmc4k_GCATACAAGCAATCTC-1,Cytotoxic CD8 T cells,Naive/resting T cells,Naive/resting T cells,0.79988694,False,0.0030389873,0.005902095,0.0032355727,0.003213141,0.022250889,0.15919133,0.0032810578,0.79988694
pbmc4k_GCATACAAGTCGTTTG-1,Classical monocytes,Classical monocytes,Classical monocytes,0.9996438,True,2.517502e-05,0.00010144856,4.6909092e-05,0.9996438,1.4242198e-05,0.00010720317,5.039325e-05,1.0835213e-05
pbmc4k_GCATACACAATACGCT-1,IL7R+ memory/helper T cells,IL7R+ memory/helper T cells,Cytotoxic CD8 T cells,0.6437519,False,0.00027443637,0.0007390283,0.0005975164,0.00043629645,0.6437519,0.34689793,0.00032180594,0.006981126
pbmc4k_GCATACACAATTGCTG-1,Cytotoxic CD8 T cells,Cytotoxic CD8 T cells,Cytotoxic CD8 T cells,0.97429615,True,0.0011051666,0.00046591548,0.0005120354,0.0003917954,0.97429615,0.021774733,0.0006285326,0.0008256683
pbmc4k_GCATACAGTCAGATAA-1,B cells,B cells,B cells,0.99903154,True,2.4427465e-05,0.99903154,3.4914025e-05,3.8215483e-05,2.564355e-05,9.742411e-05,2.179395e-05,0.0007260394
pbmc4k_GCATACAGTCTAGCCG-1,Classical monocytes,Classical monocytes,Classical monocytes,0.999627,True,1.9951833e-05,8.23319e-05,0.00013226876,0.999627,1.495257e-05,6.330028e-05,3.1730004e-05,2.8438764e-05
pbmc4k_GCATACAGTTTAAGCC-1,IL7R+ memory/helper T cells,IL7R+ memory/helper T cells,IL7R+ memory/helper T cells,0.9983789,True,5.963525e-05,0.00011936387,9.008159e-05,7.3138166e-05,7.393864e-05,0.9983789,7.428482e-05,0.0011306157
pbmc4k_GCATACATCCCATTAT-1,Cytotoxic CD8 T cells,IL7R+ memory/helper T cells,IL7R+ memory/helper T cells,0.5984212,False,0.012950538,0.013431183,0.010191435,0.011267939,0.20678315,0.5984212,0.011814567,0.13513999
pbmc4k_GCATACATCGCAAACT-1,Classical monocytes,Classical monocytes,Classical monocytes,0.99888915,True,7.108114e-05,0.00012395623,0.00044469116,0.99888915,5.191958e-05,0.0001873762,9.0375084e-05,0.00014151372
pbmc4k_GCATACATCGTACGGC-1,IL7R+ memory/helper T cells,IL7R+ memory/helper T cells,IL7R+ memory/helper T cells,0.99684405,True,8.150183e-05,0.00012562987,9.1146896e-05,7.836415e-05,5.2816613e-05,0.99684405,6.856927e-05,0.0026579183
pbmc4k_GCATACATCTTTAGGG-1,CD16+ non-classical monocytes,CD16+ non-classical monocytes,CD16+ non-classical monocytes,0.9669882,True,0.00035359454,0.006983444,0.9669882,0.020126311,0.0011229353,0.0018296136,0.0011044893,0.0014914041
pbmc4k_GCATGATAGCGATATA-1,Cytotoxic CD8 T cells,Cytotoxic CD8 T cells,Cytotoxic CD8 T cells,0.9051385,True,0.006363848,0.0057816654,0.0061533297,0.004391539,0.9051385,0.022716777,0.04129809,0.008156262
pbmc4k_GCATGATCAAAGCGGT-1,Activated/transitional T cells,Naive/resting T cells,Naive/resting T cells,0.5900057,False,0.0011981492,0.0013472426,0.0010356067,0.0011692195,0.00062060455,0.40383008,0.00079339894,0.5900057
pbmc4k_GCATGATCAAGCTGAG-1,Classical monocytes,Classical monocytes,Classical monocytes,0.9779674,True,0.00020787948,0.0035627128,0.012194748,0.9779674,0.00065023673,0.0039232005,0.0009766574,0.0005171947
pbmc4k_GCATGATCAATCCAAC-1,B cells,B cells,B cells,0.99859065,True,3.842207e-05,0.99859065,5.37845e-05,4.599274e-05,3.1136096e-05,0.00013755116,2.9669158e-05,0.0010727366
pbmc4k_GCATGATCACCAGCAC-1,Classical monocytes,Classical monocytes,Classical monocytes,0.9988527,True,5.6556022e-05,0.000265563,0.00029341117,0.9988527,6.477505e-05,0.00027093562,0.00010275076,9.323195e-05
pbmc4k_GCATGATCAGTCGATT-1,Activated/transitional T cells,Naive/resting T cells,Naive/resting T cells,0.6713968,False,0.0072643044,0.0021739858,0.0010633697,0.0014362577,0.00053970213,0.31522045,0.0009051698,0.6713968
pbmc4k_GCATGATGTAGGCTGA-1,Activated/transitional T cells,IL7R+ memory/helper T cells,IL7R+ memory/helper T cells,0.62376046,False,0.002600524,0.0035412607,0.0023802496,0.0031989678,0.03788193,0.62376046,0.0025418655,0.32409474
pbmc4k_GCATGATGTCTCAACA-1,Activated/transitional T cells,Naive/resting T cells,Naive/resting T cells,0.9593316,False,0.0019369818,0.00063689717,0.0004582453,0.00039014925,0.0004377347,0.03650523,0.0003032704,0.9593316
pbmc4k_GCATGATGTTAAGTAG-1,Activated/transitional T cells,Naive/resting T cells,Naive/resting T cells,0.8814436,False,0.011143957,0.0024680614,0.0017310465,0.0028032463,0.0012545958,0.09755474,0.0016007075,0.8814436
pbmc4k_GCATGATGTTACGCGC-1,IL7R+ memory/helper T cells,IL7R+ memory/helper T cells,IL7R+ memory/helper T cells,0.9758143,True,0.0010330383,0.0012910373,0.001183723,0.0009141195,0.00070184516,0.9758143,0.0008789165,0.018183017
pbmc4k_GCATGATGTTGATTGC-1,Activated/transitional T cells,Naive/resting T cells,Naive/resting T cells,0.93875915,False,0.00020742185,0.00072046206,0.00044821753,0.00042615228,0.00024035209,0.058933243,0.00026496433,0.93875915
pbmc4k_GCATGATTCACAGTAC-1,Activated/transitional T cells,Naive/resting T cells,Naive/resting T cells,0.7865706,False,0.06238615,0.0081990445,0.0062589734,0.009075787,0.0057247016,0.11524925,0.006535467,0.7865706
pbmc4k_GCATGATTCGGTTCGG-1,Activated/transitional T cells,Naive/resting T cells,Naive/resting T cells,0.99576133,False,0.00017634935,0.00044977578,0.00014601705,0.00016636151,0.00012925542,0.0030345076,0.00013640225,0.99576133
pbmc4k_GCATGCGAGACTGGGT-1,Activated/transitional T cells,IL7R+ memory/helper T cells,IL7R+ memory/helper T cells,0.662579,False,0.00636622,0.0046028187,0.0032882267,0.0028579372,0.024392819,0.662579,0.0025430974,0.29336986
pbmc4k_GCATGCGAGCGCTCCA-1,Classical monocytes,Classical monocytes,Classical monocytes,0.9992454,True,2.4741264e-05,0.00011065511,0.00043981473,0.9992454,2.5548117e-05,3.912026e-05,4.8315458e-05,6.637189e-05
pbmc4k_GCATGCGAGGATGTAT-1,Activated/transitional T cells,Naive/resting T cells,Naive/resting T cells,0.9913088,False,0.0011740224,0.00132406,0.00033647474,0.0003328669,0.0001321811,0.005168582,0.00022297194,0.9913088
pbmc4k_GCATGCGAGTACGTTC-1,IL7R+ memory/helper T cells,IL7R+ memory/helper T cells,IL7R+ memory/helper T cells,0.5697431,True,0.00025236112,0.0007097122,0.00031771974,0.0003098456,0.00024599218,0.5697431,0.00023332333,0.42818797
pbmc4k_GCATGCGCAAGCGAGT-1,Activated/transitional T cells,Naive/resting T cells,Naive/resting T cells,0.9990808,False,3.6208537e-05,6.6631546e-05,3.2308482e-05,4.225938e-05,1.8857436e-05,0.00069678726,2.6134108e-05,0.9990808
pbmc4k_GCATGCGCAGACGCTC-1,IL7R+ memory/helper T cells,IL7R+ memory/helper T cells,IL7R+ memory/helper T cells,0.9367167,True,0.0031868308,0.0035305612,0.0018371855,0.0026565841,0.0018705402,0.9367167,0.0016050285,0.048596557
pbmc4k_GCATGCGCAGATAATG-1,Classical monocytes,Classical monocytes,Classical monocytes,0.9994634,True,2.3414525e-05,0.00015192918,0.00015177844,0.9994634,5.91783e-05,5.950535e-05,4.726216e-05,4.360044e-05
pbmc4k_GCATGCGCATCGATTG-1,Activated/transitional T cells,Naive/resting T cells,Naive/resting T cells,0.9982114,False,4.8006554e-05,0.0001308616,3.893975e-05,5.6593868e-05,3.4147026e-05,0.0014473655,3.2702552e-05,0.9982114
pbmc4k_GCATGCGGTCAACTGT-1,Naive/resting T cells,IL7R+ memory/helper T cells,IL7R+ memory/helper T cells,0.6255116,False,0.004314783,0.029057993,0.0034698155,0.0037494795,0.0055522583,0.6255116,0.0030771072,0.32526693
pbmc4k_GCATGCGGTCTGCGGT-1,Classical monocytes,Classical monocytes,Classical monocytes,0.99950445,True,1.5089697e-05,0.0001570283,0.00010945232,0.99950445,3.1954485e-05,7.6945675e-05,3.119932e-05,7.38639e-05
pbmc4k_GCATGCGGTGAGGCTA-1,B cells,B cells,B cells,0.9987558,True,1.6001515e-05,0.9987558,3.1494626e-05,3.6054953e-05,1.5698815e-05,0.00010151303,1.9371384e-05,0.0010240253
pbmc4k_GCATGTAAGAACTGTA-1,Cytotoxic CD8 T cells,Cytotoxic CD8 T cells,Cytotoxic CD8 T cells,0.9975696,True,0.00056042295,0.00018504224,0.000103547274,9.592718e-05,0.9975696,0.00093412417,0.00019695879,0.00035433113
pbmc4k_GCATGTAAGTTACGGG-1,Cytotoxic CD8 T cells,IL7R+ memory/helper T cells,IL7R+ memory/helper T cells,0.91560715,False,0.0024989801,0.010783083,0.008462048,0.0045064557,0.044035587,0.91560715,0.01228379,0.001822895
pbmc4k_GCATGTACAGCTGCTG-1,Cytotoxic CD8 T cells,Cytotoxic CD8 T cells,Cytotoxic CD8 T cells,0.98001057,True,0.00011227756,0.00015826397,0.00010950483,8.78087e-05,0.98001057,0.017797848,8.799866e-05,0.0016356976
pbmc4k_GCATGTACAGTTTACG-1,Classical monocytes,Classical monocytes,Classical monocytes,0.9993729,True,2.0287694e-05,0.0001171374,0.00016261585,0.9993729,5.8909205e-05,0.00013753476,6.137482e-05,6.9255824e-05
pbmc4k_GCATGTAGTAGCCTCG-1,Cytotoxic CD8 T cells,Cytotoxic CD8 T cells,Cytotoxic CD8 T cells,0.9890977,True,0.0021040547,0.0005604197,0.0004335877,0.0004654526,0.9890977,0.0044845804,0.002573136,0.0002811018
pbmc4k_GCATGTAGTCAACTGT-1,Cytotoxic CD8 T cells,IL7R+ memory/helper T cells,IL7R+ memory/helper T cells,0.9249399,False,0.0022980906,0.0017657803,0.0012645364,0.0011364033,0.008977692,0.9249399,0.0011423927,0.05847521
pbmc4k_GCATGTAGTCAGGACA-1,Classical monocytes,Classical monocytes,Classical monocytes,0.99846005,True,7.725735e-05,0.000107039865,0.0008351316,0.99846005,4.9571045e-05,0.00028329235,0.00014223468,4.543224e-05
pbmc4k_GCATGTAGTTAAGACA-1,B cells,B cells,B cells,0.9992192,True,2.4756477e-05,0.9992192,8.342874e-05,6.113687e-05,6.252488e-05,0.00028616437,3.787735e-05,0.00022492037
pbmc4k_GCATGTAGTTCACGGC-1,IL7R+ memory/helper T cells,IL7R+ memory/helper T cells,IL7R+ memory/helper T cells,0.99861693,True,0.00014109668,0.00021394121,0.00018740431,0.00014310611,0.00014163676,0.99861693,0.0002312623,0.00032463085
pbmc4k_GCATGTATCACCCTCA-1,B cells,B cells,B cells,0.73281527,True,0.15191661,0.73281527,0.009406134,0.013069625,0.0054040435,0.005404724,0.008635658,0.07334795
pbmc4k_GCATGTATCAGAAATG-1,IL7R+ memory/helper T cells,IL7R+ memory/helper T cells,IL7R+ memory/helper T cells,0.9993142,True,4.487497e-05,0.00019562783,0.00011651187,5.9251008e-05,8.438317e-05,0.9993142,6.040384e-05,0.00012472428
pbmc4k_GCATGTATCTTGCAAG-1,IL7R+ memory/helper T cells,IL7R+ memory/helper T cells,IL7R+ memory/helper T cells,0.9340429,True,0.0002085492,0.0006422843,0.0006270116,0.00047320564,0.00058646913,0.9340429,0.0003575123,0.06306209
pbmc4k_GCCAAATAGAGCCTAG-1,Classical monocytes,Classical monocytes,Classical monocytes,0.9940057,True,0.00015780315,0.0011702859,0.0025281778,0.9940057,0.0002229179,0.0013047211,0.0004871743,0.00012322394
pbmc4k_GCCAAATAGCGATATA-1,IL7R+ memory/helper T cells,IL7R+ memory/helper T cells,IL7R+ memory/helper T cells,0.99269086,True,0.00049841637,0.0008344507,0.0007124011,0.00070213067,0.00065326114,0.99269086,0.00052982476,0.0033786716
pbmc4k_GCCAAATAGTGCTGCC-1,B cells,B cells,B cells,0.9971999,True,2.8080969e-05,0.9971999,3.1289233e-05,5.0042796e-05,1.9548863e-05,4.865417e-05,2.3274592e-05,0.0025991837
pbmc4k_GCCAAATCATACAGCT-1,Naive/resting T cells,Naive/resting T cells,Naive/resting T cells,0.9892769,True,0.0015614971,0.00083220773,0.00035909022,0.0004322564,0.0002582683,0.006988867,0.0002909696,0.9892769
pbmc4k_GCCAAATCATGCAACT-1,Activated/transitional T cells,Naive/resting T cells,Naive/resting T cells,0.994638,False,7.718079e-05,0.00030332705,8.7375425e-05,0.00012665383,7.4780655e-05,0.0046252534,6.742995e-05,0.994638
pbmc4k_GCCAAATGTCGTTGTA-1,Cytotoxic CD8 T cells,Cytotoxic CD8 T cells,Cytotoxic CD8 T cells,0.9920203,True,0.0004331743,0.00045387467,0.00019411702,0.00017819296,0.9920203,0.00604947,0.00043949173,0.00023133936
pbmc4k_GCCAAATGTCTCCATC-1,Activated/transitional T cells,Activated/transitional T cells,Activated/transitional T cells,0.656219,True,0.656219,0.0113534285,0.0064529157,0.007893978,0.17919219,0.08728411,0.010093168,0.041511208
pbmc4k_GCCAAATTCTAAGCCA-1,Classical monocytes,Classical monocytes,Classical monocytes,0.999485,True,3.9084593e-05,0.00020094622,0.00012349316,0.999485,1.4883088e-05,3.1234766e-05,3.3258246e-05,7.205758e-05
pbmc4k_GCCAAATTCTGCAGTA-1,Activated/transitional T cells,Naive/resting T cells,Naive/resting T cells,0.9337406,False,0.017556319,0.004473493,0.0018948248,0.0028010334,0.0019477117,0.03590055,0.0016854191,0.9337406
pbmc4k_GCCTCTAAGACAATAC-1,Activated/transitional T cells,Naive/resting T cells,Naive/resting T cells,0.9527956,False,0.00078935194,0.0010760538,0.00057623413,0.0007181129,0.0009852127,0.042615313,0.0004441426,0.9527956
pbmc4k_GCCTCTAAGAGCAATT-1,Activated/transitional T cells,Naive/resting T cells,Naive/resting T cells,0.7383985,False,0.0014993078,0.003385185,0.0017098158,0.0019051394,0.002054239,0.24991725,0.001130531,0.7383985
pbmc4k_GCCTCTAAGCAGCGTA-1,IL7R+ memory/helper T cells,IL7R+ memory/helper T cells,IL7R+ memory/helper T cells,0.90578324,True,0.00021563051,0.0003009041,0.00018752088,0.00021226417,0.00015332752,0.90578324,0.00015986506,0.0929873
pbmc4k_GCCTCTAAGGCAGGTT-1,Activated/transitional T cells,Naive/resting T cells,Naive/resting T cells,0.99360704,False,6.472118e-05,0.00022175454,7.082673e-05,0.00010321241,7.215936e-05,0.005797673,6.262974e-05,0.99360704
pbmc4k_GCCTCTAAGGGAACGG-1,CD16+ non-classical monocytes,CD16+ non-classical monocytes,CD16+ non-classical monocytes,0.99809295,True,8.0870734e-05,0.00030437892,0.99809295,0.00043059402,0.0002581376,0.0005991108,0.0001869642,4.7009093e-05
pbmc4k_GCCTCTACATGTCCTC-1,Cytotoxic CD8 T cells,IL7R+ memory/helper T cells,IL7R+ memory/helper T cells,0.7236665,False,0.011799197,0.005943253,0.0037907502,0.0031319445,0.130535,0.7236665,0.0037394296,0.1173939
pbmc4k_GCGACCAAGAAGCCCA-1,Classical monocytes,Classical monocytes,Classical monocytes,0.9985852,True,2.0473333e-05,0.0002832117,0.0008609676,0.9985852,5.3622876e-05,8.742961e-05,5.829741e-05,5.08449e-05
pbmc4k_GCGACCACACGAGAGT-1,Cytotoxic CD8 T cells,Cytotoxic CD8 T cells,Cytotoxic CD8 T cells,0.94020754,True,0.002035485,0.0023349083,0.0011326621,0.00088119827,0.94020754,0.049984418,0.0014400065,0.0019837583
pbmc4k_GCGACCAGTAATCACC-1,Activated/transitional T cells,Naive/resting T cells,Naive/resting T cells,0.9621379,False,0.0007025633,0.0018265351,0.0005692478,0.0007729199,0.0009066112,0.032553792,0.0005304101,0.9621379
pbmc4k_GCGACCAGTGCAGACA-1,Classical monocytes,Classical monocytes,Classical monocytes,0.99967396,True,2.9414023e-05,4.9197337e-05,0.00011671421,0.99967396,1.7126657e-05,5.5210916e-05,4.1619824e-05,1.6770397e-05
pbmc4k_GCGACCAGTTCCCTTG-1,Cytotoxic CD8 T cells,Cytotoxic CD8 T cells,Cytotoxic CD8 T cells,0.9767047,True,0.00027300845,0.00073969807,0.00020751034,0.00019039366,0.9767047,0.020200672,0.00021275305,0.0014712658
pbmc4k_GCGAGAAAGAATGTGT-1,B cells,B cells,B cells,0.99947816,True,4.0678955e-05,0.99947816,3.8883336e-05,4.715827e-05,1.7603013e-05,6.852143e-05,2.7340317e-05,0.00028170113
pbmc4k_GCGAGAAAGACAGGCT-1,Activated/transitional T cells,Naive/resting T cells,Naive/resting T cells,0.9843135,False,0.00012246263,0.0003932004,0.00022751419,0.00028748068,0.0002372047,0.014233138,0.00018554793,0.9843135
pbmc4k_GCGAGAAAGTGTGGCA-1,Cytotoxic CD8 T cells,Cytotoxic CD8 T cells,Cytotoxic CD8 T cells,0.98574406,True,0.00093890197,0.00022336956,0.000212821,0.00017278054,0.98574406,0.0117414305,0.00073600374,0.00023063683
pbmc4k_GCGAGAAAGTTAAGTG-1,Classical monocytes,Classical monocytes,Classical monocytes,0.99197304,True,0.00047436418,0.00019495374,0.0002400333,0.99197304,0.00012464907,0.0020125448,0.00019933801,0.0047810976
pbmc4k_GCGAGAACACAACGTT-1,Activated/transitional T cells,Naive/resting T cells,Naive/resting T cells,0.98867923,False,0.00016120568,0.0002425638,0.00012491402,0.00013832696,0.000100690784,0.010438729,0.00011438828,0.98867923
pbmc4k_GCGAGAACACAGGAGT-1,Activated/transitional T cells,IL7R+ memory/helper T cells,Naive/resting T cells,0.7350129,False,0.00065834867,0.0021286542,0.0016848126,0.001846455,0.0008931113,0.25655532,0.001220399,0.7350129
pbmc4k_GCGAGAACATTGGTAC-1,Classical monocytes,Classical monocytes,Classical monocytes,0.9992718,True,2.7143224e-05,0.00010134671,0.0002594456,0.9992718,8.4049265e-05,0.000102493155,0.00011734559,3.6348883e-05
pbmc4k_GCGAGAAGTAAACGCG-1,IL7R+ memory/helper T cells,IL7R+ memory/helper T cells,IL7R+ memory/helper T cells,0.9943948,True,4.933566e-05,0.00018671894,0.0001279251,9.418287e-05,0.0001841303,0.9943948,8.682881e-05,0.0048761023
pbmc4k_GCGAGAAGTCATCCCT-1,Classical monocytes,Classical monocytes,Classical monocytes,0.9957333,True,4.8660888e-05,0.0005416344,0.002791052,0.9957333,0.00011030763,0.00050176616,0.00016787229,0.00010545582
pbmc4k_GCGAGAAGTTACTGAC-1,B cells,B cells,B cells,0.9991554,True,3.085207e-05,0.9991554,2.8307319e-05,3.2645876e-05,1.8033974e-05,9.263007e-05,2.3683408e-05,0.000618496
pbmc4k_GCGAGAAGTTCTGGTA-1,IL7R+ memory/helper T cells,IL7R+ memory/helper T cells,IL7R+ memory/helper T cells,0.91855854,True,0.00047139145,0.0019155588,0.0017911994,0.0010962213,0.0012940144,0.91855854,0.0006695199,0.07420353
pbmc4k_GCGAGAATCACAGGCC-1,Cytotoxic CD8 T cells,Cytotoxic CD8 T cells,Cytotoxic CD8 T cells,0.97615564,True,0.009502471,0.0014199574,0.00092958746,0.0010608662,0.97615564,0.005426902,0.0014437743,0.004060813
pbmc4k_GCGAGAATCAGCACAT-1,Activated/transitional T cells,Naive/resting T cells,Naive/resting T cells,0.9961163,False,0.0010163514,0.00026675098,0.00018014057,0.0002750265,0.00018729655,0.0017393379,0.00021884701,0.9961163
pbmc4k_GCGAGAATCGACGGAA-1,B cells,B cells,B cells,0.9992519,True,3.2430777e-05,0.9992519,3.5282297e-05,3.6565736e-05,1.7751478e-05,9.61987e-05,2.4872988e-05,0.0005049574
pbmc4k_GCGAGAATCTAACTCT-1,Activated/transitional T cells,Naive/resting T cells,Naive/resting T cells,0.8540813,False,0.0019167418,0.0012394184,0.00065025594,0.0010844914,0.00050126744,0.13991109,0.0006154826,0.8540813
pbmc4k_GCGAGAATCTACTCAT-1,Cytotoxic CD8 T cells,IL7R+ memory/helper T cells,IL7R+ memory/helper T cells,0.8966657,False,0.0015238445,0.0055798446,0.0044834395,0.002687921,0.071561135,0.8966657,0.0036891338,0.013808971
pbmc4k_GCGCAACAGCGATCCC-1,Cytotoxic CD8 T cells,Cytotoxic CD8 T cells,NK cells,0.6287195,False,0.0056049367,0.0040440764,0.0058180466,0.0023810817,0.33744216,0.014387041,0.6287195,0.0016030977
pbmc4k_GCGCAACAGCGTGTCC-1,IL7R+ memory/helper T cells,IL7R+ memory/helper T cells,IL7R+ memory/helper T cells,0.99412113,True,0.00023152019,0.0002691165,0.000214585,0.0002253804,0.00023490048,0.99412113,0.00021612101,0.0044872668
pbmc4k_GCGCAACAGGCGTACA-1,Classical monocytes,Classical monocytes,Classical monocytes,0.9996222,True,3.292687e-05,5.476208e-05,0.0002003364,0.9996222,9.8771e-06,3.2118725e-05,3.3062995e-05,1.4687392e-05
pbmc4k_GCGCAACCAACGATCT-1,IL7R+ memory/helper T cells,IL7R+ memory/helper T cells,IL7R+ memory/helper T cells,0.99779737,True,6.916406e-05,0.00020807465,0.00017445028,0.00013246656,0.0012879538,0.99779737,0.00013996434,0.00019060892
pbmc4k_GCGCAACCAAGGTTTC-1,IL7R+ memory/helper T cells,IL7R+ memory/helper T cells,IL7R+ memory/helper T cells,0.9212717,True,0.0021930924,0.0032814823,0.0020759385,0.0021508443,0.0016813402,0.9212717,0.0022941409,0.06505147
pbmc4k_GCGCAACCAGGTGGAT-1,Cytotoxic CD8 T cells,IL7R+ memory/helper T cells,IL7R+ memory/helper T cells,0.7738203,False,0.008266383,0.005497159,0.0034506437,0.003214995,0.10921258,0.7738203,0.0032525142,0.09328541
pbmc4k_GCGCAACCAGTCAGCC-1,Cytotoxic CD8 T cells,Cytotoxic CD8 T cells,Cytotoxic CD8 T cells,0.9903122,True,0.0015662843,0.00064035197,0.00034820414,0.00031224664,0.9903122,0.0019477095,0.004181264,0.0006917176
pbmc4k_GCGCAACGTCGGATCC-1,Cytotoxic CD8 T cells,IL7R+ memory/helper T cells,IL7R+ memory/helper T cells,0.8391608,False,0.0008091704,0.0015153148,0.0013021809,0.0008478036,0.14546517,0.8391608,0.00096108136,0.009938517
pbmc4k_GCGCAACGTGTCAATC-1,Classical monocytes,Classical monocytes,Classical monocytes,0.99932957,True,2.7087795e-05,5.6779674e-05,0.00036829791,0.99932957,2.2482114e-05,0.000118887394,5.1774565e-05,2.517834e-05
pbmc4k_GCGCAACGTTAGGGTG-1,Classical monocytes,Classical monocytes,Classical monocytes,0.99951804,True,3.4958655e-05,9.135758e-05,0.00018194859,0.99951804,3.9211962e-05,6.408271e-05,5.7735666e-05,1.2664785e-05
pbmc4k_GCGCAACGTTGCGCAC-1,B cells,B cells,B cells,0.99908197,True,1.7888276e-05,0.99908197,4.4800792e-05,4.560653e-05,3.3808028e-05,0.00012363656,2.698904e-05,0.0006253478
pbmc4k_GCGCAACTCACGAAGG-1,Activated/transitional T cells,Naive/resting T cells,Naive/resting T cells,0.997615,False,0.0001386017,0.00012637557,6.7516674e-05,9.944062e-05,0.0001411997,0.0017564545,5.550916e-05,0.997615
pbmc4k_GCGCAACTCGTTTGCC-1,Activated/transitional T cells,Naive/resting T cells,Naive/resting T cells,0.9914881,False,7.912622e-05,0.00029531,0.00016257199,0.00018566835,0.00016874564,0.007515443,0.00010502224,0.9914881
pbmc4k_GCGCAACTCTCATTCA-1,IL7R+ memory/helper T cells,IL7R+ memory/helper T cells,IL7R+ memory/helper T cells,0.979656,True,0.0008108352,0.0014207149,0.0009130526,0.00097652455,0.0020356062,0.979656,0.0010599109,0.013127373
pbmc4k_GCGCAGTAGAGCTATA-1,Naive/resting T cells,Naive/resting T cells,Naive/resting T cells,0.98117197,True,0.0066408785,0.0008903711,0.00067623006,0.000939789,0.0017361932,0.007301352,0.00064326666,0.98117197
pbmc4k_GCGCAGTAGCACCGCT-1,Classical monocytes,Classical monocytes,Classical monocytes,0.9995136,True,2.2952248e-05,4.540867e-05,8.1560254e-05,0.9995136,2.7285103e-05,0.00025390432,3.7966354e-05,1.7282657e-05
pbmc4k_GCGCAGTAGCGTGTCC-1,Classical monocytes,Classical monocytes,Classical monocytes,0.9940176,True,0.000107671374,0.00046742446,0.0012490116,0.9940176,0.00014349415,0.002657341,0.00018422694,0.0011732137
pbmc4k_GCGCAGTCATTGTGCA-1,Classical monocytes,Classical monocytes,Classical monocytes,0.98724556,True,0.00045569037,0.0046177832,0.00395232,0.98724556,0.0007016389,0.0015870512,0.0010859551,0.00035399626
pbmc4k_GCGCAGTCATTTGCCC-1,Classical monocytes,Classical monocytes,Classical monocytes,0.99605227,True,9.211019e-05,0.00050647516,0.0023644827,0.99605227,0.00011615548,0.0005808212,0.00018234253,0.00010535488
pbmc4k_GCGCAGTGTCTGCGGT-1,Activated/transitional T cells,Naive/resting T cells,Naive/resting T cells,0.95888263,False,0.0008548489,0.0006705845,0.0004895174,0.00067296677,0.00035717536,0.037663445,0.00040882616,0.95888263
pbmc4k_GCGCCAAAGGCTAGAC-1,B cells,B cells,B cells,0.9993154,True,6.48573e-05,0.9993154,4.2345644e-05,6.763059e-05,4.0727056e-05,0.00025553137,3.9623526e-05,0.0001739587
pbmc4k_GCGCCAACAGCTTAAC-1,Activated/transitional T cells,Naive/resting T cells,Naive/resting T cells,0.9691124,False,0.007759963,0.002895776,0.0017826956,0.0026607444,0.0014650299,0.012649653,0.0016737152,0.9691124
pbmc4k_GCGCCAACATTCACTT-1,Activated/transitional T cells,Naive/resting T cells,Naive/resting T cells,0.9544715,False,0.00038179802,0.0008200683,0.00039511273,0.00052393,0.00036025033,0.042708635,0.00033870284,0.9544715
pbmc4k_GCGCCAAGTCATGCAT-1,Classical monocytes,Classical monocytes,Classical monocytes,0.9723847,True,0.00047582455,0.011767937,0.0039088675,0.9723847,0.0011694644,0.007283734,0.0011359575,0.0018735081
pbmc4k_GCGCCAAGTTCAGCGC-1,Activated/transitional T cells,Naive/resting T cells,Naive/resting T cells,0.9942965,False,0.0003854719,0.0010913608,0.0002637289,0.00034531835,0.00018721238,0.0032122508,0.00021819652,0.9942965
pbmc4k_GCGCCAATCAAACCAC-1,Classical monocytes,Classical monocytes,Classical monocytes,0.99967635,True,1.135015e-05,5.6296285e-05,0.00012421147,0.99967635,1.08667455e-05,6.669053e-05,3.2013122e-05,2.2203832e-05
pbmc4k_GCGCCAATCATCACCC-1,Cytotoxic CD8 T cells,IL7R+ memory/helper T cells,IL7R+ memory/helper T cells,0.9704434,False,0.00039711787,0.0005249032,0.0005159231,0.0004921937,0.019497564,0.9704434,0.00048634442,0.0076424843
pbmc4k_GCGCCAATCGTAGGTT-1,Classical monocytes,Classical monocytes,Classical monocytes,0.9991486,True,6.7139306e-05,0.00014700812,9.851752e-05,0.9991486,2.4258477e-05,0.00027433265,4.4465247e-05,0.00019564282
pbmc4k_GCGCGATAGACTACAA-1,Cytotoxic CD8 T cells,Cytotoxic CD8 T cells,Cytotoxic CD8 T cells,0.9393778,True,0.001188765,0.0017562653,0.0009456652,0.001014973,0.9393778,0.04882002,0.0010430953,0.005853369
pbmc4k_GCGCGATAGGATGCGT-1,B cells,B cells,B cells,0.99939513,True,2.2607954e-05,0.99939513,4.4482626e-05,6.793919e-05,2.8018103e-05,0.00017316581,3.9967777e-05,0.00022873348
pbmc4k_GCGCGATAGTGTTGAA-1,Naive/resting T cells,Naive/resting T cells,Naive/resting T cells,0.94077224,True,0.0011768307,0.0010961603,0.0007436058,0.001191923,0.0011322782,0.053249344,0.00063769054,0.94077224
pbmc4k_GCGCGATCACATCTTT-1,Activated/transitional T cells,Naive/resting T cells,Naive/resting T cells,0.98513144,False,0.0024890949,0.0008473865,0.00054872845,0.00080442085,0.0008963485,0.008740099,0.0005424598,0.98513144
pbmc4k_GCGCGATCAGTCACTA-1,Cytotoxic CD8 T cells,Cytotoxic CD8 T cells,Cytotoxic CD8 T cells,0.9740407,True,0.014348971,0.0005274801,0.0005110796,0.00042468298,0.9740407,0.0037033898,0.0009071289,0.005536613
pbmc4k_GCGCGATCATAGGATA-1,Cytotoxic CD8 T cells,Cytotoxic CD8 T cells,Cytotoxic CD8 T cells,0.9922282,True,0.0013888429,0.0005711768,0.00028818304,0.00029181677,0.9922282,0.003457486,0.0013905108,0.000383802
pbmc4k_GCGCGATTCCTTTCTC-1,IL7R+ memory/helper T cells,IL7R+ memory/helper T cells,IL7R+ memory/helper T cells,0.9975401,True,6.773772e-05,0.00022517008,0.00023362572,0.00014690393,0.0001256114,0.9975401,0.00012207705,0.0015387634
pbmc4k_GCGCGATTCGGTGTTA-1,IL7R+ memory/helper T cells,IL7R+ memory/helper T cells,IL7R+ memory/helper T cells,0.9971681,True,0.00011535756,0.00030315408,0.00021454263,0.00012726417,0.00010910882,0.9971681,0.00011111055,0.0018513835
pbmc4k_GCGCGATTCGTCTGAA-1,Classical monocytes,Classical monocytes,Classical monocytes,0.9932783,True,6.971637e-05,0.00039403333,0.0050656274,0.9932783,0.00015083601,0.0006356556,0.00023533606,0.00017043145
pbmc4k_GCGGGTTAGCGTTTAC-1,Classical monocytes,Classical monocytes,Classical monocytes,0.9987569,True,5.8380378e-05,0.00015695441,0.00027038073,0.9987569,9.066437e-05,0.0003972835,0.000106271895,0.00016314934
pbmc4k_GCGGGTTAGCTAAGAT-1,Activated/transitional T cells,Naive/resting T cells,Naive/resting T cells,0.9887462,False,0.00021320103,0.00049422507,0.00047345733,0.0003310118,0.0004322353,0.009046603,0.00026309345,0.9887462
pbmc4k_GCGGGTTAGTCGATAA-1,NK cells,NK cells,NK cells,0.98628587,True,0.005345641,0.00053278,0.00035733648,0.0005865814,0.005837835,0.00035113416,0.98628587,0.0007028656
pbmc4k_GCGGGTTAGTGTACTC-1,Classical monocytes,Classical monocytes,Classical monocytes,0.99954337,True,8.476835e-05,8.382672e-05,0.00014876288,0.99954337,2.0002402e-05,5.1917377e-05,3.81657e-05,2.919921e-05
pbmc4k_GCGGGTTCAATAAGCA-1,Classical monocytes,Classical monocytes,Classical monocytes,0.99558854,True,9.659444e-05,0.0006503823,0.0015914761,0.99558854,0.00022200614,0.0012030083,0.00026266783,0.000385379
pbmc4k_GCGGGTTGTCTTCTCG-1,Classical monocytes,Classical monocytes,Classical monocytes,0.99839634,True,5.4342567e-05,0.00029420687,0.0005819655,0.99839634,0.00016297617,0.0002828944,0.00013223347,9.499573e-05
pbmc4k_GCGGGTTGTGAAAGAG-1,Cytotoxic CD8 T cells,Cytotoxic CD8 T cells,Cytotoxic CD8 T cells,0.970842,True,0.00032445483,0.00027856673,0.00026481407,0.0002493427,0.970842,0.0273881,0.00018001441,0.00047269618
pbmc4k_GCGGGTTGTGGGTATG-1,B cells,B cells,B cells,0.9980704,True,0.00010445811,0.9980704,7.403672e-05,0.00011443325,5.543714e-05,0.00013427544,6.533113e-05,0.0013816277
pbmc4k_GCGGGTTTCCAAGTAC-1,Classical monocytes,Classical monocytes,Classical monocytes,0.9997547,True,2.9379307e-05,2.0304817e-05,2.3895642e-05,0.9997547,2.6214211e-05,8.746784e-05,2.4895995e-05,3.317284e-05
pbmc4k_GCTCCTAAGAGAACAG-1,Activated/transitional T cells,Naive/resting T cells,Naive/resting T cells,0.92110336,False,0.0007242499,0.001408694,0.0010002463,0.0007104195,0.0005447952,0.07392228,0.000585922,0.92110336
pbmc4k_GCTCCTACAAAGTGCG-1,B cells,B cells,B cells,0.9996264,True,7.4951706e-05,0.9996264,3.43635e-05,5.070751e-05,2.4107356e-05,5.5526478e-05,4.0545197e-05,9.3410476e-05
pbmc4k_GCTCCTACAGCCAGAA-1,B cells,B cells,B cells,0.9988668,True,2.0509344e-05,0.9988668,5.1494437e-05,5.129187e-05,3.535983e-05,0.00022269573,2.7177384e-05,0.0007246954
pbmc4k_GCTCCTAGTTCTGAAC-1,Cytotoxic CD8 T cells,Cytotoxic CD8 T cells,Cytotoxic CD8 T cells,0.99175745,True,0.00037236384,0.00020338519,0.00012520344,0.00013416992,0.99175745,0.005492802,0.00016897799,0.0017455829
pbmc4k_GCTCCTATCTGGTGTA-1,Activated/transitional T cells,Naive/resting T cells,Naive/resting T cells,0.88128775,False,0.0054721413,0.0025146957,0.0015789064,0.0028077036,0.0010360919,0.103844486,0.0014581888,0.88128775
pbmc4k_GCTCTGTAGCGCCTCA-1,Activated/transitional T cells,Naive/resting T cells,Naive/resting T cells,0.95850605,False,0.00048545864,0.0006866717,0.00032351687,0.00041287465,0.00021375423,0.039078232,0.00029349222,0.95850605
pbmc4k_GCTCTGTCAAGCGCTC-1,Activated/transitional T cells,Naive/resting T cells,Naive/resting T cells,0.87591225,False,0.0002718408,0.0007289602,0.0005216422,0.00066211115,0.000376538,0.12111615,0.00041054568,0.87591225
pbmc4k_GCTCTGTCAAGTCTGT-1,IL7R+ memory/helper T cells,IL7R+ memory/helper T cells,IL7R+ memory/helper T cells,0.9773611,True,0.0001808756,0.00050370843,0.00028350574,0.00027840937,0.00044386028,0.9773611,0.0002060649,0.02074252
pbmc4k_GCTCTGTCACATAACC-1,NK cells,Cytotoxic CD8 T cells,Cytotoxic CD8 T cells,0.6083203,False,0.023959482,0.029220724,0.02651293,0.022844024,0.6083203,0.0489328,0.17986941,0.06034036
pbmc4k_GCTCTGTCATTCGACA-1,Activated/transitional T cells,Naive/resting T cells,Naive/resting T cells,0.6583526,False,0.0008751482,0.0020046695,0.0012547912,0.0013076843,0.0033716073,0.33172226,0.0011112042,0.6583526
pbmc4k_GCTCTGTGTAGCGCAA-1,Activated/transitional T cells,Naive/resting T cells,Naive/resting T cells,0.9931734,False,0.00022821352,0.00041451582,0.00019071881,0.0002917323,0.00013910796,0.0053804796,0.00018183095,0.9931734
pbmc4k_GCTCTGTGTTAAGAAC-1,Activated/transitional T cells,Naive/resting T cells,Naive/resting T cells,0.9662573,False,0.00022008916,0.0003093185,0.00024401922,0.0002218183,0.00012380995,0.032465555,0.00015805676,0.9662573
pbmc4k_GCTCTGTTCACGAAGG-1,Classical monocytes,Classical monocytes,Classical monocytes,0.9971601,True,9.161596e-05,0.0007656421,0.0012047165,0.9971601,0.00010528132,0.00041201105,0.00016619278,9.4521456e-05
pbmc4k_GCTCTGTTCTTACCTA-1,B cells,B cells,B cells,0.9994549,True,2.6291713e-05,0.9994549,5.0106526e-05,6.252061e-05,2.4172556e-05,0.00013497498,4.3021e-05,0.00020402997
pbmc4k_GCTGCAGAGGATGGAA-1,Classical monocytes,Classical monocytes,Classical monocytes,0.9996617,True,4.309614e-05,7.572197e-05,7.357459e-05,0.9996617,1.3431425e-05,6.065099e-05,3.283037e-05,3.9038074e-05
pbmc4k_GCTGCAGAGGTACTCT-1,IL7R+ memory/helper T cells,IL7R+ memory/helper T cells,IL7R+ memory/helper T cells,0.9845309,True,0.002159056,0.0014047041,0.00090027606,0.0009245068,0.0007603755,0.9845309,0.0010498007,0.008270364
pbmc4k_GCTGCAGCACAGTCGC-1,B cells,B cells,B cells,0.9988207,True,5.7729732e-05,0.9988207,3.826416e-05,4.507429e-05,2.030712e-05,2.5620833e-05,2.5124253e-05,0.0009671434
pbmc4k_GCTGCAGGTGCATCTA-1,Activated/transitional T cells,Naive/resting T cells,Naive/resting T cells,0.9831297,False,0.0005300706,0.0017830721,0.00085241836,0.0010626653,0.0005756448,0.01137971,0.0006867767,0.9831297
pbmc4k_GCTGCAGGTTGTGGCC-1,Activated/transitional T cells,Naive/resting T cells,Naive/resting T cells,0.9956338,False,0.000121852245,0.00027048183,0.00017154186,0.00017513773,0.00019981299,0.0032974004,0.00012991879,0.9956338
pbmc4k_GCTGCAGTCACTTCAT-1,Classical monocytes,Classical monocytes,Classical monocytes,0.99962234,True,0.00011564214,7.726935e-05,6.936792e-05,0.99962234,2.1316235e-05,1.9813795e-05,2.6825659e-05,4.7439848e-05
pbmc4k_GCTGCAGTCTGCCAGG-1,Naive/resting T cells,Naive/resting T cells,Naive/resting T cells,0.89782465,True,0.00057511893,0.0037816355,0.0010183692,0.001781242,0.0013490326,0.09269644,0.00097355054,0.89782465
pbmc4k_GCTGCGAAGCCGTCGT-1,Classical monocytes,Classical monocytes,Classical monocytes,0.99816424,True,2.7136884e-05,0.0004459783,0.0009264419,0.99816424,5.699394e-05,0.0001550156,9.34898e-05,0.00013075788
pbmc4k_GCTGCGAAGCTGTTCA-1,Activated/transitional T cells,Naive/resting T cells,Naive/resting T cells,0.75049865,False,0.0008020594,0.0010898794,0.00082202064,0.0011468051,0.00046067662,0.24443078,0.0007491382,0.75049865
pbmc4k_GCTGCGAAGGCTAGGT-1,Activated/transitional T cells,Naive/resting T cells,Naive/resting T cells,0.9192707,False,0.00026666472,0.00029346353,0.00025569336,0.0002659503,0.00016896223,0.079324,0.00015456347,0.9192707
pbmc4k_GCTGCGACAAGCGAGT-1,Activated/transitional T cells,Naive/resting T cells,Naive/resting T cells,0.92081416,False,0.00031149713,0.0010853076,0.00087102974,0.0009582209,0.00079698366,0.074565075,0.0005977147,0.92081416
pbmc4k_GCTGCGACAATGGAGC-1,Classical monocytes,Classical monocytes,Classical monocytes,0.99444276,True,6.1675666e-05,0.0008838664,0.0038422525,0.99444276,0.00014105468,0.0003084895,0.00020685208,0.00011302866
pbmc4k_GCTGCGACATAACCTG-1,Classical monocytes,Classical monocytes,Classical monocytes,0.9859578,True,0.00012067173,0.008853493,0.0013392442,0.9859578,0.0003631263,0.0024002981,0.00041511317,0.0005502436
pbmc4k_GCTGCGAGTGGCAAAC-1,Activated/transitional T cells,Naive/resting T cells,Naive/resting T cells,0.99625933,False,0.0003257779,0.00081602845,0.0001922438,0.00031080015,0.00024334269,0.0016735826,0.00017887625,0.99625933
pbmc4k_GCTGCGATCAACACGT-1,Activated/transitional T cells,Naive/resting T cells,Naive/resting T cells,0.90948546,False,0.00087806134,0.0025115742,0.0012833733,0.0017555408,0.0021879147,0.080880895,0.001017221,0.90948546
pbmc4k_GCTGCGATCAAGCCTA-1,B cells,B cells,B cells,0.9967596,True,4.7682406e-05,0.9967596,4.880376e-05,6.4389205e-05,2.7839864e-05,0.00012313008,4.1314353e-05,0.0028872767
pbmc4k_GCTGCGATCCGAGCCA-1,B cells,B cells,B cells,0.9993125,True,1.927606e-05,0.9993125,4.454258e-05,5.323611e-05,4.3081087e-05,0.0003333247,3.4230237e-05,0.00015973795
pbmc4k_GCTGCGATCGTTGCCT-1,NK cells,NK cells,NK cells,0.9994154,True,5.378135e-05,3.4749195e-05,6.564991e-05,3.2507898e-05,0.0002022586,0.00018422231,0.9994154,1.1462478e-05
pbmc4k_GCTGCTTAGAGCTGCA-1,NK cells,NK cells,NK cells,0.9907815,True,0.00016074655,0.00033249284,0.00043776652,0.00026909303,0.00674839,0.0011599973,0.9907815,0.00011002138
pbmc4k_GCTGCTTAGAGGTAGA-1,B cells,B cells,B cells,0.99838126,True,7.814524e-05,0.99838126,8.897163e-05,0.00012270674,7.093761e-05,0.00048235137,7.479441e-05,0.0007008934
pbmc4k_GCTGCTTAGCTCCTTC-1,B cells,B cells,B cells,0.9987472,True,8.6970496e-05,0.9987472,7.567478e-05,6.9005786e-05,0.00014514456,0.00021482378,5.6096815e-05,0.00060504535
pbmc4k_GCTGCTTAGGACCACA-1,Activated/transitional T cells,Naive/resting T cells,Naive/resting T cells,0.88807595,False,0.0004901113,0.0007801228,0.00047109317,0.00054828223,0.0008670036,0.10827683,0.00049065606,0.88807595
pbmc4k_GCTGCTTAGGCTAGAC-1,Activated/transitional T cells,Naive/resting T cells,Naive/resting T cells,0.9820239,False,0.0002710211,0.000521135,0.00044015492,0.0003610812,0.0004042572,0.01568208,0.00029637216,0.9820239
pbmc4k_GCTGCTTAGGTAGCCA-1,Cytotoxic CD8 T cells,Cytotoxic CD8 T cells,Cytotoxic CD8 T cells,0.91426456,True,0.0038227863,0.0016820012,0.001388291,0.001543759,0.91426456,0.05176716,0.0011993605,0.024332108
pbmc4k_GCTGCTTCACAGCGTC-1,NK cells,NK cells,NK cells,0.952587,True,0.0012013455,0.0031825705,0.0048247143,0.0020768992,0.025897084,0.005390464,0.952587,0.0048399223
pbmc4k_GCTGCTTCAGACGCTC-1,Activated/transitional T cells,Naive/resting T cells,Naive/resting T cells,0.99706274,False,0.0025304053,8.346579e-05,4.9879978e-05,8.957246e-05,3.255067e-05,0.00010703482,4.4297667e-05,0.99706274
pbmc4k_GCTGCTTCAGGGAGAG-1,Activated/transitional T cells,Naive/resting T cells,Naive/resting T cells,0.95996565,False,0.0029894568,0.0025387942,0.0011987841,0.0012374168,0.0008335558,0.030283947,0.0009523838,0.95996565
pbmc4k_GCTGCTTCATTCGACA-1,Activated/transitional T cells,Naive/resting T cells,Naive/resting T cells,0.99824464,False,0.0005712337,0.00012115122,8.020631e-05,0.0001379577,0.000108048844,0.0006578761,7.885777e-05,0.99824464
pbmc4k_GCTGCTTGTTAAGGGC-1,NK cells,NK cells,NK cells,0.99594444,True,0.00010804792,9.383571e-05,9.420235e-05,6.1796316e-05,0.0034509976,0.00022934118,0.99594444,1.732049e-05
pbmc4k_GCTGCTTTCGTTGACA-1,Classical monocytes,Classical monocytes,Classical monocytes,0.99975055,True,1.0672682e-05,3.325328e-05,7.641412e-05,0.99975055,1.2428048e-05,7.132721e-05,2.9743134e-05,1.5545673e-05
pbmc4k_GCTGGGTAGAAGGTTT-1,Cytotoxic CD8 T cells,IL7R+ memory/helper T cells,IL7R+ memory/helper T cells,0.61242175,False,0.0020217514,0.003488549,0.0012253138,0.0013716661,0.3736171,0.61242175,0.0023009155,0.00355295
pbmc4k_GCTGGGTAGGTAGCTG-1,Naive/resting T cells,IL7R+ memory/helper T cells,IL7R+ memory/helper T cells,0.55389017,False,0.058500856,0.014595991,0.01101353,0.018175878,0.011496512,0.55389017,0.011023308,0.32130373
pbmc4k_GCTGGGTCACCTCGTT-1,NK cells,NK cells,NK cells,0.94550294,True,0.002967796,0.0021564402,0.008350654,0.0014813684,0.029411431,0.008574215,0.94550294,0.0015550992
pbmc4k_GCTGGGTCAGCTGTGC-1,IL7R+ memory/helper T cells,IL7R+ memory/helper T cells,IL7R+ memory/helper T cells,0.97768867,True,0.00011007659,0.0006109907,0.00033379853,0.00044835865,0.000317523,0.97768867,0.00024292801,0.020247603
pbmc4k_GCTGGGTCAGGAATGC-1,Naive/resting T cells,Naive/resting T cells,Naive/resting T cells,0.98091745,True,0.0012816503,0.00057384244,0.0003667359,0.000588299,0.00030631182,0.015629875,0.00033584327,0.98091745
pbmc4k_GCTGGGTCAGTATGCT-1,IL7R+ memory/helper T cells,IL7R+ memory/helper T cells,IL7R+ memory/helper T cells,0.99743396,True,0.00010351848,0.00043625158,0.00034464427,0.00023567695,0.00027297242,0.99743396,0.0002434013,0.0009296441
pbmc4k_GCTGGGTGTAGCGTAG-1,Classical monocytes,Classical monocytes,Classical monocytes,0.99319106,True,6.509308e-05,0.0021445898,0.0030368625,0.99319106,0.00020907041,0.0009787908,0.00026612243,0.000108367836
pbmc4k_GCTGGGTGTAGTAGTA-1,Activated/transitional T cells,Naive/resting T cells,Naive/resting T cells,0.9894561,False,0.0036138424,0.000808656,0.0004747469,0.00072230544,0.00042475754,0.004041672,0.00045785157,0.9894561
pbmc4k_GCTGGGTGTCAGCTAT-1,Activated/transitional T cells,Naive/resting T cells,Naive/resting T cells,0.9813576,False,0.00018503203,0.00062394014,0.00029640846,0.00033090112,0.00022499858,0.01678422,0.00019695295,0.9813576
pbmc4k_GCTGGGTGTGACTACT-1,IL7R+ memory/helper T cells,IL7R+ memory/helper T cells,IL7R+ memory/helper T cells,0.97317296,True,0.006125553,0.00133656,0.0009265986,0.0010515461,0.0012711531,0.97317296,0.00090277614,0.015212863
pbmc4k_GCTGGGTGTTAAAGAC-1,Activated/transitional T cells,Naive/resting T cells,Naive/resting T cells,0.6574132,False,0.0012690467,0.0016843005,0.00093491125,0.0011418359,0.0021430312,0.33451614,0.00089754345,0.6574132
pbmc4k_GCTGGGTTCCATGAAC-1,Classical monocytes,Classical monocytes,Classical monocytes,0.7881396,True,0.008422795,0.012546883,0.13705064,0.7881396,0.0065688784,0.031158084,0.0135500785,0.0025630689
pbmc4k_GCTGGGTTCTTGTTTG-1,Activated/transitional T cells,Naive/resting T cells,Naive/resting T cells,0.9824088,False,0.0019537325,0.0014902159,0.00084818614,0.0019454632,0.0008350434,0.009726403,0.00079217757,0.9824088
pbmc4k_GCTTCCAAGCTACCGC-1,IL7R+ memory/helper T cells,IL7R+ memory/helper T cells,IL7R+ memory/helper T cells,0.98511654,True,0.0014044825,0.0012805727,0.00084539363,0.0009238083,0.0014481316,0.98511654,0.00085911294,0.008121962
pbmc4k_GCTTCCAAGCTTATCG-1,Cytotoxic CD8 T cells,Cytotoxic CD8 T cells,Cytotoxic CD8 T cells,0.43725532,True,0.025611563,0.29959232,0.013625522,0.013151366,0.43725532,0.08020122,0.11545008,0.015112632
pbmc4k_GCTTCCAAGGAATCGC-1,Activated/transitional T cells,Naive/resting T cells,Naive/resting T cells,0.95258325,False,0.0002968251,0.0010290483,0.0007230144,0.00080214476,0.00075446634,0.043379676,0.0004315515,0.95258325
pbmc4k_GCTTCCACACGAGAGT-1,Classical monocytes,Classical monocytes,Classical monocytes,0.99942195,True,2.4200868e-05,0.00023389551,0.00011339912,0.99942195,2.4958754e-05,9.795745e-05,3.8991213e-05,4.4674194e-05
pbmc4k_GCTTCCACAGCTCGCA-1,B cells,B cells,B cells,0.99755424,True,2.086541e-05,0.99755424,3.8739636e-05,4.2711818e-05,4.480666e-05,0.00015063839,2.736154e-05,0.0021206648
pbmc4k_GCTTCCAGTCGCATAT-1,Classical monocytes,Classical monocytes,Classical monocytes,0.99917287,True,1.3609453e-05,0.00018110583,0.00015379416,0.99917287,6.277135e-05,0.00032017252,5.5180506e-05,4.0469375e-05
pbmc4k_GCTTCCATCCTACAGA-1,B cells,B cells,B cells,0.99926394,True,5.8344827e-05,0.99926394,5.9042934e-05,6.9972404e-05,5.3324875e-05,0.00015186267,4.8998285e-05,0.000294535
pbmc4k_GCTTCCATCTCCTATA-1,Activated/transitional T cells,Naive/resting T cells,Naive/resting T cells,0.8009617,False,0.0014621093,0.0025593743,0.0017337991,0.0019501884,0.003911539,0.18622917,0.0011921376,0.8009617
pbmc4k_GCTTGAACAAATCCGT-1,NK cells,Cytotoxic CD8 T cells,Cytotoxic CD8 T cells,0.622199,False,0.008297082,0.009480691,0.007749678,0.0069608362,0.622199,0.06325518,0.27421492,0.007842603
pbmc4k_GCTTGAACAACGCACC-1,B cells,B cells,B cells,0.9981653,True,5.0680155e-05,0.9981653,5.185188e-05,7.108871e-05,3.2266107e-05,0.0003477857,3.8300946e-05,0.0012427137
pbmc4k_GCTTGAACACAGACAG-1,Classical monocytes,Classical monocytes,Classical monocytes,0.99965334,True,2.6040558e-05,9.8251105e-05,0.0001002829,0.99965334,1.5752323e-05,3.3548276e-05,2.5784762e-05,4.698686e-05
pbmc4k_GCTTGAACACAGTCGC-1,B cells,B cells,B cells,0.9991805,True,7.577233e-05,0.9991805,5.072541e-05,5.662986e-05,2.402098e-05,0.00020701425,3.8782113e-05,0.00036658146
pbmc4k_GCTTGAACACCAGTTA-1,IL7R+ memory/helper T cells,IL7R+ memory/helper T cells,IL7R+ memory/helper T cells,0.97312057,True,0.00038884731,0.0016679158,0.00086771883,0.0012294617,0.0014647427,0.97312057,0.0007395546,0.020521175
pbmc4k_GCTTGAACACTTCGAA-1,Activated/transitional T cells,Naive/resting T cells,Naive/resting T cells,0.96487045,False,0.00013616004,0.0005236322,0.00023444841,0.00035179508,0.00021302904,0.033474144,0.00019637698,0.96487045
pbmc4k_GCTTGAACAGCTGTGC-1,IL7R+ memory/helper T cells,IL7R+ memory/helper T cells,IL7R+ memory/helper T cells,0.9909265,True,0.0002013743,0.00076524203,0.00031192673,0.00027424644,0.0016164139,0.9909265,0.00026956937,0.0056346976
pbmc4k_GCTTGAAGTAGCTGCC-1,B cells,B cells,B cells,0.997521,True,4.9547383e-05,0.997521,4.377331e-05,5.179079e-05,3.0792497e-05,0.00020722997,3.02074e-05,0.0020657014
pbmc4k_GCTTGAAGTTCCTCCA-1,B cells,B cells,B cells,0.99896955,True,3.0909643e-05,0.99896955,6.913617e-05,6.29785e-05,2.8581238e-05,0.00010557441,3.755486e-05,0.0006957001
pbmc4k_GCTTGAATCGCTAGCG-1,Naive/resting T cells,Naive/resting T cells,Naive/resting T cells,0.7812094,True,0.0018405158,0.004142231,0.0024206864,0.0030979335,0.0019884955,0.20350756,0.0017931883,0.7812094
pbmc4k_GCTTGAATCTTGAGGT-1,Classical monocytes,Classical monocytes,Classical monocytes,0.9985501,True,4.075976e-05,0.0001884689,0.0006571508,0.9985501,8.994603e-05,0.0003458875,8.9290166e-05,3.834825e-05
pbmc4k_GGAAAGCAGCCAGAAC-1,Classical monocytes,Classical monocytes,Classical monocytes,0.9996307,True,3.696528e-05,4.177362e-05,0.00017418362,0.9996307,1.27918665e-05,4.233461e-05,3.249255e-05,2.8772698e-05
pbmc4k_GGAAAGCAGGAGTAGA-1,CD16+ non-classical monocytes,CD16+ non-classical monocytes,CD16+ non-classical monocytes,0.9980648,True,3.8092672e-05,0.00038439836,0.9980648,0.0005594732,0.00017106535,0.00042399185,0.00028588556,7.227906e-05
pbmc4k_GGAAAGCCAAGCCATT-1,Cytotoxic CD8 T cells,Cytotoxic CD8 T cells,Cytotoxic CD8 T cells,0.9875794,True,0.0028154652,0.00050382904,0.0003406289,0.0003165801,0.9875794,0.0037469594,0.0003806744,0.004316487
pbmc4k_GGAAAGCGTCGCTTTC-1,B cells,B cells,B cells,0.9987386,True,1.5709356e-05,0.9987386,3.420601e-05,4.571895e-05,3.4321354e-05,0.00049773796,2.581648e-05,0.0006079627
pbmc4k_GGAAAGCTCGAATGCT-1,B cells,B cells,B cells,0.99756086,True,1.3704385e-05,0.99756086,9.1905036e-05,5.369625e-05,8.165189e-05,0.00078828406,3.1262254e-05,0.0013786808
pbmc4k_GGAAAGCTCTTGACGA-1,Cytotoxic CD8 T cells,Cytotoxic CD8 T cells,Cytotoxic CD8 T cells,0.9857392,True,0.0014814358,0.0005253836,0.00042318148,0.00040251936,0.9857392,0.008146448,0.0016729045,0.0016089178
pbmc4k_GGAACTTAGCCAGGAT-1,Classical monocytes,Classical monocytes,Classical monocytes,0.99762005,True,8.597446e-05,0.0008275684,0.00063839,0.99762005,0.000145496,0.00033278076,0.00015772338,0.00019195183
pbmc4k_GGAACTTAGTTCCACA-1,Classical monocytes,Classical monocytes,Classical monocytes,0.9409095,True,0.00059329876,0.036928352,0.004037122,0.9409095,0.0009064119,0.01388959,0.0012256725,0.001510114
pbmc4k_GGAACTTCAGACAAGC-1,B cells,B cells,B cells,0.98857003,True,0.00034460417,0.98857003,0.0002649714,0.00041869283,0.00033243545,0.000458401,0.0002758219,0.009334998
pbmc4k_GGAACTTTCACTCCTG-1,Classical monocytes,Classical monocytes,Classical monocytes,0.99944097,True,3.2074888e-05,0.00018591167,9.769669e-05,0.99944097,3.567438e-05,0.00012896147,3.58451e-05,4.2886488e-05
pbmc4k_GGAACTTTCACTTCAT-1,Naive/resting T cells,Naive/resting T cells,Naive/resting T cells,0.9324384,True,0.0015748355,0.0036731178,0.0020564767,0.0030362653,0.0038734432,0.05146475,0.0018827644,0.9324384
pbmc4k_GGAACTTTCATATCGG-1,Cytotoxic CD8 T cells,Cytotoxic CD8 T cells,IL7R+ memory/helper T cells,0.5180267,False,0.0004535182,0.00088651094,0.0004896065,0.0004396043,0.47530603,0.5180267,0.00049729773,0.0039006984
pbmc4k_GGAACTTTCGATCCCT-1,Activated/transitional T cells,Naive/resting T cells,Naive/resting T cells,0.70896727,False,0.0016401508,0.0035365499,0.001663797,0.0014165835,0.0020405154,0.27936253,0.0013725554,0.70896727
pbmc4k_GGAATAAAGCTCAACT-1,Activated/transitional T cells,Naive/resting T cells,Naive/resting T cells,0.99513876,False,0.00021687953,0.00027896394,0.00014315518,0.00021393866,0.00014370999,0.0037221594,0.00014237259,0.99513876
pbmc4k_GGAATAACAAGGTTTC-1,B cells,B cells,B cells,0.99930704,True,1.7070546e-05,0.99930704,3.047685e-05,4.0549065e-05,5.2254556e-05,0.00024499104,2.6527576e-05,0.00028114408
pbmc4k_GGAATAACACAAGACG-1,Activated/transitional T cells,Naive/resting T cells,Naive/resting T cells,0.9741926,False,0.00018356131,0.00042941453,0.00019269982,0.00024858286,0.00013589271,0.02441703,0.00020014215,0.9741926
pbmc4k_GGAATAACACAGCGTC-1,Naive/resting T cells,Naive/resting T cells,Naive/resting T cells,0.79612064,True,0.021740362,0.008519594,0.005435217,0.009678822,0.012858511,0.14045258,0.0051942333,0.79612064
pbmc4k_GGAATAACAGGCTGAA-1,Classical monocytes,Classical monocytes,Classical monocytes,0.9994667,True,2.4971632e-05,0.00010490915,0.00014811248,0.9994667,5.78752e-05,0.000112691356,5.116073e-05,3.3541182e-05
pbmc4k_GGAATAAGTTTGACTG-1,Classical monocytes,Classical monocytes,Classical monocytes,0.99952483,True,0.00013687652,3.3316486e-05,7.807964e-05,0.99952483,1.6717026e-05,5.7347974e-05,3.3377484e-05,0.00011950236
pbmc4k_GGAATAATCACCTTAT-1,Classical monocytes,Classical monocytes,Classical monocytes,0.9996784,True,1.4175856e-05,7.602352e-05,0.000102996055,0.9996784,1.7648634e-05,4.865022e-05,3.0276224e-05,3.1854335e-05
pbmc4k_GGAATAATCGGAAACG-1,Activated/transitional T cells,Naive/resting T cells,Naive/resting T cells,0.83917147,False,0.0014183413,0.0046182936,0.001974455,0.0032185114,0.0023948187,0.14530347,0.001900691,0.83917147
pbmc4k_GGACAAGAGAAGCCCA-1,Cytotoxic CD8 T cells,Cytotoxic CD8 T cells,Cytotoxic CD8 T cells,0.95622665,True,0.0015735957,0.0005425582,0.0004830691,0.0003615475,0.95622665,0.03039542,0.0003796889,0.010037543
pbmc4k_GGACAAGAGCCATCGC-1,Cytotoxic CD8 T cells,Cytotoxic CD8 T cells,Cytotoxic CD8 T cells,0.88955164,True,0.018142862,0.0036032612,0.0017549357,0.0017684645,0.88955164,0.010577926,0.073767945,0.00083301944
pbmc4k_GGACAAGAGGTACTCT-1,B cells,B cells,B cells,0.99898916,True,3.019692e-05,0.99898916,4.5453195e-05,8.910964e-05,3.1565083e-05,0.00023818042,3.9193645e-05,0.00053710915
pbmc4k_GGACAAGCAATCTACG-1,Classical monocytes,Classical monocytes,Classical monocytes,0.9975418,True,8.025492e-05,0.00063586247,0.0011168693,0.9975418,7.671823e-05,0.00033075447,0.0001206029,9.722411e-05
pbmc4k_GGACAAGCAGCGTAAG-1,Classical monocytes,Classical monocytes,Classical monocytes,0.99956733,True,4.7270638e-05,5.943117e-05,0.00015708596,0.99956733,3.1251613e-05,4.0254694e-05,4.721567e-05,5.020228e-05
pbmc4k_GGACAAGGTCTTGATG-1,Classical monocytes,Classical monocytes,Classical monocytes,0.9992337,True,5.012406e-05,8.277636e-05,0.00014893393,0.9992337,0.00011310939,0.00020672973,8.1165716e-05,8.345072e-05
pbmc4k_GGACAAGTCAGTTCGA-1,B cells,B cells,B cells,0.9991517,True,3.0123074e-05,0.9991517,3.4533015e-05,5.3865857e-05,2.1958916e-05,9.629387e-05,2.8479728e-05,0.00058307487
pbmc4k_GGACAAGTCATAAAGG-1,Activated/transitional T cells,IL7R+ memory/helper T cells,IL7R+ memory/helper T cells,0.6604666,False,0.051581293,0.014245684,0.010204052,0.016626582,0.009414273,0.6604666,0.009419042,0.22804245
pbmc4k_GGACAAGTCGTTGCCT-1,NK cells,Cytotoxic CD8 T cells,Cytotoxic CD8 T cells,0.96118,False,0.012185039,0.0016542013,0.0018803435,0.0012173383,0.96118,0.007484385,0.010981312,0.0034174193
pbmc4k_GGACAAGTCTCAAGTG-1,IL7R+ memory/helper T cells,IL7R+ memory/helper T cells,IL7R+ memory/helper T cells,0.95659083,True,6.921743e-05,0.00032198842,0.00022788173,0.00017721858,0.00019570229,0.95659083,0.00014368976,0.042273484
pbmc4k_GGACAGACAGATGGGT-1,Activated/transitional T cells,Naive/resting T cells,Naive/resting T cells,0.98318315,False,8.883758e-05,0.00018609663,0.00012925052,0.00018559539,0.00010686956,0.016010923,0.00010927303,0.98318315
pbmc4k_GGACAGACAGCTTCGG-1,Activated/transitional T cells,Naive/resting T cells,Naive/resting T cells,0.9953751,False,9.2788345e-05,0.00027977495,0.00010868229,0.00014261868,0.0002737891,0.0036400137,8.7208246e-05,0.9953751
pbmc4k_GGACAGACAGTCAGAG-1,B cells,B cells,B cells,0.99933285,True,2.5259042e-05,0.99933285,3.425546e-05,4.618843e-05,4.45009e-05,0.0002044,3.116447e-05,0.00028137615
pbmc4k_GGACAGAGTATAGGTA-1,IL7R+ memory/helper T cells,IL7R+ memory/helper T cells,IL7R+ memory/helper T cells,0.93262166,True,0.00068853394,0.0022293509,0.0012242495,0.0011181042,0.0006233944,0.93262166,0.00096762826,0.06052707
pbmc4k_GGACATTCACAGTCGC-1,B cells,B cells,B cells,0.9995757,True,2.0512374e-05,0.9995757,3.447115e-05,4.7642192e-05,3.6737205e-05,0.00013089857,2.4427043e-05,0.0001296056
pbmc4k_GGACATTCATGAAGTA-1,Activated/transitional T cells,Naive/resting T cells,Naive/resting T cells,0.89565814,False,0.00023380094,0.0012787499,0.00048573845,0.00066622434,0.0060443375,0.095228,0.00040501644,0.89565814
pbmc4k_GGACATTCATTGCGGC-1,CD16+ non-classical monocytes,CD16+ non-classical monocytes,CD16+ non-classical monocytes,0.99937266,True,1.1563723e-05,0.00017701628,0.99937266,8.6391374e-05,8.705359e-05,0.0001917991,6.3721905e-05,9.86112e-06
pbmc4k_GGACATTGTGGCGAAT-1,Classical monocytes,Classical monocytes,Classical monocytes,0.9933918,True,0.00011099718,0.0026374338,0.0013164036,0.9933918,0.00023509197,0.0016867836,0.00029184853,0.00032956322
pbmc4k_GGACATTTCGAACGGA-1,B cells,B cells,B cells,0.9972161,True,0.00032760127,0.9972161,0.00016175365,0.00021264386,0.00012149974,0.00028792507,0.00013200601,0.0015404274
pbmc4k_GGACGTCAGAGTAATC-1,Classical monocytes,Classical monocytes,Classical monocytes,0.99258524,True,0.00076861435,0.002272881,0.0010816441,0.99258524,0.00025774492,0.00036111477,0.00036805842,0.0023047416
pbmc4k_GGACGTCCATCCGTGG-1,Activated/transitional T cells,Naive/resting T cells,Naive/resting T cells,0.9920746,False,9.810403e-05,0.00034321734,0.00011377901,0.00017323435,9.3691095e-05,0.0069967415,0.000106583575,0.9920746
pbmc4k_GGACGTCCATGAACCT-1,Activated/transitional T cells,Naive/resting T cells,Naive/resting T cells,0.96236163,False,0.02331388,0.0028309936,0.0016548716,0.002547259,0.0009011502,0.004539194,0.0018510058,0.96236163
pbmc4k_GGACGTCGTAAATACG-1,IL7R+ memory/helper T cells,IL7R+ memory/helper T cells,IL7R+ memory/helper T cells,0.94605637,True,0.005452099,0.0026647004,0.0022974222,0.0020288334,0.0042267973,0.94605637,0.0016904656,0.035583265
pbmc4k_GGACGTCGTCGTTGTA-1,Activated/transitional T cells,Naive/resting T cells,Naive/resting T cells,0.9988674,False,0.00018273044,0.00011156088,7.7022065e-05,0.00010693577,6.414136e-05,0.0005311292,5.9171558e-05,0.9988674
pbmc4k_GGACGTCTCTTGAGGT-1,B cells,B cells,B cells,0.9989176,True,1.6601281e-05,0.9989176,5.426795e-05,5.6432164e-05,4.7986487e-05,0.00039366048,3.092124e-05,0.0004825907
pbmc4k_GGAGCAAAGAAACGCC-1,Activated/transitional T cells,Naive/resting T cells,Naive/resting T cells,0.99910456,False,8.081486e-05,0.00024403696,6.3769e-05,9.0076e-05,7.2370785e-05,0.00028668492,5.7655452e-05,0.99910456
pbmc4k_GGAGCAAAGACACGAC-1,Classical monocytes,Classical monocytes,Classical monocytes,0.9996284,True,4.295442e-05,3.1229807e-05,0.00018952144,0.9996284,1.8632882e-05,3.1364776e-05,3.7489423e-05,2.0409487e-05
pbmc4k_GGAGCAAAGATGCCAG-1,Activated/transitional T cells,Naive/resting T cells,Naive/resting T cells,0.9968862,False,0.0005732308,0.00049954234,0.00012256952,0.00017758032,7.6000266e-05,0.0015522406,0.00011265775,0.9968862
pbmc4k_GGAGCAAAGATGTGGC-1,CD16+ non-classical monocytes,CD16+ non-classical monocytes,CD16+ non-classical monocytes,0.99933606,True,2.3156868e-05,0.00022345789,0.99933606,0.00012571042,8.1452425e-05,0.00011310965,8.1829334e-05,1.5207269e-05
pbmc4k_GGAGCAAAGTGTTTGC-1,Classical monocytes,Classical monocytes,Classical monocytes,0.9996044,True,2.694332e-05,3.8489696e-05,6.977823e-05,0.9996044,1.897767e-05,0.00016325369,2.8442135e-05,4.9734557e-05
pbmc4k_GGAGCAAGTCCGTGAC-1,Classical monocytes,Classical monocytes,Classical monocytes,0.99875736,True,2.5267835e-05,0.0008407545,8.764656e-05,0.99875736,2.6512378e-05,0.00011979122,4.90727e-05,9.358168e-05
pbmc4k_GGAGCAAGTGGACGAT-1,IL7R+ memory/helper T cells,IL7R+ memory/helper T cells,IL7R+ memory/helper T cells,0.99106336,True,6.868339e-05,0.00028373525,0.00014770165,9.187707e-05,0.00012442959,0.99106336,7.873951e-05,0.008141465
pbmc4k_GGAGCAATCATTGCGA-1,B cells,B cells,B cells,0.9983675,True,0.00016324475,0.9983675,4.020258e-05,0.0001847052,6.202676e-05,8.611571e-05,3.275608e-05,0.0010634814
pbmc4k_GGAGCAATCGTCACGG-1,B cells,B cells,B cells,0.99926347,True,0.00010923804,0.99926347,4.344186e-05,5.8810085e-05,4.7733352e-05,8.0173086e-05,4.321575e-05,0.00035391067
pbmc4k_GGATGTTCAGATCGGA-1,B cells,B cells,B cells,0.9991167,True,8.145016e-05,0.9991167,3.8997598e-05,4.362179e-05,1.6672218e-05,0.00013007247,2.7175372e-05,0.0005452859
pbmc4k_GGATGTTGTATCGCAT-1,NK cells,NK cells,NK cells,0.9976799,True,0.00022515631,0.00010046247,0.00026237825,0.000115076706,0.0012875136,0.00028619068,0.9976799,4.3307627e-05
pbmc4k_GGATGTTGTCACTGGC-1,Cytotoxic CD8 T cells,Cytotoxic CD8 T cells,Cytotoxic CD8 T cells,0.9158109,True,0.00042217426,0.00040850806,0.00028495403,0.00028661164,0.9158109,0.07984844,0.00022150019,0.00271689
pbmc4k_GGATGTTGTCCAAGTT-1,Cytotoxic CD8 T cells,Cytotoxic CD8 T cells,Cytotoxic CD8 T cells,0.9854262,True,0.0017716006,0.000579875,0.00054290675,0.00039526887,0.9854262,0.008143209,0.002433109,0.0007078395
pbmc4k_GGATGTTGTCTGCCAG-1,Classical monocytes,Classical monocytes,Classical monocytes,0.99970716,True,4.7169797e-05,6.981557e-05,7.465286e-05,0.99970716,9.160438e-06,2.5325438e-05,2.305859e-05,4.3632335e-05
pbmc4k_GGATGTTTCATACGGT-1,Classical monocytes,Classical monocytes,Classical monocytes,0.9992193,True,1.2402315e-05,0.00014529072,0.00042005818,0.9992193,2.0404033e-05,0.00012645982,3.5191824e-05,2.0937983e-05
pbmc4k_GGATTACAGAGTAAGG-1,Activated/transitional T cells,Naive/resting T cells,Naive/resting T cells,0.99420327,False,5.8686353e-05,0.0002474811,9.5844014e-05,0.00012913332,0.00013064616,0.00506194,7.2953786e-05,0.99420327
pbmc4k_GGATTACAGATCCGAG-1,NK cells,NK cells,NK cells,0.99484754,True,9.796105e-05,0.0002582939,0.0010001389,0.00016235908,0.0023571046,0.0011933576,0.99484754,8.3320076e-05
pbmc4k_GGATTACAGCGATATA-1,Classical monocytes,Classical monocytes,Classical monocytes,0.9989465,True,3.6541383e-05,0.00038360342,0.0002833593,0.9989465,6.461799e-05,0.00012609501,8.701381e-05,7.225175e-05
pbmc4k_GGATTACAGCTTCGCG-1,B cells,B cells,B cells,0.9993222,True,4.3628635e-05,0.9993222,3.2505486e-05,4.1397267e-05,2.0637717e-05,6.801267e-05,2.6881566e-05,0.00044478232
pbmc4k_GGATTACAGGCTATCT-1,IL7R+ memory/helper T cells,IL7R+ memory/helper T cells,IL7R+ memory/helper T cells,0.9717844,True,0.00021798813,0.0015705364,0.0008458091,0.0009088627,0.0009778135,0.9717844,0.0005440364,0.023150628
pbmc4k_GGATTACAGTCAATAG-1,NK cells,NK cells,NK cells,0.9660795,True,0.0015552762,0.002855656,0.0020118153,0.0013885788,0.019049997,0.005920497,0.9660795,0.0011387356
pbmc4k_GGATTACAGTGGAGAA-1,Cytotoxic CD8 T cells,Cytotoxic CD8 T cells,Cytotoxic CD8 T cells,0.9815331,True,0.0012394435,0.00076256815,0.00070683757,0.00041791704,0.9815331,0.0052361437,0.009163844,0.00094008294
pbmc4k_GGATTACGTACAAGTA-1,Cytotoxic CD8 T cells,Cytotoxic CD8 T cells,Cytotoxic CD8 T cells,0.99634856,True,0.00058674667,0.00022252717,0.00017942791,0.0003794955,0.99634856,0.0008538714,0.00023345905,0.0011959585
pbmc4k_GGATTACTCCCTAATT-1,IL7R+ memory/helper T cells,IL7R+ memory/helper T cells,IL7R+ memory/helper T cells,0.99798834,True,8.2882e-05,0.00021466751,0.00015119469,0.00015073728,0.00014411585,0.99798834,0.00013956378,0.0011285176
pbmc4k_GGCAATTAGAATCTCC-1,Classical monocytes,Classical monocytes,Classical monocytes,0.9994842,True,1.5448257e-05,0.0001481648,0.0002064206,0.9994842,2.0439304e-05,6.989565e-05,3.2225656e-05,2.3154405e-05
pbmc4k_GGCAATTAGCGTGAAC-1,Classical monocytes,Classical monocytes,Classical monocytes,0.97990555,True,0.00017497581,0.0056216796,0.010502148,0.97990555,0.00090749294,0.001956405,0.0006324354,0.00029924142
pbmc4k_GGCAATTGTAAGAGGA-1,Naive/resting T cells,IL7R+ memory/helper T cells,IL7R+ memory/helper T cells,0.56692,False,0.0012188166,0.0012687098,0.0009367784,0.00091789674,0.0005338129,0.56692,0.0007866067,0.42741743
pbmc4k_GGCAATTGTAGCACGA-1,Classical monocytes,B cells,B cells,0.67700493,False,0.0053589954,0.67700493,0.030087871,0.11370027,0.012077241,0.11755752,0.015269407,0.028943807
pbmc4k_GGCAATTGTCGCTTCT-1,Activated/transitional T cells,Naive/resting T cells,Naive/resting T cells,0.5905986,False,0.00055792154,0.0022423777,0.0014453826,0.0012972956,0.00078161125,0.4022626,0.00081420323,0.5905986
pbmc4k_GGCAATTGTGATGTGG-1,Classical monocytes,Classical monocytes,Classical monocytes,0.99931264,True,1.0438697e-05,0.00012341439,0.00025654203,0.99931264,8.9631205e-05,0.00013441092,4.8179198e-05,2.4730614e-05
pbmc4k_GGCAATTGTGTTGGGA-1,CD16+ non-classical monocytes,CD16+ non-classical monocytes,CD16+ non-classical monocytes,0.9925558,True,7.563152e-05,0.0049116844,0.9925558,0.0008532233,0.00018948397,0.0009533043,0.00038076608,8.014996e-05
pbmc4k_GGCAATTGTTCCATGA-1,Activated/transitional T cells,Naive/resting T cells,Naive/resting T cells,0.53027093,False,0.00055780023,0.0018671864,0.0013005781,0.0012506888,0.00092935545,0.46312463,0.000698851,0.53027093
pbmc4k_GGCAATTTCTCACATT-1,Activated/transitional T cells,Naive/resting T cells,Naive/resting T cells,0.9937143,False,9.7020704e-05,0.00028360542,0.00019813016,0.00019346796,0.000197427,0.0051879124,0.00012811729,0.9937143
pbmc4k_GGCCGATAGAACTGTA-1,Activated/transitional T cells,Naive/resting T cells,Naive/resting T cells,0.9903009,False,0.00034274196,0.0015467262,0.00051200314,0.00034691175,0.0003050798,0.0064426004,0.00020300709,0.9903009
pbmc4k_GGCCGATAGTCGATAA-1,IL7R+ memory/helper T cells,IL7R+ memory/helper T cells,IL7R+ memory/helper T cells,0.9976421,True,3.1093292e-05,0.00016991515,9.4706236e-05,7.3952455e-05,6.56774e-05,0.9976421,6.184418e-05,0.0018606732
pbmc4k_GGCCGATAGTCGTTTG-1,Classical monocytes,Classical monocytes,Classical monocytes,0.9973986,True,6.2394654e-05,0.00024043505,0.0016403073,0.9973986,0.00014645199,0.0002542207,0.00021585452,4.1683998e-05
pbmc4k_GGCCGATAGTGCTGCC-1,Cytotoxic CD8 T cells,Cytotoxic CD8 T cells,Cytotoxic CD8 T cells,0.59705603,True,0.004041563,0.0062455484,0.006513978,0.0068253665,0.59705603,0.36043963,0.00756374,0.011314118
pbmc4k_GGCCGATCACCTTGTC-1,Activated/transitional T cells,Naive/resting T cells,Naive/resting T cells,0.88700783,False,0.00023071609,0.0012644447,0.0005725732,0.00081492524,0.00045158275,0.10923115,0.00042676457,0.88700783
pbmc4k_GGCCGATGTGGCGAAT-1,NK cells,NK cells,NK cells,0.9833413,True,0.0005280672,0.00067995087,0.00305507,0.00064996927,0.00991653,0.0014604601,0.9833413,0.00036865642
pbmc4k_GGCCGATGTGGTACAG-1,B cells,B cells,B cells,0.99711215,True,3.251896e-05,0.99711215,4.4776596e-05,4.581891e-05,4.2123855e-05,0.00017947349,2.501222e-05,0.0025181568
pbmc4k_GGCCGATGTTGGTAAA-1,IL7R+ memory/helper T cells,IL7R+ memory/helper T cells,IL7R+ memory/helper T cells,0.98770744,True,0.0001685597,0.00030548076,0.00020426714,0.00019002387,0.0001901319,0.98770744,0.00015925676,0.011074823
pbmc4k_GGCCGATTCACCCTCA-1,Activated/transitional T cells,Naive/resting T cells,Naive/resting T cells,0.93183374,False,0.00025877036,0.0008180301,0.00059991964,0.00059357984,0.00042720084,0.06497115,0.00049758994,0.93183374
pbmc4k_GGCCGATTCGGTGTTA-1,IL7R+ memory/helper T cells,IL7R+ memory/helper T cells,IL7R+ memory/helper T cells,0.99562234,True,4.1968437e-05,0.00033421887,0.00021921274,0.00016288474,0.00013916718,0.99562234,0.00010816905,0.0033719984
pbmc4k_GGCGACTAGTGTACTC-1,IL7R+ memory/helper T cells,IL7R+ memory/helper T cells,IL7R+ memory/helper T cells,0.99914896,True,4.4273664e-05,0.00015644221,0.00015666976,9.3997325e-05,0.0001264777,0.99914896,0.00022873734,4.447035e-05
pbmc4k_GGCGACTAGTGTGAAT-1,Classical monocytes,Classical monocytes,Classical monocytes,0.99175334,True,0.00018485606,0.0009645088,0.0041926573,0.99175334,0.00040522113,0.0016811005,0.00038017952,0.00043815124
pbmc4k_GGCGACTAGTGTGGCA-1,B cells,B cells,B cells,0.9924366,True,0.00014962796,0.9924366,0.0001499139,0.00022872858,0.00013049363,0.00034042905,0.00014053764,0.006423673
pbmc4k_GGCGACTCAATGGACG-1,CD16+ non-classical monocytes,CD16+ non-classical monocytes,CD16+ non-classical monocytes,0.9982527,True,2.2906837e-05,0.0009017442,0.9982527,0.00016169618,8.501553e-05,0.0004130774,0.00014213071,2.0746791e-05
pbmc4k_GGCGACTCAGGAATGC-1,Naive/resting T cells,Naive/resting T cells,Naive/resting T cells,0.99803406,True,0.00013924047,0.00024493202,0.000121333534,0.00012103491,0.000152648,0.0011159828,7.0827584e-05,0.99803406
pbmc4k_GGCGACTCATGGATGG-1,Activated/transitional T cells,Naive/resting T cells,Naive/resting T cells,0.9794677,False,0.0005266277,0.00067882374,0.0004747951,0.00039947225,0.0003824247,0.017723238,0.00034696012,0.9794677
pbmc4k_GGCGACTGTAGCCTAT-1,B cells,B cells,B cells,0.9994629,True,4.77269e-05,0.9994629,3.756728e-05,4.8752216e-05,3.3573215e-05,0.00012608756,2.8824357e-05,0.00021454392
pbmc4k_GGCGACTGTTAGATGA-1,Naive/resting T cells,Naive/resting T cells,Naive/resting T cells,0.8925764,True,0.00091409136,0.006411295,0.00087642786,0.0013265888,0.002919382,0.094141684,0.0008341061,0.8925764
pbmc4k_GGCGACTGTTATGCGT-1,Cytotoxic CD8 T cells,Cytotoxic CD8 T cells,Cytotoxic CD8 T cells,0.944445,True,0.01496987,0.0027738882,0.0019393736,0.0022137119,0.944445,0.02850764,0.0021093572,0.003041179
pbmc4k_GGCGACTGTTCTCATT-1,B cells,B cells,B cells,0.99922407,True,2.536922e-05,0.99922407,3.288944e-05,4.0621708e-05,3.766189e-05,0.00010268824,2.9132674e-05,0.00050757173
pbmc4k_GGCGACTTCAACCAAC-1,Activated/transitional T cells,Naive/resting T cells,Naive/resting T cells,0.75662524,False,0.00020603798,0.0007724307,0.0005368946,0.00050193036,0.0005063186,0.24041474,0.00043637503,0.75662524
pbmc4k_GGCGTGTAGATCCTGT-1,Activated/transitional T cells,Naive/resting T cells,Naive/resting T cells,0.987444,False,0.0002084194,0.00060242624,0.00034942417,0.00044526157,0.000452594,0.010217222,0.00028065988,0.987444
pbmc4k_GGCGTGTAGCTAGTCT-1,Cytotoxic CD8 T cells,Cytotoxic CD8 T cells,Cytotoxic CD8 T cells,0.9904512,True,0.00095188874,0.00027096504,0.00025856652,0.00022110672,0.9904512,0.004965694,0.0021158631,0.00076463254
pbmc4k_GGCGTGTAGTAAGTAC-1,B cells,B cells,B cells,0.99903786,True,7.442337e-05,0.99903786,3.5098095e-05,5.2610103e-05,1.9775487e-05,6.317193e-05,3.5588102e-05,0.00068149477
pbmc4k_GGCGTGTAGTAGTGCG-1,NK cells,Cytotoxic CD8 T cells,Cytotoxic CD8 T cells,0.5638654,False,0.03574871,0.0046165534,0.0028754817,0.002586373,0.5638654,0.0016359924,0.38476995,0.0039015578
pbmc4k_GGCGTGTCAAGCGTAG-1,B cells,B cells,B cells,0.9995328,True,2.003413e-05,0.9995328,3.7140668e-05,4.777423e-05,3.377632e-05,7.61729e-05,2.845084e-05,0.00022384724
pbmc4k_GGCGTGTGTAGATTAG-1,Activated/transitional T cells,Naive/resting T cells,Naive/resting T cells,0.98419607,False,0.00050852855,0.0007828692,0.00018401445,0.00023929935,0.00015546281,0.0137891,0.00014466178,0.98419607
pbmc4k_GGCGTGTGTATTAGCC-1,Cytotoxic CD8 T cells,Cytotoxic CD8 T cells,Cytotoxic CD8 T cells,0.99345,True,0.0007456849,0.00017895557,0.00016093926,0.00014241753,0.99345,0.004506857,0.0005815483,0.00023362254
pbmc4k_GGCGTGTGTTGAACTC-1,Classical monocytes,Classical monocytes,Classical monocytes,0.99966335,True,4.9620612e-05,3.316867e-05,0.00011734422,0.99966335,1.5084211e-05,3.11491e-05,3.6043824e-05,5.4284752e-05
pbmc4k_GGCGTGTTCTGAGTGT-1,Activated/transitional T cells,Naive/resting T cells,IL7R+ memory/helper T cells,0.5029438,False,0.0008071807,0.000990502,0.00079144014,0.00078023924,0.00062486855,0.5029438,0.0006113224,0.4924506
pbmc4k_GGCTCGAAGAAGGTGA-1,B cells,B cells,B cells,0.99722254,True,0.00012748492,0.99722254,4.0995536e-05,7.126963e-05,3.0710155e-05,0.00010801874,3.6996982e-05,0.0023620478
pbmc4k_GGCTCGAAGAATTCCC-1,Activated/transitional T cells,Naive/resting T cells,Naive/resting T cells,0.9142792,False,0.0007503794,0.0023034534,0.00064100896,0.00060753204,0.00068996206,0.08019307,0.00053532206,0.9142792
pbmc4k_GGCTCGAAGGCTCATT-1,Cytotoxic CD8 T cells,Cytotoxic CD8 T cells,Cytotoxic CD8 T cells,0.99228376,True,0.001011862,0.00041781642,0.0003804933,0.000359265,0.99228376,0.003643139,0.00038099292,0.0015227194
pbmc4k_GGCTCGAAGTTGCAGG-1,Activated/transitional T cells,IL7R+ memory/helper T cells,IL7R+ memory/helper T cells,0.99034894,False,0.00021429043,0.00027764266,0.0001767066,0.00015008127,0.00015593143,0.99034894,0.00017284727,0.008503607
pbmc4k_GGCTCGAGTAGCACGA-1,Cytotoxic CD8 T cells,IL7R+ memory/helper T cells,IL7R+ memory/helper T cells,0.7973508,False,0.00082258525,0.0015824484,0.0013090175,0.0012283438,0.1925951,0.7973508,0.0015995215,0.003512161
pbmc4k_GGCTCGATCCAGGGCT-1,Classical monocytes,Classical monocytes,Classical monocytes,0.99917585,True,0.00013467453,0.00010840005,0.00010146095,0.99917585,0.00011002428,0.00014505832,6.817712e-05,0.00015628508
pbmc4k_GGCTCGATCCATGAAC-1,Activated/transitional T cells,Naive/resting T cells,Naive/resting T cells,0.9979564,False,0.00030349358,0.00015497151,0.00010064358,0.000142663,5.0914896e-05,0.0012044363,8.6415515e-05,0.9979564
pbmc4k_GGCTGGTAGAGCTGCA-1,Activated/transitional T cells,IL7R+ memory/helper T cells,IL7R+ memory/helper T cells,0.98756206,False,0.00030585294,0.0006795617,0.00037243692,0.0003409333,0.00036600046,0.98756206,0.00039489183,0.009978299
pbmc4k_GGCTGGTAGATACACA-1,Activated/transitional T cells,IL7R+ memory/helper T cells,IL7R+ memory/helper T cells,0.7834396,False,0.0019538752,0.003682566,0.0017642382,0.004634759,0.0016633235,0.7834396,0.0015947566,0.20126687
pbmc4k_GGCTGGTAGCCGCCTA-1,Activated/transitional T cells,IL7R+ memory/helper T cells,IL7R+ memory/helper T cells,0.54979026,False,0.0048794006,0.007023402,0.004405191,0.0041882135,0.0025210846,0.54979026,0.0043365415,0.42285588
pbmc4k_GGCTGGTAGCGGCTTC-1,B cells,B cells,B cells,0.99942845,True,1.568198e-05,0.99942845,2.4678113e-05,3.7825175e-05,2.1554974e-05,0.00018392787,1.9874044e-05,0.00026798632
pbmc4k_GGCTGGTAGCGTCAAG-1,Classical monocytes,Classical monocytes,Classical monocytes,0.99902225,True,3.3159413e-05,0.0001440691,0.00023806683,0.99902225,2.9958404e-05,0.00018038788,7.101139e-05,0.00028109478
pbmc4k_GGCTGGTAGTTAGGTA-1,IL7R+ memory/helper T cells,IL7R+ memory/helper T cells,IL7R+ memory/helper T cells,0.9214195,True,0.0011132511,0.004288052,0.0014684149,0.0013448615,0.0013122866,0.9214195,0.001445559,0.06760804
pbmc4k_GGCTGGTCAAAGCGGT-1,Cytotoxic CD8 T cells,Cytotoxic CD8 T cells,Cytotoxic CD8 T cells,0.9917064,True,0.00026477725,0.0003027862,0.0003580537,0.0002539022,0.9917064,0.003750691,0.003142722,0.00022073106
pbmc4k_GGCTGGTCAAGAAAGG-1,B cells,B cells,B cells,0.9977428,True,0.00018885155,0.9977428,5.336606e-05,0.0002757642,5.8190264e-05,0.00016299286,4.7984337e-05,0.0014700678
pbmc4k_GGCTGGTCACTGTCGG-1,Classical monocytes,Classical monocytes,Classical monocytes,0.9988777,True,2.808466e-05,0.00019206555,0.0004461435,0.9988777,8.0814156e-05,0.00021670862,0.0001206623,3.781443e-05
pbmc4k_GGCTGGTCAGCGATCC-1,B cells,B cells,B cells,0.99778724,True,2.0762307e-05,0.99778724,4.2695323e-05,4.987259e-05,5.3491596e-05,0.00013536905,2.6388574e-05,0.0018841851
pbmc4k_GGCTGGTCAGTCGATT-1,CD16+ non-classical monocytes,CD16+ non-classical monocytes,CD16+ non-classical monocytes,0.98925227,True,0.000233358,0.004435164,0.98925227,0.0017429744,0.0018900088,0.0011558798,0.0010435858,0.0002467395
pbmc4k_GGCTGGTCATCGTCGG-1,IL7R+ memory/helper T cells,IL7R+ memory/helper T cells,IL7R+ memory/helper T cells,0.9988889,True,5.282985e-05,0.00013520534,0.00020756778,8.646789e-05,0.00029371463,0.9988889,0.000114746406,0.00022062016
pbmc4k_GGCTGGTCATTCACTT-1,Classical monocytes,Classical monocytes,Classical monocytes,0.9529605,True,0.00032933368,0.008951736,0.03221869,0.9529605,0.0010502879,0.0027124218,0.00091755716,0.0008595124
pbmc4k_GGCTGGTGTTATGCGT-1,NK cells,NK cells,NK cells,0.9931553,True,0.0013587452,0.0003392824,0.0010338498,0.00032394502,0.0028050737,0.0008682912,0.9931553,0.00011552422
pbmc4k_GGCTGGTGTTGATTGC-1,IL7R+ memory/helper T cells,IL7R+ memory/helper T cells,IL7R+ memory/helper T cells,0.97625583,True,0.00036935817,0.0010758679,0.00056852493,0.000644681,0.005089238,0.97625583,0.0003927675,0.015603781
pbmc4k_GGCTGGTGTTTAGGAA-1,IL7R+ memory/helper T cells,IL7R+ memory/helper T cells,IL7R+ memory/helper T cells,0.9980027,True,6.71642e-05,0.00016038207,0.00010921889,0.00010479425,9.6176715e-05,0.9980027,8.9949885e-05,0.0013696525
pbmc4k_GGCTGGTTCCCGGATG-1,Classical monocytes,Classical monocytes,Classical monocytes,0.9987482,True,0.0003688958,0.00013193185,0.0002827368,0.9987482,9.806577e-05,0.00012240851,0.00015501284,9.2701615e-05
pbmc4k_GGCTGGTTCCCTCTTT-1,Activated/transitional T cells,Naive/resting T cells,Naive/resting T cells,0.95215786,False,0.0035014502,0.0023248282,0.0013914151,0.0019785732,0.0009801941,0.036224235,0.0014414084,0.95215786
pbmc4k_GGCTGGTTCGTTGCCT-1,IL7R+ memory/helper T cells,IL7R+ memory/helper T cells,IL7R+ memory/helper T cells,0.99877745,True,3.793658e-05,8.264456e-05,0.000112434434,6.37294e-05,0.0005652984,0.99877745,5.7121328e-05,0.00030341407
pbmc4k_GGGAATGCACGGCCAT-1,Cytotoxic CD8 T cells,Cytotoxic CD8 T cells,Cytotoxic CD8 T cells,0.9876039,True,0.000952744,0.00015311735,0.00011896699,0.000108286804,0.9876039,0.009566518,0.00013018033,0.0013662501
pbmc4k_GGGAATGCATGATCCA-1,Classical monocytes,Classical monocytes,Classical monocytes,0.99952173,True,2.3376688e-05,0.00017796151,0.00013648375,0.99952173,1.1598341e-05,3.692563e-05,4.7107194e-05,4.478129e-05
pbmc4k_GGGAATGGTACCCAAT-1,B cells,B cells,B cells,0.9992386,True,5.101071e-05,0.9992386,7.013565e-05,6.6091496e-05,6.286523e-05,0.00024075182,4.9889906e-05,0.00022070034
pbmc4k_GGGAATGGTACTTGAC-1,B cells,B cells,B cells,0.9991658,True,2.1176527e-05,0.9991658,7.85275e-05,4.533641e-05,3.100092e-05,0.00048184433,3.6049943e-05,0.00014027317
pbmc4k_GGGAATGGTCGCTTCT-1,Classical monocytes,Classical monocytes,Classical monocytes,0.99896,True,0.00012548587,0.0001232556,0.0003635137,0.99896,9.413133e-05,0.00015759325,0.00011942356,5.658217e-05
pbmc4k_GGGAATGGTGTAACGG-1,Cytotoxic CD8 T cells,Cytotoxic CD8 T cells,Cytotoxic CD8 T cells,0.9927496,True,0.00023412828,0.0003110995,0.00021319007,0.00019761377,0.9927496,0.0046622334,0.0013334651,0.00029871447
pbmc4k_GGGAATGGTTGATTCG-1,Classical monocytes,Classical monocytes,Classical monocytes,0.99782014,True,2.3145987e-05,0.000344384,0.0012099396,0.99782014,5.6931007e-05,0.0003790557,0.0001193576,4.7107573e-05
pbmc4k_GGGAATGTCTACCTGC-1,Cytotoxic CD8 T cells,Cytotoxic CD8 T cells,Cytotoxic CD8 T cells,0.98931074,True,0.00021863745,0.00025812595,0.00014936079,0.00013685909,0.98931074,0.009024613,0.00018070587,0.00072098774
pbmc4k_GGGAATGTCTATCCCG-1,Classical monocytes,Classical monocytes,Classical monocytes,0.98481756,True,0.00034785058,0.0017345338,0.009060705,0.98481756,0.00045657123,0.0016479555,0.0011695616,0.0007652366
pbmc4k_GGGACCTAGCCTATGT-1,Cytotoxic CD8 T cells,Cytotoxic CD8 T cells,Cytotoxic CD8 T cells,0.991783,True,0.00077515346,0.00046620338,0.0003042294,0.0002684275,0.991783,0.0035943866,0.00043191214,0.0023766498
pbmc4k_GGGACCTAGCGTCAAG-1,Activated/transitional T cells,Naive/resting T cells,Naive/resting T cells,0.5366972,False,0.003412301,0.005270581,0.0031833027,0.0031539593,0.0016250977,0.44361404,0.0030435412,0.5366972
pbmc4k_GGGACCTCAAATTGCC-1,Activated/transitional T cells,Naive/resting T cells,Naive/resting T cells,0.97330326,False,0.0017183787,0.00076753786,0.0005272917,0.0006360364,0.00056183996,0.02207112,0.00041451986,0.97330326
pbmc4k_GGGACCTCATAACCTG-1,Naive/resting T cells,Naive/resting T cells,Naive/resting T cells,0.9964563,True,0.0001362636,0.00017173124,0.00017972461,0.00019556293,0.000139311,0.0026026908,0.000118332784,0.9964563
pbmc4k_GGGACCTTCACGACTA-1,Activated/transitional T cells,Naive/resting T cells,Naive/resting T cells,0.99381363,False,0.0032357955,0.0005263976,0.00027380342,0.00042583267,0.0009144013,0.0005546267,0.00025553917,0.99381363
pbmc4k_GGGAGATAGAAGGGTA-1,Activated/transitional T cells,Naive/resting T cells,Naive/resting T cells,0.93647325,False,0.014948581,0.0047105225,0.0036895382,0.0050144657,0.0028920118,0.02877268,0.0034989058,0.93647325
pbmc4k_GGGAGATAGATCTGCT-1,Classical monocytes,Classical monocytes,Classical monocytes,0.999506,True,2.2691314e-05,9.24316e-05,0.00020902595,0.999506,2.5460322e-05,6.367002e-05,5.1196323e-05,2.9490444e-05
pbmc4k_GGGAGATCAAGGTTTC-1,Activated/transitional T cells,Naive/resting T cells,Naive/resting T cells,0.99142647,False,0.00031653835,0.000961671,0.000510271,0.0006673143,0.0011473956,0.004555117,0.00041528995,0.99142647
pbmc4k_GGGAGATCAGCTGTGC-1,Naive/resting T cells,Naive/resting T cells,Naive/resting T cells,0.9457268,True,0.0036174513,0.0023030723,0.0012600829,0.001966279,0.0015231817,0.042505037,0.0010981251,0.9457268
pbmc4k_GGGAGATCATACGCCG-1,Activated/transitional T cells,IL7R+ memory/helper T cells,Naive/resting T cells,0.83868897,False,0.001736004,0.0036899373,0.0020448728,0.002687767,0.001962626,0.1475165,0.0016733155,0.83868897
pbmc4k_GGGAGATGTGCTTCTC-1,CD16+ non-classical monocytes,B cells,B cells,0.89293146,False,0.0011152002,0.89293146,0.050420634,0.040308353,0.0018565315,0.008334975,0.0024582313,0.0025745821
pbmc4k_GGGAGATGTTCCACGG-1,Activated/transitional T cells,Naive/resting T cells,Naive/resting T cells,0.99486524,False,0.00016319372,0.00045341405,0.00019532943,0.0002318148,0.00037623488,0.003566332,0.00014840873,0.99486524
pbmc4k_GGGAGATTCACCATAG-1,CD16+ non-classical monocytes,CD16+ non-classical monocytes,CD16+ non-classical monocytes,0.9985667,True,2.9481727e-05,0.0005813003,0.9985667,0.00024187872,0.00014116695,0.00025260253,0.00012252021,6.443923e-05
pbmc4k_GGGAGATTCATAGCAC-1,Cytotoxic CD8 T cells,Cytotoxic CD8 T cells,Cytotoxic CD8 T cells,0.99625444,True,0.00015937902,0.00023953021,0.00019740083,0.00014722336,0.99625444,0.0024153234,0.00029737782,0.0002892862
pbmc4k_GGGAGATTCCTTTCGG-1,Activated/transitional T cells,Naive/resting T cells,Naive/resting T cells,0.9833455,False,0.0023068765,0.00036373426,0.0002560247,0.0003736338,0.0007827165,0.012332415,0.00023911856,0.9833455
pbmc4k_GGGAGATTCTGTACGA-1,Activated/transitional T cells,Naive/resting T cells,Naive/resting T cells,0.89255524,False,0.00040188988,0.0006609666,0.00036946937,0.00039262578,0.00036543072,0.10486672,0.00038769312,0.89255524
pbmc4k_GGGATGAAGAGGGATA-1,Classical monocytes,Classical monocytes,Classical monocytes,0.998128,True,2.6596836e-05,0.0008281193,0.00030246386,0.998128,0.00016625719,0.0003507675,0.000118074815,7.9679754e-05
pbmc4k_GGGATGAAGCAGACTG-1,Activated/transitional T cells,Naive/resting T cells,Naive/resting T cells,0.9913701,False,0.0007637032,0.00043329888,0.00036164984,0.00036208206,0.00014240223,0.006360253,0.00020647721,0.9913701
pbmc4k_GGGATGAAGTTTCCTT-1,B cells,B cells,B cells,0.99871325,True,2.330667e-05,0.99871325,0.00011153484,7.3511525e-05,5.761737e-05,0.0008482996,4.9243754e-05,0.00012328228
pbmc4k_GGGATGACAATGTAAG-1,Cytotoxic CD8 T cells,Cytotoxic CD8 T cells,Cytotoxic CD8 T cells,0.9886531,True,0.0004056679,0.00033545683,0.00020504168,0.00020824203,0.9886531,0.008914619,0.0009332635,0.0003446512
pbmc4k_GGGATGACAGTAGAGC-1,Cytotoxic CD8 T cells,Cytotoxic CD8 T cells,Cytotoxic CD8 T cells,0.98777944,True,0.00038735985,0.000953351,0.0006655272,0.0005127313,0.98777944,0.008562927,0.0005964376,0.00054223853
pbmc4k_GGGATGACAGTCGTGC-1,CD16+ non-classical monocytes,CD16+ non-classical monocytes,CD16+ non-classical monocytes,0.99813384,True,9.90959e-06,0.0015777452,0.99813384,8.2207116e-05,2.5370991e-05,0.00011343737,4.8418915e-05,9.154695e-06
pbmc4k_GGGATGACATCGGTTA-1,Cytotoxic CD8 T cells,Cytotoxic CD8 T cells,Cytotoxic CD8 T cells,0.93122065,True,0.0006610907,0.00085503166,0.00066479493,0.0006404181,0.93122065,0.015149752,0.05062079,0.00018743303
pbmc4k_GGGATGATCATAAAGG-1,Activated/transitional T cells,Naive/resting T cells,Naive/resting T cells,0.9826621,False,0.0012753555,0.0011369694,0.00037497884,0.00060820224,0.00026150994,0.013342484,0.0003384045,0.9826621
pbmc4k_GGGATGATCGGAAACG-1,Activated/transitional T cells,Naive/resting T cells,Naive/resting T cells,0.72114027,False,0.0006761167,0.003449055,0.00145994,0.0016742876,0.001864914,0.2685971,0.0011382761,0.72114027
pbmc4k_GGGATGATCTACTTAC-1,Classical monocytes,Classical monocytes,Classical monocytes,0.99975127,True,1.4560859e-05,8.914395e-05,4.049921e-05,0.99975127,9.530394e-06,3.6271624e-05,2.2243436e-05,3.6456364e-05
pbmc4k_GGGCACTAGATCCCAT-1,Naive/resting T cells,Naive/resting T cells,Naive/resting T cells,0.97636276,True,0.00029094756,0.0005442152,0.00030325746,0.00045779574,0.00035894712,0.021404896,0.00027724632,0.97636276
pbmc4k_GGGCACTAGGTGATTA-1,Classical monocytes,Classical monocytes,Classical monocytes,0.999579,True,5.796788e-05,0.00012199955,8.0913785e-05,0.999579,2.3544515e-05,5.8825797e-05,5.378708e-05,2.4000601e-05
pbmc4k_GGGCACTCACATGTGT-1,Classical monocytes,Classical monocytes,Classical monocytes,0.9945353,True,8.465574e-05,0.001033145,0.0018430831,0.9945353,0.00029107643,0.0015767318,0.00052123884,0.00011478251
pbmc4k_GGGCACTCAGCCTTGG-1,Activated/transitional T cells,Naive/resting T cells,Naive/resting T cells,0.9819318,False,0.0010723097,0.002371282,0.00085000624,0.00084374385,0.0008320971,0.011324859,0.00077393284,0.9819318
pbmc4k_GGGCACTGTAACGTTC-1,Classical monocytes,Classical monocytes,Classical monocytes,0.99894446,True,2.5925636e-05,0.00022919683,0.00027954276,0.99894446,6.7286455e-05,0.00027938126,0.00012316625,5.1086765e-05
pbmc4k_GGGCACTGTGATGTGG-1,Classical monocytes,Classical monocytes,Classical monocytes,0.95332825,True,0.00046249284,0.010392191,0.026184727,0.95332825,0.0012620667,0.0057722856,0.0021313294,0.0004666722
pbmc4k_GGGCACTTCACTCTTA-1,Activated/transitional T cells,Naive/resting T cells,Naive/resting T cells,0.9918024,False,0.0002492102,0.00084221305,0.00040386248,0.0004090929,0.00025028008,0.005760652,0.00028227718,0.9918024
pbmc4k_GGGCATCAGACACGAC-1,Classical monocytes,Classical monocytes,Classical monocytes,0.9991154,True,2.3564136e-05,0.00027775866,0.0003261468,0.9991154,4.572499e-05,9.1375055e-05,4.7445323e-05,7.25702e-05
pbmc4k_GGGCATCAGCACAGGT-1,Cytotoxic CD8 T cells,IL7R+ memory/helper T cells,IL7R+ memory/helper T cells,0.92321914,False,0.0015607332,0.0018683689,0.0012006995,0.0010898641,0.068256855,0.92321914,0.0010946948,0.0017096926
pbmc4k_GGGCATCAGTACGATA-1,Activated/transitional T cells,Naive/resting T cells,Naive/resting T cells,0.9651864,False,0.00060127,0.0008660902,0.00039876427,0.0005711844,0.00038724105,0.03162913,0.00035987012,0.9651864
pbmc4k_GGGCATCCATTGGGCC-1,Activated/transitional T cells,Naive/resting T cells,Naive/resting T cells,0.8673863,False,0.008733888,0.0042302166,0.0034900585,0.0047309604,0.0023199965,0.10611022,0.00299836,0.8673863
pbmc4k_GGGCATCTCAGAGGTG-1,Activated/transitional T cells,Naive/resting T cells,Naive/resting T cells,0.99325705,False,0.0009307895,0.00026757494,0.00017439584,0.00018311614,0.00015404169,0.004855506,0.0001775403,0.99325705
pbmc4k_GGGCATCTCTCTTATG-1,Classical monocytes,Classical monocytes,Classical monocytes,0.99743134,True,3.510896e-05,0.00033272387,0.0014972246,0.99743134,8.358365e-05,0.00041252855,0.00011555209,9.199095e-05
pbmc4k_GGGTCTGCAACACCCG-1,Classical monocytes,Classical monocytes,Classical monocytes,0.9997348,True,3.2626795e-05,3.810699e-05,7.2177325e-05,0.9997348,1.7238295e-05,5.6178473e-05,3.2514006e-05,1.628471e-05
pbmc4k_GGGTCTGCACTCAGGC-1,Cytotoxic CD8 T cells,Cytotoxic CD8 T cells,Cytotoxic CD8 T cells,0.97499096,True,0.00020181444,0.0002534995,0.00017261725,0.00017320331,0.97499096,0.023455387,0.00018791524,0.00056461006
pbmc4k_GGGTCTGCAGCTTCGG-1,B cells,B cells,B cells,0.9993333,True,8.5932596e-05,0.9993333,3.9283124e-05,4.6916935e-05,3.7717768e-05,0.00011516194,3.05444e-05,0.0003110651
pbmc4k_GGGTCTGGTAGAGGAA-1,Classical monocytes,Classical monocytes,Classical monocytes,0.999542,True,9.023841e-05,3.7092585e-05,0.0001601308,0.999542,2.7745582e-05,7.274229e-05,4.9761056e-05,2.0343132e-05
pbmc4k_GGGTCTGGTAGCAAAT-1,B cells,B cells,B cells,0.9982179,True,9.350914e-06,0.9982179,3.314251e-05,3.078073e-05,2.7695462e-05,0.0002447688,1.8797626e-05,0.0014175979
pbmc4k_GGGTCTGGTGTTTGGT-1,Activated/transitional T cells,Naive/resting T cells,IL7R+ memory/helper T cells,0.52114004,False,0.001336508,0.0037114655,0.0020625908,0.002953725,0.0021418089,0.52114004,0.001777666,0.46487623
pbmc4k_GGGTCTGGTTCCACTC-1,Cytotoxic CD8 T cells,IL7R+ memory/helper T cells,IL7R+ memory/helper T cells,0.98012996,False,0.0001608467,0.00046201947,0.00028293516,0.0002946876,0.0025611364,0.98012996,0.00024129101,0.015867123
pbmc4k_GGGTCTGTCGTAGATC-1,Classical monocytes,Classical monocytes,Classical monocytes,0.9993013,True,4.558167e-05,0.00012805732,0.0002954533,0.9993013,5.0095623e-05,7.808519e-05,6.663056e-05,3.482896e-05
pbmc4k_GGGTCTGTCTCATTCA-1,Cytotoxic CD8 T cells,IL7R+ memory/helper T cells,IL7R+ memory/helper T cells,0.70547235,False,0.0031795718,0.0024807795,0.0016386806,0.0015126814,0.24274008,0.70547235,0.0016307298,0.04134514
pbmc4k_GGGTTGCAGAAGCCCA-1,Activated/transitional T cells,Naive/resting T cells,Naive/resting T cells,0.97295105,False,0.00031250712,0.0009277816,0.00037686387,0.0005499824,0.00043421012,0.024095993,0.00035161228,0.97295105
pbmc4k_GGGTTGCAGCCAGGAT-1,B cells,B cells,B cells,0.9990325,True,3.337683e-05,0.9990325,5.568965e-05,6.574497e-05,3.9382685e-05,0.0002985044,3.480681e-05,0.00044004485
pbmc4k_GGGTTGCAGGTCGGAT-1,B cells,B cells,B cells,0.9990397,True,0.00042624795,0.9990397,3.858678e-05,7.4428055e-05,3.6133297e-05,3.954458e-05,5.3185093e-05,0.0002921815
pbmc4k_GGGTTGCCACGGATAG-1,Naive/resting T cells,Naive/resting T cells,Naive/resting T cells,0.98826724,True,0.0021671888,0.00068348896,0.0004409807,0.00066894473,0.00050414,0.006793375,0.0004745886,0.98826724
pbmc4k_GGGTTGCTCAATCTCT-1,Cytotoxic CD8 T cells,Cytotoxic CD8 T cells,Cytotoxic CD8 T cells,0.9948014,True,0.00023975705,0.0003140461,0.00015302801,0.00012598297,0.9948014,0.0030310603,0.0010563819,0.00027831114
pbmc4k_GGGTTGCTCGCCAAAT-1,Cytotoxic CD8 T cells,Cytotoxic CD8 T cells,Cytotoxic CD8 T cells,0.95391846,True,0.00017063982,0.00037508304,0.00030736998,0.00023991661,0.95391846,0.036098406,0.0002228549,0.008667339
pbmc4k_GGGTTGCTCTCTGCTG-1,B cells,B cells,B cells,0.9969664,True,4.5820296e-05,0.9969664,7.829212e-05,0.00010754505,8.9939815e-05,0.00057997036,6.3912725e-05,0.0020681582
pbmc4k_GGGTTGCTCTGTCCGT-1,Classical monocytes,Classical monocytes,Classical monocytes,0.999671,True,0.00012608252,3.2949145e-05,3.4659704e-05,0.999671,2.0613563e-05,2.9560078e-05,2.7363592e-05,5.778229e-05
pbmc4k_GGTATTGAGTGTCCAT-1,IL7R+ memory/helper T cells,IL7R+ memory/helper T cells,IL7R+ memory/helper T cells,0.9627325,True,0.00016774266,0.0010052713,0.00032350054,0.00026106267,0.00032643383,0.9627325,0.00022878843,0.034954656
pbmc4k_GGTATTGCAACTGGCC-1,B cells,B cells,B cells,0.9978904,True,6.655299e-05,0.9978904,4.483099e-05,6.2613944e-05,6.144061e-05,0.00016833418,3.90898e-05,0.0016666914
pbmc4k_GGTATTGCAGCCTTGG-1,Cytotoxic CD8 T cells,Cytotoxic CD8 T cells,Cytotoxic CD8 T cells,0.997781,True,0.00010074659,0.00016962145,0.00012981982,9.3090006e-05,0.997781,0.001302554,0.0001252847,0.00029790137
pbmc4k_GGTATTGGTGAGGCTA-1,Classical monocytes,Classical monocytes,Classical monocytes,0.9982064,True,8.289591e-05,0.00022276063,0.00101639,0.9982064,8.3361905e-05,0.00018475432,0.00015040158,5.301368e-05
pbmc4k_GGTATTGGTGTCCTCT-1,Cytotoxic CD8 T cells,IL7R+ memory/helper T cells,IL7R+ memory/helper T cells,0.9569197,False,0.0013461439,0.0018162495,0.0014000498,0.0015171599,0.016265662,0.9569197,0.0013070893,0.019427918
pbmc4k_GGTATTGTCAGCTCTC-1,Activated/transitional T cells,Naive/resting T cells,Naive/resting T cells,0.8339695,False,0.072255716,0.006297161,0.004220652,0.006212781,0.0028660907,0.0692891,0.004888973,0.8339695
pbmc4k_GGTATTGTCCTCTAGC-1,Classical monocytes,Classical monocytes,Classical monocytes,0.99864763,True,4.0902334e-05,0.0003276757,0.0005795968,0.99864763,6.099634e-05,0.00023904913,7.696628e-05,2.7183525e-05
pbmc4k_GGTGAAGAGTACGATA-1,Classical monocytes,Classical monocytes,Classical monocytes,0.999376,True,3.3970868e-05,0.000113055605,0.00026138703,0.999376,3.396128e-05,9.081155e-05,4.969181e-05,4.1195723e-05
pbmc4k_GGTGAAGAGTCCATAC-1,Naive/resting T cells,Naive/resting T cells,Naive/resting T cells,0.97983575,True,0.002544453,0.002949024,0.0013072077,0.0018413938,0.0012797144,0.0088112205,0.0014312017,0.97983575
pbmc4k_GGTGAAGAGTCTTGCA-1,B cells,B cells,B cells,0.9993949,True,6.785364e-05,0.9993949,4.46267e-05,5.2067724e-05,2.2731287e-05,0.00021375593,3.2842272e-05,0.00017117869
pbmc4k_GGTGAAGCAGGCAGTA-1,B cells,B cells,B cells,0.99912983,True,5.7898083e-05,0.99912983,5.5618428e-05,6.5019194e-05,7.580187e-05,0.00016240707,4.7581176e-05,0.0004058692
pbmc4k_GGTGAAGCAGTAACGG-1,Cytotoxic CD8 T cells,Cytotoxic CD8 T cells,Cytotoxic CD8 T cells,0.9914555,True,0.00021006772,0.00024663314,0.00017779453,0.0001622281,0.9914555,0.0071830074,0.0002743753,0.0002903616
pbmc4k_GGTGAAGGTACCTACA-1,Activated/transitional T cells,Naive/resting T cells,Naive/resting T cells,0.9879787,False,0.0010839533,0.00060804817,0.00037442654,0.00056748884,0.00024192959,0.008822674,0.00032276,0.9879787
pbmc4k_GGTGAAGGTGTTGGGA-1,Activated/transitional T cells,Naive/resting T cells,Naive/resting T cells,0.988315,False,0.00010312861,0.00031322584,0.000169525,0.00024080233,0.0001633565,0.010556764,0.00013825214,0.988315
pbmc4k_GGTGAAGGTTGCGCAC-1,Naive/resting T cells,Naive/resting T cells,Naive/resting T cells,0.94770736,True,0.0044922926,0.0019636417,0.0009628192,0.0014215027,0.0016330132,0.040993612,0.000825784,0.94770736
pbmc4k_GGTGCGTAGCGCCTCA-1,NK cells,NK cells,NK cells,0.9371897,True,0.0027337496,0.001499994,0.001898917,0.001189279,0.05012106,0.0046515064,0.9371897,0.00071580947
pbmc4k_GGTGCGTCACGAGAGT-1,IL7R+ memory/helper T cells,IL7R+ memory/helper T cells,IL7R+ memory/helper T cells,0.99456376,True,0.00019036698,0.00045296014,0.00025733182,0.00024842794,0.0010604318,0.99456376,0.00024753634,0.0029792327
pbmc4k_GGTGCGTCATCGGACC-1,Activated/transitional T cells,Naive/resting T cells,Naive/resting T cells,0.9826652,False,0.00020426097,0.0006299612,0.0004020049,0.00040280967,0.00023360172,0.015194364,0.00026774986,0.9826652
pbmc4k_GGTGCGTGTTGCGTTA-1,Activated/transitional T cells,Naive/resting T cells,Naive/resting T cells,0.92819625,False,0.0003118145,0.00067758944,0.00026720692,0.00025629147,0.0004240871,0.069643684,0.00022301929,0.92819625
pbmc4k_GGTGCGTTCAAACCGT-1,IL7R+ memory/helper T cells,IL7R+ memory/helper T cells,IL7R+ memory/helper T cells,0.9976234,True,2.8405862e-05,0.00013053109,0.00011967507,0.0001027375,8.1852464e-05,0.9976234,6.1279476e-05,0.0018521802
pbmc4k_GGTGCGTTCGCAGGCT-1,Classical monocytes,Classical monocytes,Classical monocytes,0.9995376,True,6.441791e-05,7.406548e-05,5.6806715e-05,0.9995376,5.420219e-05,0.00011594549,3.3840803e-05,6.3214444e-05
pbmc4k_GGTGCGTTCTCGCTTG-1,IL7R+ memory/helper T cells,Naive/resting T cells,Naive/resting T cells,0.57228553,False,0.0020842925,0.006045254,0.0058305627,0.004444614,0.0027380227,0.4037164,0.0028553212,0.57228553
pbmc4k_GGTGTTAAGATCGATA-1,CD16+ non-classical monocytes,CD16+ non-classical monocytes,B cells,0.64147377,False,0.00042622266,0.64147377,0.31422237,0.037756395,0.0010263951,0.0031590858,0.0011637809,0.0007719706
pbmc4k_GGTGTTAAGCGTGAGT-1,Classical monocytes,Classical monocytes,Classical monocytes,0.9993425,True,3.351898e-05,0.00010410949,0.00012755604,0.9993425,5.0372535e-05,0.000214926,6.7030065e-05,5.998631e-05
pbmc4k_GGTGTTAAGCTAGCCC-1,Activated/transitional T cells,Naive/resting T cells,Naive/resting T cells,0.9774845,False,0.0003775285,0.0011059003,0.00056506647,0.00069656054,0.0005040998,0.018815326,0.00045100637,0.9774845
pbmc4k_GGTGTTACAATAACGA-1,Classical monocytes,Classical monocytes,Classical monocytes,0.9976907,True,4.820331e-05,0.0008454255,0.0006251053,0.9976907,0.000114982955,0.00035924517,0.00021793353,9.839554e-05
pbmc4k_GGTGTTACACTGAAGG-1,Activated/transitional T cells,Naive/resting T cells,Naive/resting T cells,0.9654755,False,0.00039673678,0.0010881184,0.00021380698,0.0003530988,0.00023641238,0.032043975,0.0001923275,0.9654755
pbmc4k_GGTGTTACATGCAATC-1,Classical monocytes,Classical monocytes,Classical monocytes,0.99905664,True,3.081767e-05,0.00024252001,0.00027559538,0.99905664,5.5227993e-05,0.00020006996,8.3469364e-05,5.5676282e-05
pbmc4k_GGTGTTAGTGATGCCC-1,IL7R+ memory/helper T cells,IL7R+ memory/helper T cells,IL7R+ memory/helper T cells,0.99013853,True,0.00021085456,0.00071349414,0.00053533853,0.00050220283,0.0062555135,0.99013853,0.000546287,0.0010977675
pbmc4k_GGTGTTATCCTTTACA-1,B cells,B cells,B cells,0.6229467,True,0.0009987394,0.6229467,0.006880965,0.0025837526,0.1857779,0.16967687,0.0028718947,0.008263204
pbmc4k_GTAACGTAGAATGTGT-1,Activated/transitional T cells,Naive/resting T cells,Naive/resting T cells,0.9743405,False,0.016580706,0.0011996038,0.00073501706,0.0011033977,0.00067608414,0.0046171597,0.0007475722,0.9743405
pbmc4k_GTAACGTAGAGGTAGA-1,Cytotoxic CD8 T cells,Cytotoxic CD8 T cells,Cytotoxic CD8 T cells,0.8003564,True,0.0025671592,0.0015064963,0.0010974758,0.0011737898,0.8003564,0.012519863,0.1802059,0.00057297567
pbmc4k_GTAACGTCAATGTAAG-1,Classical monocytes,Classical monocytes,Classical monocytes,0.9996344,True,2.3357172e-05,5.9929083e-05,0.00017156344,0.9996344,2.1367681e-05,4.2230447e-05,2.7044736e-05,2.0104306e-05
pbmc4k_GTAACGTCACAGAGGT-1,NK cells,NK cells,NK cells,0.9992768,True,2.7884098e-05,2.9615567e-05,0.00032080186,4.182459e-05,0.000116835974,0.00017523323,0.9992768,1.0983341e-05
pbmc4k_GTAACGTCACCCATGG-1,Cytotoxic CD8 T cells,IL7R+ memory/helper T cells,Naive/resting T cells,0.62153965,False,0.0003333919,0.000675681,0.00051001494,0.00045202122,0.0057425927,0.3703603,0.00038633772,0.62153965
pbmc4k_GTAACGTTCAGTCCCT-1,Classical monocytes,Classical monocytes,Classical monocytes,0.92746925,True,0.0012658535,0.0130903935,0.047068533,0.92746925,0.0014535161,0.00542921,0.0024021335,0.0018210688
pbmc4k_GTAACGTTCCACGTGG-1,IL7R+ memory/helper T cells,IL7R+ memory/helper T cells,IL7R+ memory/helper T cells,0.94343626,True,0.00031096465,0.0015490889,0.0011120192,0.0009826514,0.0009337316,0.94343626,0.0006991312,0.05097614
pbmc4k_GTAACGTTCCTGCAGG-1,NK cells,Cytotoxic CD8 T cells,Cytotoxic CD8 T cells,0.675936,False,0.034060113,0.0059404103,0.012189714,0.0057930164,0.675936,0.029439503,0.22762008,0.009021198
pbmc4k_GTAACTGAGACTACAA-1,Activated/transitional T cells,Naive/resting T cells,Naive/resting T cells,0.9956191,False,0.00011804566,0.00018778349,0.000105886305,0.00015202763,0.00010304593,0.0036218504,9.22511e-05,0.9956191
pbmc4k_GTAACTGAGAGATGAG-1,Cytotoxic CD8 T cells,Cytotoxic CD8 T cells,Cytotoxic CD8 T cells,0.97528785,True,0.00041873203,0.000535208,0.000476473,0.00038879953,0.97528785,0.018747726,0.00038242698,0.0037627346
pbmc4k_GTAACTGCAGTATAAG-1,CD16+ non-classical monocytes,CD16+ non-classical monocytes,CD16+ non-classical monocytes,0.99767095,True,4.951992e-05,0.00049728795,0.99767095,0.00046295737,0.00018376664,0.0008383619,0.00022787854,6.922517e-05
pbmc4k_GTAACTGGTCGTGGCT-1,Cytotoxic CD8 T cells,Cytotoxic CD8 T cells,Cytotoxic CD8 T cells,0.9951095,True,0.00075075484,0.00030338546,0.00019459713,0.00027267777,0.9951095,0.0008285697,0.0017476886,0.0007927763
pbmc4k_GTAACTGGTCTCGTTC-1,NK cells,NK cells,NK cells,0.9937779,True,0.00032438434,0.00045359606,0.0004537304,0.00036855493,0.00392856,0.00060807914,0.9937779,8.521887e-05
pbmc4k_GTAACTGGTTGGACCC-1,Activated/transitional T cells,Naive/resting T cells,Naive/resting T cells,0.9208291,False,0.009999791,0.0041778977,0.0022277934,0.0030721435,0.008873022,0.04879756,0.0020226822,0.9208291
pbmc4k_GTAACTGTCATGTCCC-1,B cells,B cells,B cells,0.999223,True,1.5466669e-05,0.999223,2.9548044e-05,3.5765617e-05,2.214125e-05,8.5083884e-05,2.2166772e-05,0.00056678546
pbmc4k_GTAACTGTCCATGCTC-1,Activated/transitional T cells,IL7R+ memory/helper T cells,IL7R+ memory/helper T cells,0.8912703,False,0.00813998,0.0068551,0.0020022546,0.002722983,0.0011686233,0.8912703,0.0020861283,0.08575472
pbmc4k_GTAACTGTCCTATTCA-1,Classical monocytes,Classical monocytes,Classical monocytes,0.99971694,True,6.0934606e-05,3.1466785e-05,7.189574e-05,0.99971694,2.1946396e-05,3.42014e-05,2.6716827e-05,3.5840232e-05
pbmc4k_GTACGTAAGATCCCAT-1,Classical monocytes,Classical monocytes,Classical monocytes,0.9268714,True,0.001965182,0.00736409,0.05174154,0.9268714,0.0021814636,0.0029070943,0.0023440968,0.0046251044
pbmc4k_GTACGTAAGGCTAGCA-1,Cytotoxic CD8 T cells,Cytotoxic CD8 T cells,Cytotoxic CD8 T cells,0.8529522,True,0.00033544027,0.0006696957,0.0005083332,0.00048548277,0.8529522,0.12983075,0.0004967351,0.01472136
pbmc4k_GTACGTAAGGGTCTCC-1,Activated/transitional T cells,Naive/resting T cells,Naive/resting T cells,0.9956584,False,3.1671825e-05,9.615269e-05,8.5818996e-05,9.404999e-05,5.750976e-05,0.003922453,5.3997035e-05,0.9956584
pbmc4k_GTACGTAAGTACTTGC-1,IL7R+ memory/helper T cells,IL7R+ memory/helper T cells,IL7R+ memory/helper T cells,0.98211145,True,0.0043941066,0.0012454148,0.00084861426,0.00088439055,0.0024101944,0.98211145,0.0007781208,0.0073277173
pbmc4k_GTACGTACAACAACCT-1,Activated/transitional T cells,Naive/resting T cells,Naive/resting T cells,0.89482504,False,0.0013619431,0.0024606504,0.0013249366,0.0014605317,0.0015221775,0.09593456,0.0011101739,0.89482504
pbmc4k_GTACGTACACACGCTG-1,Activated/transitional T cells,Naive/resting T cells,Naive/resting T cells,0.8793883,False,0.00018271635,0.0020141252,0.00061294285,0.0007497195,0.0003957513,0.11619372,0.00046269648,0.8793883
pbmc4k_GTACGTACATCGGAAG-1,Cytotoxic CD8 T cells,Cytotoxic CD8 T cells,Cytotoxic CD8 T cells,0.99209327,True,0.00016203409,0.0002541297,0.00018221683,0.00016912582,0.99209327,0.006695991,0.00021550168,0.00022766963
pbmc4k_GTACGTAGTAAGTTCC-1,Classical monocytes,CD16+ non-classical monocytes,CD16+ non-classical monocytes,0.5440256,False,0.0048481235,0.09345005,0.5440256,0.19922037,0.019572454,0.07781087,0.012580494,0.048492044
pbmc4k_GTACGTAGTGTAAGTA-1,Classical monocytes,Classical monocytes,Classical monocytes,0.99675226,True,8.061282e-05,0.00044516442,0.0022356147,0.99675226,7.944649e-05,0.00019931175,0.00013676786,7.0839356e-05
pbmc4k_GTACGTATCAAACCAC-1,IL7R+ memory/helper T cells,IL7R+ memory/helper T cells,IL7R+ memory/helper T cells,0.94730014,True,0.0008550185,0.0011164036,0.000675823,0.0009243808,0.0008652869,0.94730014,0.0005485379,0.04771441
pbmc4k_GTACGTATCCCTCTTT-1,IL7R+ memory/helper T cells,IL7R+ memory/helper T cells,IL7R+ memory/helper T cells,0.9989882,True,4.5313962e-05,0.00011584708,9.350802e-05,8.804478e-05,6.597338e-05,0.9989882,8.761659e-05,0.00051545835
pbmc4k_GTACGTATCTCACATT-1,Classical monocytes,Classical monocytes,Classical monocytes,0.9985896,True,4.3310756e-05,0.00023050317,0.00040446463,0.9985896,0.00016468558,0.00026614784,0.00013063969,0.00017060188
pbmc4k_GTACGTATCTCGTATT-1,Classical monocytes,Classical monocytes,Classical monocytes,0.99945265,True,6.683133e-05,0.00013397117,0.00018603179,0.99945265,2.3053752e-05,7.110998e-05,3.9157116e-05,2.7220985e-05
pbmc4k_GTACGTATCTTCATGT-1,Activated/transitional T cells,Naive/resting T cells,Naive/resting T cells,0.99240136,False,0.0001664045,0.0005261621,0.00030467645,0.00030918382,0.00047359854,0.00557507,0.00024353435,0.99240136
pbmc4k_GTACTCCAGACGCTTT-1,Activated/transitional T cells,Naive/resting T cells,Naive/resting T cells,0.9270637,False,0.038401376,0.0063945916,0.002564781,0.0044228868,0.0034528952,0.0149005335,0.0027992653,0.9270637
pbmc4k_GTACTCCAGAGATGAG-1,IL7R+ memory/helper T cells,IL7R+ memory/helper T cells,IL7R+ memory/helper T cells,0.9169004,True,0.0018153718,0.0020342371,0.0011286077,0.0010297092,0.055511873,0.9169004,0.0009816217,0.020598175
pbmc4k_GTACTCCAGGATATAC-1,Cytotoxic CD8 T cells,Cytotoxic CD8 T cells,Cytotoxic CD8 T cells,0.99502337,True,0.00082727027,0.00031461383,0.00016374492,0.00016498119,0.99502337,0.0025425656,0.0006826728,0.00028081005
pbmc4k_GTACTCCCAATAACGA-1,Classical monocytes,Classical monocytes,Classical monocytes,0.999204,True,3.737931e-05,0.00015015856,0.00032675607,0.999204,3.881414e-05,0.000104498584,8.1295846e-05,5.7120873e-05
pbmc4k_GTACTCCCACGAGAGT-1,Cytotoxic CD8 T cells,Cytotoxic CD8 T cells,Cytotoxic CD8 T cells,0.9931277,True,0.00028216638,0.00034172297,0.00030127223,0.00025600582,0.9931277,0.002997586,0.002470313,0.00022328181
pbmc4k_GTACTCCGTGTGCGTC-1,Cytotoxic CD8 T cells,Activated/transitional T cells,Activated/transitional T cells,0.33733866,False,0.33733866,0.06546356,0.01812614,0.0284229,0.011622533,0.27536118,0.022332378,0.24133262
pbmc4k_GTACTCCGTTAGGGTG-1,Naive/resting T cells,Naive/resting T cells,Naive/resting T cells,0.99861836,True,7.528289e-05,0.00019353772,7.5092015e-05,0.00010605346,7.78587e-05,0.0007887281,6.506827e-05,0.99861836
pbmc4k_GTACTCCTCCGTCATC-1,IL7R+ memory/helper T cells,IL7R+ memory/helper T cells,IL7R+ memory/helper T cells,0.9698001,True,0.00031936067,0.0007633005,0.0003999031,0.0004005711,0.00068438525,0.9698001,0.00037152006,0.027260857
pbmc4k_GTACTTTAGTCCTCCT-1,CD16+ non-classical monocytes,CD16+ non-classical monocytes,CD16+ non-classical monocytes,0.99662507,True,6.596555e-05,0.0014583026,0.99662507,0.0005744785,0.00018922306,0.0005456973,0.00044400617,9.73061e-05
pbmc4k_GTACTTTCACGTCAGC-1,IL7R+ memory/helper T cells,IL7R+ memory/helper T cells,IL7R+ memory/helper T cells,0.8267113,True,0.0005760198,0.0017645481,0.001804365,0.0015031844,0.063843675,0.8267113,0.0010006923,0.102796264
pbmc4k_GTACTTTCACTAGTAC-1,Cytotoxic CD8 T cells,Cytotoxic CD8 T cells,Cytotoxic CD8 T cells,0.9876815,True,0.0006433294,0.00047625246,0.00032227818,0.00028371302,0.9876815,0.00602329,0.0043921657,0.0001775307
pbmc4k_GTACTTTCATGAAGTA-1,Activated/transitional T cells,Naive/resting T cells,Naive/resting T cells,0.9372482,False,0.0003069199,0.00052017125,0.00055583304,0.00034561273,0.00023192068,0.060525216,0.00026617036,0.9372482
pbmc4k_GTACTTTGTAACGACG-1,Classical monocytes,Classical monocytes,Classical monocytes,0.99974674,True,4.6164612e-05,4.810479e-05,5.230428e-05,0.99974674,1.0743769e-05,4.0804018e-05,2.5507801e-05,2.9578394e-05
pbmc4k_GTACTTTGTCGCTTCT-1,Classical monocytes,Classical monocytes,Classical monocytes,0.9989341,True,0.000102550504,0.00012421647,0.0003665026,0.9989341,7.218695e-05,0.0001678288,0.000109500594,0.00012316581
pbmc4k_GTACTTTTCCTGCTTG-1,Naive/resting T cells,Naive/resting T cells,Naive/resting T cells,0.9709383,True,0.0009090583,0.0010558383,0.0005027016,0.00076961843,0.00049260625,0.024906933,0.00042497442,0.9709383
pbmc4k_GTACTTTTCGAGCCCA-1,Activated/transitional T cells,Naive/resting T cells,Naive/resting T cells,0.8408129,False,0.009336856,0.0068548485,0.0035965235,0.0025345604,0.0020257512,0.13207817,0.0027603433,0.8408129
pbmc4k_GTACTTTTCGGATGTT-1,Cytotoxic CD8 T cells,Cytotoxic CD8 T cells,Cytotoxic CD8 T cells,0.9918833,True,0.0004191745,0.00040857244,0.0002968984,0.0003108802,0.9918833,0.0044360734,0.0002495583,0.0019954985
pbmc4k_GTAGGCCAGGATGGAA-1,Activated/transitional T cells,Naive/resting T cells,Naive/resting T cells,0.9757529,False,0.00023015383,0.00031996935,0.00022008103,0.00026923523,0.000117842574,0.022926448,0.00016337325,0.9757529
pbmc4k_GTAGGCCCACAGGTTT-1,Activated/transitional T cells,Naive/resting T cells,Naive/resting T cells,0.9805674,False,0.0002814705,0.0013321523,0.000342273,0.00035553376,0.0003189497,0.016492525,0.0003096666,0.9805674
pbmc4k_GTAGGCCCACCATCCT-1,Classical monocytes,Classical monocytes,Classical monocytes,0.99961287,True,2.1453794e-05,8.2507424e-05,7.092305e-05,0.99961287,1.0583413e-05,7.490481e-05,3.4321307e-05,9.243636e-05
pbmc4k_GTAGGCCCACTAGTAC-1,IL7R+ memory/helper T cells,IL7R+ memory/helper T cells,IL7R+ memory/helper T cells,0.9989035,True,5.203453e-05,0.00010480605,9.616333e-05,7.802605e-05,0.0001257922,0.9989035,6.927237e-05,0.00057034066
pbmc4k_GTAGGCCGTACGCTGC-1,Classical monocytes,Classical monocytes,Classical monocytes,0.9970968,True,4.4143686e-05,0.00028886774,0.0015488351,0.9970968,0.00015465973,0.0005187225,0.00026041336,8.7627515e-05
pbmc4k_GTAGGCCGTTCAGCGC-1,Cytotoxic CD8 T cells,Cytotoxic CD8 T cells,Cytotoxic CD8 T cells,0.9807386,True,0.0007282244,0.00029180647,0.00021765855,0.00019352806,0.9807386,0.017103234,0.00022570723,0.0005013046
pbmc4k_GTAGGCCGTTGTCTTT-1,Classical monocytes,Classical monocytes,Classical monocytes,0.9916387,True,0.00079500925,0.0010238804,0.0035788473,0.9916387,0.00033863893,0.00083192636,0.0011226423,0.0006702948
pbmc4k_GTAGGCCTCCAGTATG-1,Activated/transitional T cells,Naive/resting T cells,Naive/resting T cells,0.9809899,False,7.056794e-05,0.00029042517,0.00012563981,0.0001733482,0.0001521109,0.018098958,9.915032e-05,0.9809899
pbmc4k_GTAGGCCTCCATGAGT-1,Cytotoxic CD8 T cells,Cytotoxic CD8 T cells,Cytotoxic CD8 T cells,0.96736646,True,0.0011737696,0.00073976885,0.00046769256,0.0004747909,0.96736646,0.028684406,0.0003824556,0.0007106679
pbmc4k_GTAGTCAAGAAGCCCA-1,Classical monocytes,Classical monocytes,Classical monocytes,0.99968135,True,3.6424863e-05,9.090082e-05,4.6942583e-05,0.99968135,1.9393496e-05,4.8725313e-05,5.4726108e-05,2.1588698e-05
pbmc4k_GTAGTCAAGCGTAGTG-1,Activated/transitional T cells,Naive/resting T cells,Naive/resting T cells,0.6062357,False,0.0072946027,0.010204323,0.0063604396,0.00822283,0.036610007,0.31992766,0.0051444736,0.6062357
pbmc4k_GTAGTCAAGGGTCTCC-1,B cells,B cells,B cells,0.99842775,True,3.7996644e-05,0.99842775,3.8437312e-05,5.0169823e-05,3.511984e-05,0.00027132442,3.3161366e-05,0.0011060338
pbmc4k_GTAGTCACAAGCCGTC-1,Naive/resting T cells,IL7R+ memory/helper T cells,IL7R+ memory/helper T cells,0.85968065,False,0.0011296187,0.0021696985,0.0017139151,0.0015827621,0.010470292,0.85968065,0.0012842639,0.12196883
pbmc4k_GTAGTCACACGACGAA-1,Activated/transitional T cells,Naive/resting T cells,Naive/resting T cells,0.85013133,False,0.0004892452,0.0014706606,0.00088753307,0.0010914033,0.0013721181,0.14391908,0.0006386714,0.85013133
pbmc4k_GTAGTCACAGACAGGT-1,B cells,B cells,B cells,0.99836344,True,2.8321618e-05,0.99836344,2.725139e-05,3.6359193e-05,2.2282466e-05,0.00021712297,1.989327e-05,0.001285294
pbmc4k_GTAGTCATCACTTCAT-1,Activated/transitional T cells,Naive/resting T cells,Naive/resting T cells,0.9641431,False,0.0013358745,0.0010915044,0.0006452032,0.0009065638,0.000387381,0.030874357,0.00061607134,0.9641431
pbmc4k_GTAGTCATCCAGTATG-1,Classical monocytes,Classical monocytes,Classical monocytes,0.9969098,True,9.393105e-05,0.00028451197,0.00076761626,0.9969098,0.00019384129,0.0013427826,0.0002124468,0.00019509239
pbmc4k_GTAGTCATCTGTGCAA-1,Naive/resting T cells,Naive/resting T cells,Naive/resting T cells,0.6065518,True,0.0039236955,0.008035648,0.0039646686,0.0060610943,0.0034340909,0.36454126,0.0034877441,0.6065518
pbmc4k_GTATCTTAGGCTCAGA-1,Classical monocytes,Classical monocytes,Classical monocytes,0.9997335,True,4.116376e-05,3.5358327e-05,5.3425647e-05,0.9997335,1.3107771e-05,7.436051e-05,3.0975374e-05,1.8056426e-05
pbmc4k_GTATCTTAGTATTGGA-1,Naive/resting T cells,Naive/resting T cells,Naive/resting T cells,0.9730241,True,0.0037028827,0.0012806301,0.0006471956,0.0007081098,0.00070292497,0.019255461,0.0006786877,0.9730241
pbmc4k_GTATCTTAGTGTTAGA-1,Activated/transitional T cells,Naive/resting T cells,Naive/resting T cells,0.9694762,False,0.0012624555,0.0008336797,0.00052235037,0.0008622033,0.00043541467,0.026115466,0.00049226684,0.9694762
pbmc4k_GTATCTTAGTTGTAGA-1,Activated/transitional T cells,Naive/resting T cells,Naive/resting T cells,0.99207896,False,8.932683e-05,0.00015503717,0.00013452531,0.00013502222,0.00010852134,0.0072196303,7.900442e-05,0.99207896
pbmc4k_GTATCTTCAGATTGCT-1,Activated/transitional T cells,IL7R+ memory/helper T cells,Naive/resting T cells,0.7430151,False,0.0013926466,0.004167021,0.0022032799,0.002480337,0.0030303886,0.24137835,0.0023328445,0.7430151
pbmc4k_GTATCTTCAGGATCGA-1,NK cells,NK cells,NK cells,0.9988576,True,0.00016859041,4.902477e-05,6.31453e-05,5.0341136e-05,0.0006784223,0.00011387018,0.9988576,1.9039873e-05
pbmc4k_GTATCTTCATATGAGA-1,Classical monocytes,Classical monocytes,Classical monocytes,0.99946004,True,1.7393038e-05,0.00014477779,0.00020639041,0.99946004,3.181854e-05,5.4273194e-05,6.597389e-05,1.9365807e-05
pbmc4k_GTATCTTGTGTGAATA-1,Classical monocytes,Classical monocytes,Classical monocytes,0.9996685,True,3.7164416e-05,0.00010608897,4.1438874e-05,0.9996685,1.1254498e-05,3.30331e-05,1.8457331e-05,8.405393e-05
pbmc4k_GTATCTTGTTCGCTAA-1,Activated/transitional T cells,IL7R+ memory/helper T cells,IL7R+ memory/helper T cells,0.70846176,False,0.002799606,0.0029805442,0.0017409766,0.0016120631,0.0014433995,0.70846176,0.0015626082,0.27939907
pbmc4k_GTATCTTTCATCATTC-1,Cytotoxic CD8 T cells,Cytotoxic CD8 T cells,Cytotoxic CD8 T cells,0.87420493,True,0.00014980798,0.00043840703,0.00023354651,0.0002175069,0.87420493,0.12076592,0.00021503765,0.003774894
pbmc4k_GTATCTTTCCCAGGTG-1,Activated/transitional T cells,IL7R+ memory/helper T cells,IL7R+ memory/helper T cells,0.960543,False,0.00070082035,0.0014098512,0.0009123125,0.0011145378,0.00061699544,0.960543,0.0007664497,0.033936057
pbmc4k_GTATTCTAGAAAGTGG-1,Activated/transitional T cells,Naive/resting T cells,Naive/resting T cells,0.98245436,False,0.0015408234,0.00052423374,0.00036377046,0.00038593463,0.0013238124,0.013027829,0.00037922547,0.98245436
pbmc4k_GTATTCTAGGATGGAA-1,Activated/transitional T cells,Naive/resting T cells,Naive/resting T cells,0.922289,False,0.0011113959,0.0019910387,0.0011828581,0.0015017565,0.0005952675,0.07044301,0.0008856081,0.922289
pbmc4k_GTATTCTAGTATCTCG-1,Cytotoxic CD8 T cells,Cytotoxic CD8 T cells,Cytotoxic CD8 T cells,0.98715603,True,0.0022470243,0.0010972992,0.0006006938,0.0006355152,0.98715603,0.0057128337,0.0014033613,0.0011472655
pbmc4k_GTATTCTCAATCCGAT-1,Classical monocytes,Classical monocytes,Classical monocytes,0.9984425,True,3.0926232e-05,0.0001691015,0.000634497,0.9984425,8.256264e-05,0.00038422833,0.0001588489,9.736964e-05
pbmc4k_GTATTCTCACGTAAGG-1,IL7R+ memory/helper T cells,IL7R+ memory/helper T cells,IL7R+ memory/helper T cells,0.9927235,True,0.00023202719,0.00066769175,0.0005575141,0.0005683422,0.0018284175,0.9927235,0.00041014428,0.0030123882
pbmc4k_GTATTCTGTCCAGTAT-1,Activated/transitional T cells,Naive/resting T cells,Naive/resting T cells,0.81260574,False,0.0017761088,0.001851116,0.0014222659,0.0012927247,0.0011905375,0.1787658,0.0010957306,0.81260574
pbmc4k_GTATTCTGTCGACTGC-1,Classical monocytes,Classical monocytes,Classical monocytes,0.9995353,True,2.779068e-05,0.00013630271,0.00010709221,0.9995353,2.6195716e-05,0.00010782885,4.1237945e-05,1.827746e-05
pbmc4k_GTATTCTTCAAGAAGT-1,Cytotoxic CD8 T cells,IL7R+ memory/helper T cells,IL7R+ memory/helper T cells,0.91706127,False,0.0050903237,0.004474739,0.004395157,0.003500771,0.029762357,0.91706127,0.0032985485,0.03241685
pbmc4k_GTATTCTTCGTTTATC-1,Classical monocytes,Classical monocytes,Classical monocytes,0.9995266,True,1.9282468e-05,0.00011203094,0.00021079491,0.9995266,1.6191696e-05,3.560059e-05,3.4325316e-05,4.5159213e-05
pbmc4k_GTATTCTTCTGATACG-1,Classical monocytes,Classical monocytes,Classical monocytes,0.9938537,True,7.676931e-05,0.001394988,0.0029846134,0.9938537,0.00018563539,0.0010765173,0.00026512242,0.00016270303
pbmc4k_GTATTCTTCTTGCAAG-1,CD16+ non-classical monocytes,CD16+ non-classical monocytes,CD16+ non-classical monocytes,0.9972364,True,6.342738e-05,0.00056908745,0.9972364,0.0008125172,0.00016486473,0.00068890624,0.00025310076,0.00021167335
pbmc4k_GTCAAGTAGGGCTTGA-1,IL7R+ memory/helper T cells,IL7R+ memory/helper T cells,IL7R+ memory/helper T cells,0.9255496,True,0.0023222212,0.0028688859,0.0020748456,0.0028413974,0.0017859858,0.9255496,0.0016386884,0.06091829
pbmc4k_GTCAAGTCACACATGT-1,IL7R+ memory/helper T cells,IL7R+ memory/helper T cells,IL7R+ memory/helper T cells,0.9924413,True,0.0003184343,0.0011180254,0.0007474266,0.00069317233,0.0010560679,0.9924413,0.00062446017,0.00300115
pbmc4k_GTCAAGTCATCCAACA-1,Classical monocytes,Classical monocytes,Classical monocytes,0.99703395,True,8.666826e-05,0.0007634051,0.0008610656,0.99703395,0.00013159103,0.00062061497,0.0001977996,0.00030491521
pbmc4k_GTCAAGTGTGCAACGA-1,Classical monocytes,Classical monocytes,Classical monocytes,0.9964115,True,5.6816487e-05,0.00031396936,0.002171357,0.9964115,8.7112174e-05,0.00065302616,0.00013286417,0.00017331266
pbmc4k_GTCAAGTTCTAACTTC-1,Cytotoxic CD8 T cells,Cytotoxic CD8 T cells,Cytotoxic CD8 T cells,0.9569623,True,0.0011146343,0.0009885157,0.00064033095,0.00064213254,0.9569623,0.034409877,0.0007089224,0.0045332755
pbmc4k_GTCACAAAGGCAATTA-1,B cells,B cells,B cells,0.99919456,True,5.637341e-05,0.99919456,7.1676935e-05,9.057444e-05,6.405562e-05,9.8896904e-05,4.9735223e-05,0.00037418745
pbmc4k_GTCACAAAGTGGTAGC-1,CD16+ non-classical monocytes,CD16+ non-classical monocytes,CD16+ non-classical monocytes,0.99520373,True,0.00011023697,0.0013810914,0.99520373,0.0011855882,0.00049652765,0.0007916847,0.0005403534,0.00029079744
pbmc4k_GTCACAAAGTGTTAGA-1,Naive/resting T cells,IL7R+ memory/helper T cells,IL7R+ memory/helper T cells,0.6429897,False,0.0007273485,0.0015935629,0.0010291523,0.001058568,0.004923174,0.6429897,0.0008605699,0.34681794
pbmc4k_GTCACAACACATGACT-1,NK cells,NK cells,NK cells,0.9466941,True,0.0005301675,0.0010393013,0.003168419,0.00060135976,0.04310545,0.0043260157,0.9466941,0.0005352424
pbmc4k_GTCACAAGTATTCGTG-1,Classical monocytes,Classical monocytes,Classical monocytes,0.98352945,True,0.000118776996,0.0020041785,0.0016122543,0.98352945,0.00025887377,0.011848692,0.00027504275,0.00035275254
pbmc4k_GTCACAAGTTGCCTCT-1,Classical monocytes,Classical monocytes,Classical monocytes,0.99962664,True,2.4318786e-05,8.0209495e-05,0.00012674578,0.99962664,2.4426543e-05,3.494672e-05,2.622258e-05,5.6416236e-05
pbmc4k_GTCACAATCCGGGTGT-1,Classical monocytes,Classical monocytes,Classical monocytes,0.9994862,True,2.1148942e-05,0.00020360855,9.9610996e-05,0.9994862,3.321673e-05,8.57648e-05,3.626104e-05,3.414958e-05
pbmc4k_GTCACAATCGGAAACG-1,Activated/transitional T cells,Naive/resting T cells,Naive/resting T cells,0.9823111,False,0.01713841,0.00015046747,7.578935e-05,0.00013594354,5.35344e-05,6.601607e-05,6.873402e-05,0.9823111
pbmc4k_GTCACGGAGCGAAGGG-1,B cells,B cells,B cells,0.997724,True,3.390922e-05,0.997724,3.738458e-05,6.3207975e-05,2.0153258e-05,0.000110847584,3.6987818e-05,0.0019734693
pbmc4k_GTCACGGAGCGATCCC-1,Activated/transitional T cells,Naive/resting T cells,Naive/resting T cells,0.99027294,False,0.00035427336,0.00041237118,0.00011345697,0.00011082695,9.2832546e-05,0.008559745,8.359142e-05,0.99027294
pbmc4k_GTCACGGAGGGAGTAA-1,Cytotoxic CD8 T cells,Cytotoxic CD8 T cells,Cytotoxic CD8 T cells,0.9975776,True,0.0005757999,0.000181608,0.00015790902,0.0001652037,0.9975776,0.0006565659,0.00024523362,0.00044011005
pbmc4k_GTCACGGCAGATCTGT-1,B cells,B cells,B cells,0.9983284,True,1.1603589e-05,0.9983284,3.516417e-05,3.5666355e-05,3.286575e-05,0.000111906345,1.9868457e-05,0.001424513
pbmc4k_GTCACGGCAGCCTATA-1,Activated/transitional T cells,Naive/resting T cells,Naive/resting T cells,0.9201725,False,0.003581691,0.0015890339,0.0010666453,0.0016554324,0.0006896,0.070302755,0.00094239577,0.9201725
pbmc4k_GTCACGGCATCGATGT-1,B cells,B cells,B cells,0.99932694,True,1.9812454e-05,0.99932694,3.827851e-05,5.1135674e-05,1.7616874e-05,8.7602006e-05,3.5901696e-05,0.0004227814
pbmc4k_GTCACGGCATGTAAGA-1,Cytotoxic CD8 T cells,Cytotoxic CD8 T cells,Cytotoxic CD8 T cells,0.9251246,True,0.050886814,0.0013709947,0.0014113084,0.0018182391,0.9251246,0.00846792,0.0072665606,0.0036536104
pbmc4k_GTCACGGGTCAGCTAT-1,B cells,B cells,B cells,0.99939644,True,1.7227234e-05,0.99939644,3.6865727e-05,4.3477074e-05,2.5410258e-05,0.0001951051,2.5983463e-05,0.00025945195
pbmc4k_GTCACGGGTCCGAAGA-1,Cytotoxic CD8 T cells,Cytotoxic CD8 T cells,Cytotoxic CD8 T cells,0.9775384,True,0.0018491468,0.0012965819,0.0011492119,0.00089516246,0.9775384,0.011215075,0.004488615,0.0015677626
pbmc4k_GTCACGGTCAGCCTAA-1,Classical monocytes,Classical monocytes,Classical monocytes,0.9375588,True,0.0006506176,0.005186162,0.051235344,0.9375588,0.0010172935,0.0020660518,0.0018664468,0.00041924883
pbmc4k_GTCACGGTCAGTCAGT-1,NK cells,NK cells,NK cells,0.99541205,True,9.8758734e-05,0.00015715968,0.0002482522,0.00013651366,0.0023429212,0.0015802152,0.99541205,2.4129758e-05
pbmc4k_GTCATTTAGAGACGAA-1,Activated/transitional T cells,Naive/resting T cells,Naive/resting T cells,0.8667709,False,0.035105273,0.0030525394,0.0023065938,0.0030427796,0.0041556205,0.083486974,0.0020792938,0.8667709
pbmc4k_GTCATTTAGATGCCTT-1,B cells,B cells,B cells,0.9987686,True,2.415331e-05,0.9987686,4.3013068e-05,4.4427572e-05,2.1310565e-05,0.000219899,2.9070396e-05,0.0008494521
pbmc4k_GTCATTTAGCTATGCT-1,B cells,B cells,B cells,0.9937151,True,0.00031580648,0.9937151,0.00048649637,0.0004387718,0.00021829657,0.0017711143,0.00024995193,0.002804501
pbmc4k_GTCATTTAGGGAAACA-1,B cells,B cells,B cells,0.9985049,True,4.437828e-05,0.9985049,0.0001218882,7.8545854e-05,6.846769e-05,0.0005202681,6.9544454e-05,0.00059202453
pbmc4k_GTCATTTCATGATCCA-1,Activated/transitional T cells,Naive/resting T cells,Naive/resting T cells,0.9974426,False,0.00014666839,0.00032520818,0.00018766348,0.00027982905,0.000147122,0.0013336675,0.00013719688,0.9974426
pbmc4k_GTCATTTGTCTCAACA-1,B cells,B cells,B cells,0.9992223,True,5.7013996e-05,0.9992223,4.7340836e-05,8.089895e-05,3.1184714e-05,0.00024522713,4.2081163e-05,0.00027394554
pbmc4k_GTCATTTGTTGTGGCC-1,Naive/resting T cells,Naive/resting T cells,Naive/resting T cells,0.64637786,True,0.0010657446,0.0016307136,0.0010345621,0.0010868708,0.0008770557,0.34711722,0.00080995617,0.64637786
pbmc4k_GTCCTCAAGAGGTAGA-1,Classical monocytes,Classical monocytes,Classical monocytes,0.9991264,True,0.00018272344,0.00017669675,0.00024795937,0.9991264,3.982551e-05,8.966964e-05,0.000102246675,3.453807e-05
pbmc4k_GTCCTCAAGCCGCCTA-1,Naive/resting T cells,Naive/resting T cells,Naive/resting T cells,0.9782332,True,0.0032701523,0.0013849456,0.0005992967,0.0008663149,0.0003658543,0.014740652,0.0005395656,0.9782332
pbmc4k_GTCCTCACAAACCTAC-1,IL7R+ memory/helper T cells,IL7R+ memory/helper T cells,IL7R+ memory/helper T cells,0.8674195,True,0.0092391325,0.009688083,0.008947729,0.00954251,0.0048573418,0.8674195,0.0058365385,0.08446922
pbmc4k_GTCCTCACAATCGGTT-1,Classical monocytes,Classical monocytes,Classical monocytes,0.999408,True,0.0003571557,2.9606408e-05,7.441375e-05,0.999408,1.6747174e-05,5.654878e-05,4.178196e-05,1.579061e-05
pbmc4k_GTCCTCACACTCTGTC-1,Activated/transitional T cells,Naive/resting T cells,IL7R+ memory/helper T cells,0.55920607,False,0.009264528,0.0038155986,0.00312736,0.0047242288,0.0019978716,0.55920607,0.0033509927,0.41451332
pbmc4k_GTCCTCACAGAGTGTG-1,Activated/transitional T cells,Naive/resting T cells,Naive/resting T cells,0.88818437,False,0.00055618456,0.0041172835,0.0008718666,0.0009128191,0.0034101477,0.10112625,0.00082111853,0.88818437
pbmc4k_GTCCTCACATCGGGTC-1,Classical monocytes,Classical monocytes,Classical monocytes,0.99907124,True,4.6737183e-05,0.00038541856,0.0002541133,0.99907124,4.8181162e-05,7.947973e-05,8.17667e-05,3.3083204e-05
pbmc4k_GTCCTCAGTAAGTGGC-1,Naive/resting T cells,Naive/resting T cells,Naive/resting T cells,0.9960055,True,0.0005721389,0.00049356394,0.0003205421,0.00047774301,0.0002472808,0.0015813034,0.0003019692,0.9960055
pbmc4k_GTCCTCAGTACGCACC-1,Activated/transitional T cells,Naive/resting T cells,Naive/resting T cells,0.7323022,False,0.019716352,0.013243931,0.009700687,0.01302459,0.008805087,0.19199948,0.011207701,0.7323022
pbmc4k_GTCCTCAGTGCCTTGG-1,Activated/transitional T cells,Naive/resting T cells,Naive/resting T cells,0.9644997,False,0.0003444381,0.0011001414,0.0006964367,0.0008283201,0.0006840315,0.03132177,0.00052515435,0.9644997
pbmc4k_GTCCTCAGTTGAGTTC-1,Activated/transitional T cells,Naive/resting T cells,Naive/resting T cells,0.9875236,False,0.0033382187,0.0009858048,0.00043330452,0.00060801365,0.00029232437,0.0063126325,0.00050608936,0.9875236
pbmc4k_GTCCTCATCCCATTAT-1,Naive/resting T cells,Naive/resting T cells,Naive/resting T cells,0.9775123,True,0.00050845376,0.0016994766,0.00043392752,0.00054609403,0.00059942645,0.018350396,0.0003499179,0.9775123
pbmc4k_GTCCTCATCTAAGCCA-1,IL7R+ memory/helper T cells,IL7R+ memory/helper T cells,IL7R+ memory/helper T cells,0.9991437,True,3.4071134e-05,0.00018025366,8.7505294e-05,7.523297e-05,8.149377e-05,0.9991437,7.695283e-05,0.0003207674
pbmc4k_GTCCTCATCTATCCTA-1,B cells,B cells,B cells,0.99945253,True,2.2398202e-05,0.99945253,2.9165774e-05,4.0987958e-05,1.93208e-05,0.00026397235,3.326138e-05,0.0001383184
pbmc4k_GTCCTCATCTGAGTGT-1,Cytotoxic CD8 T cells,IL7R+ memory/helper T cells,Activated/transitional T cells,0.33833328,False,0.33833328,0.017792111,0.015409026,0.017843854,0.07949002,0.2449192,0.015444837,0.2707677
pbmc4k_GTCCTCATCTTCAACT-1,Naive/resting T cells,Naive/resting T cells,Naive/resting T cells,0.95437515,True,0.00024910527,0.0009022344,0.0005616909,0.0006287616,0.00032522157,0.042548627,0.0004092226,0.95437515
pbmc4k_GTCGGGTCAAGCGATG-1,Cytotoxic CD8 T cells,Cytotoxic CD8 T cells,Cytotoxic CD8 T cells,0.9918283,True,0.0013765543,0.0005312128,0.00027340942,0.00026691932,0.9918283,0.0038736605,0.000964452,0.0008854467
pbmc4k_GTCGGGTCACGTTGGC-1,Classical monocytes,Classical monocytes,Classical monocytes,0.9981194,True,6.422513e-05,0.0003620381,0.0008164492,0.9981194,6.725923e-05,0.00033135022,0.00015811657,8.114127e-05
pbmc4k_GTCGGGTGTTCCACAA-1,Naive/resting T cells,Naive/resting T cells,Naive/resting T cells,0.8248899,True,0.0018896824,0.0017879604,0.00087396434,0.0009438316,0.0010598352,0.16769665,0.0008581899,0.8248899
pbmc4k_GTCGGGTTCTGCTTGC-1,B cells,B cells,B cells,0.9994935,True,7.0839145e-05,0.9994935,3.120338e-05,3.8060713e-05,2.6166455e-05,8.385876e-05,2.8092274e-05,0.0002282613
pbmc4k_GTCGTAAAGGTGTTAA-1,NK cells,NK cells,NK cells,0.9957918,True,0.00018823457,0.00014112808,0.0006579908,0.00013645274,0.0023632783,0.00069699856,0.9957918,2.412948e-05
pbmc4k_GTCGTAACAATGGAAT-1,Activated/transitional T cells,Naive/resting T cells,Naive/resting T cells,0.93837404,False,0.00026077704,0.00088949816,0.00055348204,0.0005765831,0.00056231767,0.058432464,0.0003508292,0.93837404
pbmc4k_GTCGTAAGTTTGGGCC-1,Classical monocytes,Classical monocytes,Classical monocytes,0.99714226,True,0.000116957905,0.00076249917,0.0010678585,0.99714226,9.548749e-05,0.00052341114,0.00020291169,8.8610635e-05
pbmc4k_GTCGTAATCCGAGCCA-1,Cytotoxic CD8 T cells,Cytotoxic CD8 T cells,Cytotoxic CD8 T cells,0.9344705,True,0.01130609,0.002933094,0.0022175203,0.002207647,0.9344705,0.040698938,0.0021537857,0.0040123975
pbmc4k_GTCTCGTAGTGCCATT-1,IL7R+ memory/helper T cells,Naive/resting T cells,Naive/resting T cells,0.7323335,False,0.0003757753,0.0009693508,0.0005815523,0.000643918,0.0007380156,0.2639597,0.0003982541,0.7323335
pbmc4k_GTCTCGTCAAACGCGA-1,Activated/transitional T cells,Naive/resting T cells,Naive/resting T cells,0.9426017,False,0.026942926,0.003214268,0.0020837497,0.003196419,0.009070407,0.009811021,0.0030795236,0.9426017
pbmc4k_GTCTCGTCAATGACCT-1,Classical monocytes,Classical monocytes,Classical monocytes,0.99953437,True,1.3917628e-05,8.295633e-05,0.00023168899,0.99953437,2.6622376e-05,6.180273e-05,2.5004065e-05,2.3705228e-05
pbmc4k_GTCTCGTGTTTCGCTC-1,Cytotoxic CD8 T cells,Cytotoxic CD8 T cells,Cytotoxic CD8 T cells,0.9912578,True,0.0031217106,0.00024101084,0.00022467937,0.00027592425,0.9912578,0.0038531756,0.0002699425,0.0007557466
pbmc4k_GTCTCGTTCAAAGACA-1,IL7R+ memory/helper T cells,IL7R+ memory/helper T cells,IL7R+ memory/helper T cells,0.99889416,True,4.0731364e-05,8.420119e-05,6.6335466e-05,6.5595836e-05,7.387457e-05,0.99889416,5.5523436e-05,0.00071962975
pbmc4k_GTCTCGTTCAACACGT-1,Cytotoxic CD8 T cells,IL7R+ memory/helper T cells,IL7R+ memory/helper T cells,0.93193406,False,0.00079937495,0.0018035817,0.0011236415,0.0009362009,0.05654706,0.93193406,0.0013646882,0.0054914043
pbmc4k_GTCTCGTTCAACCAAC-1,Classical monocytes,Classical monocytes,Classical monocytes,0.9981996,True,6.4444175e-05,0.00039360268,0.0008579403,0.9981996,6.299325e-05,0.00025097508,7.5289085e-05,9.517821e-05
pbmc4k_GTCTCGTTCATCTGTT-1,Activated/transitional T cells,Naive/resting T cells,Naive/resting T cells,0.85362,False,0.0007112055,0.002184393,0.0006368972,0.0012295081,0.0005283686,0.14049484,0.0005948408,0.85362
pbmc4k_GTCTCGTTCCCACTTG-1,Classical monocytes,Classical monocytes,Classical monocytes,0.9995778,True,1.1662538e-05,7.7334545e-05,0.00018229974,0.9995778,1.4681782e-05,9.14661e-05,2.773848e-05,1.6947335e-05
pbmc4k_GTCTCGTTCCTATGTT-1,NK cells,Cytotoxic CD8 T cells,Cytotoxic CD8 T cells,0.91361684,False,0.0012488817,0.008434785,0.0021906393,0.0020345196,0.91361684,0.0132245375,0.011350898,0.047898915
pbmc4k_GTCTCGTTCGCAGGCT-1,B cells,B cells,B cells,0.9880778,True,0.00032195094,0.9880778,0.00053575763,0.0004070276,0.0002876045,0.0007970065,0.00022720837,0.009345605
pbmc4k_GTCTCGTTCTACTCAT-1,Activated/transitional T cells,Naive/resting T cells,Naive/resting T cells,0.77615976,False,0.0013816678,0.002377574,0.0014996245,0.0025739747,0.0012274998,0.21334021,0.0014396862,0.77615976
pbmc4k_GTCTTCGAGGGCTCTC-1,B cells,B cells,B cells,0.9993418,True,1.6562493e-05,0.9993418,2.9881172e-05,4.1074512e-05,1.6948277e-05,4.934604e-05,2.5235408e-05,0.00047919134
pbmc4k_GTCTTCGCACATCTTT-1,B cells,B cells,B cells,0.9993136,True,1.624426e-05,0.9993136,5.4994984e-05,4.7788628e-05,3.1007105e-05,0.0002452009,3.72802e-05,0.0002538908
pbmc4k_GTCTTCGGTCTCTCTG-1,NK cells,NK cells,NK cells,0.9863302,True,0.00049870025,0.00045291745,0.0011671429,0.00040071367,0.008905899,0.0020403785,0.9863302,0.00020404808
pbmc4k_GTCTTCGGTGACTCAT-1,Cytotoxic CD8 T cells,Cytotoxic CD8 T cells,Cytotoxic CD8 T cells,0.99778384,True,9.009197e-05,0.00014155422,6.7829715e-05,6.367765e-05,0.99778384,0.0015182099,5.6360856e-05,0.00027849435
pbmc4k_GTCTTCGGTTCCACTC-1,Activated/transitional T cells,Naive/resting T cells,Naive/resting T cells,0.91743916,False,0.00040900844,0.0006182989,0.00049958064,0.00040220874,0.00029473208,0.079995595,0.00034135045,0.91743916
pbmc4k_GTCTTCGGTTCTGTTT-1,Activated/transitional T cells,Naive/resting T cells,Naive/resting T cells,0.99841917,False,0.0001753818,0.00013901894,0.000132955,9.755828e-05,0.00015438885,0.0007978783,8.36867e-05,0.99841917
pbmc4k_GTCTTCGTCAACGGCC-1,Classical monocytes,Classical monocytes,Classical monocytes,0.9686535,True,8.735445e-05,0.002206358,0.02779022,0.9686535,0.0001745406,0.0005725199,0.00037337403,0.00014215556
pbmc4k_GTCTTCGTCGATCCCT-1,IL7R+ memory/helper T cells,IL7R+ memory/helper T cells,IL7R+ memory/helper T cells,0.71353894,True,0.0016071001,0.0043722917,0.0038672371,0.0034641153,0.09459932,0.71353894,0.0029773617,0.1755736
pbmc4k_GTGAAGGAGACAAGCC-1,Cytotoxic CD8 T cells,IL7R+ memory/helper T cells,IL7R+ memory/helper T cells,0.9916797,False,0.00043520657,0.0011807824,0.0010744135,0.00095345755,0.0021009129,0.9916797,0.0008930302,0.0016824816
pbmc4k_GTGAAGGAGAGTAATC-1,B cells,B cells,B cells,0.99917006,True,1.2507032e-05,0.99917006,2.543558e-05,4.353144e-05,1.4945136e-05,0.00016368853,2.3552955e-05,0.0005462444
pbmc4k_GTGAAGGAGCCAGAAC-1,Classical monocytes,Classical monocytes,Classical monocytes,0.9951683,True,6.460835e-05,0.002000251,0.000735192,0.9951683,0.00029688113,0.0014002951,0.00016834249,0.00016617842
pbmc4k_GTGAAGGAGCTACCGC-1,Activated/transitional T cells,Naive/resting T cells,Naive/resting T cells,0.9937528,False,0.00011176706,0.00021768447,0.00016376963,0.0002513258,0.00023767358,0.0051172012,0.00014779613,0.9937528
pbmc4k_GTGAAGGAGGATGGAA-1,Activated/transitional T cells,Naive/resting T cells,Naive/resting T cells,0.63486147,False,0.045487102,0.0150869405,0.01016919,0.011513784,0.007444638,0.2646051,0.010831775,0.63486147
pbmc4k_GTGAAGGAGTGCAAGC-1,Classical monocytes,Classical monocytes,Classical monocytes,0.99921775,True,4.683453e-05,0.00013259581,0.00018818169,0.99921775,4.26169e-05,0.00016195996,0.00010530617,0.00010479124
pbmc4k_GTGAAGGCAATAGAGT-1,Naive/resting T cells,Naive/resting T cells,Naive/resting T cells,0.92306614,True,0.00015824565,0.00040238467,0.00029312243,0.0003981867,0.0004015149,0.075087056,0.00019334101,0.92306614
pbmc4k_GTGAAGGCACCCTATC-1,Naive/resting T cells,Naive/resting T cells,Naive/resting T cells,0.990703,True,0.0012167733,0.0005377748,0.00046074003,0.00043662864,0.00042092765,0.005913659,0.00031052032,0.990703
pbmc4k_GTGAAGGGTGATGTGG-1,IL7R+ memory/helper T cells,IL7R+ memory/helper T cells,IL7R+ memory/helper T cells,0.99805593,True,0.0001290152,0.0003825421,0.00038805482,0.00035638994,0.00023477082,0.99805593,0.0003881307,6.524644e-05
pbmc4k_GTGAAGGGTTGGTGGA-1,IL7R+ memory/helper T cells,IL7R+ memory/helper T cells,IL7R+ memory/helper T cells,0.9338542,True,0.014790847,0.008634552,0.010765969,0.0044598067,0.005234859,0.9338542,0.0048906663,0.017369056
pbmc4k_GTGAAGGTCCACGTGG-1,Classical monocytes,Classical monocytes,Classical monocytes,0.99854136,True,5.2478452e-05,0.0005236514,0.00033426678,0.99854136,7.7569806e-05,0.00028657223,0.00013973862,4.4410597e-05
pbmc4k_GTGAAGGTCGTCACGG-1,Cytotoxic CD8 T cells,Cytotoxic CD8 T cells,Cytotoxic CD8 T cells,0.98704535,True,0.0015016526,0.00074149785,0.0003082815,0.00034036743,0.98704535,0.0077452203,0.00032681288,0.0019908014
pbmc4k_GTGCAGCAGCGTCTAT-1,Classical monocytes,Classical monocytes,Classical monocytes,0.9993986,True,6.0961753e-05,7.631484e-05,0.00010473037,0.9993986,3.2420943e-05,9.2314025e-05,6.4073836e-05,0.0001705931
pbmc4k_GTGCAGCAGCTTTGGT-1,IL7R+ memory/helper T cells,IL7R+ memory/helper T cells,IL7R+ memory/helper T cells,0.9987412,True,5.8299567e-05,0.00026304089,0.0003352537,0.00015825914,0.00016297323,0.9987412,0.00019533935,8.5679945e-05
pbmc4k_GTGCAGCCACTTAAGC-1,Activated/transitional T cells,Naive/resting T cells,Naive/resting T cells,0.92732,False,0.0012467758,0.0011443127,0.00078684255,0.0011618615,0.00054374995,0.06702096,0.000775537,0.92732
pbmc4k_GTGCAGCCAGGCAGTA-1,Cytotoxic CD8 T cells,Cytotoxic CD8 T cells,Cytotoxic CD8 T cells,0.8054009,True,0.00085353083,0.001730224,0.00045314708,0.00043889016,0.8054009,0.18951848,0.0005040728,0.0011007091
pbmc4k_GTGCAGCCATGCGCAC-1,B cells,B cells,B cells,0.9993944,True,4.6140955e-05,0.9993944,3.964919e-05,5.765194e-05,3.2103628e-05,0.0002063749,3.103559e-05,0.00019266953
pbmc4k_GTGCAGCCATTCGACA-1,Cytotoxic CD8 T cells,Cytotoxic CD8 T cells,Cytotoxic CD8 T cells,0.99468404,True,0.00056904013,0.00041081046,0.00023895066,0.00029879005,0.99468404,0.0024334283,0.00032174846,0.001043189
pbmc4k_GTGCAGCGTGACGGTA-1,Cytotoxic CD8 T cells,Cytotoxic CD8 T cells,Cytotoxic CD8 T cells,0.9900739,True,0.00019530332,0.00021419047,0.00015986014,0.00017687415,0.9900739,0.008521559,0.0004075392,0.00025077033
pbmc4k_GTGCAGCTCAAGGTAA-1,NK cells,Cytotoxic CD8 T cells,Cytotoxic CD8 T cells,0.929257,False,0.0018640334,0.0040420685,0.008790333,0.003901957,0.929257,0.014108541,0.0046471837,0.033388868
pbmc4k_GTGCAGCTCAGTTAGC-1,B cells,B cells,B cells,0.99920756,True,2.4055878e-05,0.99920756,4.4918987e-05,4.7885285e-05,2.8932429e-05,7.071819e-05,3.1865457e-05,0.00054415024
pbmc4k_GTGCAGCTCATACGGT-1,IL7R+ memory/helper T cells,IL7R+ memory/helper T cells,IL7R+ memory/helper T cells,0.99468684,True,0.000726553,0.0009766415,0.0005806675,0.0005401492,0.0009137845,0.99468684,0.00051131524,0.0010640253
pbmc4k_GTGCATAAGAACTCGG-1,B cells,B cells,B cells,0.9981634,True,9.5093834e-05,0.9981634,0.00010021245,0.00010158565,5.3101812e-05,0.00039337264,5.8225567e-05,0.0010350309
pbmc4k_GTGCATAAGCTAAGAT-1,Activated/transitional T cells,Naive/resting T cells,IL7R+ memory/helper T cells,0.71770984,False,0.0011337087,0.0017549256,0.0009346736,0.0008471262,0.0011569427,0.71770984,0.0007440864,0.27571863
pbmc4k_GTGCATAAGGACGAAA-1,IL7R+ memory/helper T cells,IL7R+ memory/helper T cells,IL7R+ memory/helper T cells,0.99679023,True,0.000105568055,0.0003144244,0.00023893995,0.00016042143,0.0002212022,0.99679023,0.00013541523,0.00203379
pbmc4k_GTGCATAGTAAGAGGA-1,B cells,B cells,B cells,0.99936694,True,1.8131012e-05,0.99936694,4.128443e-05,4.2751824e-05,1.7526416e-05,0.00014239251,2.506163e-05,0.00034597717
pbmc4k_GTGCGGTAGACGACGT-1,Activated/transitional T cells,Naive/resting T cells,Naive/resting T cells,0.86073023,False,0.001991502,0.004237038,0.0025653683,0.0036023925,0.0020364372,0.122776605,0.0020604667,0.86073023
pbmc4k_GTGCGGTCAATCGGTT-1,NK cells,NK cells,NK cells,0.9957515,True,0.0001628863,0.00017958395,0.00052016025,0.0001688793,0.002053105,0.0010948415,0.9957515,6.9074136e-05
pbmc4k_GTGCGGTCATCCGGGT-1,CD16+ non-classical monocytes,CD16+ non-classical monocytes,CD16+ non-classical monocytes,0.99602157,True,0.000109004155,0.0012368092,0.99602157,0.00048524968,0.00024496226,0.00125387,0.00051822915,0.00013038327
pbmc4k_GTGCGGTGTAAGTAGT-1,B cells,B cells,B cells,0.9991684,True,9.641107e-05,0.9991684,8.651255e-05,5.865668e-05,4.3096486e-05,0.0003147372,6.936896e-05,0.00016287665
pbmc4k_GTGCGGTTCTAACTGG-1,Activated/transitional T cells,IL7R+ memory/helper T cells,Naive/resting T cells,0.60220826,False,0.0035995143,0.0032201682,0.002441246,0.002548399,0.0019972725,0.38241267,0.0015724559,0.60220826
pbmc4k_GTGCTTCAGACTTGAA-1,B cells,B cells,B cells,0.997664,True,8.804142e-05,0.997664,3.6431702e-05,4.1487798e-05,2.671704e-05,8.129326e-05,2.734926e-05,0.0020347026
pbmc4k_GTGCTTCAGCCCAGCT-1,Classical monocytes,Classical monocytes,Classical monocytes,0.9993119,True,1.3120775e-05,6.949235e-05,0.00034004753,0.9993119,2.0951868e-05,0.00015799011,6.196246e-05,2.4509329e-05
pbmc4k_GTGCTTCCACCACGTG-1,IL7R+ memory/helper T cells,IL7R+ memory/helper T cells,IL7R+ memory/helper T cells,0.9833783,True,0.00018905013,0.0004353391,0.000287998,0.00029393547,0.00025992832,0.9833783,0.00025636287,0.014899108
pbmc4k_GTGCTTCCAGCTGTAT-1,Naive/resting T cells,Naive/resting T cells,Naive/resting T cells,0.99458224,True,8.207013e-05,0.00041223536,0.00014058962,0.00016457876,0.00010627796,0.0044064126,0.000105556755,0.99458224
pbmc4k_GTGCTTCCAGGGTTAG-1,Activated/transitional T cells,Naive/resting T cells,Naive/resting T cells,0.9927529,False,0.00041829312,0.0004650838,0.00032130853,0.00037458632,0.00023496877,0.005190681,0.00024222181,0.9927529
pbmc4k_GTGCTTCGTTCCCTTG-1,Naive/resting T cells,Naive/resting T cells,Naive/resting T cells,0.61433244,True,0.0012111473,0.0026794756,0.0016193632,0.0016978543,0.0018817682,0.37517217,0.0014057789,0.61433244
pbmc4k_GTGCTTCGTTGTCTTT-1,IL7R+ memory/helper T cells,IL7R+ memory/helper T cells,IL7R+ memory/helper T cells,0.94027615,True,9.93932e-05,0.00062759366,0.00041723883,0.0003821051,0.00022234514,0.94027615,0.00021740237,0.057757754
pbmc4k_GTGCTTCTCCACTGGG-1,B cells,B cells,B cells,0.99905246,True,3.1657586e-05,0.99905246,5.8831378e-05,7.579832e-05,3.2837408e-05,0.00017316802,5.9353784e-05,0.0005159021
pbmc4k_GTGCTTCTCTTAGCCC-1,B cells,B cells,B cells,0.99943656,True,3.900837e-05,0.99943656,5.1134066e-05,5.6715722e-05,4.8976664e-05,9.672331e-05,3.6967973e-05,0.00023384675
pbmc4k_GTGGGTCAGACCCACC-1,Classical monocytes,Classical monocytes,Classical monocytes,0.9995134,True,2.7751405e-05,3.5743342e-05,0.00014152116,0.9995134,2.1466742e-05,0.00020734328,4.2665582e-05,1.01283895e-05
pbmc4k_GTGGGTCAGACTAAGT-1,Activated/transitional T cells,Naive/resting T cells,Naive/resting T cells,0.88650966,False,0.078313954,0.006129766,0.006390165,0.0041786525,0.0049940003,0.010002112,0.0034817373,0.88650966
pbmc4k_GTGGGTCAGAGAACAG-1,Classical monocytes,Classical monocytes,Classical monocytes,0.995673,True,0.00021946843,0.00077223836,0.0006731431,0.995673,0.00028662378,0.0018139245,0.000335093,0.0002264254
pbmc4k_GTGGGTCAGTACGATA-1,B cells,B cells,B cells,0.99850595,True,5.911129e-05,0.99850595,5.3146487e-05,5.932573e-05,3.313115e-05,0.0003211088,3.664351e-05,0.00093159114
pbmc4k_GTGGGTCCAGCTCGAC-1,Cytotoxic CD8 T cells,Cytotoxic CD8 T cells,Cytotoxic CD8 T cells,0.99134165,True,0.0009746928,0.00075345114,0.0003540091,0.00039409418,0.99134165,0.002063047,0.0026923914,0.0014266669
pbmc4k_GTGGGTCCATACGCCG-1,B cells,B cells,B cells,0.99906427,True,7.6704564e-05,0.99906427,5.777928e-05,7.293405e-05,5.6712386e-05,0.0001868004,4.0587143e-05,0.00044422015
pbmc4k_GTGGGTCGTCAGAGGT-1,Classical monocytes,Classical monocytes,Classical monocytes,0.99881184,True,0.00014791482,0.00015078888,0.00050203654,0.99881184,6.5915316e-05,6.668347e-05,0.00017759208,7.721737e-05
pbmc4k_GTGGGTCGTCCGAAGA-1,Classical monocytes,Classical monocytes,Classical monocytes,0.99956983,True,1.2886358e-05,4.6730685e-05,0.00010119775,0.99956983,2.2318734e-05,0.00017061795,3.970951e-05,3.6748064e-05
pbmc4k_GTGGGTCGTTCGTGAT-1,IL7R+ memory/helper T cells,IL7R+ memory/helper T cells,IL7R+ memory/helper T cells,0.9443743,True,0.00018990082,0.0008746441,0.0006358479,0.00065591524,0.013653685,0.9443743,0.0005014592,0.03911424
pbmc4k_GTGGGTCTCTGATTCT-1,Cytotoxic CD8 T cells,Cytotoxic CD8 T cells,Cytotoxic CD8 T cells,0.9948596,True,0.0002802422,0.0002485227,0.00018326033,0.0002104726,0.9948596,0.003444368,0.00015131896,0.0006222475
pbmc4k_GTGTGCGAGTACGATA-1,Activated/transitional T cells,Naive/resting T cells,Naive/resting T cells,0.9627212,False,0.00014424465,0.0005741189,0.00020970346,0.00030698767,0.00015745552,0.03568992,0.0001962981,0.9627212
pbmc4k_GTGTGCGGTAGCTTGT-1,IL7R+ memory/helper T cells,IL7R+ memory/helper T cells,IL7R+ memory/helper T cells,0.8689899,True,0.00022251804,0.001407828,0.0004742779,0.00066191773,0.000618258,0.8689899,0.0003718887,0.12725344
pbmc4k_GTGTGCGGTCCTAGCG-1,Activated/transitional T cells,Naive/resting T cells,Naive/resting T cells,0.942803,False,0.0021753297,0.00084876386,0.00055371353,0.00062415004,0.00036236722,0.05214785,0.00048476685,0.942803
pbmc4k_GTGTGCGTCGAGAGCA-1,Activated/transitional T cells,Naive/resting T cells,Naive/resting T cells,0.9635578,False,0.00499095,0.0035770563,0.0020506722,0.0030411459,0.001651578,0.019400455,0.0017302894,0.9635578
pbmc4k_GTGTGCGTCGGCTTGG-1,B cells,B cells,B cells,0.9995796,True,2.6981788e-05,0.9995796,3.1574342e-05,4.815614e-05,2.2821489e-05,8.161069e-05,2.8914621e-05,0.00018033918
pbmc4k_GTGTGCGTCTAACTGG-1,IL7R+ memory/helper T cells,IL7R+ memory/helper T cells,IL7R+ memory/helper T cells,0.99738246,True,5.838105e-05,0.00025148428,0.0002031488,0.00013621294,9.189929e-05,0.99738246,0.00010569195,0.0017707136
pbmc4k_GTGTTAGAGTCAAGGC-1,Activated/transitional T cells,Naive/resting T cells,Naive/resting T cells,0.7641857,False,0.004432238,0.0026265678,0.001965053,0.0019186495,0.0017693668,0.22143804,0.0016643647,0.7641857
pbmc4k_GTGTTAGCAAACAACA-1,B cells,B cells,B cells,0.9962024,True,0.00017940193,0.9962024,0.00013628254,0.00018537535,8.781215e-05,0.0004931655,0.00010792635,0.0026076206
pbmc4k_GTGTTAGCATCACCCT-1,B cells,B cells,B cells,0.99107707,True,0.00026730154,0.99107707,0.00022142901,0.0010792664,0.00024332722,0.00089876365,0.00019871838,0.006014119
pbmc4k_GTGTTAGTCACGCATA-1,Classical monocytes,Classical monocytes,Classical monocytes,0.99914193,True,0.00015242607,0.00014830814,0.00026537807,0.99914193,6.5132816e-05,7.720681e-05,9.663312e-05,5.3002925e-05
pbmc4k_GTGTTAGTCGCGGATC-1,Activated/transitional T cells,Naive/resting T cells,Naive/resting T cells,0.8921397,False,0.0003163534,0.001079994,0.00064643635,0.0006592575,0.0006676619,0.103934646,0.00055599556,0.8921397
pbmc4k_GTGTTAGTCGGCGGTT-1,Classical monocytes,Classical monocytes,Classical monocytes,0.99892455,True,3.761116e-05,0.000110100715,0.0005012646,0.99892455,4.27676e-05,0.00024710794,0.00010292811,3.361557e-05
pbmc4k_GTTAAGCAGTGAACGC-1,Classical monocytes,Classical monocytes,Classical monocytes,0.99954957,True,2.4075844e-05,6.516448e-05,0.00016947382,0.99954957,2.4508263e-05,7.086515e-05,4.542213e-05,5.088551e-05
pbmc4k_GTTAAGCAGTGAAGAG-1,Classical monocytes,Classical monocytes,Classical monocytes,0.9926602,True,0.0001399947,0.0027914187,0.0029858903,0.9926602,0.00020314366,0.00061886554,0.00036538686,0.00023505844
pbmc4k_GTTAAGCCAATCCGAT-1,Activated/transitional T cells,Naive/resting T cells,Naive/resting T cells,0.9807531,False,0.015677577,0.0003299175,0.00019608074,0.00031880877,0.00018596093,0.002313914,0.00022463067,0.9807531
pbmc4k_GTTAAGCGTCGCATAT-1,IL7R+ memory/helper T cells,IL7R+ memory/helper T cells,IL7R+ memory/helper T cells,0.98808783,True,0.00020895008,0.00028865816,0.00022125163,0.00018976704,0.00013915666,0.98808783,0.0001613582,0.010703055
pbmc4k_GTTAAGCTCAATCACG-1,Activated/transitional T cells,Naive/resting T cells,Naive/resting T cells,0.9489619,False,0.00035027476,0.0010318778,0.0005442945,0.00068801397,0.00038492543,0.04755115,0.00048754681,0.9489619
pbmc4k_GTTACAGAGGTAGCCA-1,Cytotoxic CD8 T cells,Cytotoxic CD8 T cells,Cytotoxic CD8 T cells,0.80126745,True,0.0069984226,0.0024639028,0.0020965473,0.0017658421,0.80126745,0.01740754,0.16714914,0.0008511813
pbmc4k_GTTACAGAGTTATCGC-1,Classical monocytes,Classical monocytes,Classical monocytes,0.9955706,True,7.6054006e-05,0.00083631295,0.002058773,0.9955706,0.00024155626,0.00081726356,0.00033116856,6.8270274e-05
pbmc4k_GTTACAGGTCGCATCG-1,Cytotoxic CD8 T cells,Cytotoxic CD8 T cells,Cytotoxic CD8 T cells,0.749492,True,0.00030752912,0.00049740105,0.00037126467,0.00028451206,0.749492,0.24782665,0.00028801864,0.00093268836
pbmc4k_GTTACAGGTCGTGGCT-1,Naive/resting T cells,Naive/resting T cells,Naive/resting T cells,0.9903598,True,0.00031309866,0.0010168636,0.0003531871,0.00038122624,0.0004024542,0.006986383,0.00018692535,0.9903598
pbmc4k_GTTACAGGTCTCTTAT-1,Classical monocytes,Classical monocytes,Classical monocytes,0.99938047,True,4.045725e-05,9.090536e-05,0.0001674471,0.99938047,3.2072454e-05,0.00018870155,4.4878972e-05,5.505687e-05
pbmc4k_GTTACAGTCCGGCACA-1,Cytotoxic CD8 T cells,Cytotoxic CD8 T cells,Cytotoxic CD8 T cells,0.8817358,True,0.00017444171,0.00055220065,0.00053761614,0.00036916143,0.8817358,0.11497629,0.00035178228,0.001302714
pbmc4k_GTTCATTAGCTGTTCA-1,Activated/transitional T cells,Naive/resting T cells,Naive/resting T cells,0.6582597,False,0.0007477766,0.0019999652,0.0016240169,0.0012471569,0.0009906411,0.33402818,0.0011025461,0.6582597
pbmc4k_GTTCATTAGGGTGTGT-1,B cells,B cells,B cells,0.9991997,True,2.5734673e-05,0.9991997,6.803436e-05,8.175912e-05,5.492488e-05,0.00018360889,6.274437e-05,0.0003235067
pbmc4k_GTTCATTAGTTAACGA-1,B cells,B cells,B cells,0.99670094,True,6.131121e-05,0.99670094,0.00011568925,0.00013198348,7.462012e-05,0.001387807,7.7615e-05,0.001450001
pbmc4k_GTTCATTCAGGGTTAG-1,IL7R+ memory/helper T cells,IL7R+ memory/helper T cells,IL7R+ memory/helper T cells,0.9989089,True,0.000106709864,0.00019023906,0.0001318996,0.00015409144,0.00014122436,0.9989089,0.0001242093,0.00024274722
pbmc4k_GTTCATTCATCTCCCA-1,Activated/transitional T cells,Naive/resting T cells,Naive/resting T cells,0.89170843,False,0.0169872,0.0046905647,0.002850354,0.004306788,0.0025711711,0.07425516,0.0026303076,0.89170843
pbmc4k_GTTCATTTCGCCATAA-1,Classical monocytes,Classical monocytes,Classical monocytes,0.9980305,True,0.00019639877,0.0002902403,0.000480303,0.9980305,0.00017572296,0.00047190153,0.00015257149,0.00020231954
pbmc4k_GTTCGGGAGAGTCTGG-1,Activated/transitional T cells,IL7R+ memory/helper T cells,IL7R+ memory/helper T cells,0.8617161,False,0.0005154367,0.0029969946,0.0014987201,0.0018124868,0.0012448869,0.8617161,0.0011640363,0.12905137
pbmc4k_GTTCGGGCAAGTTAAG-1,B cells,B cells,B cells,0.99941623,True,5.0176695e-05,0.99941623,4.7259524e-05,7.1830254e-05,3.207201e-05,8.587713e-05,3.5027577e-05,0.00026151372
pbmc4k_GTTCGGGCAGATCTGT-1,NK cells,Cytotoxic CD8 T cells,Cytotoxic CD8 T cells,0.985788,False,0.0009274629,0.001218522,0.0007870374,0.000890586,0.985788,0.005526579,0.0037349977,0.0011268889
pbmc4k_GTTCGGGCAGTAGAGC-1,Activated/transitional T cells,Naive/resting T cells,Naive/resting T cells,0.9818304,False,0.0028275608,0.0012887584,0.0007197741,0.0013574065,0.0012675197,0.01005927,0.0006492641,0.9818304
pbmc4k_GTTCGGGCATCGATTG-1,Cytotoxic CD8 T cells,Cytotoxic CD8 T cells,Cytotoxic CD8 T cells,0.927125,True,0.001767688,0.0031851493,0.0007975166,0.00075564405,0.927125,0.05215481,0.00084915356,0.013365051
pbmc4k_GTTCGGGGTCATACTG-1,Activated/transitional T cells,Naive/resting T cells,Naive/resting T cells,0.87834984,False,0.00038432117,0.0011441652,0.00076110876,0.0009669028,0.00062299054,0.11715609,0.00061462744,0.87834984
pbmc4k_GTTCGGGGTCGAGATG-1,Activated/transitional T cells,Naive/resting T cells,Naive/resting T cells,0.9751922,False,0.0001262687,0.000554996,0.0002972261,0.00023394646,0.00031872594,0.023084536,0.00019215595,0.9751922
pbmc4k_GTTCGGGGTTAAGTAG-1,IL7R+ memory/helper T cells,IL7R+ memory/helper T cells,IL7R+ memory/helper T cells,0.99407744,True,0.00022652633,0.00042606067,0.00030895052,0.00030818538,0.0008051915,0.99407744,0.0002464538,0.0036012437
pbmc4k_GTTCGGGGTTCACCTC-1,Activated/transitional T cells,Naive/resting T cells,Naive/resting T cells,0.9374103,False,0.0042317878,0.0015903141,0.00136527,0.001409209,0.0011488221,0.05177365,0.0010706974,0.9374103
pbmc4k_GTTCGGGTCTTGAGAC-1,Classical monocytes,Classical monocytes,Classical monocytes,0.9980275,True,5.773986e-05,0.0004759486,0.0005899714,0.9980275,0.00017267851,0.0004830992,0.00013033749,6.2708255e-05
pbmc4k_GTTCTCGAGAAACGCC-1,IL7R+ memory/helper T cells,IL7R+ memory/helper T cells,IL7R+ memory/helper T cells,0.94627196,True,0.00030064542,0.0006384415,0.0002937734,0.0003127446,0.00032845399,0.94627196,0.00025696395,0.051597025
pbmc4k_GTTCTCGCACCAGCAC-1,IL7R+ memory/helper T cells,IL7R+ memory/helper T cells,IL7R+ memory/helper T cells,0.90598625,True,0.00014200465,0.0006793995,0.00045096414,0.00051411067,0.0003436134,0.90598625,0.0003236718,0.091560066
pbmc4k_GTTCTCGCACTAAGTC-1,Activated/transitional T cells,IL7R+ memory/helper T cells,IL7R+ memory/helper T cells,0.5995578,False,0.0013000364,0.001958166,0.0016109186,0.001395321,0.0011257769,0.5995578,0.0013325209,0.39171943
pbmc4k_GTTCTCGCATGCCTAA-1,Activated/transitional T cells,Naive/resting T cells,Naive/resting T cells,0.98009056,False,7.397335e-05,0.00038144275,0.00014564431,0.0001583166,0.00013693869,0.018886277,0.0001268503,0.98009056
pbmc4k_GTTCTCGGTCCTGCTT-1,CD16+ non-classical monocytes,CD16+ non-classical monocytes,CD16+ non-classical monocytes,0.9945229,True,0.00011491744,0.0010391172,0.9945229,0.0015673467,0.00035129843,0.0009914121,0.00047880533,0.00093420135
pbmc4k_GTTCTCGGTCTCACCT-1,Activated/transitional T cells,Naive/resting T cells,Naive/resting T cells,0.9599752,False,0.0002476903,0.00124092,0.0007160744,0.00058697996,0.0004980487,0.036305893,0.00042912888,0.9599752
pbmc4k_GTTCTCGGTGGCAAAC-1,IL7R+ memory/helper T cells,IL7R+ memory/helper T cells,IL7R+ memory/helper T cells,0.7689062,True,0.00022711627,0.00077336305,0.00050230266,0.000566999,0.0006765532,0.7689062,0.00033212276,0.22801533
pbmc4k_GTTCTCGTCACCGGGT-1,B cells,B cells,B cells,0.9990639,True,1.3432281e-05,0.9990639,3.170907e-05,3.643724e-05,2.2452294e-05,0.00026010873,2.3386825e-05,0.0005486125
pbmc4k_GTTCTCGTCTTGACGA-1,Cytotoxic CD8 T cells,Cytotoxic CD8 T cells,Cytotoxic CD8 T cells,0.9901922,True,0.0014091786,0.00041823994,0.0003110972,0.00041935386,0.9901922,0.0053970134,0.0010574207,0.0007955495
pbmc4k_GTTTCTAGTAAATGTG-1,Activated/transitional T cells,IL7R+ memory/helper T cells,IL7R+ memory/helper T cells,0.7701045,False,0.079010144,0.009234801,0.0070593753,0.0077972375,0.020172847,0.7701045,0.0077145,0.09890653
pbmc4k_GTTTCTAGTAAGTAGT-1,Activated/transitional T cells,Naive/resting T cells,Naive/resting T cells,0.95642406,False,0.0030797212,0.0027350443,0.0019337982,0.0026451708,0.002064071,0.029428609,0.0016895673,0.95642406
pbmc4k_TAAACCGAGATGCCTT-1,Cytotoxic CD8 T cells,Cytotoxic CD8 T cells,Cytotoxic CD8 T cells,0.9861865,True,0.0008093899,0.00050171383,0.00032673162,0.0004378125,0.9861865,0.010730808,0.00038949098,0.0006175786
pbmc4k_TAAACCGAGCTATGCT-1,Naive/resting T cells,Naive/resting T cells,Naive/resting T cells,0.9949551,True,0.00128098,0.000316505,0.00023174778,0.00029597915,0.00019490122,0.002540954,0.00018382618,0.9949551
pbmc4k_TAAACCGAGGCATTGG-1,Activated/transitional T cells,IL7R+ memory/helper T cells,IL7R+ memory/helper T cells,0.65566266,False,0.0005862775,0.003244574,0.00198446,0.002056364,0.001289989,0.65566266,0.0012365713,0.33393914
pbmc4k_TAAACCGCATGGTTGT-1,Cytotoxic CD8 T cells,IL7R+ memory/helper T cells,IL7R+ memory/helper T cells,0.96625614,False,0.0051380107,0.0017717872,0.0014690972,0.0012315712,0.017013488,0.96625614,0.0014462258,0.005673635
pbmc4k_TAAACCGGTAGCAAAT-1,IL7R+ memory/helper T cells,IL7R+ memory/helper T cells,IL7R+ memory/helper T cells,0.93687254,True,0.00027342932,0.001150663,0.00059007306,0.00052119675,0.0012718574,0.93687254,0.00049246906,0.058827706
pbmc4k_TAAACCGGTCTCACCT-1,IL7R+ memory/helper T cells,IL7R+ memory/helper T cells,IL7R+ memory/helper T cells,0.91153455,True,0.00044492693,0.0005747792,0.0002583485,0.0002672483,0.027270718,0.91153455,0.00022463223,0.05942478
pbmc4k_TAAACCGTCACATGCA-1,Classical monocytes,Classical monocytes,Classical monocytes,0.9992945,True,3.631139e-05,0.00016091682,0.00031250072,0.9992945,2.6787211e-05,5.597681e-05,6.819043e-05,4.483114e-05
pbmc4k_TAAACCGTCACTGGGC-1,Classical monocytes,Classical monocytes,Classical monocytes,0.9994357,True,4.3167547e-05,0.000117239215,0.00020461102,0.9994357,2.4355126e-05,0.000111602865,4.4604356e-05,1.8713192e-05
pbmc4k_TAAACCGTCCCGGATG-1,Classical monocytes,Classical monocytes,Classical monocytes,0.99940467,True,3.692268e-05,9.299152e-05,0.00017452729,0.99940467,3.6654812e-05,0.00012864075,9.106809e-05,3.447735e-05
pbmc4k_TAAGAGAAGCCGATTT-1,IL7R+ memory/helper T cells,IL7R+ memory/helper T cells,IL7R+ memory/helper T cells,0.9900738,True,0.0002569641,0.0008060861,0.00036713397,0.0003419527,0.0003268803,0.9900738,0.00029557405,0.0075316164
pbmc4k_TAAGAGAAGCTAACAA-1,Activated/transitional T cells,Naive/resting T cells,Naive/resting T cells,0.994228,False,0.00012910477,0.0007356186,0.00020558017,0.0002187678,0.00031100825,0.0040380447,0.00013387809,0.994228
pbmc4k_TAAGAGAAGCTGTCTA-1,Cytotoxic CD8 T cells,Naive/resting T cells,Naive/resting T cells,0.6464085,False,0.002206075,0.006400711,0.002938638,0.0030432888,0.018189976,0.3180755,0.002737311,0.6464085
pbmc4k_TAAGAGACACATTCGA-1,Classical monocytes,Classical monocytes,Classical monocytes,0.9954881,True,5.637234e-05,0.0007351236,0.0030129186,0.9954881,0.00012401259,0.000285376,0.00017867335,0.000119456505
pbmc4k_TAAGAGACACGTGAGA-1,Activated/transitional T cells,Naive/resting T cells,Naive/resting T cells,0.9829686,False,0.010279547,0.00075315835,0.00047159116,0.0007475606,0.00043535224,0.0037248414,0.0006193516,0.9829686
pbmc4k_TAAGAGAGTAGGGACT-1,Cytotoxic CD8 T cells,Cytotoxic CD8 T cells,Cytotoxic CD8 T cells,0.98943734,True,0.00029649746,0.0007570519,0.00051371654,0.00027390273,0.98943734,0.0055236295,0.002876564,0.00032125833
pbmc4k_TAAGAGAGTCTCGTTC-1,Activated/transitional T cells,IL7R+ memory/helper T cells,IL7R+ memory/helper T cells,0.87006825,False,0.0056623733,0.010342351,0.0036671418,0.005073628,0.0040397844,0.87006825,0.0039504087,0.09719604
pbmc4k_TAAGAGAGTGCCTGTG-1,Cytotoxic CD8 T cells,Cytotoxic CD8 T cells,Cytotoxic CD8 T cells,0.957862,True,0.0009678553,0.0017194775,0.0010183642,0.00068042136,0.957862,0.025417998,0.011428134,0.00090575323
pbmc4k_TAAGAGAGTGCTAGCC-1,Activated/transitional T cells,Naive/resting T cells,Naive/resting T cells,0.9929,False,6.071965e-05,0.00014866635,0.00011919958,0.00013418353,8.807997e-05,0.006474283,7.4903146e-05,0.9929
pbmc4k_TAAGAGAGTTCCGTCT-1,B cells,B cells,B cells,0.9986731,True,0.00020938265,0.9986731,9.12955e-05,0.00010075582,4.8110585e-05,0.0004083955,6.0853334e-05,0.0004080934
pbmc4k_TAAGAGATCGTAGGAG-1,Activated/transitional T cells,IL7R+ memory/helper T cells,IL7R+ memory/helper T cells,0.9665735,False,0.007330617,0.0026527627,0.0018479221,0.001680248,0.0018241798,0.9665735,0.0014167118,0.016674034
pbmc4k_TAAGCGTAGCTGAAAT-1,Cytotoxic CD8 T cells,Cytotoxic CD8 T cells,Cytotoxic CD8 T cells,0.98689157,True,0.00072294264,0.00048329012,0.00028710006,0.00028569807,0.98689157,0.0064101936,0.004607619,0.00031156512
pbmc4k_TAAGCGTAGTTTCCTT-1,Naive/resting T cells,Naive/resting T cells,Naive/resting T cells,0.8397911,True,0.0021493782,0.0015448058,0.00093206594,0.0010555407,0.00070880994,0.15277573,0.001042558,0.8397911
pbmc4k_TAAGCGTCACGTTGGC-1,Activated/transitional T cells,IL7R+ memory/helper T cells,Naive/resting T cells,0.7818194,False,0.0017488959,0.0039065736,0.0026034922,0.003872369,0.0014800527,0.20184796,0.0027212668,0.7818194
pbmc4k_TAAGCGTCACTGAAGG-1,Cytotoxic CD8 T cells,Cytotoxic CD8 T cells,Cytotoxic CD8 T cells,0.9907165,True,0.00092909083,0.0005291024,0.000428705,0.00039350087,0.9907165,0.004844397,0.0007316837,0.0014269275
pbmc4k_TAAGCGTCATCGATTG-1,IL7R+ memory/helper T cells,IL7R+ memory/helper T cells,IL7R+ memory/helper T cells,0.9967693,True,0.00012764822,0.0005610081,0.000499519,0.00030309582,0.0003675583,0.9967693,0.00025877386,0.0011130718
pbmc4k_TAAGCGTGTCCCGACA-1,Activated/transitional T cells,Naive/resting T cells,Naive/resting T cells,0.996784,False,0.000965493,0.00012660224,8.3077364e-05,0.00043365385,6.289611e-05,0.001468065,7.626625e-05,0.996784
pbmc4k_TAAGCGTTCACTTATC-1,IL7R+ memory/helper T cells,IL7R+ memory/helper T cells,IL7R+ memory/helper T cells,0.9382939,True,0.0013591148,0.0013830268,0.00095487834,0.0008996571,0.0016009241,0.9382939,0.00082781987,0.05468067
pbmc4k_TAAGCGTTCGCCGTGA-1,Activated/transitional T cells,Naive/resting T cells,Naive/resting T cells,0.97004557,False,0.019657962,0.0015513669,0.0010075028,0.0013906615,0.00091786153,0.0043559666,0.0010730347,0.97004557
pbmc4k_TAAGTGCAGCTGAAAT-1,Activated/transitional T cells,Naive/resting T cells,Naive/resting T cells,0.9893706,False,0.00022106967,0.0004771684,0.0002987392,0.00043161682,0.00025013954,0.008676115,0.00027451263,0.9893706
pbmc4k_TAAGTGCCACTGCCAG-1,Classical monocytes,Classical monocytes,Classical monocytes,0.9994205,True,2.9581433e-05,0.00013235788,0.00016577792,0.9994205,2.6871754e-05,9.1660375e-05,6.395132e-05,6.933936e-05
pbmc4k_TAAGTGCGTCCGTCAG-1,B cells,B cells,B cells,0.999456,True,2.2682241e-05,0.999456,3.3122597e-05,4.9760478e-05,2.5706464e-05,0.00014881839,2.9885043e-05,0.00023408937
pbmc4k_TAAGTGCTCGGTCTAA-1,B cells,B cells,B cells,0.9990275,True,4.941461e-05,0.9990275,4.2447286e-05,6.255922e-05,2.805835e-05,0.00041999377,4.0608065e-05,0.00032941616
pbmc4k_TACACGAAGGGTCTCC-1,Activated/transitional T cells,Naive/resting T cells,Naive/resting T cells,0.943307,False,0.00064990605,0.0014487783,0.0010889806,0.0008856804,0.0009844821,0.05092598,0.00070927443,0.943307
pbmc4k_TACACGAAGTAACCCT-1,B cells,B cells,B cells,0.99820614,True,3.7594073e-05,0.99820614,5.8777896e-05,6.7529116e-05,4.137857e-05,0.00041414873,3.777452e-05,0.0011366163
pbmc4k_TACACGACAAGCCTAT-1,Cytotoxic CD8 T cells,Cytotoxic CD8 T cells,Cytotoxic CD8 T cells,0.96703553,True,0.00017894253,0.00061640335,0.00033302847,0.00025755292,0.96703553,0.025958396,0.0018989351,0.0037211392
pbmc4k_TACACGACACGTCTCT-1,Cytotoxic CD8 T cells,Cytotoxic CD8 T cells,Cytotoxic CD8 T cells,0.9961687,True,0.00019392453,0.00023318174,0.0001888918,0.00012200401,0.9961687,0.002709635,0.0002141474,0.00016956682
pbmc4k_TACACGACATATACGC-1,Classical monocytes,Classical monocytes,Classical monocytes,0.9988475,True,4.921037e-05,0.00028756066,0.0005793687,0.9988475,3.005523e-05,0.000105151565,6.465449e-05,3.647322e-05
pbmc4k_TACACGAGTACCGTTA-1,B cells,B cells,B cells,0.99908257,True,6.3545645e-05,0.99908257,4.3188895e-05,4.9044833e-05,1.8559977e-05,0.00019137442,3.495456e-05,0.00051680283
pbmc4k_TACACGAGTGCACTTA-1,NK cells,IL7R+ memory/helper T cells,Cytotoxic CD8 T cells,0.51539177,False,0.0014001303,0.011585979,0.0064000785,0.0031804505,0.51539177,0.30486652,0.0048166085,0.15235847
pbmc4k_TACACGATCTAAGCCA-1,IL7R+ memory/helper T cells,IL7R+ memory/helper T cells,IL7R+ memory/helper T cells,0.87882006,True,0.0005162287,0.004753763,0.001505466,0.0016581413,0.0015104387,0.87882006,0.0009309782,0.11030497
pbmc4k_TACAGTGAGCCGTCGT-1,IL7R+ memory/helper T cells,IL7R+ memory/helper T cells,IL7R+ memory/helper T cells,0.9906612,True,7.747202e-05,0.0002289205,7.5372416e-05,8.031789e-05,0.00020282218,0.9906612,6.852679e-05,0.008605383
pbmc4k_TACAGTGAGTACGCCC-1,Activated/transitional T cells,Naive/resting T cells,Naive/resting T cells,0.98756254,False,0.00014428144,0.0004086226,0.00022651754,0.00021593749,0.000113030925,0.011196511,0.00013257004,0.98756254
pbmc4k_TACAGTGCAACTGGCC-1,Cytotoxic CD8 T cells,Cytotoxic CD8 T cells,Cytotoxic CD8 T cells,0.9819001,True,0.00031358862,0.0004487505,0.00041673495,0.00027949992,0.9819001,0.015775401,0.00070937903,0.00015662475
pbmc4k_TACAGTGCATACTCTT-1,Classical monocytes,Classical monocytes,Classical monocytes,0.99222296,True,8.856925e-05,0.0014062617,0.0044377665,0.99222296,0.00025658173,0.0010295345,0.0003532524,0.00020511764
pbmc4k_TACAGTGGTAAGTAGT-1,B cells,B cells,B cells,0.9994985,True,5.490108e-05,0.9994985,2.6058358e-05,4.019473e-05,1.6777722e-05,0.00014078569,2.299754e-05,0.00019976083
pbmc4k_TACAGTGGTATTACCG-1,B cells,B cells,B cells,0.9995202,True,2.2038821e-05,0.9995202,2.966015e-05,4.1555555e-05,1.7435455e-05,0.00014835947,2.1799142e-05,0.00019897764
pbmc4k_TACAGTGGTCGACTGC-1,Activated/transitional T cells,Naive/resting T cells,Naive/resting T cells,0.95931584,False,0.00059193646,0.0007393785,0.0003296873,0.0005222575,0.00026132396,0.037948016,0.00029153159,0.95931584
pbmc4k_TACAGTGGTTTGCATG-1,Cytotoxic CD8 T cells,Cytotoxic CD8 T cells,Cytotoxic CD8 T cells,0.9851163,True,0.00018509723,0.00023424873,0.00018990459,0.000181855,0.9851163,0.0058116647,0.00016635389,0.008114604
pbmc4k_TACAGTGTCCGCTGTT-1,Activated/transitional T cells,Naive/resting T cells,Naive/resting T cells,0.9872687,False,0.00013365338,0.00014598372,0.00012475628,0.0001426337,9.2375434e-05,0.01200059,9.124579e-05,0.9872687
pbmc4k_TACAGTGTCGTACCGG-1,Activated/transitional T cells,Naive/resting T cells,Naive/resting T cells,0.9103033,False,0.0013498911,0.0014756169,0.0012834609,0.0016182897,0.0008795754,0.08213541,0.0009544204,0.9103033
pbmc4k_TACCTATAGTGGTCCC-1,NK cells,Naive/resting T cells,Naive/resting T cells,0.5884939,False,0.0043308474,0.019229822,0.009707056,0.011449171,0.26530716,0.08969228,0.011789823,0.5884939
pbmc4k_TACCTATAGTTAACGA-1,CD16+ non-classical monocytes,CD16+ non-classical monocytes,CD16+ non-classical monocytes,0.9430115,True,0.00076672755,0.007393094,0.9430115,0.03907267,0.0027594548,0.0033936014,0.0020658227,0.0015370717
pbmc4k_TACCTATCACCAACCG-1,Activated/transitional T cells,Naive/resting T cells,Naive/resting T cells,0.9749766,False,0.0006440518,0.0012597793,0.00084265444,0.0012485508,0.0006048161,0.019589772,0.0008338275,0.9749766
pbmc4k_TACCTATCACGGACAA-1,Classical monocytes,Classical monocytes,Classical monocytes,0.9996044,True,5.7005836e-05,3.468289e-05,0.00010375887,0.9996044,1.5813865e-05,9.762343e-05,4.724422e-05,3.9548522e-05
pbmc4k_TACCTATCACGGATAG-1,IL7R+ memory/helper T cells,IL7R+ memory/helper T cells,IL7R+ memory/helper T cells,0.9294361,True,0.0019137462,0.005049046,0.0023524624,0.0025607888,0.03586333,0.9294361,0.0018957683,0.020928752
pbmc4k_TACCTATCAGATGGGT-1,IL7R+ memory/helper T cells,IL7R+ memory/helper T cells,IL7R+ memory/helper T cells,0.7600917,True,4.177051e-05,0.0003388258,0.00011165285,9.827493e-05,0.00018744111,0.7600917,8.2870705e-05,0.23904742
pbmc4k_TACCTATCATTGGGCC-1,Activated/transitional T cells,Naive/resting T cells,Naive/resting T cells,0.89174026,False,0.02099066,0.007902875,0.0051333825,0.0105709955,0.003455559,0.05463514,0.0055710864,0.89174026
pbmc4k_TACCTATGTCACACGC-1,Classical monocytes,Classical monocytes,Classical monocytes,0.9571,True,0.00047021906,0.004115864,0.03331052,0.9571,0.0008426681,0.0028424093,0.0009936198,0.00032470218
pbmc4k_TACCTATGTCCATGAT-1,CD16+ non-classical monocytes,CD16+ non-classical monocytes,CD16+ non-classical monocytes,0.9983644,True,2.7713713e-05,0.00079300173,0.9983644,0.00023468309,7.50916e-05,0.0002602945,0.00019327641,5.1569998e-05
pbmc4k_TACCTATGTCTTCGTC-1,IL7R+ memory/helper T cells,IL7R+ memory/helper T cells,IL7R+ memory/helper T cells,0.99422604,True,0.00023660393,0.0010656681,0.0008020954,0.001191494,0.0006855842,0.99422604,0.0012340421,0.00055854535
pbmc4k_TACCTATTCAGGCGAA-1,Classical monocytes,Classical monocytes,Classical monocytes,0.9997123,True,1.4602093e-05,6.78482e-05,4.711447e-05,0.9997123,1.3306011e-05,7.18865e-05,2.5389798e-05,4.7578775e-05
pbmc4k_TACCTATTCCAGAAGG-1,Activated/transitional T cells,IL7R+ memory/helper T cells,IL7R+ memory/helper T cells,0.5614571,False,0.00060520053,0.00209588,0.0014551814,0.0017170372,0.00081979035,0.5614571,0.001166193,0.43068364
pbmc4k_TACCTTAAGATGTGGC-1,B cells,B cells,B cells,0.9981437,True,3.238718e-05,0.9981437,7.960786e-05,5.877618e-05,3.2952277e-05,0.0005785308,3.6281537e-05,0.0010378106
pbmc4k_TACCTTAAGTGTGAAT-1,Classical monocytes,Classical monocytes,Classical monocytes,0.985225,True,0.000116148105,0.01249949,0.0006135039,0.985225,0.00013800692,0.0010339476,0.00012063483,0.0002532209
pbmc4k_TACCTTACAGAAGCAC-1,NK cells,NK cells,NK cells,0.75921845,True,0.00395195,0.004799415,0.008478712,0.0030832475,0.19330508,0.025413165,0.75921845,0.0017499416
pbmc4k_TACCTTACAGTGGGAT-1,IL7R+ memory/helper T cells,IL7R+ memory/helper T cells,Naive/resting T cells,0.5674137,False,0.0009916809,0.002208443,0.0010715441,0.0014562871,0.0007982725,0.42517158,0.00088850054,0.5674137
pbmc4k_TACCTTACATCCGGGT-1,B cells,B cells,B cells,0.9994759,True,0.00011572315,0.9994759,5.6195695e-05,4.298298e-05,4.279275e-05,0.00011170904,5.155661e-05,0.00010318518
pbmc4k_TACCTTAGTTACTGAC-1,CD16+ non-classical monocytes,CD16+ non-classical monocytes,CD16+ non-classical monocytes,0.99395645,True,0.00013167305,0.0008821713,0.99395645,0.0031581572,0.0004491753,0.0006449006,0.00037444095,0.00040299966
pbmc4k_TACCTTAGTTTCGCTC-1,IL7R+ memory/helper T cells,IL7R+ memory/helper T cells,IL7R+ memory/helper T cells,0.99866915,True,9.078895e-05,0.00017770698,0.00014697849,0.000115563824,0.0001407295,0.99866915,0.00014413979,0.00051494734
pbmc4k_TACCTTATCACCACCT-1,B cells,B cells,B cells,0.9993636,True,5.7100693e-05,0.9993636,2.9623789e-05,4.4328215e-05,2.1422687e-05,0.0001787223,2.64349e-05,0.00027873265
pbmc4k_TACCTTATCGATCCCT-1,Activated/transitional T cells,Naive/resting T cells,Naive/resting T cells,0.99737763,False,0.00016020413,0.00020048658,9.7993696e-05,0.00011206226,5.7053778e-05,0.0019287181,6.5924134e-05,0.99737763
pbmc4k_TACGGATAGAAACGAG-1,Classical monocytes,Classical monocytes,Classical monocytes,0.98624134,True,0.00010298134,0.0010968535,0.008760797,0.98624134,0.00026004174,0.0027188193,0.00048861746,0.00033053206
pbmc4k_TACGGATAGAAGGACA-1,Cytotoxic CD8 T cells,Cytotoxic CD8 T cells,Cytotoxic CD8 T cells,0.9821192,True,0.0022571974,0.00068243704,0.00072787906,0.00060601335,0.9821192,0.011628979,0.0013280938,0.00065023155
pbmc4k_TACGGATAGGTTCCTA-1,Cytotoxic CD8 T cells,Cytotoxic CD8 T cells,Cytotoxic CD8 T cells,0.9544517,True,0.02948292,0.003076933,0.0009417023,0.0012248566,0.9544517,0.0011926977,0.0012285974,0.008400609
pbmc4k_TACGGATCAATGAAAC-1,Cytotoxic CD8 T cells,Cytotoxic CD8 T cells,Cytotoxic CD8 T cells,0.99547464,True,0.0011860252,0.00030848055,0.00018958033,0.00019969,0.99547464,0.0014530292,0.00060543406,0.0005830732
pbmc4k_TACGGATGTAGGGTAC-1,Activated/transitional T cells,Naive/resting T cells,Naive/resting T cells,0.9714755,False,0.0036297643,0.0017337516,0.00122698,0.0016468943,0.0007687968,0.018404184,0.0011141669,0.9714755
pbmc4k_TACGGATGTCTGGAGA-1,Activated/transitional T cells,Naive/resting T cells,Naive/resting T cells,0.7499116,False,0.0036610912,0.0027282268,0.0022856423,0.002374123,0.0010994655,0.23574683,0.0021930032,0.7499116
pbmc4k_TACGGATTCGCGGATC-1,IL7R+ memory/helper T cells,IL7R+ memory/helper T cells,IL7R+ memory/helper T cells,0.9935656,True,8.426959e-05,0.0002900451,0.00013590847,0.00013127203,0.000111988295,0.9935656,0.00010841884,0.0055725263
pbmc4k_TACGGATTCTCTGTCG-1,Naive/resting T cells,Naive/resting T cells,Naive/resting T cells,0.70662194,True,0.036253706,0.010732276,0.0063995817,0.010448784,0.018150298,0.20445666,0.006936753,0.70662194
pbmc4k_TACGGATTCTTGTATC-1,Activated/transitional T cells,Naive/resting T cells,Naive/resting T cells,0.9626856,False,5.5271248e-05,0.00037505387,8.1386315e-05,8.710087e-05,0.00010994653,0.03652792,7.780452e-05,0.9626856
pbmc4k_TACGGGCCAGGGCATA-1,Cytotoxic CD8 T cells,Cytotoxic CD8 T cells,Cytotoxic CD8 T cells,0.95522565,True,0.00048276782,0.000569744,0.00046512592,0.00043978775,0.95522565,0.010728041,0.03179876,0.0002902008
pbmc4k_TACGGGCCATCCTTGC-1,Classical monocytes,Classical monocytes,Classical monocytes,0.9989791,True,5.4142776e-05,0.00017879363,0.00050331344,0.9989791,3.2646527e-05,0.00015673427,5.4440494e-05,4.0822833e-05
pbmc4k_TACGGGCGTCAGAATA-1,Activated/transitional T cells,Naive/resting T cells,Naive/resting T cells,0.9657182,False,0.00023026724,0.0008687014,0.00037758713,0.0005637079,0.00027073026,0.03163277,0.00033800257,0.9657182
pbmc4k_TACGGGCGTGCCTGCA-1,Activated/transitional T cells,Naive/resting T cells,Naive/resting T cells,0.9972307,False,4.441559e-05,0.00013190084,6.319143e-05,8.68767e-05,5.5251905e-05,0.002338973,4.866969e-05,0.9972307
pbmc4k_TACGGGCGTTAGGGTG-1,Classical monocytes,Classical monocytes,Classical monocytes,0.9989472,True,0.00011825267,0.000106066735,0.00026449136,0.9989472,6.703634e-05,0.00033870764,8.409427e-05,7.418802e-05
pbmc4k_TACGGGCTCGGACAAG-1,Cytotoxic CD8 T cells,Cytotoxic CD8 T cells,Cytotoxic CD8 T cells,0.8335306,True,0.001327663,0.0015969117,0.0010758081,0.00076341815,0.8335306,0.14383346,0.0006593647,0.017212708
pbmc4k_TACGGTAAGGCGACAT-1,Cytotoxic CD8 T cells,IL7R+ memory/helper T cells,IL7R+ memory/helper T cells,0.94659495,False,0.001089085,0.0016022428,0.0015026851,0.0008336826,0.028848603,0.94659495,0.00061150925,0.018917287
pbmc4k_TACGGTACAACACCCG-1,Activated/transitional T cells,IL7R+ memory/helper T cells,Naive/resting T cells,0.5217401,False,0.0031865768,0.002428533,0.0022237608,0.0019587048,0.0007473819,0.4665232,0.0011917882,0.5217401
pbmc4k_TACGGTACACCCTATC-1,Naive/resting T cells,Naive/resting T cells,Naive/resting T cells,0.968729,True,0.0002880117,0.0009944116,0.00036927446,0.0004330309,0.0003522783,0.028577676,0.00025632765,0.968729
pbmc4k_TACGGTACAGCTGTGC-1,B cells,B cells,B cells,0.9991567,True,3.3726057e-05,0.9991567,2.744373e-05,4.1971554e-05,2.4060091e-05,0.00017381103,2.359547e-05,0.0005186728
pbmc4k_TACGGTAGTCGAATCT-1,Activated/transitional T cells,Naive/resting T cells,Naive/resting T cells,0.83851695,False,0.00433344,0.0031409706,0.0020604616,0.0028825463,0.0012111438,0.1457526,0.0021018842,0.83851695
pbmc4k_TACGGTATCAACACTG-1,Activated/transitional T cells,Naive/resting T cells,Naive/resting T cells,0.84638363,False,0.00016952251,0.0006326784,0.00047728023,0.00057622674,0.0005079958,0.15092485,0.00032784976,0.84638363
pbmc4k_TACGGTATCCGAAGAG-1,Classical monocytes,Classical monocytes,Classical monocytes,0.9987973,True,4.8205995e-05,0.00017353936,0.0005222521,0.9987973,5.003995e-05,0.00022288102,0.00012852064,5.7250298e-05
pbmc4k_TACGGTATCGCTGATA-1,Classical monocytes,Classical monocytes,Classical monocytes,0.9997038,True,2.4500616e-05,3.830343e-05,0.00010825221,0.9997038,1.6345353e-05,6.0187216e-05,2.6335432e-05,2.2166487e-05
pbmc4k_TACTCATAGGTAGCTG-1,Classical monocytes,Classical monocytes,Classical monocytes,0.98085254,True,9.4148985e-05,0.0017134054,0.015574511,0.98085254,0.0002560194,0.00089313893,0.00033318988,0.0002830973
pbmc4k_TACTCATCAAGGTGTG-1,NK cells,NK cells,NK cells,0.91131717,True,0.0020841383,0.0035554762,0.0065620556,0.0026584337,0.059328295,0.013521256,0.91131717,0.00097319525
pbmc4k_TACTCATCATATACGC-1,IL7R+ memory/helper T cells,IL7R+ memory/helper T cells,IL7R+ memory/helper T cells,0.6767125,True,0.0043649217,0.00646894,0.004501289,0.0048724413,0.0039919657,0.6767125,0.0030657111,0.2960222
pbmc4k_TACTCATGTTCGCTAA-1,Classical monocytes,Classical monocytes,Classical monocytes,0.9994974,True,8.4344494e-05,7.760041e-05,0.00020746636,0.9994974,2.4523886e-05,3.7623613e-05,5.5945577e-05,1.5045677e-05
pbmc4k_TACTCATTCAGTTCGA-1,Activated/transitional T cells,Naive/resting T cells,Naive/resting T cells,0.9670332,False,0.00042406295,0.00063276826,0.0005547659,0.00060316606,0.00053632737,0.029820727,0.00039496378,0.9670332
pbmc4k_TACTCATTCGTACCGG-1,Classical monocytes,Classical monocytes,Classical monocytes,0.9991648,True,3.568497e-05,0.00022039338,0.00023878775,0.9991648,3.8486454e-05,0.00015417326,5.462704e-05,9.3065086e-05
pbmc4k_TACTCGCCAGGATCGA-1,Cytotoxic CD8 T cells,Cytotoxic CD8 T cells,Cytotoxic CD8 T cells,0.9766848,True,0.00061199535,0.0007701494,0.0004408836,0.00039625657,0.9766848,0.019900715,0.00038056777,0.0008146098
pbmc4k_TACTCGCGTACCAGTT-1,Cytotoxic CD8 T cells,Cytotoxic CD8 T cells,Cytotoxic CD8 T cells,0.9542204,True,0.0002639767,0.0011447985,0.00062261533,0.00053284474,0.9542204,0.04168224,0.0010045297,0.00052856404
pbmc4k_TACTCGCGTACCATCA-1,Cytotoxic CD8 T cells,Cytotoxic CD8 T cells,Cytotoxic CD8 T cells,0.9883405,True,0.000119879456,0.00047309854,0.00022861369,0.00016814673,0.9883405,0.010081644,0.00037845213,0.0002097303
pbmc4k_TACTCGCGTATAATGG-1,Classical monocytes,Classical monocytes,Classical monocytes,0.98927045,True,0.0001096954,0.0008041833,0.0021917531,0.98927045,0.00020910024,0.0065872218,0.00024645572,0.0005810875
pbmc4k_TACTCGCGTCGAGTTT-1,Activated/transitional T cells,Naive/resting T cells,Naive/resting T cells,0.9725175,False,0.00014236428,0.00024567702,0.00014982272,0.00014308405,0.00014851891,0.026513541,0.00013953603,0.9725175
pbmc4k_TACTCGCTCAACGGCC-1,Classical monocytes,Classical monocytes,Classical monocytes,0.9990669,True,1.5555099e-05,0.00021403107,0.00039046616,0.9990669,5.1138606e-05,0.00016206544,7.713964e-05,2.2695387e-05
pbmc4k_TACTCGCTCCACTGGG-1,Classical monocytes,Classical monocytes,Classical monocytes,0.999509,True,2.1819405e-05,0.00021399125,0.00011652347,0.999509,2.1262455e-05,4.261294e-05,3.2139287e-05,4.2692343e-05
pbmc4k_TACTTACAGAAACCTA-1,Classical monocytes,Classical monocytes,Classical monocytes,0.99421245,True,8.8529596e-05,0.0015331222,0.0024290422,0.99421245,0.00020783744,0.0010664201,0.00024140993,0.0002211705
pbmc4k_TACTTACAGGTTACCT-1,Cytotoxic CD8 T cells,Cytotoxic CD8 T cells,Cytotoxic CD8 T cells,0.94714034,True,0.0013522482,0.0015102132,0.0010066946,0.0010799834,0.94714034,0.009922203,0.0012802781,0.036707982
pbmc4k_TACTTACCAAACGCGA-1,B cells,B cells,B cells,0.99891055,True,4.8363985e-05,0.99891055,4.112787e-05,0.00023395536,3.4504767e-05,0.00010530472,4.3258948e-05,0.0005828969
pbmc4k_TACTTACCAATCGAAA-1,B cells,B cells,B cells,0.9929918,True,7.5796044e-05,0.9929918,9.506111e-05,7.0053175e-05,3.3444587e-05,0.0001753098,4.121537e-05,0.0065172873
pbmc4k_TACTTACCACTAGTAC-1,IL7R+ memory/helper T cells,IL7R+ memory/helper T cells,IL7R+ memory/helper T cells,0.9652668,True,0.00013241495,0.0005222509,0.0006129763,0.00025196548,0.00031565357,0.9652668,0.00021604635,0.03268186
pbmc4k_TACTTACCAGACAAGC-1,Naive/resting T cells,Naive/resting T cells,Naive/resting T cells,0.9607164,True,0.008017958,0.0034616494,0.001975097,0.0019150052,0.0028991236,0.019730225,0.0012845033,0.9607164
pbmc4k_TACTTACGTAGTGAAT-1,Activated/transitional T cells,Naive/resting T cells,IL7R+ memory/helper T cells,0.52052915,False,0.008621705,0.010870639,0.0069117113,0.009763038,0.011859518,0.52052915,0.006388802,0.42505547
pbmc4k_TACTTACGTCCATGAT-1,Cytotoxic CD8 T cells,Cytotoxic CD8 T cells,Cytotoxic CD8 T cells,0.9837583,True,0.0004949504,0.00081889716,0.0004744677,0.0004458134,0.9837583,0.012099948,0.0010634573,0.0008441862
pbmc4k_TACTTACTCTTCTGGC-1,Cytotoxic CD8 T cells,Cytotoxic CD8 T cells,Cytotoxic CD8 T cells,0.99712855,True,0.00060502806,0.00020524707,0.00013521429,0.00017131511,0.99712855,0.0006266312,0.00091766176,0.00021042919
pbmc4k_TACTTGTAGCCCGAAA-1,Cytotoxic CD8 T cells,Cytotoxic CD8 T cells,Cytotoxic CD8 T cells,0.9823011,True,0.0032703718,0.00036988064,0.00033921734,0.0010551701,0.9823011,0.0024759742,0.009815478,0.00037275106
pbmc4k_TACTTGTAGCGCCTTG-1,Cytotoxic CD8 T cells,Cytotoxic CD8 T cells,Cytotoxic CD8 T cells,0.9516719,True,0.00928201,0.00063291524,0.0004126197,0.00054084795,0.9516719,0.0026529315,0.00066134153,0.034145482
pbmc4k_TACTTGTAGTGCCAGA-1,Classical monocytes,Classical monocytes,Classical monocytes,0.9996468,True,1.3083805e-05,6.631704e-05,0.00012356744,0.9996468,1.813813e-05,6.560734e-05,4.7448153e-05,1.9005478e-05
pbmc4k_TACTTGTCACCGTTGG-1,Naive/resting T cells,Naive/resting T cells,Naive/resting T cells,0.59939367,True,0.0013507911,0.00041305812,0.00035736294,0.00044221157,0.3883691,0.009405553,0.00026820373,0.59939367
pbmc4k_TACTTGTCAGGCTCAC-1,Activated/transitional T cells,Naive/resting T cells,Naive/resting T cells,0.93939525,False,0.00039436683,0.0010063127,0.00056591653,0.0006242822,0.0004151879,0.057229653,0.0003690628,0.93939525
pbmc4k_TACTTGTCATATACCG-1,Classical monocytes,Classical monocytes,Classical monocytes,0.9979825,True,8.239957e-05,0.0010102843,0.0003071397,0.9979825,9.086906e-05,0.00025528012,0.00013485766,0.00013659913
pbmc4k_TACTTGTGTAGCTTGT-1,Classical monocytes,Classical monocytes,Classical monocytes,0.9979526,True,0.000119731914,0.00034915307,0.0006951119,0.9979526,0.0001361235,0.00038576836,0.000247924,0.000113552065
pbmc4k_TACTTGTGTCTCACCT-1,Classical monocytes,Classical monocytes,Classical monocytes,0.9997043,True,1.6899508e-05,5.035292e-05,7.002668e-05,0.9997043,1.4744935e-05,4.4777982e-05,2.9895064e-05,6.8954236e-05
pbmc4k_TACTTGTGTGCCTGGT-1,Cytotoxic CD8 T cells,Cytotoxic CD8 T cells,Cytotoxic CD8 T cells,0.93518424,True,0.0026004268,0.0014330057,0.0011390805,0.0011480226,0.93518424,0.053245235,0.0037787827,0.0014712013
pbmc4k_TACTTGTTCGAGGTAG-1,Cytotoxic CD8 T cells,Naive/resting T cells,Naive/resting T cells,0.57023937,False,0.03573036,0.0032525563,0.0018375331,0.0018748987,0.28969198,0.09481875,0.0025545245,0.57023937
pbmc4k_TACTTGTTCGCAGGCT-1,B cells,B cells,B cells,0.9993617,True,1.947023e-05,0.9993617,4.8715585e-05,4.2365296e-05,3.522968e-05,8.496367e-05,3.0742587e-05,0.00037677187
pbmc4k_TAGACCAAGTGGTAGC-1,Activated/transitional T cells,Naive/resting T cells,Naive/resting T cells,0.9981383,False,0.00039558441,0.00015777793,0.00010353864,0.00013091258,4.2899923e-05,0.0009496154,8.139624e-05,0.9981383
pbmc4k_TAGACCACAATGGTCT-1,Activated/transitional T cells,Naive/resting T cells,Naive/resting T cells,0.98497933,False,0.0010011714,0.0007808032,0.00028557147,0.00041362157,0.0006025793,0.011688064,0.00024889442,0.98497933
pbmc4k_TAGACCACACATAACC-1,Cytotoxic CD8 T cells,Cytotoxic CD8 T cells,Cytotoxic CD8 T cells,0.8342213,True,0.0009857686,0.0016551081,0.0017726178,0.0009567171,0.8342213,0.025514962,0.13423465,0.0006588439
pbmc4k_TAGACCACAGAGTGTG-1,B cells,B cells,B cells,0.99900985,True,2.5544216e-05,0.99900985,4.4264507e-05,3.9704755e-05,2.2468985e-05,0.00035851172,2.8042447e-05,0.00047159445
pbmc4k_TAGACCAGTAGGGTAC-1,Classical monocytes,Classical monocytes,Classical monocytes,0.99891853,True,6.0364033e-05,0.00042531654,0.00017574802,0.99891853,5.0466926e-05,0.00018495684,0.00011794597,6.6632485e-05
pbmc4k_TAGACCATCAGATAAG-1,Classical monocytes,Classical monocytes,Classical monocytes,0.9989485,True,2.8690363e-05,0.00018880841,0.00045282222,0.9989485,5.9750022e-05,0.00014146249,9.342096e-05,8.660642e-05
pbmc4k_TAGACCATCAGCGATT-1,Activated/transitional T cells,Naive/resting T cells,Naive/resting T cells,0.9833281,False,0.00024107107,0.00053199596,0.00021020378,0.00031102152,0.0003838066,0.014797381,0.00019636247,0.9833281
pbmc4k_TAGACCATCAGGATCT-1,Classical monocytes,Classical monocytes,Classical monocytes,0.9997093,True,2.0451473e-05,3.991325e-05,4.511942e-05,0.9997093,2.0987904e-05,0.000109817316,3.8567963e-05,1.5860778e-05
pbmc4k_TAGAGCTAGACAATAC-1,Activated/transitional T cells,Naive/resting T cells,Naive/resting T cells,0.98024404,False,0.00040316873,0.00060997886,0.00027635854,0.00042908493,0.00038723985,0.017382856,0.00026732002,0.98024404
pbmc4k_TAGAGCTAGCCAACAG-1,Cytotoxic CD8 T cells,Cytotoxic CD8 T cells,Cytotoxic CD8 T cells,0.97783774,True,0.00016690131,0.0002804935,0.00023014551,0.0001901376,0.97783774,0.020508187,0.00026962554,0.0005168025
pbmc4k_TAGAGCTAGGTTACCT-1,Cytotoxic CD8 T cells,IL7R+ memory/helper T cells,Cytotoxic CD8 T cells,0.4206137,True,0.010712799,0.00347596,0.0024983964,0.0030282352,0.4206137,0.36954302,0.0020286217,0.18809922
pbmc4k_TAGAGCTCAGCTCGAC-1,B cells,B cells,B cells,0.99942076,True,2.9287094e-05,0.99942076,4.694431e-05,5.470678e-05,3.1952935e-05,0.0002794657,3.9791754e-05,9.7096075e-05
pbmc4k_TAGAGCTCATCTACGA-1,B cells,B cells,B cells,0.99941087,True,4.7578764e-05,0.99941087,2.9882212e-05,4.6905985e-05,3.4546418e-05,0.00014263744,2.8628108e-05,0.000258966
pbmc4k_TAGAGCTGTCCTCCAT-1,Classical monocytes,Classical monocytes,Classical monocytes,0.9987897,True,5.810651e-05,0.00041969484,0.00043619928,0.9987897,6.030113e-05,0.00010158019,0.00010078835,3.3654043e-05
pbmc4k_TAGAGCTGTGGACGAT-1,CD16+ non-classical monocytes,CD16+ non-classical monocytes,CD16+ non-classical monocytes,0.99727756,True,3.3957975e-05,0.0011437916,0.99727756,0.00037096045,0.00026819162,0.00070586137,0.00014083985,5.8885344e-05
pbmc4k_TAGAGCTGTGGCCCTA-1,CD16+ non-classical monocytes,CD16+ non-classical monocytes,CD16+ non-classical monocytes,0.9849149,True,6.5130815e-05,0.0019479243,0.9849149,0.011660341,0.0005818761,0.0004829479,0.0002235924,0.00012331117
pbmc4k_TAGAGCTTCCCAAGAT-1,Activated/transitional T cells,Naive/resting T cells,Naive/resting T cells,0.9479825,False,0.000174775,0.002095223,0.0004068779,0.0005818599,0.0007079448,0.047703523,0.00034733576,0.9479825
pbmc4k_TAGAGCTTCCGAGCCA-1,Activated/transitional T cells,Naive/resting T cells,Naive/resting T cells,0.9228085,False,0.0009276247,0.0015976657,0.0009118265,0.0009873091,0.0011695997,0.07079753,0.00079990504,0.9228085
pbmc4k_TAGAGCTTCTACCAGA-1,Activated/transitional T cells,Naive/resting T cells,IL7R+ memory/helper T cells,0.79954934,False,0.0021859494,0.0065167197,0.0036965583,0.0050395597,0.003928524,0.79954934,0.0031081126,0.17597519
pbmc4k_TAGCCGGAGATATGGT-1,B cells,B cells,B cells,0.9977356,True,1.6734064e-05,0.9977356,3.2398002e-05,5.4097927e-05,3.79289e-05,0.00011694461,2.6195672e-05,0.001980099
pbmc4k_TAGCCGGCAAACTGCT-1,B cells,B cells,B cells,0.9992291,True,3.0398913e-05,0.9992291,4.8643713e-05,7.777611e-05,3.8403137e-05,0.000120714074,3.6410955e-05,0.00041853398
pbmc4k_TAGCCGGCACTAAGTC-1,Cytotoxic CD8 T cells,Cytotoxic CD8 T cells,Cytotoxic CD8 T cells,0.89151394,True,0.000744347,0.00097557914,0.0013053957,0.0008536691,0.89151394,0.10236051,0.0016538599,0.0005926409
pbmc4k_TAGCCGGCATCCCACT-1,Classical monocytes,Classical monocytes,Classical monocytes,0.99933785,True,2.0054038e-05,0.00017525513,0.000301179,0.99933785,2.3478458e-05,7.061028e-05,5.236163e-05,1.917104e-05
pbmc4k_TAGCCGGGTCCCTTGT-1,Activated/transitional T cells,Naive/resting T cells,Naive/resting T cells,0.9651359,False,0.00022264983,0.0009646946,0.00038535395,0.0005262763,0.00031818924,0.032110926,0.00033605032,0.9651359
pbmc4k_TAGCCGGGTCTAGTCA-1,Cytotoxic CD8 T cells,Cytotoxic CD8 T cells,Cytotoxic CD8 T cells,0.9939023,True,0.0004907438,0.00034988995,0.00022587339,0.00020028495,0.9939023,0.0036283457,0.0007030174,0.00049957336
pbmc4k_TAGCCGGGTCTCCACT-1,Classical monocytes,Classical monocytes,Classical monocytes,0.9988304,True,2.5173134e-05,0.00016609469,0.00057167246,0.9988304,4.8387134e-05,0.00022133405,0.00011939485,1.7576378e-05
pbmc4k_TAGCCGGGTGCAGACA-1,B cells,B cells,B cells,0.99874663,True,6.292795e-05,0.99874663,5.0162118e-05,7.7136385e-05,5.9638962e-05,0.00021165736,4.5473636e-05,0.0007463987
pbmc4k_TAGCCGGGTGCAGGTA-1,Naive/resting T cells,Naive/resting T cells,Naive/resting T cells,0.9811045,True,0.001708804,0.0012633404,0.00044143276,0.00068449386,0.00030546027,0.014083739,0.00040832203,0.9811045
pbmc4k_TAGCCGGTCAATCTCT-1,Classical monocytes,Classical monocytes,Classical monocytes,0.9982498,True,2.6405367e-05,0.00056836125,0.00045748096,0.9982498,4.383622e-05,0.0004540782,0.000100641686,9.9319885e-05
pbmc4k_TAGCCGGTCGCAGGCT-1,IL7R+ memory/helper T cells,IL7R+ memory/helper T cells,IL7R+ memory/helper T cells,0.99898225,True,2.0811076e-05,0.000125859,0.000102280304,6.340519e-05,0.00019133295,0.99898225,5.1546926e-05,0.00046243818
pbmc4k_TAGGCATCAGAGCCAA-1,Naive/resting T cells,Naive/resting T cells,Naive/resting T cells,0.97562224,True,0.0010529638,0.0010685902,0.0006788934,0.0008563548,0.0006018042,0.019478401,0.000640776,0.97562224
pbmc4k_TAGGCATGTGATGCCC-1,Classical monocytes,Classical monocytes,Classical monocytes,0.9151072,True,0.00020409249,0.0015099808,0.013703012,0.9151072,0.06584762,0.0025085174,0.0007235287,0.00039609175
pbmc4k_TAGGCATGTTCCGTCT-1,Activated/transitional T cells,Naive/resting T cells,Naive/resting T cells,0.86460227,False,0.00014179116,0.00047406575,0.00028424122,0.00027764644,0.001387233,0.13258632,0.00024641218,0.86460227
pbmc4k_TAGGCATTCCCAAGTA-1,IL7R+ memory/helper T cells,IL7R+ memory/helper T cells,IL7R+ memory/helper T cells,0.6016893,True,0.0011765003,0.0016380592,0.0012143397,0.0015389683,0.001643177,0.6016893,0.0010526758,0.39004704
pbmc4k_TAGTGGTCATCCAACA-1,B cells,B cells,B cells,0.9942683,True,5.7300742e-05,0.9942683,0.00014547007,0.00016323726,0.000106757136,0.00073767063,0.00011739433,0.004403871
pbmc4k_TAGTGGTCATCGGACC-1,Cytotoxic CD8 T cells,Cytotoxic CD8 T cells,Cytotoxic CD8 T cells,0.99705124,True,3.9479273e-05,8.7251196e-05,8.448993e-05,6.143773e-05,0.99705124,0.0025049292,7.6071585e-05,9.512078e-05
pbmc4k_TAGTGGTCATGGTAGG-1,Activated/transitional T cells,Naive/resting T cells,Naive/resting T cells,0.98717076,False,0.005895835,0.0007290434,0.0005006312,0.0010657357,0.00058485527,0.0035828317,0.0004702457,0.98717076
pbmc4k_TAGTGGTGTGCGAAAC-1,B cells,B cells,B cells,0.99919206,True,2.1551497e-05,0.99919206,5.3701588e-05,5.0377734e-05,3.7314578e-05,0.00042319868,3.480337e-05,0.00018703734
pbmc4k_TAGTGGTGTTACCGAT-1,Activated/transitional T cells,Naive/resting T cells,Naive/resting T cells,0.93823814,False,0.0006198194,0.0026286372,0.0015387521,0.0017725265,0.0008787656,0.053159192,0.0011641348,0.93823814
pbmc4k_TAGTGGTGTTGGTGGA-1,Activated/transitional T cells,Naive/resting T cells,Naive/resting T cells,0.7264529,False,0.0023368197,0.004822254,0.0028525605,0.003276063,0.0025368768,0.2549624,0.0027601493,0.7264529
pbmc4k_TAGTGGTTCGAATGCT-1,Classical monocytes,Classical monocytes,Classical monocytes,0.99962497,True,7.227732e-05,5.595774e-05,6.5373446e-05,0.99962497,2.2254077e-05,6.2953266e-05,3.1459753e-05,6.476581e-05
pbmc4k_TAGTGGTTCGCCTGTT-1,Classical monocytes,Classical monocytes,Classical monocytes,0.99951875,True,5.0700502e-05,4.22842e-05,0.00018872353,0.99951875,3.1725987e-05,8.8401575e-05,3.8977436e-05,4.0467476e-05
pbmc4k_TAGTTGGAGAACTCGG-1,Cytotoxic CD8 T cells,Cytotoxic CD8 T cells,Cytotoxic CD8 T cells,0.98946065,True,8.845409e-05,0.0003495846,0.00019116384,0.00016749626,0.98946065,0.0038264976,0.0001606721,0.005755486
pbmc4k_TAGTTGGCACTAGTAC-1,Activated/transitional T cells,IL7R+ memory/helper T cells,IL7R+ memory/helper T cells,0.5838997,False,0.11563511,0.047844525,0.017087774,0.022017153,0.021225372,0.5838997,0.016513549,0.17577687
pbmc4k_TAGTTGGGTCGAAAGC-1,Classical monocytes,Classical monocytes,Classical monocytes,0.9934975,True,0.00011042771,0.0023943002,0.002511701,0.9934975,0.00026100688,0.0007580482,0.0003163356,0.00015071241
pbmc4k_TAGTTGGTCAGCCTAA-1,Classical monocytes,Classical monocytes,Classical monocytes,0.9997794,True,2.1798849e-05,4.72529e-05,6.2167645e-05,0.9997794,2.12531e-05,2.2789942e-05,2.7281247e-05,1.8034416e-05
pbmc4k_TAGTTGGTCAGTCAGT-1,Activated/transitional T cells,Naive/resting T cells,Naive/resting T cells,0.9862229,False,0.0006157154,0.00078678085,0.00049916585,0.00055023615,0.0005468708,0.010252924,0.0005253581,0.9862229
pbmc4k_TAGTTGGTCTTGAGGT-1,Activated/transitional T cells,Naive/resting T cells,Naive/resting T cells,0.9004113,False,0.06649311,0.0025574986,0.0016346487,0.0028677844,0.0010223542,0.023395361,0.0016179712,0.9004113
pbmc4k_TATCAGGAGGTAGCTG-1,IL7R+ memory/helper T cells,IL7R+ memory/helper T cells,IL7R+ memory/helper T cells,0.956712,True,0.0006640675,0.0036751614,0.0017967011,0.001610888,0.008219326,0.956712,0.0015959644,0.025725843
pbmc4k_TATCAGGAGTTTCCTT-1,Cytotoxic CD8 T cells,Cytotoxic CD8 T cells,Cytotoxic CD8 T cells,0.91942877,True,0.0015698168,0.003225686,0.0018243777,0.0010331491,0.91942877,0.069481544,0.0022043088,0.0012323901
pbmc4k_TATCAGGCACCACGTG-1,Classical monocytes,Classical monocytes,Classical monocytes,0.99892694,True,2.8623173e-05,0.00027721332,0.00030613167,0.99892694,6.8409296e-05,0.0001840338,9.204511e-05,0.000116533156
pbmc4k_TATCAGGCAGTGGAGT-1,Classical monocytes,Classical monocytes,Classical monocytes,0.9990062,True,0.00011767273,9.4943316e-05,0.00022533441,0.9990062,0.0001660973,0.00014595265,0.00016053475,8.33231e-05
pbmc4k_TATCAGGGTACCGTAT-1,IL7R+ memory/helper T cells,IL7R+ memory/helper T cells,IL7R+ memory/helper T cells,0.7863588,True,0.0004900432,0.00117588,0.000445146,0.00045692865,0.00070715643,0.7863588,0.00038021017,0.20998591
pbmc4k_TATCAGGGTGGTCCGT-1,Classical monocytes,Classical monocytes,Classical monocytes,0.8664201,True,0.00028908637,0.005225672,0.124335155,0.8664201,0.00049413403,0.0022077018,0.00067469553,0.0003534614
pbmc4k_TATCAGGGTTACTGAC-1,Activated/transitional T cells,IL7R+ memory/helper T cells,Naive/resting T cells,0.54274136,False,0.0015860796,0.0022520463,0.0013979607,0.0014697018,0.0010863831,0.44825667,0.0012098006,0.54274136
pbmc4k_TATCAGGGTTGATTGC-1,Activated/transitional T cells,Naive/resting T cells,Naive/resting T cells,0.99801695,False,0.00016823724,0.00018668006,0.000108632696,0.00014381616,0.00018363343,0.0011103573,8.16558e-05,0.99801695
pbmc4k_TATCAGGGTTGGTAAA-1,Activated/transitional T cells,Naive/resting T cells,Naive/resting T cells,0.99384093,False,0.00024903726,0.00050702435,0.00039413173,0.00043009597,0.00021883179,0.004098206,0.00026177103,0.99384093
pbmc4k_TATCAGGTCATGCTCC-1,Activated/transitional T cells,Naive/resting T cells,Naive/resting T cells,0.8883706,False,0.0003873139,0.0012755105,0.0006798248,0.00094600645,0.00036583722,0.10744336,0.00053153874,0.8883706
pbmc4k_TATCAGGTCCAAACAC-1,Naive/resting T cells,Naive/resting T cells,Naive/resting T cells,0.9961539,True,0.00014234259,0.00049872376,7.4047064e-05,0.00010496225,7.454716e-05,0.0028901077,6.1422135e-05,0.9961539
pbmc4k_TATCAGGTCGTCTGAA-1,Activated/transitional T cells,Naive/resting T cells,Naive/resting T cells,0.9408154,False,0.0015456069,0.001793977,0.001459389,0.0024250157,0.0009806372,0.04973925,0.0012407817,0.9408154
pbmc4k_TATCAGGTCTGAGGGA-1,Cytotoxic CD8 T cells,Cytotoxic CD8 T cells,Cytotoxic CD8 T cells,0.7327835,True,0.005338989,0.005242074,0.0029810385,0.002329706,0.7327835,0.030558586,0.22007005,0.00069605326
pbmc4k_TATCAGGTCTGTGCAA-1,Activated/transitional T cells,Naive/resting T cells,Naive/resting T cells,0.9892769,False,0.00028661673,0.00054048334,0.00043688103,0.00049416715,0.00024299066,0.008402812,0.00031920755,0.9892769
pbmc4k_TATCAGGTCTTGTATC-1,Classical monocytes,Classical monocytes,Classical monocytes,0.99974245,True,4.415394e-05,3.6273694e-05,7.719886e-05,0.99974245,2.6240103e-05,2.0955158e-05,3.0684958e-05,2.2016997e-05
pbmc4k_TATCTCAAGCTGGAAC-1,IL7R+ memory/helper T cells,IL7R+ memory/helper T cells,IL7R+ memory/helper T cells,0.9994074,True,1.9777859e-05,0.00013529112,7.659178e-05,7.270781e-05,0.00010679714,0.9994074,7.393798e-05,0.00010753718
pbmc4k_TATCTCAAGCTTCGCG-1,Activated/transitional T cells,Naive/resting T cells,Naive/resting T cells,0.97899777,False,0.00090585544,0.00047742008,0.00033551655,0.00043805953,0.00046494472,0.018104427,0.000275953,0.97899777
pbmc4k_TATCTCAAGGATGTAT-1,IL7R+ memory/helper T cells,IL7R+ memory/helper T cells,IL7R+ memory/helper T cells,0.9974456,True,2.4534136e-05,9.5697615e-05,8.932009e-05,4.8040685e-05,4.9593935e-05,0.9974456,4.1388703e-05,0.0022058256
pbmc4k_TATCTCACATTTGCCC-1,Classical monocytes,Classical monocytes,Classical monocytes,0.9925789,True,5.5946246e-05,0.0016192313,0.0047145444,0.9925789,0.000116678304,0.00056545326,0.00022989426,0.000119302145
pbmc4k_TATCTCAGTATTAGCC-1,Classical monocytes,Classical monocytes,Classical monocytes,0.999532,True,2.376298e-05,5.6667715e-05,0.00012000263,0.999532,2.8420201e-05,0.00017666702,3.9484756e-05,2.3062179e-05
pbmc4k_TATCTCATCATAAAGG-1,B cells,B cells,B cells,0.943928,True,0.0006620709,0.943928,0.0011803533,0.0017017054,0.0015933525,0.038127992,0.0008712203,0.011935286
pbmc4k_TATCTCATCCAAACTG-1,Activated/transitional T cells,IL7R+ memory/helper T cells,Naive/resting T cells,0.51259947,False,0.0019876887,0.0072680777,0.0037845024,0.0055221557,0.0054110033,0.45977294,0.0036541799,0.51259947
pbmc4k_TATCTCATCCGCAGTG-1,B cells,B cells,B cells,0.9995309,True,4.5414174e-05,0.9995309,2.8692913e-05,3.822897e-05,1.6285394e-05,6.956461e-05,2.5857888e-05,0.0002450749
pbmc4k_TATCTCATCGACCAGC-1,IL7R+ memory/helper T cells,IL7R+ memory/helper T cells,IL7R+ memory/helper T cells,0.9982009,True,0.00011675939,0.00028438916,0.00021510758,0.00016110198,0.0002707136,0.9982009,0.00013144674,0.00061960344
pbmc4k_TATGCCCAGAGCTATA-1,Cytotoxic CD8 T cells,Cytotoxic CD8 T cells,Cytotoxic CD8 T cells,0.9923746,True,0.00083714636,0.0006723357,0.0003155309,0.00031428545,0.9923746,0.0029216353,0.00047862477,0.002085847
pbmc4k_TATGCCCAGCGGCTTC-1,Naive/resting T cells,Naive/resting T cells,IL7R+ memory/helper T cells,0.6389004,False,0.00048525564,0.0014881188,0.0006844131,0.0005653071,0.000453912,0.6389004,0.00048068608,0.35694188
pbmc4k_TATGCCCAGGGCATGT-1,Classical monocytes,Classical monocytes,Classical monocytes,0.9995017,True,2.8566754e-05,7.6224955e-05,0.0002002475,0.9995017,2.907484e-05,6.2199346e-05,4.04991e-05,6.148063e-05
pbmc4k_TATGCCCCACTCTGTC-1,Activated/transitional T cells,Naive/resting T cells,Naive/resting T cells,0.944381,False,0.0016855306,0.0038703794,0.0036685243,0.0026884354,0.0014010529,0.04042931,0.0018756887,0.944381
pbmc4k_TATGCCCCATTTGCCC-1,Classical monocytes,Classical monocytes,Classical monocytes,0.99952054,True,1.5405314e-05,0.00017167351,0.00011498497,0.99952054,3.6694215e-05,4.8978207e-05,4.152879e-05,5.0216022e-05
pbmc4k_TATGCCCGTGAGGGAG-1,Classical monocytes,Classical monocytes,Classical monocytes,0.99954283,True,5.764236e-05,7.3272335e-05,0.00021292403,0.99954283,2.0006053e-05,3.401032e-05,4.5403718e-05,1.3943944e-05
pbmc4k_TATGCCCGTTAGGGTG-1,NK cells,NK cells,NK cells,0.9912122,True,0.00022734425,0.00031616344,0.0006983982,0.00035502017,0.0060568936,0.0010620613,0.9912122,7.1910785e-05
pbmc4k_TATGCCCTCTGCTTGC-1,Classical monocytes,Classical monocytes,Classical monocytes,0.99917775,True,9.879005e-05,0.00020968294,0.00020849987,0.99917775,5.729002e-05,9.735143e-05,0.00010135196,4.931837e-05
pbmc4k_TATTACCAGTCATGCT-1,Activated/transitional T cells,Naive/resting T cells,Naive/resting T cells,0.9603509,False,0.00011529518,0.0008519209,0.00041714183,0.0004498814,0.0002430247,0.037267838,0.0003040716,0.9603509
pbmc4k_TATTACCAGTGAACAT-1,Cytotoxic CD8 T cells,Cytotoxic CD8 T cells,Cytotoxic CD8 T cells,0.9840146,True,0.0003606089,0.000114306495,0.00015150548,7.846489e-05,0.9840146,0.014530799,8.3611834e-05,0.00066615536
pbmc4k_TATTACCCACTGAAGG-1,Naive/resting T cells,Naive/resting T cells,Naive/resting T cells,0.99661,True,0.0011406934,0.0003534723,0.00017106363,0.0002643206,0.00014517552,0.001176278,0.00013903648,0.99661
pbmc4k_TATTACCCAGCTGCTG-1,Naive/resting T cells,IL7R+ memory/helper T cells,IL7R+ memory/helper T cells,0.6696549,False,0.0015877304,0.0035418037,0.0026977558,0.0022167,0.002872854,0.6696549,0.0017599851,0.31566826
pbmc4k_TATTACCCATTGGCGC-1,Cytotoxic CD8 T cells,NK cells,NK cells,0.5666356,False,0.0017658137,0.0010795782,0.0012345148,0.0009826251,0.41938126,0.0080718575,0.5666356,0.0008487683
pbmc4k_TATTACCGTACCAGTT-1,B cells,B cells,B cells,0.999382,True,3.289012e-05,0.999382,3.6200185e-05,4.6027697e-05,2.2049775e-05,8.247445e-05,2.7088367e-05,0.00037118426
pbmc4k_TATTACCGTATAATGG-1,Activated/transitional T cells,Naive/resting T cells,Naive/resting T cells,0.7311908,False,0.0034120798,0.0023047095,0.0012625261,0.0015465608,0.00076531107,0.25857466,0.0009433654,0.7311908
pbmc4k_TATTACCGTCGCGTGT-1,B cells,B cells,B cells,0.998678,True,2.2727809e-05,0.998678,0.00012482688,6.687232e-05,4.0601528e-05,0.0008538977,3.922219e-05,0.00017380482
pbmc4k_TATTACCGTTATGTGC-1,B cells,B cells,B cells,0.9995216,True,6.999872e-05,0.9995216,5.031415e-05,5.5566106e-05,2.865931e-05,6.1025446e-05,4.4979064e-05,0.00016782728
pbmc4k_TATTACCTCCCATTTA-1,Classical monocytes,Classical monocytes,Classical monocytes,0.9991844,True,3.904192e-05,9.42166e-05,0.00022027038,0.9991844,4.3654916e-05,0.0002826839,7.0022645e-05,6.569267e-05
pbmc4k_TATTACCTCTCATTCA-1,Cytotoxic CD8 T cells,IL7R+ memory/helper T cells,Cytotoxic CD8 T cells,0.79269034,True,0.0010595573,0.0012265857,0.0006461924,0.00084522704,0.79269034,0.19928804,0.00068311463,0.003560988
pbmc4k_TCAACGAAGCGAGAAA-1,Activated/transitional T cells,Naive/resting T cells,Naive/resting T cells,0.97207075,False,0.0009988426,0.00078695425,0.00042200548,0.0006445674,0.00031032984,0.024376348,0.000390231,0.97207075
pbmc4k_TCAACGAAGCTAGGCA-1,Cytotoxic CD8 T cells,Cytotoxic CD8 T cells,Cytotoxic CD8 T cells,0.99519074,True,0.00035581092,0.0009349874,0.0001910703,0.0002180028,0.99519074,0.0022583718,0.0002500144,0.0006009806
pbmc4k_TCAACGAAGCTGCCCA-1,B cells,B cells,B cells,0.9995671,True,2.4592113e-05,0.9995671,2.5658373e-05,4.767619e-05,2.3538869e-05,6.257313e-05,2.3612458e-05,0.00022530038
pbmc4k_TCAACGAAGCTTATCG-1,Classical monocytes,Classical monocytes,Classical monocytes,0.9982975,True,7.98679e-05,0.0003221345,0.0006336412,0.9982975,8.365447e-05,0.00029061714,0.00017962414,0.000113016235
pbmc4k_TCAACGAAGGCCATAG-1,Cytotoxic CD8 T cells,Cytotoxic CD8 T cells,Cytotoxic CD8 T cells,0.9884814,True,0.0011009825,0.00057705404,0.00047145956,0.0004834804,0.9884814,0.004466879,0.0011164685,0.0033022328
pbmc4k_TCAACGAAGTTAACGA-1,Activated/transitional T cells,Naive/resting T cells,Naive/resting T cells,0.99580956,False,0.00071567664,0.00048942777,0.00030008215,0.0004679604,0.00024991945,0.0016480031,0.00031934291,0.99580956
pbmc4k_TCAACGACACGTCTCT-1,Activated/transitional T cells,Naive/resting T cells,Naive/resting T cells,0.97970176,False,0.00022774315,0.0003715189,0.00022401482,0.00027619224,0.00021102285,0.018818391,0.00016938771,0.97970176
pbmc4k_TCAACGACACTTGGAT-1,IL7R+ memory/helper T cells,IL7R+ memory/helper T cells,IL7R+ memory/helper T cells,0.99816495,True,0.00016416388,0.00025678385,0.00018654986,0.00018561553,0.00035117162,0.99816495,0.00018774207,0.000503074
pbmc4k_TCAACGACATTCACTT-1,Classical monocytes,Classical monocytes,Classical monocytes,0.99946684,True,1.3963989e-05,9.100013e-05,0.00012909243,0.99946684,2.6108228e-05,0.00017336347,5.4575325e-05,4.50991e-05
pbmc4k_TCAACGAGTCCGAAGA-1,Classical monocytes,Classical monocytes,Classical monocytes,0.99905425,True,2.3939803e-05,0.00032271244,0.00025102857,0.99905425,3.3051077e-05,0.00019539686,5.902199e-05,6.058067e-05
pbmc4k_TCAACGATCTCAACTT-1,Classical monocytes,Classical monocytes,Classical monocytes,0.99145484,True,0.00039048184,0.0023412427,0.002983131,0.99145484,0.00033078855,0.0014043807,0.00059391145,0.00050128583
pbmc4k_TCAATCTAGCGCTTAT-1,B cells,B cells,B cells,0.9987739,True,1.7272667e-05,0.9987739,4.856548e-05,4.1710795e-05,2.8011822e-05,0.00039457635,2.5267818e-05,0.00067070813
pbmc4k_TCAATCTCATTCACTT-1,B cells,B cells,B cells,0.9994319,True,4.180827e-05,0.9994319,4.8016045e-05,6.329794e-05,2.099623e-05,9.9063516e-05,3.555925e-05,0.00025927
pbmc4k_TCAATCTGTAAGGGAA-1,Activated/transitional T cells,Naive/resting T cells,Naive/resting T cells,0.98966855,False,0.00027733925,0.00088548235,0.0005166298,0.00042549445,0.00035746486,0.007611814,0.00025722096,0.98966855
pbmc4k_TCAATCTGTTCCGTCT-1,Activated/transitional T cells,Naive/resting T cells,Naive/resting T cells,0.9937318,False,0.0006038711,0.00025869758,0.00014385553,0.00019713903,0.0001153059,0.0048216623,0.00012764223,0.9937318
pbmc4k_TCAATCTGTTTGCATG-1,Cytotoxic CD8 T cells,Cytotoxic CD8 T cells,Cytotoxic CD8 T cells,0.9919225,True,0.00017594027,0.00021497854,0.00014278125,0.00017388769,0.9919225,0.0069214134,0.0002528753,0.00019564688
pbmc4k_TCAATCTTCGGTGTCG-1,B cells,B cells,B cells,0.99892503,True,6.29978e-05,0.99892503,3.5462326e-05,4.2759664e-05,4.2484116e-05,0.00015487078,2.433878e-05,0.0007120072
pbmc4k_TCACAAGAGCAGCCTC-1,Activated/transitional T cells,Naive/resting T cells,Naive/resting T cells,0.9677569,False,0.00029096333,0.001453782,0.0003726542,0.00057088427,0.00039038595,0.028839573,0.00032481013,0.9677569
pbmc4k_TCACAAGAGGAGTAGA-1,Activated/transitional T cells,Naive/resting T cells,Naive/resting T cells,0.9894894,False,0.00017748425,0.00043000333,0.00025541603,0.00034378096,0.00018688275,0.008899134,0.00021786387,0.9894894
pbmc4k_TCACAAGAGTGTCTCA-1,Naive/resting T cells,Naive/resting T cells,Naive/resting T cells,0.9950321,True,0.00017154875,0.0003732842,0.00016271211,0.00021016147,0.00015214765,0.0037807734,0.000117314994,0.9950321
pbmc4k_TCACAAGCACCTCGTT-1,Classical monocytes,Classical monocytes,Classical monocytes,0.9987602,True,2.6906731e-05,0.00018106936,0.00067955366,0.9987602,5.6508787e-05,0.00015806516,8.172394e-05,5.5924364e-05
pbmc4k_TCACAAGCACGTTGGC-1,Activated/transitional T cells,Naive/resting T cells,Naive/resting T cells,0.96274465,False,0.0017046334,0.002123685,0.0008862442,0.0011695981,0.0006572988,0.030081661,0.0006322446,0.96274465
pbmc4k_TCACAAGGTAGCTCCG-1,Activated/transitional T cells,Naive/resting T cells,Naive/resting T cells,0.983036,False,0.013345588,0.0012047952,0.0002965331,0.0003875215,0.00093717576,0.00052647514,0.0002658904,0.983036
pbmc4k_TCACAAGGTCCAACTA-1,B cells,B cells,B cells,0.9990846,True,1.6199281e-05,0.9990846,3.851039e-05,3.3720917e-05,2.1340618e-05,0.00022412442,2.1732945e-05,0.0005597471
pbmc4k_TCACAAGGTCTTGTCC-1,Activated/transitional T cells,Naive/resting T cells,Naive/resting T cells,0.98496926,False,0.00044988282,0.0005045293,0.00032031673,0.0004488453,0.00024756006,0.012817039,0.00024256931,0.98496926
pbmc4k_TCACAAGGTGTCAATC-1,Cytotoxic CD8 T cells,IL7R+ memory/helper T cells,IL7R+ memory/helper T cells,0.605,False,0.0025578276,0.002819919,0.0016589405,0.0022584202,0.0269472,0.605,0.00137042,0.35738727
pbmc4k_TCACAAGGTTCAGTAC-1,NK cells,NK cells,NK cells,0.8261848,True,0.00650078,0.004612593,0.004134926,0.002683534,0.14592731,0.006418356,0.8261848,0.0035376907
pbmc4k_TCACAAGGTTGTGGCC-1,Cytotoxic CD8 T cells,Cytotoxic CD8 T cells,Cytotoxic CD8 T cells,0.98843575,True,0.0013557572,0.00038544583,0.00030804847,0.000349537,0.98843575,0.0074905343,0.00030249127,0.0013724882
pbmc4k_TCACAAGGTTTGTGTG-1,Cytotoxic CD8 T cells,Cytotoxic CD8 T cells,Cytotoxic CD8 T cells,0.98705614,True,0.00023740671,0.0003075748,0.00032211194,0.00021521385,0.98705614,0.011454545,0.0003266781,8.040075e-05
pbmc4k_TCACAAGTCCAAACAC-1,NK cells,NK cells,NK cells,0.56199515,True,0.0034890312,0.00139389,0.0014637021,0.0011824743,0.4265404,0.002800632,0.56199515,0.0011347126
pbmc4k_TCACAAGTCCGTCAAA-1,Activated/transitional T cells,Naive/resting T cells,Naive/resting T cells,0.9104358,False,0.00057515304,0.0015259155,0.00079860695,0.0009806138,0.0009748933,0.084018216,0.0006908441,0.9104358
pbmc4k_TCACAAGTCCTCGCAT-1,Activated/transitional T cells,Naive/resting T cells,Naive/resting T cells,0.7838565,False,0.0033081276,0.004000152,0.0039159963,0.0041906224,0.004165715,0.1936352,0.0029277338,0.7838565
pbmc4k_TCACAAGTCGCCTGAG-1,Activated/transitional T cells,Naive/resting T cells,Naive/resting T cells,0.99570894,False,5.6308974e-05,0.00013777548,9.127723e-05,8.93257e-05,5.6682617e-05,0.003807172,5.254864e-05,0.99570894
pbmc4k_TCACGAAAGCAGATCG-1,IL7R+ memory/helper T cells,IL7R+ memory/helper T cells,IL7R+ memory/helper T cells,0.9351418,True,0.0019989004,0.0011334262,0.0009562891,0.0011316063,0.0011974665,0.9351418,0.00075616746,0.05768432
pbmc4k_TCACGAAAGGTGATTA-1,NK cells,NK cells,NK cells,0.93712467,True,0.003795592,0.0016624124,0.0054381867,0.0015935464,0.042250212,0.005721234,0.93712467,0.0024140992
pbmc4k_TCACGAAAGTATCTCG-1,Cytotoxic CD8 T cells,Cytotoxic CD8 T cells,Cytotoxic CD8 T cells,0.98902565,True,0.00043395386,0.0002537051,0.00015992942,0.00020232191,0.98902565,0.005577855,0.0002722253,0.004074305
pbmc4k_TCACGAACAGGTCGTC-1,Activated/transitional T cells,Naive/resting T cells,Naive/resting T cells,0.83945394,False,0.00063699845,0.0027838477,0.00043298712,0.00040486862,0.00034601297,0.15557368,0.0003676563,0.83945394
pbmc4k_TCACGAACAGTAGAGC-1,B cells,B cells,B cells,0.9991677,True,2.9086585e-05,0.9991677,3.4952634e-05,5.772996e-05,2.6245532e-05,0.00025380022,2.8836186e-05,0.00040170603
pbmc4k_TCACGAACAGTGACAG-1,Activated/transitional T cells,Naive/resting T cells,Naive/resting T cells,0.92815846,False,0.034292784,0.0040366375,0.0037754134,0.005051156,0.0024896932,0.01957971,0.0026160968,0.92815846
pbmc4k_TCACGAAGTTGCTCCT-1,Naive/resting T cells,Naive/resting T cells,Naive/resting T cells,0.9896951,True,0.0003799809,0.00047820815,0.0002467862,0.00033568073,0.00032652786,0.008326922,0.0002108514,0.9896951
pbmc4k_TCACGAATCAAGATCC-1,Cytotoxic CD8 T cells,Cytotoxic CD8 T cells,Cytotoxic CD8 T cells,0.9648977,True,0.0020658276,0.0015282638,0.0011056456,0.0010458798,0.9648977,0.026157657,0.0015705741,0.0016285054
pbmc4k_TCACGAATCCTACAGA-1,Naive/resting T cells,Naive/resting T cells,Naive/resting T cells,0.994351,True,0.00038847854,0.00019144018,0.000100128615,0.00014058535,6.606406e-05,0.004679261,8.294275e-05,0.994351
pbmc4k_TCACGAATCGTCTGAA-1,Activated/transitional T cells,IL7R+ memory/helper T cells,IL7R+ memory/helper T cells,0.51783085,False,0.0059968713,0.0052825185,0.0030510323,0.0044519133,0.013495554,0.51783085,0.0039012283,0.44599003
pbmc4k_TCAGATGAGCTCCTTC-1,Activated/transitional T cells,Naive/resting T cells,Naive/resting T cells,0.98447996,False,0.0017998504,0.0012549688,0.0006201494,0.00095638755,0.00043598274,0.0097298995,0.00072281616,0.98447996
pbmc4k_TCAGATGAGTCCATAC-1,B cells,B cells,B cells,0.9992914,True,2.7845708e-05,0.9992914,4.068272e-05,4.250136e-05,2.4892792e-05,0.00011352302,2.5907053e-05,0.0004332151
pbmc4k_TCAGATGTCGCAAACT-1,CD16+ non-classical monocytes,CD16+ non-classical monocytes,CD16+ non-classical monocytes,0.9980253,True,5.9127648e-05,0.00040569552,0.9980253,0.0004043494,0.00014153015,0.0007002227,0.00022901433,3.481675e-05
pbmc4k_TCAGCAAAGAAGCCCA-1,Classical monocytes,Classical monocytes,Classical monocytes,0.99757653,True,3.5320758e-05,0.00041753764,0.0014441521,0.99757653,0.00014113031,0.00021401078,9.515528e-05,7.620267e-05
pbmc4k_TCAGCAAAGCTTATCG-1,NK cells,NK cells,NK cells,0.9851791,True,0.00028366185,0.00059121114,0.00043469088,0.0003354741,0.012012902,0.0009425748,0.9851791,0.00022035092
pbmc4k_TCAGCAAAGGCACATG-1,Naive/resting T cells,Naive/resting T cells,Naive/resting T cells,0.9855496,True,0.00021085776,0.0006377797,0.00048623251,0.00032055558,0.00027384338,0.0122294,0.00029175176,0.9855496
pbmc4k_TCAGCAAAGGGATCTG-1,Activated/transitional T cells,Naive/resting T cells,Naive/resting T cells,0.9700842,False,0.00014416159,0.00046438866,0.00027858163,0.00032293485,0.00017608823,0.028322294,0.00020741617,0.9700842
pbmc4k_TCAGCAACAATCACAC-1,Activated/transitional T cells,Naive/resting T cells,Naive/resting T cells,0.8789982,False,0.0013660366,0.0035227153,0.0024307778,0.00301955,0.0032233514,0.10561489,0.001824439,0.8789982
pbmc4k_TCAGCAACAATGGAGC-1,Cytotoxic CD8 T cells,Cytotoxic CD8 T cells,Cytotoxic CD8 T cells,0.98405683,True,0.00015347818,0.00022258947,0.00026582307,0.000166629,0.98405683,0.014623986,0.00024514983,0.00026553875
pbmc4k_TCAGCAACACTAGTAC-1,IL7R+ memory/helper T cells,IL7R+ memory/helper T cells,IL7R+ memory/helper T cells,0.99806565,True,3.126686e-05,0.00032763844,8.5311935e-05,6.316007e-05,8.560508e-05,0.99806565,5.4182074e-05,0.0012872182
pbmc4k_TCAGCAAGTGCCTGTG-1,B cells,B cells,B cells,0.99956673,True,3.5546007e-05,0.99956673,3.7694965e-05,4.5313573e-05,3.397609e-05,8.813929e-05,3.232651e-05,0.00016029352
pbmc4k_TCAGCAAGTGCTTCTC-1,Activated/transitional T cells,Naive/resting T cells,Naive/resting T cells,0.7235783,False,0.053362947,0.053768158,0.012463686,0.013503259,0.005990376,0.12149117,0.01584213,0.7235783
pbmc4k_TCAGCAAGTTCACGGC-1,Classical monocytes,Classical monocytes,Classical monocytes,0.9989648,True,4.5575795e-05,0.00018747547,0.000380883,0.9989648,7.3960444e-05,0.000176968,8.780006e-05,8.257827e-05
pbmc4k_TCAGCTCAGTAGTGCG-1,B cells,B cells,B cells,0.99893683,True,2.983052e-05,0.99893683,4.6277997e-05,6.4211556e-05,2.3057879e-05,0.0002397854,4.4213935e-05,0.0006157902
pbmc4k_TCAGCTCCAAGTAGTA-1,Naive/resting T cells,Naive/resting T cells,Naive/resting T cells,0.99530005,True,0.00062287727,0.00037099628,0.00012803156,0.00018403343,9.7079945e-05,0.0031773117,0.00011960742,0.99530005
pbmc4k_TCAGCTCCAATGTAAG-1,B cells,B cells,B cells,0.99923563,True,1.6933554e-05,0.99923563,3.282051e-05,3.717838e-05,2.8885765e-05,0.00013211688,2.1529984e-05,0.00049490214
pbmc4k_TCAGCTCCACGACTCG-1,Activated/transitional T cells,Naive/resting T cells,Naive/resting T cells,0.85838246,False,0.00053145475,0.0013862133,0.0009900256,0.0008733226,0.00087862863,0.13614732,0.0008105518,0.85838246
pbmc4k_TCAGCTCCAGATGGCA-1,Activated/transitional T cells,Naive/resting T cells,Naive/resting T cells,0.8112403,False,0.015566039,0.003926373,0.0029421258,0.0040178057,0.001527889,0.15820768,0.0025717819,0.8112403
pbmc4k_TCAGCTCCATTGGTAC-1,B cells,B cells,B cells,0.9993761,True,3.204095e-05,0.9993761,4.0431383e-05,4.9304832e-05,2.8399974e-05,0.00014452865,3.370831e-05,0.00029551177
pbmc4k_TCAGCTCGTATCTGCA-1,Naive/resting T cells,Naive/resting T cells,Naive/resting T cells,0.96250653,True,0.0077193924,0.0013937255,0.0007333009,0.0011435394,0.00048993184,0.025328781,0.0006848786,0.96250653
pbmc4k_TCAGCTCGTCGCTTTC-1,Cytotoxic CD8 T cells,NK cells,NK cells,0.5977664,False,0.008868226,0.011268364,0.0037283788,0.0022704138,0.347849,0.026009953,0.5977664,0.002239262
pbmc4k_TCAGCTCGTTGTACAC-1,Activated/transitional T cells,Naive/resting T cells,Naive/resting T cells,0.9280158,False,0.00020368204,0.0017820451,0.00039192542,0.0004652175,0.00030563527,0.0685081,0.00032757403,0.9280158
pbmc4k_TCAGCTCTCACCACCT-1,Classical monocytes,Classical monocytes,Classical monocytes,0.9963897,True,7.12002e-05,0.0017647386,0.0004559912,0.9963897,0.00016559563,0.00070241187,0.00022849516,0.00022179526
pbmc4k_TCAGCTCTCGCCTGTT-1,Activated/transitional T cells,Naive/resting T cells,Naive/resting T cells,0.86091477,False,0.00118835,0.0034779834,0.0020690772,0.0019626168,0.0016396252,0.12732156,0.0014260227,0.86091477
pbmc4k_TCAGCTCTCGTCGTTC-1,Naive/resting T cells,Naive/resting T cells,Naive/resting T cells,0.9971301,True,4.9784827e-05,0.00014911673,0.000120946504,0.00010089357,6.145706e-05,0.0023303155,5.7425343e-05,0.9971301
pbmc4k_TCAGCTCTCTTGCCGT-1,Activated/transitional T cells,Naive/resting T cells,Naive/resting T cells,0.97360027,False,0.00059882744,0.0017893582,0.0008158146,0.0010236356,0.0013510237,0.020180661,0.0006404202,0.97360027
pbmc4k_TCAGGATAGAGTCTGG-1,IL7R+ memory/helper T cells,IL7R+ memory/helper T cells,IL7R+ memory/helper T cells,0.8981805,True,0.0010850973,0.0025088547,0.0013302119,0.0013286797,0.0010811886,0.8981805,0.00072531693,0.09376017
pbmc4k_TCAGGATAGCGGATCA-1,Cytotoxic CD8 T cells,Cytotoxic CD8 T cells,Cytotoxic CD8 T cells,0.9687958,True,0.0045916485,0.0017161721,0.00095974095,0.00096106535,0.9687958,0.015695637,0.00555585,0.0017241193
pbmc4k_TCAGGATGTCCTAGCG-1,Classical monocytes,Classical monocytes,Classical monocytes,0.99965024,True,1.8523615e-05,7.8074845e-05,9.687168e-05,0.99965024,1.9267556e-05,6.599324e-05,3.5031902e-05,3.5953886e-05
pbmc4k_TCAGGATGTTGGTAAA-1,Activated/transitional T cells,Naive/resting T cells,Naive/resting T cells,0.94922996,False,0.0004742048,0.0012082625,0.00063750317,0.000719741,0.0003225415,0.04699608,0.00041167147,0.94922996
pbmc4k_TCAGGATTCATTGCGA-1,Classical monocytes,Classical monocytes,Classical monocytes,0.9992453,True,3.1502554e-05,0.00021615397,0.00020816267,0.9992453,3.884411e-05,0.00013934271,8.106501e-05,3.9683444e-05
pbmc4k_TCAGGTAAGGAATTAC-1,Classical monocytes,Classical monocytes,Classical monocytes,0.993453,True,7.484522e-05,0.0016594983,0.0028493865,0.993453,0.00024232536,0.0008932,0.0004994773,0.0003283077
pbmc4k_TCAGGTACAATCGAAA-1,Classical monocytes,Classical monocytes,Classical monocytes,0.999613,True,2.7316637e-05,5.420416e-05,0.00014557048,0.999613,3.1721294e-05,4.962838e-05,3.9579725e-05,3.9028502e-05
pbmc4k_TCAGGTACAGTCAGCC-1,B cells,B cells,B cells,0.99867827,True,5.190416e-05,0.99867827,8.573176e-05,7.461956e-05,6.255197e-05,0.00025799256,5.153822e-05,0.00073736615
pbmc4k_TCAGGTAGTAGCGTGA-1,B cells,B cells,B cells,0.9986247,True,5.1409297e-05,0.9986247,6.0591363e-05,5.50674e-05,0.00011156485,0.0004521935,4.069029e-05,0.0006037619
pbmc4k_TCAGGTATCACCCTCA-1,Cytotoxic CD8 T cells,Cytotoxic CD8 T cells,Cytotoxic CD8 T cells,0.989174,True,0.0010394573,0.00046424253,0.00036664275,0.00032190324,0.989174,0.0074294317,0.0010003063,0.00020401868
pbmc4k_TCAGGTATCCGTTGTC-1,B cells,B cells,B cells,0.9996822,True,1.7144446e-05,0.9996822,3.195883e-05,3.778383e-05,1.6161137e-05,0.00013134458,2.3064567e-05,6.0330214e-05
pbmc4k_TCAGGTATCTATGTGG-1,Activated/transitional T cells,Naive/resting T cells,Naive/resting T cells,0.7852712,False,0.0021776953,0.0046751727,0.002978763,0.0022163643,0.0018726835,0.19881143,0.0019966976,0.7852712
pbmc4k_TCATTACCAACGATCT-1,Classical monocytes,Classical monocytes,Classical monocytes,0.9954727,True,3.5901907e-05,0.0028815274,0.00054381136,0.9954727,0.00013361865,0.0006364694,0.00017820485,0.00011771524
pbmc4k_TCATTACCAAGTAATG-1,Activated/transitional T cells,Naive/resting T cells,Naive/resting T cells,0.93150556,False,0.0009644677,0.0014591631,0.000605638,0.0009277124,0.00046661522,0.06352517,0.00054566324,0.93150556
pbmc4k_TCATTACCATTGAGCT-1,Classical monocytes,Classical monocytes,Classical monocytes,0.9989911,True,0.00010502956,9.9823286e-05,0.00013470922,0.9989911,4.3855463e-05,0.00042976704,6.975598e-05,0.00012601049
pbmc4k_TCATTACGTCACCCAG-1,Cytotoxic CD8 T cells,Cytotoxic CD8 T cells,Cytotoxic CD8 T cells,0.99408394,True,0.00049663446,0.00028806605,0.00023887119,0.00017617339,0.99408394,0.002606746,0.0018257402,0.00028380295
pbmc4k_TCATTTGAGAACAACT-1,IL7R+ memory/helper T cells,IL7R+ memory/helper T cells,IL7R+ memory/helper T cells,0.9978034,True,3.6299483e-05,8.8306944e-05,6.4160355e-05,6.108757e-05,6.676408e-05,0.9978034,5.689266e-05,0.0018231043
pbmc4k_TCATTTGAGAATAGGG-1,Activated/transitional T cells,Naive/resting T cells,Naive/resting T cells,0.9913305,False,8.9324836e-05,0.00045498984,0.0002658094,0.00025290836,0.0002707296,0.007187748,0.00014799769,0.9913305
pbmc4k_TCATTTGAGCAAATCA-1,Classical monocytes,Classical monocytes,Classical monocytes,0.99873286,True,2.9394487e-05,0.0005260435,0.00033034224,0.99873286,7.836587e-05,0.00018352241,5.9393788e-05,6.00923e-05
pbmc4k_TCATTTGAGCACACAG-1,Activated/transitional T cells,Naive/resting T cells,Naive/resting T cells,0.76157457,False,0.00044466814,0.0010863965,0.0006448945,0.00096878846,0.00051959266,0.23421836,0.00054273097,0.76157457
pbmc4k_TCATTTGAGTACACCT-1,Naive/resting T cells,Naive/resting T cells,Naive/resting T cells,0.9870495,True,0.00037195848,0.00045402627,0.00031671,0.0003525821,0.00045613243,0.0108022,0.00019693667,0.9870495
pbmc4k_TCATTTGCACCTCGGA-1,Activated/transitional T cells,Naive/resting T cells,Naive/resting T cells,0.97555065,False,0.0010283836,0.0015482836,0.0007031068,0.0011272321,0.00040730866,0.018860947,0.0007740476,0.97555065
pbmc4k_TCATTTGGTGGGTCAA-1,Activated/transitional T cells,IL7R+ memory/helper T cells,IL7R+ memory/helper T cells,0.7488581,False,0.0017756736,0.0051433174,0.0023005554,0.0029073702,0.0017635211,0.7488581,0.0019974746,0.23525399
pbmc4k_TCATTTGTCCATGAGT-1,IL7R+ memory/helper T cells,IL7R+ memory/helper T cells,IL7R+ memory/helper T cells,0.9845793,True,0.00011366445,0.0006825964,0.0002120407,0.0003073568,0.00027578571,0.9845793,0.00017760783,0.01365159
pbmc4k_TCCACACAGGGAGTAA-1,Activated/transitional T cells,Naive/resting T cells,Naive/resting T cells,0.96843857,False,0.00059282925,0.00083024387,0.00054398325,0.0006892297,0.00035844443,0.027957885,0.00058882765,0.96843857
pbmc4k_TCCACACAGTCCGTAT-1,Classical monocytes,Classical monocytes,Classical monocytes,0.99949825,True,2.9398308e-05,0.00020589736,0.00011913607,0.99949825,2.5759971e-05,6.382754e-05,3.859293e-05,1.915111e-05
pbmc4k_TCCACACGTCTTGTCC-1,IL7R+ memory/helper T cells,IL7R+ memory/helper T cells,IL7R+ memory/helper T cells,0.96351165,True,0.00014841762,0.00032839592,0.00016628882,0.00016544222,0.00021821595,0.96351165,0.00013437614,0.035327252
pbmc4k_TCCACACGTGTCTGAT-1,B cells,B cells,B cells,0.9990491,True,2.7408241e-05,0.9990491,3.4300152e-05,4.6490542e-05,3.7993756e-05,0.00047153677,3.283536e-05,0.00030023837
pbmc4k_TCCACACTCCGCGTTT-1,B cells,B cells,B cells,0.9988978,True,1.8284592e-05,0.9988978,4.8751426e-05,4.577886e-05,2.8260185e-05,0.00016766721,2.6230464e-05,0.000767235
pbmc4k_TCCCGATAGACTACAA-1,B cells,B cells,B cells,0.99950397,True,5.3398355e-05,0.99950397,4.6664012e-05,4.6562967e-05,2.8303479e-05,0.00013448128,2.8217692e-05,0.00015840206
pbmc4k_TCCCGATAGTGGTCCC-1,Activated/transitional T cells,Naive/resting T cells,Naive/resting T cells,0.97344637,False,0.000231707,0.0012356681,0.0004356418,0.0006541891,0.000573952,0.023045067,0.0003774407,0.97344637
pbmc4k_TCCCGATCATGGATGG-1,Classical monocytes,Classical monocytes,Classical monocytes,0.99535096,True,6.1295475e-05,0.004070414,0.00010607385,0.99535096,6.30024e-05,0.000171112,6.016411e-05,0.000116939904
pbmc4k_TCCCGATGTCTCAACA-1,Classical monocytes,Classical monocytes,Classical monocytes,0.9984303,True,0.0001350491,8.28346e-05,0.000770126,0.9984303,3.8833386e-05,0.0003383178,0.00013120814,7.3321564e-05
pbmc4k_TCCCGATTCCAGTATG-1,Activated/transitional T cells,Naive/resting T cells,Naive/resting T cells,0.90020597,False,0.001936576,0.001932506,0.0016721583,0.0011080554,0.0009495972,0.09122258,0.00097259466,0.90020597
pbmc4k_TCCCGATTCCTACAGA-1,Cytotoxic CD8 T cells,Cytotoxic CD8 T cells,Cytotoxic CD8 T cells,0.98461896,True,0.0008396241,0.00031450612,0.00027182206,0.00022224433,0.98461896,0.013221764,0.00033181137,0.00017923402
pbmc4k_TCCCGATTCCTCATTA-1,IL7R+ memory/helper T cells,IL7R+ memory/helper T cells,IL7R+ memory/helper T cells,0.99665207,True,0.00028822912,0.00031169518,0.00044450586,0.00023077974,0.00028027548,0.99665207,0.00021833957,0.0015740874
pbmc4k_TCGAGGCAGGAGTTTA-1,Activated/transitional T cells,Naive/resting T cells,Naive/resting T cells,0.95853573,False,0.00063747796,0.001196765,0.0005765583,0.0008019921,0.0008334015,0.036882207,0.000535911,0.95853573
pbmc4k_TCGAGGCAGGATGTAT-1,Classical monocytes,Classical monocytes,Classical monocytes,0.9992028,True,3.6851696e-05,8.907244e-05,0.0004178185,0.9992028,3.140106e-05,0.00012448663,7.653207e-05,2.10563e-05
pbmc4k_TCGAGGCAGGGAACGG-1,Classical monocytes,Classical monocytes,Classical monocytes,0.99898535,True,1.4042551e-05,0.00020825288,0.00056743046,0.99898535,4.0468378e-05,9.2065595e-05,5.180468e-05,4.0544015e-05
pbmc4k_TCGAGGCAGGTAGCTG-1,Activated/transitional T cells,Naive/resting T cells,Naive/resting T cells,0.9842866,False,0.0001469845,0.0004370326,0.00031542225,0.0002249752,0.00023594225,0.0141501855,0.00020291754,0.9842866
pbmc4k_TCGAGGCCACACCGCA-1,Classical monocytes,Classical monocytes,Classical monocytes,0.9995332,True,2.3215594e-05,0.000117849166,0.00017986551,0.9995332,2.0847867e-05,5.1927043e-05,4.0234056e-05,3.28791e-05
pbmc4k_TCGAGGCCATCCTTGC-1,Classical monocytes,Classical monocytes,Classical monocytes,0.99177027,True,8.609683e-05,0.0009455431,0.0059375265,0.99177027,0.00020134616,0.00060645846,0.00033659814,0.00011619797
pbmc4k_TCGAGGCGTCTACCTC-1,Classical monocytes,Classical monocytes,Classical monocytes,0.9535831,True,0.00039748472,0.0274384,0.006186338,0.9535831,0.0010346512,0.00944316,0.0014303903,0.00048640827
pbmc4k_TCGAGGCGTGTGAAAT-1,IL7R+ memory/helper T cells,IL7R+ memory/helper T cells,IL7R+ memory/helper T cells,0.9967655,True,0.000112474816,0.0004078859,0.00024776612,0.00022242125,0.00060616765,0.9967655,0.00019392325,0.0014438321
pbmc4k_TCGAGGCGTTAAGACA-1,Cytotoxic CD8 T cells,Cytotoxic CD8 T cells,Cytotoxic CD8 T cells,0.99824786,True,0.000112722795,0.00017058937,6.8094516e-05,6.919515e-05,0.99824786,0.0009617457,0.00030706407,6.2695246e-05
pbmc4k_TCGAGGCGTTCGCGAC-1,Activated/transitional T cells,Naive/resting T cells,Naive/resting T cells,0.97269464,False,0.016375493,0.0015637418,0.0008885642,0.0017406986,0.0010928845,0.004737448,0.0009065369,0.97269464
pbmc4k_TCGCGAGCACGAAGCA-1,CD16+ non-classical monocytes,CD16+ non-classical monocytes,CD16+ non-classical monocytes,0.999443,True,1.1960504e-05,0.00013162121,0.999443,0.00010041893,5.249284e-05,0.00013858658,0.00011122531,1.0739552e-05
pbmc4k_TCGCGAGCAGACAAAT-1,Activated/transitional T cells,Naive/resting T cells,Naive/resting T cells,0.9892085,False,0.0016737217,0.00052632723,0.00034329013,0.0004928836,0.00053592655,0.0068979356,0.00032134244,0.9892085
pbmc4k_TCGCGAGGTGCAACGA-1,Activated/transitional T cells,Naive/resting T cells,Naive/resting T cells,0.9118759,False,0.0004153916,0.0012356548,0.00049761595,0.0006693377,0.0004043001,0.08445586,0.0004460056,0.9118759
pbmc4k_TCGCGAGGTGCTTCTC-1,Activated/transitional T cells,Naive/resting T cells,Naive/resting T cells,0.97516453,False,0.0006618292,0.0013209819,0.00088957424,0.0008083707,0.00042683823,0.020112779,0.00061508565,0.97516453
pbmc4k_TCGCGTTAGCATCATC-1,Activated/transitional T cells,IL7R+ memory/helper T cells,IL7R+ memory/helper T cells,0.7480298,False,0.00067122537,0.0012788022,0.001016359,0.0007178569,0.0007007184,0.7480298,0.0008118234,0.24677339
pbmc4k_TCGCGTTAGTTAGCGG-1,Activated/transitional T cells,Naive/resting T cells,Naive/resting T cells,0.90559775,False,0.0019801646,0.0025267184,0.001295704,0.0020366865,0.0011109516,0.084179945,0.0012720942,0.90559775
pbmc4k_TCGCGTTCACGGCTAC-1,Activated/transitional T cells,Naive/resting T cells,Naive/resting T cells,0.9856026,False,0.00038784803,0.0008467285,0.00044273955,0.0005837047,0.0002468436,0.011516676,0.00037278104,0.9856026
pbmc4k_TCGCGTTCATCGATTG-1,Cytotoxic CD8 T cells,Cytotoxic CD8 T cells,Cytotoxic CD8 T cells,0.9936743,True,0.00043666887,0.00020483823,0.00015629081,0.00026215153,0.9936743,0.0044898335,0.00012868004,0.00064727204
pbmc4k_TCGCGTTGTACGAAAT-1,Activated/transitional T cells,Naive/resting T cells,Naive/resting T cells,0.99388736,False,0.000108224674,0.00029575822,0.00021137997,0.00021813253,0.00020342118,0.004954745,0.0001209537,0.99388736
pbmc4k_TCGCGTTGTGTGACCC-1,Naive/resting T cells,Naive/resting T cells,Naive/resting T cells,0.93899506,True,0.00019121893,0.00056616246,0.00026335468,0.00025461585,0.00024745686,0.05927903,0.00020314503,0.93899506
pbmc4k_TCGCGTTTCAGCATGT-1,IL7R+ memory/helper T cells,IL7R+ memory/helper T cells,IL7R+ memory/helper T cells,0.99950135,True,2.2015676e-05,6.158201e-05,3.3501903e-05,3.3989814e-05,8.957532e-05,0.99950135,2.9268347e-05,0.00022868362
pbmc4k_TCGCGTTTCATGGTCA-1,NK cells,NK cells,NK cells,0.9933891,True,0.00028715454,0.00029022875,0.0021122817,0.00029894282,0.0027144437,0.00080634316,0.9933891,0.00010145422
pbmc4k_TCGCGTTTCGACAGCC-1,Classical monocytes,Classical monocytes,Classical monocytes,0.9995111,True,3.2651737e-05,3.9489885e-05,0.0002576191,0.9995111,2.2391057e-05,3.058756e-05,5.4383425e-05,5.1773946e-05
pbmc4k_TCGCGTTTCTGAAAGA-1,Classical monocytes,Classical monocytes,Classical monocytes,0.8107523,True,0.0003190965,0.0051792376,0.0030500235,0.8107523,0.14879842,0.029993165,0.0013576761,0.00055006624
pbmc4k_TCGGGACAGCGATTCT-1,Activated/transitional T cells,Naive/resting T cells,Naive/resting T cells,0.98761487,False,0.00011222263,0.00022448947,0.00014625471,0.00021039537,9.2843846e-05,0.011479833,0.00011907115,0.98761487
pbmc4k_TCGGGACAGCGTGAGT-1,CD16+ non-classical monocytes,CD16+ non-classical monocytes,CD16+ non-classical monocytes,0.9992447,True,2.1479133e-05,0.00038519406,0.9992447,0.00011605775,3.460068e-05,0.00012058295,6.191116e-05,1.5483563e-05
pbmc4k_TCGGGACAGTGTACGG-1,NK cells,Cytotoxic CD8 T cells,Cytotoxic CD8 T cells,0.9823252,False,0.0037207918,0.0013015585,0.0009234134,0.0010753041,0.9823252,0.0071738334,0.0016859651,0.0017939407
pbmc4k_TCGGGACCACGGACAA-1,Activated/transitional T cells,Naive/resting T cells,Naive/resting T cells,0.94235706,False,0.00045423207,0.00088457967,0.000825332,0.00084029615,0.00049685553,0.05351935,0.0006223217,0.94235706
pbmc4k_TCGGGACCAGGACGTA-1,Cytotoxic CD8 T cells,Cytotoxic CD8 T cells,Cytotoxic CD8 T cells,0.97690225,True,0.00039694548,0.00035292472,0.00024238818,0.00028575482,0.97690225,0.020094898,0.00024193877,0.0014828484
pbmc4k_TCGGGACGTGTGGTTT-1,Naive/resting T cells,Naive/resting T cells,Naive/resting T cells,0.9970613,True,0.00040774632,0.00038912715,0.00020940568,0.00033826107,0.00017720394,0.0012236228,0.00019329587,0.9970613
pbmc4k_TCGGGACGTTCTGAAC-1,Cytotoxic CD8 T cells,Cytotoxic CD8 T cells,Cytotoxic CD8 T cells,0.98548234,True,0.00011800528,0.0002412619,0.00010854549,0.00011534053,0.98548234,0.012466624,0.00011314255,0.0013547139
pbmc4k_TCGGGACGTTTGGGCC-1,Activated/transitional T cells,Naive/resting T cells,Naive/resting T cells,0.9160337,False,0.031545512,0.009138417,0.0056579914,0.009764746,0.00611696,0.016084727,0.0056579486,0.9160337
pbmc4k_TCGGGACTCCCAACGG-1,Cytotoxic CD8 T cells,Cytotoxic CD8 T cells,Cytotoxic CD8 T cells,0.99271315,True,0.00022211779,0.00016028996,0.00014734952,0.00011898501,0.99271315,0.0062871887,0.00016337908,0.00018754743
pbmc4k_TCGGGACTCTGAAAGA-1,Cytotoxic CD8 T cells,IL7R+ memory/helper T cells,IL7R+ memory/helper T cells,0.9950176,False,0.00044675742,0.00025842778,0.00020684574,0.00026295191,0.0008995996,0.9950176,0.00026029474,0.0026475927
pbmc4k_TCGGGACTCTTGCATT-1,Classical monocytes,Classical monocytes,Classical monocytes,0.9997008,True,3.3037002e-05,5.5679568e-05,6.105088e-05,0.9997008,9.586409e-06,7.663055e-05,2.819371e-05,3.5076064e-05
pbmc4k_TCGGTAAAGTTTCCTT-1,B cells,B cells,B cells,0.99950564,True,5.5367545e-05,0.99950564,4.363806e-05,5.3926888e-05,4.6765177e-05,7.2237475e-05,4.343184e-05,0.00017902732
pbmc4k_TCGGTAAGTCGCATAT-1,Cytotoxic CD8 T cells,Cytotoxic CD8 T cells,Cytotoxic CD8 T cells,0.99771833,True,8.78968e-05,0.0001757196,0.00010094972,9.802137e-05,0.99771833,0.0012500974,0.000116093295,0.000452936
pbmc4k_TCGGTAAGTGTTCTTT-1,Activated/transitional T cells,IL7R+ memory/helper T cells,Naive/resting T cells,0.5424883,False,0.0008819631,0.002098323,0.0012942648,0.0016580995,0.0011937565,0.44937134,0.0010140085,0.5424883
pbmc4k_TCGGTAAGTTCTGAAC-1,NK cells,NK cells,NK cells,0.9747424,True,0.00042868973,0.0008950042,0.0010465315,0.0006715368,0.018322038,0.0034465576,0.9747424,0.00044721348
pbmc4k_TCGGTAATCGTCTGCT-1,Cytotoxic CD8 T cells,Cytotoxic CD8 T cells,Cytotoxic CD8 T cells,0.97738296,True,0.0008324603,0.0016146216,0.00084442896,0.0006700818,0.97738296,0.009621285,0.008379587,0.00065456814
pbmc4k_TCGGTAATCTCGCTTG-1,B cells,B cells,B cells,0.9899032,True,0.00066463737,0.9899032,0.0002771477,0.00033835106,0.0001742433,0.00034824855,0.00020587463,0.008088327
pbmc4k_TCGTACCAGCAGGCTA-1,Classical monocytes,Classical monocytes,Classical monocytes,0.99955386,True,4.4786357e-05,0.0001578824,9.79064e-05,0.99955386,2.1868258e-05,3.9780858e-05,2.9062996e-05,5.47774e-05
pbmc4k_TCGTACCAGCCAGTTT-1,IL7R+ memory/helper T cells,IL7R+ memory/helper T cells,IL7R+ memory/helper T cells,0.98664886,True,0.0003268561,0.0011123668,0.0007875054,0.00079329446,0.00081169925,0.98664886,0.00043991962,0.00907951
pbmc4k_TCGTACCAGCGCCTCA-1,IL7R+ memory/helper T cells,IL7R+ memory/helper T cells,IL7R+ memory/helper T cells,0.9994412,True,3.6772082e-05,8.210217e-05,7.0395894e-05,4.819422e-05,5.601525e-05,0.9994412,4.390599e-05,0.00022134949
pbmc4k_TCGTACCAGCTAAACA-1,B cells,B cells,B cells,0.99906355,True,8.159376e-05,0.99906355,7.9184065e-05,5.7153273e-05,2.3073562e-05,0.00027495335,3.379029e-05,0.00038666735
pbmc4k_TCGTACCAGGCTCATT-1,Cytotoxic CD8 T cells,IL7R+ memory/helper T cells,IL7R+ memory/helper T cells,0.97164536,False,0.0007530404,0.0012211705,0.0006672046,0.00053849514,0.02054892,0.97164536,0.0005975589,0.0040282165
pbmc4k_TCGTACCAGTATTGGA-1,Classical monocytes,Classical monocytes,Classical monocytes,0.9969097,True,9.944293e-05,0.00064302894,0.0009358358,0.9969097,0.00019170357,0.0006019242,0.00024279243,0.00037564177
pbmc4k_TCGTACCGTTCAGCGC-1,Activated/transitional T cells,Naive/resting T cells,Naive/resting T cells,0.8612884,False,0.0024508121,0.0033003523,0.003982359,0.0035127427,0.0032003552,0.120098084,0.0021669394,0.8612884
pbmc4k_TCGTACCTCGGCGCAT-1,Cytotoxic CD8 T cells,IL7R+ memory/helper T cells,IL7R+ memory/helper T cells,0.73205096,False,0.0022033902,0.003610563,0.002227918,0.0022897809,0.004767973,0.73205096,0.0022353157,0.25061405
pbmc4k_TCGTAGACAATTGCTG-1,IL7R+ memory/helper T cells,IL7R+ memory/helper T cells,IL7R+ memory/helper T cells,0.9993445,True,1.701602e-05,0.000100751764,7.180018e-05,3.8961243e-05,4.4116e-05,0.9993445,3.0223397e-05,0.00035253292
pbmc4k_TCGTAGACACTAAGTC-1,Activated/transitional T cells,Naive/resting T cells,Naive/resting T cells,0.9940599,False,6.312292e-05,0.00011147921,5.1863568e-05,6.595395e-05,8.621292e-05,0.005516609,4.48378e-05,0.9940599
pbmc4k_TCGTAGACAGTTTACG-1,B cells,B cells,B cells,0.99901235,True,4.238386e-05,0.99901235,4.336874e-05,6.2385916e-05,2.4612194e-05,0.00017376471,3.907773e-05,0.00060202315
pbmc4k_TCGTAGACATCTCGCT-1,B cells,B cells,B cells,0.99926776,True,3.5277066e-05,0.99926776,4.5840738e-05,5.957296e-05,2.9846493e-05,0.00020265345,3.8363258e-05,0.00032069284
pbmc4k_TCGTAGACATTCCTGC-1,NK cells,NK cells,NK cells,0.9921821,True,0.0003258493,0.0003602581,0.00057394756,0.0003002082,0.0034126334,0.0027614625,0.9921821,8.3557745e-05
pbmc4k_TCGTAGAGTCATACTG-1,Activated/transitional T cells,Naive/resting T cells,Naive/resting T cells,0.99744177,False,0.00021671453,0.00011255092,6.5617634e-05,0.00010841819,3.7147543e-05,0.0019469593,7.0780894e-05,0.99744177
pbmc4k_TCGTAGAGTCCAGTTA-1,Classical monocytes,Classical monocytes,Classical monocytes,0.99809355,True,0.00013665862,0.0002750552,0.0008449115,0.99809355,8.231716e-05,0.00015713554,0.0001616923,0.0002486861
pbmc4k_TCGTAGAGTGCGAAAC-1,Classical monocytes,Classical monocytes,Classical monocytes,0.9935661,True,7.433323e-05,0.0018582954,0.003226175,0.9935661,0.000112510425,0.0006939216,0.00024766236,0.00022100373
pbmc4k_TCGTAGAGTTCCACTC-1,Classical monocytes,Classical monocytes,Classical monocytes,0.9924751,True,7.914572e-05,0.001629131,0.0047180634,0.9924751,0.00012457736,0.00063978403,0.00018432265,0.00014992415
pbmc4k_TCGTAGATCACATAGC-1,Activated/transitional T cells,Naive/resting T cells,Naive/resting T cells,0.8950771,False,0.0516219,0.007819664,0.0052331714,0.0063109286,0.0054057767,0.022521954,0.0060095037,0.8950771
pbmc4k_TCGTAGATCGCCTGAG-1,Activated/transitional T cells,Naive/resting T cells,Naive/resting T cells,0.99585426,False,0.00019120572,0.00025074312,0.00015712711,0.00021203292,9.212297e-05,0.0031189718,0.00012350538,0.99585426
pbmc4k_TCGTAGATCTGGTGTA-1,Cytotoxic CD8 T cells,Cytotoxic CD8 T cells,Cytotoxic CD8 T cells,0.6288384,True,0.35126424,0.0059085004,0.0015088711,0.0012189309,0.6288384,0.0035724565,0.0051960223,0.002492507
pbmc4k_TCGTAGATCTTCATGT-1,B cells,B cells,B cells,0.9995839,True,2.989323e-05,0.9995839,5.1256447e-05,4.5008732e-05,2.095471e-05,0.00010359786,2.614652e-05,0.00013924857
pbmc4k_TCTATTGAGACAGGCT-1,B cells,B cells,B cells,0.9986993,True,2.2955977e-05,0.9986993,3.8896007e-05,5.1388924e-05,3.8974467e-05,0.00013702577,2.9773697e-05,0.0009815998
pbmc4k_TCTATTGAGCGTTTAC-1,Classical monocytes,Classical monocytes,Classical monocytes,0.9985097,True,6.177495e-05,0.00035331823,0.00038515564,0.9985097,8.46752e-05,0.0004626688,0.00011438868,2.8321661e-05
pbmc4k_TCTATTGAGCTAGTCT-1,B cells,B cells,B cells,0.99902356,True,1.9729618e-05,0.99902356,3.1634576e-05,3.300052e-05,1.5727437e-05,0.00046379774,2.0218884e-05,0.0003923265
pbmc4k_TCTATTGAGGAGTCTG-1,IL7R+ memory/helper T cells,IL7R+ memory/helper T cells,IL7R+ memory/helper T cells,0.54415405,True,0.005829722,0.007465347,0.0063815294,0.005503101,0.026186068,0.54415405,0.006091929,0.39838827
pbmc4k_TCTATTGCAAGCGAGT-1,Activated/transitional T cells,Naive/resting T cells,Naive/resting T cells,0.8911497,False,0.0027437184,0.0012484364,0.0009942037,0.0013335457,0.0004840259,0.101295024,0.0007513402,0.8911497
pbmc4k_TCTATTGCAGCCACCA-1,Cytotoxic CD8 T cells,Cytotoxic CD8 T cells,Cytotoxic CD8 T cells,0.8684715,True,0.0011229035,0.0016844479,0.001311671,0.0008085318,0.8684715,0.0058439937,0.12029445,0.00046245317
pbmc4k_TCTATTGCAGCCTTTC-1,Activated/transitional T cells,Naive/resting T cells,Naive/resting T cells,0.98694617,False,6.251564e-05,0.00034737732,0.00021544387,0.00022359418,0.00010147909,0.011967307,0.00013612804,0.98694617
pbmc4k_TCTATTGCATACTCTT-1,IL7R+ memory/helper T cells,IL7R+ memory/helper T cells,IL7R+ memory/helper T cells,0.9761949,True,0.0027649542,0.002476144,0.0016331109,0.0022921194,0.0014080531,0.9761949,0.0016294052,0.011601261
pbmc4k_TCTATTGGTGAGTGAC-1,IL7R+ memory/helper T cells,IL7R+ memory/helper T cells,IL7R+ memory/helper T cells,0.9943644,True,0.00029582824,0.0010239856,0.00086083164,0.00045713194,0.00060162484,0.9943644,0.0004372229,0.0019590363
pbmc4k_TCTATTGTCACCATAG-1,Classical monocytes,Classical monocytes,Classical monocytes,0.9960483,True,8.100332e-05,0.0009885815,0.0018193604,0.9960483,0.00014765291,0.0005839274,0.00025315242,7.800109e-05
pbmc4k_TCTATTGTCACCCTCA-1,Activated/transitional T cells,Naive/resting T cells,Naive/resting T cells,0.93916863,False,0.0030446956,0.012233354,0.002570072,0.0036197575,0.002732816,0.034410708,0.002219942,0.93916863
pbmc4k_TCTATTGTCATCTGTT-1,Cytotoxic CD8 T cells,Cytotoxic CD8 T cells,Cytotoxic CD8 T cells,0.9550836,True,0.0010422098,0.0014249572,0.0009067942,0.0009059091,0.9550836,0.035677496,0.004537367,0.00042162972
pbmc4k_TCTCATAAGAAACCTA-1,B cells,B cells,B cells,0.9990952,True,3.449614e-05,0.9990952,3.5129146e-05,4.235909e-05,3.179734e-05,0.00022430706,2.772514e-05,0.0005089984
pbmc4k_TCTCATAAGCGTGTCC-1,IL7R+ memory/helper T cells,IL7R+ memory/helper T cells,IL7R+ memory/helper T cells,0.9780757,True,0.00042574247,0.0011305431,0.00065868883,0.0006570288,0.013362884,0.9780757,0.00049645867,0.0051929704
pbmc4k_TCTCATAAGTTGCAGG-1,Cytotoxic CD8 T cells,Cytotoxic CD8 T cells,Cytotoxic CD8 T cells,0.99369943,True,0.0005077806,0.00053765596,0.00026747465,0.00037222702,0.99369943,0.0013459485,0.0003773082,0.0028922148
pbmc4k_TCTCATACACATCCGG-1,Activated/transitional T cells,Naive/resting T cells,Naive/resting T cells,0.9700605,False,0.00038678537,0.0010055408,0.0005264017,0.00077407184,0.00031131107,0.026425015,0.0005104024,0.9700605
pbmc4k_TCTCATACACGCATCG-1,Naive/resting T cells,Naive/resting T cells,Naive/resting T cells,0.98512036,True,0.0028572555,0.002130161,0.00051634014,0.0007358106,0.0009856544,0.0071526896,0.00050179794,0.98512036
pbmc4k_TCTCATACAGGATTGG-1,Classical monocytes,Classical monocytes,Classical monocytes,0.99979025,True,1.3506733e-05,3.8266542e-05,4.0237686e-05,0.99979025,1.5704289e-05,5.880373e-05,2.2351926e-05,2.0891248e-05
pbmc4k_TCTCATAGTAGCTTGT-1,Cytotoxic CD8 T cells,Cytotoxic CD8 T cells,Cytotoxic CD8 T cells,0.9818652,True,0.0005742879,0.00037962207,0.00027726003,0.00021138138,0.9818652,0.016074203,0.00026068732,0.00035727382
pbmc4k_TCTCATAGTCGCGAAA-1,Activated/transitional T cells,Naive/resting T cells,Naive/resting T cells,0.9670455,False,0.0010568406,0.000578758,0.00045329606,0.00051649165,0.00034014182,0.02967807,0.000330962,0.9670455
pbmc4k_TCTCATAGTTTGCATG-1,Classical monocytes,Classical monocytes,Classical monocytes,0.993022,True,0.00013626683,0.0019657474,0.003348748,0.993022,0.00020160663,0.0006882458,0.0003657308,0.00027169424
pbmc4k_TCTCATATCAGCTCTC-1,Naive/resting T cells,Naive/resting T cells,Naive/resting T cells,0.99479973,True,0.0002560959,0.00038318595,0.00019610458,0.00027883967,0.00015438366,0.0037604407,0.00017124279,0.99479973
pbmc4k_TCTCATATCTGCGTAA-1,Activated/transitional T cells,IL7R+ memory/helper T cells,IL7R+ memory/helper T cells,0.84100175,False,0.0010349595,0.0013172189,0.0005496602,0.00051082764,0.00047415536,0.84100175,0.0004686988,0.15464273
pbmc4k_TCTCATATCTGGTTCC-1,IL7R+ memory/helper T cells,IL7R+ memory/helper T cells,IL7R+ memory/helper T cells,0.99289083,True,0.00010254054,0.00035725252,0.00015096695,0.00015562493,0.0058676447,0.99289083,0.00013268669,0.00034240636
pbmc4k_TCTCTAAAGCACCGCT-1,Activated/transitional T cells,Naive/resting T cells,Naive/resting T cells,0.85826164,False,0.00264531,0.0059318203,0.0026787291,0.0033398166,0.005580135,0.118680716,0.002881805,0.85826164
pbmc4k_TCTCTAACAACTTGAC-1,Classical monocytes,Classical monocytes,Classical monocytes,0.99971646,True,2.8879278e-05,3.2352018e-05,7.16176e-05,0.99971646,2.6494039e-05,4.851924e-05,5.2681902e-05,2.2933098e-05
pbmc4k_TCTCTAACATCTCGCT-1,Cytotoxic CD8 T cells,Cytotoxic CD8 T cells,Cytotoxic CD8 T cells,0.99384105,True,0.00018255961,0.0003124858,0.00018491108,0.0001425629,0.99384105,0.0035365443,0.00018790632,0.001611989
pbmc4k_TCTCTAAGTATATGGA-1,Naive/resting T cells,Naive/resting T cells,Naive/resting T cells,0.99734664,True,0.0001386576,0.0014420676,0.00013446886,0.00015253093,7.329201e-05,0.0006049014,0.00010745001,0.99734664
pbmc4k_TCTCTAATCAACGGGA-1,B cells,B cells,B cells,0.99938035,True,4.5270575e-05,0.99938035,3.0495657e-05,4.719779e-05,3.0195037e-05,6.155993e-05,2.3157785e-05,0.00038171466
pbmc4k_TCTCTAATCACTCCTG-1,IL7R+ memory/helper T cells,IL7R+ memory/helper T cells,IL7R+ memory/helper T cells,0.9798202,True,0.00046320274,0.0008616248,0.00038028834,0.0004624387,0.0009130162,0.9798202,0.00033566408,0.016763642
pbmc4k_TCTCTAATCAGCAACT-1,Activated/transitional T cells,Naive/resting T cells,Naive/resting T cells,0.8844123,False,0.004691636,0.0065226713,0.002455986,0.003760765,0.0031538538,0.092863046,0.0021397236,0.8844123
pbmc4k_TCTCTAATCAGGTAAA-1,B cells,B cells,B cells,0.9977041,True,0.00016912672,0.9977041,0.00013606908,0.00016006762,9.387733e-05,0.0006019338,0.00011124132,0.0010235793
pbmc4k_TCTCTAATCCAGAAGG-1,Classical monocytes,Classical monocytes,Classical monocytes,0.9993223,True,2.1117703e-05,0.00020081965,0.00012271306,0.9993223,4.009829e-05,0.00016036685,7.6886034e-05,5.5674147e-05
pbmc4k_TCTCTAATCCAGATCA-1,Classical monocytes,Classical monocytes,Classical monocytes,0.99941194,True,1.8324856e-05,0.00012916721,0.00021162957,0.99941194,3.240178e-05,0.00010348377,5.6949277e-05,3.616507e-05
pbmc4k_TCTGAGAAGGCCCTTG-1,Activated/transitional T cells,Naive/resting T cells,Naive/resting T cells,0.9627345,False,0.0005226211,0.0021527715,0.00052436214,0.0004082775,0.00035848244,0.03291878,0.00038025208,0.9627345
pbmc4k_TCTGAGAAGTGCAAGC-1,Activated/transitional T cells,Naive/resting T cells,Naive/resting T cells,0.9435026,False,0.0002705905,0.00079965696,0.000456461,0.00065080257,0.0005555769,0.053349942,0.00041438243,0.9435026
pbmc4k_TCTGAGAGTATGCTTG-1,NK cells,NK cells,NK cells,0.99822,True,0.0002171419,7.532753e-05,0.0005224042,6.0929247e-05,0.00045417185,0.0003863766,0.99822,6.362681e-05
pbmc4k_TCTGAGAGTCACTGGC-1,NK cells,NK cells,NK cells,0.90150213,True,0.012525598,0.002290382,0.0031329228,0.0015314664,0.06970255,0.0076048505,0.90150213,0.0017100888
pbmc4k_TCTGAGATCAACACAC-1,Activated/transitional T cells,Naive/resting T cells,Naive/resting T cells,0.99250716,False,0.0044280565,0.0020865942,8.6629196e-05,0.00013486373,6.459697e-05,0.00060545345,8.6694075e-05,0.99250716
pbmc4k_TCTGAGATCAAGATCC-1,Classical monocytes,Classical monocytes,Classical monocytes,0.99548846,True,7.031756e-05,0.0011820674,0.001925748,0.99548846,0.00018156502,0.0007186866,0.0003245695,0.00010852977
pbmc4k_TCTGAGATCCACGTTC-1,Classical monocytes,Classical monocytes,Classical monocytes,0.9958513,True,7.811577e-05,0.00087061996,0.002532507,0.9958513,0.00010555354,0.00033174185,0.00015677116,7.339445e-05
pbmc4k_TCTGGAAAGAACTGTA-1,Cytotoxic CD8 T cells,Cytotoxic CD8 T cells,Cytotoxic CD8 T cells,0.981443,True,0.002248901,0.00096691423,0.00062781916,0.00093407946,0.981443,0.0029659288,0.0005597674,0.010253662
pbmc4k_TCTGGAAAGAGTACAT-1,Activated/transitional T cells,Naive/resting T cells,Naive/resting T cells,0.96181643,False,0.0040665087,0.0017762213,0.0011508812,0.0021490937,0.0024149076,0.025552232,0.0010737171,0.96181643
pbmc4k_TCTGGAAAGCGAAGGG-1,Classical monocytes,Classical monocytes,Classical monocytes,0.9645281,True,0.00031932295,0.016031306,0.002340203,0.9645281,0.0013009063,0.010404032,0.0009915016,0.0040846337
pbmc4k_TCTGGAAGTAAGGGCT-1,Activated/transitional T cells,IL7R+ memory/helper T cells,IL7R+ memory/helper T cells,0.71972233,False,0.023501381,0.018399939,0.008665813,0.008081042,0.01189639,0.71972233,0.012879567,0.19685347
pbmc4k_TCTGGAAGTACGCTGC-1,IL7R+ memory/helper T cells,IL7R+ memory/helper T cells,IL7R+ memory/helper T cells,0.9805638,True,0.00019699383,0.00087747705,0.00038342614,0.00042485914,0.0005844533,0.9805638,0.00035889805,0.016610036
pbmc4k_TCTGGAAGTTCAGTAC-1,Cytotoxic CD8 T cells,Cytotoxic CD8 T cells,Cytotoxic CD8 T cells,0.99287957,True,0.0025357415,0.00020129724,0.00019482657,0.00017159575,0.99287957,0.0028117248,0.00019170878,0.0010135834
pbmc4k_TCTGGAATCACATAGC-1,Activated/transitional T cells,IL7R+ memory/helper T cells,IL7R+ memory/helper T cells,0.52234674,False,0.0008115824,0.0031877581,0.0020740377,0.0019023377,0.0016689283,0.52234674,0.001596128,0.46641245
pbmc4k_TCTGGAATCAGTCAGT-1,IL7R+ memory/helper T cells,IL7R+ memory/helper T cells,IL7R+ memory/helper T cells,0.9906623,True,0.000108856504,0.0006798758,0.00048855145,0.00028997136,0.00037809153,0.9906623,0.00027997367,0.0071123834
pbmc4k_TCTGGAATCCTCCTAG-1,CD16+ non-classical monocytes,CD16+ non-classical monocytes,CD16+ non-classical monocytes,0.9984145,True,3.231266e-05,0.00032734845,0.9984145,0.00023022485,8.572866e-05,0.0006656334,0.00021716971,2.7002461e-05
pbmc4k_TCTTCGGAGTGAACAT-1,Activated/transitional T cells,Naive/resting T cells,Naive/resting T cells,0.9834172,False,0.0010547915,0.00082220486,0.0005639757,0.000796748,0.0005258406,0.012305935,0.0005133192,0.9834172
pbmc4k_TCTTCGGAGTTTCCTT-1,IL7R+ memory/helper T cells,IL7R+ memory/helper T cells,IL7R+ memory/helper T cells,0.99740845,True,0.00022758318,0.00023843395,0.00015740746,0.00016754163,0.0014140918,0.99740845,0.00014657417,0.00023987584
pbmc4k_TCTTCGGGTAGCGCTC-1,B cells,B cells,B cells,0.99850416,True,3.412038e-05,0.99850416,3.882304e-05,5.2801344e-05,2.3637878e-05,8.404214e-05,2.9501145e-05,0.0012329926
pbmc4k_TCTTCGGGTCTCCCTA-1,Classical monocytes,Classical monocytes,Classical monocytes,0.9989569,True,2.9661365e-05,0.0002770998,0.00041755335,0.9989569,7.60555e-05,0.00013120299,6.861468e-05,4.2896758e-05
pbmc4k_TCTTCGGTCACAGGCC-1,NK cells,NK cells,NK cells,0.96300983,True,0.0025327639,0.001163887,0.0035872965,0.0010414092,0.02112245,0.006943215,0.96300983,0.0005991782
pbmc4k_TCTTCGGTCCTCAACC-1,Activated/transitional T cells,Naive/resting T cells,Naive/resting T cells,0.99256104,False,0.0019078355,0.0006404689,0.00028910264,0.00044222514,0.0002219294,0.0036424892,0.00029491098,0.99256104
pbmc4k_TCTTCGGTCGGAGCAA-1,Activated/transitional T cells,Naive/resting T cells,Naive/resting T cells,0.7470096,False,0.0003273144,0.0015043716,0.0011806659,0.00097535085,0.000524366,0.24791281,0.00056554994,0.7470096
pbmc4k_TCTTTCCAGCTAGTTC-1,Activated/transitional T cells,Naive/resting T cells,Naive/resting T cells,0.70167667,False,0.0006050691,0.0011775233,0.0009565722,0.0006317469,0.0005959782,0.29381156,0.0005448877,0.70167667
pbmc4k_TCTTTCCCACACCGAC-1,Classical monocytes,Classical monocytes,Classical monocytes,0.9992441,True,3.373991e-05,3.980749e-05,0.0004626348,0.9992441,1.900607e-05,0.00013397094,3.8467308e-05,2.8341112e-05
pbmc4k_TCTTTCCGTCTGATCA-1,IL7R+ memory/helper T cells,IL7R+ memory/helper T cells,IL7R+ memory/helper T cells,0.9993882,True,8.591782e-05,0.00010208404,9.310996e-05,6.486233e-05,8.027208e-05,0.9993882,7.836122e-05,0.00010719988
pbmc4k_TCTTTCCGTTTGTTGG-1,Classical monocytes,Classical monocytes,Classical monocytes,0.99945885,True,2.7932352e-05,0.00014821473,0.00019247184,0.99945885,2.8248944e-05,8.0285325e-05,3.5638397e-05,2.8372842e-05
pbmc4k_TCTTTCCTCCCAGGTG-1,NK cells,NK cells,NK cells,0.99907637,True,2.529059e-05,5.2199368e-05,5.416716e-05,4.374025e-05,0.00039398525,0.00033576353,0.99907637,1.8459245e-05
pbmc4k_TCTTTCCTCCGTAGTA-1,NK cells,NK cells,NK cells,0.97825485,True,0.00046962162,0.0011602482,0.0019345935,0.0006576514,0.015180478,0.0017991564,0.97825485,0.00054335856
pbmc4k_TCTTTCCTCGCGCCAA-1,NK cells,NK cells,NK cells,0.9577306,True,0.00063739583,0.00065233855,0.0005578319,0.00039705893,0.03817673,0.0016259548,0.9577306,0.00022212035
pbmc4k_TCTTTCCTCTGGCGAC-1,Activated/transitional T cells,Naive/resting T cells,Naive/resting T cells,0.78210294,False,0.006406558,0.003578195,0.0023410171,0.0033184085,0.0017301221,0.19858085,0.0019418775,0.78210294
pbmc4k_TGAAAGAAGCCACTAT-1,IL7R+ memory/helper T cells,IL7R+ memory/helper T cells,IL7R+ memory/helper T cells,0.877283,True,0.0007952207,0.0031331824,0.0018015471,0.0021068065,0.002057934,0.877283,0.0013906641,0.111431666
pbmc4k_TGAAAGAAGTGAAGAG-1,Cytotoxic CD8 T cells,IL7R+ memory/helper T cells,IL7R+ memory/helper T cells,0.59977794,False,0.0017193023,0.005675129,0.005712207,0.004678984,0.36698106,0.59977794,0.0043595717,0.011095785
pbmc4k_TGAAAGACAGATGGGT-1,Activated/transitional T cells,Naive/resting T cells,Naive/resting T cells,0.97769356,False,8.4156825e-05,0.00031163858,0.00024639763,0.00019400488,0.0001832983,0.021171259,0.0001156703,0.97769356
pbmc4k_TGAAAGACATCTCCCA-1,Classical monocytes,Classical monocytes,Classical monocytes,0.99925405,True,1.2109315e-05,0.00018789263,0.00030673842,0.99925405,3.400854e-05,0.00014156799,4.3936012e-05,1.9620562e-05
pbmc4k_TGAAAGATCAAGCCTA-1,IL7R+ memory/helper T cells,IL7R+ memory/helper T cells,IL7R+ memory/helper T cells,0.9960568,True,0.00011421534,0.0007668578,0.00033947572,0.0002441311,0.00027729286,0.9960568,0.00020132068,0.0019999712
pbmc4k_TGAAAGATCATGTAGC-1,IL7R+ memory/helper T cells,IL7R+ memory/helper T cells,IL7R+ memory/helper T cells,0.96657807,True,0.0011999815,0.001513803,0.0015171258,0.0010033395,0.0013015941,0.96657807,0.0010142385,0.025871841
pbmc4k_TGAAAGATCCAATGGT-1,Cytotoxic CD8 T cells,Cytotoxic CD8 T cells,Cytotoxic CD8 T cells,0.98187906,True,0.0006053789,0.000802025,0.000609875,0.00049432163,0.98187906,0.007844947,0.0062408634,0.0015235547
pbmc4k_TGAAAGATCTGCGACG-1,Activated/transitional T cells,Naive/resting T cells,Naive/resting T cells,0.6907214,False,0.0009593379,0.0022127873,0.0012847746,0.0014392897,0.0008364534,0.3012023,0.0013436858,0.6907214
pbmc4k_TGACAACAGAGCTATA-1,Classical monocytes,Classical monocytes,Classical monocytes,0.9981152,True,3.7563233e-05,0.00036983902,0.00034021522,0.9981152,0.0004887277,0.0003973394,0.00018136654,6.977661e-05
pbmc4k_TGACAACAGCCAGAAC-1,Classical monocytes,Classical monocytes,Classical monocytes,0.991368,True,8.351738e-05,0.0041492935,0.0029726974,0.991368,0.00016114047,0.00089988054,0.00023823537,0.00012724464
pbmc4k_TGACAACAGCGATTCT-1,Classical monocytes,Classical monocytes,Classical monocytes,0.99104756,True,7.595393e-05,0.0011800724,0.006312363,0.99104756,0.00018058585,0.00073558546,0.00033284677,0.00013503217
pbmc4k_TGACAACAGCGCCTCA-1,Activated/transitional T cells,Naive/resting T cells,Naive/resting T cells,0.9948431,False,7.1868424e-05,0.00021126447,7.174844e-05,0.00012457842,9.170239e-05,0.0045216107,6.404252e-05,0.9948431
pbmc4k_TGACAACCAAGCCTAT-1,Classical monocytes,Classical monocytes,Classical monocytes,0.99959546,True,2.4134673e-05,0.000106395615,6.449375e-05,0.99959546,2.5137768e-05,9.905875e-05,3.640642e-05,4.8890033e-05
pbmc4k_TGACAACCATAGTAAG-1,Activated/transitional T cells,Naive/resting T cells,Naive/resting T cells,0.9625089,False,0.0016600261,0.0027435373,0.0011169564,0.001227372,0.0006552804,0.029285043,0.0008028418,0.9625089
pbmc4k_TGACAACGTCTAGAGG-1,Naive/resting T cells,IL7R+ memory/helper T cells,IL7R+ memory/helper T cells,0.8840348,False,0.034203354,0.0098854825,0.0069272877,0.008021728,0.0065208445,0.8840348,0.008132158,0.042274352
pbmc4k_TGACAACGTGAGTGAC-1,Classical monocytes,Classical monocytes,Classical monocytes,0.99872106,True,0.00042863935,8.1265855e-05,0.00032433358,0.99872106,3.9676852e-05,0.0002373219,0.000116332834,5.131898e-05
pbmc4k_TGACAACGTGCGATAG-1,Activated/transitional T cells,Naive/resting T cells,Naive/resting T cells,0.9764846,False,0.000152909,0.00031317672,0.000154185,0.00021331229,0.00017250488,0.022384208,0.00012517281,0.9764846
pbmc4k_TGACAACTCAGTACGT-1,Classical monocytes,Classical monocytes,Classical monocytes,0.998536,True,5.0356564e-05,0.00031375125,0.0004137364,0.998536,7.7937926e-05,0.0003344056,0.00010217184,0.00017163156
pbmc4k_TGACAACTCATTGCCC-1,IL7R+ memory/helper T cells,IL7R+ memory/helper T cells,IL7R+ memory/helper T cells,0.985463,True,0.0006497887,0.0012017561,0.0008193272,0.0008712423,0.0006239018,0.985463,0.0007371916,0.009633823
pbmc4k_TGACAACTCCCTCTTT-1,B cells,B cells,B cells,0.9996685,True,1.6274345e-05,0.9996685,3.2667875e-05,3.6973517e-05,1.9551204e-05,8.022517e-05,2.698506e-05,0.00011879373
pbmc4k_TGACAACTCGTAGATC-1,NK cells,NK cells,NK cells,0.9727888,True,0.00738371,0.0006863683,0.0029141568,0.00063423207,0.0136968335,0.0015232795,0.9727888,0.0003725625
pbmc4k_TGACAACTCTCGTTTA-1,Classical monocytes,Classical monocytes,Classical monocytes,0.98636127,True,0.00018254263,0.0009332181,0.009111821,0.98636127,0.00045380834,0.0016819566,0.00059472653,0.0006806489
pbmc4k_TGACGGCAGTGTCTCA-1,Activated/transitional T cells,Naive/resting T cells,Naive/resting T cells,0.9448403,False,0.00041118715,0.0013321295,0.00090359134,0.0011049256,0.00066632207,0.050097402,0.0006441521,0.9448403
pbmc4k_TGACGGCCAGCGTAAG-1,Cytotoxic CD8 T cells,Cytotoxic CD8 T cells,Cytotoxic CD8 T cells,0.8144071,True,0.0057383706,0.0018578717,0.002241953,0.0016845152,0.8144071,0.10873481,0.064614646,0.00072075333
pbmc4k_TGACGGCCAGGGAGAG-1,Cytotoxic CD8 T cells,Cytotoxic CD8 T cells,Cytotoxic CD8 T cells,0.94078624,True,0.0008525915,0.0008719739,0.0007719914,0.0006391171,0.94078624,0.048162393,0.0068577593,0.0010579737
pbmc4k_TGACGGCCAGTATCTG-1,Classical monocytes,Classical monocytes,Classical monocytes,0.9922173,True,7.207163e-05,0.00046875482,0.0014333477,0.9922173,0.00019404339,0.004973002,0.0002402555,0.00040123984
pbmc4k_TGACGGCGTATGAAAC-1,NK cells,NK cells,NK cells,0.9896979,True,0.0003261376,0.00039669164,0.0022375064,0.0003744796,0.005138031,0.0017111831,0.9896979,0.000118029464
pbmc4k_TGACGGCTCATCTGTT-1,Activated/transitional T cells,Naive/resting T cells,Naive/resting T cells,0.5707714,False,0.00093447906,0.002293087,0.0010724354,0.000897318,0.001144665,0.42215103,0.0007355783,0.5707714
pbmc4k_TGACGGCTCCTGCTTG-1,Classical monocytes,Classical monocytes,Classical monocytes,0.99868673,True,0.000108524015,0.00020906507,0.0003738657,0.99868673,5.0393184e-05,0.00028371115,0.00011365987,0.00017404501
pbmc4k_TGACGGCTCGGTTAAC-1,CD16+ non-classical monocytes,CD16+ non-classical monocytes,CD16+ non-classical monocytes,0.95469236,True,0.0002795457,0.032639064,0.95469236,0.0060631703,0.0011088036,0.0032381914,0.0016017877,0.0003770293
pbmc4k_TGACGGCTCGTTGACA-1,IL7R+ memory/helper T cells,IL7R+ memory/helper T cells,IL7R+ memory/helper T cells,0.99932086,True,2.638252e-05,0.00015365111,9.084075e-05,8.122081e-05,0.0001102333,0.99932086,9.9878525e-05,0.00011691658
pbmc4k_TGACTAGAGTTAGCGG-1,IL7R+ memory/helper T cells,IL7R+ memory/helper T cells,IL7R+ memory/helper T cells,0.9996631,True,1.2673306e-05,8.3938045e-05,4.3198495e-05,3.7703452e-05,4.4068245e-05,0.9996631,3.444098e-05,8.082835e-05
pbmc4k_TGACTAGAGTTGCAGG-1,Classical monocytes,Classical monocytes,Classical monocytes,0.996082,True,8.727301e-05,0.0036048957,3.0489244e-05,0.996082,2.6668216e-05,3.8198235e-05,2.9434324e-05,0.00010109712
pbmc4k_TGACTAGAGTTTCCTT-1,Classical monocytes,Classical monocytes,Classical monocytes,0.9996357,True,5.4189735e-05,9.321334e-05,0.00010529698,0.9996357,1.8148467e-05,2.436999e-05,2.6233498e-05,4.2866748e-05
pbmc4k_TGACTAGGTTAAGAAC-1,NK cells,NK cells,NK cells,0.92924905,True,0.0028815053,0.0022376582,0.005382729,0.0019386032,0.029883243,0.027390392,0.92924905,0.0010368187
pbmc4k_TGACTAGGTTAAGTAG-1,Activated/transitional T cells,Naive/resting T cells,Naive/resting T cells,0.9070719,False,0.0046520224,0.0031798836,0.0014442656,0.0020235851,0.0010985503,0.07936696,0.0011628132,0.9070719
pbmc4k_TGACTAGTCGCCAAAT-1,Activated/transitional T cells,Naive/resting T cells,Naive/resting T cells,0.9633438,False,0.0012189634,0.0030252438,0.0009809145,0.001454686,0.0011216291,0.028081503,0.0007732867,0.9633438
pbmc4k_TGACTTTAGAACTGTA-1,B cells,B cells,B cells,0.99889886,True,6.726671e-05,0.99889886,3.281505e-05,4.1141633e-05,1.7799408e-05,2.8011322e-05,2.4839575e-05,0.0008892409
pbmc4k_TGACTTTAGAAGGACA-1,CD16+ non-classical monocytes,CD16+ non-classical monocytes,CD16+ non-classical monocytes,0.9915786,True,0.0013162207,0.003346308,0.9915786,0.0016989554,0.0002448266,0.0006338883,0.0007905108,0.0003906701
pbmc4k_TGACTTTAGACAAGCC-1,B cells,B cells,B cells,0.998667,True,2.3390825e-05,0.998667,5.5940745e-05,6.764901e-05,6.6359156e-05,0.0002782498,3.9815022e-05,0.0008016368
pbmc4k_TGACTTTAGAGATGAG-1,Activated/transitional T cells,Naive/resting T cells,Naive/resting T cells,0.99407625,False,0.00016435029,0.0003314586,0.00012316126,0.00018989101,0.00013187618,0.0048674447,0.000115510105,0.99407625
pbmc4k_TGACTTTAGTGTGAAT-1,Classical monocytes,Classical monocytes,Classical monocytes,0.99955493,True,2.9974408e-05,0.00010758588,0.00018257795,0.99955493,2.2957991e-05,5.1780167e-05,2.9858089e-05,2.0325808e-05
pbmc4k_TGACTTTCAAGAGTCG-1,Classical monocytes,Classical monocytes,Classical monocytes,0.999767,True,1.8459255e-05,4.6094767e-05,6.0438186e-05,0.999767,1.2787646e-05,4.5274443e-05,2.783803e-05,2.2146965e-05
pbmc4k_TGACTTTCATGACGGA-1,B cells,B cells,B cells,0.9988741,True,1.5625748e-05,0.9988741,5.278304e-05,3.860125e-05,4.225596e-05,0.00027531944,2.4185227e-05,0.00067713746
pbmc4k_TGACTTTGTCTCTCGT-1,Activated/transitional T cells,Naive/resting T cells,Naive/resting T cells,0.8438801,False,0.00017919816,0.00041292867,0.00021999519,0.0002091589,0.00019826785,0.15470266,0.00019765108,0.8438801
pbmc4k_TGACTTTTCGGAGCAA-1,Cytotoxic CD8 T cells,Cytotoxic CD8 T cells,Cytotoxic CD8 T cells,0.9889492,True,0.00018782675,0.00016724372,0.0001269338,0.0001129426,0.9889492,0.009750511,0.00011977862,0.0005856025
pbmc4k_TGAGAGGAGATATACG-1,B cells,B cells,B cells,0.99888617,True,3.702147e-05,0.99888617,4.6247063e-05,5.150305e-05,0.00018209127,0.00020096224,3.1186206e-05,0.0005648049
pbmc4k_TGAGAGGAGCAGGCTA-1,NK cells,NK cells,NK cells,0.98233414,True,0.0037165186,0.0006143629,0.0021273275,0.00061985676,0.009361195,0.0008529178,0.98233414,0.00037366606
pbmc4k_TGAGAGGAGTTAAGTG-1,Activated/transitional T cells,Naive/resting T cells,Naive/resting T cells,0.88631153,False,0.002343118,0.0025363746,0.0013956547,0.0019758919,0.0019085384,0.10242701,0.0011018291,0.88631153
pbmc4k_TGAGAGGCAGCGTAAG-1,IL7R+ memory/helper T cells,IL7R+ memory/helper T cells,IL7R+ memory/helper T cells,0.9561338,True,0.00022892594,0.0008997198,0.0005602167,0.00062600244,0.0007841593,0.9561338,0.0005115358,0.040255673
pbmc4k_TGAGAGGCAGGATTGG-1,CD16+ non-classical monocytes,CD16+ non-classical monocytes,CD16+ non-classical monocytes,0.99919933,True,1.4629144e-05,0.00038657163,0.99919933,0.00010103394,4.2289474e-05,0.00016938342,7.34601e-05,1.3271234e-05
pbmc4k_TGAGAGGGTTCAGACT-1,Cytotoxic CD8 T cells,Cytotoxic CD8 T cells,Cytotoxic CD8 T cells,0.9797428,True,0.0021865447,0.0012736123,0.00070607034,0.00078888866,0.9797428,0.012777158,0.00067123066,0.0018536791
pbmc4k_TGAGAGGGTTGAGTTC-1,B cells,B cells,B cells,0.9990109,True,2.7656733e-05,0.9990109,5.113896e-05,4.4536187e-05,2.8179174e-05,8.54571e-05,2.7745285e-05,0.00072432595
pbmc4k_TGAGAGGTCATTTGGG-1,Classical monocytes,Classical monocytes,Classical monocytes,0.9983065,True,3.2276028e-05,0.00044504975,0.00065296097,0.9983065,9.655463e-05,0.0003035158,9.890659e-05,6.415788e-05
pbmc4k_TGAGAGGTCTGCCAGG-1,Activated/transitional T cells,Naive/resting T cells,Naive/resting T cells,0.6662443,False,0.0023678949,0.0021961743,0.0014005759,0.0013881413,0.0010281008,0.32382277,0.0015520477,0.6662443
pbmc4k_TGAGCATAGCGTCAAG-1,B cells,B cells,B cells,0.99923325,True,2.6641172e-05,0.99923325,3.240794e-05,4.765463e-05,3.1152864e-05,8.362778e-05,2.7644268e-05,0.00051764667
pbmc4k_TGAGCATAGTACGATA-1,CD16+ non-classical monocytes,CD16+ non-classical monocytes,CD16+ non-classical monocytes,0.9985372,True,2.628802e-05,0.0005697453,0.9985372,0.00022391748,9.2524395e-05,0.0003859281,0.00013428663,3.0151841e-05
pbmc4k_TGAGCATAGTGACTCT-1,IL7R+ memory/helper T cells,IL7R+ memory/helper T cells,IL7R+ memory/helper T cells,0.982636,True,0.00026074098,0.00066615565,0.0005038533,0.00047614175,0.012055621,0.982636,0.00040596636,0.0029955015
pbmc4k_TGAGCATCAGTATGCT-1,Activated/transitional T cells,Naive/resting T cells,Naive/resting T cells,0.6520599,False,0.0004090209,0.0010138412,0.0004935757,0.0004976561,0.00044611865,0.34465763,0.00042219987,0.6520599
pbmc4k_TGAGCATGTAATCGTC-1,IL7R+ memory/helper T cells,IL7R+ memory/helper T cells,IL7R+ memory/helper T cells,0.99824667,True,5.5497872e-05,0.0002444712,0.00012399185,0.000113921385,0.0002532651,0.99824667,9.0237314e-05,0.00087192375
pbmc4k_TGAGCATGTCAGAATA-1,IL7R+ memory/helper T cells,IL7R+ memory/helper T cells,IL7R+ memory/helper T cells,0.9154553,True,0.0003867163,0.0012957866,0.001113546,0.0008418192,0.0011609187,0.9154553,0.0006209791,0.07912498
pbmc4k_TGAGCATTCCAGATCA-1,Cytotoxic CD8 T cells,Cytotoxic CD8 T cells,Cytotoxic CD8 T cells,0.9565703,True,0.00039024118,0.0007728238,0.0012715163,0.00063334935,0.9565703,0.021403749,0.017579839,0.0013781108
pbmc4k_TGAGCATTCTTGCATT-1,B cells,B cells,B cells,0.99894065,True,0.00012249996,0.99894065,4.241086e-05,5.8273352e-05,2.3305662e-05,0.00026496805,4.1814666e-05,0.00050613296
pbmc4k_TGAGCATTCTTGGGTA-1,Classical monocytes,Classical monocytes,Classical monocytes,0.99787784,True,1.8246752e-05,0.0004817593,0.001186654,0.99787784,5.861126e-05,0.00022481389,0.00010254411,4.959532e-05
pbmc4k_TGAGCCGAGACAGGCT-1,Classical monocytes,Classical monocytes,Classical monocytes,0.99890447,True,3.784712e-05,0.00011402168,0.00031757832,0.99890447,5.565894e-05,0.00044061118,9.0264315e-05,3.958088e-05
pbmc4k_TGAGCCGAGACATAAC-1,NK cells,Cytotoxic CD8 T cells,Cytotoxic CD8 T cells,0.6094806,False,0.13327171,0.019872934,0.020128418,0.0150305545,0.6094806,0.11955927,0.027878808,0.054777667
pbmc4k_TGAGCCGAGGCCGAAT-1,B cells,B cells,B cells,0.9993444,True,0.00012641694,0.9993444,3.3794535e-05,4.6279576e-05,1.4618772e-05,6.8247835e-05,2.5370193e-05,0.00034080466
pbmc4k_TGAGCCGCAAGCCCAC-1,Naive/resting T cells,Naive/resting T cells,Naive/resting T cells,0.9873819,True,0.0016883278,0.0007888684,0.00051205914,0.00068966125,0.0010908447,0.007393463,0.0004548638,0.9873819
pbmc4k_TGAGCCGCAAGTTGTC-1,CD16+ non-classical monocytes,CD16+ non-classical monocytes,CD16+ non-classical monocytes,0.9990133,True,1.0661537e-05,9.421403e-05,0.9990133,7.8791774e-05,5.1210824e-05,0.00065102667,8.81822e-05,1.2529399e-05
pbmc4k_TGAGCCGCAGGACCCT-1,Classical monocytes,Classical monocytes,Classical monocytes,0.9800408,True,0.00011668889,0.00042225717,0.00052299077,0.9800408,0.004674418,0.0136724925,0.00029635336,0.00025399166
pbmc4k_TGAGCCGCAGTATGCT-1,B cells,B cells,B cells,0.8234837,True,0.00094742584,0.8234837,0.00059018563,0.0008508389,0.0004590474,0.0023706446,0.00051516737,0.17078295
pbmc4k_TGAGCCGCATCACCCT-1,Activated/transitional T cells,IL7R+ memory/helper T cells,IL7R+ memory/helper T cells,0.75904864,False,0.00039515216,0.0008684626,0.00054792245,0.0005639683,0.00044995456,0.75904864,0.0004544447,0.23767146
pbmc4k_TGAGCCGGTCTACCTC-1,Activated/transitional T cells,Naive/resting T cells,Naive/resting T cells,0.9792644,False,0.007851658,0.0007246543,0.0004475058,0.00070729945,0.000263968,0.010191122,0.0005493382,0.9792644
pbmc4k_TGAGCCGTCATTTGGG-1,IL7R+ memory/helper T cells,IL7R+ memory/helper T cells,IL7R+ memory/helper T cells,0.975025,True,0.00023111512,0.00058603624,0.00056033995,0.00041411552,0.0083945785,0.975025,0.00037004225,0.01441878
pbmc4k_TGAGGGAAGAAACCTA-1,Classical monocytes,Classical monocytes,Classical monocytes,0.9996966,True,4.9372316e-05,4.2913864e-05,0.000103119804,0.9996966,1.9948257e-05,3.0086834e-05,2.5152087e-05,3.2825003e-05
pbmc4k_TGAGGGAAGAGTACCG-1,Classical monocytes,Classical monocytes,Classical monocytes,0.99699605,True,2.9073066e-05,0.0007402134,0.0016196343,0.99699605,0.00010417683,0.00034528365,0.00012158303,4.3977965e-05
pbmc4k_TGAGGGAAGATATACG-1,NK cells,NK cells,NK cells,0.999522,True,2.7096423e-05,2.2098926e-05,0.00017228373,2.7133918e-05,0.000105047904,0.00011781807,0.999522,6.610756e-06
pbmc4k_TGAGGGAAGTACCGGA-1,Classical monocytes,Classical monocytes,Classical monocytes,0.9995523,True,2.8773378e-05,9.275794e-05,0.000120181794,0.9995523,2.604031e-05,4.6808724e-05,4.0596435e-05,9.2549846e-05
pbmc4k_TGAGGGAAGTGGTAGC-1,Classical monocytes,Classical monocytes,Classical monocytes,0.99872416,True,1.4099876e-05,0.00018306947,0.0009148971,0.99872416,3.079423e-05,6.178014e-05,4.40206e-05,2.7165031e-05
pbmc4k_TGAGGGACACCATGTA-1,B cells,B cells,B cells,0.9992855,True,4.1593255e-05,0.9992855,3.0310743e-05,3.9432693e-05,1.5862855e-05,0.00015358781,2.4019379e-05,0.00040967806
pbmc4k_TGAGGGATCCTAAGTG-1,CD16+ non-classical monocytes,CD16+ non-classical monocytes,CD16+ non-classical monocytes,0.99519795,True,5.5020875e-05,0.0025620048,0.99519795,0.0011117348,0.00017549448,0.00042600225,0.0003668363,0.00010502426
pbmc4k_TGAGGGATCTGCCCTA-1,Classical monocytes,Classical monocytes,Classical monocytes,0.9832808,True,0.00012597309,0.0007531206,0.014872335,0.9832808,9.219307e-05,0.00054226385,0.0002600823,7.3272044e-05
pbmc4k_TGATTTCAGCGAGAAA-1,Classical monocytes,Classical monocytes,Classical monocytes,0.99795866,True,4.7698126e-05,0.00024537524,0.0010552165,0.99795866,6.672679e-05,0.0003008236,0.00012051599,0.00020493074
pbmc4k_TGATTTCAGCTAGTCT-1,Classical monocytes,Classical monocytes,Classical monocytes,0.9929376,True,0.00010695183,0.0025903534,0.0028590737,0.9929376,0.00028354,0.0006522282,0.00041412583,0.00015605896
pbmc4k_TGATTTCAGGGCTTCC-1,Activated/transitional T cells,Naive/resting T cells,Naive/resting T cells,0.5469687,False,0.00043245434,0.0011626808,0.0007801606,0.0005559789,0.0004438907,0.44922125,0.00043487706,0.5469687
pbmc4k_TGATTTCCACAGCCCA-1,Naive/resting T cells,IL7R+ memory/helper T cells,IL7R+ memory/helper T cells,0.9824556,False,0.002752704,0.0014925392,0.0014474618,0.0015412928,0.0011095577,0.9824556,0.0013355324,0.007865268
pbmc4k_TGATTTCCAGCTCGAC-1,Cytotoxic CD8 T cells,IL7R+ memory/helper T cells,IL7R+ memory/helper T cells,0.6278231,False,0.015486396,0.0065504382,0.0053893407,0.0056337384,0.026357193,0.6278231,0.004981455,0.3077784
pbmc4k_TGATTTCGTAACGTTC-1,Cytotoxic CD8 T cells,Cytotoxic CD8 T cells,Cytotoxic CD8 T cells,0.99479264,True,0.0009917798,0.00028838526,0.00014327526,0.00017704589,0.99479264,0.0021003117,0.00018658071,0.0013200087
pbmc4k_TGATTTCGTAGCGTAG-1,Cytotoxic CD8 T cells,Cytotoxic CD8 T cells,Cytotoxic CD8 T cells,0.95808214,True,0.00032617812,0.0005249018,0.0007760102,0.000325065,0.95808214,0.008385432,0.031351693,0.00022854455
pbmc4k_TGATTTCGTCCGTCAG-1,Activated/transitional T cells,Naive/resting T cells,Naive/resting T cells,0.97927606,False,0.0006116338,0.00091532577,0.00041317265,0.00052492524,0.00028425633,0.017618665,0.0003559204,0.97927606
pbmc4k_TGATTTCGTTCACCTC-1,B cells,B cells,B cells,0.9988581,True,2.8708731e-05,0.9988581,3.419748e-05,3.653317e-05,1.947828e-05,0.00015912157,2.3345288e-05,0.0008405775
pbmc4k_TGATTTCTCAGCTCTC-1,Cytotoxic CD8 T cells,Cytotoxic CD8 T cells,Cytotoxic CD8 T cells,0.760727,True,0.0027661873,0.0015944464,0.0015772327,0.0012133298,0.760727,0.22288331,0.0015998451,0.0076386533
pbmc4k_TGATTTCTCATGCATG-1,Classical monocytes,Classical monocytes,Classical monocytes,0.99932814,True,2.3736662e-05,0.00025905692,0.00026419284,0.99932814,2.842587e-05,4.242707e-05,3.627346e-05,1.7801623e-05
pbmc4k_TGATTTCTCCGTAGTA-1,Cytotoxic CD8 T cells,Cytotoxic CD8 T cells,Cytotoxic CD8 T cells,0.980533,True,0.0004139015,0.0011310135,0.00088957744,0.00058257236,0.980533,0.012913556,0.0028464238,0.0006899894
pbmc4k_TGCACCTAGCCACGCT-1,B cells,B cells,B cells,0.9988507,True,4.2348118e-05,0.9988507,4.0078066e-05,5.1229155e-05,5.1645828e-05,0.00061106076,3.5440826e-05,0.00031747008
pbmc4k_TGCACCTAGGCTAGGT-1,Classical monocytes,Classical monocytes,Classical monocytes,0.99951696,True,4.8160975e-05,8.5104766e-05,0.00012177797,0.99951696,7.399561e-05,8.003588e-05,5.459795e-05,1.9325049e-05
pbmc4k_TGCACCTCAGGCTGAA-1,IL7R+ memory/helper T cells,IL7R+ memory/helper T cells,IL7R+ memory/helper T cells,0.9996276,True,2.0751624e-05,6.8107656e-05,3.5190693e-05,2.4082707e-05,7.430011e-05,0.9996276,2.4735626e-05,0.00012519857
pbmc4k_TGCACCTCATAGTAAG-1,Classical monocytes,Classical monocytes,Classical monocytes,0.9982761,True,8.100693e-05,0.0003536188,0.000526849,0.9982761,0.00011496893,0.00030797487,0.00019579584,0.0001436454
pbmc4k_TGCACCTGTATAAACG-1,Naive/resting T cells,Naive/resting T cells,Naive/resting T cells,0.9963347,True,0.00028733717,0.00023902555,0.00015692221,0.00020920618,0.00021684013,0.0024293847,0.00012658164,0.9963347
pbmc4k_TGCACCTTCCTTTACA-1,B cells,B cells,B cells,0.9995777,True,3.449141e-05,0.9995777,4.154313e-05,4.07092e-05,1.6675776e-05,0.00013049263,2.5518426e-05,0.00013283233
pbmc4k_TGCCAAAAGACGACGT-1,Cytotoxic CD8 T cells,Cytotoxic CD8 T cells,Cytotoxic CD8 T cells,0.96348,True,0.0039717443,0.0012047847,0.00054801186,0.0004972506,0.96348,0.01949375,0.0012661994,0.009538206
pbmc4k_TGCCAAAAGATGTAAC-1,Activated/transitional T cells,Naive/resting T cells,Naive/resting T cells,0.7269666,False,0.0024663259,0.006021562,0.0038069969,0.003500819,0.004515205,0.25039545,0.0023270152,0.7269666
pbmc4k_TGCCAAAAGCCGATTT-1,Classical monocytes,Classical monocytes,Classical monocytes,0.999585,True,2.4750569e-05,4.2972668e-05,4.7484467e-05,0.999585,2.371337e-05,0.00019119457,4.0736802e-05,4.421449e-05
pbmc4k_TGCCAAACACAGGTTT-1,Cytotoxic CD8 T cells,IL7R+ memory/helper T cells,IL7R+ memory/helper T cells,0.92484134,False,0.00054753135,0.0007403646,0.0005083531,0.0004475297,0.071102455,0.92484134,0.00041780208,0.0013945582
pbmc4k_TGCCAAACACATTAGC-1,Naive/resting T cells,Naive/resting T cells,Naive/resting T cells,0.9940201,True,0.0015199761,0.0006452448,0.00041147225,0.00054034573,0.00027777292,0.0022564586,0.000328627,0.9940201
pbmc4k_TGCCAAACATCCCACT-1,Activated/transitional T cells,Naive/resting T cells,Naive/resting T cells,0.99090976,False,0.00014369715,0.0006498919,0.0003205062,0.00038727664,0.00018202898,0.0071716425,0.00023518072,0.99090976
pbmc4k_TGCCAAACATGACATC-1,Cytotoxic CD8 T cells,Cytotoxic CD8 T cells,Cytotoxic CD8 T cells,0.96507597,True,0.0051119523,0.0008624096,0.0007661434,0.00069286354,0.96507597,0.01899516,0.0008854142,0.0076101576
pbmc4k_TGCCAAACATTCCTGC-1,Classical monocytes,Classical monocytes,Classical monocytes,0.9995933,True,2.6087886e-05,0.000105238505,0.00015133273,0.9995933,1.8454446e-05,3.196629e-05,3.611414e-05,3.7471982e-05
pbmc4k_TGCCAAAGTCGAATCT-1,Naive/resting T cells,Naive/resting T cells,Naive/resting T cells,0.98090965,True,0.0021520904,0.003973902,0.0007081764,0.00067979936,0.0006967538,0.010088853,0.00079080125,0.98090965
pbmc4k_TGCCAAAGTCTAGTGT-1,NK cells,NK cells,NK cells,0.9926766,True,0.00042726952,0.00024649902,0.0006081014,0.00024256819,0.004776581,0.00093936967,0.9926766,8.2979044e-05
pbmc4k_TGCCAAAGTTTGACAC-1,IL7R+ memory/helper T cells,IL7R+ memory/helper T cells,IL7R+ memory/helper T cells,0.65358686,True,0.001993238,0.00820482,0.0056885234,0.0051072724,0.0035759457,0.65358686,0.00359261,0.3182507
pbmc4k_TGCCAAATCGAGAGCA-1,Classical monocytes,Classical monocytes,Classical monocytes,0.9996044,True,4.1977823e-05,9.236289e-05,3.6175483e-05,0.9996044,1.334361e-05,7.273968e-05,2.305149e-05,0.00011593091
pbmc4k_TGCCCATAGCCTTGAT-1,B cells,B cells,B cells,0.9996068,True,2.2473643e-05,0.9996068,3.1440042e-05,3.94506e-05,2.3350534e-05,9.666554e-05,2.3309507e-05,0.00015652167
pbmc4k_TGCCCATAGGGAACGG-1,Activated/transitional T cells,IL7R+ memory/helper T cells,IL7R+ memory/helper T cells,0.69776547,False,0.005449538,0.009316972,0.0053734025,0.007488822,0.0043943264,0.69776547,0.005693103,0.26451844
pbmc4k_TGCCCATAGGGTCTCC-1,Activated/transitional T cells,Naive/resting T cells,Naive/resting T cells,0.9501748,False,0.00019657928,0.0008112048,0.0007450962,0.0007745414,0.0005251784,0.046377674,0.0003948568,0.9501748
pbmc4k_TGCCCATAGTGCAAGC-1,Activated/transitional T cells,Naive/resting T cells,Naive/resting T cells,0.92292446,False,0.00013975042,0.0003481838,0.00017895638,0.00016593622,0.00022272204,0.075870626,0.00014936944,0.92292446
pbmc4k_TGCCCATAGTGGTAGC-1,B cells,B cells,B cells,0.99928397,True,2.1995464e-05,0.99928397,3.4509765e-05,3.6297435e-05,4.0363167e-05,5.8074198e-05,2.2872971e-05,0.00050190894
pbmc4k_TGCCCATGTACAGTGG-1,Classical monocytes,Classical monocytes,Classical monocytes,0.9990439,True,3.3908287e-05,0.00030820174,0.00014763375,0.9990439,4.962459e-05,0.00017695635,4.5956385e-05,0.00019379477
pbmc4k_TGCCCATGTAGCCTCG-1,IL7R+ memory/helper T cells,IL7R+ memory/helper T cells,IL7R+ memory/helper T cells,0.61556304,True,0.0015539665,0.0025747065,0.0015335323,0.0015755113,0.0016656594,0.61556304,0.0013491004,0.3741845
pbmc4k_TGCCCATGTGTTTGTG-1,Activated/transitional T cells,Naive/resting T cells,Naive/resting T cells,0.86499125,False,0.0032261645,0.003714486,0.0022794176,0.0047461498,0.0017612278,0.11674077,0.002540501,0.86499125
pbmc4k_TGCCCATGTTATTCTC-1,Activated/transitional T cells,Naive/resting T cells,Naive/resting T cells,0.9693533,False,0.009523365,0.0012640959,0.0011326745,0.00134766,0.00070491247,0.015860094,0.0008139518,0.9693533
pbmc4k_TGCCCTACAATAGCGG-1,Activated/transitional T cells,Naive/resting T cells,Naive/resting T cells,0.72775805,False,0.0004921548,0.0015543657,0.0012304968,0.00089911075,0.0010642894,0.26617458,0.0008269109,0.72775805
pbmc4k_TGCCCTACACAGGAGT-1,NK cells,NK cells,NK cells,0.9922501,True,0.00060525443,0.00028370385,0.00061792467,0.00021841505,0.0038098856,0.0020470691,0.9922501,0.00016768197
pbmc4k_TGCCCTACACTGTCGG-1,Classical monocytes,Classical monocytes,Classical monocytes,0.9992349,True,7.820893e-05,0.00016614706,0.00016650015,0.9992349,6.7531764e-05,0.00017475094,7.18162e-05,4.014276e-05
pbmc4k_TGCCCTACATCCCATC-1,Cytotoxic CD8 T cells,Cytotoxic CD8 T cells,Cytotoxic CD8 T cells,0.9658004,True,0.0009156894,0.00075458264,0.0006400503,0.0006456756,0.9658004,0.029389875,0.0007198434,0.0011339418
pbmc4k_TGCCCTACATCCTTGC-1,Classical monocytes,Classical monocytes,Classical monocytes,0.9932634,True,0.00013397902,0.0021650665,0.00273437,0.9932634,0.00024946642,0.000787589,0.0005096294,0.00015646311
pbmc4k_TGCCCTAGTCGCGTGT-1,Activated/transitional T cells,Naive/resting T cells,Naive/resting T cells,0.9126917,False,0.00061539566,0.0008773491,0.000424925,0.00040299405,0.00024204169,0.08440982,0.0003357949,0.9126917
pbmc4k_TGCCCTAGTTATCGGT-1,Naive/resting T cells,IL7R+ memory/helper T cells,IL7R+ memory/helper T cells,0.7449461,False,0.005914522,0.008528681,0.0041335206,0.0048274393,0.009570014,0.7449461,0.0041899662,0.21788976
pbmc4k_TGCCCTATCAAGGTAA-1,B cells,B cells,B cells,0.9988696,True,0.00010512772,0.9988696,5.9106325e-05,7.333662e-05,3.0887986e-05,0.00047157524,4.62575e-05,0.0003441003
pbmc4k_TGCCCTATCCACTCCA-1,Activated/transitional T cells,Naive/resting T cells,Naive/resting T cells,0.9460568,False,0.00024606287,0.001349733,0.00060537754,0.0008598551,0.00090988673,0.049473096,0.00049920176,0.9460568
pbmc4k_TGCCCTATCGCAAGCC-1,B cells,B cells,B cells,0.9996026,True,3.8210423e-05,0.9996026,2.8734516e-05,4.1519528e-05,1.9150588e-05,6.692134e-05,2.649355e-05,0.00017636639
pbmc4k_TGCCCTATCTTCATGT-1,Cytotoxic CD8 T cells,Cytotoxic CD8 T cells,Cytotoxic CD8 T cells,0.99545234,True,0.0002824433,0.0002558036,0.00023805372,0.00017535329,0.99545234,0.0027171203,0.00023144494,0.00064748817
pbmc4k_TGCCCTATCTTGCAAG-1,IL7R+ memory/helper T cells,IL7R+ memory/helper T cells,IL7R+ memory/helper T cells,0.9530106,True,0.00043761582,0.0017477026,0.0014686104,0.0009932899,0.0009397515,0.9530106,0.00064036157,0.04076203
pbmc4k_TGCGCAGAGCTTCGCG-1,Classical monocytes,Classical monocytes,Classical monocytes,0.9995573,True,8.167443e-05,6.183157e-05,0.00013349135,0.9995573,1.5196455e-05,6.927013e-05,6.6924826e-05,1.4241129e-05
pbmc4k_TGCGCAGGTAGAGTGC-1,Classical monocytes,Classical monocytes,Classical monocytes,0.9953607,True,4.9816485e-05,0.0012878398,0.0021525454,0.9953607,0.00011755155,0.00075416564,0.0001929704,8.4481915e-05
pbmc4k_TGCGCAGGTATCACCA-1,Activated/transitional T cells,Naive/resting T cells,Naive/resting T cells,0.96904343,False,0.0013912307,0.0012525185,0.00083823455,0.0007666196,0.00056147185,0.025441958,0.00070451316,0.96904343
pbmc4k_TGCGCAGGTCACTTCC-1,Cytotoxic CD8 T cells,IL7R+ memory/helper T cells,IL7R+ memory/helper T cells,0.55171096,False,0.004766221,0.005075319,0.003139634,0.0023343463,0.042655613,0.55171096,0.0016688843,0.38864902
pbmc4k_TGCGCAGGTCGAGTTT-1,Cytotoxic CD8 T cells,Cytotoxic CD8 T cells,Cytotoxic CD8 T cells,0.94543594,True,0.0012504498,0.001482599,0.00045888408,0.00040050774,0.94543594,0.04825013,0.0020931337,0.0006284068
pbmc4k_TGCGCAGTCGAGCCCA-1,Classical monocytes,Classical monocytes,Classical monocytes,0.9993413,True,5.992397e-05,0.00011005257,0.0001520972,0.9993413,3.6866088e-05,0.00014938643,8.6407046e-05,6.389907e-05
pbmc4k_TGCGCAGTCTCTAAGG-1,Classical monocytes,Classical monocytes,Classical monocytes,0.9952531,True,0.00011110645,0.0010950763,0.002619964,0.9952531,0.00015486672,0.00044011438,0.00020017498,0.00012563719
pbmc4k_TGCGGGTAGTGGCACA-1,Activated/transitional T cells,Naive/resting T cells,Naive/resting T cells,0.99567187,False,0.00044786005,0.00020309532,0.00014057112,0.00019257197,0.00014325904,0.0030881353,0.00011267815,0.99567187
pbmc4k_TGCGGGTAGTGGGCTA-1,Activated/transitional T cells,Naive/resting T cells,Naive/resting T cells,0.97340256,False,0.00037295296,0.00038368418,0.00011063322,0.00010756708,9.293871e-05,0.025431806,9.7896394e-05,0.97340256
pbmc4k_TGCGGGTAGTTGAGTA-1,Cytotoxic CD8 T cells,Cytotoxic CD8 T cells,IL7R+ memory/helper T cells,0.5237551,False,0.0012186673,0.0013289803,0.0010363571,0.00097350945,0.46571833,0.5237551,0.001190488,0.0047786296
pbmc4k_TGCGGGTCACAGTCGC-1,Classical monocytes,Classical monocytes,Classical monocytes,0.9987124,True,4.36818e-05,0.000653143,0.000115486866,0.9987124,6.030475e-05,0.00016172498,6.453369e-05,0.00018877278
pbmc4k_TGCGGGTCACATCCGG-1,Cytotoxic CD8 T cells,IL7R+ memory/helper T cells,IL7R+ memory/helper T cells,0.8066349,False,0.0013945956,0.0020038758,0.0020284804,0.0013831682,0.13003354,0.8066349,0.0013205416,0.055200845
pbmc4k_TGCGGGTCACTTAACG-1,Cytotoxic CD8 T cells,Cytotoxic CD8 T cells,Cytotoxic CD8 T cells,0.98444474,True,0.0006322744,0.0005631827,0.00032325336,0.00027043727,0.98444474,0.008835056,0.00020312732,0.0047279303
pbmc4k_TGCGGGTGTCAGAATA-1,Naive/resting T cells,Naive/resting T cells,Naive/resting T cells,0.9953068,True,0.00022713635,0.00025181993,0.00015677049,0.00018909482,0.00017661246,0.0035771907,0.00011451781,0.9953068
pbmc4k_TGCGGGTTCGTAGGTT-1,IL7R+ memory/helper T cells,IL7R+ memory/helper T cells,IL7R+ memory/helper T cells,0.9991019,True,5.8046895e-05,0.00012665484,0.00010152893,6.6565444e-05,0.000152389,0.9991019,7.0878144e-05,0.00032205478
pbmc4k_TGCGGGTTCTGGTGTA-1,B cells,B cells,B cells,0.9995204,True,2.8195373e-05,0.9995204,4.0187984e-05,5.3367257e-05,2.752613e-05,9.3444316e-05,3.425826e-05,0.00020265231
pbmc4k_TGCGTGGAGGTCGGAT-1,Cytotoxic CD8 T cells,Cytotoxic CD8 T cells,Cytotoxic CD8 T cells,0.9595602,True,0.021706063,0.00067808473,0.0006992329,0.0006950073,0.9595602,0.01081114,0.0050579496,0.0007923169
pbmc4k_TGCGTGGCATTACCTT-1,Activated/transitional T cells,Naive/resting T cells,Naive/resting T cells,0.9046955,False,0.005254724,0.0019286744,0.001251674,0.0016293535,0.00094520516,0.083266936,0.0010278948,0.9046955
pbmc4k_TGCGTGGGTACAGCAG-1,IL7R+ memory/helper T cells,IL7R+ memory/helper T cells,IL7R+ memory/helper T cells,0.9901155,True,0.00033555887,0.0007600972,0.0006002207,0.00048622215,0.0056828815,0.9901155,0.0005782456,0.0014413027
pbmc4k_TGCGTGGTCACCAGGC-1,NK cells,NK cells,NK cells,0.98812187,True,0.0015860599,0.00026469395,0.00042978226,0.0007881123,0.007198738,0.0014685788,0.98812187,0.00014215524
pbmc4k_TGCGTGGTCACTCCTG-1,Activated/transitional T cells,Naive/resting T cells,Naive/resting T cells,0.9652343,False,0.0015784765,0.0016505165,0.001492257,0.0014101557,0.00061171793,0.027024517,0.0009981107,0.9652343
pbmc4k_TGCGTGGTCATACGGT-1,CD16+ non-classical monocytes,CD16+ non-classical monocytes,CD16+ non-classical monocytes,0.99805486,True,6.978305e-05,0.00047750902,0.99805486,0.00033784402,0.00024877084,0.00047607897,0.00029236515,4.282072e-05
pbmc4k_TGCGTGGTCCACGAAT-1,IL7R+ memory/helper T cells,IL7R+ memory/helper T cells,IL7R+ memory/helper T cells,0.99648166,True,0.00026092172,0.0004378055,0.0002783644,0.0002767711,0.00052488083,0.99648166,0.00033215326,0.0014074149
pbmc4k_TGCGTGGTCTTGAGGT-1,IL7R+ memory/helper T cells,IL7R+ memory/helper T cells,IL7R+ memory/helper T cells,0.9977714,True,0.00011530456,0.0003750445,0.0003380626,0.00028663813,0.00030504237,0.9977714,0.00028359197,0.0005249581
pbmc4k_TGCTACCAGCGATATA-1,Cytotoxic CD8 T cells,Cytotoxic CD8 T cells,Cytotoxic CD8 T cells,0.9849668,True,0.0010801507,0.00082997076,0.0004457668,0.00042592097,0.9849668,0.0038176177,0.0010007893,0.0074328845
pbmc4k_TGCTACCAGGCAGGTT-1,B cells,B cells,B cells,0.9986387,True,2.9492263e-05,0.9986387,3.7310918e-05,4.3279604e-05,1.7481123e-05,0.0001245897,2.7017024e-05,0.0010821279
pbmc4k_TGCTACCCATTTCAGG-1,Classical monocytes,Classical monocytes,Classical monocytes,0.9985784,True,3.1069747e-05,0.00032672563,0.00060485187,0.9985784,4.334986e-05,0.00023556134,0.00010939097,7.065681e-05
pbmc4k_TGCTACCGTACACCGC-1,Classical monocytes,Classical monocytes,Classical monocytes,0.9981451,True,0.0002607911,0.00022806643,0.0008117861,0.9981451,6.459953e-05,0.00022028081,0.00020876544,6.0629358e-05
pbmc4k_TGCTACCGTAGCGCAA-1,Activated/transitional T cells,IL7R+ memory/helper T cells,IL7R+ memory/helper T cells,0.554996,False,0.0041172197,0.003478526,0.0037301325,0.0018652744,0.0035585484,0.554996,0.0015296167,0.42672467
pbmc4k_TGCTACCTCGAGAACG-1,IL7R+ memory/helper T cells,IL7R+ memory/helper T cells,IL7R+ memory/helper T cells,0.99368757,True,5.8930542e-05,0.0002308811,0.00017449805,0.00012945799,0.00016478376,0.99368757,0.00011302515,0.0054409043
pbmc4k_TGCTACCTCGCTTAGA-1,NK cells,NK cells,NK cells,0.6795456,True,0.0045937,0.009077563,0.010540321,0.012599451,0.23868227,0.04034009,0.6795456,0.0046210545
pbmc4k_TGCTACCTCTGCGGCA-1,Classical monocytes,Classical monocytes,Classical monocytes,0.99919504,True,7.004422e-05,0.00023576256,9.767945e-05,0.99919504,3.138576e-05,0.00018727528,4.304744e-05,0.00013979865
pbmc4k_TGCTGCTAGGCGCTCT-1,IL7R+ memory/helper T cells,IL7R+ memory/helper T cells,IL7R+ memory/helper T cells,0.7943965,True,0.00014257482,0.00073866494,0.00033180887,0.0003878129,0.0002489173,0.7943965,0.000267021,0.20348664
pbmc4k_TGCTGCTAGGTTCCTA-1,Classical monocytes,Classical monocytes,Classical monocytes,0.9971758,True,7.37278e-05,0.00089563016,0.0010617053,0.9971758,0.00014328305,0.00032577143,0.00024385728,8.020467e-05
pbmc4k_TGCTGCTCAGTCGATT-1,Classical monocytes,Classical monocytes,Classical monocytes,0.99976116,True,2.5604488e-05,5.7094327e-05,7.237588e-05,0.99976116,1.00193865e-05,2.8146973e-05,2.7094611e-05,1.8558685e-05
pbmc4k_TGCTGCTCATGACGGA-1,Naive/resting T cells,Naive/resting T cells,Naive/resting T cells,0.99706703,True,0.00034787782,0.00034474704,0.00015812107,0.0002732486,0.00016706107,0.0015038077,0.00013815866,0.99706703
pbmc4k_TGCTGCTGTTCGAATC-1,Activated/transitional T cells,Naive/resting T cells,Naive/resting T cells,0.929996,False,0.00059298123,0.0007759362,0.0005102413,0.00072530494,0.00042776793,0.06652733,0.00044438255,0.929996
pbmc4k_TGCTGCTGTTTGTGTG-1,Classical monocytes,Classical monocytes,Classical monocytes,0.99462575,True,0.00024811926,0.0006112026,0.0026463205,0.99462575,0.0002869308,0.00059550104,0.000615779,0.0003704323
pbmc4k_TGGACGCAGTACACCT-1,Classical monocytes,Classical monocytes,Classical monocytes,0.9996966,True,2.4647494e-05,3.481982e-05,0.00011900323,0.9996966,1.25666975e-05,4.9424372e-05,2.9476609e-05,3.3531527e-05
pbmc4k_TGGACGCAGTGACATA-1,Activated/transitional T cells,Naive/resting T cells,Naive/resting T cells,0.88864094,False,0.0003037768,0.0020463744,0.00037486287,0.00025377193,0.00024046701,0.10792206,0.00021768869,0.88864094
pbmc4k_TGGACGCAGTGCGTGA-1,Activated/transitional T cells,Naive/resting T cells,Naive/resting T cells,0.85625327,False,0.0004715291,0.0011308586,0.0008529207,0.0016503193,0.0007709164,0.13810435,0.00076587696,0.85625327
pbmc4k_TGGACGCCAGCATGAG-1,Naive/resting T cells,Naive/resting T cells,Naive/resting T cells,0.9937563,True,0.00038811014,0.001311877,0.0001626421,0.00023138424,0.00017753505,0.0038324883,0.00013962128,0.9937563
pbmc4k_TGGACGCGTAAAGTCA-1,CD16+ non-classical monocytes,CD16+ non-classical monocytes,CD16+ non-classical monocytes,0.9967644,True,1.801575e-05,0.0029357811,0.9967644,8.349312e-05,4.702897e-05,7.5061835e-05,5.7962592e-05,1.8213987e-05
pbmc4k_TGGACGCGTGTTCGAT-1,CD16+ non-classical monocytes,CD16+ non-classical monocytes,CD16+ non-classical monocytes,0.9985757,True,3.8150498e-05,0.00051958434,0.9985757,0.00019710422,0.00011047501,0.00024231127,0.00023960705,7.711788e-05
pbmc4k_TGGACGCTCCTGCAGG-1,Classical monocytes,Classical monocytes,Classical monocytes,0.9953956,True,0.00014279406,0.0009028263,0.0020934683,0.9953956,0.000230819,0.000651612,0.00029584824,0.00028697136
pbmc4k_TGGACGCTCGGAAATA-1,CD16+ non-classical monocytes,CD16+ non-classical monocytes,CD16+ non-classical monocytes,0.9961662,True,2.3649603e-05,0.0028028386,0.9961662,0.00022483658,0.0002396045,0.00027661808,0.00021503444,5.12665e-05
pbmc4k_TGGACGCTCTAGAGTC-1,Classical monocytes,Classical monocytes,Classical monocytes,0.9996207,True,8.62003e-05,0.00013915652,7.8949604e-05,0.9996207,9.032417e-06,2.3137347e-05,2.8535844e-05,1.4271944e-05
pbmc4k_TGGCCAGAGGGATACC-1,Classical monocytes,Classical monocytes,Classical monocytes,0.9995467,True,2.9171111e-05,7.084434e-05,0.00018723706,0.9995467,1.8221437e-05,7.3906485e-05,4.402237e-05,2.9814366e-05
pbmc4k_TGGCCAGCAGCCTTTC-1,Activated/transitional T cells,IL7R+ memory/helper T cells,IL7R+ memory/helper T cells,0.8918144,False,0.006740183,0.004058175,0.0019564116,0.0019254299,0.0064037815,0.8918144,0.0019635705,0.08513803
pbmc4k_TGGCCAGCATTCGACA-1,IL7R+ memory/helper T cells,IL7R+ memory/helper T cells,IL7R+ memory/helper T cells,0.9767867,True,0.0005703605,0.0005813813,0.00044123625,0.00038867877,0.018516926,0.9767867,0.0004819724,0.0022327087
pbmc4k_TGGCCAGGTACAGTGG-1,Activated/transitional T cells,Naive/resting T cells,Naive/resting T cells,0.9972276,False,0.0004311868,0.00017324432,7.717818e-05,0.00010672876,5.4258664e-05,0.001864811,6.4967484e-05,0.9972276
pbmc4k_TGGCCAGGTGCCTTGG-1,IL7R+ memory/helper T cells,IL7R+ memory/helper T cells,IL7R+ memory/helper T cells,0.98471326,True,0.0004231434,0.0008436956,0.0009244942,0.00060925557,0.0016617044,0.98471326,0.00056785694,0.01025653
pbmc4k_TGGCCAGGTGGCTCCA-1,Cytotoxic CD8 T cells,Cytotoxic CD8 T cells,Cytotoxic CD8 T cells,0.8682376,True,0.000117733965,0.00021997845,0.000163636,0.00016228858,0.8682376,0.12853399,0.00014888248,0.0024159136
pbmc4k_TGGCCAGGTGGTACAG-1,Activated/transitional T cells,Naive/resting T cells,Naive/resting T cells,0.80398506,False,0.0004369546,0.0010455779,0.0006552982,0.0006966492,0.0007107349,0.19186181,0.00060790934,0.80398506
pbmc4k_TGGCCAGTCCGGCACA-1,Activated/transitional T cells,Naive/resting T cells,Naive/resting T cells,0.9031248,False,0.0006642394,0.001025756,0.00054854626,0.00085985777,0.00032459744,0.092940986,0.00051117997,0.9031248
pbmc4k_TGGCCAGTCTAACTGG-1,Activated/transitional T cells,Naive/resting T cells,Naive/resting T cells,0.98891515,False,0.00032814752,0.00058429793,0.00033513352,0.000489068,0.00032902273,0.008737588,0.00028161734,0.98891515
pbmc4k_TGGCCAGTCTACTATC-1,CD16+ non-classical monocytes,CD16+ non-classical monocytes,CD16+ non-classical monocytes,0.87203854,True,0.00037922023,0.00930906,0.87203854,0.109880574,0.00096272724,0.0050447006,0.001657951,0.0007271781
pbmc4k_TGGCGCAAGCAGGCTA-1,Cytotoxic CD8 T cells,Cytotoxic CD8 T cells,Cytotoxic CD8 T cells,0.95919347,True,0.00011678331,0.000256834,0.00018682006,0.00019699922,0.95919347,0.03940554,0.00021470706,0.00042891645
pbmc4k_TGGCGCAAGCTAAGAT-1,IL7R+ memory/helper T cells,IL7R+ memory/helper T cells,IL7R+ memory/helper T cells,0.99944085,True,4.094857e-05,8.058289e-05,5.342055e-05,4.9922095e-05,6.659133e-05,0.99944085,4.702829e-05,0.0002206463
pbmc4k_TGGCGCAAGTTCGATC-1,Activated/transitional T cells,Naive/resting T cells,Naive/resting T cells,0.97339004,False,0.0003815041,0.000593676,0.00031186134,0.0004239553,0.000254985,0.02437312,0.00027092735,0.97339004
pbmc4k_TGGCGCAGTCATGCCG-1,Classical monocytes,Classical monocytes,Classical monocytes,0.9997818,True,2.0062564e-05,4.9615795e-05,7.338119e-05,0.9997818,7.940525e-06,2.4972334e-05,2.961426e-05,1.26008445e-05
pbmc4k_TGGCGCAGTCGGCTCA-1,Cytotoxic CD8 T cells,Cytotoxic CD8 T cells,Cytotoxic CD8 T cells,0.66075915,True,0.00018312091,0.00016406995,0.00012571452,9.844361e-05,0.66075915,0.3383401,0.00010521908,0.00022418048
pbmc4k_TGGCGCAGTCTCGTTC-1,Activated/transitional T cells,Naive/resting T cells,Naive/resting T cells,0.9330592,False,0.00019805979,0.0012998962,0.0004781558,0.00052014965,0.00039533875,0.063737914,0.00031133278,0.9330592
pbmc4k_TGGCGCAGTGGCAAAC-1,Cytotoxic CD8 T cells,Cytotoxic CD8 T cells,Cytotoxic CD8 T cells,0.72897565,True,0.010541082,0.004431064,0.0052770115,0.0040003355,0.72897565,0.048104595,0.19570388,0.0029663313
pbmc4k_TGGCGCATCGGAGGTA-1,B cells,B cells,B cells,0.99947506,True,1.8367831e-05,0.99947506,3.3571127e-05,3.7144328e-05,2.3442683e-05,8.807273e-05,2.3956489e-05,0.00030040907
pbmc4k_TGGCTGGAGTCCGTAT-1,Activated/transitional T cells,Naive/resting T cells,Naive/resting T cells,0.97177595,False,0.00037533118,0.0005821418,0.00029658256,0.00027741378,0.0008272842,0.025632648,0.00023265471,0.97177595
pbmc4k_TGGCTGGCAATTGCTG-1,Classical monocytes,Classical monocytes,Classical monocytes,0.9712734,True,0.00017356928,0.0058539007,0.019543048,0.9712734,0.00072064524,0.0015444788,0.0005443613,0.0003465835
pbmc4k_TGGCTGGCACTATCTT-1,B cells,B cells,B cells,0.99929416,True,0.000117719,0.99929416,4.652328e-05,8.0936414e-05,3.8039085e-05,7.148835e-05,4.7088568e-05,0.0003040529
pbmc4k_TGGCTGGCAGTATAAG-1,IL7R+ memory/helper T cells,IL7R+ memory/helper T cells,IL7R+ memory/helper T cells,0.9697314,True,0.0016129598,0.0020733105,0.0017239995,0.0019927428,0.0035865009,0.9697314,0.0013443416,0.017934721
pbmc4k_TGGCTGGCATGTCGAT-1,Activated/transitional T cells,Activated/transitional T cells,Cytotoxic CD8 T cells,0.4913175,False,0.3266851,0.0046664765,0.004259677,0.02564158,0.4913175,0.031690404,0.005215399,0.11052385
pbmc4k_TGGCTGGGTACCATCA-1,Cytotoxic CD8 T cells,Cytotoxic CD8 T cells,Cytotoxic CD8 T cells,0.69369614,True,0.0017285419,0.008789175,0.0012745798,0.00089097914,0.69369614,0.008362276,0.28434733,0.0009109536
pbmc4k_TGGCTGGGTGGTCCGT-1,Activated/transitional T cells,IL7R+ memory/helper T cells,IL7R+ memory/helper T cells,0.85883534,False,0.0011898131,0.0018423126,0.0012365647,0.0013092982,0.0010092302,0.85883534,0.0011262745,0.13345116
pbmc4k_TGGCTGGGTTACGACT-1,Classical monocytes,Classical monocytes,Classical monocytes,0.99764436,True,4.5762074e-05,0.0008451573,0.0007162709,0.99764436,0.00013442065,0.00043250018,0.00012700359,5.4553173e-05
pbmc4k_TGGCTGGTCATTATCC-1,IL7R+ memory/helper T cells,IL7R+ memory/helper T cells,IL7R+ memory/helper T cells,0.9971834,True,8.387977e-05,0.00014824528,8.0924125e-05,8.032225e-05,0.0021429595,0.9971834,8.041913e-05,0.00019982514
pbmc4k_TGGGAAGAGTGGTCCC-1,Classical monocytes,Classical monocytes,Classical monocytes,0.9973003,True,0.0001267974,0.00045340604,0.0006891883,0.9973003,0.00010363519,0.0008564761,0.0001157544,0.00035445107
pbmc4k_TGGGAAGCAAGAAGAG-1,Naive/resting T cells,Naive/resting T cells,Naive/resting T cells,0.99619627,True,0.00020012559,0.00048039373,0.00023980536,0.00024286337,0.00015571504,0.0023164097,0.00016841193,0.99619627
pbmc4k_TGGGAAGCACAGAGGT-1,NK cells,NK cells,NK cells,0.9986878,True,0.00021085134,5.2765343e-05,6.133532e-05,4.1085146e-05,0.0007903627,0.00011556973,0.9986878,4.0234812e-05
pbmc4k_TGGGAAGCATATACCG-1,IL7R+ memory/helper T cells,IL7R+ memory/helper T cells,IL7R+ memory/helper T cells,0.7763289,True,0.00091945217,0.0036087877,0.0020961168,0.0017007093,0.003951798,0.7763289,0.0013923596,0.21000187
pbmc4k_TGGGAAGGTCTAGGTT-1,Classical monocytes,Classical monocytes,Classical monocytes,0.99783,True,4.0140872e-05,0.0006257828,0.0009878785,0.99783,8.024076e-05,0.00024489503,0.00010932128,8.181088e-05
pbmc4k_TGGGAAGTCAACACAC-1,Cytotoxic CD8 T cells,Cytotoxic CD8 T cells,Cytotoxic CD8 T cells,0.63089937,True,0.0020996241,0.0019196008,0.00085061335,0.0006659581,0.63089937,0.36063102,0.0006832466,0.0022505901
pbmc4k_TGGGAAGTCATCGCTC-1,IL7R+ memory/helper T cells,IL7R+ memory/helper T cells,IL7R+ memory/helper T cells,0.8989352,True,0.000277013,0.0007538778,0.00042574582,0.00036765344,0.0005718103,0.8989352,0.0003301132,0.09833856
pbmc4k_TGGGAAGTCGATAGAA-1,IL7R+ memory/helper T cells,IL7R+ memory/helper T cells,IL7R+ memory/helper T cells,0.9989188,True,4.4823002e-05,0.00025890316,6.733762e-05,5.8392012e-05,0.00027621776,0.9989188,5.398123e-05,0.00032165326
pbmc4k_TGGGAAGTCTTCGAGA-1,Classical monocytes,Classical monocytes,Classical monocytes,0.9959479,True,0.00015177413,0.0007640294,0.002185807,0.9959479,0.00014384302,0.00037224422,0.0002436885,0.0001906981
pbmc4k_TGGGCGTAGACTTGAA-1,Activated/transitional T cells,Naive/resting T cells,Naive/resting T cells,0.77077824,False,0.02463545,0.037199587,0.007469916,0.008211686,0.0066340477,0.13772278,0.007348311,0.77077824
pbmc4k_TGGGCGTAGCTATGCT-1,Classical monocytes,Classical monocytes,Classical monocytes,0.9968706,True,0.000111384914,0.0009399053,0.0008617249,0.9968706,0.00033805997,0.00031522766,0.00016879698,0.00039428213
pbmc4k_TGGGCGTCAAGTTAAG-1,Naive/resting T cells,Naive/resting T cells,Naive/resting T cells,0.99928313,True,0.00010214313,0.00020014604,4.7610716e-05,6.2888175e-05,2.9885745e-05,0.00023816101,3.6106067e-05,0.99928313
pbmc4k_TGGGCGTCATTGCGGC-1,Activated/transitional T cells,Naive/resting T cells,Naive/resting T cells,0.9449182,False,0.0023164952,0.0037597683,0.0010303839,0.0011035224,0.0010421252,0.04484739,0.0009821191,0.9449182
pbmc4k_TGGGCGTGTGACAAAT-1,Activated/transitional T cells,Naive/resting T cells,Naive/resting T cells,0.9702992,False,0.00018350212,0.0005898025,0.0003291931,0.00035806643,0.00023869277,0.027714966,0.00028663897,0.9702992
pbmc4k_TGGGCGTTCCTCAACC-1,IL7R+ memory/helper T cells,IL7R+ memory/helper T cells,IL7R+ memory/helper T cells,0.98617226,True,0.0038148463,0.004331994,0.00075221073,0.00076277496,0.002221588,0.98617226,0.0010965172,0.0008478349
pbmc4k_TGGGCGTTCTCCGGTT-1,Classical monocytes,Classical monocytes,Classical monocytes,0.99821836,True,3.2815125e-05,0.000487472,0.0007973764,0.99821836,6.14124e-05,0.00022683437,0.00013611755,3.9594717e-05
pbmc4k_TGGGCGTTCTTCAACT-1,Classical monocytes,Classical monocytes,Classical monocytes,0.9987669,True,5.45057e-05,0.00018754901,0.0006662338,0.9987669,6.192194e-05,0.00011437842,0.000110900815,3.7655354e-05
pbmc4k_TGGTTAGAGCTGCCCA-1,Naive/resting T cells,Naive/resting T cells,Naive/resting T cells,0.95781547,True,0.0024077822,0.0015673275,0.00083331834,0.001214956,0.0004299903,0.035052717,0.00067847903,0.95781547
pbmc4k_TGGTTAGCAAGCCGCT-1,Activated/transitional T cells,Naive/resting T cells,Naive/resting T cells,0.9763549,False,0.000287605,0.0008068905,0.00031154745,0.00045459418,0.00030779743,0.021195453,0.00028116003,0.9763549
pbmc4k_TGGTTAGCACATGGGA-1,Cytotoxic CD8 T cells,Naive/resting T cells,Naive/resting T cells,0.83947927,False,0.028475503,0.0032829768,0.0023123224,0.0032565666,0.115080245,0.005392882,0.0027203003,0.83947927
pbmc4k_TGGTTAGCAGCCTTGG-1,Naive/resting T cells,Naive/resting T cells,Naive/resting T cells,0.5852288,True,0.21669291,0.0030222058,0.002444591,0.003268583,0.0020802033,0.1850405,0.0022221827,0.5852288
pbmc4k_TGGTTAGGTTACTGAC-1,IL7R+ memory/helper T cells,IL7R+ memory/helper T cells,IL7R+ memory/helper T cells,0.9891642,True,0.0007353855,0.001165922,0.00081280916,0.0007988276,0.00073706673,0.9891642,0.0007178949,0.0058679497
pbmc4k_TGGTTAGGTTCTGTTT-1,Classical monocytes,Classical monocytes,Classical monocytes,0.999435,True,1.9323888e-05,8.747189e-05,0.00027537867,0.999435,2.9519018e-05,8.731154e-05,4.4094882e-05,2.1831172e-05
pbmc4k_TGGTTAGTCCCTTGTG-1,Activated/transitional T cells,Naive/resting T cells,Naive/resting T cells,0.8521685,False,0.00017803349,0.0011667585,0.0005286803,0.0004633968,0.00029654396,0.14480284,0.00039518366,0.8521685
pbmc4k_TGGTTAGTCTATCCTA-1,Activated/transitional T cells,Naive/resting T cells,Naive/resting T cells,0.9564618,False,0.004697261,0.0016738276,0.0010928694,0.0014382667,0.0009644314,0.03267529,0.0009962426,0.9564618
pbmc4k_TGGTTCCGTCCATGAT-1,Classical monocytes,Classical monocytes,Classical monocytes,0.9995783,True,1.6514832e-05,0.00014508575,8.665498e-05,0.9995783,1.5410555e-05,7.205496e-05,4.7535526e-05,3.8426122e-05
pbmc4k_TGGTTCCGTCCTCTTG-1,Activated/transitional T cells,Naive/resting T cells,Naive/resting T cells,0.96478814,False,0.0006537699,0.0037422953,0.0011020069,0.001823589,0.00070377736,0.026312578,0.00087382685,0.96478814
pbmc4k_TGGTTCCGTCGGATCC-1,Naive/resting T cells,IL7R+ memory/helper T cells,IL7R+ memory/helper T cells,0.96720517,False,0.0045547797,0.0016693574,0.0012009032,0.0012937728,0.014414833,0.96720517,0.0011529033,0.008508309
pbmc4k_TGGTTCCGTGCCTTGG-1,Activated/transitional T cells,Naive/resting T cells,Naive/resting T cells,0.7630296,False,0.00075200654,0.0019463032,0.0009872343,0.0016689388,0.001136889,0.22950993,0.00096911594,0.7630296
pbmc4k_TGGTTCCGTTATCGGT-1,NK cells,Cytotoxic CD8 T cells,Cytotoxic CD8 T cells,0.8047344,False,0.0049327416,0.012743091,0.009329088,0.007266277,0.8047344,0.024226567,0.012619306,0.124148495
pbmc4k_TGGTTCCGTTCCATGA-1,Classical monocytes,Classical monocytes,Classical monocytes,0.9966904,True,5.991996e-05,0.0002661186,0.0020087564,0.9966904,0.00022832403,0.00050027226,0.0001830844,6.311986e-05
pbmc4k_TGGTTCCTCCAGAGGA-1,Activated/transitional T cells,Naive/resting T cells,Naive/resting T cells,0.99494076,False,0.0025253582,0.0009886079,0.00017931456,0.00029469814,0.00042923656,0.00044517827,0.00019692218,0.99494076
pbmc4k_TGTATTCAGGCCCTCA-1,Classical monocytes,Classical monocytes,Classical monocytes,0.99975175,True,4.882438e-05,3.9800987e-05,3.5955345e-05,0.99975175,3.3831308e-05,4.1955995e-05,2.5706788e-05,2.2127439e-05
pbmc4k_TGTATTCCACAGAGGT-1,B cells,B cells,B cells,0.9992213,True,0.00018243538,0.9992213,5.742857e-05,7.522755e-05,3.585144e-05,9.299636e-05,5.163386e-05,0.00028310632
pbmc4k_TGTATTCCACTCGACG-1,CD16+ non-classical monocytes,Classical monocytes,CD16+ non-classical monocytes,0.5057372,True,0.00077545916,0.019595232,0.5057372,0.46489313,0.0013435765,0.0045076828,0.002201645,0.00094608974
pbmc4k_TGTATTCCAGTTAACC-1,Classical monocytes,Classical monocytes,Classical monocytes,0.99933606,True,3.0996096e-05,0.00015206567,0.0001562547,0.99933606,5.9224734e-05,0.00012245907,7.60262e-05,6.693477e-05
pbmc4k_TGTATTCTCGGAGCAA-1,IL7R+ memory/helper T cells,IL7R+ memory/helper T cells,IL7R+ memory/helper T cells,0.9943429,True,0.0006485605,0.001239289,0.0008198405,0.0007190514,0.00044440085,0.9943429,0.001091581,0.0006943883
pbmc4k_TGTCCCAAGAAGGTGA-1,IL7R+ memory/helper T cells,IL7R+ memory/helper T cells,Naive/resting T cells,0.6488307,False,0.00096354476,0.0033306142,0.0025992957,0.0023494023,0.0018653853,0.33859372,0.0014673204,0.6488307
pbmc4k_TGTCCCAAGCGTAGTG-1,B cells,B cells,B cells,0.99882275,True,5.99283e-05,0.99882275,7.584813e-05,7.552578e-05,4.9058555e-05,0.0001934489,6.7592875e-05,0.00065589
pbmc4k_TGTCCCACAATGTAAG-1,Activated/transitional T cells,Naive/resting T cells,Naive/resting T cells,0.9990196,False,0.00020087737,9.961331e-05,5.7364214e-05,8.67422e-05,9.5735624e-05,0.0003832512,5.6783505e-05,0.9990196
pbmc4k_TGTCCCACACTAAGTC-1,Cytotoxic CD8 T cells,Cytotoxic CD8 T cells,Cytotoxic CD8 T cells,0.9948171,True,0.0007255692,0.00040854918,0.00023987633,0.00021076671,0.9948171,0.0025852076,0.00034058385,0.00067238865
pbmc4k_TGTCCCACATGGTCTA-1,Classical monocytes,Classical monocytes,Classical monocytes,0.99968743,True,3.105108e-05,6.926613e-05,5.175484e-05,0.99968743,5.3864063e-05,4.887873e-05,3.1934742e-05,2.579762e-05
pbmc4k_TGTCCCAGTCGCTTTC-1,B cells,B cells,B cells,0.9985643,True,2.7082931e-05,0.9985643,4.9160775e-05,6.120503e-05,2.763177e-05,0.00029272004,3.2947653e-05,0.000944969
pbmc4k_TGTCCCAGTTCCACTC-1,Activated/transitional T cells,Naive/resting T cells,Naive/resting T cells,0.9861079,False,0.0002038854,0.00036344424,0.00018049865,0.00029053583,0.0002879641,0.012403013,0.00016276288,0.9861079
pbmc4k_TGTGGTAAGGTGCTAG-1,Cytotoxic CD8 T cells,Cytotoxic CD8 T cells,Cytotoxic CD8 T cells,0.98882955,True,0.0006147888,0.00043795325,0.000386177,0.00031062853,0.98882955,0.0050474615,0.003866242,0.00050723006
pbmc4k_TGTGGTACACAAGCCC-1,IL7R+ memory/helper T cells,IL7R+ memory/helper T cells,IL7R+ memory/helper T cells,0.97831434,True,0.00044386968,0.0022743973,0.0012411684,0.0010435989,0.0018147633,0.97831434,0.0008097576,0.014058172
pbmc4k_TGTGGTACAGTCCTTC-1,Classical monocytes,Classical monocytes,Classical monocytes,0.98846626,True,0.00015107164,0.0025959236,0.0068353345,0.98846626,0.00032589457,0.0010041897,0.00032435602,0.00029700273
pbmc4k_TGTGGTACAGTTAACC-1,Cytotoxic CD8 T cells,IL7R+ memory/helper T cells,IL7R+ memory/helper T cells,0.7872341,False,0.0061586746,0.003376214,0.0015958954,0.0015897311,0.17866684,0.7872341,0.0014854526,0.019893067
pbmc4k_TGTGGTAGTACCGCTG-1,B cells,B cells,B cells,0.99864274,True,4.5107186e-05,0.99864274,0.000103046965,7.4075215e-05,4.1091287e-05,0.0004381869,4.200272e-05,0.0006137237
pbmc4k_TGTGGTAGTACCTACA-1,Activated/transitional T cells,Naive/resting T cells,Naive/resting T cells,0.9590901,False,0.0003333135,0.00080418657,0.0004900499,0.0005063667,0.00042691457,0.037951548,0.00039754275,0.9590901
pbmc4k_TGTGGTAGTATTCGTG-1,CD16+ non-classical monocytes,CD16+ non-classical monocytes,CD16+ non-classical monocytes,0.9989988,True,2.090902e-05,0.00034392843,0.9989988,9.725021e-05,6.87845e-05,0.0003521855,0.00010527838,1.2797821e-05
pbmc4k_TGTGGTAGTCAGGACA-1,Activated/transitional T cells,Naive/resting T cells,Naive/resting T cells,0.95844996,False,0.00028825444,0.00074282335,0.00046177462,0.000676529,0.00030150695,0.038698,0.00038115852,0.95844996
pbmc4k_TGTGGTAGTCTAAAGA-1,B cells,B cells,B cells,0.9979761,True,0.00023946319,0.9979761,4.7901773e-05,7.529958e-05,0.00010063942,5.2711854e-05,4.713736e-05,0.001460746
pbmc4k_TGTGGTATCACGGTTA-1,Classical monocytes,Classical monocytes,Classical monocytes,0.9995377,True,1.2673287e-05,4.4777178e-05,0.0001998489,0.9995377,2.9988616e-05,7.309113e-05,2.9965515e-05,7.192687e-05
pbmc4k_TGTGGTATCTAAGCCA-1,IL7R+ memory/helper T cells,IL7R+ memory/helper T cells,IL7R+ memory/helper T cells,0.97592974,True,0.0036339583,0.0015836038,0.0013348501,0.0014829574,0.0026019642,0.97592974,0.0013225928,0.012110376
pbmc4k_TGTGTTTCACACAGAG-1,Classical monocytes,Classical monocytes,Classical monocytes,0.99223036,True,0.00011154008,0.0014228509,0.004129464,0.99223036,0.00021502332,0.0010337265,0.0005568464,0.0003001767
pbmc4k_TGTGTTTCACCATGTA-1,Classical monocytes,Classical monocytes,Classical monocytes,0.998615,True,7.6681485e-05,0.00017532991,0.000414635,0.998615,7.808903e-05,0.00037662633,0.00014086247,0.00012279215
pbmc4k_TGTGTTTCACGGTGTC-1,Classical monocytes,Classical monocytes,Classical monocytes,0.99957424,True,1.7549422e-05,8.924996e-05,8.698077e-05,0.99957424,2.1550306e-05,0.00015681479,3.6187746e-05,1.7381626e-05
pbmc4k_TGTGTTTGTACCGTTA-1,IL7R+ memory/helper T cells,IL7R+ memory/helper T cells,IL7R+ memory/helper T cells,0.9610551,True,0.0035300928,0.0033096846,0.0020808282,0.0018092078,0.003114203,0.9610551,0.0021415425,0.022959333
pbmc4k_TGTGTTTTCCGCGGTA-1,IL7R+ memory/helper T cells,IL7R+ memory/helper T cells,IL7R+ memory/helper T cells,0.9987832,True,1.8690916e-05,4.4171775e-05,3.6338595e-05,2.3884171e-05,0.0009615262,0.9987832,2.923131e-05,0.000103052116
pbmc4k_TGTGTTTTCGCCTGTT-1,Classical monocytes,Classical monocytes,Classical monocytes,0.99966013,True,2.0970523e-05,0.000116324336,6.4854125e-05,0.99966013,1.563281e-05,5.4937722e-05,3.6762496e-05,3.0441945e-05
pbmc4k_TGTGTTTTCTGCAGTA-1,IL7R+ memory/helper T cells,IL7R+ memory/helper T cells,IL7R+ memory/helper T cells,0.99795306,True,2.5667954e-05,0.00017428111,8.4966996e-05,8.384954e-05,6.908928e-05,0.99795306,7.1625844e-05,0.0015374572
pbmc4k_TGTTCCGAGAAGGTGA-1,Activated/transitional T cells,Naive/resting T cells,Naive/resting T cells,0.69587463,False,0.037432905,0.004732416,0.0037578589,0.0049912967,0.003719491,0.24559878,0.0038926143,0.69587463
pbmc4k_TGTTCCGAGAGGTTAT-1,NK cells,NK cells,NK cells,0.9878456,True,0.00039022567,0.00061104965,0.00274664,0.0009180678,0.0046176207,0.0026716571,0.9878456,0.00019909273
pbmc4k_TGTTCCGAGGGTTCCC-1,NK cells,NK cells,NK cells,0.5057806,True,0.00976865,0.0106827775,0.013371177,0.0067198197,0.37665483,0.050219703,0.5057806,0.026802486
pbmc4k_TGTTCCGCACGTCAGC-1,B cells,B cells,B cells,0.99909234,True,1.6897959e-05,0.99909234,4.3905362e-05,4.393627e-05,2.9172452e-05,0.0003113165,2.9478351e-05,0.0004329367
pbmc4k_TGTTCCGCAGTAAGAT-1,B cells,B cells,B cells,0.99930274,True,4.619237e-05,0.99930274,4.0529172e-05,6.069962e-05,2.9322367e-05,0.000115591494,3.8066082e-05,0.00036686467
pbmc4k_TGTTCCGGTCTTTCAT-1,Cytotoxic CD8 T cells,Cytotoxic CD8 T cells,Cytotoxic CD8 T cells,0.98611474,True,0.00024338513,0.00024552457,0.00018047082,0.00015698609,0.98611474,0.008541338,0.00060909195,0.0039084605
pbmc4k_TGTTCCGTCCCTTGTG-1,Activated/transitional T cells,IL7R+ memory/helper T cells,IL7R+ memory/helper T cells,0.59775877,False,0.0005690933,0.0014100509,0.00066757976,0.00051260955,0.0004488951,0.59775877,0.00047285343,0.39816013
pbmc4k_TTAACTCAGAAGCCCA-1,IL7R+ memory/helper T cells,IL7R+ memory/helper T cells,IL7R+ memory/helper T cells,0.99864167,True,6.695834e-05,0.00018198889,0.00016491956,0.00010506064,0.00014714709,0.99864167,0.00010153415,0.00059071253
pbmc4k_TTAACTCAGCTGTCTA-1,NK cells,Cytotoxic CD8 T cells,Cytotoxic CD8 T cells,0.7652381,False,0.0033509121,0.013596787,0.06483994,0.0101988055,0.7652381,0.08560886,0.010318992,0.04684764
pbmc4k_TTAACTCCAACACCTA-1,IL7R+ memory/helper T cells,IL7R+ memory/helper T cells,IL7R+ memory/helper T cells,0.8215253,True,0.0015707789,0.0014475179,0.001067285,0.0011362403,0.00081296335,0.8215253,0.0008078378,0.1716321
pbmc4k_TTAACTCCAATGGAGC-1,B cells,B cells,B cells,0.99921465,True,1.9335e-05,0.99921465,5.2004198e-05,6.787706e-05,3.718909e-05,0.0001703798,3.964349e-05,0.0003989421
pbmc4k_TTAACTCCACTTACGA-1,Classical monocytes,Classical monocytes,Classical monocytes,0.9943112,True,6.915819e-05,0.0008341533,0.0038823395,0.9943112,0.00010865106,0.00051791285,0.00021659464,5.9928814e-05
pbmc4k_TTAACTCCAGCTGTAT-1,Classical monocytes,Classical monocytes,Classical monocytes,0.99915636,True,2.3038634e-05,0.00021384457,0.00041928672,0.99915636,4.4559707e-05,8.334142e-05,4.2434058e-05,1.7179444e-05
pbmc4k_TTAACTCGTATGAATG-1,Classical monocytes,Classical monocytes,Classical monocytes,0.9996774,True,1.3098314e-05,0.000121611,4.3249984e-05,0.9996774,4.0666582e-05,5.7154477e-05,3.443595e-05,1.2433871e-05
pbmc4k_TTAACTCGTCTGATTG-1,Cytotoxic CD8 T cells,Cytotoxic CD8 T cells,Cytotoxic CD8 T cells,0.7317735,True,0.00015380149,0.0008558607,0.00033637846,0.00035468317,0.7317735,0.02142288,0.00026524064,0.24483767
pbmc4k_TTAACTCGTGACTCAT-1,CD16+ non-classical monocytes,CD16+ non-classical monocytes,CD16+ non-classical monocytes,0.9990645,True,2.464333e-05,0.00028290725,0.9990645,0.00018057278,5.9988208e-05,0.00026982895,9.6629316e-05,2.0926673e-05
pbmc4k_TTAACTCGTGGTGTAG-1,Cytotoxic CD8 T cells,Cytotoxic CD8 T cells,Cytotoxic CD8 T cells,0.93530035,True,0.04856904,0.0023217408,0.0010558175,0.0010086178,0.93530035,0.006351453,0.003953635,0.0014392843
pbmc4k_TTAACTCTCACCGTAA-1,B cells,B cells,B cells,0.9985782,True,2.2570695e-05,0.9985782,3.7036294e-05,5.608015e-05,2.5010133e-05,0.00041657727,3.0854335e-05,0.0008337168
pbmc4k_TTAACTCTCAGCTTAG-1,Classical monocytes,Classical monocytes,Classical monocytes,0.9980123,True,2.6259322e-05,0.00043550538,0.00091833365,0.9980123,0.00011143723,0.00027869205,0.00015155764,6.583499e-05
pbmc4k_TTAACTCTCGGAGGTA-1,Activated/transitional T cells,IL7R+ memory/helper T cells,IL7R+ memory/helper T cells,0.9622561,False,0.014668218,0.0018021356,0.0015996792,0.0018800481,0.0016927769,0.9622561,0.0017792038,0.014321878
pbmc4k_TTAGGACAGCGTAATA-1,B cells,B cells,B cells,0.99789596,True,0.00018178762,0.99789596,7.0985676e-05,7.2449555e-05,5.4697444e-05,0.00049802806,7.4139294e-05,0.0011518844
pbmc4k_TTAGGACAGTGTGGCA-1,Classical monocytes,Classical monocytes,Classical monocytes,0.9974503,True,7.969008e-05,0.00046110502,0.0015613233,0.9974503,7.1680486e-05,0.00019363369,9.938107e-05,8.28897e-05
pbmc4k_TTAGGACTCAGCACAT-1,Activated/transitional T cells,IL7R+ memory/helper T cells,IL7R+ memory/helper T cells,0.94415164,False,0.00025612154,0.00037856534,0.00033159545,0.00029020075,0.0001502898,0.94415164,0.0002983905,0.05414317
pbmc4k_TTAGGACTCGTGACAT-1,Naive/resting T cells,Naive/resting T cells,Naive/resting T cells,0.9399073,True,0.0003833702,0.0019109393,0.00048274314,0.0005596811,0.0011732164,0.055223245,0.0003594747,0.9399073
pbmc4k_TTAGGACTCTAACGGT-1,NK cells,Naive/resting T cells,Naive/resting T cells,0.80290335,False,0.001456902,0.0016101078,0.000867382,0.001378883,0.18875884,0.0021199377,0.0009045997,0.80290335
pbmc4k_TTAGGCAAGGGAACGG-1,Activated/transitional T cells,Naive/resting T cells,Naive/resting T cells,0.9066343,False,0.0012132459,0.0019679144,0.001346154,0.0016052981,0.0015502017,0.084651805,0.0010311246,0.9066343
pbmc4k_TTAGGCAAGTTGCAGG-1,Classical monocytes,Classical monocytes,Classical monocytes,0.99946076,True,2.7125167e-05,8.49973e-05,0.00017984459,0.99946076,1.7429082e-05,0.00012942556,5.193428e-05,4.8508355e-05
pbmc4k_TTAGGCACAACGATGG-1,CD16+ non-classical monocytes,CD16+ non-classical monocytes,CD16+ non-classical monocytes,0.9985708,True,2.1127476e-05,0.00069977675,0.9985708,0.00021274295,0.00010522936,0.00023167433,0.00013097031,2.767541e-05
pbmc4k_TTAGGCACAATCGGTT-1,Activated/transitional T cells,Naive/resting T cells,Naive/resting T cells,0.9190712,False,0.0020920134,0.0031427254,0.0013120214,0.0017036155,0.0010295582,0.070575304,0.0010735407,0.9190712
pbmc4k_TTAGGCACATGGGAAC-1,Cytotoxic CD8 T cells,IL7R+ memory/helper T cells,IL7R+ memory/helper T cells,0.614178,False,0.0068696695,0.009683584,0.005706429,0.005232944,0.022458034,0.614178,0.0065571847,0.32931414
pbmc4k_TTAGGCACATGTAGTC-1,Classical monocytes,Classical monocytes,Classical monocytes,0.5794336,True,0.00020539488,0.0025073567,0.415099,0.5794336,0.00042357712,0.0011710183,0.00087359536,0.00028646723
pbmc4k_TTAGGCAGTCTTCTCG-1,IL7R+ memory/helper T cells,IL7R+ memory/helper T cells,IL7R+ memory/helper T cells,0.98842305,True,0.00067204103,0.0012978277,0.0012501911,0.0010144585,0.0006054051,0.98842305,0.00082698255,0.0059100566
pbmc4k_TTAGGCAGTGTGAAAT-1,Naive/resting T cells,Naive/resting T cells,Naive/resting T cells,0.9785888,True,0.0014077888,0.0012845255,0.0007306428,0.00072951976,0.0005321068,0.016002767,0.00072388054,0.9785888
pbmc4k_TTAGGCAGTGTTGGGA-1,Cytotoxic CD8 T cells,Cytotoxic CD8 T cells,Cytotoxic CD8 T cells,0.98826516,True,0.00025048296,0.00037094363,0.0003041012,0.00022008263,0.98826516,0.008637922,0.00026343655,0.0016879456
pbmc4k_TTAGGCATCAGCGACC-1,Activated/transitional T cells,Naive/resting T cells,Naive/resting T cells,0.99327725,False,0.00016045754,0.00022324218,0.00011146583,0.00016229757,8.2788254e-05,0.0058886446,9.377802e-05,0.99327725
pbmc4k_TTAGGCATCCCATTTA-1,Activated/transitional T cells,IL7R+ memory/helper T cells,Naive/resting T cells,0.6874996,False,0.000691296,0.0014326472,0.0008099615,0.0011392926,0.0007161122,0.30701467,0.0006964187,0.6874996
pbmc4k_TTAGTTCAGACTCGGA-1,Cytotoxic CD8 T cells,Cytotoxic CD8 T cells,Cytotoxic CD8 T cells,0.95775735,True,0.0032878842,0.0013624924,0.0009264979,0.0010733878,0.95775735,0.021694232,0.0014766546,0.012421505
pbmc4k_TTAGTTCCAAACCCAT-1,B cells,B cells,B cells,0.99952877,True,3.4007575e-05,0.99952877,4.7876198e-05,5.0164497e-05,2.4912382e-05,0.00010308519,3.7635273e-05,0.00017357984
pbmc4k_TTAGTTCCACGTCTCT-1,Activated/transitional T cells,Naive/resting T cells,Naive/resting T cells,0.8884325,False,0.0015272504,0.0020594052,0.0014739523,0.0016547234,0.0028968358,0.10100535,0.00095002836,0.8884325
pbmc4k_TTAGTTCCATCTGGTA-1,Cytotoxic CD8 T cells,Cytotoxic CD8 T cells,Cytotoxic CD8 T cells,0.9937348,True,0.0018480405,0.00037857232,0.00033066602,0.00027997742,0.9937348,0.001799475,0.0007457006,0.0008828009
pbmc4k_TTAGTTCCATGGTAGG-1,IL7R+ memory/helper T cells,IL7R+ memory/helper T cells,IL7R+ memory/helper T cells,0.7539108,True,0.0002659002,0.00064238836,0.000376725,0.00032128487,0.00025980207,0.7539108,0.0003056823,0.24391745
pbmc4k_TTAGTTCCATGTAAGA-1,B cells,B cells,B cells,0.9991436,True,8.143856e-06,0.9991436,6.58873e-05,4.440002e-05,3.668045e-05,0.00051893643,2.3762243e-05,0.00015862215
pbmc4k_TTAGTTCGTACACCGC-1,IL7R+ memory/helper T cells,IL7R+ memory/helper T cells,IL7R+ memory/helper T cells,0.955659,True,0.00047418373,0.0008203144,0.0005358187,0.00041638964,0.00031503872,0.955659,0.00036010615,0.04141915
pbmc4k_TTAGTTCGTAGCGTCC-1,IL7R+ memory/helper T cells,IL7R+ memory/helper T cells,IL7R+ memory/helper T cells,0.9899136,True,0.0013882213,0.00091425085,0.0007330133,0.00084844726,0.0007448989,0.9899136,0.0005913496,0.0048662047
pbmc4k_TTAGTTCGTCACTTCC-1,B cells,B cells,B cells,0.9989987,True,0.00011422672,0.9989987,7.589449e-05,6.699671e-05,4.014399e-05,0.00016480412,4.5447992e-05,0.00049384875
pbmc4k_TTAGTTCGTTCCATGA-1,Classical monocytes,Classical monocytes,Classical monocytes,0.9984933,True,6.009416e-05,0.00024460134,0.0007806072,0.9984933,7.689239e-05,0.00015071865,0.00011702505,7.668485e-05
pbmc4k_TTAGTTCTCAAGAAGT-1,B cells,B cells,B cells,0.9995347,True,2.3354998e-05,0.9995347,3.8637496e-05,5.1388077e-05,2.185412e-05,0.00010904366,2.8106455e-05,0.00019292017
pbmc4k_TTAGTTCTCCCTAACC-1,B cells,B cells,B cells,0.9988582,True,2.595068e-05,0.9988582,7.2790055e-05,7.4857686e-05,7.887885e-05,0.0006570947,5.9004557e-05,0.0001732298
pbmc4k_TTAGTTCTCGCGATCG-1,Cytotoxic CD8 T cells,Cytotoxic CD8 T cells,Cytotoxic CD8 T cells,0.9856775,True,0.00050474424,0.0003822063,0.00029194824,0.0002552097,0.9856775,0.008630949,0.00024812794,0.004009359
pbmc4k_TTATGCTAGAGATGAG-1,Classical monocytes,Classical monocytes,Classical monocytes,0.99650276,True,3.56591e-05,0.0021253158,0.00039721635,0.99650276,0.0002003581,0.00046644048,0.00010300684,0.00016922168
pbmc4k_TTATGCTAGCAACGGT-1,Classical monocytes,Classical monocytes,Classical monocytes,0.99549097,True,0.0001473838,0.001028614,0.0020579665,0.99549097,0.00016168985,0.0005968763,0.00034341388,0.00017312761
pbmc4k_TTATGCTAGGGAGTAA-1,Classical monocytes,Classical monocytes,Classical monocytes,0.9965856,True,6.320255e-05,0.000523405,0.0021700803,0.9965856,0.00017848524,0.00023508162,0.00019024004,5.38534e-05
pbmc4k_TTATGCTAGGTGCAAC-1,Activated/transitional T cells,Naive/resting T cells,Naive/resting T cells,0.99102986,False,0.0066922875,0.0005451207,0.00031801205,0.0004995351,0.00034012762,0.0002869035,0.00028818133,0.99102986
pbmc4k_TTATGCTAGTAGTGCG-1,Classical monocytes,Classical monocytes,Classical monocytes,0.97385865,True,0.00048143358,0.0016785417,0.0026573269,0.97385865,0.008791234,0.0103747705,0.0008105452,0.0013475099
pbmc4k_TTATGCTCATCACAAC-1,B cells,B cells,B cells,0.99912554,True,1.5399564e-05,0.99912554,3.606644e-05,4.221342e-05,2.1578237e-05,0.0002502679,2.5796033e-05,0.00048308997
pbmc4k_TTATGCTCATTTCAGG-1,Cytotoxic CD8 T cells,Cytotoxic CD8 T cells,Cytotoxic CD8 T cells,0.9859197,True,0.00038521376,0.0002403828,0.00026114666,0.00018320212,0.9859197,0.0045230538,0.008245837,0.00024151082
pbmc4k_TTATGCTGTCTAGGTT-1,Cytotoxic CD8 T cells,Cytotoxic CD8 T cells,Cytotoxic CD8 T cells,0.95787734,True,0.00041051206,0.00065078586,0.0005090837,0.0004125816,0.95787734,0.034060113,0.0057349964,0.000344524
pbmc4k_TTCCCAGAGAAGGTTT-1,Naive/resting T cells,IL7R+ memory/helper T cells,Naive/resting T cells,0.54168063,True,0.005081868,0.0035887097,0.0022716846,0.0022401882,0.0031944741,0.43961972,0.0023227765,0.54168063
pbmc4k_TTCCCAGAGAGTCTGG-1,Activated/transitional T cells,Naive/resting T cells,Naive/resting T cells,0.9796093,False,0.00025599624,0.0016033897,0.0003294691,0.0004601611,0.0006844474,0.016781304,0.0002759153,0.9796093
pbmc4k_TTCCCAGAGCCAGAAC-1,Activated/transitional T cells,Naive/resting T cells,Naive/resting T cells,0.9897351,False,0.0001161982,0.0002801866,0.00018897055,0.00017637138,0.00014724719,0.009255581,0.000100348196,0.9897351
pbmc4k_TTCCCAGCAAAGTGCG-1,IL7R+ memory/helper T cells,IL7R+ memory/helper T cells,IL7R+ memory/helper T cells,0.9988931,True,6.1192026e-05,0.00019995117,0.0001865167,0.0001226035,0.00028674974,0.9988931,0.00012578165,0.00012418057
pbmc4k_TTCCCAGCAATAGCGG-1,Activated/transitional T cells,Naive/resting T cells,Naive/resting T cells,0.9895308,False,0.0003897059,0.0007082295,0.00048856443,0.0005979917,0.00032478495,0.007573344,0.000386567,0.9895308
pbmc4k_TTCCCAGCACCTATCC-1,NK cells,NK cells,NK cells,0.9372852,True,0.0010789541,0.0013738042,0.004043461,0.0010893419,0.047843523,0.006718487,0.9372852,0.0005672271
pbmc4k_TTCCCAGGTCTTTCAT-1,Cytotoxic CD8 T cells,Cytotoxic CD8 T cells,Cytotoxic CD8 T cells,0.9837915,True,0.0011244126,0.0004358185,0.0004011398,0.0003515001,0.9837915,0.005114338,0.008410454,0.00037082532
pbmc4k_TTCCCAGGTTATCGGT-1,Cytotoxic CD8 T cells,Cytotoxic CD8 T cells,Cytotoxic CD8 T cells,0.9934661,True,0.00199785,0.0005476808,0.00023434352,0.0002325265,0.9934661,0.0018432072,0.00027055215,0.0014077517
pbmc4k_TTCCCAGTCACATGCA-1,Classical monocytes,Classical monocytes,Classical monocytes,0.9990319,True,2.8910023e-05,0.00014756652,0.00047121145,0.9990319,4.1016527e-05,0.00013610758,7.643599e-05,6.681562e-05
pbmc4k_TTCCCAGTCCTAGTGA-1,Classical monocytes,Classical monocytes,Classical monocytes,0.9992681,True,0.00015872877,7.8777826e-05,0.00022093767,0.9992681,3.9293896e-05,0.00011522001,8.906213e-05,2.990266e-05
pbmc4k_TTCCCAGTCTATCGCC-1,Cytotoxic CD8 T cells,IL7R+ memory/helper T cells,Cytotoxic CD8 T cells,0.47972578,True,0.07161117,0.045913823,0.008387948,0.007114158,0.47972578,0.32563975,0.0067773545,0.054830007
pbmc4k_TTCCCAGTCTTGTACT-1,Classical monocytes,Classical monocytes,Classical monocytes,0.99839693,True,7.263997e-05,0.00034939818,0.0006588747,0.99839693,3.572007e-05,0.00027190923,9.41691e-05,0.00012039577
pbmc4k_TTCGAAGAGATATGCA-1,Activated/transitional T cells,Naive/resting T cells,Naive/resting T cells,0.9635177,False,0.0015074654,0.0013727945,0.00070233137,0.00094298256,0.00051767903,0.030746033,0.0006929974,0.9635177
pbmc4k_TTCGAAGAGGGTCTCC-1,Activated/transitional T cells,Naive/resting T cells,Naive/resting T cells,0.63363945,False,0.00042040314,0.0009173294,0.0006749815,0.00063725305,0.00044430743,0.36275283,0.00051342737,0.63363945
pbmc4k_TTCGAAGCACAAGTAA-1,Classical monocytes,Classical monocytes,Classical monocytes,0.99908257,True,2.5018016e-05,0.00033084227,0.0002136975,0.99908257,7.7452736e-05,0.00010465871,8.070887e-05,8.500023e-05
pbmc4k_TTCGAAGCAGGGCATA-1,Classical monocytes,Classical monocytes,Classical monocytes,0.99865305,True,8.15422e-05,0.00026042887,0.00042966157,0.99865305,9.537104e-05,0.00027778826,0.00014731417,5.475748e-05
pbmc4k_TTCGAAGGTACAAGTA-1,B cells,B cells,B cells,0.99901104,True,3.1106872e-05,0.99901104,4.7978803e-05,6.9653666e-05,3.183441e-05,0.00022171784,4.2539876e-05,0.00054415583
pbmc4k_TTCGAAGGTATTACCG-1,Activated/transitional T cells,Naive/resting T cells,Naive/resting T cells,0.9218217,False,0.00073824753,0.0021635196,0.00053191115,0.00061844307,0.00060729194,0.0730368,0.000482058,0.9218217
pbmc4k_TTCGAAGGTGAGGCTA-1,Cytotoxic CD8 T cells,Cytotoxic CD8 T cells,Cytotoxic CD8 T cells,0.9562675,True,0.00020057448,0.0005113161,0.00033774925,0.0003001106,0.9562675,0.041649632,0.00039760815,0.00033555934
pbmc4k_TTCGAAGGTTAAGACA-1,IL7R+ memory/helper T cells,IL7R+ memory/helper T cells,IL7R+ memory/helper T cells,0.986329,True,0.0026823462,0.0012734772,0.0014868394,0.0009815373,0.00072824955,0.986329,0.0008299487,0.005688522
pbmc4k_TTCGAAGTCTTCATGT-1,Cytotoxic CD8 T cells,Cytotoxic CD8 T cells,Cytotoxic CD8 T cells,0.95291173,True,0.0019450848,0.0012733109,0.0011366936,0.00086409796,0.95291173,0.039446022,0.0016896885,0.00073336443
pbmc4k_TTCGGTCAGAGCAATT-1,Cytotoxic CD8 T cells,Cytotoxic CD8 T cells,Cytotoxic CD8 T cells,0.99008536,True,0.0002903627,0.00029392636,0.00020671193,0.00014847046,0.99008536,0.0082389,0.00054728903,0.00018903075
pbmc4k_TTCGGTCAGCCACTAT-1,NK cells,NK cells,NK cells,0.997656,True,0.00019323343,9.281738e-05,0.0005580038,9.0946036e-05,0.0009708685,0.0004062133,0.997656,3.1928746e-05
pbmc4k_TTCGGTCAGCGTTCCG-1,Naive/resting T cells,Naive/resting T cells,Naive/resting T cells,0.88005936,True,0.0010583246,0.0021366156,0.0011286119,0.0015885651,0.00164164,0.1111333,0.0012535535,0.88005936
pbmc4k_TTCGGTCAGTGCAAGC-1,Activated/transitional T cells,Naive/resting T cells,Naive/resting T cells,0.9944084,False,0.0026108718,0.00039441526,0.00030028846,0.00041432693,0.00015845413,0.0014540853,0.00025910046,0.9944084
pbmc4k_TTCGGTCAGTGTACTC-1,Activated/transitional T cells,Naive/resting T cells,Naive/resting T cells,0.62399596,False,0.23896793,0.010232488,0.0068582925,0.010565945,0.0035637266,0.09919738,0.0066183107,0.62399596
pbmc4k_TTCGGTCCAGGGAGAG-1,Classical monocytes,Classical monocytes,Classical monocytes,0.99973935,True,2.3380508e-05,4.3812455e-05,8.642464e-05,0.99973935,1.4236986e-05,3.9861043e-05,2.9263843e-05,2.3715269e-05
pbmc4k_TTCGGTCCATTGTGCA-1,Classical monocytes,Classical monocytes,B cells,0.502214,False,0.0042143785,0.502214,0.027547153,0.38725162,0.010810365,0.041695382,0.011982216,0.01428489
pbmc4k_TTCGGTCGTCGGATCC-1,IL7R+ memory/helper T cells,IL7R+ memory/helper T cells,IL7R+ memory/helper T cells,0.9798907,True,0.005703123,0.0024062837,0.0021246288,0.0019153433,0.0011590807,0.9798907,0.0024937978,0.0043070577
pbmc4k_TTCGGTCGTGCATCTA-1,Classical monocytes,Classical monocytes,Classical monocytes,0.99948174,True,5.242003e-05,0.00010168024,0.0002054785,0.99948174,1.8747904e-05,5.6677403e-05,4.7984104e-05,3.527372e-05
pbmc4k_TTCGGTCGTTGTCGCG-1,Classical monocytes,Classical monocytes,Classical monocytes,0.99969435,True,3.7333724e-05,0.00011560029,5.076999e-05,0.99969435,1.8011948e-05,3.359399e-05,2.6863176e-05,2.3527837e-05
pbmc4k_TTCGGTCTCCTGCAGG-1,B cells,B cells,B cells,0.999281,True,4.882113e-05,0.999281,2.631533e-05,0.00012737034,3.925605e-05,0.00017223234,2.555702e-05,0.00027952067
pbmc4k_TTCGGTCTCGTACGGC-1,Cytotoxic CD8 T cells,Cytotoxic CD8 T cells,Cytotoxic CD8 T cells,0.9893065,True,0.00070006,0.0005844704,0.00046803,0.0004860633,0.9893065,0.007383724,0.00079387886,0.00027725496
pbmc4k_TTCTACAGTCTCATCC-1,Cytotoxic CD8 T cells,IL7R+ memory/helper T cells,IL7R+ memory/helper T cells,0.9024875,False,0.0013292788,0.0022610489,0.0013504276,0.0012702128,0.0030878067,0.9024875,0.001211068,0.08700266
pbmc4k_TTCTACAGTGACTCAT-1,IL7R+ memory/helper T cells,IL7R+ memory/helper T cells,IL7R+ memory/helper T cells,0.9724352,True,0.0005523263,0.00093090563,0.00110932,0.0005563929,0.0005508597,0.9724352,0.0004901895,0.023374828
pbmc4k_TTCTACATCACCAGGC-1,B cells,B cells,B cells,0.9988469,True,0.00010132168,0.9988469,3.3112454e-05,5.009276e-05,4.2198186e-05,6.37139e-05,2.640617e-05,0.0008363046
pbmc4k_TTCTACATCATTGCCC-1,Cytotoxic CD8 T cells,Cytotoxic CD8 T cells,Cytotoxic CD8 T cells,0.96029663,True,0.0016094468,0.0021098075,0.0011177141,0.0008463769,0.96029663,0.020244038,0.0053454824,0.00843045
pbmc4k_TTCTACATCGCCTGTT-1,NK cells,Cytotoxic CD8 T cells,Cytotoxic CD8 T cells,0.74320126,False,0.0053248242,0.004631068,0.011591542,0.0022735386,0.74320126,0.050415218,0.17889208,0.0036704303
pbmc4k_TTCTCAAAGCCAGTTT-1,IL7R+ memory/helper T cells,IL7R+ memory/helper T cells,IL7R+ memory/helper T cells,0.9917327,True,0.00046207,0.00055916177,0.0004376222,0.00045174855,0.00081978453,0.9917327,0.00042932198,0.0051075174
pbmc4k_TTCTCAAAGCTCCTCT-1,CD16+ non-classical monocytes,CD16+ non-classical monocytes,CD16+ non-classical monocytes,0.9978223,True,4.9825943e-05,0.0008798409,0.9978223,0.00036821968,0.00013200402,0.00043164432,0.00026870353,4.7462698e-05
pbmc4k_TTCTCAAAGTTGTCGT-1,Activated/transitional T cells,Naive/resting T cells,Naive/resting T cells,0.9865131,False,0.010681271,0.0006101585,0.0004185958,0.00064948865,0.00034121258,0.00041997893,0.0003661913,0.9865131
pbmc4k_TTCTCAACAGACAAAT-1,B cells,B cells,B cells,0.99877757,True,4.348559e-05,0.99877757,5.316054e-05,5.1463478e-05,3.703998e-05,0.0005286698,3.1422413e-05,0.00047714578
pbmc4k_TTCTCAACAGGACCCT-1,Activated/transitional T cells,Naive/resting T cells,Naive/resting T cells,0.9719054,False,0.0010254339,0.0007780305,0.000503193,0.00074836804,0.0006020226,0.02394228,0.00049523864,0.9719054
pbmc4k_TTCTCAACATTGTGCA-1,Cytotoxic CD8 T cells,IL7R+ memory/helper T cells,IL7R+ memory/helper T cells,0.8706549,False,0.0052345935,0.005034189,0.0034221695,0.0030263925,0.10466048,0.8706549,0.0046922434,0.003275111
pbmc4k_TTCTCAAGTCTAGCGC-1,Classical monocytes,Classical monocytes,Classical monocytes,0.999166,True,2.9846527e-05,0.00021496059,0.00027806216,0.999166,4.127129e-05,0.00014620436,4.5464538e-05,7.81623e-05
pbmc4k_TTCTCAAGTGGCTCCA-1,Cytotoxic CD8 T cells,Cytotoxic CD8 T cells,Cytotoxic CD8 T cells,0.9823569,True,0.0004270465,0.00045360083,0.0005012875,0.00029285415,0.9823569,0.011437893,0.004203542,0.00032688034
pbmc4k_TTCTCAAGTTATCACG-1,Cytotoxic CD8 T cells,Cytotoxic CD8 T cells,Cytotoxic CD8 T cells,0.97426444,True,0.00036429166,0.00042240863,0.0004843671,0.0003830972,0.97426444,0.023369716,0.00054362393,0.00016802839
pbmc4k_TTCTCAATCGCATGGC-1,Naive/resting T cells,IL7R+ memory/helper T cells,Naive/resting T cells,0.45357493,True,0.0063409214,0.004048649,0.0030878836,0.0041109864,0.14103934,0.38541892,0.0023783185,0.45357493
pbmc4k_TTCTCCTAGACGCAAC-1,Classical monocytes,Classical monocytes,Classical monocytes,0.9988022,True,2.50016e-05,0.00035839208,0.0002521535,0.9988022,3.3118045e-05,0.00030108876,9.741066e-05,0.00013068669
pbmc4k_TTCTCCTAGCACCGCT-1,B cells,B cells,B cells,0.9993419,True,2.9436545e-05,0.9993419,3.308264e-05,5.122923e-05,3.056264e-05,0.00010885236,2.9818975e-05,0.0003750925
pbmc4k_TTCTCCTAGCTAACTC-1,Classical monocytes,Classical monocytes,Classical monocytes,0.9994843,True,3.0046844e-05,5.9802485e-05,0.00015239515,0.9994843,2.380746e-05,9.1948685e-05,5.466567e-05,0.0001029853
pbmc4k_TTCTCCTAGTGATCGG-1,Classical monocytes,Classical monocytes,Classical monocytes,0.9996741,True,1.9418747e-05,3.483039e-05,5.70456e-05,0.9996741,2.1323824e-05,0.0001541536,2.1144204e-05,1.7990948e-05
pbmc4k_TTCTCCTCACAGATTC-1,Classical monocytes,Classical monocytes,Classical monocytes,0.9996308,True,3.9611776e-05,7.4727424e-05,0.00011662617,0.9996308,2.3075592e-05,4.740321e-05,4.8483813e-05,1.9268211e-05
pbmc4k_TTCTCCTCACGTGAGA-1,Classical monocytes,Classical monocytes,Classical monocytes,0.99952567,True,9.697495e-05,0.00011166092,0.00012023809,0.99952567,1.7996032e-05,6.271404e-05,3.676874e-05,2.7989472e-05
pbmc4k_TTCTCCTGTACAGCAG-1,B cells,B cells,B cells,0.99733007,True,5.110967e-05,0.99733007,0.00012767191,0.00014433938,6.646172e-05,0.00023784926,8.523329e-05,0.0019572778
pbmc4k_TTCTCCTTCCGAATGT-1,Activated/transitional T cells,Naive/resting T cells,Naive/resting T cells,0.7715753,False,0.0016586286,0.0016103138,0.0010128801,0.0016099575,0.0006746767,0.22088726,0.00097103044,0.7715753
pbmc4k_TTCTCCTTCCGCGGTA-1,Activated/transitional T cells,IL7R+ memory/helper T cells,IL7R+ memory/helper T cells,0.97085696,False,9.5023555e-05,0.00031996612,0.00036025967,0.00018806287,0.00017558415,0.97085696,0.00015715639,0.027846968
pbmc4k_TTCTTAGAGACGCAAC-1,Classical monocytes,Classical monocytes,Classical monocytes,0.99650747,True,7.242282e-05,0.0027356588,0.00010018913,0.99650747,8.401619e-05,0.00021868944,0.00010363895,0.00017787398
pbmc4k_TTCTTAGAGATCTGAA-1,Naive/resting T cells,Naive/resting T cells,Naive/resting T cells,0.9018879,True,0.01325353,0.004938086,0.0021479423,0.0033728401,0.0015111818,0.07073185,0.0021566565,0.9018879
pbmc4k_TTCTTAGAGGAGTTGC-1,Cytotoxic CD8 T cells,Cytotoxic CD8 T cells,Cytotoxic CD8 T cells,0.91639274,True,0.0025801915,0.0023201322,0.001079093,0.001115002,0.91639274,0.032823663,0.0015870809,0.042102125
pbmc4k_TTCTTAGAGGCTCAGA-1,Cytotoxic CD8 T cells,IL7R+ memory/helper T cells,IL7R+ memory/helper T cells,0.528356,False,0.026304582,0.006511188,0.0045648585,0.0045879832,0.33104414,0.528356,0.0046350933,0.09399611
pbmc4k_TTCTTAGCACATGTGT-1,Classical monocytes,Classical monocytes,Classical monocytes,0.9997186,True,7.098442e-05,3.5870828e-05,0.00010692406,0.9997186,8.24907e-06,1.7555874e-05,2.7902146e-05,1.3855111e-05
pbmc4k_TTCTTAGCAGAAGCAC-1,Cytotoxic CD8 T cells,IL7R+ memory/helper T cells,IL7R+ memory/helper T cells,0.5474749,False,0.017296977,0.022400672,0.02594439,0.024468882,0.065632485,0.5474749,0.020194916,0.2765868
pbmc4k_TTCTTAGCAGCTGCTG-1,Classical monocytes,Classical monocytes,Classical monocytes,0.9840516,True,0.00017679343,0.0016169709,0.010880025,0.9840516,0.00035624066,0.0018461625,0.00087517925,0.00019707109
pbmc4k_TTCTTAGGTCAAAGCG-1,Classical monocytes,Classical monocytes,Classical monocytes,0.9995078,True,0.00010972232,4.2413456e-05,0.00019623981,0.9995078,2.4610219e-05,6.7738256e-05,4.173145e-05,9.773056e-06
pbmc4k_TTCTTAGGTTCACCTC-1,Classical monocytes,Classical monocytes,Classical monocytes,0.9994543,True,5.8618993e-05,0.00015349485,0.00011823724,0.9994543,3.4368364e-05,7.155731e-05,7.405451e-05,3.5408477e-05
pbmc4k_TTCTTAGTCACGCGGT-1,Naive/resting T cells,Naive/resting T cells,Naive/resting T cells,0.9909208,True,0.00016051896,0.00049079023,0.0001949848,0.0002480582,0.00014025971,0.0076990565,0.00014555175,0.9909208
pbmc4k_TTCTTAGTCCCAAGAT-1,Classical monocytes,Classical monocytes,Classical monocytes,0.99932647,True,1.7706168e-05,7.923671e-05,0.00021029213,0.99932647,3.0727933e-05,0.00024634812,4.3928172e-05,4.529145e-05
pbmc4k_TTCTTAGTCCCATTTA-1,B cells,B cells,B cells,0.99932945,True,4.0493665e-05,0.99932945,6.70072e-05,4.117118e-05,3.0626215e-05,0.0002126353,3.4793822e-05,0.00024390804
pbmc4k_TTCTTAGTCGTAGGTT-1,Naive/resting T cells,Naive/resting T cells,Naive/resting T cells,0.99419135,True,7.745753e-05,0.0001612498,0.00013204348,0.00011623207,0.00013189888,0.00511279,7.697049e-05,0.99419135
pbmc4k_TTGAACGAGTCAAGGC-1,IL7R+ memory/helper T cells,IL7R+ memory/helper T cells,IL7R+ memory/helper T cells,0.99926203,True,2.780124e-05,0.00012932051,6.831084e-05,6.0789487e-05,0.00021317038,0.99926203,5.8424448e-05,0.00018013013
pbmc4k_TTGAACGCAACTGGCC-1,Activated/transitional T cells,Naive/resting T cells,Naive/resting T cells,0.9403643,False,0.00044863165,0.00078840845,0.00045964567,0.0005867291,0.000791718,0.056240574,0.0003199579,0.9403643
pbmc4k_TTGAACGCAGGAACGT-1,B cells,B cells,B cells,0.99881434,True,1.954745e-05,0.99881434,3.46268e-05,4.672882e-05,1.87378e-05,0.00010807865,2.7769654e-05,0.0009301941
pbmc4k_TTGAACGCAGTTCCCT-1,B cells,B cells,B cells,0.99919206,True,2.1096917e-05,0.99919206,8.188444e-05,4.7736725e-05,3.713229e-05,0.0004938325,5.5456956e-05,7.083521e-05
pbmc4k_TTGAACGCATAACCTG-1,Classical monocytes,Classical monocytes,Classical monocytes,0.9997347,True,9.6049785e-05,4.10916e-05,3.8257625e-05,0.9997347,9.584687e-06,2.2366079e-05,2.9204743e-05,2.8702048e-05
pbmc4k_TTGAACGGTTCATGGT-1,Cytotoxic CD8 T cells,NK cells,NK cells,0.55445194,False,0.0007421789,0.00069691206,0.0007044011,0.0006789132,0.41463333,0.027847959,0.55445194,0.0002443484
pbmc4k_TTGAACGTCAAGGCTT-1,B cells,B cells,B cells,0.9994462,True,1.2431637e-05,0.9994462,4.4555167e-05,4.632836e-05,2.2123779e-05,0.00023534126,2.9907333e-05,0.00016309388
pbmc4k_TTGAACGTCCGTACAA-1,Activated/transitional T cells,Naive/resting T cells,Naive/resting T cells,0.9838868,False,7.480619e-05,0.00011204547,7.2109935e-05,8.2463885e-05,7.505329e-05,0.015628181,6.8506066e-05,0.9838868
pbmc4k_TTGACTTAGATGGGTC-1,CD16+ non-classical monocytes,CD16+ non-classical monocytes,CD16+ non-classical monocytes,0.54394126,True,0.0003798332,0.00707905,0.54394126,0.44110006,0.0015631316,0.0029951867,0.0010786153,0.0018629028
pbmc4k_TTGACTTAGCCGCCTA-1,Cytotoxic CD8 T cells,Cytotoxic CD8 T cells,Cytotoxic CD8 T cells,0.7388703,True,0.0030293083,0.013554418,0.005594452,0.0034167701,0.7388703,0.1399561,0.0044820923,0.09109651
pbmc4k_TTGACTTAGTTGCAGG-1,Activated/transitional T cells,Naive/resting T cells,Naive/resting T cells,0.9901074,False,0.0005284265,0.00033458296,0.00024900102,0.00024458507,0.00021768313,0.008169816,0.00014841542,0.9901074
pbmc4k_TTGACTTGTAGCGTAG-1,Activated/transitional T cells,Naive/resting T cells,Naive/resting T cells,0.8012764,False,0.0026724471,0.002082122,0.0016152333,0.0022503661,0.002167439,0.18666811,0.0012678934,0.8012764
pbmc4k_TTGACTTTCAGGCGAA-1,NK cells,Naive/resting T cells,Naive/resting T cells,0.5512201,False,0.009429971,0.0048424746,0.008676993,0.013856137,0.39266464,0.014873394,0.004436322,0.5512201
pbmc4k_TTGACTTTCATCTGCC-1,Activated/transitional T cells,Naive/resting T cells,Naive/resting T cells,0.8922949,False,0.0071271616,0.0023562245,0.0019039607,0.0018062544,0.002244893,0.09049372,0.0017729052,0.8922949
pbmc4k_TTGACTTTCGTCCAGG-1,IL7R+ memory/helper T cells,IL7R+ memory/helper T cells,IL7R+ memory/helper T cells,0.99838245,True,5.2653515e-05,0.000122492,9.8770644e-05,6.697997e-05,6.5951666e-05,0.99838245,5.7993377e-05,0.0011526751
pbmc4k_TTGACTTTCGTTGCCT-1,Cytotoxic CD8 T cells,Cytotoxic CD8 T cells,Cytotoxic CD8 T cells,0.9916191,True,0.00046541914,0.0004849675,0.0002984429,0.00026642563,0.9916191,0.0046760207,0.00022085883,0.0019687428
pbmc4k_TTGCCGTAGTAACCCT-1,CD16+ non-classical monocytes,CD16+ non-classical monocytes,CD16+ non-classical monocytes,0.99886405,True,2.690237e-05,0.00031753184,0.99886405,0.00014468843,8.002587e-05,0.00042501054,0.00010900345,3.281206e-05
pbmc4k_TTGCCGTCAGATCGGA-1,Activated/transitional T cells,IL7R+ memory/helper T cells,Naive/resting T cells,0.7659125,False,0.0010750063,0.00177361,0.001372283,0.0011852308,0.007187808,0.22042969,0.0010638742,0.7659125
pbmc4k_TTGCCGTCAGCGTAAG-1,Activated/transitional T cells,Naive/resting T cells,Naive/resting T cells,0.94144845,False,0.0007883812,0.0012560249,0.00072834356,0.0010186894,0.00087062473,0.053248342,0.0006411777,0.94144845
pbmc4k_TTGCCGTTCATCGCTC-1,B cells,B cells,B cells,0.9978137,True,5.056075e-05,0.9978137,9.042168e-05,0.00010613206,8.072946e-05,0.00086150767,6.984128e-05,0.0009271196
pbmc4k_TTGCCGTTCTGTCAAG-1,Naive/resting T cells,Naive/resting T cells,Naive/resting T cells,0.9927412,True,0.00066395313,0.0027022471,0.00043925992,0.0006123183,0.00040713642,0.0020367715,0.0003970037,0.9927412
pbmc4k_TTGCGTCAGACCCACC-1,Cytotoxic CD8 T cells,Cytotoxic CD8 T cells,Cytotoxic CD8 T cells,0.96798676,True,0.00052207813,0.0009300531,0.00032405453,0.00028870616,0.96798676,0.028981252,0.00084248005,0.00012459196
pbmc4k_TTGCGTCAGAGTCGGT-1,IL7R+ memory/helper T cells,IL7R+ memory/helper T cells,IL7R+ memory/helper T cells,0.9837181,True,0.0002643888,0.00066732254,0.00033809038,0.0003186885,0.013480267,0.9837181,0.0004121155,0.0008010406
pbmc4k_TTGCGTCAGTCATGCT-1,B cells,B cells,B cells,0.9996275,True,0.00013426336,0.9996275,3.763784e-05,3.9836366e-05,2.1362684e-05,5.986589e-05,2.8248376e-05,5.1275892e-05
pbmc4k_TTGCGTCCAAGCTGGA-1,IL7R+ memory/helper T cells,IL7R+ memory/helper T cells,IL7R+ memory/helper T cells,0.9476674,True,0.00021013111,0.0005531779,0.00030214674,0.00024912623,0.00014351032,0.9476674,0.00019697472,0.050677497
pbmc4k_TTGCGTCCAATAGCGG-1,B cells,B cells,B cells,0.99930775,True,2.4212206e-05,0.99930775,3.8054804e-05,4.0999224e-05,3.1944237e-05,0.00017546794,3.2821532e-05,0.0003487138
pbmc4k_TTGCGTCCACTTCTGC-1,Cytotoxic CD8 T cells,Cytotoxic CD8 T cells,Cytotoxic CD8 T cells,0.9724823,True,0.00039261492,0.00029506194,0.00025677364,0.00016015396,0.9724823,0.024292171,0.00017110194,0.0019497743
pbmc4k_TTGCGTCCATCCTTGC-1,Classical monocytes,Classical monocytes,Classical monocytes,0.99932015,True,5.264384e-05,7.640956e-05,0.00014959996,0.99932015,3.6598725e-05,0.00024737866,7.433869e-05,4.2894553e-05
pbmc4k_TTGCGTCGTAATTGGA-1,Cytotoxic CD8 T cells,IL7R+ memory/helper T cells,Cytotoxic CD8 T cells,0.47227505,True,0.01738495,0.006202337,0.004964262,0.004743858,0.47227505,0.4644269,0.0046708877,0.025331689
pbmc4k_TTGCGTCGTGGTCCGT-1,NK cells,Naive/resting T cells,Cytotoxic CD8 T cells,0.59167016,False,0.021326853,0.017073555,0.007014837,0.006852627,0.59167016,0.016306948,0.0067299325,0.33302513
pbmc4k_TTGCGTCTCTAACTTC-1,Classical monocytes,Classical monocytes,Classical monocytes,0.9988991,True,0.00019912442,0.00017496599,0.00030310047,0.9988991,6.4930704e-05,0.00016920466,0.00011036114,7.91339e-05
pbmc4k_TTGCGTCTCTACCTGC-1,B cells,B cells,B cells,0.9995486,True,4.9379418e-05,0.9995486,3.4168977e-05,4.3560394e-05,1.660157e-05,6.5190965e-05,2.6251133e-05,0.00021616888
pbmc4k_TTGCGTCTCTCGCTTG-1,Activated/transitional T cells,Naive/resting T cells,Naive/resting T cells,0.9446573,False,0.00044630683,0.0017085015,0.00068584573,0.0010430383,0.0006813675,0.049972594,0.0008050108,0.9446573
pbmc4k_TTGGAACCACTCTGTC-1,NK cells,Cytotoxic CD8 T cells,Cytotoxic CD8 T cells,0.77205473,False,0.013713478,0.009632768,0.00660425,0.0054720724,0.77205473,0.030060738,0.020486098,0.14197585
pbmc4k_TTGGAACGTACCAGTT-1,Activated/transitional T cells,IL7R+ memory/helper T cells,IL7R+ memory/helper T cells,0.54674804,False,0.0004559787,0.0019341024,0.0009772922,0.0010286478,0.00081964466,0.54674804,0.0007790018,0.44725728
pbmc4k_TTGGAACGTCTTCGTC-1,Cytotoxic CD8 T cells,Cytotoxic CD8 T cells,Cytotoxic CD8 T cells,0.9081035,True,0.0005297211,0.0012833312,0.00092130987,0.0006435847,0.9081035,0.011929045,0.07584615,0.0007433431
pbmc4k_TTGGAACTCGCATGAT-1,Classical monocytes,Classical monocytes,Classical monocytes,0.99905485,True,2.4461931e-05,6.310316e-05,0.00025323193,0.99905485,3.0360905e-05,0.00043221095,8.326599e-05,5.8543446e-05
pbmc4k_TTGGCAAAGACACTAA-1,B cells,B cells,B cells,0.99916375,True,3.327791e-05,0.99916375,5.996717e-05,5.4879918e-05,7.115725e-05,0.00029701804,3.395339e-05,0.0002860508
pbmc4k_TTGGCAAAGCAGGCTA-1,B cells,B cells,B cells,0.99901474,True,2.5671943e-05,0.99901474,4.9118175e-05,6.588195e-05,3.865266e-05,0.000382861,5.153779e-05,0.00037148388
pbmc4k_TTGGCAACAATGAAAC-1,Activated/transitional T cells,Naive/resting T cells,Activated/transitional T cells,0.43041387,True,0.43041387,0.013490743,0.0098847095,0.015313162,0.15978609,0.11686865,0.010708932,0.24353385
pbmc4k_TTGGCAACATACAGCT-1,B cells,B cells,B cells,0.9983895,True,2.468963e-05,0.9983895,7.592116e-05,7.01078e-05,5.2757026e-05,0.0011245252,4.056325e-05,0.00022195953
pbmc4k_TTGGCAACATTAGGCT-1,B cells,B cells,B cells,0.9977247,True,0.0008373132,0.9977247,6.994822e-05,0.00010991374,5.3121723e-05,6.0289018e-05,7.7180935e-05,0.0010674923
pbmc4k_TTGGCAAGTACTCGCG-1,Classical monocytes,Classical monocytes,Classical monocytes,0.9959591,True,5.836232e-05,0.0010881261,0.001203125,0.9959591,0.0001272235,0.001238342,0.00018903946,0.00013663246
pbmc4k_TTGGCAATCACCCTCA-1,IL7R+ memory/helper T cells,IL7R+ memory/helper T cells,IL7R+ memory/helper T cells,0.97437197,True,0.00046281735,0.0011270394,0.0010032929,0.0008251146,0.0012777791,0.97437197,0.0007420831,0.020189898
pbmc4k_TTGGCAATCACTCTTA-1,Activated/transitional T cells,Naive/resting T cells,Naive/resting T cells,0.9924926,False,0.00012742518,0.00035806803,9.8631215e-05,0.00013194904,7.473173e-05,0.0066254092,9.1150956e-05,0.9924926
pbmc4k_TTGGCAATCCACGCAG-1,B cells,B cells,B cells,0.9990294,True,1.749038e-05,0.9990294,2.8714037e-05,3.628071e-05,2.5061363e-05,0.0001615258,2.1020725e-05,0.0006804626
pbmc4k_TTGGCAATCTCCGGTT-1,Naive/resting T cells,Naive/resting T cells,Naive/resting T cells,0.8099479,True,0.02082743,0.0040002745,0.002676639,0.002951894,0.0019285929,0.15482625,0.0028410377,0.8099479
pbmc4k_TTGTAGGAGGATGCGT-1,Cytotoxic CD8 T cells,Cytotoxic CD8 T cells,Cytotoxic CD8 T cells,0.9951816,True,0.00019574014,0.00017413174,0.00017569358,0.00014439442,0.9951816,0.0032375285,0.00034299007,0.0005478499
pbmc4k_TTGTAGGAGTACGCGA-1,Classical monocytes,Classical monocytes,Classical monocytes,0.99945575,True,4.7155507e-05,0.00011831445,0.0001829806,0.99945575,3.380423e-05,7.688009e-05,4.160792e-05,4.351765e-05
pbmc4k_TTGTAGGCAAGCTGTT-1,Activated/transitional T cells,Naive/resting T cells,Naive/resting T cells,0.94420063,False,0.0003905858,0.000843221,0.00058381166,0.00062562956,0.00051810185,0.052403364,0.00043469522,0.94420063
pbmc4k_TTGTAGGGTATAGGTA-1,Classical monocytes,Classical monocytes,Classical monocytes,0.978929,True,0.00012824764,0.00043868824,0.0005610552,0.978929,0.0002926243,0.017697137,0.00029439974,0.0016588636
pbmc4k_TTGTAGGGTTGAACTC-1,Cytotoxic CD8 T cells,Cytotoxic CD8 T cells,Cytotoxic CD8 T cells,0.99367297,True,0.0003388925,0.0003225453,0.0003419618,0.00020103548,0.99367297,0.00394058,0.0008052885,0.00037669286
pbmc4k_TTTACTGAGCGTAATA-1,Classical monocytes,Classical monocytes,Classical monocytes,0.99971956,True,8.508107e-06,3.4983987e-05,8.228332e-05,0.99971956,1.4359205e-05,8.955037e-05,2.6377067e-05,2.4407762e-05
pbmc4k_TTTACTGAGTACGTTC-1,B cells,B cells,B cells,0.99591833,True,0.0002933426,0.99591833,0.00024195471,0.00033678033,0.0002079111,0.0008443305,0.00021240237,0.0019449609
pbmc4k_TTTACTGCAAACCCAT-1,Cytotoxic CD8 T cells,Cytotoxic CD8 T cells,Cytotoxic CD8 T cells,0.98841095,True,0.00063209113,0.00048486667,0.00047356586,0.00041700155,0.98841095,0.008092556,0.00080738665,0.0006815906
pbmc4k_TTTACTGCAGTTAACC-1,Activated/transitional T cells,IL7R+ memory/helper T cells,IL7R+ memory/helper T cells,0.7147974,False,0.0011235724,0.0009247646,0.0008114737,0.00064300414,0.0012865149,0.7147974,0.0005181744,0.2798952
pbmc4k_TTTACTGCATCAGTAC-1,B cells,B cells,B cells,0.9983961,True,5.7365432e-05,0.9983961,3.1164072e-05,4.8610254e-05,2.2951524e-05,5.194569e-05,3.903531e-05,0.0013528371
pbmc4k_TTTACTGGTAGGAGTC-1,Classical monocytes,Classical monocytes,Classical monocytes,0.9991755,True,2.9013067e-05,0.00012867161,0.00019840563,0.9991755,5.667604e-05,0.00019487659,6.8984176e-05,0.00014783369
pbmc4k_TTTACTGGTGGGTCAA-1,Activated/transitional T cells,Naive/resting T cells,Naive/resting T cells,0.9916481,False,0.00034148863,0.0003886026,0.00019862213,0.00026705413,0.00014386431,0.0068445476,0.00016771247,0.9916481
pbmc4k_TTTACTGGTGTTAAGA-1,Classical monocytes,Classical monocytes,Classical monocytes,0.99976045,True,2.3303264e-05,2.8879227e-05,7.1756185e-05,0.99976045,2.7885144e-05,4.8993094e-05,2.4482802e-05,1.4298313e-05
pbmc4k_TTTACTGGTTATCGGT-1,B cells,B cells,B cells,0.9987143,True,2.7319944e-05,0.9987143,7.638502e-05,3.8587783e-05,6.9585905e-05,0.00089964335,3.736167e-05,0.00013674624
pbmc4k_TTTATGCAGATAGCAT-1,B cells,B cells,B cells,0.9993787,True,6.771452e-05,0.9993787,3.4364257e-05,4.528181e-05,2.1707045e-05,0.000101978956,2.922989e-05,0.0003210531
pbmc4k_TTTATGCAGCAGACTG-1,Cytotoxic CD8 T cells,Cytotoxic CD8 T cells,Cytotoxic CD8 T cells,0.9791424,True,0.000542514,0.00044375,0.00020634403,0.00020111092,0.9791424,0.018997872,0.0002398589,0.00022615909
pbmc4k_TTTATGCAGCCACGCT-1,Classical monocytes,Classical monocytes,Classical monocytes,0.9996352,True,1.6097836e-05,8.787239e-05,0.00012968875,0.9996352,2.3447647e-05,5.345612e-05,4.173522e-05,1.248913e-05
pbmc4k_TTTATGCAGCCAGTTT-1,Cytotoxic CD8 T cells,Cytotoxic CD8 T cells,Cytotoxic CD8 T cells,0.99074906,True,0.0004457582,0.0007463813,0.00045966756,0.00036780065,0.99074906,0.0060039954,0.00063381996,0.0005935393
pbmc4k_TTTATGCAGGATATAC-1,Activated/transitional T cells,Naive/resting T cells,Naive/resting T cells,0.99193937,False,0.0014303527,0.0005935589,0.00028136012,0.0003458601,0.00016644665,0.005023084,0.00021999727,0.99193937
pbmc4k_TTTATGCAGGCCCTTG-1,CD16+ non-classical monocytes,CD16+ non-classical monocytes,CD16+ non-classical monocytes,0.9988341,True,1.8070159e-05,0.00044375286,0.9988341,0.0003015803,9.114926e-05,0.00016416289,0.00012012395,2.7098957e-05
pbmc4k_TTTATGCCACCAGGTC-1,Cytotoxic CD8 T cells,Cytotoxic CD8 T cells,Cytotoxic CD8 T cells,0.9944336,True,0.00023204106,0.00027770858,0.00018786061,0.00017383881,0.9944336,0.001595573,0.0026316366,0.0004678074
pbmc4k_TTTATGCGTACTCTCC-1,B cells,B cells,B cells,0.97399354,True,0.0032365266,0.97399354,0.000983935,0.0012056078,0.0006015884,0.0017746342,0.0006708874,0.017533287
pbmc4k_TTTATGCGTCTGGAGA-1,Classical monocytes,Classical monocytes,Classical monocytes,0.9988501,True,4.6274865e-05,9.497784e-05,0.00043560727,0.9988501,0.00023006732,7.644438e-05,8.8958586e-05,0.00017759924
pbmc4k_TTTCCTCAGTGACTCT-1,Classical monocytes,Classical monocytes,Classical monocytes,0.98257154,True,5.012667e-05,0.014950018,0.00039223736,0.98257154,9.9548946e-05,0.0011193426,0.00012246317,0.0006947768
pbmc4k_TTTCCTCAGTTAGGTA-1,Cytotoxic CD8 T cells,Cytotoxic CD8 T cells,Cytotoxic CD8 T cells,0.9932104,True,8.5800224e-05,0.00022013004,8.3612365e-05,0.00011122981,0.9932104,0.0058276174,8.871998e-05,0.00037254175
pbmc4k_TTTCCTCCAAATACAG-1,Classical monocytes,Classical monocytes,Classical monocytes,0.9997259,True,1.390493e-05,6.855097e-05,7.913514e-05,0.9997259,1.2712511e-05,4.081659e-05,3.0944964e-05,2.8022805e-05
pbmc4k_TTTCCTCCAATCTACG-1,IL7R+ memory/helper T cells,IL7R+ memory/helper T cells,IL7R+ memory/helper T cells,0.85317814,True,0.0018654175,0.00564298,0.0034126309,0.00373678,0.0043397285,0.85317814,0.0036646246,0.12415971
pbmc4k_TTTCCTCCATAGGATA-1,Classical monocytes,Classical monocytes,Classical monocytes,0.99964416,True,7.10117e-05,5.0399132e-05,7.763794e-05,0.99964416,2.5542135e-05,5.7923855e-05,4.4915392e-05,2.8436865e-05
pbmc4k_TTTCCTCGTGGACGAT-1,Activated/transitional T cells,Naive/resting T cells,Naive/resting T cells,0.99272,False,0.00081093895,0.00029127728,0.0002447961,0.00026467987,0.00011556613,0.005394564,0.00015814375,0.99272
pbmc4k_TTTCCTCGTTACCGAT-1,Classical monocytes,Classical monocytes,Classical monocytes,0.99771947,True,0.00012951059,0.0005986859,0.00041091745,0.99771947,0.00012530338,0.00058153435,0.00024242328,0.00019216987
pbmc4k_TTTCCTCTCACAATGC-1,Activated/transitional T cells,Naive/resting T cells,Naive/resting T cells,0.8839678,False,0.0006295621,0.0044070897,0.00077549025,0.0010621218,0.0008540666,0.107606575,0.0006972829,0.8839678
pbmc4k_TTTCCTCTCAGAGACG-1,Cytotoxic CD8 T cells,Cytotoxic CD8 T cells,Cytotoxic CD8 T cells,0.9928677,True,0.0010141138,0.00023697346,0.00015557559,0.00013512389,0.9928677,0.00282497,0.00023087065,0.0025346945
pbmc4k_TTTCCTCTCCGAACGC-1,NK cells,NK cells,NK cells,0.8640735,True,0.005977795,0.0022407048,0.009692741,0.0014976396,0.09615954,0.019323878,0.8640735,0.0010341367
pbmc4k_TTTCCTCTCCGCGCAA-1,Cytotoxic CD8 T cells,Cytotoxic CD8 T cells,Cytotoxic CD8 T cells,0.9839841,True,0.0032728678,0.00039858534,0.00029898708,0.00033139417,0.9839841,0.0075146453,0.0003360887,0.003863397
pbmc4k_TTTGCGCAGGACACCA-1,Classical monocytes,Classical monocytes,Classical monocytes,0.99962664,True,2.1894184e-05,9.180344e-05,6.140862e-05,0.99962664,2.1301024e-05,0.00011350025,4.7453985e-05,1.6022526e-05
pbmc4k_TTTGCGCCATGCCTTC-1,IL7R+ memory/helper T cells,IL7R+ memory/helper T cells,IL7R+ memory/helper T cells,0.9836134,True,0.00015311084,0.0010048175,0.00054658944,0.0006038368,0.00036341755,0.9836134,0.0003850886,0.013329818
pbmc4k_TTTGCGCCATTTGCTT-1,Naive/resting T cells,IL7R+ memory/helper T cells,IL7R+ memory/helper T cells,0.6901022,False,0.0010226895,0.0023971996,0.0016775106,0.0018916971,0.00079853437,0.6901022,0.001258568,0.3008516
pbmc4k_TTTGCGCGTAATAGCA-1,Cytotoxic CD8 T cells,Cytotoxic CD8 T cells,Cytotoxic CD8 T cells,0.975066,True,0.000862689,0.00086013327,0.00060679985,0.0005472496,0.975066,0.007614369,0.014088458,0.00035434123
pbmc4k_TTTGCGCTCAATCACG-1,Activated/transitional T cells,Naive/resting T cells,Naive/resting T cells,0.9910643,False,0.00010840455,0.00024069783,0.0002813906,0.00022095891,0.00021758389,0.0077266316,0.00014002807,0.9910643
pbmc4k_TTTGCGCTCGATAGAA-1,Naive/resting T cells,Naive/resting T cells,Naive/resting T cells,0.7807574,True,0.0019325543,0.002117726,0.0013412462,0.0015988164,0.0020353303,0.20905995,0.0011569357,0.7807574
pbmc4k_TTTGCGCTCTCTTGAT-1,B cells,B cells,B cells,0.9690824,True,0.009665193,0.9690824,0.00085855566,0.0012131211,0.0005432387,0.00078926916,0.00075807277,0.017090099
pbmc4k_TTTGGTTAGGATGGTC-1,Activated/transitional T cells,Naive/resting T cells,Naive/resting T cells,0.992778,False,0.00026826817,0.00029373323,0.00020849197,0.00029039063,0.00022747874,0.0057744826,0.00015911016,0.992778
pbmc4k_TTTGGTTCACTTAAGC-1,Classical monocytes,Classical monocytes,Classical monocytes,0.99851805,True,0.00010650507,0.0002136183,0.00070089987,0.99851805,0.00012570649,0.00010553212,0.00015428387,7.538833e-05
pbmc4k_TTTGGTTCAGGACGTA-1,Activated/transitional T cells,Naive/resting T cells,Naive/resting T cells,0.899676,False,0.0011410515,0.0025413907,0.0014863225,0.0019058031,0.0012342499,0.09086132,0.0011538024,0.899676
pbmc4k_TTTGGTTCATGCCTAA-1,Cytotoxic CD8 T cells,Cytotoxic CD8 T cells,Cytotoxic CD8 T cells,0.97603816,True,0.00037188595,0.00024145613,0.00024468073,0.00021726875,0.97603816,0.022282075,0.00034420786,0.00026023312
pbmc4k_TTTGGTTCATTGGCGC-1,Cytotoxic CD8 T cells,Cytotoxic CD8 T cells,Cytotoxic CD8 T cells,0.9931651,True,0.00050984434,0.0004242093,0.00040889153,0.00022423876,0.9931651,0.003943399,0.00042292738,0.000901397
pbmc4k_TTTGGTTGTTATCACG-1,Activated/transitional T cells,Naive/resting T cells,Naive/resting T cells,0.9665668,False,0.0025771607,0.00070741365,0.0005563239,0.0009184638,0.0004289502,0.027781911,0.00046292486,0.9665668
pbmc4k_TTTGGTTTCGCTAGCG-1,Classical monocytes,Classical monocytes,Classical monocytes,0.99679476,True,2.1353648e-05,0.00025048995,0.0024698118,0.99679476,5.4582397e-05,0.00030583676,7.3383184e-05,2.9762949e-05
pbmc4k_TTTGTCACACTTAACG-1,Cytotoxic CD8 T cells,Cytotoxic CD8 T cells,Cytotoxic CD8 T cells,0.9743518,True,0.005389011,0.0011424072,0.0009347111,0.0009804304,0.9743518,0.0042968956,0.01127572,0.0016290306
pbmc4k_TTTGTCAGTTAAGACA-1,B cells,B cells,B cells,0.9992235,True,3.8639762e-05,0.9992235,3.0628573e-05,4.9847968e-05,2.1618544e-05,0.00011331434,3.2281434e-05,0.00049023435
pbmc4k_TTTGTCATCCCAAGAT-1,Classical monocytes,Classical monocytes,Classical monocytes,0.9996214,True,3.4094643e-05,0.00010080208,7.009891e-05,0.9996214,1.7892473e-05,8.736514e-05,3.3034317e-05,3.5340207e-05
