cell_id,dataset,donor,original_cell_type,harmonized_cell_type,included_in_shared6_model
pbmc3k_AAACATACAACCAC-1,PBMC3k,Donor 1,Cytotoxic CD8 T cells,Cytotoxic T cells,True
pbmc3k_AAACATTGAGCTAC-1,PBMC3k,Donor 1,B cells,B cells,True
pbmc3k_AAACATTGATCAGC-1,PBMC3k,Donor 1,IL7R+ memory/helper T cells,Non-cytotoxic T cells,True
pbmc3k_AAACCGTGCTTCCG-1,PBMC3k,Donor 1,Classical monocytes,Classical monocytes,True
pbmc3k_AAACCGTGTATGCG-1,PBMC3k,Donor 1,NK cells,NK cells,True
pbmc3k_AAACGCACTGGTAC-1,PBMC3k,Donor 1,IL7R+ memory/helper T cells,Non-cytotoxic T cells,True
pbmc3k_AAACGCTGACCAGT-1,PBMC3k,Donor 1,Cytotoxic CD8 T cells,Cytotoxic T cells,True
pbmc3k_AAACGCTGGTTCTT-1,PBMC3k,Donor 1,Cytotoxic CD8 T cells,Cytotoxic T cells,True
pbmc3k_AAACGCTGTAGCCA-1,PBMC3k,Donor 1,Activated/transitional T cells,Cytotoxic T cells,True
pbmc3k_AAACGCTGTTTCTG-1,PBMC3k,Donor 1,CD16+ non-classical monocytes,CD16+ non-classical monocytes,True
pbmc3k_AAACTTGAAAAACG-1,PBMC3k,Donor 1,B cells,B cells,True
pbmc3k_AAACTTGATCCAGA-1,PBMC3k,Donor 1,Naive/resting T cells,Non-cytotoxic T cells,True
pbmc3k_AAAGAGACGAGATA-1,PBMC3k,Donor 1,IL7R+ memory/helper T cells,Non-cytotoxic T cells,True
pbmc3k_AAAGAGACGCGAGA-1,PBMC3k,Donor 1,Classical monocytes,Classical monocytes,True
pbmc3k_AAAGAGACGGACTT-1,PBMC3k,Donor 1,Activated/transitional T cells,Cytotoxic T cells,True
pbmc3k_AAAGAGACGGCATT-1,PBMC3k,Donor 1,Activated/transitional T cells,Cytotoxic T cells,True
pbmc3k_AAAGCAGATATCGG-1,PBMC3k,Donor 1,CD16+ non-classical monocytes,CD16+ non-classical monocytes,True
pbmc3k_AAAGCCTGTATGCG-1,PBMC3k,Donor 1,IL7R+ memory/helper T cells,Non-cytotoxic T cells,True
pbmc3k_AAAGGCCTGTCTAG-1,PBMC3k,Donor 1,B cells,B cells,True
pbmc3k_AAAGTTTGATCACG-1,PBMC3k,Donor 1,B cells,B cells,True
pbmc3k_AAAGTTTGGGGTGA-1,PBMC3k,Donor 1,B cells,B cells,True
pbmc3k_AAAGTTTGTAGAGA-1,PBMC3k,Donor 1,Activated/transitional T cells,Cytotoxic T cells,True
pbmc3k_AAAGTTTGTAGCGT-1,PBMC3k,Donor 1,Classical monocytes,Classical monocytes,True
pbmc3k_AAATCAACAATGCC-1,PBMC3k,Donor 1,B cells,B cells,True
pbmc3k_AAATCAACACCAGT-1,PBMC3k,Donor 1,Naive/resting T cells,Non-cytotoxic T cells,True
pbmc3k_AAATCAACCAGGAG-1,PBMC3k,Donor 1,Naive/resting T cells,Non-cytotoxic T cells,True
pbmc3k_AAATCAACCCTATT-1,PBMC3k,Donor 1,CD16+ non-classical monocytes,CD16+ non-classical monocytes,True
pbmc3k_AAATCAACGGAAGC-1,PBMC3k,Donor 1,Naive/resting T cells,Non-cytotoxic T cells,True
pbmc3k_AAATCAACTCGCAA-1,PBMC3k,Donor 1,IL7R+ memory/helper T cells,Non-cytotoxic T cells,True
pbmc3k_AAATCATGACCACA-1,PBMC3k,Donor 1,CD16+ non-classical monocytes,CD16+ non-classical monocytes,True
pbmc3k_AAATCCCTCCACAA-1,PBMC3k,Donor 1,Activated/transitional T cells,Cytotoxic T cells,True
pbmc3k_AAATCCCTGCTATG-1,PBMC3k,Donor 1,B cells,B cells,True
pbmc3k_AAATGTTGAACGAA-1,PBMC3k,Donor 1,Classical monocytes,Classical monocytes,True
pbmc3k_AAATGTTGCCACAA-1,PBMC3k,Donor 1,IL7R+ memory/helper T cells,Non-cytotoxic T cells,True
pbmc3k_AAATGTTGTGGCAT-1,PBMC3k,Donor 1,Classical monocytes,Classical monocytes,True
pbmc3k_AAATTCGAAGGTTC-1,PBMC3k,Donor 1,Naive/resting T cells,Non-cytotoxic T cells,True
pbmc3k_AAATTCGAATCACG-1,PBMC3k,Donor 1,Classical monocytes,Classical monocytes,True
pbmc3k_AAATTCGAGCTGAT-1,PBMC3k,Donor 1,CD16+ non-classical monocytes,CD16+ non-classical monocytes,True
pbmc3k_AAATTCGAGGAGTG-1,PBMC3k,Donor 1,Naive/resting T cells,Non-cytotoxic T cells,True
pbmc3k_AAATTCGATTCTCA-1,PBMC3k,Donor 1,Cytotoxic CD8 T cells,Cytotoxic T cells,True
pbmc3k_AAATTGACACGACT-1,PBMC3k,Donor 1,Cytotoxic CD8 T cells,Cytotoxic T cells,True
pbmc3k_AAATTGACTCGCTC-1,PBMC3k,Donor 1,IL7R+ memory/helper T cells,Non-cytotoxic T cells,True
pbmc3k_AACAAACTCATTTC-1,PBMC3k,Donor 1,Naive/resting T cells,Non-cytotoxic T cells,True
pbmc3k_AACAAACTTTCGTT-1,PBMC3k,Donor 1,IL7R+ memory/helper T cells,Non-cytotoxic T cells,True
pbmc3k_AACAATACGACGAG-1,PBMC3k,Donor 1,IL7R+ memory/helper T cells,Non-cytotoxic T cells,True
pbmc3k_AACACGTGCAGAGG-1,PBMC3k,Donor 1,IL7R+ memory/helper T cells,Non-cytotoxic T cells,True
pbmc3k_AACACGTGGAAAGT-1,PBMC3k,Donor 1,Naive/resting T cells,Non-cytotoxic T cells,True
pbmc3k_AACACGTGGAACCT-1,PBMC3k,Donor 1,Classical monocytes,Classical monocytes,True
pbmc3k_AACACGTGGCTACA-1,PBMC3k,Donor 1,Naive/resting T cells,Non-cytotoxic T cells,True
pbmc3k_AACACGTGTACGAC-1,PBMC3k,Donor 1,CD16+ non-classical monocytes,CD16+ non-classical monocytes,True
pbmc3k_AACAGCACAAGAGT-1,PBMC3k,Donor 1,Classical monocytes,Classical monocytes,True
pbmc3k_AACATTGATGGGAG-1,PBMC3k,Donor 1,CD16+ non-classical monocytes,CD16+ non-classical monocytes,True
pbmc3k_AACCAGTGATACCG-1,PBMC3k,Donor 1,CD16+ non-classical monocytes,CD16+ non-classical monocytes,True
pbmc3k_AACCCAGATCGCTC-1,PBMC3k,Donor 1,Naive/resting T cells,Non-cytotoxic T cells,True
pbmc3k_AACCGATGCTCCCA-1,PBMC3k,Donor 1,IL7R+ memory/helper T cells,Non-cytotoxic T cells,True
pbmc3k_AACCGATGGTCATG-1,PBMC3k,Donor 1,B cells,B cells,True
pbmc3k_AACCGATGTTCTAC-1,PBMC3k,Donor 1,Classical monocytes,Classical monocytes,True
pbmc3k_AACCGCCTAGCGTT-1,PBMC3k,Donor 1,IL7R+ memory/helper T cells,Non-cytotoxic T cells,True
pbmc3k_AACCGCCTCTACGA-1,PBMC3k,Donor 1,Classical monocytes,Classical monocytes,True
pbmc3k_AACCTACTGTGAGG-1,PBMC3k,Donor 1,CD16+ non-classical monocytes,CD16+ non-classical monocytes,True
pbmc3k_AACCTACTGTGTTG-1,PBMC3k,Donor 1,Naive/resting T cells,Non-cytotoxic T cells,True
pbmc3k_AACCTTACGAGACG-1,PBMC3k,Donor 1,Naive/resting T cells,Non-cytotoxic T cells,True
pbmc3k_AACCTTACGCGAGA-1,PBMC3k,Donor 1,NK cells,NK cells,True
pbmc3k_AACCTTACTAACGC-1,PBMC3k,Donor 1,CD16+ non-classical monocytes,CD16+ non-classical monocytes,True
pbmc3k_AACCTTTGGACGGA-1,PBMC3k,Donor 1,IL7R+ memory/helper T cells,Non-cytotoxic T cells,True
pbmc3k_AACCTTTGTACGCA-1,PBMC3k,Donor 1,CD16+ non-classical monocytes,CD16+ non-classical monocytes,True
pbmc3k_AACGCAACAAGTAG-1,PBMC3k,Donor 1,IL7R+ memory/helper T cells,Non-cytotoxic T cells,True
pbmc3k_AACGCATGACCCAA-1,PBMC3k,Donor 1,IL7R+ memory/helper T cells,Non-cytotoxic T cells,True
pbmc3k_AACGCATGCCTTCG-1,PBMC3k,Donor 1,Naive/resting T cells,Non-cytotoxic T cells,True
pbmc3k_AACGCATGTACTTC-1,PBMC3k,Donor 1,IL7R+ memory/helper T cells,Non-cytotoxic T cells,True
pbmc3k_AACGCCCTCGGGAA-1,PBMC3k,Donor 1,IL7R+ memory/helper T cells,Non-cytotoxic T cells,True
pbmc3k_AACGCCCTCGTACA-1,PBMC3k,Donor 1,NK cells,NK cells,True
pbmc3k_AACGCCCTGGCATT-1,PBMC3k,Donor 1,IL7R+ memory/helper T cells,Non-cytotoxic T cells,True
pbmc3k_AACGTCGAGTATCG-1,PBMC3k,Donor 1,NK cells,NK cells,True
pbmc3k_AACGTGTGAAAGCA-1,PBMC3k,Donor 1,IL7R+ memory/helper T cells,Non-cytotoxic T cells,True
pbmc3k_AACGTGTGGCGGAA-1,PBMC3k,Donor 1,B cells,B cells,True
pbmc3k_AACGTGTGTCCAAG-1,PBMC3k,Donor 1,Naive/resting T cells,Non-cytotoxic T cells,True
pbmc3k_AACGTGTGTGCTTT-1,PBMC3k,Donor 1,IL7R+ memory/helper T cells,Non-cytotoxic T cells,True
pbmc3k_AACTACCTTAGAGA-1,PBMC3k,Donor 1,Naive/resting T cells,Non-cytotoxic T cells,True
pbmc3k_AACTCACTCAAGCT-1,PBMC3k,Donor 1,Classical monocytes,Classical monocytes,True
pbmc3k_AACTCACTTGGAGG-1,PBMC3k,Donor 1,Classical monocytes,Classical monocytes,True
pbmc3k_AACTCGGAAAGTGA-1,PBMC3k,Donor 1,Cytotoxic CD8 T cells,Cytotoxic T cells,True
pbmc3k_AACTCGGAAGGTCT-1,PBMC3k,Donor 1,Classical monocytes,Classical monocytes,True
pbmc3k_AACTCTTGCAGGAG-1,PBMC3k,Donor 1,IL7R+ memory/helper T cells,Non-cytotoxic T cells,True
pbmc3k_AACTGTCTCCCTTG-1,PBMC3k,Donor 1,Classical monocytes,Classical monocytes,True
pbmc3k_AACTTGCTACGCTA-1,PBMC3k,Donor 1,B cells,B cells,True
pbmc3k_AACTTGCTGGGACA-1,PBMC3k,Donor 1,Naive/resting T cells,Non-cytotoxic T cells,True
pbmc3k_AAGAACGAGTGTTG-1,PBMC3k,Donor 1,Activated/transitional T cells,Cytotoxic T cells,True
pbmc3k_AAGAAGACGTAGGG-1,PBMC3k,Donor 1,B cells,B cells,True
pbmc3k_AAGACAGAAGTCTG-1,PBMC3k,Donor 1,B cells,B cells,True
pbmc3k_AAGACAGAGGATCT-1,PBMC3k,Donor 1,Naive/resting T cells,Non-cytotoxic T cells,True
pbmc3k_AAGACAGATTACCT-1,PBMC3k,Donor 1,Classical monocytes,Classical monocytes,True
pbmc3k_AAGAGATGGGTAGG-1,PBMC3k,Donor 1,B cells,B cells,True
pbmc3k_AAGATGGAAAACAG-1,PBMC3k,Donor 1,B cells,B cells,True
pbmc3k_AAGATGGAGAACTC-1,PBMC3k,Donor 1,Classical monocytes,Classical monocytes,True
pbmc3k_AAGATGGAGATAAG-1,PBMC3k,Donor 1,Classical monocytes,Classical monocytes,True
pbmc3k_AAGATTACAACCTG-1,PBMC3k,Donor 1,Naive/resting T cells,Non-cytotoxic T cells,True
pbmc3k_AAGATTACAGATCC-1,PBMC3k,Donor 1,Classical monocytes,Classical monocytes,True
pbmc3k_AAGATTACCCGTTC-1,PBMC3k,Donor 1,Classical monocytes,Classical monocytes,True
pbmc3k_AAGATTACCGCCTT-1,PBMC3k,Donor 1,Classical monocytes,Classical monocytes,True
pbmc3k_AAGATTACCTCAAG-1,PBMC3k,Donor 1,NK cells,NK cells,True
pbmc3k_AAGATTACTCCTCG-1,PBMC3k,Donor 1,Classical monocytes,Classical monocytes,True
pbmc3k_AAGCAAGAGCGAGA-1,PBMC3k,Donor 1,Cytotoxic CD8 T cells,Cytotoxic T cells,True
pbmc3k_AAGCAAGAGCTTAG-1,PBMC3k,Donor 1,NK cells,NK cells,True
pbmc3k_AAGCAAGAGGTGTT-1,PBMC3k,Donor 1,NK cells,NK cells,True
pbmc3k_AAGCACTGAGCAAA-1,PBMC3k,Donor 1,B cells,B cells,True
pbmc3k_AAGCACTGCATACG-1,PBMC3k,Donor 1,Activated/transitional T cells,Cytotoxic T cells,True
pbmc3k_AAGCACTGGTTCTT-1,PBMC3k,Donor 1,B cells,B cells,True
pbmc3k_AAGCCAACGTGTTG-1,PBMC3k,Donor 1,Naive/resting T cells,Non-cytotoxic T cells,True
pbmc3k_AAGCCATGAACTGC-1,PBMC3k,Donor 1,Classical monocytes,Classical monocytes,True
pbmc3k_AAGCCATGACACGT-1,PBMC3k,Donor 1,Classical monocytes,Classical monocytes,True
pbmc3k_AAGCCATGCGTGAT-1,PBMC3k,Donor 1,IL7R+ memory/helper T cells,Non-cytotoxic T cells,True
pbmc3k_AAGCCATGTCTCGC-1,PBMC3k,Donor 1,Activated/transitional T cells,Cytotoxic T cells,True
pbmc3k_AAGCCTGACATGCA-1,PBMC3k,Donor 1,IL7R+ memory/helper T cells,Non-cytotoxic T cells,True
pbmc3k_AAGCCTGACCGAAT-1,PBMC3k,Donor 1,Classical monocytes,Classical monocytes,True
pbmc3k_AAGCGACTCCTCAC-1,PBMC3k,Donor 1,Classical monocytes,Classical monocytes,True
pbmc3k_AAGCGACTGTGTCA-1,PBMC3k,Donor 1,Naive/resting T cells,Non-cytotoxic T cells,True
pbmc3k_AAGCGACTTACAGC-1,PBMC3k,Donor 1,B cells,B cells,True
pbmc3k_AAGCGACTTTGACG-1,PBMC3k,Donor 1,CD16+ non-classical monocytes,CD16+ non-classical monocytes,True
pbmc3k_AAGCGTACGTCTTT-1,PBMC3k,Donor 1,Naive/resting T cells,Non-cytotoxic T cells,True
pbmc3k_AAGGCTTGCGAACT-1,PBMC3k,Donor 1,Cytotoxic CD8 T cells,Cytotoxic T cells,True
pbmc3k_AAGGTCACGGTTAC-1,PBMC3k,Donor 1,Classical monocytes,Classical monocytes,True
pbmc3k_AAGGTCACTGTTTC-1,PBMC3k,Donor 1,B cells,B cells,True
pbmc3k_AAGGTCACTTCCCG-1,PBMC3k,Donor 1,Cytotoxic CD8 T cells,Cytotoxic T cells,True
pbmc3k_AAGGTCTGACAGTC-1,PBMC3k,Donor 1,IL7R+ memory/helper T cells,Non-cytotoxic T cells,True
pbmc3k_AAGGTCTGCAGATC-1,PBMC3k,Donor 1,Activated/transitional T cells,Cytotoxic T cells,True
pbmc3k_AAGTAACTCTGAAC-1,PBMC3k,Donor 1,Classical monocytes,Classical monocytes,True
pbmc3k_AAGTAACTGAGATA-1,PBMC3k,Donor 1,B cells,B cells,True
pbmc3k_AAGTAGGATACAGC-1,PBMC3k,Donor 1,NK cells,NK cells,True
pbmc3k_AAGTATACCGAACT-1,PBMC3k,Donor 1,Naive/resting T cells,Non-cytotoxic T cells,True
pbmc3k_AAGTCCGACTTGTT-1,PBMC3k,Donor 1,Naive/resting T cells,Non-cytotoxic T cells,True
pbmc3k_AAGTCCGATAGAAG-1,PBMC3k,Donor 1,IL7R+ memory/helper T cells,Non-cytotoxic T cells,True
pbmc3k_AAGTCTCTAGTCGT-1,PBMC3k,Donor 1,Naive/resting T cells,Non-cytotoxic T cells,True
pbmc3k_AAGTCTCTCGGAGA-1,PBMC3k,Donor 1,Cytotoxic CD8 T cells,Cytotoxic T cells,True
pbmc3k_AAGTGGCTTGGAGG-1,PBMC3k,Donor 1,B cells,B cells,True
pbmc3k_AAGTTCCTCATTCT-1,PBMC3k,Donor 1,CD16+ non-classical monocytes,CD16+ non-classical monocytes,True
pbmc3k_AAGTTCCTTCTTAC-1,PBMC3k,Donor 1,IL7R+ memory/helper T cells,Non-cytotoxic T cells,True
pbmc3k_AATAAGCTCGAATC-1,PBMC3k,Donor 1,IL7R+ memory/helper T cells,Non-cytotoxic T cells,True
pbmc3k_AATAAGCTCGTTGA-1,PBMC3k,Donor 1,Naive/resting T cells,Non-cytotoxic T cells,True
pbmc3k_AATACCCTGGACGA-1,PBMC3k,Donor 1,B cells,B cells,True
pbmc3k_AATACCCTGGCATT-1,PBMC3k,Donor 1,Naive/resting T cells,Non-cytotoxic T cells,True
pbmc3k_AATACTGAAAGGGC-1,PBMC3k,Donor 1,Cytotoxic CD8 T cells,Cytotoxic T cells,True
pbmc3k_AATACTGAATTGGC-1,PBMC3k,Donor 1,NK cells,NK cells,True
pbmc3k_AATAGGGAACCCTC-1,PBMC3k,Donor 1,B cells,B cells,True
pbmc3k_AATAGGGAGAATGA-1,PBMC3k,Donor 1,Cytotoxic CD8 T cells,Cytotoxic T cells,True
pbmc3k_AATCAAACTATCGG-1,PBMC3k,Donor 1,Cytotoxic CD8 T cells,Cytotoxic T cells,True
pbmc3k_AATCCGGAATGCTG-1,PBMC3k,Donor 1,B cells,B cells,True
pbmc3k_AATCCTACCGGTAT-1,PBMC3k,Donor 1,Naive/resting T cells,Non-cytotoxic T cells,True
pbmc3k_AATCCTTGACGGGA-1,PBMC3k,Donor 1,Classical monocytes,Classical monocytes,True
pbmc3k_AATCCTTGGTGAGG-1,PBMC3k,Donor 1,NK cells,NK cells,True
pbmc3k_AATCGGTGGAACTC-1,PBMC3k,Donor 1,Cytotoxic CD8 T cells,Cytotoxic T cells,True
pbmc3k_AATCGGTGTGCTTT-1,PBMC3k,Donor 1,Naive/resting T cells,Non-cytotoxic T cells,True
pbmc3k_AATCTAGAAAAGTG-1,PBMC3k,Donor 1,IL7R+ memory/helper T cells,Non-cytotoxic T cells,True
pbmc3k_AATCTAGAATCGGT-1,PBMC3k,Donor 1,Naive/resting T cells,Non-cytotoxic T cells,True
pbmc3k_AATCTCACAGCCTA-1,PBMC3k,Donor 1,Classical monocytes,Classical monocytes,True
pbmc3k_AATCTCACTCTAGG-1,PBMC3k,Donor 1,IL7R+ memory/helper T cells,Non-cytotoxic T cells,True
pbmc3k_AATCTCTGAACAGA-1,PBMC3k,Donor 1,Naive/resting T cells,Non-cytotoxic T cells,True
pbmc3k_AATCTCTGCTTTAC-1,PBMC3k,Donor 1,NK cells,NK cells,True
pbmc3k_AATGATACACCAAC-1,PBMC3k,Donor 1,Cytotoxic CD8 T cells,Cytotoxic T cells,True
pbmc3k_AATGATACGGTCAT-1,PBMC3k,Donor 1,Classical monocytes,Classical monocytes,True
pbmc3k_AATGCGTGACACCA-1,PBMC3k,Donor 1,B cells,B cells,True
pbmc3k_AATGCGTGGACGGA-1,PBMC3k,Donor 1,Classical monocytes,Classical monocytes,True
pbmc3k_AATGCGTGGCTATG-1,PBMC3k,Donor 1,B cells,B cells,True
pbmc3k_AATGGAGAATCGTG-1,PBMC3k,Donor 1,Classical monocytes,Classical monocytes,True
pbmc3k_AATGGAGATCCTTA-1,PBMC3k,Donor 1,Cytotoxic CD8 T cells,Cytotoxic T cells,True
pbmc3k_AATGGCTGACACCA-1,PBMC3k,Donor 1,B cells,B cells,True
pbmc3k_AATGGCTGCGTGAT-1,PBMC3k,Donor 1,IL7R+ memory/helper T cells,Non-cytotoxic T cells,True
pbmc3k_AATGGCTGTAAAGG-1,PBMC3k,Donor 1,Activated/transitional T cells,Cytotoxic T cells,True
pbmc3k_AATGGCTGTACTCT-1,PBMC3k,Donor 1,Activated/transitional T cells,Cytotoxic T cells,True
pbmc3k_AATGGCTGTGAAGA-1,PBMC3k,Donor 1,Naive/resting T cells,Non-cytotoxic T cells,True
pbmc3k_AATGTAACGGTGGA-1,PBMC3k,Donor 1,Naive/resting T cells,Non-cytotoxic T cells,True
pbmc3k_AATGTCCTCTTCTA-1,PBMC3k,Donor 1,IL7R+ memory/helper T cells,Non-cytotoxic T cells,True
pbmc3k_AATGTTGACAGTCA-1,PBMC3k,Donor 1,IL7R+ memory/helper T cells,Non-cytotoxic T cells,True
pbmc3k_AATGTTGAGTTGAC-1,PBMC3k,Donor 1,Classical monocytes,Classical monocytes,True
pbmc3k_AATGTTGATCTACT-1,PBMC3k,Donor 1,IL7R+ memory/helper T cells,Non-cytotoxic T cells,True
pbmc3k_AATTACGAATTCCT-1,PBMC3k,Donor 1,Classical monocytes,Classical monocytes,True
pbmc3k_AATTACGACTTCTA-1,PBMC3k,Donor 1,Naive/resting T cells,Non-cytotoxic T cells,True
pbmc3k_AATTACGAGTGAGG-1,PBMC3k,Donor 1,IL7R+ memory/helper T cells,Non-cytotoxic T cells,True
pbmc3k_AATTACGATTGGCA-1,PBMC3k,Donor 1,B cells,B cells,True
pbmc3k_AATTCCTGCTCAGA-1,PBMC3k,Donor 1,B cells,B cells,True
pbmc3k_AATTGATGTCGCAA-1,PBMC3k,Donor 1,CD16+ non-classical monocytes,CD16+ non-classical monocytes,True
pbmc3k_AATTGTGACTTGGA-1,PBMC3k,Donor 1,B cells,B cells,True
pbmc3k_ACAAAGGAGGGTGA-1,PBMC3k,Donor 1,Naive/resting T cells,Non-cytotoxic T cells,True
pbmc3k_ACAAATTGATTCTC-1,PBMC3k,Donor 1,CD16+ non-classical monocytes,CD16+ non-classical monocytes,True
pbmc3k_ACAAATTGCTCAGA-1,PBMC3k,Donor 1,Classical monocytes,Classical monocytes,True
pbmc3k_ACAAATTGTTGCGA-1,PBMC3k,Donor 1,NK cells,NK cells,True
pbmc3k_ACAACCGAGGGATG-1,PBMC3k,Donor 1,NK cells,NK cells,True
pbmc3k_ACAACCGAGTTACG-1,PBMC3k,Donor 1,IL7R+ memory/helper T cells,Non-cytotoxic T cells,True
pbmc3k_ACAAGAGAAGTCGT-1,PBMC3k,Donor 1,Classical monocytes,Classical monocytes,True
pbmc3k_ACAAGAGACTTATC-1,PBMC3k,Donor 1,Activated/transitional T cells,Cytotoxic T cells,True
pbmc3k_ACAAGAGAGTTGAC-1,PBMC3k,Donor 1,B cells,B cells,True
pbmc3k_ACAATCCTAACCGT-1,PBMC3k,Donor 1,IL7R+ memory/helper T cells,Non-cytotoxic T cells,True
pbmc3k_ACAATCCTTAGCGT-1,PBMC3k,Donor 1,B cells,B cells,True
pbmc3k_ACAATTGACTGACA-1,PBMC3k,Donor 1,Cytotoxic CD8 T cells,Cytotoxic T cells,True
pbmc3k_ACAATTGATGACTG-1,PBMC3k,Donor 1,NK cells,NK cells,True
pbmc3k_ACACAGACCATACG-1,PBMC3k,Donor 1,Cytotoxic CD8 T cells,Cytotoxic T cells,True
pbmc3k_ACACCAGAGGGCAA-1,PBMC3k,Donor 1,Cytotoxic CD8 T cells,Cytotoxic T cells,True
pbmc3k_ACACCCTGGTGTTG-1,PBMC3k,Donor 1,NK cells,NK cells,True
pbmc3k_ACACGAACAGTTCG-1,PBMC3k,Donor 1,IL7R+ memory/helper T cells,Non-cytotoxic T cells,True
pbmc3k_ACACGATGACGCAT-1,PBMC3k,Donor 1,Cytotoxic CD8 T cells,Cytotoxic T cells,True
pbmc3k_ACACGATGATGTGC-1,PBMC3k,Donor 1,Classical monocytes,Classical monocytes,True
pbmc3k_ACACGATGTCGTAG-1,PBMC3k,Donor 1,Cytotoxic CD8 T cells,Cytotoxic T cells,True
pbmc3k_ACACGATGTGGTCA-1,PBMC3k,Donor 1,Cytotoxic CD8 T cells,Cytotoxic T cells,True
pbmc3k_ACAGACACGGCATT-1,PBMC3k,Donor 1,Cytotoxic CD8 T cells,Cytotoxic T cells,True
pbmc3k_ACAGACACGTTGTG-1,PBMC3k,Donor 1,IL7R+ memory/helper T cells,Non-cytotoxic T cells,True
pbmc3k_ACAGCAACACCTAG-1,PBMC3k,Donor 1,Classical monocytes,Classical monocytes,True
pbmc3k_ACAGCAACCTCAAG-1,PBMC3k,Donor 1,CD16+ non-classical monocytes,CD16+ non-classical monocytes,True
pbmc3k_ACAGGTACCCCACT-1,PBMC3k,Donor 1,Naive/resting T cells,Non-cytotoxic T cells,True
pbmc3k_ACAGGTACGCTGTA-1,PBMC3k,Donor 1,Cytotoxic CD8 T cells,Cytotoxic T cells,True
pbmc3k_ACAGGTACTGGTGT-1,PBMC3k,Donor 1,NK cells,NK cells,True
pbmc3k_ACAGTCGACCCAAA-1,PBMC3k,Donor 1,Activated/transitional T cells,Cytotoxic T cells,True
pbmc3k_ACAGTCGACCGATA-1,PBMC3k,Donor 1,Cytotoxic CD8 T cells,Cytotoxic T cells,True
pbmc3k_ACAGTGACTCACCC-1,PBMC3k,Donor 1,Cytotoxic CD8 T cells,Cytotoxic T cells,True
pbmc3k_ACAGTGACTCTATC-1,PBMC3k,Donor 1,Cytotoxic CD8 T cells,Cytotoxic T cells,True
pbmc3k_ACAGTGTGGTCACA-1,PBMC3k,Donor 1,Naive/resting T cells,Non-cytotoxic T cells,True
pbmc3k_ACAGTGTGTTGCGA-1,PBMC3k,Donor 1,Classical monocytes,Classical monocytes,True
pbmc3k_ACATCACTCTACTT-1,PBMC3k,Donor 1,Classical monocytes,Classical monocytes,True
pbmc3k_ACATGGTGAAGCCT-1,PBMC3k,Donor 1,IL7R+ memory/helper T cells,Non-cytotoxic T cells,True
pbmc3k_ACATGGTGCAACCA-1,PBMC3k,Donor 1,B cells,B cells,True
pbmc3k_ACATGGTGCGAGTT-1,PBMC3k,Donor 1,IL7R+ memory/helper T cells,Non-cytotoxic T cells,True
pbmc3k_ACATTCTGGCATAC-1,PBMC3k,Donor 1,IL7R+ memory/helper T cells,Non-cytotoxic T cells,True
pbmc3k_ACATTCTGGGAACG-1,PBMC3k,Donor 1,Classical monocytes,Classical monocytes,True
pbmc3k_ACCAACGACATGCA-1,PBMC3k,Donor 1,Naive/resting T cells,Non-cytotoxic T cells,True
pbmc3k_ACCACAGAAAGTAG-1,PBMC3k,Donor 1,Activated/transitional T cells,Cytotoxic T cells,True
pbmc3k_ACCACAGAGTTGGT-1,PBMC3k,Donor 1,Naive/resting T cells,Non-cytotoxic T cells,True
pbmc3k_ACCACCTGTGTGCA-1,PBMC3k,Donor 1,Activated/transitional T cells,Cytotoxic T cells,True
pbmc3k_ACCACGCTACAGCT-1,PBMC3k,Donor 1,Naive/resting T cells,Non-cytotoxic T cells,True
pbmc3k_ACCACGCTACCCAA-1,PBMC3k,Donor 1,Cytotoxic CD8 T cells,Cytotoxic T cells,True
pbmc3k_ACCACGCTGCGAGA-1,PBMC3k,Donor 1,IL7R+ memory/helper T cells,Non-cytotoxic T cells,True
pbmc3k_ACCACGCTGCTGTA-1,PBMC3k,Donor 1,Cytotoxic CD8 T cells,Cytotoxic T cells,True
pbmc3k_ACCAGCCTGACAGG-1,PBMC3k,Donor 1,IL7R+ memory/helper T cells,Non-cytotoxic T cells,True
pbmc3k_ACCAGTGAACGGTT-1,PBMC3k,Donor 1,B cells,B cells,True
pbmc3k_ACCAGTGAATACCG-1,PBMC3k,Donor 1,CD16+ non-classical monocytes,CD16+ non-classical monocytes,True
pbmc3k_ACCAGTGAGGGATG-1,PBMC3k,Donor 1,Naive/resting T cells,Non-cytotoxic T cells,True
pbmc3k_ACCAGTGATGACTG-1,PBMC3k,Donor 1,Classical monocytes,Classical monocytes,True
pbmc3k_ACCATTACCTTCTA-1,PBMC3k,Donor 1,Naive/resting T cells,Non-cytotoxic T cells,True
pbmc3k_ACCATTACGAGATA-1,PBMC3k,Donor 1,IL7R+ memory/helper T cells,Non-cytotoxic T cells,True
pbmc3k_ACCATTTGTCATTC-1,PBMC3k,Donor 1,IL7R+ memory/helper T cells,Non-cytotoxic T cells,True
pbmc3k_ACCCAAGAACTGTG-1,PBMC3k,Donor 1,Cytotoxic CD8 T cells,Cytotoxic T cells,True
pbmc3k_ACCCAAGAATTCCT-1,PBMC3k,Donor 1,CD16+ non-classical monocytes,CD16+ non-classical monocytes,True
pbmc3k_ACCCAAGAGGACAG-1,PBMC3k,Donor 1,IL7R+ memory/helper T cells,Non-cytotoxic T cells,True
pbmc3k_ACCCAAGATTCACT-1,PBMC3k,Donor 1,B cells,B cells,True
pbmc3k_ACCCACTGCGCCTT-1,PBMC3k,Donor 1,Classical monocytes,Classical monocytes,True
pbmc3k_ACCCACTGGACAGG-1,PBMC3k,Donor 1,Naive/resting T cells,Non-cytotoxic T cells,True
pbmc3k_ACCCACTGGTTCAG-1,PBMC3k,Donor 1,Platelets,,False
pbmc3k_ACCCACTGTCGTAG-1,PBMC3k,Donor 1,Classical monocytes,Classical monocytes,True
pbmc3k_ACCCAGCTCAGAAA-1,PBMC3k,Donor 1,IL7R+ memory/helper T cells,Non-cytotoxic T cells,True
pbmc3k_ACCCAGCTGTTAGC-1,PBMC3k,Donor 1,Classical monocytes,Classical monocytes,True
pbmc3k_ACCCAGCTTGCTTT-1,PBMC3k,Donor 1,Naive/resting T cells,Non-cytotoxic T cells,True
pbmc3k_ACCCGTTGATGACC-1,PBMC3k,Donor 1,B cells,B cells,True
pbmc3k_ACCCGTTGCTGCAA-1,PBMC3k,Donor 1,Naive/resting T cells,Non-cytotoxic T cells,True
pbmc3k_ACCCGTTGCTTCTA-1,PBMC3k,Donor 1,B cells,B cells,True
pbmc3k_ACCCTCGACCTATT-1,PBMC3k,Donor 1,IL7R+ memory/helper T cells,Non-cytotoxic T cells,True
pbmc3k_ACCCTCGACGGTAT-1,PBMC3k,Donor 1,B cells,B cells,True
pbmc3k_ACCCTCGATAAGGA-1,PBMC3k,Donor 1,Classical monocytes,Classical monocytes,True
pbmc3k_ACCCTCGATCAAGC-1,PBMC3k,Donor 1,CD16+ non-classical monocytes,CD16+ non-classical monocytes,True
pbmc3k_ACCGTGCTACCAGT-1,PBMC3k,Donor 1,IL7R+ memory/helper T cells,Non-cytotoxic T cells,True
pbmc3k_ACCGTGCTGGAACG-1,PBMC3k,Donor 1,B cells,B cells,True
pbmc3k_ACCTATTGCTGAGT-1,PBMC3k,Donor 1,B cells,B cells,True
pbmc3k_ACCTATTGTGCCCT-1,PBMC3k,Donor 1,CD16+ non-classical monocytes,CD16+ non-classical monocytes,True
pbmc3k_ACCTCCGAGTCCTC-1,PBMC3k,Donor 1,IL7R+ memory/helper T cells,Non-cytotoxic T cells,True
pbmc3k_ACCTCCGATATGCG-1,PBMC3k,Donor 1,IL7R+ memory/helper T cells,Non-cytotoxic T cells,True
pbmc3k_ACCTCCGATGCTGA-1,PBMC3k,Donor 1,Activated/transitional T cells,Cytotoxic T cells,True
pbmc3k_ACCTCGTGAACCAC-1,PBMC3k,Donor 1,Cytotoxic CD8 T cells,Cytotoxic T cells,True
pbmc3k_ACCTGAGATATCGG-1,PBMC3k,Donor 1,Classical monocytes,Classical monocytes,True
pbmc3k_ACCTGGCTAAGTAG-1,PBMC3k,Donor 1,NK cells,NK cells,True
pbmc3k_ACCTTTGACTCCCA-1,PBMC3k,Donor 1,Classical monocytes,Classical monocytes,True
pbmc3k_ACCTTTGAGGAACG-1,PBMC3k,Donor 1,Classical monocytes,Classical monocytes,True
pbmc3k_ACCTTTGAGGAAGC-1,PBMC3k,Donor 1,Classical monocytes,Classical monocytes,True
pbmc3k_ACGAACACCTTGTT-1,PBMC3k,Donor 1,NK cells,NK cells,True
pbmc3k_ACGAACTGGCTATG-1,PBMC3k,Donor 1,CD16+ non-classical monocytes,CD16+ non-classical monocytes,True
pbmc3k_ACGAAGCTCTCCAC-1,PBMC3k,Donor 1,Activated/transitional T cells,Cytotoxic T cells,True
pbmc3k_ACGAAGCTCTGAGT-1,PBMC3k,Donor 1,B cells,B cells,True
pbmc3k_ACGACCCTATCTCT-1,PBMC3k,Donor 1,Classical monocytes,Classical monocytes,True
pbmc3k_ACGACCCTGATGAA-1,PBMC3k,Donor 1,Naive/resting T cells,Non-cytotoxic T cells,True
pbmc3k_ACGACCCTTGACAC-1,PBMC3k,Donor 1,B cells,B cells,True
pbmc3k_ACGACCCTTGACCA-1,PBMC3k,Donor 1,Naive/resting T cells,Non-cytotoxic T cells,True
pbmc3k_ACGAGGGACAGGAG-1,PBMC3k,Donor 1,Classical monocytes,Classical monocytes,True
pbmc3k_ACGAGGGACGAACT-1,PBMC3k,Donor 1,Naive/resting T cells,Non-cytotoxic T cells,True
pbmc3k_ACGAGGGATGTAGC-1,PBMC3k,Donor 1,IL7R+ memory/helper T cells,Non-cytotoxic T cells,True
pbmc3k_ACGAGTACCCTAAG-1,PBMC3k,Donor 1,B cells,B cells,True
pbmc3k_ACGAGTACGAATCC-1,PBMC3k,Donor 1,B cells,B cells,True
pbmc3k_ACGATCGAGGACTT-1,PBMC3k,Donor 1,Cytotoxic CD8 T cells,Cytotoxic T cells,True
pbmc3k_ACGATCGAGTCACA-1,PBMC3k,Donor 1,Classical monocytes,Classical monocytes,True
pbmc3k_ACGATGACAATGCC-1,PBMC3k,Donor 1,IL7R+ memory/helper T cells,Non-cytotoxic T cells,True
pbmc3k_ACGATGACTGGTCA-1,PBMC3k,Donor 1,IL7R+ memory/helper T cells,Non-cytotoxic T cells,True
pbmc3k_ACGATTCTACGGGA-1,PBMC3k,Donor 1,Activated/transitional T cells,Cytotoxic T cells,True
pbmc3k_ACGCAATGGTTCAG-1,PBMC3k,Donor 1,NK cells,NK cells,True
pbmc3k_ACGCACCTGTTAGC-1,PBMC3k,Donor 1,B cells,B cells,True
pbmc3k_ACGCCACTGAACTC-1,PBMC3k,Donor 1,Classical monocytes,Classical monocytes,True
pbmc3k_ACGCCGGAAACCAC-1,PBMC3k,Donor 1,Classical monocytes,Classical monocytes,True
pbmc3k_ACGCCGGAAAGCCT-1,PBMC3k,Donor 1,Naive/resting T cells,Non-cytotoxic T cells,True
pbmc3k_ACGCCGGAAATGCC-1,PBMC3k,Donor 1,IL7R+ memory/helper T cells,Non-cytotoxic T cells,True
pbmc3k_ACGCCTTGCTCCCA-1,PBMC3k,Donor 1,CD16+ non-classical monocytes,CD16+ non-classical monocytes,True
pbmc3k_ACGCGGTGGCGAGA-1,PBMC3k,Donor 1,IL7R+ memory/helper T cells,Non-cytotoxic T cells,True
pbmc3k_ACGCGGTGTGTGGT-1,PBMC3k,Donor 1,B cells,B cells,True
pbmc3k_ACGCGGTGTTTGCT-1,PBMC3k,Donor 1,Cytotoxic CD8 T cells,Cytotoxic T cells,True
pbmc3k_ACGCTCACAGTACC-1,PBMC3k,Donor 1,Naive/resting T cells,Non-cytotoxic T cells,True
pbmc3k_ACGCTCACCCTTGC-1,PBMC3k,Donor 1,Naive/resting T cells,Non-cytotoxic T cells,True
pbmc3k_ACGCTGCTGTTCTT-1,PBMC3k,Donor 1,NK cells,NK cells,True
pbmc3k_ACGGAACTCAGATC-1,PBMC3k,Donor 1,NK cells,NK cells,True
pbmc3k_ACGGAACTGTCGTA-1,PBMC3k,Donor 1,CD16+ non-classical monocytes,CD16+ non-classical monocytes,True
pbmc3k_ACGGAGGACTCTTA-1,PBMC3k,Donor 1,Classical monocytes,Classical monocytes,True
pbmc3k_ACGGATTGGGAGGT-1,PBMC3k,Donor 1,B cells,B cells,True
pbmc3k_ACGGATTGGTTAGC-1,PBMC3k,Donor 1,IL7R+ memory/helper T cells,Non-cytotoxic T cells,True
pbmc3k_ACGGCTCTGAGCAG-1,PBMC3k,Donor 1,IL7R+ memory/helper T cells,Non-cytotoxic T cells,True
pbmc3k_ACGGCTCTTGCACA-1,PBMC3k,Donor 1,Naive/resting T cells,Non-cytotoxic T cells,True
pbmc3k_ACGGTAACCGCTAA-1,PBMC3k,Donor 1,IL7R+ memory/helper T cells,Non-cytotoxic T cells,True
pbmc3k_ACGGTAACCTTCGC-1,PBMC3k,Donor 1,Cytotoxic CD8 T cells,Cytotoxic T cells,True
pbmc3k_ACGGTAACGGTGGA-1,PBMC3k,Donor 1,Activated/transitional T cells,Cytotoxic T cells,True
pbmc3k_ACGGTAACTCGCAA-1,PBMC3k,Donor 1,Activated/transitional T cells,Cytotoxic T cells,True
pbmc3k_ACGGTATGAGTCGT-1,PBMC3k,Donor 1,Classical monocytes,Classical monocytes,True
pbmc3k_ACGGTATGGGTATC-1,PBMC3k,Donor 1,B cells,B cells,True
pbmc3k_ACGGTATGGTTGTG-1,PBMC3k,Donor 1,B cells,B cells,True
pbmc3k_ACGGTCCTAACGGG-1,PBMC3k,Donor 1,IL7R+ memory/helper T cells,Non-cytotoxic T cells,True
pbmc3k_ACGGTCCTCGGGAA-1,PBMC3k,Donor 1,IL7R+ memory/helper T cells,Non-cytotoxic T cells,True
pbmc3k_ACGTAGACAACCAC-1,PBMC3k,Donor 1,IL7R+ memory/helper T cells,Non-cytotoxic T cells,True
pbmc3k_ACGTAGACTACAGC-1,PBMC3k,Donor 1,B cells,B cells,True
pbmc3k_ACGTCAGAAACGAA-1,PBMC3k,Donor 1,IL7R+ memory/helper T cells,Non-cytotoxic T cells,True
pbmc3k_ACGTCAGAGAGCTT-1,PBMC3k,Donor 1,Classical monocytes,Classical monocytes,True
pbmc3k_ACGTCAGAGGGATG-1,PBMC3k,Donor 1,Activated/transitional T cells,Cytotoxic T cells,True
pbmc3k_ACGTCCTGATAAGG-1,PBMC3k,Donor 1,Classical monocytes,Classical monocytes,True
pbmc3k_ACGTCCTGTGAACC-1,PBMC3k,Donor 1,Classical monocytes,Classical monocytes,True
pbmc3k_ACGTCGCTCCTGAA-1,PBMC3k,Donor 1,NK cells,NK cells,True
pbmc3k_ACGTCGCTCTATTC-1,PBMC3k,Donor 1,Classical monocytes,Classical monocytes,True
pbmc3k_ACGTCGCTTCTCAT-1,PBMC3k,Donor 1,B cells,B cells,True
pbmc3k_ACGTGATGCCATGA-1,PBMC3k,Donor 1,Classical monocytes,Classical monocytes,True
pbmc3k_ACGTGATGGGTCTA-1,PBMC3k,Donor 1,Naive/resting T cells,Non-cytotoxic T cells,True
pbmc3k_ACGTGATGTAACCG-1,PBMC3k,Donor 1,CD16+ non-classical monocytes,CD16+ non-classical monocytes,True
pbmc3k_ACGTGATGTGACAC-1,PBMC3k,Donor 1,NK cells,NK cells,True
pbmc3k_ACGTGCCTCCGTAA-1,PBMC3k,Donor 1,IL7R+ memory/helper T cells,Non-cytotoxic T cells,True
pbmc3k_ACGTGCCTTCTATC-1,PBMC3k,Donor 1,Activated/transitional T cells,Cytotoxic T cells,True
pbmc3k_ACGTTACTTTCCAT-1,PBMC3k,Donor 1,IL7R+ memory/helper T cells,Non-cytotoxic T cells,True
pbmc3k_ACGTTGGAAAAGCA-1,PBMC3k,Donor 1,Naive/resting T cells,Non-cytotoxic T cells,True
pbmc3k_ACGTTGGAAACCTG-1,PBMC3k,Donor 1,Cytotoxic CD8 T cells,Cytotoxic T cells,True
pbmc3k_ACGTTGGACCGTAA-1,PBMC3k,Donor 1,Classical monocytes,Classical monocytes,True
pbmc3k_ACGTTGGAGCCAAT-1,PBMC3k,Donor 1,NK cells,NK cells,True
pbmc3k_ACGTTGGATATGGC-1,PBMC3k,Donor 1,B cells,B cells,True
pbmc3k_ACGTTGGATCAGGT-1,PBMC3k,Donor 1,Classical monocytes,Classical monocytes,True
pbmc3k_ACGTTTACATCAGC-1,PBMC3k,Donor 1,Naive/resting T cells,Non-cytotoxic T cells,True
pbmc3k_ACTAAAACCCACAA-1,PBMC3k,Donor 1,Activated/transitional T cells,Cytotoxic T cells,True
pbmc3k_ACTAAAACTCGACA-1,PBMC3k,Donor 1,Classical monocytes,Classical monocytes,True
pbmc3k_ACTACGGAATTTCC-1,PBMC3k,Donor 1,IL7R+ memory/helper T cells,Non-cytotoxic T cells,True
pbmc3k_ACTACGGACCTATT-1,PBMC3k,Donor 1,Naive/resting T cells,Non-cytotoxic T cells,True
pbmc3k_ACTACGGATCGCTC-1,PBMC3k,Donor 1,Naive/resting T cells,Non-cytotoxic T cells,True
pbmc3k_ACTACTACTAAGGA-1,PBMC3k,Donor 1,Naive/resting T cells,Non-cytotoxic T cells,True
pbmc3k_ACTAGGTGGAACCT-1,PBMC3k,Donor 1,IL7R+ memory/helper T cells,Non-cytotoxic T cells,True
pbmc3k_ACTAGGTGGAACTC-1,PBMC3k,Donor 1,IL7R+ memory/helper T cells,Non-cytotoxic T cells,True
pbmc3k_ACTATCACCTTGGA-1,PBMC3k,Donor 1,Cytotoxic CD8 T cells,Cytotoxic T cells,True
pbmc3k_ACTATCACTGCCAA-1,PBMC3k,Donor 1,Naive/resting T cells,Non-cytotoxic T cells,True
pbmc3k_ACTCAGGACTGAAC-1,PBMC3k,Donor 1,Naive/resting T cells,Non-cytotoxic T cells,True
pbmc3k_ACTCAGGATCTATC-1,PBMC3k,Donor 1,B cells,B cells,True
pbmc3k_ACTCAGGATTCGTT-1,PBMC3k,Donor 1,Classical monocytes,Classical monocytes,True
pbmc3k_ACTCCTCTCAACTG-1,PBMC3k,Donor 1,IL7R+ memory/helper T cells,Non-cytotoxic T cells,True
pbmc3k_ACTCGCACGAAAGT-1,PBMC3k,Donor 1,Classical monocytes,Classical monocytes,True
pbmc3k_ACTCGCACTACGAC-1,PBMC3k,Donor 1,Classical monocytes,Classical monocytes,True
pbmc3k_ACTCTCCTGACACT-1,PBMC3k,Donor 1,Naive/resting T cells,Non-cytotoxic T cells,True
pbmc3k_ACTCTCCTGCATAC-1,PBMC3k,Donor 1,B cells,B cells,True
pbmc3k_ACTCTCCTGTTTGG-1,PBMC3k,Donor 1,Naive/resting T cells,Non-cytotoxic T cells,True
pbmc3k_ACTGAGACAACCAC-1,PBMC3k,Donor 1,Cytotoxic CD8 T cells,Cytotoxic T cells,True
pbmc3k_ACTGAGACCCATAG-1,PBMC3k,Donor 1,CD16+ non-classical monocytes,CD16+ non-classical monocytes,True
pbmc3k_ACTGAGACGTTGGT-1,PBMC3k,Donor 1,B cells,B cells,True
pbmc3k_ACTGCCACACACGT-1,PBMC3k,Donor 1,Cytotoxic CD8 T cells,Cytotoxic T cells,True
pbmc3k_ACTGCCACTCCGTC-1,PBMC3k,Donor 1,NK cells,NK cells,True
pbmc3k_ACTGGCCTTCAGTG-1,PBMC3k,Donor 1,NK cells,NK cells,True
pbmc3k_ACTGTGGACGTGTA-1,PBMC3k,Donor 1,Cytotoxic CD8 T cells,Cytotoxic T cells,True
pbmc3k_ACTGTGGATCTAGG-1,PBMC3k,Donor 1,B cells,B cells,True
pbmc3k_ACTGTTACCCACAA-1,PBMC3k,Donor 1,Classical monocytes,Classical monocytes,True
pbmc3k_ACTGTTACTGCAGT-1,PBMC3k,Donor 1,Naive/resting T cells,Non-cytotoxic T cells,True
pbmc3k_ACTTAAGAACCACA-1,PBMC3k,Donor 1,Naive/resting T cells,Non-cytotoxic T cells,True
pbmc3k_ACTTAAGATTACTC-1,PBMC3k,Donor 1,Classical monocytes,Classical monocytes,True
pbmc3k_ACTTAGCTGCGTAT-1,PBMC3k,Donor 1,CD16+ non-classical monocytes,CD16+ non-classical monocytes,True
pbmc3k_ACTTAGCTGGGAGT-1,PBMC3k,Donor 1,IL7R+ memory/helper T cells,Non-cytotoxic T cells,True
pbmc3k_ACTTCAACAAGCAA-1,PBMC3k,Donor 1,IL7R+ memory/helper T cells,Non-cytotoxic T cells,True
pbmc3k_ACTTCAACGTAGGG-1,PBMC3k,Donor 1,NK cells,NK cells,True
pbmc3k_ACTTCCCTTTCCGC-1,PBMC3k,Donor 1,Naive/resting T cells,Non-cytotoxic T cells,True
pbmc3k_ACTTCTGACATGCA-1,PBMC3k,Donor 1,B cells,B cells,True
pbmc3k_ACTTGACTCCACAA-1,PBMC3k,Donor 1,B cells,B cells,True
pbmc3k_ACTTGGGAGAAAGT-1,PBMC3k,Donor 1,Classical monocytes,Classical monocytes,True
pbmc3k_ACTTGGGAGGTTTG-1,PBMC3k,Donor 1,IL7R+ memory/helper T cells,Non-cytotoxic T cells,True
pbmc3k_ACTTGGGATGTGAC-1,PBMC3k,Donor 1,CD16+ non-classical monocytes,CD16+ non-classical monocytes,True
pbmc3k_ACTTGGGATTGACG-1,PBMC3k,Donor 1,Classical monocytes,Classical monocytes,True
pbmc3k_ACTTGTACCTGTCC-1,PBMC3k,Donor 1,Naive/resting T cells,Non-cytotoxic T cells,True
pbmc3k_ACTTTGTGGAAAGT-1,PBMC3k,Donor 1,Naive/resting T cells,Non-cytotoxic T cells,True
pbmc3k_ACTTTGTGGATAGA-1,PBMC3k,Donor 1,Classical monocytes,Classical monocytes,True
pbmc3k_AGAAACGAAAGTAG-1,PBMC3k,Donor 1,B cells,B cells,True
pbmc3k_AGAAAGTGCGCAAT-1,PBMC3k,Donor 1,Naive/resting T cells,Non-cytotoxic T cells,True
pbmc3k_AGAAAGTGGGGATG-1,PBMC3k,Donor 1,Classical monocytes,Classical monocytes,True
pbmc3k_AGAACAGAAATGCC-1,PBMC3k,Donor 1,NK cells,NK cells,True
pbmc3k_AGAACAGACGACTA-1,PBMC3k,Donor 1,B cells,B cells,True
pbmc3k_AGAACAGAGACAAA-1,PBMC3k,Donor 1,IL7R+ memory/helper T cells,Non-cytotoxic T cells,True
pbmc3k_AGAACGCTTTGCTT-1,PBMC3k,Donor 1,Naive/resting T cells,Non-cytotoxic T cells,True
pbmc3k_AGAAGATGTGACTG-1,PBMC3k,Donor 1,IL7R+ memory/helper T cells,Non-cytotoxic T cells,True
pbmc3k_AGAATGGAAGAAGT-1,PBMC3k,Donor 1,Cytotoxic CD8 T cells,Cytotoxic T cells,True
pbmc3k_AGAATTTGTAACCG-1,PBMC3k,Donor 1,IL7R+ memory/helper T cells,Non-cytotoxic T cells,True
pbmc3k_AGAATTTGTAGAGA-1,PBMC3k,Donor 1,Naive/resting T cells,Non-cytotoxic T cells,True
pbmc3k_AGACACACTGTAGC-1,PBMC3k,Donor 1,Naive/resting T cells,Non-cytotoxic T cells,True
pbmc3k_AGACACTGTCAAGC-1,PBMC3k,Donor 1,Classical monocytes,Classical monocytes,True
pbmc3k_AGACCTGAAGTAGA-1,PBMC3k,Donor 1,Classical monocytes,Classical monocytes,True
pbmc3k_AGACCTGACCAACA-1,PBMC3k,Donor 1,IL7R+ memory/helper T cells,Non-cytotoxic T cells,True
pbmc3k_AGACCTGAGGAAGC-1,PBMC3k,Donor 1,Cytotoxic CD8 T cells,Cytotoxic T cells,True
pbmc3k_AGACGTACAGAGGC-1,PBMC3k,Donor 1,IL7R+ memory/helper T cells,Non-cytotoxic T cells,True
pbmc3k_AGACGTACCCCTAC-1,PBMC3k,Donor 1,B cells,B cells,True
pbmc3k_AGACGTACCTCTTA-1,PBMC3k,Donor 1,Classical monocytes,Classical monocytes,True
pbmc3k_AGACGTACTCGTGA-1,PBMC3k,Donor 1,CD16+ non-classical monocytes,CD16+ non-classical monocytes,True
pbmc3k_AGACTGACCATCAG-1,PBMC3k,Donor 1,Cytotoxic CD8 T cells,Cytotoxic T cells,True
pbmc3k_AGACTGACCCTTTA-1,PBMC3k,Donor 1,Naive/resting T cells,Non-cytotoxic T cells,True
pbmc3k_AGACTTCTCATGCA-1,PBMC3k,Donor 1,B cells,B cells,True
pbmc3k_AGAGATGACAGTCA-1,PBMC3k,Donor 1,B cells,B cells,True
pbmc3k_AGAGATGACTGAAC-1,PBMC3k,Donor 1,Naive/resting T cells,Non-cytotoxic T cells,True
pbmc3k_AGAGATGAGGTTTG-1,PBMC3k,Donor 1,Classical monocytes,Classical monocytes,True
pbmc3k_AGAGATGATCTCGC-1,PBMC3k,Donor 1,B cells,B cells,True
pbmc3k_AGAGATGATTGTGG-1,PBMC3k,Donor 1,IL7R+ memory/helper T cells,Non-cytotoxic T cells,True
pbmc3k_AGAGCGGAGGCAAG-1,PBMC3k,Donor 1,Classical monocytes,Classical monocytes,True
pbmc3k_AGAGTCTGGTCGTA-1,PBMC3k,Donor 1,CD16+ non-classical monocytes,CD16+ non-classical monocytes,True
pbmc3k_AGAGTGCTCAGCTA-1,PBMC3k,Donor 1,IL7R+ memory/helper T cells,Non-cytotoxic T cells,True
pbmc3k_AGAGTGCTCGAATC-1,PBMC3k,Donor 1,Naive/resting T cells,Non-cytotoxic T cells,True
pbmc3k_AGAGTGCTGTCATG-1,PBMC3k,Donor 1,IL7R+ memory/helper T cells,Non-cytotoxic T cells,True
pbmc3k_AGAGTGCTGTCCTC-1,PBMC3k,Donor 1,Cytotoxic CD8 T cells,Cytotoxic T cells,True
pbmc3k_AGAGTGCTGTGTTG-1,PBMC3k,Donor 1,B cells,B cells,True
pbmc3k_AGATATACCCGTAA-1,PBMC3k,Donor 1,NK cells,NK cells,True
pbmc3k_AGATATACGATGAA-1,PBMC3k,Donor 1,IL7R+ memory/helper T cells,Non-cytotoxic T cells,True
pbmc3k_AGATATACTGTTCT-1,PBMC3k,Donor 1,B cells,B cells,True
pbmc3k_AGATATTGCCTACC-1,PBMC3k,Donor 1,Cytotoxic CD8 T cells,Cytotoxic T cells,True
pbmc3k_AGATATTGGCCAAT-1,PBMC3k,Donor 1,Classical monocytes,Classical monocytes,True
pbmc3k_AGATCGTGTCTGGA-1,PBMC3k,Donor 1,Classical monocytes,Classical monocytes,True
pbmc3k_AGATCGTGTTTGTC-1,PBMC3k,Donor 1,B cells,B cells,True
pbmc3k_AGATCTCTATCACG-1,PBMC3k,Donor 1,B cells,B cells,True
pbmc3k_AGATTAACGTTCTT-1,PBMC3k,Donor 1,CD16+ non-classical monocytes,CD16+ non-classical monocytes,True
pbmc3k_AGATTCCTATCGTG-1,PBMC3k,Donor 1,IL7R+ memory/helper T cells,Non-cytotoxic T cells,True
pbmc3k_AGATTCCTCACTTT-1,PBMC3k,Donor 1,Classical monocytes,Classical monocytes,True
pbmc3k_AGATTCCTGACGAG-1,PBMC3k,Donor 1,Classical monocytes,Classical monocytes,True
pbmc3k_AGATTCCTGTTCAG-1,PBMC3k,Donor 1,NK cells,NK cells,True
pbmc3k_AGCAAAGATATGCG-1,PBMC3k,Donor 1,IL7R+ memory/helper T cells,Non-cytotoxic T cells,True
pbmc3k_AGCACAACAGTCTG-1,PBMC3k,Donor 1,Activated/transitional T cells,Cytotoxic T cells,True
pbmc3k_AGCACTGAGGGAGT-1,PBMC3k,Donor 1,Naive/resting T cells,Non-cytotoxic T cells,True
pbmc3k_AGCACTGATATGCG-1,PBMC3k,Donor 1,IL7R+ memory/helper T cells,Non-cytotoxic T cells,True
pbmc3k_AGCACTGATGCTTT-1,PBMC3k,Donor 1,Classical monocytes,Classical monocytes,True
pbmc3k_AGCACTGATTGCGA-1,PBMC3k,Donor 1,Naive/resting T cells,Non-cytotoxic T cells,True
pbmc3k_AGCATCGAAGATCC-1,PBMC3k,Donor 1,IL7R+ memory/helper T cells,Non-cytotoxic T cells,True
pbmc3k_AGCATCGAAGGGTG-1,PBMC3k,Donor 1,B cells,B cells,True
pbmc3k_AGCATCGAGCTTCC-1,PBMC3k,Donor 1,Classical monocytes,Classical monocytes,True
pbmc3k_AGCATCGAGTGAGG-1,PBMC3k,Donor 1,IL7R+ memory/helper T cells,Non-cytotoxic T cells,True
pbmc3k_AGCATCGATAACCG-1,PBMC3k,Donor 1,Classical monocytes,Classical monocytes,True
pbmc3k_AGCATGACGATGAA-1,PBMC3k,Donor 1,Cytotoxic CD8 T cells,Cytotoxic T cells,True
pbmc3k_AGCCAATGGGGAGT-1,PBMC3k,Donor 1,CD16+ non-classical monocytes,CD16+ non-classical monocytes,True
pbmc3k_AGCCAATGTATCTC-1,PBMC3k,Donor 1,Naive/resting T cells,Non-cytotoxic T cells,True
pbmc3k_AGCCACCTGGATCT-1,PBMC3k,Donor 1,Cytotoxic CD8 T cells,Cytotoxic T cells,True
pbmc3k_AGCCGGTGCCAATG-1,PBMC3k,Donor 1,IL7R+ memory/helper T cells,Non-cytotoxic T cells,True
pbmc3k_AGCCGGTGTGTTTC-1,PBMC3k,Donor 1,Naive/resting T cells,Non-cytotoxic T cells,True
pbmc3k_AGCCGTCTCAATCG-1,PBMC3k,Donor 1,Naive/resting T cells,Non-cytotoxic T cells,True
pbmc3k_AGCCGTCTGAGAGC-1,PBMC3k,Donor 1,IL7R+ memory/helper T cells,Non-cytotoxic T cells,True
pbmc3k_AGCCTCACGTTCGA-1,PBMC3k,Donor 1,Naive/resting T cells,Non-cytotoxic T cells,True
pbmc3k_AGCCTCACTGTCAG-1,PBMC3k,Donor 1,CD16+ non-classical monocytes,CD16+ non-classical monocytes,True
pbmc3k_AGCCTCTGCAGTTG-1,PBMC3k,Donor 1,B cells,B cells,True
pbmc3k_AGCCTCTGCCAATG-1,PBMC3k,Donor 1,NK cells,NK cells,True
pbmc3k_AGCGAACTGGATCT-1,PBMC3k,Donor 1,Naive/resting T cells,Non-cytotoxic T cells,True
pbmc3k_AGCGAACTTACTGG-1,PBMC3k,Donor 1,IL7R+ memory/helper T cells,Non-cytotoxic T cells,True
pbmc3k_AGCGATACGGAGCA-1,PBMC3k,Donor 1,Naive/resting T cells,Non-cytotoxic T cells,True
pbmc3k_AGCGATTGAGATCC-1,PBMC3k,Donor 1,NK cells,NK cells,True
pbmc3k_AGCGCCGAATCTCT-1,PBMC3k,Donor 1,Activated/transitional T cells,Cytotoxic T cells,True
pbmc3k_AGCGCCGACAGAGG-1,PBMC3k,Donor 1,IL7R+ memory/helper T cells,Non-cytotoxic T cells,True
pbmc3k_AGCGCTCTACCTTT-1,PBMC3k,Donor 1,IL7R+ memory/helper T cells,Non-cytotoxic T cells,True
pbmc3k_AGCGGCACCGGGAA-1,PBMC3k,Donor 1,Naive/resting T cells,Non-cytotoxic T cells,True
pbmc3k_AGCGGCTGATGTGC-1,PBMC3k,Donor 1,IL7R+ memory/helper T cells,Non-cytotoxic T cells,True
pbmc3k_AGCGGGCTTGCCAA-1,PBMC3k,Donor 1,IL7R+ memory/helper T cells,Non-cytotoxic T cells,True
pbmc3k_AGCGTAACATGCTG-1,PBMC3k,Donor 1,IL7R+ memory/helper T cells,Non-cytotoxic T cells,True
pbmc3k_AGCGTAACTGAGAA-1,PBMC3k,Donor 1,Classical monocytes,Classical monocytes,True
pbmc3k_AGCTCGCTACTGGT-1,PBMC3k,Donor 1,Naive/resting T cells,Non-cytotoxic T cells,True
pbmc3k_AGCTCGCTCTGCTC-1,PBMC3k,Donor 1,Naive/resting T cells,Non-cytotoxic T cells,True
pbmc3k_AGCTGAACCATACG-1,PBMC3k,Donor 1,CD16+ non-classical monocytes,CD16+ non-classical monocytes,True
pbmc3k_AGCTGAACCTCTCG-1,PBMC3k,Donor 1,Naive/resting T cells,Non-cytotoxic T cells,True
pbmc3k_AGCTGCCTTGGGAG-1,PBMC3k,Donor 1,Classical monocytes,Classical monocytes,True
pbmc3k_AGCTGCCTTTCATC-1,PBMC3k,Donor 1,IL7R+ memory/helper T cells,Non-cytotoxic T cells,True
pbmc3k_AGCTGCCTTTCTGT-1,PBMC3k,Donor 1,Cytotoxic CD8 T cells,Cytotoxic T cells,True
pbmc3k_AGCTGTGATCCAAG-1,PBMC3k,Donor 1,Activated/transitional T cells,Cytotoxic T cells,True
pbmc3k_AGCTTTACAAGTAG-1,PBMC3k,Donor 1,Naive/resting T cells,Non-cytotoxic T cells,True
pbmc3k_AGCTTTACACCAAC-1,PBMC3k,Donor 1,Cytotoxic CD8 T cells,Cytotoxic T cells,True
pbmc3k_AGCTTTACTCTCAT-1,PBMC3k,Donor 1,B cells,B cells,True
pbmc3k_AGGAAATGAGGAGC-1,PBMC3k,Donor 1,IL7R+ memory/helper T cells,Non-cytotoxic T cells,True
pbmc3k_AGGAACCTCTTAGG-1,PBMC3k,Donor 1,CD16+ non-classical monocytes,CD16+ non-classical monocytes,True
pbmc3k_AGGAACCTTGCCTC-1,PBMC3k,Donor 1,Cytotoxic CD8 T cells,Cytotoxic T cells,True
pbmc3k_AGGAATGATAACGC-1,PBMC3k,Donor 1,IL7R+ memory/helper T cells,Non-cytotoxic T cells,True
pbmc3k_AGGAATGATTTGTC-1,PBMC3k,Donor 1,IL7R+ memory/helper T cells,Non-cytotoxic T cells,True
pbmc3k_AGGAGTCTGGTTTG-1,PBMC3k,Donor 1,Naive/resting T cells,Non-cytotoxic T cells,True
pbmc3k_AGGAGTCTTGTCAG-1,PBMC3k,Donor 1,Naive/resting T cells,Non-cytotoxic T cells,True
pbmc3k_AGGATAGACATTTC-1,PBMC3k,Donor 1,IL7R+ memory/helper T cells,Non-cytotoxic T cells,True
pbmc3k_AGGATAGAGGATTC-1,PBMC3k,Donor 1,Cytotoxic CD8 T cells,Cytotoxic T cells,True
pbmc3k_AGGATGCTACTAGC-1,PBMC3k,Donor 1,B cells,B cells,True
pbmc3k_AGGATGCTTTAGGC-1,PBMC3k,Donor 1,NK cells,NK cells,True
pbmc3k_AGGCAACTGAAGGC-1,PBMC3k,Donor 1,IL7R+ memory/helper T cells,Non-cytotoxic T cells,True
pbmc3k_AGGCAGGAGTACCA-1,PBMC3k,Donor 1,Cytotoxic CD8 T cells,Cytotoxic T cells,True
pbmc3k_AGGCCTCTAGTCGT-1,PBMC3k,Donor 1,Naive/resting T cells,Non-cytotoxic T cells,True
pbmc3k_AGGCCTCTCGGAGA-1,PBMC3k,Donor 1,Naive/resting T cells,Non-cytotoxic T cells,True
pbmc3k_AGGCCTCTCGTAAC-1,PBMC3k,Donor 1,Activated/transitional T cells,Cytotoxic T cells,True
pbmc3k_AGGGACGACGTTGA-1,PBMC3k,Donor 1,Naive/resting T cells,Non-cytotoxic T cells,True
pbmc3k_AGGGACGAGTCAAC-1,PBMC3k,Donor 1,NK cells,NK cells,True
pbmc3k_AGGGACGAGTTGTG-1,PBMC3k,Donor 1,Naive/resting T cells,Non-cytotoxic T cells,True
pbmc3k_AGGGACGATAGAGA-1,PBMC3k,Donor 1,Cytotoxic CD8 T cells,Cytotoxic T cells,True
pbmc3k_AGGGACGATGCATG-1,PBMC3k,Donor 1,Cytotoxic CD8 T cells,Cytotoxic T cells,True
pbmc3k_AGGGAGTGAGCCTA-1,PBMC3k,Donor 1,Activated/transitional T cells,Cytotoxic T cells,True
pbmc3k_AGGGCCACCATACG-1,PBMC3k,Donor 1,Naive/resting T cells,Non-cytotoxic T cells,True
pbmc3k_AGGGCGCTAACCAC-1,PBMC3k,Donor 1,Classical monocytes,Classical monocytes,True
pbmc3k_AGGGCGCTATGGTC-1,PBMC3k,Donor 1,IL7R+ memory/helper T cells,Non-cytotoxic T cells,True
pbmc3k_AGGGTGGACAGTCA-1,PBMC3k,Donor 1,B cells,B cells,True
pbmc3k_AGGGTGGACTCAAG-1,PBMC3k,Donor 1,Classical monocytes,Classical monocytes,True
pbmc3k_AGGGTGGAGTTGCA-1,PBMC3k,Donor 1,Cytotoxic CD8 T cells,Cytotoxic T cells,True
pbmc3k_AGGGTTTGTTCATC-1,PBMC3k,Donor 1,Classical monocytes,Classical monocytes,True
pbmc3k_AGGTCATGAGTGTC-1,PBMC3k,Donor 1,B cells,B cells,True
pbmc3k_AGGTCATGCTTATC-1,PBMC3k,Donor 1,Cytotoxic CD8 T cells,Cytotoxic T cells,True
pbmc3k_AGGTCTGATTCTCA-1,PBMC3k,Donor 1,Classical monocytes,Classical monocytes,True
pbmc3k_AGGTGGGAAGAATG-1,PBMC3k,Donor 1,IL7R+ memory/helper T cells,Non-cytotoxic T cells,True
pbmc3k_AGGTGGGAAGTTCG-1,PBMC3k,Donor 1,Naive/resting T cells,Non-cytotoxic T cells,True
pbmc3k_AGGTGTTGGTTACG-1,PBMC3k,Donor 1,B cells,B cells,True
pbmc3k_AGGTTCGAACCTCC-1,PBMC3k,Donor 1,Classical monocytes,Classical monocytes,True
pbmc3k_AGGTTCGAACGTAC-1,PBMC3k,Donor 1,Classical monocytes,Classical monocytes,True
pbmc3k_AGGTTCGAGGGTGA-1,PBMC3k,Donor 1,Naive/resting T cells,Non-cytotoxic T cells,True
pbmc3k_AGTAAGGAGTTTGG-1,PBMC3k,Donor 1,IL7R+ memory/helper T cells,Non-cytotoxic T cells,True
pbmc3k_AGTAAGGATTCTTG-1,PBMC3k,Donor 1,IL7R+ memory/helper T cells,Non-cytotoxic T cells,True
pbmc3k_AGTAATACATCACG-1,PBMC3k,Donor 1,NK cells,NK cells,True
pbmc3k_AGTAATACCGAACT-1,PBMC3k,Donor 1,B cells,B cells,True
pbmc3k_AGTAATTGTCCCAC-1,PBMC3k,Donor 1,IL7R+ memory/helper T cells,Non-cytotoxic T cells,True
pbmc3k_AGTACGTGAGGGTG-1,PBMC3k,Donor 1,Naive/resting T cells,Non-cytotoxic T cells,True
pbmc3k_AGTACGTGCTGCAA-1,PBMC3k,Donor 1,IL7R+ memory/helper T cells,Non-cytotoxic T cells,True
pbmc3k_AGTACGTGCTTGGA-1,PBMC3k,Donor 1,IL7R+ memory/helper T cells,Non-cytotoxic T cells,True
pbmc3k_AGTACTCTACGTGT-1,PBMC3k,Donor 1,B cells,B cells,True
pbmc3k_AGTACTCTCAACCA-1,PBMC3k,Donor 1,Cytotoxic CD8 T cells,Cytotoxic T cells,True
pbmc3k_AGTACTCTCGGTAT-1,PBMC3k,Donor 1,IL7R+ memory/helper T cells,Non-cytotoxic T cells,True
pbmc3k_AGTAGGCTTGCCTC-1,PBMC3k,Donor 1,CD16+ non-classical monocytes,CD16+ non-classical monocytes,True
pbmc3k_AGTATAACTTGTCT-1,PBMC3k,Donor 1,CD16+ non-classical monocytes,CD16+ non-classical monocytes,True
pbmc3k_AGTATCCTAGAACA-1,PBMC3k,Donor 1,Naive/resting T cells,Non-cytotoxic T cells,True
pbmc3k_AGTCACGATGAGCT-1,PBMC3k,Donor 1,Cytotoxic CD8 T cells,Cytotoxic T cells,True
pbmc3k_AGTCAGACGAATAG-1,PBMC3k,Donor 1,IL7R+ memory/helper T cells,Non-cytotoxic T cells,True
pbmc3k_AGTCAGACGCTTAG-1,PBMC3k,Donor 1,Activated/transitional T cells,Cytotoxic T cells,True
pbmc3k_AGTCAGACTAGAGA-1,PBMC3k,Donor 1,Cytotoxic CD8 T cells,Cytotoxic T cells,True
pbmc3k_AGTCAGACTGCACA-1,PBMC3k,Donor 1,IL7R+ memory/helper T cells,Non-cytotoxic T cells,True
pbmc3k_AGTCCAGATATCTC-1,PBMC3k,Donor 1,Naive/resting T cells,Non-cytotoxic T cells,True
pbmc3k_AGTCCAGATTTCAC-1,PBMC3k,Donor 1,IL7R+ memory/helper T cells,Non-cytotoxic T cells,True
pbmc3k_AGTCGAACCAACCA-1,PBMC3k,Donor 1,Naive/resting T cells,Non-cytotoxic T cells,True
pbmc3k_AGTCGCCTCCGTAA-1,PBMC3k,Donor 1,IL7R+ memory/helper T cells,Non-cytotoxic T cells,True
pbmc3k_AGTCTACTAGGGTG-1,PBMC3k,Donor 1,Classical monocytes,Classical monocytes,True
pbmc3k_AGTCTACTTGCATG-1,PBMC3k,Donor 1,CD16+ non-classical monocytes,CD16+ non-classical monocytes,True
pbmc3k_AGTCTTACACCACA-1,PBMC3k,Donor 1,Naive/resting T cells,Non-cytotoxic T cells,True
pbmc3k_AGTCTTACTTCGCC-1,PBMC3k,Donor 1,Cytotoxic CD8 T cells,Cytotoxic T cells,True
pbmc3k_AGTCTTACTTCGGA-1,PBMC3k,Donor 1,Platelets,,False
pbmc3k_AGTGACTGCAACTG-1,PBMC3k,Donor 1,CD16+ non-classical monocytes,CD16+ non-classical monocytes,True
pbmc3k_AGTGTTCTAACCTG-1,PBMC3k,Donor 1,IL7R+ memory/helper T cells,Non-cytotoxic T cells,True
pbmc3k_AGTGTTCTATAAGG-1,PBMC3k,Donor 1,Activated/transitional T cells,Cytotoxic T cells,True
pbmc3k_AGTGTTCTCACTTT-1,PBMC3k,Donor 1,Classical monocytes,Classical monocytes,True
pbmc3k_AGTTAAACCACTTT-1,PBMC3k,Donor 1,IL7R+ memory/helper T cells,Non-cytotoxic T cells,True
pbmc3k_AGTTATGAACAGTC-1,PBMC3k,Donor 1,Classical monocytes,Classical monocytes,True
pbmc3k_AGTTATGACTGAGT-1,PBMC3k,Donor 1,IL7R+ memory/helper T cells,Non-cytotoxic T cells,True
pbmc3k_AGTTATGAGTTCAG-1,PBMC3k,Donor 1,IL7R+ memory/helper T cells,Non-cytotoxic T cells,True
pbmc3k_AGTTCTACCAGCTA-1,PBMC3k,Donor 1,Classical monocytes,Classical monocytes,True
pbmc3k_AGTTCTTGAAGCCT-1,PBMC3k,Donor 1,Cytotoxic CD8 T cells,Cytotoxic T cells,True
pbmc3k_AGTTGTCTACTACG-1,PBMC3k,Donor 1,Naive/resting T cells,Non-cytotoxic T cells,True
pbmc3k_AGTTTAGATGGTCA-1,PBMC3k,Donor 1,Naive/resting T cells,Non-cytotoxic T cells,True
pbmc3k_AGTTTCACGGTCTA-1,PBMC3k,Donor 1,NK cells,NK cells,True
pbmc3k_AGTTTGCTACAGTC-1,PBMC3k,Donor 1,Naive/resting T cells,Non-cytotoxic T cells,True
pbmc3k_AGTTTGCTACTGGT-1,PBMC3k,Donor 1,Cytotoxic CD8 T cells,Cytotoxic T cells,True
pbmc3k_AGTTTGCTCCAAGT-1,PBMC3k,Donor 1,Naive/resting T cells,Non-cytotoxic T cells,True
pbmc3k_ATAAACACAGTGCT-1,PBMC3k,Donor 1,B cells,B cells,True
pbmc3k_ATAAACACCACCAA-1,PBMC3k,Donor 1,Naive/resting T cells,Non-cytotoxic T cells,True
pbmc3k_ATAACAACATGCTG-1,PBMC3k,Donor 1,Classical monocytes,Classical monocytes,True
pbmc3k_ATAACAACGTCTAG-1,PBMC3k,Donor 1,IL7R+ memory/helper T cells,Non-cytotoxic T cells,True
pbmc3k_ATAACAACTTTGTC-1,PBMC3k,Donor 1,IL7R+ memory/helper T cells,Non-cytotoxic T cells,True
pbmc3k_ATAACATGTACTCT-1,PBMC3k,Donor 1,IL7R+ memory/helper T cells,Non-cytotoxic T cells,True
pbmc3k_ATAACCCTGTTGGT-1,PBMC3k,Donor 1,Naive/resting T cells,Non-cytotoxic T cells,True
pbmc3k_ATAACCCTTGGTAC-1,PBMC3k,Donor 1,IL7R+ memory/helper T cells,Non-cytotoxic T cells,True
pbmc3k_ATAAGTACGAATGA-1,PBMC3k,Donor 1,B cells,B cells,True
pbmc3k_ATAAGTTGGTACGT-1,PBMC3k,Donor 1,CD16+ non-classical monocytes,CD16+ non-classical monocytes,True
pbmc3k_ATAAGTTGTCTAGG-1,PBMC3k,Donor 1,IL7R+ memory/helper T cells,Non-cytotoxic T cells,True
pbmc3k_ATAATCGAGCTGAT-1,PBMC3k,Donor 1,B cells,B cells,True
pbmc3k_ATAATCGATGGTTG-1,PBMC3k,Donor 1,Naive/resting T cells,Non-cytotoxic T cells,True
pbmc3k_ATAATGACCTACTT-1,PBMC3k,Donor 1,IL7R+ memory/helper T cells,Non-cytotoxic T cells,True
pbmc3k_ATAATGACTCGTGA-1,PBMC3k,Donor 1,Classical monocytes,Classical monocytes,True
pbmc3k_ATACAATGTTAGGC-1,PBMC3k,Donor 1,IL7R+ memory/helper T cells,Non-cytotoxic T cells,True
pbmc3k_ATACCACTCGTACA-1,PBMC3k,Donor 1,Classical monocytes,Classical monocytes,True
pbmc3k_ATACCACTCTAAGC-1,PBMC3k,Donor 1,Classical monocytes,Classical monocytes,True
pbmc3k_ATACCACTGCCAAT-1,PBMC3k,Donor 1,Cytotoxic CD8 T cells,Cytotoxic T cells,True
pbmc3k_ATACCGGAATGCTG-1,PBMC3k,Donor 1,Classical monocytes,Classical monocytes,True
pbmc3k_ATACCGGACATTTC-1,PBMC3k,Donor 1,Classical monocytes,Classical monocytes,True
pbmc3k_ATACCGGACTTCGC-1,PBMC3k,Donor 1,IL7R+ memory/helper T cells,Non-cytotoxic T cells,True
pbmc3k_ATACCGGAGGTGTT-1,PBMC3k,Donor 1,Classical monocytes,Classical monocytes,True
pbmc3k_ATACCGGATCTCGC-1,PBMC3k,Donor 1,Naive/resting T cells,Non-cytotoxic T cells,True
pbmc3k_ATACCTACGCATCA-1,PBMC3k,Donor 1,IL7R+ memory/helper T cells,Non-cytotoxic T cells,True
pbmc3k_ATACCTTGGGGCAA-1,PBMC3k,Donor 1,Naive/resting T cells,Non-cytotoxic T cells,True
pbmc3k_ATACGGACAGACTC-1,PBMC3k,Donor 1,Classical monocytes,Classical monocytes,True
pbmc3k_ATACGGACCTACTT-1,PBMC3k,Donor 1,Classical monocytes,Classical monocytes,True
pbmc3k_ATACGGACGAGGTG-1,PBMC3k,Donor 1,B cells,B cells,True
pbmc3k_ATACGGACTATGCG-1,PBMC3k,Donor 1,B cells,B cells,True
pbmc3k_ATACGGACTCTGGA-1,PBMC3k,Donor 1,Classical monocytes,Classical monocytes,True
pbmc3k_ATACGTCTTAACGC-1,PBMC3k,Donor 1,Classical monocytes,Classical monocytes,True
pbmc3k_ATACTCTGCTTCGC-1,PBMC3k,Donor 1,Classical monocytes,Classical monocytes,True
pbmc3k_ATACTCTGGTATGC-1,PBMC3k,Donor 1,NK cells,NK cells,True
pbmc3k_ATAGATACCATGGT-1,PBMC3k,Donor 1,IL7R+ memory/helper T cells,Non-cytotoxic T cells,True
pbmc3k_ATAGATACGACGAG-1,PBMC3k,Donor 1,Naive/resting T cells,Non-cytotoxic T cells,True
pbmc3k_ATAGATTGGTGTAC-1,PBMC3k,Donor 1,B cells,B cells,True
pbmc3k_ATAGCCGAACGGAG-1,PBMC3k,Donor 1,Naive/resting T cells,Non-cytotoxic T cells,True
pbmc3k_ATAGCGTGCAGATC-1,PBMC3k,Donor 1,IL7R+ memory/helper T cells,Non-cytotoxic T cells,True
pbmc3k_ATAGCGTGCCCTTG-1,PBMC3k,Donor 1,Classical monocytes,Classical monocytes,True
pbmc3k_ATAGCGTGGTATCG-1,PBMC3k,Donor 1,Classical monocytes,Classical monocytes,True
pbmc3k_ATAGCGTGTCTCTA-1,PBMC3k,Donor 1,IL7R+ memory/helper T cells,Non-cytotoxic T cells,True
pbmc3k_ATAGCTCTCTGATG-1,PBMC3k,Donor 1,Naive/resting T cells,Non-cytotoxic T cells,True
pbmc3k_ATAGCTCTGAGGTG-1,PBMC3k,Donor 1,Naive/resting T cells,Non-cytotoxic T cells,True
pbmc3k_ATAGGAGAAACAGA-1,PBMC3k,Donor 1,Classical monocytes,Classical monocytes,True
pbmc3k_ATAGGCTGTCAGAC-1,PBMC3k,Donor 1,Naive/resting T cells,Non-cytotoxic T cells,True
pbmc3k_ATAGTCCTAGTGTC-1,PBMC3k,Donor 1,Classical monocytes,Classical monocytes,True
pbmc3k_ATAGTCCTTGCATG-1,PBMC3k,Donor 1,IL7R+ memory/helper T cells,Non-cytotoxic T cells,True
pbmc3k_ATAGTCCTTGTCGA-1,PBMC3k,Donor 1,Naive/resting T cells,Non-cytotoxic T cells,True
pbmc3k_ATAGTTGACAACTG-1,PBMC3k,Donor 1,IL7R+ memory/helper T cells,Non-cytotoxic T cells,True
pbmc3k_ATAGTTGACCCTCA-1,PBMC3k,Donor 1,CD16+ non-classical monocytes,CD16+ non-classical monocytes,True
pbmc3k_ATAGTTGAGACGTT-1,PBMC3k,Donor 1,Activated/transitional T cells,Cytotoxic T cells,True
pbmc3k_ATAGTTGATAAGCC-1,PBMC3k,Donor 1,Naive/resting T cells,Non-cytotoxic T cells,True
pbmc3k_ATATACGAAGCCAT-1,PBMC3k,Donor 1,Naive/resting T cells,Non-cytotoxic T cells,True
pbmc3k_ATATACGAATTGGC-1,PBMC3k,Donor 1,IL7R+ memory/helper T cells,Non-cytotoxic T cells,True
pbmc3k_ATATAGTGGAATGA-1,PBMC3k,Donor 1,Classical monocytes,Classical monocytes,True
pbmc3k_ATATGCCTAGATCC-1,PBMC3k,Donor 1,Classical monocytes,Classical monocytes,True
pbmc3k_ATATGCCTGGACAG-1,PBMC3k,Donor 1,Naive/resting T cells,Non-cytotoxic T cells,True
pbmc3k_ATATGCCTTCTCTA-1,PBMC3k,Donor 1,Activated/transitional T cells,Cytotoxic T cells,True
pbmc3k_ATATGCCTTGGTAC-1,PBMC3k,Donor 1,Naive/resting T cells,Non-cytotoxic T cells,True
pbmc3k_ATCAAATGAGCCTA-1,PBMC3k,Donor 1,Classical monocytes,Classical monocytes,True
pbmc3k_ATCAAATGGGTAAA-1,PBMC3k,Donor 1,CD16+ non-classical monocytes,CD16+ non-classical monocytes,True
pbmc3k_ATCAACCTAAACGA-1,PBMC3k,Donor 1,IL7R+ memory/helper T cells,Non-cytotoxic T cells,True
pbmc3k_ATCAACCTGAGGAC-1,PBMC3k,Donor 1,Naive/resting T cells,Non-cytotoxic T cells,True
pbmc3k_ATCAACCTTCTCTA-1,PBMC3k,Donor 1,Cytotoxic CD8 T cells,Cytotoxic T cells,True
pbmc3k_ATCAACCTTTGTCT-1,PBMC3k,Donor 1,Cytotoxic CD8 T cells,Cytotoxic T cells,True
pbmc3k_ATCACACTTTGTCT-1,PBMC3k,Donor 1,IL7R+ memory/helper T cells,Non-cytotoxic T cells,True
pbmc3k_ATCACGGATTTCGT-1,PBMC3k,Donor 1,B cells,B cells,True
pbmc3k_ATCATCTGACACCA-1,PBMC3k,Donor 1,Platelets,,False
pbmc3k_ATCATGCTAGAGTA-1,PBMC3k,Donor 1,Activated/transitional T cells,Cytotoxic T cells,True
pbmc3k_ATCATGCTGAACCT-1,PBMC3k,Donor 1,B cells,B cells,True
pbmc3k_ATCCAGGACGCTAA-1,PBMC3k,Donor 1,CD16+ non-classical monocytes,CD16+ non-classical monocytes,True
pbmc3k_ATCCAGGATGGAAA-1,PBMC3k,Donor 1,IL7R+ memory/helper T cells,Non-cytotoxic T cells,True
pbmc3k_ATCCATACTCCTTA-1,PBMC3k,Donor 1,Classical monocytes,Classical monocytes,True
pbmc3k_ATCCATACTTCATC-1,PBMC3k,Donor 1,CD16+ non-classical monocytes,CD16+ non-classical monocytes,True
pbmc3k_ATCCCGTGCAGTCA-1,PBMC3k,Donor 1,NK cells,NK cells,True
pbmc3k_ATCCCGTGCATGCA-1,PBMC3k,Donor 1,B cells,B cells,True
pbmc3k_ATCCCGTGGCTGAT-1,PBMC3k,Donor 1,B cells,B cells,True
pbmc3k_ATCCGCACGCATCA-1,PBMC3k,Donor 1,B cells,B cells,True
pbmc3k_ATCCTAACGACGGA-1,PBMC3k,Donor 1,B cells,B cells,True
pbmc3k_ATCCTAACGCTACA-1,PBMC3k,Donor 1,IL7R+ memory/helper T cells,Non-cytotoxic T cells,True
pbmc3k_ATCGACGAAACTGC-1,PBMC3k,Donor 1,Classical monocytes,Classical monocytes,True
pbmc3k_ATCGACGAATGACC-1,PBMC3k,Donor 1,Naive/resting T cells,Non-cytotoxic T cells,True
pbmc3k_ATCGAGTGGACGTT-1,PBMC3k,Donor 1,Cytotoxic CD8 T cells,Cytotoxic T cells,True
pbmc3k_ATCGCAGAATCTCT-1,PBMC3k,Donor 1,CD16+ non-classical monocytes,CD16+ non-classical monocytes,True
pbmc3k_ATCGCAGAGTGTCA-1,PBMC3k,Donor 1,B cells,B cells,True
pbmc3k_ATCGCCACTGAGGG-1,PBMC3k,Donor 1,Cytotoxic CD8 T cells,Cytotoxic T cells,True
pbmc3k_ATCGCCTGGGTCAT-1,PBMC3k,Donor 1,IL7R+ memory/helper T cells,Non-cytotoxic T cells,True
pbmc3k_ATCGCCTGTGGCAT-1,PBMC3k,Donor 1,B cells,B cells,True
pbmc3k_ATCGCGCTCAGAGG-1,PBMC3k,Donor 1,Classical monocytes,Classical monocytes,True
pbmc3k_ATCGCGCTGGGATG-1,PBMC3k,Donor 1,IL7R+ memory/helper T cells,Non-cytotoxic T cells,True
pbmc3k_ATCGCGCTTTTCGT-1,PBMC3k,Donor 1,B cells,B cells,True
pbmc3k_ATCGGAACCAGTCA-1,PBMC3k,Donor 1,Activated/transitional T cells,Cytotoxic T cells,True
pbmc3k_ATCGGTGAGTCAAC-1,PBMC3k,Donor 1,Naive/resting T cells,Non-cytotoxic T cells,True
pbmc3k_ATCGGTGATTGCAG-1,PBMC3k,Donor 1,IL7R+ memory/helper T cells,Non-cytotoxic T cells,True
pbmc3k_ATCGTTTGCCTACC-1,PBMC3k,Donor 1,Classical monocytes,Classical monocytes,True
pbmc3k_ATCGTTTGGGTACT-1,PBMC3k,Donor 1,Classical monocytes,Classical monocytes,True
pbmc3k_ATCGTTTGTGCCAA-1,PBMC3k,Donor 1,Classical monocytes,Classical monocytes,True
pbmc3k_ATCTACACCCGCTT-1,PBMC3k,Donor 1,Classical monocytes,Classical monocytes,True
pbmc3k_ATCTACACCGGGAA-1,PBMC3k,Donor 1,IL7R+ memory/helper T cells,Non-cytotoxic T cells,True
pbmc3k_ATCTCAACAGGAGC-1,PBMC3k,Donor 1,B cells,B cells,True
pbmc3k_ATCTCAACCTCGAA-1,PBMC3k,Donor 1,Activated/transitional T cells,Cytotoxic T cells,True
pbmc3k_ATCTCAACCTTGTT-1,PBMC3k,Donor 1,Classical monocytes,Classical monocytes,True
pbmc3k_ATCTGGGAAACCAC-1,PBMC3k,Donor 1,Classical monocytes,Classical monocytes,True
pbmc3k_ATCTGGGAAGTGTC-1,PBMC3k,Donor 1,Classical monocytes,Classical monocytes,True
pbmc3k_ATCTGGGATTCCGC-1,PBMC3k,Donor 1,Cytotoxic CD8 T cells,Cytotoxic T cells,True
pbmc3k_ATCTGTTGAACGGG-1,PBMC3k,Donor 1,IL7R+ memory/helper T cells,Non-cytotoxic T cells,True
pbmc3k_ATCTGTTGACCTCC-1,PBMC3k,Donor 1,IL7R+ memory/helper T cells,Non-cytotoxic T cells,True
pbmc3k_ATCTGTTGCCTTCG-1,PBMC3k,Donor 1,CD16+ non-classical monocytes,CD16+ non-classical monocytes,True
pbmc3k_ATCTGTTGGTTGCA-1,PBMC3k,Donor 1,IL7R+ memory/helper T cells,Non-cytotoxic T cells,True
pbmc3k_ATCTTGACACCAAC-1,PBMC3k,Donor 1,IL7R+ memory/helper T cells,Non-cytotoxic T cells,True
pbmc3k_ATCTTGACCTCCCA-1,PBMC3k,Donor 1,Classical monocytes,Classical monocytes,True
pbmc3k_ATCTTTCTGCATCA-1,PBMC3k,Donor 1,Activated/transitional T cells,Cytotoxic T cells,True
pbmc3k_ATCTTTCTGTTTCT-1,PBMC3k,Donor 1,Cytotoxic CD8 T cells,Cytotoxic T cells,True
pbmc3k_ATCTTTCTTGTCCC-1,PBMC3k,Donor 1,NK cells,NK cells,True
pbmc3k_ATGAAACTCTGTGA-1,PBMC3k,Donor 1,IL7R+ memory/helper T cells,Non-cytotoxic T cells,True
pbmc3k_ATGAAACTGAGGCA-1,PBMC3k,Donor 1,Naive/resting T cells,Non-cytotoxic T cells,True
pbmc3k_ATGAAGGAACAGCT-1,PBMC3k,Donor 1,Cytotoxic CD8 T cells,Cytotoxic T cells,True
pbmc3k_ATGAAGGACCTGTC-1,PBMC3k,Donor 1,B cells,B cells,True
pbmc3k_ATGAAGGACCTTAT-1,PBMC3k,Donor 1,B cells,B cells,True
pbmc3k_ATGAAGGACTAGTG-1,PBMC3k,Donor 1,B cells,B cells,True
pbmc3k_ATGAAGGACTTGCC-1,PBMC3k,Donor 1,NK cells,NK cells,True
pbmc3k_ATGACGTGACGACT-1,PBMC3k,Donor 1,B cells,B cells,True
pbmc3k_ATGACGTGATCGGT-1,PBMC3k,Donor 1,CD16+ non-classical monocytes,CD16+ non-classical monocytes,True
pbmc3k_ATGAGAGAAAGTGA-1,PBMC3k,Donor 1,IL7R+ memory/helper T cells,Non-cytotoxic T cells,True
pbmc3k_ATGAGAGAACGCAT-1,PBMC3k,Donor 1,IL7R+ memory/helper T cells,Non-cytotoxic T cells,True
pbmc3k_ATGAGAGAAGTAGA-1,PBMC3k,Donor 1,B cells,B cells,True
pbmc3k_ATGAGCACACAGCT-1,PBMC3k,Donor 1,Naive/resting T cells,Non-cytotoxic T cells,True
pbmc3k_ATGAGCACATCTTC-1,PBMC3k,Donor 1,IL7R+ memory/helper T cells,Non-cytotoxic T cells,True
pbmc3k_ATGATAACTTCACT-1,PBMC3k,Donor 1,NK cells,NK cells,True
pbmc3k_ATGATATGAAACAG-1,PBMC3k,Donor 1,IL7R+ memory/helper T cells,Non-cytotoxic T cells,True
pbmc3k_ATGATATGACTGGT-1,PBMC3k,Donor 1,Naive/resting T cells,Non-cytotoxic T cells,True
pbmc3k_ATGATATGAGCACT-1,PBMC3k,Donor 1,Naive/resting T cells,Non-cytotoxic T cells,True
pbmc3k_ATGATATGGTCATG-1,PBMC3k,Donor 1,Naive/resting T cells,Non-cytotoxic T cells,True
pbmc3k_ATGATATGGTGCTA-1,PBMC3k,Donor 1,NK cells,NK cells,True
pbmc3k_ATGATATGTTGTCT-1,PBMC3k,Donor 1,Classical monocytes,Classical monocytes,True
pbmc3k_ATGCACGAATGTCG-1,PBMC3k,Donor 1,B cells,B cells,True
pbmc3k_ATGCACGACTGTAG-1,PBMC3k,Donor 1,IL7R+ memory/helper T cells,Non-cytotoxic T cells,True
pbmc3k_ATGCACGAGAACCT-1,PBMC3k,Donor 1,B cells,B cells,True
pbmc3k_ATGCACGAGTTCGA-1,PBMC3k,Donor 1,Naive/resting T cells,Non-cytotoxic T cells,True
pbmc3k_ATGCACGATTGGTG-1,PBMC3k,Donor 1,CD16+ non-classical monocytes,CD16+ non-classical monocytes,True
pbmc3k_ATGCAGTGTTACCT-1,PBMC3k,Donor 1,B cells,B cells,True
pbmc3k_ATGCAGTGTTCTAC-1,PBMC3k,Donor 1,IL7R+ memory/helper T cells,Non-cytotoxic T cells,True
pbmc3k_ATGCCAGAACGACT-1,PBMC3k,Donor 1,IL7R+ memory/helper T cells,Non-cytotoxic T cells,True
pbmc3k_ATGCCAGACAGTCA-1,PBMC3k,Donor 1,Classical monocytes,Classical monocytes,True
pbmc3k_ATGCCGCTTGAACC-1,PBMC3k,Donor 1,Classical monocytes,Classical monocytes,True
pbmc3k_ATGCGATGCTATGG-1,PBMC3k,Donor 1,Classical monocytes,Classical monocytes,True
pbmc3k_ATGCGATGCTGAGT-1,PBMC3k,Donor 1,IL7R+ memory/helper T cells,Non-cytotoxic T cells,True
pbmc3k_ATGCGATGGTTACG-1,PBMC3k,Donor 1,B cells,B cells,True
pbmc3k_ATGCGCCTTCATTC-1,PBMC3k,Donor 1,Naive/resting T cells,Non-cytotoxic T cells,True
pbmc3k_ATGCTTTGCGAATC-1,PBMC3k,Donor 1,IL7R+ memory/helper T cells,Non-cytotoxic T cells,True
pbmc3k_ATGCTTTGGGCGAA-1,PBMC3k,Donor 1,Activated/transitional T cells,Cytotoxic T cells,True
pbmc3k_ATGCTTTGTAGTCG-1,PBMC3k,Donor 1,B cells,B cells,True
pbmc3k_ATGGACACATCGGT-1,PBMC3k,Donor 1,IL7R+ memory/helper T cells,Non-cytotoxic T cells,True
pbmc3k_ATGGACACGCATCA-1,PBMC3k,Donor 1,NK cells,NK cells,True
pbmc3k_ATGGGTACAACCTG-1,PBMC3k,Donor 1,B cells,B cells,True
pbmc3k_ATGGGTACATCGGT-1,PBMC3k,Donor 1,NK cells,NK cells,True
pbmc3k_ATGGGTACTATTCC-1,PBMC3k,Donor 1,IL7R+ memory/helper T cells,Non-cytotoxic T cells,True
pbmc3k_ATGGGTACTGGGAG-1,PBMC3k,Donor 1,IL7R+ memory/helper T cells,Non-cytotoxic T cells,True
pbmc3k_ATGTAAACACCTCC-1,PBMC3k,Donor 1,IL7R+ memory/helper T cells,Non-cytotoxic T cells,True
pbmc3k_ATGTAAACCCGCTT-1,PBMC3k,Donor 1,IL7R+ memory/helper T cells,Non-cytotoxic T cells,True
pbmc3k_ATGTAAACGGGATG-1,PBMC3k,Donor 1,Classical monocytes,Classical monocytes,True
pbmc3k_ATGTAAACTCTCCG-1,PBMC3k,Donor 1,IL7R+ memory/helper T cells,Non-cytotoxic T cells,True
pbmc3k_ATGTAAACTTCACT-1,PBMC3k,Donor 1,Classical monocytes,Classical monocytes,True
pbmc3k_ATGTACCTCAGTCA-1,PBMC3k,Donor 1,Naive/resting T cells,Non-cytotoxic T cells,True
pbmc3k_ATGTACCTTAGTCG-1,PBMC3k,Donor 1,IL7R+ memory/helper T cells,Non-cytotoxic T cells,True
pbmc3k_ATGTACCTTTATCC-1,PBMC3k,Donor 1,Classical monocytes,Classical monocytes,True
pbmc3k_ATGTACCTTTCACT-1,PBMC3k,Donor 1,Cytotoxic CD8 T cells,Cytotoxic T cells,True
pbmc3k_ATGTCACTAATGCC-1,PBMC3k,Donor 1,Classical monocytes,Classical monocytes,True
pbmc3k_ATGTCACTCTGCTC-1,PBMC3k,Donor 1,IL7R+ memory/helper T cells,Non-cytotoxic T cells,True
pbmc3k_ATGTCGGAGGTGAG-1,PBMC3k,Donor 1,IL7R+ memory/helper T cells,Non-cytotoxic T cells,True
pbmc3k_ATGTTCACAGTCTG-1,PBMC3k,Donor 1,Classical monocytes,Classical monocytes,True
pbmc3k_ATGTTCACCGTAGT-1,PBMC3k,Donor 1,IL7R+ memory/helper T cells,Non-cytotoxic T cells,True
pbmc3k_ATGTTGCTTTCAGG-1,PBMC3k,Donor 1,IL7R+ memory/helper T cells,Non-cytotoxic T cells,True
pbmc3k_ATTAACGATGAGAA-1,PBMC3k,Donor 1,NK cells,NK cells,True
pbmc3k_ATTAACGATGCAAC-1,PBMC3k,Donor 1,Cytotoxic CD8 T cells,Cytotoxic T cells,True
pbmc3k_ATTAAGACTGCAGT-1,PBMC3k,Donor 1,IL7R+ memory/helper T cells,Non-cytotoxic T cells,True
pbmc3k_ATTACCTGCCTTAT-1,PBMC3k,Donor 1,Classical monocytes,Classical monocytes,True
pbmc3k_ATTACCTGGAGGAC-1,PBMC3k,Donor 1,CD16+ non-classical monocytes,CD16+ non-classical monocytes,True
pbmc3k_ATTAGATGTTTCAC-1,PBMC3k,Donor 1,Naive/resting T cells,Non-cytotoxic T cells,True
pbmc3k_ATTATGGAATCTCT-1,PBMC3k,Donor 1,IL7R+ memory/helper T cells,Non-cytotoxic T cells,True
pbmc3k_ATTCAAGAACGGGA-1,PBMC3k,Donor 1,Naive/resting T cells,Non-cytotoxic T cells,True
pbmc3k_ATTCAAGACCTTTA-1,PBMC3k,Donor 1,IL7R+ memory/helper T cells,Non-cytotoxic T cells,True
pbmc3k_ATTCAGCTCATTGG-1,PBMC3k,Donor 1,Platelets,,False
pbmc3k_ATTCCAACCATTGG-1,PBMC3k,Donor 1,Classical monocytes,Classical monocytes,True
pbmc3k_ATTCCAACTTAGGC-1,PBMC3k,Donor 1,NK cells,NK cells,True
pbmc3k_ATTCGACTCACTAG-1,PBMC3k,Donor 1,IL7R+ memory/helper T cells,Non-cytotoxic T cells,True
pbmc3k_ATTCGACTGAATAG-1,PBMC3k,Donor 1,Classical monocytes,Classical monocytes,True
pbmc3k_ATTCGACTTTTGTC-1,PBMC3k,Donor 1,CD16+ non-classical monocytes,CD16+ non-classical monocytes,True
pbmc3k_ATTCGGGAAAGGCG-1,PBMC3k,Donor 1,Classical monocytes,Classical monocytes,True
pbmc3k_ATTCGGGATTAGGC-1,PBMC3k,Donor 1,IL7R+ memory/helper T cells,Non-cytotoxic T cells,True
pbmc3k_ATTCTTCTGATACC-1,PBMC3k,Donor 1,Activated/transitional T cells,Cytotoxic T cells,True
pbmc3k_ATTGAATGGACGGA-1,PBMC3k,Donor 1,IL7R+ memory/helper T cells,Non-cytotoxic T cells,True
pbmc3k_ATTGATGAAGGTTC-1,PBMC3k,Donor 1,Naive/resting T cells,Non-cytotoxic T cells,True
pbmc3k_ATTGATGACTGAGT-1,PBMC3k,Donor 1,IL7R+ memory/helper T cells,Non-cytotoxic T cells,True
pbmc3k_ATTGATGAGCGAAG-1,PBMC3k,Donor 1,IL7R+ memory/helper T cells,Non-cytotoxic T cells,True
pbmc3k_ATTGATGATCTATC-1,PBMC3k,Donor 1,Naive/resting T cells,Non-cytotoxic T cells,True
pbmc3k_ATTGCACTGACGGA-1,PBMC3k,Donor 1,Naive/resting T cells,Non-cytotoxic T cells,True
pbmc3k_ATTGCACTGAGAGC-1,PBMC3k,Donor 1,CD16+ non-classical monocytes,CD16+ non-classical monocytes,True
pbmc3k_ATTGCACTGGAGCA-1,PBMC3k,Donor 1,Classical monocytes,Classical monocytes,True
pbmc3k_ATTGCACTTAGCCA-1,PBMC3k,Donor 1,IL7R+ memory/helper T cells,Non-cytotoxic T cells,True
pbmc3k_ATTGCACTTGCTTT-1,PBMC3k,Donor 1,CD16+ non-classical monocytes,CD16+ non-classical monocytes,True
pbmc3k_ATTGCTTGTTACTC-1,PBMC3k,Donor 1,B cells,B cells,True
pbmc3k_ATTGGTCTGACTAC-1,PBMC3k,Donor 1,B cells,B cells,True
pbmc3k_ATTGGTCTTGTCTT-1,PBMC3k,Donor 1,B cells,B cells,True
pbmc3k_ATTGTAGATTCCCG-1,PBMC3k,Donor 1,Classical monocytes,Classical monocytes,True
pbmc3k_ATTGTAGATTGCAG-1,PBMC3k,Donor 1,IL7R+ memory/helper T cells,Non-cytotoxic T cells,True
pbmc3k_ATTGTCTGCGTACA-1,PBMC3k,Donor 1,IL7R+ memory/helper T cells,Non-cytotoxic T cells,True
pbmc3k_ATTTAGGAACCATG-1,PBMC3k,Donor 1,CD16+ non-classical monocytes,CD16+ non-classical monocytes,True
pbmc3k_ATTTAGGACAGAGG-1,PBMC3k,Donor 1,IL7R+ memory/helper T cells,Non-cytotoxic T cells,True
pbmc3k_ATTTCCGAGATGAA-1,PBMC3k,Donor 1,IL7R+ memory/helper T cells,Non-cytotoxic T cells,True
pbmc3k_ATTTCCGAGTGCTA-1,PBMC3k,Donor 1,IL7R+ memory/helper T cells,Non-cytotoxic T cells,True
pbmc3k_ATTTCGTGTATGGC-1,PBMC3k,Donor 1,Cytotoxic CD8 T cells,Cytotoxic T cells,True
pbmc3k_ATTTCTCTACTTTC-1,PBMC3k,Donor 1,CD16+ non-classical monocytes,CD16+ non-classical monocytes,True
pbmc3k_ATTTCTCTAGCAAA-1,PBMC3k,Donor 1,IL7R+ memory/helper T cells,Non-cytotoxic T cells,True
pbmc3k_ATTTCTCTCACTTT-1,PBMC3k,Donor 1,CD16+ non-classical monocytes,CD16+ non-classical monocytes,True
pbmc3k_ATTTCTCTTCCCAC-1,PBMC3k,Donor 1,Naive/resting T cells,Non-cytotoxic T cells,True
pbmc3k_ATTTGCACAAGATG-1,PBMC3k,Donor 1,Classical monocytes,Classical monocytes,True
pbmc3k_CAAAGCACAGCTCA-1,PBMC3k,Donor 1,IL7R+ memory/helper T cells,Non-cytotoxic T cells,True
pbmc3k_CAAAGCACCGTAAC-1,PBMC3k,Donor 1,B cells,B cells,True
pbmc3k_CAAAGCACGGTAAA-1,PBMC3k,Donor 1,NK cells,NK cells,True
pbmc3k_CAAAGCTGAAAGTG-1,PBMC3k,Donor 1,Activated/transitional T cells,Cytotoxic T cells,True
pbmc3k_CAAAGCTGTTGCTT-1,PBMC3k,Donor 1,Classical monocytes,Classical monocytes,True
pbmc3k_CAAATATGTGACAC-1,PBMC3k,Donor 1,Naive/resting T cells,Non-cytotoxic T cells,True
pbmc3k_CAAATTGAGGGCAA-1,PBMC3k,Donor 1,Activated/transitional T cells,Cytotoxic T cells,True
pbmc3k_CAAATTGATGGAGG-1,PBMC3k,Donor 1,Classical monocytes,Classical monocytes,True
pbmc3k_CAACCAGAAAAGTG-1,PBMC3k,Donor 1,Naive/resting T cells,Non-cytotoxic T cells,True
pbmc3k_CAACCAGAAGTGCT-1,PBMC3k,Donor 1,IL7R+ memory/helper T cells,Non-cytotoxic T cells,True
pbmc3k_CAACCAGAGTTCAG-1,PBMC3k,Donor 1,Classical monocytes,Classical monocytes,True
pbmc3k_CAACCAGATAGAAG-1,PBMC3k,Donor 1,Classical monocytes,Classical monocytes,True
pbmc3k_CAACCGCTGTTCAG-1,PBMC3k,Donor 1,Naive/resting T cells,Non-cytotoxic T cells,True
pbmc3k_CAACCGCTTTGAGC-1,PBMC3k,Donor 1,IL7R+ memory/helper T cells,Non-cytotoxic T cells,True
pbmc3k_CAACGATGCGCAAT-1,PBMC3k,Donor 1,CD16+ non-classical monocytes,CD16+ non-classical monocytes,True
pbmc3k_CAACGTGACTCCAC-1,PBMC3k,Donor 1,Classical monocytes,Classical monocytes,True
pbmc3k_CAACGTGAGCCATA-1,PBMC3k,Donor 1,Cytotoxic CD8 T cells,Cytotoxic T cells,True
pbmc3k_CAACGTGATCAAGC-1,PBMC3k,Donor 1,Classical monocytes,Classical monocytes,True
pbmc3k_CAAGAAGACCACAA-1,PBMC3k,Donor 1,Cytotoxic CD8 T cells,Cytotoxic T cells,True
pbmc3k_CAAGAAGACGTCTC-1,PBMC3k,Donor 1,Classical monocytes,Classical monocytes,True
pbmc3k_CAAGAAGATTCTAC-1,PBMC3k,Donor 1,Naive/resting T cells,Non-cytotoxic T cells,True
pbmc3k_CAAGACTGACCTGA-1,PBMC3k,Donor 1,B cells,B cells,True
pbmc3k_CAAGACTGAGTAGA-1,PBMC3k,Donor 1,B cells,B cells,True
pbmc3k_CAAGCTGACCATAG-1,PBMC3k,Donor 1,CD16+ non-classical monocytes,CD16+ non-classical monocytes,True
pbmc3k_CAAGCTGATCTATC-1,PBMC3k,Donor 1,Cytotoxic CD8 T cells,Cytotoxic T cells,True
pbmc3k_CAAGGACTGTTCAG-1,PBMC3k,Donor 1,Naive/resting T cells,Non-cytotoxic T cells,True
pbmc3k_CAAGGACTTCTTTG-1,PBMC3k,Donor 1,Cytotoxic CD8 T cells,Cytotoxic T cells,True
pbmc3k_CAAGGTTGCTCCAC-1,PBMC3k,Donor 1,IL7R+ memory/helper T cells,Non-cytotoxic T cells,True
pbmc3k_CAAGGTTGTCATTC-1,PBMC3k,Donor 1,B cells,B cells,True
pbmc3k_CAAGGTTGTCTGGA-1,PBMC3k,Donor 1,NK cells,NK cells,True
pbmc3k_CAAGTCGAAACAGA-1,PBMC3k,Donor 1,B cells,B cells,True
pbmc3k_CAAGTCGATAGCGT-1,PBMC3k,Donor 1,Classical monocytes,Classical monocytes,True
pbmc3k_CAATAAACGCCATA-1,PBMC3k,Donor 1,Classical monocytes,Classical monocytes,True
pbmc3k_CAATAATGAACTGC-1,PBMC3k,Donor 1,Classical monocytes,Classical monocytes,True
pbmc3k_CAATATGACATGGT-1,PBMC3k,Donor 1,IL7R+ memory/helper T cells,Non-cytotoxic T cells,True
pbmc3k_CAATATGACCTTCG-1,PBMC3k,Donor 1,Cytotoxic CD8 T cells,Cytotoxic T cells,True
pbmc3k_CAATATGACGTTAG-1,PBMC3k,Donor 1,Naive/resting T cells,Non-cytotoxic T cells,True
pbmc3k_CAATATGAGGAGCA-1,PBMC3k,Donor 1,IL7R+ memory/helper T cells,Non-cytotoxic T cells,True
pbmc3k_CAATCGGAGAAACA-1,PBMC3k,Donor 1,IL7R+ memory/helper T cells,Non-cytotoxic T cells,True
pbmc3k_CAATCTACTGACTG-1,PBMC3k,Donor 1,NK cells,NK cells,True
pbmc3k_CAATTCACCCAACA-1,PBMC3k,Donor 1,Cytotoxic CD8 T cells,Cytotoxic T cells,True
pbmc3k_CAATTCACGATAGA-1,PBMC3k,Donor 1,IL7R+ memory/helper T cells,Non-cytotoxic T cells,True
pbmc3k_CAATTCACTTGTGG-1,PBMC3k,Donor 1,Activated/transitional T cells,Cytotoxic T cells,True
pbmc3k_CAATTCTGCTTGTT-1,PBMC3k,Donor 1,Classical monocytes,Classical monocytes,True
pbmc3k_CAATTCTGGCGTAT-1,PBMC3k,Donor 1,CD16+ non-classical monocytes,CD16+ non-classical monocytes,True
pbmc3k_CACAACGATACGAC-1,PBMC3k,Donor 1,Naive/resting T cells,Non-cytotoxic T cells,True
pbmc3k_CACAATCTTGTTCT-1,PBMC3k,Donor 1,Cytotoxic CD8 T cells,Cytotoxic T cells,True
pbmc3k_CACAATCTTTCCAT-1,PBMC3k,Donor 1,IL7R+ memory/helper T cells,Non-cytotoxic T cells,True
pbmc3k_CACACCTGCTTGAG-1,PBMC3k,Donor 1,Naive/resting T cells,Non-cytotoxic T cells,True
pbmc3k_CACACCTGTATGGC-1,PBMC3k,Donor 1,Naive/resting T cells,Non-cytotoxic T cells,True
pbmc3k_CACAGAACCCTTGC-1,PBMC3k,Donor 1,B cells,B cells,True
pbmc3k_CACAGAACCTGATG-1,PBMC3k,Donor 1,IL7R+ memory/helper T cells,Non-cytotoxic T cells,True
pbmc3k_CACAGATGGGATTC-1,PBMC3k,Donor 1,IL7R+ memory/helper T cells,Non-cytotoxic T cells,True
pbmc3k_CACAGATGGTTTCT-1,PBMC3k,Donor 1,Classical monocytes,Classical monocytes,True
pbmc3k_CACAGCCTGATACC-1,PBMC3k,Donor 1,Cytotoxic CD8 T cells,Cytotoxic T cells,True
pbmc3k_CACAGCCTTGCCAA-1,PBMC3k,Donor 1,CD16+ non-classical monocytes,CD16+ non-classical monocytes,True
pbmc3k_CACAGCCTTGTAGC-1,PBMC3k,Donor 1,IL7R+ memory/helper T cells,Non-cytotoxic T cells,True
pbmc3k_CACAGTGATGAAGA-1,PBMC3k,Donor 1,Classical monocytes,Classical monocytes,True
pbmc3k_CACATACTACAGCT-1,PBMC3k,Donor 1,Cytotoxic CD8 T cells,Cytotoxic T cells,True
pbmc3k_CACATGGAACACGT-1,PBMC3k,Donor 1,IL7R+ memory/helper T cells,Non-cytotoxic T cells,True
pbmc3k_CACATGGAAGTCGT-1,PBMC3k,Donor 1,Naive/resting T cells,Non-cytotoxic T cells,True
pbmc3k_CACCACTGCCAACA-1,PBMC3k,Donor 1,Naive/resting T cells,Non-cytotoxic T cells,True
pbmc3k_CACCACTGGCGAAG-1,PBMC3k,Donor 1,Cytotoxic CD8 T cells,Cytotoxic T cells,True
pbmc3k_CACCCATGTTCTGT-1,PBMC3k,Donor 1,Activated/transitional T cells,Cytotoxic T cells,True
pbmc3k_CACCGGGAATCGAC-1,PBMC3k,Donor 1,IL7R+ memory/helper T cells,Non-cytotoxic T cells,True
pbmc3k_CACCGGGACGAGAG-1,PBMC3k,Donor 1,Cytotoxic CD8 T cells,Cytotoxic T cells,True
pbmc3k_CACCGGGACGTGTA-1,PBMC3k,Donor 1,Naive/resting T cells,Non-cytotoxic T cells,True
pbmc3k_CACCGGGACTTCTA-1,PBMC3k,Donor 1,IL7R+ memory/helper T cells,Non-cytotoxic T cells,True
pbmc3k_CACCGGGACTTGCC-1,PBMC3k,Donor 1,Cytotoxic CD8 T cells,Cytotoxic T cells,True
pbmc3k_CACCGGGATTCGGA-1,PBMC3k,Donor 1,Cytotoxic CD8 T cells,Cytotoxic T cells,True
pbmc3k_CACCGTACTAAGGA-1,PBMC3k,Donor 1,B cells,B cells,True
pbmc3k_CACCGTACTAGCGT-1,PBMC3k,Donor 1,Naive/resting T cells,Non-cytotoxic T cells,True
pbmc3k_CACCTGACACCCAA-1,PBMC3k,Donor 1,Cytotoxic CD8 T cells,Cytotoxic T cells,True
pbmc3k_CACCTGACCAGAAA-1,PBMC3k,Donor 1,IL7R+ memory/helper T cells,Non-cytotoxic T cells,True
pbmc3k_CACCTGACCTCAAG-1,PBMC3k,Donor 1,Cytotoxic CD8 T cells,Cytotoxic T cells,True
pbmc3k_CACCTGACGAAAGT-1,PBMC3k,Donor 1,B cells,B cells,True
pbmc3k_CACCTGACTCGTAG-1,PBMC3k,Donor 1,IL7R+ memory/helper T cells,Non-cytotoxic T cells,True
pbmc3k_CACGAAACTTCCGC-1,PBMC3k,Donor 1,B cells,B cells,True
pbmc3k_CACGACCTCGATAC-1,PBMC3k,Donor 1,B cells,B cells,True
pbmc3k_CACGCTACAGAAGT-1,PBMC3k,Donor 1,Activated/transitional T cells,Cytotoxic T cells,True
pbmc3k_CACGCTACTGTTCT-1,PBMC3k,Donor 1,B cells,B cells,True
pbmc3k_CACGGGACAGAGTA-1,PBMC3k,Donor 1,Naive/resting T cells,Non-cytotoxic T cells,True
pbmc3k_CACGGGACATAAGG-1,PBMC3k,Donor 1,Naive/resting T cells,Non-cytotoxic T cells,True
pbmc3k_CACGGGACGTAGGG-1,PBMC3k,Donor 1,IL7R+ memory/helper T cells,Non-cytotoxic T cells,True
pbmc3k_CACGGGTGCTTCGC-1,PBMC3k,Donor 1,Cytotoxic CD8 T cells,Cytotoxic T cells,True
pbmc3k_CACGGGTGGAGGAC-1,PBMC3k,Donor 1,Cytotoxic CD8 T cells,Cytotoxic T cells,True
pbmc3k_CACGGGTGTGTTTC-1,PBMC3k,Donor 1,Activated/transitional T cells,Cytotoxic T cells,True
pbmc3k_CACTAACTCCTAAG-1,PBMC3k,Donor 1,B cells,B cells,True
pbmc3k_CACTAACTGAAAGT-1,PBMC3k,Donor 1,Naive/resting T cells,Non-cytotoxic T cells,True
pbmc3k_CACTAGGATGATGC-1,PBMC3k,Donor 1,B cells,B cells,True
pbmc3k_CACTATACCCCGTT-1,PBMC3k,Donor 1,B cells,B cells,True
pbmc3k_CACTATACGTTTGG-1,PBMC3k,Donor 1,Cytotoxic CD8 T cells,Cytotoxic T cells,True
pbmc3k_CACTGAGACAGTCA-1,PBMC3k,Donor 1,Classical monocytes,Classical monocytes,True
pbmc3k_CACTGCACTTCATC-1,PBMC3k,Donor 1,IL7R+ memory/helper T cells,Non-cytotoxic T cells,True
pbmc3k_CACTGCTGAGACTC-1,PBMC3k,Donor 1,CD16+ non-classical monocytes,CD16+ non-classical monocytes,True
pbmc3k_CACTGCTGGAAAGT-1,PBMC3k,Donor 1,IL7R+ memory/helper T cells,Non-cytotoxic T cells,True
pbmc3k_CACTTAACCGAATC-1,PBMC3k,Donor 1,IL7R+ memory/helper T cells,Non-cytotoxic T cells,True
pbmc3k_CACTTAACCGTACA-1,PBMC3k,Donor 1,B cells,B cells,True
pbmc3k_CACTTTGACTCTAT-1,PBMC3k,Donor 1,Cytotoxic CD8 T cells,Cytotoxic T cells,True
pbmc3k_CACTTTGAGCTGTA-1,PBMC3k,Donor 1,Activated/transitional T cells,Cytotoxic T cells,True
pbmc3k_CAGAAGCTCTCAAG-1,PBMC3k,Donor 1,Naive/resting T cells,Non-cytotoxic T cells,True
pbmc3k_CAGACATGAACGGG-1,PBMC3k,Donor 1,Naive/resting T cells,Non-cytotoxic T cells,True
pbmc3k_CAGACATGTCGACA-1,PBMC3k,Donor 1,IL7R+ memory/helper T cells,Non-cytotoxic T cells,True
pbmc3k_CAGACCCTAAGGTA-1,PBMC3k,Donor 1,CD16+ non-classical monocytes,CD16+ non-classical monocytes,True
pbmc3k_CAGACCCTAATGCC-1,PBMC3k,Donor 1,IL7R+ memory/helper T cells,Non-cytotoxic T cells,True
pbmc3k_CAGACCCTAGGAGC-1,PBMC3k,Donor 1,Naive/resting T cells,Non-cytotoxic T cells,True
pbmc3k_CAGACTGAGTATGC-1,PBMC3k,Donor 1,Naive/resting T cells,Non-cytotoxic T cells,True
pbmc3k_CAGATCGAATGTCG-1,PBMC3k,Donor 1,B cells,B cells,True
pbmc3k_CAGATCGACCTGAA-1,PBMC3k,Donor 1,Activated/transitional T cells,Cytotoxic T cells,True
pbmc3k_CAGATCGATATGGC-1,PBMC3k,Donor 1,Naive/resting T cells,Non-cytotoxic T cells,True
pbmc3k_CAGATGACATTCTC-1,PBMC3k,Donor 1,NK cells,NK cells,True
pbmc3k_CAGCAATGCCTTCG-1,PBMC3k,Donor 1,Naive/resting T cells,Non-cytotoxic T cells,True
pbmc3k_CAGCAATGGAGGGT-1,PBMC3k,Donor 1,NK cells,NK cells,True
pbmc3k_CAGCAATGGTGCTA-1,PBMC3k,Donor 1,IL7R+ memory/helper T cells,Non-cytotoxic T cells,True
pbmc3k_CAGCAATGTCTACT-1,PBMC3k,Donor 1,Classical monocytes,Classical monocytes,True
pbmc3k_CAGCAATGTGACCA-1,PBMC3k,Donor 1,IL7R+ memory/helper T cells,Non-cytotoxic T cells,True
pbmc3k_CAGCAATGTGAGGG-1,PBMC3k,Donor 1,Classical monocytes,Classical monocytes,True
pbmc3k_CAGCACCTAAGCCT-1,PBMC3k,Donor 1,Naive/resting T cells,Non-cytotoxic T cells,True
pbmc3k_CAGCACCTAGGCGA-1,PBMC3k,Donor 1,Activated/transitional T cells,Cytotoxic T cells,True
pbmc3k_CAGCACCTGTAGGG-1,PBMC3k,Donor 1,Classical monocytes,Classical monocytes,True
pbmc3k_CAGCATGACAACCA-1,PBMC3k,Donor 1,Classical monocytes,Classical monocytes,True
pbmc3k_CAGCATGAGACGTT-1,PBMC3k,Donor 1,Cytotoxic CD8 T cells,Cytotoxic T cells,True
pbmc3k_CAGCCTACCCAACA-1,PBMC3k,Donor 1,IL7R+ memory/helper T cells,Non-cytotoxic T cells,True
pbmc3k_CAGCCTTGCTACCC-1,PBMC3k,Donor 1,Classical monocytes,Classical monocytes,True
pbmc3k_CAGCCTTGGGGACA-1,PBMC3k,Donor 1,IL7R+ memory/helper T cells,Non-cytotoxic T cells,True
pbmc3k_CAGCGGACACCCTC-1,PBMC3k,Donor 1,Naive/resting T cells,Non-cytotoxic T cells,True
pbmc3k_CAGCGGACCTTTAC-1,PBMC3k,Donor 1,NK cells,NK cells,True
pbmc3k_CAGCGTCTAAAGCA-1,PBMC3k,Donor 1,IL7R+ memory/helper T cells,Non-cytotoxic T cells,True
pbmc3k_CAGCGTCTTATCGG-1,PBMC3k,Donor 1,IL7R+ memory/helper T cells,Non-cytotoxic T cells,True
pbmc3k_CAGCTAGATGTGAC-1,PBMC3k,Donor 1,Classical monocytes,Classical monocytes,True
pbmc3k_CAGCTCTGAGGCGA-1,PBMC3k,Donor 1,IL7R+ memory/helper T cells,Non-cytotoxic T cells,True
pbmc3k_CAGCTCTGCAAGCT-1,PBMC3k,Donor 1,Cytotoxic CD8 T cells,Cytotoxic T cells,True
pbmc3k_CAGCTCTGTCGTAG-1,PBMC3k,Donor 1,Classical monocytes,Classical monocytes,True
pbmc3k_CAGCTCTGTGTGGT-1,PBMC3k,Donor 1,NK cells,NK cells,True
pbmc3k_CAGGAACTAACTGC-1,PBMC3k,Donor 1,Cytotoxic CD8 T cells,Cytotoxic T cells,True
pbmc3k_CAGGAACTCTCAGA-1,PBMC3k,Donor 1,Classical monocytes,Classical monocytes,True
pbmc3k_CAGGCCGAACACCA-1,PBMC3k,Donor 1,Naive/resting T cells,Non-cytotoxic T cells,True
pbmc3k_CAGGCCGAACACGT-1,PBMC3k,Donor 1,IL7R+ memory/helper T cells,Non-cytotoxic T cells,True
pbmc3k_CAGGCCGAACGACT-1,PBMC3k,Donor 1,Activated/transitional T cells,Cytotoxic T cells,True
pbmc3k_CAGGCCGAATCTCT-1,PBMC3k,Donor 1,CD16+ non-classical monocytes,CD16+ non-classical monocytes,True
pbmc3k_CAGGCCGACTAGCA-1,PBMC3k,Donor 1,B cells,B cells,True
pbmc3k_CAGGGCACCATACG-1,PBMC3k,Donor 1,B cells,B cells,True
pbmc3k_CAGGGCACCCAACA-1,PBMC3k,Donor 1,Naive/resting T cells,Non-cytotoxic T cells,True
pbmc3k_CAGGGCACTCCCGT-1,PBMC3k,Donor 1,IL7R+ memory/helper T cells,Non-cytotoxic T cells,True
pbmc3k_CAGGTAACAGACTC-1,PBMC3k,Donor 1,Classical monocytes,Classical monocytes,True
pbmc3k_CAGGTATGAGTCGT-1,PBMC3k,Donor 1,IL7R+ memory/helper T cells,Non-cytotoxic T cells,True
pbmc3k_CAGGTATGTGCTTT-1,PBMC3k,Donor 1,IL7R+ memory/helper T cells,Non-cytotoxic T cells,True
pbmc3k_CAGGTTGAGGATCT-1,PBMC3k,Donor 1,B cells,B cells,True
pbmc3k_CAGTGATGGACGGA-1,PBMC3k,Donor 1,B cells,B cells,True
pbmc3k_CAGTGATGGCTAAC-1,PBMC3k,Donor 1,Cytotoxic CD8 T cells,Cytotoxic T cells,True
pbmc3k_CAGTGATGGGACAG-1,PBMC3k,Donor 1,IL7R+ memory/helper T cells,Non-cytotoxic T cells,True
pbmc3k_CAGTGATGTAAGGA-1,PBMC3k,Donor 1,B cells,B cells,True
pbmc3k_CAGTGATGTACGCA-1,PBMC3k,Donor 1,B cells,B cells,True
pbmc3k_CAGTGTGATGTCAG-1,PBMC3k,Donor 1,Naive/resting T cells,Non-cytotoxic T cells,True
pbmc3k_CAGTTACTAAGGTA-1,PBMC3k,Donor 1,B cells,B cells,True
pbmc3k_CAGTTACTGATAGA-1,PBMC3k,Donor 1,IL7R+ memory/helper T cells,Non-cytotoxic T cells,True
pbmc3k_CAGTTGGAAAGAGT-1,PBMC3k,Donor 1,Classical monocytes,Classical monocytes,True
pbmc3k_CAGTTGGACATACG-1,PBMC3k,Donor 1,Naive/resting T cells,Non-cytotoxic T cells,True
pbmc3k_CAGTTTACACACGT-1,PBMC3k,Donor 1,NK cells,NK cells,True
pbmc3k_CAGTTTACCCCAAA-1,PBMC3k,Donor 1,Naive/resting T cells,Non-cytotoxic T cells,True
pbmc3k_CATAAAACGGAGCA-1,PBMC3k,Donor 1,Classical monocytes,Classical monocytes,True
pbmc3k_CATAAATGAACTGC-1,PBMC3k,Donor 1,Naive/resting T cells,Non-cytotoxic T cells,True
pbmc3k_CATAACCTTCTCCG-1,PBMC3k,Donor 1,IL7R+ memory/helper T cells,Non-cytotoxic T cells,True
pbmc3k_CATACTACCTCGAA-1,PBMC3k,Donor 1,Naive/resting T cells,Non-cytotoxic T cells,True
pbmc3k_CATACTACCTGAAC-1,PBMC3k,Donor 1,Naive/resting T cells,Non-cytotoxic T cells,True
pbmc3k_CATACTACGTACCA-1,PBMC3k,Donor 1,Classical monocytes,Classical monocytes,True
pbmc3k_CATACTTGGGTTAC-1,PBMC3k,Donor 1,CD16+ non-classical monocytes,CD16+ non-classical monocytes,True
pbmc3k_CATAGTCTAATCGC-1,PBMC3k,Donor 1,IL7R+ memory/helper T cells,Non-cytotoxic T cells,True
pbmc3k_CATAGTCTCACTTT-1,PBMC3k,Donor 1,IL7R+ memory/helper T cells,Non-cytotoxic T cells,True
pbmc3k_CATATAGACTAAGC-1,PBMC3k,Donor 1,Classical monocytes,Classical monocytes,True
pbmc3k_CATATAGATCAGGT-1,PBMC3k,Donor 1,B cells,B cells,True
pbmc3k_CATCAACTAGAAGT-1,PBMC3k,Donor 1,IL7R+ memory/helper T cells,Non-cytotoxic T cells,True
pbmc3k_CATCAACTCCCTCA-1,PBMC3k,Donor 1,IL7R+ memory/helper T cells,Non-cytotoxic T cells,True
pbmc3k_CATCAGGACTTCCG-1,PBMC3k,Donor 1,NK cells,NK cells,True
pbmc3k_CATCAGGATAGCCA-1,PBMC3k,Donor 1,NK cells,NK cells,True
pbmc3k_CATCAGGATCCTAT-1,PBMC3k,Donor 1,CD16+ non-classical monocytes,CD16+ non-classical monocytes,True
pbmc3k_CATCAGGATGCACA-1,PBMC3k,Donor 1,Classical monocytes,Classical monocytes,True
pbmc3k_CATCAGGATTTCGT-1,PBMC3k,Donor 1,Classical monocytes,Classical monocytes,True
pbmc3k_CATCATACCGCATA-1,PBMC3k,Donor 1,Classical monocytes,Classical monocytes,True
pbmc3k_CATCATACGGAGCA-1,PBMC3k,Donor 1,B cells,B cells,True
pbmc3k_CATCATACTCAAGC-1,PBMC3k,Donor 1,Naive/resting T cells,Non-cytotoxic T cells,True
pbmc3k_CATCGCTGGGATCT-1,PBMC3k,Donor 1,IL7R+ memory/helper T cells,Non-cytotoxic T cells,True
pbmc3k_CATCGCTGTGGCAT-1,PBMC3k,Donor 1,B cells,B cells,True
pbmc3k_CATCGGCTATGCTG-1,PBMC3k,Donor 1,IL7R+ memory/helper T cells,Non-cytotoxic T cells,True
pbmc3k_CATCGGCTTTGGCA-1,PBMC3k,Donor 1,IL7R+ memory/helper T cells,Non-cytotoxic T cells,True
pbmc3k_CATCTCCTATGTGC-1,PBMC3k,Donor 1,B cells,B cells,True
pbmc3k_CATCTCCTCGAACT-1,PBMC3k,Donor 1,Classical monocytes,Classical monocytes,True
pbmc3k_CATGAGACACGGGA-1,PBMC3k,Donor 1,B cells,B cells,True
pbmc3k_CATGAGACGTTGAC-1,PBMC3k,Donor 1,NK cells,NK cells,True
pbmc3k_CATGAGACTCGCCT-1,PBMC3k,Donor 1,Activated/transitional T cells,Cytotoxic T cells,True
pbmc3k_CATGCCACGGGTGA-1,PBMC3k,Donor 1,Naive/resting T cells,Non-cytotoxic T cells,True
pbmc3k_CATGCCACTGCCAA-1,PBMC3k,Donor 1,IL7R+ memory/helper T cells,Non-cytotoxic T cells,True
pbmc3k_CATGCGCTAGTCAC-1,PBMC3k,Donor 1,CD16+ non-classical monocytes,CD16+ non-classical monocytes,True
pbmc3k_CATGCGCTCAGATC-1,PBMC3k,Donor 1,Classical monocytes,Classical monocytes,True
pbmc3k_CATGCGCTTTGCAG-1,PBMC3k,Donor 1,CD16+ non-classical monocytes,CD16+ non-classical monocytes,True
pbmc3k_CATGGCCTAGGGTG-1,PBMC3k,Donor 1,Classical monocytes,Classical monocytes,True
pbmc3k_CATGGCCTGTGCAT-1,PBMC3k,Donor 1,Naive/resting T cells,Non-cytotoxic T cells,True
pbmc3k_CATGTACTATCGTG-1,PBMC3k,Donor 1,Cytotoxic CD8 T cells,Cytotoxic T cells,True
pbmc3k_CATGTTACAGTCGT-1,PBMC3k,Donor 1,Cytotoxic CD8 T cells,Cytotoxic T cells,True
pbmc3k_CATGTTACCTGAGT-1,PBMC3k,Donor 1,Naive/resting T cells,Non-cytotoxic T cells,True
pbmc3k_CATGTTTGGGGATG-1,PBMC3k,Donor 1,Classical monocytes,Classical monocytes,True
pbmc3k_CATTACACACGGAG-1,PBMC3k,Donor 1,B cells,B cells,True
pbmc3k_CATTACACCAACTG-1,PBMC3k,Donor 1,NK cells,NK cells,True
pbmc3k_CATTACACGGAGTG-1,PBMC3k,Donor 1,IL7R+ memory/helper T cells,Non-cytotoxic T cells,True
pbmc3k_CATTACACTACTCT-1,PBMC3k,Donor 1,Naive/resting T cells,Non-cytotoxic T cells,True
pbmc3k_CATTAGCTCCACAA-1,PBMC3k,Donor 1,Classical monocytes,Classical monocytes,True
pbmc3k_CATTGACTAGCGGA-1,PBMC3k,Donor 1,Classical monocytes,Classical monocytes,True
pbmc3k_CATTGGGACTCGAA-1,PBMC3k,Donor 1,IL7R+ memory/helper T cells,Non-cytotoxic T cells,True
pbmc3k_CATTGTACAGCGTT-1,PBMC3k,Donor 1,Naive/resting T cells,Non-cytotoxic T cells,True
pbmc3k_CATTGTACTCGATG-1,PBMC3k,Donor 1,B cells,B cells,True
pbmc3k_CATTGTACTTATCC-1,PBMC3k,Donor 1,Naive/resting T cells,Non-cytotoxic T cells,True
pbmc3k_CATTGTACTTTGCT-1,PBMC3k,Donor 1,CD16+ non-classical monocytes,CD16+ non-classical monocytes,True
pbmc3k_CATTGTTGCTAGTG-1,PBMC3k,Donor 1,Naive/resting T cells,Non-cytotoxic T cells,True
pbmc3k_CATTTCGACTCTAT-1,PBMC3k,Donor 1,Cytotoxic CD8 T cells,Cytotoxic T cells,True
pbmc3k_CATTTCGAGATACC-1,PBMC3k,Donor 1,NK cells,NK cells,True
pbmc3k_CATTTGACCACACA-1,PBMC3k,Donor 1,Cytotoxic CD8 T cells,Cytotoxic T cells,True
pbmc3k_CATTTGACCCTGAA-1,PBMC3k,Donor 1,Cytotoxic CD8 T cells,Cytotoxic T cells,True
pbmc3k_CATTTGTGACGACT-1,PBMC3k,Donor 1,B cells,B cells,True
pbmc3k_CATTTGTGCATTGG-1,PBMC3k,Donor 1,Naive/resting T cells,Non-cytotoxic T cells,True
pbmc3k_CATTTGTGCGGAGA-1,PBMC3k,Donor 1,Naive/resting T cells,Non-cytotoxic T cells,True
pbmc3k_CATTTGTGGGATCT-1,PBMC3k,Donor 1,B cells,B cells,True
pbmc3k_CCAAAGTGCTACGA-1,PBMC3k,Donor 1,Classical monocytes,Classical monocytes,True
pbmc3k_CCAAAGTGTGAGAA-1,PBMC3k,Donor 1,Classical monocytes,Classical monocytes,True
pbmc3k_CCAACCTGAAGTAG-1,PBMC3k,Donor 1,Cytotoxic CD8 T cells,Cytotoxic T cells,True
pbmc3k_CCAACCTGACGTAC-1,PBMC3k,Donor 1,Classical monocytes,Classical monocytes,True
pbmc3k_CCAACCTGTTCGCC-1,PBMC3k,Donor 1,Classical monocytes,Classical monocytes,True
pbmc3k_CCAAGAACCCAATG-1,PBMC3k,Donor 1,IL7R+ memory/helper T cells,Non-cytotoxic T cells,True
pbmc3k_CCAAGAACGTAGCT-1,PBMC3k,Donor 1,IL7R+ memory/helper T cells,Non-cytotoxic T cells,True
pbmc3k_CCAAGAACGTGTCA-1,PBMC3k,Donor 1,IL7R+ memory/helper T cells,Non-cytotoxic T cells,True
pbmc3k_CCAAGAACTACTGG-1,PBMC3k,Donor 1,Cytotoxic CD8 T cells,Cytotoxic T cells,True
pbmc3k_CCAAGAACTCCTAT-1,PBMC3k,Donor 1,B cells,B cells,True
pbmc3k_CCAAGATGTCATTC-1,PBMC3k,Donor 1,Activated/transitional T cells,Cytotoxic T cells,True
pbmc3k_CCAAGATGTTTCAC-1,PBMC3k,Donor 1,IL7R+ memory/helper T cells,Non-cytotoxic T cells,True
pbmc3k_CCAAGTGAGGAACG-1,PBMC3k,Donor 1,Naive/resting T cells,Non-cytotoxic T cells,True
pbmc3k_CCAAGTGATCAAGC-1,PBMC3k,Donor 1,IL7R+ memory/helper T cells,Non-cytotoxic T cells,True
pbmc3k_CCAATTTGAACGTC-1,PBMC3k,Donor 1,Classical monocytes,Classical monocytes,True
pbmc3k_CCACCATGAACGTC-1,PBMC3k,Donor 1,Naive/resting T cells,Non-cytotoxic T cells,True
pbmc3k_CCACCATGATCGGT-1,PBMC3k,Donor 1,Naive/resting T cells,Non-cytotoxic T cells,True
pbmc3k_CCACCATGGACGAG-1,PBMC3k,Donor 1,CD16+ non-classical monocytes,CD16+ non-classical monocytes,True
pbmc3k_CCACCATGGGGAGT-1,PBMC3k,Donor 1,Naive/resting T cells,Non-cytotoxic T cells,True
pbmc3k_CCACCATGTCCTGC-1,PBMC3k,Donor 1,Cytotoxic CD8 T cells,Cytotoxic T cells,True
pbmc3k_CCACTGACCCGCTT-1,PBMC3k,Donor 1,Classical monocytes,Classical monocytes,True
pbmc3k_CCACTGTGGGAAGC-1,PBMC3k,Donor 1,Classical monocytes,Classical monocytes,True
pbmc3k_CCACTGTGTGTAGC-1,PBMC3k,Donor 1,IL7R+ memory/helper T cells,Non-cytotoxic T cells,True
pbmc3k_CCACTTCTCGGGAA-1,PBMC3k,Donor 1,Classical monocytes,Classical monocytes,True
pbmc3k_CCAGAAACCCTGTC-1,PBMC3k,Donor 1,B cells,B cells,True
pbmc3k_CCAGAAACGAACTC-1,PBMC3k,Donor 1,IL7R+ memory/helper T cells,Non-cytotoxic T cells,True
pbmc3k_CCAGAAACGGTCTA-1,PBMC3k,Donor 1,Naive/resting T cells,Non-cytotoxic T cells,True
pbmc3k_CCAGACCTCTGAGT-1,PBMC3k,Donor 1,Classical monocytes,Classical monocytes,True
pbmc3k_CCAGACCTTGTGGT-1,PBMC3k,Donor 1,Activated/transitional T cells,Cytotoxic T cells,True
pbmc3k_CCAGCACTGCGATT-1,PBMC3k,Donor 1,CD16+ non-classical monocytes,CD16+ non-classical monocytes,True
pbmc3k_CCAGCGGAAAGGCG-1,PBMC3k,Donor 1,Classical monocytes,Classical monocytes,True
pbmc3k_CCAGCGGACGACTA-1,PBMC3k,Donor 1,Classical monocytes,Classical monocytes,True
pbmc3k_CCAGCGGATGGGAG-1,PBMC3k,Donor 1,IL7R+ memory/helper T cells,Non-cytotoxic T cells,True
pbmc3k_CCAGCTACACAGTC-1,PBMC3k,Donor 1,IL7R+ memory/helper T cells,Non-cytotoxic T cells,True
pbmc3k_CCAGCTACCAGCTA-1,PBMC3k,Donor 1,B cells,B cells,True
pbmc3k_CCAGGTCTACACCA-1,PBMC3k,Donor 1,B cells,B cells,True
pbmc3k_CCAGGTCTAGCATC-1,PBMC3k,Donor 1,Classical monocytes,Classical monocytes,True
pbmc3k_CCAGGTCTATGGTC-1,PBMC3k,Donor 1,IL7R+ memory/helper T cells,Non-cytotoxic T cells,True
pbmc3k_CCAGTCACACTGGT-1,PBMC3k,Donor 1,Classical monocytes,Classical monocytes,True
pbmc3k_CCAGTCACACTGTG-1,PBMC3k,Donor 1,B cells,B cells,True
pbmc3k_CCAGTCACGTTGTG-1,PBMC3k,Donor 1,Naive/resting T cells,Non-cytotoxic T cells,True
pbmc3k_CCAGTGCTAACCAC-1,PBMC3k,Donor 1,IL7R+ memory/helper T cells,Non-cytotoxic T cells,True
pbmc3k_CCAGTGCTCGTAGT-1,PBMC3k,Donor 1,IL7R+ memory/helper T cells,Non-cytotoxic T cells,True
pbmc3k_CCATCCGAAAGCAA-1,PBMC3k,Donor 1,IL7R+ memory/helper T cells,Non-cytotoxic T cells,True
pbmc3k_CCATCCGAACGACT-1,PBMC3k,Donor 1,Activated/transitional T cells,Cytotoxic T cells,True
pbmc3k_CCATCCGAAGGTTC-1,PBMC3k,Donor 1,B cells,B cells,True
pbmc3k_CCATCCGATTCGCC-1,PBMC3k,Donor 1,Classical monocytes,Classical monocytes,True
pbmc3k_CCATCGTGAACGGG-1,PBMC3k,Donor 1,IL7R+ memory/helper T cells,Non-cytotoxic T cells,True
pbmc3k_CCATCGTGCTAGAC-1,PBMC3k,Donor 1,CD16+ non-classical monocytes,CD16+ non-classical monocytes,True
pbmc3k_CCCAACACCTCGCT-1,PBMC3k,Donor 1,B cells,B cells,True
pbmc3k_CCCAACACGCATCA-1,PBMC3k,Donor 1,Naive/resting T cells,Non-cytotoxic T cells,True
pbmc3k_CCCAACACTTTGTC-1,PBMC3k,Donor 1,Classical monocytes,Classical monocytes,True
pbmc3k_CCCAACTGCAATCG-1,PBMC3k,Donor 1,Classical monocytes,Classical monocytes,True
pbmc3k_CCCAGACTGCCTTC-1,PBMC3k,Donor 1,CD16+ non-classical monocytes,CD16+ non-classical monocytes,True
pbmc3k_CCCAGACTGGTTTG-1,PBMC3k,Donor 1,B cells,B cells,True
pbmc3k_CCCAGACTTTCGCC-1,PBMC3k,Donor 1,CD16+ non-classical monocytes,CD16+ non-classical monocytes,True
pbmc3k_CCCAGTTGCAGTTG-1,PBMC3k,Donor 1,Classical monocytes,Classical monocytes,True
pbmc3k_CCCAGTTGGGTACT-1,PBMC3k,Donor 1,Cytotoxic CD8 T cells,Cytotoxic T cells,True
pbmc3k_CCCAGTTGTCTATC-1,PBMC3k,Donor 1,B cells,B cells,True
pbmc3k_CCCGATTGTGTTTC-1,PBMC3k,Donor 1,IL7R+ memory/helper T cells,Non-cytotoxic T cells,True
pbmc3k_CCCGGAGAAGGGTG-1,PBMC3k,Donor 1,Classical monocytes,Classical monocytes,True
pbmc3k_CCCTACGAATTGGC-1,PBMC3k,Donor 1,Classical monocytes,Classical monocytes,True
pbmc3k_CCCTAGTGCAAAGA-1,PBMC3k,Donor 1,IL7R+ memory/helper T cells,Non-cytotoxic T cells,True
pbmc3k_CCCTCAGACACTTT-1,PBMC3k,Donor 1,B cells,B cells,True
pbmc3k_CCCTCAGACGAGAG-1,PBMC3k,Donor 1,IL7R+ memory/helper T cells,Non-cytotoxic T cells,True
pbmc3k_CCCTCAGAGGTCAT-1,PBMC3k,Donor 1,Naive/resting T cells,Non-cytotoxic T cells,True
pbmc3k_CCCTGAACTAAAGG-1,PBMC3k,Donor 1,B cells,B cells,True
pbmc3k_CCCTGATGCAACCA-1,PBMC3k,Donor 1,Naive/resting T cells,Non-cytotoxic T cells,True
pbmc3k_CCCTGATGCAAGCT-1,PBMC3k,Donor 1,B cells,B cells,True
pbmc3k_CCCTTACTAACCAC-1,PBMC3k,Donor 1,Classical monocytes,Classical monocytes,True
pbmc3k_CCCTTACTGCAGTT-1,PBMC3k,Donor 1,Activated/transitional T cells,Cytotoxic T cells,True
pbmc3k_CCGAAAACCTTGTT-1,PBMC3k,Donor 1,CD16+ non-classical monocytes,CD16+ non-classical monocytes,True
pbmc3k_CCGACACTGGTTTG-1,PBMC3k,Donor 1,IL7R+ memory/helper T cells,Non-cytotoxic T cells,True
pbmc3k_CCGACTACCCAGTA-1,PBMC3k,Donor 1,Classical monocytes,Classical monocytes,True
pbmc3k_CCGACTACCGTGTA-1,PBMC3k,Donor 1,Naive/resting T cells,Non-cytotoxic T cells,True
pbmc3k_CCGACTACTGAGGG-1,PBMC3k,Donor 1,Cytotoxic CD8 T cells,Cytotoxic T cells,True
pbmc3k_CCGATAGACCTAAG-1,PBMC3k,Donor 1,Naive/resting T cells,Non-cytotoxic T cells,True
pbmc3k_CCGATAGAGTTGGT-1,PBMC3k,Donor 1,Classical monocytes,Classical monocytes,True
pbmc3k_CCGCGAGACACACA-1,PBMC3k,Donor 1,Classical monocytes,Classical monocytes,True
pbmc3k_CCGCGAGAGGTTCA-1,PBMC3k,Donor 1,Cytotoxic CD8 T cells,Cytotoxic T cells,True
pbmc3k_CCGCTATGGGACGA-1,PBMC3k,Donor 1,B cells,B cells,True
pbmc3k_CCGCTATGTGCAAC-1,PBMC3k,Donor 1,Classical monocytes,Classical monocytes,True
pbmc3k_CCGCTATGTGCACA-1,PBMC3k,Donor 1,Classical monocytes,Classical monocytes,True
pbmc3k_CCGGTACTGTCCTC-1,PBMC3k,Donor 1,Naive/resting T cells,Non-cytotoxic T cells,True
pbmc3k_CCGTACACAAGCAA-1,PBMC3k,Donor 1,IL7R+ memory/helper T cells,Non-cytotoxic T cells,True
pbmc3k_CCGTACACAGCGTT-1,PBMC3k,Donor 1,B cells,B cells,True
pbmc3k_CCGTACACGTCATG-1,PBMC3k,Donor 1,Cytotoxic CD8 T cells,Cytotoxic T cells,True
pbmc3k_CCGTACACGTTGGT-1,PBMC3k,Donor 1,Classical monocytes,Classical monocytes,True
pbmc3k_CCGTACACTAACGC-1,PBMC3k,Donor 1,Cytotoxic CD8 T cells,Cytotoxic T cells,True
pbmc3k_CCTAAACTTTCGTT-1,PBMC3k,Donor 1,Naive/resting T cells,Non-cytotoxic T cells,True
pbmc3k_CCTAAGGACCCAAA-1,PBMC3k,Donor 1,Naive/resting T cells,Non-cytotoxic T cells,True
pbmc3k_CCTAAGGACTAGCA-1,PBMC3k,Donor 1,Classical monocytes,Classical monocytes,True
pbmc3k_CCTAAGGAGGGCAA-1,PBMC3k,Donor 1,Activated/transitional T cells,Cytotoxic T cells,True
pbmc3k_CCTAAGGATGATGC-1,PBMC3k,Donor 1,IL7R+ memory/helper T cells,Non-cytotoxic T cells,True
pbmc3k_CCTAAGGATGTCAG-1,PBMC3k,Donor 1,Naive/resting T cells,Non-cytotoxic T cells,True
pbmc3k_CCTACCGACTCTTA-1,PBMC3k,Donor 1,Naive/resting T cells,Non-cytotoxic T cells,True
pbmc3k_CCTACCGAGGGATG-1,PBMC3k,Donor 1,B cells,B cells,True
pbmc3k_CCTAGAGAGGTGAG-1,PBMC3k,Donor 1,B cells,B cells,True
pbmc3k_CCTATAACCAAAGA-1,PBMC3k,Donor 1,Naive/resting T cells,Non-cytotoxic T cells,True
pbmc3k_CCTATAACGAGACG-1,PBMC3k,Donor 1,CD16+ non-classical monocytes,CD16+ non-classical monocytes,True
pbmc3k_CCTATAACTCAGAC-1,PBMC3k,Donor 1,Naive/resting T cells,Non-cytotoxic T cells,True
pbmc3k_CCTATAACTGCATG-1,PBMC3k,Donor 1,CD16+ non-classical monocytes,CD16+ non-classical monocytes,True
pbmc3k_CCTCGAACACTTTC-1,PBMC3k,Donor 1,NK cells,NK cells,True
pbmc3k_CCTCGAACCCGTAA-1,PBMC3k,Donor 1,CD16+ non-classical monocytes,CD16+ non-classical monocytes,True
pbmc3k_CCTCGAACGTATCG-1,PBMC3k,Donor 1,IL7R+ memory/helper T cells,Non-cytotoxic T cells,True
pbmc3k_CCTCGAACTTACTC-1,PBMC3k,Donor 1,IL7R+ memory/helper T cells,Non-cytotoxic T cells,True
pbmc3k_CCTCTACTCTTCGC-1,PBMC3k,Donor 1,Classical monocytes,Classical monocytes,True
pbmc3k_CCTCTACTGGCATT-1,PBMC3k,Donor 1,Naive/resting T cells,Non-cytotoxic T cells,True
pbmc3k_CCTGACTGAAGTAG-1,PBMC3k,Donor 1,Cytotoxic CD8 T cells,Cytotoxic T cells,True
pbmc3k_CCTGACTGGGGAGT-1,PBMC3k,Donor 1,Naive/resting T cells,Non-cytotoxic T cells,True
pbmc3k_CCTGACTGTGTCTT-1,PBMC3k,Donor 1,B cells,B cells,True
pbmc3k_CCTGCAACACGTTG-1,PBMC3k,Donor 1,Classical monocytes,Classical monocytes,True
pbmc3k_CCTGGACTCGTGAT-1,PBMC3k,Donor 1,IL7R+ memory/helper T cells,Non-cytotoxic T cells,True
pbmc3k_CCTTAATGCCCAAA-1,PBMC3k,Donor 1,B cells,B cells,True
pbmc3k_CCTTAATGTTCTAC-1,PBMC3k,Donor 1,CD16+ non-classical monocytes,CD16+ non-classical monocytes,True
pbmc3k_CCTTCACTACGACT-1,PBMC3k,Donor 1,Naive/resting T cells,Non-cytotoxic T cells,True
pbmc3k_CCTTCACTCAGTCA-1,PBMC3k,Donor 1,B cells,B cells,True
pbmc3k_CCTTCACTGGAGTG-1,PBMC3k,Donor 1,Classical monocytes,Classical monocytes,True
pbmc3k_CCTTTAGATTCATC-1,PBMC3k,Donor 1,Classical monocytes,Classical monocytes,True
pbmc3k_CGAACATGCCCTAC-1,PBMC3k,Donor 1,Classical monocytes,Classical monocytes,True
pbmc3k_CGAACATGTCAGAC-1,PBMC3k,Donor 1,IL7R+ memory/helper T cells,Non-cytotoxic T cells,True
pbmc3k_CGAAGACTGGAACG-1,PBMC3k,Donor 1,Cytotoxic CD8 T cells,Cytotoxic T cells,True
pbmc3k_CGAAGACTGTTACG-1,PBMC3k,Donor 1,IL7R+ memory/helper T cells,Non-cytotoxic T cells,True
pbmc3k_CGAAGGGAAACCTG-1,PBMC3k,Donor 1,Cytotoxic CD8 T cells,Cytotoxic T cells,True
pbmc3k_CGAAGGGATCCGAA-1,PBMC3k,Donor 1,B cells,B cells,True
pbmc3k_CGAAGTACCAACTG-1,PBMC3k,Donor 1,B cells,B cells,True
pbmc3k_CGAATCGAGGAGCA-1,PBMC3k,Donor 1,Classical monocytes,Classical monocytes,True
pbmc3k_CGAATCGAGGAGGT-1,PBMC3k,Donor 1,IL7R+ memory/helper T cells,Non-cytotoxic T cells,True
pbmc3k_CGACAAACCCATAG-1,PBMC3k,Donor 1,Naive/resting T cells,Non-cytotoxic T cells,True
pbmc3k_CGACAAACCGACAT-1,PBMC3k,Donor 1,B cells,B cells,True
pbmc3k_CGACCACTAAAGTG-1,PBMC3k,Donor 1,NK cells,NK cells,True
pbmc3k_CGACCACTGCCAAT-1,PBMC3k,Donor 1,NK cells,NK cells,True
pbmc3k_CGACCGGAAGGTCT-1,PBMC3k,Donor 1,Naive/resting T cells,Non-cytotoxic T cells,True
pbmc3k_CGACCGGATGGAAA-1,PBMC3k,Donor 1,IL7R+ memory/helper T cells,Non-cytotoxic T cells,True
pbmc3k_CGACCTTGCTAGTG-1,PBMC3k,Donor 1,IL7R+ memory/helper T cells,Non-cytotoxic T cells,True
pbmc3k_CGACGTCTATCGTG-1,PBMC3k,Donor 1,Cytotoxic CD8 T cells,Cytotoxic T cells,True
pbmc3k_CGACGTCTCGTGTA-1,PBMC3k,Donor 1,IL7R+ memory/helper T cells,Non-cytotoxic T cells,True
pbmc3k_CGACGTCTGAGGCA-1,PBMC3k,Donor 1,Activated/transitional T cells,Cytotoxic T cells,True
pbmc3k_CGACTCACGTCGTA-1,PBMC3k,Donor 1,IL7R+ memory/helper T cells,Non-cytotoxic T cells,True
pbmc3k_CGACTCACGTTGCA-1,PBMC3k,Donor 1,Activated/transitional T cells,Cytotoxic T cells,True
pbmc3k_CGACTCTGTGTGAC-1,PBMC3k,Donor 1,IL7R+ memory/helper T cells,Non-cytotoxic T cells,True
pbmc3k_CGACTGCTTCCTCG-1,PBMC3k,Donor 1,Classical monocytes,Classical monocytes,True
pbmc3k_CGAGAACTAAGGCG-1,PBMC3k,Donor 1,Cytotoxic CD8 T cells,Cytotoxic T cells,True
pbmc3k_CGAGAACTACGTTG-1,PBMC3k,Donor 1,Naive/resting T cells,Non-cytotoxic T cells,True
pbmc3k_CGAGAACTTGTTCT-1,PBMC3k,Donor 1,Classical monocytes,Classical monocytes,True
pbmc3k_CGAGATTGGACACT-1,PBMC3k,Donor 1,Cytotoxic CD8 T cells,Cytotoxic T cells,True
pbmc3k_CGAGATTGGCCATA-1,PBMC3k,Donor 1,Activated/transitional T cells,Cytotoxic T cells,True
pbmc3k_CGAGCCGAACACCA-1,PBMC3k,Donor 1,IL7R+ memory/helper T cells,Non-cytotoxic T cells,True
pbmc3k_CGAGCCGAGGCGAA-1,PBMC3k,Donor 1,Naive/resting T cells,Non-cytotoxic T cells,True
pbmc3k_CGAGCGTGCTCCAC-1,PBMC3k,Donor 1,IL7R+ memory/helper T cells,Non-cytotoxic T cells,True
pbmc3k_CGAGCGTGGATACC-1,PBMC3k,Donor 1,IL7R+ memory/helper T cells,Non-cytotoxic T cells,True
pbmc3k_CGAGCGTGTATGCG-1,PBMC3k,Donor 1,Classical monocytes,Classical monocytes,True
pbmc3k_CGAGGAGACCTCCA-1,PBMC3k,Donor 1,B cells,B cells,True
pbmc3k_CGAGGAGATGTCGA-1,PBMC3k,Donor 1,Naive/resting T cells,Non-cytotoxic T cells,True
pbmc3k_CGAGGCACCTATGG-1,PBMC3k,Donor 1,Cytotoxic CD8 T cells,Cytotoxic T cells,True
pbmc3k_CGAGGCACTATGCG-1,PBMC3k,Donor 1,Classical monocytes,Classical monocytes,True
pbmc3k_CGAGGCACTCTTCA-1,PBMC3k,Donor 1,Cytotoxic CD8 T cells,Cytotoxic T cells,True
pbmc3k_CGAGGCTGACGCTA-1,PBMC3k,Donor 1,NK cells,NK cells,True
pbmc3k_CGAGGCTGGCAGTT-1,PBMC3k,Donor 1,Classical monocytes,Classical monocytes,True
pbmc3k_CGAGGGCTACGACT-1,PBMC3k,Donor 1,B cells,B cells,True
pbmc3k_CGAGGGCTCGAATC-1,PBMC3k,Donor 1,Activated/transitional T cells,Cytotoxic T cells,True
pbmc3k_CGAGTATGTCACCC-1,PBMC3k,Donor 1,CD16+ non-classical monocytes,CD16+ non-classical monocytes,True
pbmc3k_CGATACGAACAGTC-1,PBMC3k,Donor 1,Classical monocytes,Classical monocytes,True
pbmc3k_CGATACGACAGGAG-1,PBMC3k,Donor 1,IL7R+ memory/helper T cells,Non-cytotoxic T cells,True
pbmc3k_CGATACGATTCACT-1,PBMC3k,Donor 1,B cells,B cells,True
pbmc3k_CGATAGACCCGTAA-1,PBMC3k,Donor 1,Classical monocytes,Classical monocytes,True
pbmc3k_CGATAGACCGTACA-1,PBMC3k,Donor 1,IL7R+ memory/helper T cells,Non-cytotoxic T cells,True
pbmc3k_CGATAGACGTAGGG-1,PBMC3k,Donor 1,Classical monocytes,Classical monocytes,True
pbmc3k_CGATAGACTGTTCT-1,PBMC3k,Donor 1,Activated/transitional T cells,Cytotoxic T cells,True
pbmc3k_CGATCAGAAGAACA-1,PBMC3k,Donor 1,Cytotoxic CD8 T cells,Cytotoxic T cells,True
pbmc3k_CGATCAGAGAGGGT-1,PBMC3k,Donor 1,IL7R+ memory/helper T cells,Non-cytotoxic T cells,True
pbmc3k_CGATCAGAGGTACT-1,PBMC3k,Donor 1,IL7R+ memory/helper T cells,Non-cytotoxic T cells,True
pbmc3k_CGATCAGATGTGAC-1,PBMC3k,Donor 1,Classical monocytes,Classical monocytes,True
pbmc3k_CGATCCACCGGGAA-1,PBMC3k,Donor 1,Cytotoxic CD8 T cells,Cytotoxic T cells,True
pbmc3k_CGATCCACTTCCAT-1,PBMC3k,Donor 1,B cells,B cells,True
pbmc3k_CGCAAATGCTCGAA-1,PBMC3k,Donor 1,Activated/transitional T cells,Cytotoxic T cells,True
pbmc3k_CGCAACCTCCTTGC-1,PBMC3k,Donor 1,IL7R+ memory/helper T cells,Non-cytotoxic T cells,True
pbmc3k_CGCAACCTGGACGA-1,PBMC3k,Donor 1,Naive/resting T cells,Non-cytotoxic T cells,True
pbmc3k_CGCACGGAGGACGA-1,PBMC3k,Donor 1,B cells,B cells,True
pbmc3k_CGCACGGATCTTTG-1,PBMC3k,Donor 1,Naive/resting T cells,Non-cytotoxic T cells,True
pbmc3k_CGCACTACAGAATG-1,PBMC3k,Donor 1,Activated/transitional T cells,Cytotoxic T cells,True
pbmc3k_CGCACTACAGCCAT-1,PBMC3k,Donor 1,IL7R+ memory/helper T cells,Non-cytotoxic T cells,True
pbmc3k_CGCACTACATTGGC-1,PBMC3k,Donor 1,Naive/resting T cells,Non-cytotoxic T cells,True
pbmc3k_CGCACTACTCGCCT-1,PBMC3k,Donor 1,B cells,B cells,True
pbmc3k_CGCACTACTCGTGA-1,PBMC3k,Donor 1,Cytotoxic CD8 T cells,Cytotoxic T cells,True
pbmc3k_CGCACTTGTCACGA-1,PBMC3k,Donor 1,Classical monocytes,Classical monocytes,True
pbmc3k_CGCAGGACAGATCC-1,PBMC3k,Donor 1,Cytotoxic CD8 T cells,Cytotoxic T cells,True
pbmc3k_CGCAGGACCTACTT-1,PBMC3k,Donor 1,Naive/resting T cells,Non-cytotoxic T cells,True
pbmc3k_CGCAGGACTTGTCT-1,PBMC3k,Donor 1,CD16+ non-classical monocytes,CD16+ non-classical monocytes,True
pbmc3k_CGCAGGTGCACTGA-1,PBMC3k,Donor 1,IL7R+ memory/helper T cells,Non-cytotoxic T cells,True
pbmc3k_CGCAGGTGCCATAG-1,PBMC3k,Donor 1,CD16+ non-classical monocytes,CD16+ non-classical monocytes,True
pbmc3k_CGCAGGTGGGAACG-1,PBMC3k,Donor 1,IL7R+ memory/helper T cells,Non-cytotoxic T cells,True
pbmc3k_CGCATAGATCACGA-1,PBMC3k,Donor 1,Classical monocytes,Classical monocytes,True
pbmc3k_CGCCATACTGCAAC-1,PBMC3k,Donor 1,IL7R+ memory/helper T cells,Non-cytotoxic T cells,True
pbmc3k_CGCCATTGAGAGGC-1,PBMC3k,Donor 1,Naive/resting T cells,Non-cytotoxic T cells,True
pbmc3k_CGCCATTGCTATGG-1,PBMC3k,Donor 1,IL7R+ memory/helper T cells,Non-cytotoxic T cells,True
pbmc3k_CGCCATTGGAGACG-1,PBMC3k,Donor 1,IL7R+ memory/helper T cells,Non-cytotoxic T cells,True
pbmc3k_CGCCATTGGAGCAG-1,PBMC3k,Donor 1,B cells,B cells,True
pbmc3k_CGCCATTGTACTGG-1,PBMC3k,Donor 1,B cells,B cells,True
pbmc3k_CGCCGAGAGCTTAG-1,PBMC3k,Donor 1,NK cells,NK cells,True
pbmc3k_CGCCTAACGAATGA-1,PBMC3k,Donor 1,Classical monocytes,Classical monocytes,True
pbmc3k_CGCCTAACTGCTCC-1,PBMC3k,Donor 1,IL7R+ memory/helper T cells,Non-cytotoxic T cells,True
pbmc3k_CGCGAGACACAGCT-1,PBMC3k,Donor 1,Cytotoxic CD8 T cells,Cytotoxic T cells,True
pbmc3k_CGCGAGACAGGTCT-1,PBMC3k,Donor 1,B cells,B cells,True
pbmc3k_CGCGAGACGCTACA-1,PBMC3k,Donor 1,Cytotoxic CD8 T cells,Cytotoxic T cells,True
pbmc3k_CGCGATCTCAGTCA-1,PBMC3k,Donor 1,Classical monocytes,Classical monocytes,True
pbmc3k_CGCGATCTGTTGAC-1,PBMC3k,Donor 1,Classical monocytes,Classical monocytes,True
pbmc3k_CGCGATCTTTCTTG-1,PBMC3k,Donor 1,B cells,B cells,True
pbmc3k_CGCGGATGGCCAAT-1,PBMC3k,Donor 1,IL7R+ memory/helper T cells,Non-cytotoxic T cells,True
pbmc3k_CGCTAAGAATGTCG-1,PBMC3k,Donor 1,IL7R+ memory/helper T cells,Non-cytotoxic T cells,True
pbmc3k_CGCTAAGACAACTG-1,PBMC3k,Donor 1,Naive/resting T cells,Non-cytotoxic T cells,True
pbmc3k_CGCTAAGACCCTTG-1,PBMC3k,Donor 1,IL7R+ memory/helper T cells,Non-cytotoxic T cells,True
pbmc3k_CGCTACTGAACAGA-1,PBMC3k,Donor 1,Classical monocytes,Classical monocytes,True
pbmc3k_CGCTACTGAGAACA-1,PBMC3k,Donor 1,IL7R+ memory/helper T cells,Non-cytotoxic T cells,True
pbmc3k_CGCTACTGTGAGCT-1,PBMC3k,Donor 1,Activated/transitional T cells,Cytotoxic T cells,True
pbmc3k_CGCTACTGTTCCCG-1,PBMC3k,Donor 1,Cytotoxic CD8 T cells,Cytotoxic T cells,True
pbmc3k_CGCTCATGCATTTC-1,PBMC3k,Donor 1,Classical monocytes,Classical monocytes,True
pbmc3k_CGGAATTGGTTTGG-1,PBMC3k,Donor 1,IL7R+ memory/helper T cells,Non-cytotoxic T cells,True
pbmc3k_CGGAATTGTGGAGG-1,PBMC3k,Donor 1,IL7R+ memory/helper T cells,Non-cytotoxic T cells,True
pbmc3k_CGGACCGATGCGTA-1,PBMC3k,Donor 1,Cytotoxic CD8 T cells,Cytotoxic T cells,True
pbmc3k_CGGACCGATGGGAG-1,PBMC3k,Donor 1,Activated/transitional T cells,Cytotoxic T cells,True
pbmc3k_CGGACTCTAAACAG-1,PBMC3k,Donor 1,B cells,B cells,True
pbmc3k_CGGACTCTCCAATG-1,PBMC3k,Donor 1,IL7R+ memory/helper T cells,Non-cytotoxic T cells,True
pbmc3k_CGGACTCTCCTCGT-1,PBMC3k,Donor 1,NK cells,NK cells,True
pbmc3k_CGGAGGCTATTCCT-1,PBMC3k,Donor 1,Activated/transitional T cells,Cytotoxic T cells,True
pbmc3k_CGGAGGCTTGGATC-1,PBMC3k,Donor 1,Naive/resting T cells,Non-cytotoxic T cells,True
pbmc3k_CGGATAACAACGAA-1,PBMC3k,Donor 1,Classical monocytes,Classical monocytes,True
pbmc3k_CGGATAACAGCTCA-1,PBMC3k,Donor 1,IL7R+ memory/helper T cells,Non-cytotoxic T cells,True
pbmc3k_CGGATAACTCAGTG-1,PBMC3k,Donor 1,Classical monocytes,Classical monocytes,True
pbmc3k_CGGCACGAACTCAG-1,PBMC3k,Donor 1,Cytotoxic CD8 T cells,Cytotoxic T cells,True
pbmc3k_CGGCACGAAGGGTG-1,PBMC3k,Donor 1,IL7R+ memory/helper T cells,Non-cytotoxic T cells,True
pbmc3k_CGGCACGACTACGA-1,PBMC3k,Donor 1,CD16+ non-classical monocytes,CD16+ non-classical monocytes,True
pbmc3k_CGGCATCTTAGAAG-1,PBMC3k,Donor 1,IL7R+ memory/helper T cells,Non-cytotoxic T cells,True
pbmc3k_CGGCATCTTCGTAG-1,PBMC3k,Donor 1,Classical monocytes,Classical monocytes,True
pbmc3k_CGGCCAGAAAGGTA-1,PBMC3k,Donor 1,IL7R+ memory/helper T cells,Non-cytotoxic T cells,True
pbmc3k_CGGCCAGAGAGGCA-1,PBMC3k,Donor 1,Cytotoxic CD8 T cells,Cytotoxic T cells,True
pbmc3k_CGGCGAACCAGTCA-1,PBMC3k,Donor 1,Classical monocytes,Classical monocytes,True
pbmc3k_CGGCGAACGACAAA-1,PBMC3k,Donor 1,NK cells,NK cells,True
pbmc3k_CGGCGAACGGTCTA-1,PBMC3k,Donor 1,IL7R+ memory/helper T cells,Non-cytotoxic T cells,True
pbmc3k_CGGCGAACTACTTC-1,PBMC3k,Donor 1,NK cells,NK cells,True
pbmc3k_CGGGACTGCGTGTA-1,PBMC3k,Donor 1,Naive/resting T cells,Non-cytotoxic T cells,True
pbmc3k_CGGGACTGGAATAG-1,PBMC3k,Donor 1,Cytotoxic CD8 T cells,Cytotoxic T cells,True
pbmc3k_CGGGCATGACCCAA-1,PBMC3k,Donor 1,Activated/transitional T cells,Cytotoxic T cells,True
pbmc3k_CGGGCATGTCTCTA-1,PBMC3k,Donor 1,Cytotoxic CD8 T cells,Cytotoxic T cells,True
pbmc3k_CGGGCATGTTGTGG-1,PBMC3k,Donor 1,Naive/resting T cells,Non-cytotoxic T cells,True
pbmc3k_CGGTAAACTCGCAA-1,PBMC3k,Donor 1,Cytotoxic CD8 T cells,Cytotoxic T cells,True
pbmc3k_CGGTCACTGTTTGG-1,PBMC3k,Donor 1,IL7R+ memory/helper T cells,Non-cytotoxic T cells,True
pbmc3k_CGGTCACTTACTTC-1,PBMC3k,Donor 1,IL7R+ memory/helper T cells,Non-cytotoxic T cells,True
pbmc3k_CGTAACGATCGCCT-1,PBMC3k,Donor 1,IL7R+ memory/helper T cells,Non-cytotoxic T cells,True
pbmc3k_CGTACCACACACAC-1,PBMC3k,Donor 1,IL7R+ memory/helper T cells,Non-cytotoxic T cells,True
pbmc3k_CGTACCACACGTTG-1,PBMC3k,Donor 1,Naive/resting T cells,Non-cytotoxic T cells,True
pbmc3k_CGTACCACCTCATT-1,PBMC3k,Donor 1,Naive/resting T cells,Non-cytotoxic T cells,True
pbmc3k_CGTACCACGGAGCA-1,PBMC3k,Donor 1,Naive/resting T cells,Non-cytotoxic T cells,True
pbmc3k_CGTACCTGGCATCA-1,PBMC3k,Donor 1,NK cells,NK cells,True
pbmc3k_CGTAGCCTCTCTCG-1,PBMC3k,Donor 1,Classical monocytes,Classical monocytes,True
pbmc3k_CGTAGCCTGCGAAG-1,PBMC3k,Donor 1,IL7R+ memory/helper T cells,Non-cytotoxic T cells,True
pbmc3k_CGTAGCCTGTATGC-1,PBMC3k,Donor 1,Classical monocytes,Classical monocytes,True
pbmc3k_CGTCAAGAAAGGTA-1,PBMC3k,Donor 1,Classical monocytes,Classical monocytes,True
pbmc3k_CGTCAAGAACGTGT-1,PBMC3k,Donor 1,IL7R+ memory/helper T cells,Non-cytotoxic T cells,True
pbmc3k_CGTCAAGACAGAGG-1,PBMC3k,Donor 1,IL7R+ memory/helper T cells,Non-cytotoxic T cells,True
pbmc3k_CGTCAAGACAGGAG-1,PBMC3k,Donor 1,Cytotoxic CD8 T cells,Cytotoxic T cells,True
pbmc3k_CGTCCATGCTCTTA-1,PBMC3k,Donor 1,IL7R+ memory/helper T cells,Non-cytotoxic T cells,True
pbmc3k_CGTCGACTTTCCGC-1,PBMC3k,Donor 1,Cytotoxic CD8 T cells,Cytotoxic T cells,True
pbmc3k_CGTGATGACGCTAA-1,PBMC3k,Donor 1,Naive/resting T cells,Non-cytotoxic T cells,True
pbmc3k_CGTGATGAGGTTCA-1,PBMC3k,Donor 1,Cytotoxic CD8 T cells,Cytotoxic T cells,True
pbmc3k_CGTGCACTTATGGC-1,PBMC3k,Donor 1,Classical monocytes,Classical monocytes,True
pbmc3k_CGTGTAGAAAAACG-1,PBMC3k,Donor 1,IL7R+ memory/helper T cells,Non-cytotoxic T cells,True
pbmc3k_CGTGTAGACGATAC-1,PBMC3k,Donor 1,Cytotoxic CD8 T cells,Cytotoxic T cells,True
pbmc3k_CGTGTAGAGTTACG-1,PBMC3k,Donor 1,NK cells,NK cells,True
pbmc3k_CGTGTAGAGTTCAG-1,PBMC3k,Donor 1,Classical monocytes,Classical monocytes,True
pbmc3k_CGTGTAGATTCGGA-1,PBMC3k,Donor 1,NK cells,NK cells,True
pbmc3k_CGTTAGGAAACCAC-1,PBMC3k,Donor 1,IL7R+ memory/helper T cells,Non-cytotoxic T cells,True
pbmc3k_CGTTAGGATCATTC-1,PBMC3k,Donor 1,Classical monocytes,Classical monocytes,True
pbmc3k_CGTTATACCCTGAA-1,PBMC3k,Donor 1,Cytotoxic CD8 T cells,Cytotoxic T cells,True
pbmc3k_CGTTTAACTGGTCA-1,PBMC3k,Donor 1,IL7R+ memory/helper T cells,Non-cytotoxic T cells,True
pbmc3k_CTAAACCTCTGACA-1,PBMC3k,Donor 1,NK cells,NK cells,True
pbmc3k_CTAAACCTGTGCAT-1,PBMC3k,Donor 1,B cells,B cells,True
pbmc3k_CTAACACTAACGTC-1,PBMC3k,Donor 1,IL7R+ memory/helper T cells,Non-cytotoxic T cells,True
pbmc3k_CTAACACTAGTGCT-1,PBMC3k,Donor 1,Classical monocytes,Classical monocytes,True
pbmc3k_CTAACGGAACCGAT-1,PBMC3k,Donor 1,NK cells,NK cells,True
pbmc3k_CTAACGGATTTCTG-1,PBMC3k,Donor 1,Naive/resting T cells,Non-cytotoxic T cells,True
pbmc3k_CTAACTACGGCAAG-1,PBMC3k,Donor 1,Activated/transitional T cells,Cytotoxic T cells,True
pbmc3k_CTAAGGACACCATG-1,PBMC3k,Donor 1,Naive/resting T cells,Non-cytotoxic T cells,True
pbmc3k_CTAAGGACCGTTAG-1,PBMC3k,Donor 1,IL7R+ memory/helper T cells,Non-cytotoxic T cells,True
pbmc3k_CTAAGGACGCCATA-1,PBMC3k,Donor 1,Classical monocytes,Classical monocytes,True
pbmc3k_CTAAGGTGCCTAAG-1,PBMC3k,Donor 1,B cells,B cells,True
pbmc3k_CTAAGGTGTTGCAG-1,PBMC3k,Donor 1,IL7R+ memory/helper T cells,Non-cytotoxic T cells,True
pbmc3k_CTAAGGTGTTTCTG-1,PBMC3k,Donor 1,Activated/transitional T cells,Cytotoxic T cells,True
pbmc3k_CTAATAGAGCTATG-1,PBMC3k,Donor 1,Activated/transitional T cells,Cytotoxic T cells,True
pbmc3k_CTAATGCTTGTGGT-1,PBMC3k,Donor 1,Classical monocytes,Classical monocytes,True
pbmc3k_CTACAACTCCCGTT-1,PBMC3k,Donor 1,Cytotoxic CD8 T cells,Cytotoxic T cells,True
pbmc3k_CTACCTCTCAACCA-1,PBMC3k,Donor 1,IL7R+ memory/helper T cells,Non-cytotoxic T cells,True
pbmc3k_CTACGCACACCTAG-1,PBMC3k,Donor 1,CD16+ non-classical monocytes,CD16+ non-classical monocytes,True
pbmc3k_CTACGCACTCTCCG-1,PBMC3k,Donor 1,IL7R+ memory/helper T cells,Non-cytotoxic T cells,True
pbmc3k_CTACGCACTGGTCA-1,PBMC3k,Donor 1,NK cells,NK cells,True
pbmc3k_CTACGGCTTTCTTG-1,PBMC3k,Donor 1,Classical monocytes,Classical monocytes,True
pbmc3k_CTACTATGAACCAC-1,PBMC3k,Donor 1,Classical monocytes,Classical monocytes,True
pbmc3k_CTACTATGATGTGC-1,PBMC3k,Donor 1,Classical monocytes,Classical monocytes,True
pbmc3k_CTACTATGCTAAGC-1,PBMC3k,Donor 1,Cytotoxic CD8 T cells,Cytotoxic T cells,True
pbmc3k_CTACTATGTAAAGG-1,PBMC3k,Donor 1,B cells,B cells,True
pbmc3k_CTACTCCTATGTCG-1,PBMC3k,Donor 1,NK cells,NK cells,True
pbmc3k_CTACTCCTGCCATA-1,PBMC3k,Donor 1,Classical monocytes,Classical monocytes,True
pbmc3k_CTAGAGACACTTTC-1,PBMC3k,Donor 1,IL7R+ memory/helper T cells,Non-cytotoxic T cells,True
pbmc3k_CTAGAGACAGCATC-1,PBMC3k,Donor 1,Cytotoxic CD8 T cells,Cytotoxic T cells,True
pbmc3k_CTAGAGACTTTGGG-1,PBMC3k,Donor 1,CD16+ non-classical monocytes,CD16+ non-classical monocytes,True
pbmc3k_CTAGATCTCTCTAT-1,PBMC3k,Donor 1,IL7R+ memory/helper T cells,Non-cytotoxic T cells,True
pbmc3k_CTAGATCTTCGACA-1,PBMC3k,Donor 1,IL7R+ memory/helper T cells,Non-cytotoxic T cells,True
pbmc3k_CTAGGATGAGCCTA-1,PBMC3k,Donor 1,B cells,B cells,True
pbmc3k_CTAGGATGATCGTG-1,PBMC3k,Donor 1,B cells,B cells,True
pbmc3k_CTAGGCCTCTCAGA-1,PBMC3k,Donor 1,IL7R+ memory/helper T cells,Non-cytotoxic T cells,True
pbmc3k_CTAGGTGATGGTTG-1,PBMC3k,Donor 1,CD16+ non-classical monocytes,CD16+ non-classical monocytes,True
pbmc3k_CTAGTTACCAGAGG-1,PBMC3k,Donor 1,IL7R+ memory/helper T cells,Non-cytotoxic T cells,True
pbmc3k_CTAGTTACCGCATA-1,PBMC3k,Donor 1,Naive/resting T cells,Non-cytotoxic T cells,True
pbmc3k_CTAGTTACGAAACA-1,PBMC3k,Donor 1,NK cells,NK cells,True
pbmc3k_CTATAAGATCGTTT-1,PBMC3k,Donor 1,B cells,B cells,True
pbmc3k_CTATACTGAGGTTC-1,PBMC3k,Donor 1,Classical monocytes,Classical monocytes,True
pbmc3k_CTATACTGCCAGTA-1,PBMC3k,Donor 1,Naive/resting T cells,Non-cytotoxic T cells,True
pbmc3k_CTATACTGCGCTAA-1,PBMC3k,Donor 1,Classical monocytes,Classical monocytes,True
pbmc3k_CTATACTGCTACGA-1,PBMC3k,Donor 1,NK cells,NK cells,True
pbmc3k_CTATACTGTCTCAT-1,PBMC3k,Donor 1,NK cells,NK cells,True
pbmc3k_CTATACTGTTCGTT-1,PBMC3k,Donor 1,B cells,B cells,True
pbmc3k_CTATAGCTGTCACA-1,PBMC3k,Donor 1,Naive/resting T cells,Non-cytotoxic T cells,True
pbmc3k_CTATAGCTTCGCTC-1,PBMC3k,Donor 1,Classical monocytes,Classical monocytes,True
pbmc3k_CTATAGCTTGCCTC-1,PBMC3k,Donor 1,Classical monocytes,Classical monocytes,True
pbmc3k_CTATCAACGAACTC-1,PBMC3k,Donor 1,IL7R+ memory/helper T cells,Non-cytotoxic T cells,True
pbmc3k_CTATCAACGCAGAG-1,PBMC3k,Donor 1,IL7R+ memory/helper T cells,Non-cytotoxic T cells,True
pbmc3k_CTATCAACTTTGGG-1,PBMC3k,Donor 1,Naive/resting T cells,Non-cytotoxic T cells,True
pbmc3k_CTATCCCTCCACCT-1,PBMC3k,Donor 1,Classical monocytes,Classical monocytes,True
pbmc3k_CTATGTACGAGAGC-1,PBMC3k,Donor 1,IL7R+ memory/helper T cells,Non-cytotoxic T cells,True
pbmc3k_CTATGTACGCTTAG-1,PBMC3k,Donor 1,IL7R+ memory/helper T cells,Non-cytotoxic T cells,True
pbmc3k_CTATGTACTGTTTC-1,PBMC3k,Donor 1,B cells,B cells,True
pbmc3k_CTATGTTGAAAGCA-1,PBMC3k,Donor 1,IL7R+ memory/helper T cells,Non-cytotoxic T cells,True
pbmc3k_CTATGTTGTCCTCG-1,PBMC3k,Donor 1,Naive/resting T cells,Non-cytotoxic T cells,True
pbmc3k_CTATGTTGTCTCGC-1,PBMC3k,Donor 1,IL7R+ memory/helper T cells,Non-cytotoxic T cells,True
pbmc3k_CTATTGACAAACGA-1,PBMC3k,Donor 1,Classical monocytes,Classical monocytes,True
pbmc3k_CTATTGACACTGGT-1,PBMC3k,Donor 1,CD16+ non-classical monocytes,CD16+ non-classical monocytes,True
pbmc3k_CTATTGACGGTGAG-1,PBMC3k,Donor 1,CD16+ non-classical monocytes,CD16+ non-classical monocytes,True
pbmc3k_CTATTGTGGCAAGG-1,PBMC3k,Donor 1,Naive/resting T cells,Non-cytotoxic T cells,True
pbmc3k_CTCAATTGGTTCAG-1,PBMC3k,Donor 1,IL7R+ memory/helper T cells,Non-cytotoxic T cells,True
pbmc3k_CTCAATTGGTTGCA-1,PBMC3k,Donor 1,Classical monocytes,Classical monocytes,True
pbmc3k_CTCAGAGATAGAAG-1,PBMC3k,Donor 1,Naive/resting T cells,Non-cytotoxic T cells,True
pbmc3k_CTCAGCACTCTAGG-1,PBMC3k,Donor 1,IL7R+ memory/helper T cells,Non-cytotoxic T cells,True
pbmc3k_CTCAGCACTGAACC-1,PBMC3k,Donor 1,Classical monocytes,Classical monocytes,True
pbmc3k_CTCAGCACTTGCAG-1,PBMC3k,Donor 1,Naive/resting T cells,Non-cytotoxic T cells,True
pbmc3k_CTCAGCTGAACCTG-1,PBMC3k,Donor 1,Classical monocytes,Classical monocytes,True
pbmc3k_CTCAGCTGCAGTTG-1,PBMC3k,Donor 1,Cytotoxic CD8 T cells,Cytotoxic T cells,True
pbmc3k_CTCAGGCTCGTTGA-1,PBMC3k,Donor 1,CD16+ non-classical monocytes,CD16+ non-classical monocytes,True
pbmc3k_CTCAGGCTGCTAAC-1,PBMC3k,Donor 1,Activated/transitional T cells,Cytotoxic T cells,True
pbmc3k_CTCATTGACCTTAT-1,PBMC3k,Donor 1,IL7R+ memory/helper T cells,Non-cytotoxic T cells,True
pbmc3k_CTCATTGATGCTTT-1,PBMC3k,Donor 1,CD16+ non-classical monocytes,CD16+ non-classical monocytes,True
pbmc3k_CTCCACGAGAGATA-1,PBMC3k,Donor 1,Classical monocytes,Classical monocytes,True
pbmc3k_CTCCATCTCTTAGG-1,PBMC3k,Donor 1,Naive/resting T cells,Non-cytotoxic T cells,True
pbmc3k_CTCCATCTGACGAG-1,PBMC3k,Donor 1,IL7R+ memory/helper T cells,Non-cytotoxic T cells,True
pbmc3k_CTCCGAACAAGTGA-1,PBMC3k,Donor 1,CD16+ non-classical monocytes,CD16+ non-classical monocytes,True
pbmc3k_CTCCTACTGCCTTC-1,PBMC3k,Donor 1,Classical monocytes,Classical monocytes,True
pbmc3k_CTCGAAGATGTGGT-1,PBMC3k,Donor 1,Naive/resting T cells,Non-cytotoxic T cells,True
pbmc3k_CTCGAAGATTAGGC-1,PBMC3k,Donor 1,Classical monocytes,Classical monocytes,True
pbmc3k_CTCGACTGCTCTAT-1,PBMC3k,Donor 1,Activated/transitional T cells,Cytotoxic T cells,True
pbmc3k_CTCGACTGGGTGAG-1,PBMC3k,Donor 1,Naive/resting T cells,Non-cytotoxic T cells,True
pbmc3k_CTCGACTGGTTGAC-1,PBMC3k,Donor 1,NK cells,NK cells,True
pbmc3k_CTCGAGCTCTGGAT-1,PBMC3k,Donor 1,NK cells,NK cells,True
pbmc3k_CTCGCATGACTTTC-1,PBMC3k,Donor 1,Cytotoxic CD8 T cells,Cytotoxic T cells,True
pbmc3k_CTCGCATGCTTAGG-1,PBMC3k,Donor 1,IL7R+ memory/helper T cells,Non-cytotoxic T cells,True
pbmc3k_CTCTAAACCTCGAA-1,PBMC3k,Donor 1,Naive/resting T cells,Non-cytotoxic T cells,True
pbmc3k_CTCTAAACGGCGAA-1,PBMC3k,Donor 1,Naive/resting T cells,Non-cytotoxic T cells,True
pbmc3k_CTCTAATGTCCAAG-1,PBMC3k,Donor 1,Classical monocytes,Classical monocytes,True
pbmc3k_CTGAACGACAGTCA-1,PBMC3k,Donor 1,IL7R+ memory/helper T cells,Non-cytotoxic T cells,True
pbmc3k_CTGAACGATGAGGG-1,PBMC3k,Donor 1,IL7R+ memory/helper T cells,Non-cytotoxic T cells,True
pbmc3k_CTGAAGACCCAACA-1,PBMC3k,Donor 1,IL7R+ memory/helper T cells,Non-cytotoxic T cells,True
pbmc3k_CTGAAGACGTGCAT-1,PBMC3k,Donor 1,B cells,B cells,True
pbmc3k_CTGAAGTGAAGCCT-1,PBMC3k,Donor 1,CD16+ non-classical monocytes,CD16+ non-classical monocytes,True
pbmc3k_CTGAAGTGCAGCTA-1,PBMC3k,Donor 1,B cells,B cells,True
pbmc3k_CTGAAGTGGCTATG-1,PBMC3k,Donor 1,Naive/resting T cells,Non-cytotoxic T cells,True
pbmc3k_CTGAAGTGTCCAGA-1,PBMC3k,Donor 1,IL7R+ memory/helper T cells,Non-cytotoxic T cells,True
pbmc3k_CTGAATCTGAATAG-1,PBMC3k,Donor 1,IL7R+ memory/helper T cells,Non-cytotoxic T cells,True
pbmc3k_CTGACAGAATCGTG-1,PBMC3k,Donor 1,Cytotoxic CD8 T cells,Cytotoxic T cells,True
pbmc3k_CTGACCACAGCAAA-1,PBMC3k,Donor 1,IL7R+ memory/helper T cells,Non-cytotoxic T cells,True
pbmc3k_CTGAGAACCGGGAA-1,PBMC3k,Donor 1,IL7R+ memory/helper T cells,Non-cytotoxic T cells,True
pbmc3k_CTGAGAACGTAAAG-1,PBMC3k,Donor 1,NK cells,NK cells,True
pbmc3k_CTGATACTAGTAGA-1,PBMC3k,Donor 1,Naive/resting T cells,Non-cytotoxic T cells,True
pbmc3k_CTGATTTGGTGTTG-1,PBMC3k,Donor 1,Classical monocytes,Classical monocytes,True
pbmc3k_CTGCAGCTAACCGT-1,PBMC3k,Donor 1,Naive/resting T cells,Non-cytotoxic T cells,True
pbmc3k_CTGCAGCTGACACT-1,PBMC3k,Donor 1,Naive/resting T cells,Non-cytotoxic T cells,True
pbmc3k_CTGCAGCTGGATTC-1,PBMC3k,Donor 1,CD16+ non-classical monocytes,CD16+ non-classical monocytes,True
pbmc3k_CTGCAGCTTGGCAT-1,PBMC3k,Donor 1,Cytotoxic CD8 T cells,Cytotoxic T cells,True
pbmc3k_CTGCCAACAGGAGC-1,PBMC3k,Donor 1,Cytotoxic CD8 T cells,Cytotoxic T cells,True
pbmc3k_CTGCCAACCAGCTA-1,PBMC3k,Donor 1,IL7R+ memory/helper T cells,Non-cytotoxic T cells,True
pbmc3k_CTGCCAACTAACCG-1,PBMC3k,Donor 1,Classical monocytes,Classical monocytes,True
pbmc3k_CTGCCAACTGCTCC-1,PBMC3k,Donor 1,Cytotoxic CD8 T cells,Cytotoxic T cells,True
pbmc3k_CTGCCAACTTGCAG-1,PBMC3k,Donor 1,Naive/resting T cells,Non-cytotoxic T cells,True
pbmc3k_CTGCCAACTTGCTT-1,PBMC3k,Donor 1,Cytotoxic CD8 T cells,Cytotoxic T cells,True
pbmc3k_CTGCGACTCCACCT-1,PBMC3k,Donor 1,Activated/transitional T cells,Cytotoxic T cells,True
pbmc3k_CTGGAAACAAACGA-1,PBMC3k,Donor 1,Cytotoxic CD8 T cells,Cytotoxic T cells,True
pbmc3k_CTGGAAACATCGAC-1,PBMC3k,Donor 1,IL7R+ memory/helper T cells,Non-cytotoxic T cells,True
pbmc3k_CTGGATGACTGGAT-1,PBMC3k,Donor 1,Cytotoxic CD8 T cells,Cytotoxic T cells,True
pbmc3k_CTGGATGACTTGTT-1,PBMC3k,Donor 1,IL7R+ memory/helper T cells,Non-cytotoxic T cells,True
pbmc3k_CTGGATGATGTGAC-1,PBMC3k,Donor 1,B cells,B cells,True
pbmc3k_CTGGCACTCAAGCT-1,PBMC3k,Donor 1,Classical monocytes,Classical monocytes,True
pbmc3k_CTGTAACTAACCAC-1,PBMC3k,Donor 1,IL7R+ memory/helper T cells,Non-cytotoxic T cells,True
pbmc3k_CTGTAACTAGCGTT-1,PBMC3k,Donor 1,Activated/transitional T cells,Cytotoxic T cells,True
pbmc3k_CTGTATACGTAAAG-1,PBMC3k,Donor 1,Activated/transitional T cells,Cytotoxic T cells,True
pbmc3k_CTGTATACGTACGT-1,PBMC3k,Donor 1,Classical monocytes,Classical monocytes,True
pbmc3k_CTGTATACGTTGGT-1,PBMC3k,Donor 1,Activated/transitional T cells,Cytotoxic T cells,True
pbmc3k_CTGTGAGACAACCA-1,PBMC3k,Donor 1,CD16+ non-classical monocytes,CD16+ non-classical monocytes,True
pbmc3k_CTGTGAGACCTTGC-1,PBMC3k,Donor 1,Cytotoxic CD8 T cells,Cytotoxic T cells,True
pbmc3k_CTGTGAGACGAACT-1,PBMC3k,Donor 1,Classical monocytes,Classical monocytes,True
pbmc3k_CTGTGAGACTGTAG-1,PBMC3k,Donor 1,Classical monocytes,Classical monocytes,True
pbmc3k_CTTAAAGAACCTGA-1,PBMC3k,Donor 1,Naive/resting T cells,Non-cytotoxic T cells,True
pbmc3k_CTTAACACCTGTAG-1,PBMC3k,Donor 1,IL7R+ memory/helper T cells,Non-cytotoxic T cells,True
pbmc3k_CTTAACACTATCGG-1,PBMC3k,Donor 1,B cells,B cells,True
pbmc3k_CTTAAGCTACCTAG-1,PBMC3k,Donor 1,Naive/resting T cells,Non-cytotoxic T cells,True
pbmc3k_CTTAAGCTAGTACC-1,PBMC3k,Donor 1,Activated/transitional T cells,Cytotoxic T cells,True
pbmc3k_CTTAAGCTCATCAG-1,PBMC3k,Donor 1,Naive/resting T cells,Non-cytotoxic T cells,True
pbmc3k_CTTAAGCTCCGCTT-1,PBMC3k,Donor 1,B cells,B cells,True
pbmc3k_CTTACAACTAACGC-1,PBMC3k,Donor 1,IL7R+ memory/helper T cells,Non-cytotoxic T cells,True
pbmc3k_CTTACAACTCCCGT-1,PBMC3k,Donor 1,Classical monocytes,Classical monocytes,True
pbmc3k_CTTACTGACGTACA-1,PBMC3k,Donor 1,Naive/resting T cells,Non-cytotoxic T cells,True
pbmc3k_CTTAGACTAAACGA-1,PBMC3k,Donor 1,IL7R+ memory/helper T cells,Non-cytotoxic T cells,True
pbmc3k_CTTAGGGACTTGCC-1,PBMC3k,Donor 1,IL7R+ memory/helper T cells,Non-cytotoxic T cells,True
pbmc3k_CTTAGGGAGAATCC-1,PBMC3k,Donor 1,Naive/resting T cells,Non-cytotoxic T cells,True
pbmc3k_CTTATCGACTCATT-1,PBMC3k,Donor 1,Naive/resting T cells,Non-cytotoxic T cells,True
pbmc3k_CTTCACCTACCTGA-1,PBMC3k,Donor 1,CD16+ non-classical monocytes,CD16+ non-classical monocytes,True
pbmc3k_CTTCATGAAGCATC-1,PBMC3k,Donor 1,B cells,B cells,True
pbmc3k_CTTCATGAAGTACC-1,PBMC3k,Donor 1,Activated/transitional T cells,Cytotoxic T cells,True
pbmc3k_CTTCATGACCGAAT-1,PBMC3k,Donor 1,Activated/transitional T cells,Cytotoxic T cells,True
pbmc3k_CTTGAACTACGCAT-1,PBMC3k,Donor 1,Naive/resting T cells,Non-cytotoxic T cells,True
pbmc3k_CTTGATTGAGGTTC-1,PBMC3k,Donor 1,Cytotoxic CD8 T cells,Cytotoxic T cells,True
pbmc3k_CTTGATTGATCTTC-1,PBMC3k,Donor 1,Classical monocytes,Classical monocytes,True
pbmc3k_CTTGATTGCATTCT-1,PBMC3k,Donor 1,IL7R+ memory/helper T cells,Non-cytotoxic T cells,True
pbmc3k_CTTGATTGTTTCGT-1,PBMC3k,Donor 1,IL7R+ memory/helper T cells,Non-cytotoxic T cells,True
pbmc3k_CTTGTATGACACCA-1,PBMC3k,Donor 1,B cells,B cells,True
pbmc3k_CTTGTATGCGCAAT-1,PBMC3k,Donor 1,B cells,B cells,True
pbmc3k_CTTTACGAGCGAAG-1,PBMC3k,Donor 1,Naive/resting T cells,Non-cytotoxic T cells,True
pbmc3k_CTTTAGACCGTGAT-1,PBMC3k,Donor 1,Naive/resting T cells,Non-cytotoxic T cells,True
pbmc3k_CTTTAGACGAGACG-1,PBMC3k,Donor 1,Naive/resting T cells,Non-cytotoxic T cells,True
pbmc3k_CTTTAGACGATACC-1,PBMC3k,Donor 1,Naive/resting T cells,Non-cytotoxic T cells,True
pbmc3k_CTTTAGACGTTGGT-1,PBMC3k,Donor 1,Cytotoxic CD8 T cells,Cytotoxic T cells,True
pbmc3k_CTTTAGACTCATTC-1,PBMC3k,Donor 1,Cytotoxic CD8 T cells,Cytotoxic T cells,True
pbmc3k_CTTTAGTGACGGGA-1,PBMC3k,Donor 1,NK cells,NK cells,True
pbmc3k_CTTTAGTGGGTGGA-1,PBMC3k,Donor 1,Naive/resting T cells,Non-cytotoxic T cells,True
pbmc3k_CTTTCAGAGAAACA-1,PBMC3k,Donor 1,IL7R+ memory/helper T cells,Non-cytotoxic T cells,True
pbmc3k_CTTTGATGAGCACT-1,PBMC3k,Donor 1,Activated/transitional T cells,Cytotoxic T cells,True
pbmc3k_CTTTGATGTCTAGG-1,PBMC3k,Donor 1,Cytotoxic CD8 T cells,Cytotoxic T cells,True
pbmc3k_CTTTGATGTGTCCC-1,PBMC3k,Donor 1,IL7R+ memory/helper T cells,Non-cytotoxic T cells,True
pbmc3k_CTTTGATGTGTGGT-1,PBMC3k,Donor 1,Naive/resting T cells,Non-cytotoxic T cells,True
pbmc3k_GAAACAGAACTACG-1,PBMC3k,Donor 1,IL7R+ memory/helper T cells,Non-cytotoxic T cells,True
pbmc3k_GAAACAGAATCACG-1,PBMC3k,Donor 1,IL7R+ memory/helper T cells,Non-cytotoxic T cells,True
pbmc3k_GAAACAGACATTCT-1,PBMC3k,Donor 1,IL7R+ memory/helper T cells,Non-cytotoxic T cells,True
pbmc3k_GAAACCTGATCGTG-1,PBMC3k,Donor 1,Naive/resting T cells,Non-cytotoxic T cells,True
pbmc3k_GAAACCTGATGCCA-1,PBMC3k,Donor 1,IL7R+ memory/helper T cells,Non-cytotoxic T cells,True
pbmc3k_GAAACCTGCTTATC-1,PBMC3k,Donor 1,IL7R+ memory/helper T cells,Non-cytotoxic T cells,True
pbmc3k_GAAACCTGGACTAC-1,PBMC3k,Donor 1,CD16+ non-classical monocytes,CD16+ non-classical monocytes,True
pbmc3k_GAAACCTGTGCTAG-1,PBMC3k,Donor 1,IL7R+ memory/helper T cells,Non-cytotoxic T cells,True
pbmc3k_GAAAGATGATTTCC-1,PBMC3k,Donor 1,IL7R+ memory/helper T cells,Non-cytotoxic T cells,True
pbmc3k_GAAAGATGCTGATG-1,PBMC3k,Donor 1,CD16+ non-classical monocytes,CD16+ non-classical monocytes,True
pbmc3k_GAAAGATGCTTCGC-1,PBMC3k,Donor 1,Classical monocytes,Classical monocytes,True
pbmc3k_GAAAGATGTAAGGA-1,PBMC3k,Donor 1,Activated/transitional T cells,Cytotoxic T cells,True
pbmc3k_GAAAGCCTACGTTG-1,PBMC3k,Donor 1,B cells,B cells,True
pbmc3k_GAAAGTGAAAGTGA-1,PBMC3k,Donor 1,Classical monocytes,Classical monocytes,True
pbmc3k_GAAAGTGACCACAA-1,PBMC3k,Donor 1,Classical monocytes,Classical monocytes,True
pbmc3k_GAAAGTGACTCAAG-1,PBMC3k,Donor 1,IL7R+ memory/helper T cells,Non-cytotoxic T cells,True
pbmc3k_GAAATACTACCAAC-1,PBMC3k,Donor 1,Classical monocytes,Classical monocytes,True
pbmc3k_GAAATACTCTTAGG-1,PBMC3k,Donor 1,B cells,B cells,True
pbmc3k_GAAATACTTCCTCG-1,PBMC3k,Donor 1,IL7R+ memory/helper T cells,Non-cytotoxic T cells,True
pbmc3k_GAACACACGTGCAT-1,PBMC3k,Donor 1,Classical monocytes,Classical monocytes,True
pbmc3k_GAACACACTGCCTC-1,PBMC3k,Donor 1,Naive/resting T cells,Non-cytotoxic T cells,True
pbmc3k_GAACAGCTAACTGC-1,PBMC3k,Donor 1,CD16+ non-classical monocytes,CD16+ non-classical monocytes,True
pbmc3k_GAACAGCTCTCAGA-1,PBMC3k,Donor 1,CD16+ non-classical monocytes,CD16+ non-classical monocytes,True
pbmc3k_GAACCAACCACAAC-1,PBMC3k,Donor 1,Activated/transitional T cells,Cytotoxic T cells,True
pbmc3k_GAACCAACTTCCGC-1,PBMC3k,Donor 1,NK cells,NK cells,True
pbmc3k_GAACCTGAACGTGT-1,PBMC3k,Donor 1,IL7R+ memory/helper T cells,Non-cytotoxic T cells,True
pbmc3k_GAACCTGAGAGACG-1,PBMC3k,Donor 1,IL7R+ memory/helper T cells,Non-cytotoxic T cells,True
pbmc3k_GAACCTGATGAACC-1,PBMC3k,Donor 1,IL7R+ memory/helper T cells,Non-cytotoxic T cells,True
pbmc3k_GAACGGGATACTTC-1,PBMC3k,Donor 1,Naive/resting T cells,Non-cytotoxic T cells,True
pbmc3k_GAACTGTGACCTGA-1,PBMC3k,Donor 1,CD16+ non-classical monocytes,CD16+ non-classical monocytes,True
pbmc3k_GAACTGTGCCAGTA-1,PBMC3k,Donor 1,Classical monocytes,Classical monocytes,True
pbmc3k_GAAGAATGCAATCG-1,PBMC3k,Donor 1,Naive/resting T cells,Non-cytotoxic T cells,True
pbmc3k_GAAGCGGACCTATT-1,PBMC3k,Donor 1,Classical monocytes,Classical monocytes,True
pbmc3k_GAAGCTACGAATGA-1,PBMC3k,Donor 1,Classical monocytes,Classical monocytes,True
pbmc3k_GAAGCTACGGTTTG-1,PBMC3k,Donor 1,IL7R+ memory/helper T cells,Non-cytotoxic T cells,True
pbmc3k_GAAGGGTGAAAGTG-1,PBMC3k,Donor 1,IL7R+ memory/helper T cells,Non-cytotoxic T cells,True
pbmc3k_GAAGGGTGCTTAGG-1,PBMC3k,Donor 1,Classical monocytes,Classical monocytes,True
pbmc3k_GAAGGTCTGAAAGT-1,PBMC3k,Donor 1,IL7R+ memory/helper T cells,Non-cytotoxic T cells,True
pbmc3k_GAAGGTCTGTTGCA-1,PBMC3k,Donor 1,Naive/resting T cells,Non-cytotoxic T cells,True
pbmc3k_GAAGGTCTTAAAGG-1,PBMC3k,Donor 1,Classical monocytes,Classical monocytes,True
pbmc3k_GAAGTAGACTCCCA-1,PBMC3k,Donor 1,Cytotoxic CD8 T cells,Cytotoxic T cells,True
pbmc3k_GAAGTAGATCCAAG-1,PBMC3k,Donor 1,CD16+ non-classical monocytes,CD16+ non-classical monocytes,True
pbmc3k_GAAGTCACCCTCGT-1,PBMC3k,Donor 1,Classical monocytes,Classical monocytes,True
pbmc3k_GAAGTCACCCTGTC-1,PBMC3k,Donor 1,B cells,B cells,True
pbmc3k_GAAGTCTGTCGCAA-1,PBMC3k,Donor 1,B cells,B cells,True
pbmc3k_GAAGTCTGTTCTGT-1,PBMC3k,Donor 1,Naive/resting T cells,Non-cytotoxic T cells,True
pbmc3k_GAAGTGCTAAACGA-1,PBMC3k,Donor 1,NK cells,NK cells,True
pbmc3k_GAAGTGCTCCGCTT-1,PBMC3k,Donor 1,Classical monocytes,Classical monocytes,True
pbmc3k_GAAGTGCTTAACCG-1,PBMC3k,Donor 1,IL7R+ memory/helper T cells,Non-cytotoxic T cells,True
pbmc3k_GAATGCACCCTAAG-1,PBMC3k,Donor 1,IL7R+ memory/helper T cells,Non-cytotoxic T cells,True
pbmc3k_GAATGCACCTTCGC-1,PBMC3k,Donor 1,NK cells,NK cells,True
pbmc3k_GAATGCTGCGGTAT-1,PBMC3k,Donor 1,Naive/resting T cells,Non-cytotoxic T cells,True
pbmc3k_GAATTAACGATAAG-1,PBMC3k,Donor 1,Naive/resting T cells,Non-cytotoxic T cells,True
pbmc3k_GAATTAACGGTCAT-1,PBMC3k,Donor 1,IL7R+ memory/helper T cells,Non-cytotoxic T cells,True
pbmc3k_GAATTAACGTCGTA-1,PBMC3k,Donor 1,NK cells,NK cells,True
pbmc3k_GAATTAACTGAAGA-1,PBMC3k,Donor 1,B cells,B cells,True
pbmc3k_GACAACACAGGCGA-1,PBMC3k,Donor 1,Naive/resting T cells,Non-cytotoxic T cells,True
pbmc3k_GACAACACATCGTG-1,PBMC3k,Donor 1,Naive/resting T cells,Non-cytotoxic T cells,True
pbmc3k_GACAACACTCGCCT-1,PBMC3k,Donor 1,Naive/resting T cells,Non-cytotoxic T cells,True
pbmc3k_GACAACTGAGGTTC-1,PBMC3k,Donor 1,IL7R+ memory/helper T cells,Non-cytotoxic T cells,True
pbmc3k_GACAGGGAAGAGTA-1,PBMC3k,Donor 1,B cells,B cells,True
pbmc3k_GACAGGGAATGCCA-1,PBMC3k,Donor 1,IL7R+ memory/helper T cells,Non-cytotoxic T cells,True
pbmc3k_GACAGTACGAGCTT-1,PBMC3k,Donor 1,CD16+ non-classical monocytes,CD16+ non-classical monocytes,True
pbmc3k_GACAGTACTTCGGA-1,PBMC3k,Donor 1,CD16+ non-classical monocytes,CD16+ non-classical monocytes,True
pbmc3k_GACAGTTGAGTAGA-1,PBMC3k,Donor 1,B cells,B cells,True
pbmc3k_GACATTCTCCACCT-1,PBMC3k,Donor 1,Classical monocytes,Classical monocytes,True
pbmc3k_GACCAAACGACTAC-1,PBMC3k,Donor 1,Classical monocytes,Classical monocytes,True
pbmc3k_GACCAAACGTATCG-1,PBMC3k,Donor 1,Classical monocytes,Classical monocytes,True
pbmc3k_GACCCTACTAAAGG-1,PBMC3k,Donor 1,B cells,B cells,True
pbmc3k_GACCTAGACCTCAC-1,PBMC3k,Donor 1,Activated/transitional T cells,Cytotoxic T cells,True
pbmc3k_GACCTAGACGAGAG-1,PBMC3k,Donor 1,IL7R+ memory/helper T cells,Non-cytotoxic T cells,True
pbmc3k_GACCTCACAAGGTA-1,PBMC3k,Donor 1,Naive/resting T cells,Non-cytotoxic T cells,True
pbmc3k_GACCTCACGTACGT-1,PBMC3k,Donor 1,Classical monocytes,Classical monocytes,True
pbmc3k_GACCTCTGCATCAG-1,PBMC3k,Donor 1,Naive/resting T cells,Non-cytotoxic T cells,True
pbmc3k_GACGAACTCCCACT-1,PBMC3k,Donor 1,Naive/resting T cells,Non-cytotoxic T cells,True
pbmc3k_GACGATTGCCAATG-1,PBMC3k,Donor 1,B cells,B cells,True
pbmc3k_GACGCCGACCTTCG-1,PBMC3k,Donor 1,IL7R+ memory/helper T cells,Non-cytotoxic T cells,True
pbmc3k_GACGCTCTCTCTCG-1,PBMC3k,Donor 1,Platelets,,False
pbmc3k_GACGGCACACGGGA-1,PBMC3k,Donor 1,NK cells,NK cells,True
pbmc3k_GACGGCACGAGATA-1,PBMC3k,Donor 1,Classical monocytes,Classical monocytes,True
pbmc3k_GACGTAACCTATGG-1,PBMC3k,Donor 1,IL7R+ memory/helper T cells,Non-cytotoxic T cells,True
pbmc3k_GACGTAACCTGTGA-1,PBMC3k,Donor 1,IL7R+ memory/helper T cells,Non-cytotoxic T cells,True
pbmc3k_GACGTAACTATGGC-1,PBMC3k,Donor 1,IL7R+ memory/helper T cells,Non-cytotoxic T cells,True
pbmc3k_GACGTATGTTGACG-1,PBMC3k,Donor 1,Naive/resting T cells,Non-cytotoxic T cells,True
pbmc3k_GACGTATGTTTGCT-1,PBMC3k,Donor 1,IL7R+ memory/helper T cells,Non-cytotoxic T cells,True
pbmc3k_GACGTCCTACGGAG-1,PBMC3k,Donor 1,IL7R+ memory/helper T cells,Non-cytotoxic T cells,True
pbmc3k_GACGTCCTCTCAAG-1,PBMC3k,Donor 1,Classical monocytes,Classical monocytes,True
pbmc3k_GACGTCCTGATAAG-1,PBMC3k,Donor 1,B cells,B cells,True
pbmc3k_GACTACGATGGTCA-1,PBMC3k,Donor 1,B cells,B cells,True
pbmc3k_GACTCCTGCTCGCT-1,PBMC3k,Donor 1,Naive/resting T cells,Non-cytotoxic T cells,True
pbmc3k_GACTCCTGGGTTAC-1,PBMC3k,Donor 1,Naive/resting T cells,Non-cytotoxic T cells,True
pbmc3k_GACTCCTGTTATCC-1,PBMC3k,Donor 1,IL7R+ memory/helper T cells,Non-cytotoxic T cells,True
pbmc3k_GACTCCTGTTGGTG-1,PBMC3k,Donor 1,Classical monocytes,Classical monocytes,True
pbmc3k_GACTGAACCAATCG-1,PBMC3k,Donor 1,Classical monocytes,Classical monocytes,True
pbmc3k_GACTGATGTGATGC-1,PBMC3k,Donor 1,Naive/resting T cells,Non-cytotoxic T cells,True
pbmc3k_GACTTTACATGCCA-1,PBMC3k,Donor 1,Naive/resting T cells,Non-cytotoxic T cells,True
pbmc3k_GACTTTACGACAGG-1,PBMC3k,Donor 1,B cells,B cells,True
pbmc3k_GAGAAATGTTCTCA-1,PBMC3k,Donor 1,B cells,B cells,True
pbmc3k_GAGATAGAAAAAGC-1,PBMC3k,Donor 1,Classical monocytes,Classical monocytes,True
pbmc3k_GAGATCACGACAAA-1,PBMC3k,Donor 1,CD16+ non-classical monocytes,CD16+ non-classical monocytes,True
pbmc3k_GAGATGCTCTGGAT-1,PBMC3k,Donor 1,Cytotoxic CD8 T cells,Cytotoxic T cells,True
pbmc3k_GAGATGCTGAATGA-1,PBMC3k,Donor 1,IL7R+ memory/helper T cells,Non-cytotoxic T cells,True
pbmc3k_GAGCAGGATTCCCG-1,PBMC3k,Donor 1,Cytotoxic CD8 T cells,Cytotoxic T cells,True
pbmc3k_GAGCATACTTTGCT-1,PBMC3k,Donor 1,CD16+ non-classical monocytes,CD16+ non-classical monocytes,True
pbmc3k_GAGCGCACGCGTAT-1,PBMC3k,Donor 1,Classical monocytes,Classical monocytes,True
pbmc3k_GAGCGCACGGTGAG-1,PBMC3k,Donor 1,Activated/transitional T cells,Cytotoxic T cells,True
pbmc3k_GAGCGCTGAAGATG-1,PBMC3k,Donor 1,NK cells,NK cells,True
pbmc3k_GAGCGCTGTCTTAC-1,PBMC3k,Donor 1,Classical monocytes,Classical monocytes,True
pbmc3k_GAGCGGCTGGGAGT-1,PBMC3k,Donor 1,B cells,B cells,True
pbmc3k_GAGGACGACTCAGA-1,PBMC3k,Donor 1,Activated/transitional T cells,Cytotoxic T cells,True
pbmc3k_GAGGATCTGAAAGT-1,PBMC3k,Donor 1,B cells,B cells,True
pbmc3k_GAGGCAGACTTGCC-1,PBMC3k,Donor 1,Cytotoxic CD8 T cells,Cytotoxic T cells,True
pbmc3k_GAGGGAACACCAGT-1,PBMC3k,Donor 1,IL7R+ memory/helper T cells,Non-cytotoxic T cells,True
pbmc3k_GAGGGAACGAGGGT-1,PBMC3k,Donor 1,IL7R+ memory/helper T cells,Non-cytotoxic T cells,True
pbmc3k_GAGGGATGGGAAAT-1,PBMC3k,Donor 1,IL7R+ memory/helper T cells,Non-cytotoxic T cells,True
pbmc3k_GAGGGCCTTCACCC-1,PBMC3k,Donor 1,IL7R+ memory/helper T cells,Non-cytotoxic T cells,True
pbmc3k_GAGGGTGAAGAGTA-1,PBMC3k,Donor 1,Naive/resting T cells,Non-cytotoxic T cells,True
pbmc3k_GAGGTACTACGGTT-1,PBMC3k,Donor 1,Naive/resting T cells,Non-cytotoxic T cells,True
pbmc3k_GAGGTACTACTCAG-1,PBMC3k,Donor 1,Classical monocytes,Classical monocytes,True
pbmc3k_GAGGTACTGACACT-1,PBMC3k,Donor 1,NK cells,NK cells,True
pbmc3k_GAGGTACTGGGAGT-1,PBMC3k,Donor 1,Activated/transitional T cells,Cytotoxic T cells,True
pbmc3k_GAGGTACTTAGCGT-1,PBMC3k,Donor 1,Classical monocytes,Classical monocytes,True
pbmc3k_GAGGTGGAGTACGT-1,PBMC3k,Donor 1,Naive/resting T cells,Non-cytotoxic T cells,True
pbmc3k_GAGGTGGATCCTCG-1,PBMC3k,Donor 1,NK cells,NK cells,True
pbmc3k_GAGGTTACTCGTTT-1,PBMC3k,Donor 1,Classical monocytes,Classical monocytes,True
pbmc3k_GAGGTTTGTAAGCC-1,PBMC3k,Donor 1,Classical monocytes,Classical monocytes,True
pbmc3k_GAGTCAACCATTCT-1,PBMC3k,Donor 1,Activated/transitional T cells,Cytotoxic T cells,True
pbmc3k_GAGTCAACGGGAGT-1,PBMC3k,Donor 1,Naive/resting T cells,Non-cytotoxic T cells,True
pbmc3k_GAGTCTGATCGTGA-1,PBMC3k,Donor 1,IL7R+ memory/helper T cells,Non-cytotoxic T cells,True
pbmc3k_GAGTCTGATTTGGG-1,PBMC3k,Donor 1,B cells,B cells,True
pbmc3k_GAGTGACTCAGCTA-1,PBMC3k,Donor 1,IL7R+ memory/helper T cells,Non-cytotoxic T cells,True
pbmc3k_GAGTGACTCGGTAT-1,PBMC3k,Donor 1,Cytotoxic CD8 T cells,Cytotoxic T cells,True
pbmc3k_GAGTGACTCTTGCC-1,PBMC3k,Donor 1,B cells,B cells,True
pbmc3k_GAGTGACTGACTAC-1,PBMC3k,Donor 1,B cells,B cells,True
pbmc3k_GAGTGACTGTCTAG-1,PBMC3k,Donor 1,Naive/resting T cells,Non-cytotoxic T cells,True
pbmc3k_GAGTGGGAGTCTTT-1,PBMC3k,Donor 1,B cells,B cells,True
pbmc3k_GAGTGGGATGCCCT-1,PBMC3k,Donor 1,Naive/resting T cells,Non-cytotoxic T cells,True
pbmc3k_GAGTGGGATGCTGA-1,PBMC3k,Donor 1,B cells,B cells,True
pbmc3k_GAGTGTTGCTGTAG-1,PBMC3k,Donor 1,IL7R+ memory/helper T cells,Non-cytotoxic T cells,True
pbmc3k_GAGTGTTGTGGTCA-1,PBMC3k,Donor 1,Naive/resting T cells,Non-cytotoxic T cells,True
pbmc3k_GAGTTGTGCATGGT-1,PBMC3k,Donor 1,Classical monocytes,Classical monocytes,True
pbmc3k_GAGTTGTGCTGAGT-1,PBMC3k,Donor 1,Cytotoxic CD8 T cells,Cytotoxic T cells,True
pbmc3k_GAGTTGTGGCGAGA-1,PBMC3k,Donor 1,Classical monocytes,Classical monocytes,True
pbmc3k_GAGTTGTGGTAGCT-1,PBMC3k,Donor 1,Platelets,,False
pbmc3k_GAGTTGTGTATGCG-1,PBMC3k,Donor 1,CD16+ non-classical monocytes,CD16+ non-classical monocytes,True
pbmc3k_GATAAGGAGAAACA-1,PBMC3k,Donor 1,Classical monocytes,Classical monocytes,True
pbmc3k_GATAAGGATTCACT-1,PBMC3k,Donor 1,Classical monocytes,Classical monocytes,True
pbmc3k_GATACTCTATCGGT-1,PBMC3k,Donor 1,Naive/resting T cells,Non-cytotoxic T cells,True
pbmc3k_GATACTCTTACTTC-1,PBMC3k,Donor 1,Naive/resting T cells,Non-cytotoxic T cells,True
pbmc3k_GATACTCTTGACTG-1,PBMC3k,Donor 1,Classical monocytes,Classical monocytes,True
pbmc3k_GATAGAGAAGGGTG-1,PBMC3k,Donor 1,Cytotoxic CD8 T cells,Cytotoxic T cells,True
pbmc3k_GATAGAGACTGTGA-1,PBMC3k,Donor 1,IL7R+ memory/helper T cells,Non-cytotoxic T cells,True
pbmc3k_GATAGAGATCACGA-1,PBMC3k,Donor 1,Classical monocytes,Classical monocytes,True
pbmc3k_GATAGCACCCATAG-1,PBMC3k,Donor 1,IL7R+ memory/helper T cells,Non-cytotoxic T cells,True
pbmc3k_GATAGCACGAAGGC-1,PBMC3k,Donor 1,Classical monocytes,Classical monocytes,True
pbmc3k_GATAGCACTTGTCT-1,PBMC3k,Donor 1,Naive/resting T cells,Non-cytotoxic T cells,True
pbmc3k_GATATAACAAGGTA-1,PBMC3k,Donor 1,IL7R+ memory/helper T cells,Non-cytotoxic T cells,True
pbmc3k_GATATAACACGCAT-1,PBMC3k,Donor 1,Naive/resting T cells,Non-cytotoxic T cells,True
pbmc3k_GATATATGCTGGAT-1,PBMC3k,Donor 1,Naive/resting T cells,Non-cytotoxic T cells,True
pbmc3k_GATATATGTCCGTC-1,PBMC3k,Donor 1,Cytotoxic CD8 T cells,Cytotoxic T cells,True
pbmc3k_GATATATGTGGAGG-1,PBMC3k,Donor 1,Classical monocytes,Classical monocytes,True
pbmc3k_GATATCCTAGAAGT-1,PBMC3k,Donor 1,IL7R+ memory/helper T cells,Non-cytotoxic T cells,True
pbmc3k_GATATCCTCCCGTT-1,PBMC3k,Donor 1,Classical monocytes,Classical monocytes,True
pbmc3k_GATATTGACAGGAG-1,PBMC3k,Donor 1,Cytotoxic CD8 T cells,Cytotoxic T cells,True
pbmc3k_GATATTGACGAGTT-1,PBMC3k,Donor 1,CD16+ non-classical monocytes,CD16+ non-classical monocytes,True
pbmc3k_GATATTGAGCCAAT-1,PBMC3k,Donor 1,Naive/resting T cells,Non-cytotoxic T cells,True
pbmc3k_GATCCCTGACCTTT-1,PBMC3k,Donor 1,NK cells,NK cells,True
pbmc3k_GATCCCTGTGTAGC-1,PBMC3k,Donor 1,Cytotoxic CD8 T cells,Cytotoxic T cells,True
pbmc3k_GATCCGCTGGTCAT-1,PBMC3k,Donor 1,Classical monocytes,Classical monocytes,True
pbmc3k_GATCGAACCGAGAG-1,PBMC3k,Donor 1,IL7R+ memory/helper T cells,Non-cytotoxic T cells,True
pbmc3k_GATCGATGACTAGC-1,PBMC3k,Donor 1,B cells,B cells,True
pbmc3k_GATCGATGGTAAAG-1,PBMC3k,Donor 1,B cells,B cells,True
pbmc3k_GATCGATGTAAGGA-1,PBMC3k,Donor 1,Classical monocytes,Classical monocytes,True
pbmc3k_GATCGTGACACTAG-1,PBMC3k,Donor 1,Naive/resting T cells,Non-cytotoxic T cells,True
pbmc3k_GATCGTGATTCACT-1,PBMC3k,Donor 1,IL7R+ memory/helper T cells,Non-cytotoxic T cells,True
pbmc3k_GATCTACTGGTGAG-1,PBMC3k,Donor 1,Cytotoxic CD8 T cells,Cytotoxic T cells,True
pbmc3k_GATCTACTTTGCAG-1,PBMC3k,Donor 1,B cells,B cells,True
pbmc3k_GATCTTACACCCAA-1,PBMC3k,Donor 1,CD16+ non-classical monocytes,CD16+ non-classical monocytes,True
pbmc3k_GATCTTACCCTACC-1,PBMC3k,Donor 1,IL7R+ memory/helper T cells,Non-cytotoxic T cells,True
pbmc3k_GATCTTACGAATAG-1,PBMC3k,Donor 1,Classical monocytes,Classical monocytes,True
pbmc3k_GATCTTACGAGATA-1,PBMC3k,Donor 1,Classical monocytes,Classical monocytes,True
pbmc3k_GATGCAACTCCAGA-1,PBMC3k,Donor 1,IL7R+ memory/helper T cells,Non-cytotoxic T cells,True
pbmc3k_GATGCCCTACGTAC-1,PBMC3k,Donor 1,IL7R+ memory/helper T cells,Non-cytotoxic T cells,True
pbmc3k_GATGCCCTCTCATT-1,PBMC3k,Donor 1,IL7R+ memory/helper T cells,Non-cytotoxic T cells,True
pbmc3k_GATGCCCTGGCAAG-1,PBMC3k,Donor 1,Classical monocytes,Classical monocytes,True
pbmc3k_GATGCCCTTTTGCT-1,PBMC3k,Donor 1,Naive/resting T cells,Non-cytotoxic T cells,True
pbmc3k_GATTACCTTGTTCT-1,PBMC3k,Donor 1,Naive/resting T cells,Non-cytotoxic T cells,True
pbmc3k_GATTCGGAACGACT-1,PBMC3k,Donor 1,Naive/resting T cells,Non-cytotoxic T cells,True
pbmc3k_GATTCGGACAGGAG-1,PBMC3k,Donor 1,Classical monocytes,Classical monocytes,True
pbmc3k_GATTCGGAGAAGGC-1,PBMC3k,Donor 1,CD16+ non-classical monocytes,CD16+ non-classical monocytes,True
pbmc3k_GATTCTTGATTCGG-1,PBMC3k,Donor 1,Classical monocytes,Classical monocytes,True
pbmc3k_GATTCTTGCCGATA-1,PBMC3k,Donor 1,Cytotoxic CD8 T cells,Cytotoxic T cells,True
pbmc3k_GATTCTTGCGAGTT-1,PBMC3k,Donor 1,B cells,B cells,True
pbmc3k_GATTGGACCCGTTC-1,PBMC3k,Donor 1,B cells,B cells,True
pbmc3k_GATTGGACGGTGTT-1,PBMC3k,Donor 1,B cells,B cells,True
pbmc3k_GATTGGACTTTCGT-1,PBMC3k,Donor 1,B cells,B cells,True
pbmc3k_GATTGGTGTGTCAG-1,PBMC3k,Donor 1,IL7R+ memory/helper T cells,Non-cytotoxic T cells,True
pbmc3k_GATTTAGACACTCC-1,PBMC3k,Donor 1,CD16+ non-classical monocytes,CD16+ non-classical monocytes,True
pbmc3k_GATTTAGACTAAGC-1,PBMC3k,Donor 1,B cells,B cells,True
pbmc3k_GATTTAGATTCGTT-1,PBMC3k,Donor 1,Classical monocytes,Classical monocytes,True
pbmc3k_GATTTGCTAACGAA-1,PBMC3k,Donor 1,IL7R+ memory/helper T cells,Non-cytotoxic T cells,True
pbmc3k_GATTTGCTAACGGG-1,PBMC3k,Donor 1,Classical monocytes,Classical monocytes,True
pbmc3k_GCAACCCTCCTCGT-1,PBMC3k,Donor 1,Classical monocytes,Classical monocytes,True
pbmc3k_GCAACTGATTGCGA-1,PBMC3k,Donor 1,Naive/resting T cells,Non-cytotoxic T cells,True
pbmc3k_GCAAGACTACTGGT-1,PBMC3k,Donor 1,IL7R+ memory/helper T cells,Non-cytotoxic T cells,True
pbmc3k_GCAAGACTAGGTCT-1,PBMC3k,Donor 1,IL7R+ memory/helper T cells,Non-cytotoxic T cells,True
pbmc3k_GCAAGACTCCCTTG-1,PBMC3k,Donor 1,Naive/resting T cells,Non-cytotoxic T cells,True
pbmc3k_GCAATCGACTGCAA-1,PBMC3k,Donor 1,Cytotoxic CD8 T cells,Cytotoxic T cells,True
pbmc3k_GCAATCGAGACGTT-1,PBMC3k,Donor 1,CD16+ non-classical monocytes,CD16+ non-classical monocytes,True
pbmc3k_GCAATCGATCCTTA-1,PBMC3k,Donor 1,Classical monocytes,Classical monocytes,True
pbmc3k_GCAATTCTCGTGTA-1,PBMC3k,Donor 1,IL7R+ memory/helper T cells,Non-cytotoxic T cells,True
pbmc3k_GCAATTCTTCTCCG-1,PBMC3k,Donor 1,IL7R+ memory/helper T cells,Non-cytotoxic T cells,True
pbmc3k_GCACAAACAATGCC-1,PBMC3k,Donor 1,Activated/transitional T cells,Cytotoxic T cells,True
pbmc3k_GCACAAACGGTACT-1,PBMC3k,Donor 1,IL7R+ memory/helper T cells,Non-cytotoxic T cells,True
pbmc3k_GCACAATGGTGCAT-1,PBMC3k,Donor 1,Classical monocytes,Classical monocytes,True
pbmc3k_GCACACCTGTGCTA-1,PBMC3k,Donor 1,NK cells,NK cells,True
pbmc3k_GCACCACTCATGAC-1,PBMC3k,Donor 1,Classical monocytes,Classical monocytes,True
pbmc3k_GCACCACTGTTTGG-1,PBMC3k,Donor 1,Classical monocytes,Classical monocytes,True
pbmc3k_GCACCACTTCCTTA-1,PBMC3k,Donor 1,NK cells,NK cells,True
pbmc3k_GCACCACTTTCGGA-1,PBMC3k,Donor 1,Classical monocytes,Classical monocytes,True
pbmc3k_GCACCTACGCGATT-1,PBMC3k,Donor 1,IL7R+ memory/helper T cells,Non-cytotoxic T cells,True
pbmc3k_GCACCTTGGCTGTA-1,PBMC3k,Donor 1,Activated/transitional T cells,Cytotoxic T cells,True
pbmc3k_GCACCTTGGGGAGT-1,PBMC3k,Donor 1,Classical monocytes,Classical monocytes,True
pbmc3k_GCACGGACCAGCTA-1,PBMC3k,Donor 1,IL7R+ memory/helper T cells,Non-cytotoxic T cells,True
pbmc3k_GCACGGTGACCTCC-1,PBMC3k,Donor 1,IL7R+ memory/helper T cells,Non-cytotoxic T cells,True
pbmc3k_GCACGGTGCTATGG-1,PBMC3k,Donor 1,Classical monocytes,Classical monocytes,True
pbmc3k_GCACTAGAACGGGA-1,PBMC3k,Donor 1,IL7R+ memory/helper T cells,Non-cytotoxic T cells,True
pbmc3k_GCACTAGAAGATGA-1,PBMC3k,Donor 1,B cells,B cells,True
pbmc3k_GCACTAGACCTTTA-1,PBMC3k,Donor 1,CD16+ non-classical monocytes,CD16+ non-classical monocytes,True
pbmc3k_GCACTAGACGTAAC-1,PBMC3k,Donor 1,B cells,B cells,True
pbmc3k_GCACTAGAGTCGTA-1,PBMC3k,Donor 1,Cytotoxic CD8 T cells,Cytotoxic T cells,True
pbmc3k_GCACTAGATGCAAC-1,PBMC3k,Donor 1,IL7R+ memory/helper T cells,Non-cytotoxic T cells,True
pbmc3k_GCACTGCTGAGGCA-1,PBMC3k,Donor 1,IL7R+ memory/helper T cells,Non-cytotoxic T cells,True
pbmc3k_GCAGATACAGCGTT-1,PBMC3k,Donor 1,Cytotoxic CD8 T cells,Cytotoxic T cells,True
pbmc3k_GCAGATACGACGGA-1,PBMC3k,Donor 1,IL7R+ memory/helper T cells,Non-cytotoxic T cells,True
pbmc3k_GCAGATACGCAGAG-1,PBMC3k,Donor 1,IL7R+ memory/helper T cells,Non-cytotoxic T cells,True
pbmc3k_GCAGCCGACAGTCA-1,PBMC3k,Donor 1,Naive/resting T cells,Non-cytotoxic T cells,True
pbmc3k_GCAGCGTGCACTCC-1,PBMC3k,Donor 1,Naive/resting T cells,Non-cytotoxic T cells,True
pbmc3k_GCAGCTCTCAATCG-1,PBMC3k,Donor 1,Naive/resting T cells,Non-cytotoxic T cells,True
pbmc3k_GCAGCTCTGTTTCT-1,PBMC3k,Donor 1,IL7R+ memory/helper T cells,Non-cytotoxic T cells,True
pbmc3k_GCAGGGCTAAGAAC-1,PBMC3k,Donor 1,Naive/resting T cells,Non-cytotoxic T cells,True
pbmc3k_GCAGGGCTAAGGGC-1,PBMC3k,Donor 1,IL7R+ memory/helper T cells,Non-cytotoxic T cells,True
pbmc3k_GCAGGGCTATCGAC-1,PBMC3k,Donor 1,NK cells,NK cells,True
pbmc3k_GCAGGGCTTGGGAG-1,PBMC3k,Donor 1,Cytotoxic CD8 T cells,Cytotoxic T cells,True
pbmc3k_GCAGTCCTAACTGC-1,PBMC3k,Donor 1,IL7R+ memory/helper T cells,Non-cytotoxic T cells,True
pbmc3k_GCAGTCCTCTCTTA-1,PBMC3k,Donor 1,Naive/resting T cells,Non-cytotoxic T cells,True
pbmc3k_GCATCAGATGCGTA-1,PBMC3k,Donor 1,Cytotoxic CD8 T cells,Cytotoxic T cells,True
pbmc3k_GCATGTGACAAGCT-1,PBMC3k,Donor 1,Naive/resting T cells,Non-cytotoxic T cells,True
pbmc3k_GCATTGGAGAAGGC-1,PBMC3k,Donor 1,IL7R+ memory/helper T cells,Non-cytotoxic T cells,True
pbmc3k_GCCAAAACGAGGCA-1,PBMC3k,Donor 1,Cytotoxic CD8 T cells,Cytotoxic T cells,True
pbmc3k_GCCAAATGATCGAC-1,PBMC3k,Donor 1,IL7R+ memory/helper T cells,Non-cytotoxic T cells,True
pbmc3k_GCCAACCTACGGTT-1,PBMC3k,Donor 1,Naive/resting T cells,Non-cytotoxic T cells,True
pbmc3k_GCCAACCTCGCCTT-1,PBMC3k,Donor 1,Activated/transitional T cells,Cytotoxic T cells,True
pbmc3k_GCCACGGAGGCGAA-1,PBMC3k,Donor 1,Classical monocytes,Classical monocytes,True
pbmc3k_GCCACGGATACTGG-1,PBMC3k,Donor 1,Naive/resting T cells,Non-cytotoxic T cells,True
pbmc3k_GCCACTACGTCTTT-1,PBMC3k,Donor 1,Naive/resting T cells,Non-cytotoxic T cells,True
pbmc3k_GCCCAACTACCGAT-1,PBMC3k,Donor 1,IL7R+ memory/helper T cells,Non-cytotoxic T cells,True
pbmc3k_GCCCAACTATGGTC-1,PBMC3k,Donor 1,Cytotoxic CD8 T cells,Cytotoxic T cells,True
pbmc3k_GCCCATACAGCGTT-1,PBMC3k,Donor 1,Cytotoxic CD8 T cells,Cytotoxic T cells,True
pbmc3k_GCCGACGAACTCTT-1,PBMC3k,Donor 1,Classical monocytes,Classical monocytes,True
pbmc3k_GCCGAGTGCGTTGA-1,PBMC3k,Donor 1,IL7R+ memory/helper T cells,Non-cytotoxic T cells,True
pbmc3k_GCCGGAACGAACTC-1,PBMC3k,Donor 1,Cytotoxic CD8 T cells,Cytotoxic T cells,True
pbmc3k_GCCGGAACGTTCTT-1,PBMC3k,Donor 1,NK cells,NK cells,True
pbmc3k_GCCGGAACTGCACA-1,PBMC3k,Donor 1,NK cells,NK cells,True
pbmc3k_GCCGGAACTTACTC-1,PBMC3k,Donor 1,IL7R+ memory/helper T cells,Non-cytotoxic T cells,True
pbmc3k_GCCGTACTACCTGA-1,PBMC3k,Donor 1,Naive/resting T cells,Non-cytotoxic T cells,True
pbmc3k_GCCGTACTGGCAAG-1,PBMC3k,Donor 1,Classical monocytes,Classical monocytes,True
pbmc3k_GCCTACACAGTTCG-1,PBMC3k,Donor 1,NK cells,NK cells,True
pbmc3k_GCCTACACCACTGA-1,PBMC3k,Donor 1,CD16+ non-classical monocytes,CD16+ non-classical monocytes,True
pbmc3k_GCCTACACCTTGAG-1,PBMC3k,Donor 1,Naive/resting T cells,Non-cytotoxic T cells,True
pbmc3k_GCCTAGCTACGGAG-1,PBMC3k,Donor 1,B cells,B cells,True
pbmc3k_GCCTAGCTCTATTC-1,PBMC3k,Donor 1,IL7R+ memory/helper T cells,Non-cytotoxic T cells,True
pbmc3k_GCCTAGCTTCTCAT-1,PBMC3k,Donor 1,Naive/resting T cells,Non-cytotoxic T cells,True
pbmc3k_GCCTAGCTTCTCTA-1,PBMC3k,Donor 1,CD16+ non-classical monocytes,CD16+ non-classical monocytes,True
pbmc3k_GCCTCAACCATGGT-1,PBMC3k,Donor 1,Naive/resting T cells,Non-cytotoxic T cells,True
pbmc3k_GCCTCAACTCTTTG-1,PBMC3k,Donor 1,IL7R+ memory/helper T cells,Non-cytotoxic T cells,True
pbmc3k_GCCTCATGTCTTAC-1,PBMC3k,Donor 1,Cytotoxic CD8 T cells,Cytotoxic T cells,True
pbmc3k_GCCTGACTCTCAAG-1,PBMC3k,Donor 1,Classical monocytes,Classical monocytes,True
pbmc3k_GCGAAGGAACTCTT-1,PBMC3k,Donor 1,Activated/transitional T cells,Cytotoxic T cells,True
pbmc3k_GCGAAGGATGCCAA-1,PBMC3k,Donor 1,Naive/resting T cells,Non-cytotoxic T cells,True
pbmc3k_GCGAGAGAGGGACA-1,PBMC3k,Donor 1,IL7R+ memory/helper T cells,Non-cytotoxic T cells,True
pbmc3k_GCGAGCACTGTCGA-1,PBMC3k,Donor 1,B cells,B cells,True
pbmc3k_GCGAGCACTTGACG-1,PBMC3k,Donor 1,Naive/resting T cells,Non-cytotoxic T cells,True
pbmc3k_GCGAGCACTTGCTT-1,PBMC3k,Donor 1,Classical monocytes,Classical monocytes,True
pbmc3k_GCGATATGGTACGT-1,PBMC3k,Donor 1,IL7R+ memory/helper T cells,Non-cytotoxic T cells,True
pbmc3k_GCGATATGGTGTTG-1,PBMC3k,Donor 1,Naive/resting T cells,Non-cytotoxic T cells,True
pbmc3k_GCGCACGAAGTCGT-1,PBMC3k,Donor 1,Naive/resting T cells,Non-cytotoxic T cells,True
pbmc3k_GCGCACGACTTTAC-1,PBMC3k,Donor 1,Classical monocytes,Classical monocytes,True
pbmc3k_GCGCATCTAGGTCT-1,PBMC3k,Donor 1,Naive/resting T cells,Non-cytotoxic T cells,True
pbmc3k_GCGCATCTGGTTAC-1,PBMC3k,Donor 1,Cytotoxic CD8 T cells,Cytotoxic T cells,True
pbmc3k_GCGCATCTTCGATG-1,PBMC3k,Donor 1,Naive/resting T cells,Non-cytotoxic T cells,True
pbmc3k_GCGCATCTTGCTCC-1,PBMC3k,Donor 1,NK cells,NK cells,True
pbmc3k_GCGCATCTTTCTAC-1,PBMC3k,Donor 1,Naive/resting T cells,Non-cytotoxic T cells,True
pbmc3k_GCGCGAACGTTCTT-1,PBMC3k,Donor 1,B cells,B cells,True
pbmc3k_GCGCGATGAACGGG-1,PBMC3k,Donor 1,Naive/resting T cells,Non-cytotoxic T cells,True
pbmc3k_GCGCGATGGTGCAT-1,PBMC3k,Donor 1,NK cells,NK cells,True
pbmc3k_GCGGAGCTCCTGAA-1,PBMC3k,Donor 1,IL7R+ memory/helper T cells,Non-cytotoxic T cells,True
pbmc3k_GCGGCAACCCGATA-1,PBMC3k,Donor 1,IL7R+ memory/helper T cells,Non-cytotoxic T cells,True
pbmc3k_GCGGCAACGGAGGT-1,PBMC3k,Donor 1,B cells,B cells,True
pbmc3k_GCGGCAACTGTCGA-1,PBMC3k,Donor 1,Classical monocytes,Classical monocytes,True
pbmc3k_GCGTAAACACGGTT-1,PBMC3k,Donor 1,Classical monocytes,Classical monocytes,True
pbmc3k_GCGTAATGCACCAA-1,PBMC3k,Donor 1,CD16+ non-classical monocytes,CD16+ non-classical monocytes,True
pbmc3k_GCGTATGAACACCA-1,PBMC3k,Donor 1,IL7R+ memory/helper T cells,Non-cytotoxic T cells,True
pbmc3k_GCGTATGATGAGAA-1,PBMC3k,Donor 1,Classical monocytes,Classical monocytes,True
pbmc3k_GCTACAGAAAGGTA-1,PBMC3k,Donor 1,IL7R+ memory/helper T cells,Non-cytotoxic T cells,True
pbmc3k_GCTACAGAATCTTC-1,PBMC3k,Donor 1,B cells,B cells,True
pbmc3k_GCTACCTGAGAAGT-1,PBMC3k,Donor 1,Classical monocytes,Classical monocytes,True
pbmc3k_GCTACCTGATCACG-1,PBMC3k,Donor 1,IL7R+ memory/helper T cells,Non-cytotoxic T cells,True
pbmc3k_GCTACGCTAGAATG-1,PBMC3k,Donor 1,Naive/resting T cells,Non-cytotoxic T cells,True
pbmc3k_GCTACGCTAGCTAC-1,PBMC3k,Donor 1,Cytotoxic CD8 T cells,Cytotoxic T cells,True
pbmc3k_GCTACGCTCCCTAC-1,PBMC3k,Donor 1,IL7R+ memory/helper T cells,Non-cytotoxic T cells,True
pbmc3k_GCTAGAACAGAGGC-1,PBMC3k,Donor 1,B cells,B cells,True
pbmc3k_GCTAGAACGGATCT-1,PBMC3k,Donor 1,IL7R+ memory/helper T cells,Non-cytotoxic T cells,True
pbmc3k_GCTAGAACTCCCGT-1,PBMC3k,Donor 1,Activated/transitional T cells,Cytotoxic T cells,True
pbmc3k_GCTAGATGAGCTCA-1,PBMC3k,Donor 1,Classical monocytes,Classical monocytes,True
pbmc3k_GCTAGATGGCGATT-1,PBMC3k,Donor 1,Cytotoxic CD8 T cells,Cytotoxic T cells,True
pbmc3k_GCTATACTAAGGCG-1,PBMC3k,Donor 1,IL7R+ memory/helper T cells,Non-cytotoxic T cells,True
pbmc3k_GCTATACTAGCGTT-1,PBMC3k,Donor 1,Cytotoxic CD8 T cells,Cytotoxic T cells,True
pbmc3k_GCTATACTCTCTTA-1,PBMC3k,Donor 1,Naive/resting T cells,Non-cytotoxic T cells,True
pbmc3k_GCTATACTGGACGA-1,PBMC3k,Donor 1,IL7R+ memory/helper T cells,Non-cytotoxic T cells,True
pbmc3k_GCTCAAGAACCATG-1,PBMC3k,Donor 1,CD16+ non-classical monocytes,CD16+ non-classical monocytes,True
pbmc3k_GCTCAAGAAGTCAC-1,PBMC3k,Donor 1,Classical monocytes,Classical monocytes,True
pbmc3k_GCTCAGCTGTCTAG-1,PBMC3k,Donor 1,Naive/resting T cells,Non-cytotoxic T cells,True
pbmc3k_GCTCCATGAGAAGT-1,PBMC3k,Donor 1,NK cells,NK cells,True
pbmc3k_GCTCCATGCCGAAT-1,PBMC3k,Donor 1,Naive/resting T cells,Non-cytotoxic T cells,True
pbmc3k_GCTCGACTCTAGTG-1,PBMC3k,Donor 1,Classical monocytes,Classical monocytes,True
pbmc3k_GCTGATGAGGTATC-1,PBMC3k,Donor 1,Classical monocytes,Classical monocytes,True
pbmc3k_GCTTAACTACAGTC-1,PBMC3k,Donor 1,Classical monocytes,Classical monocytes,True
pbmc3k_GCTTAACTACTGGT-1,PBMC3k,Donor 1,Cytotoxic CD8 T cells,Cytotoxic T cells,True
pbmc3k_GCTTAACTGCTGAT-1,PBMC3k,Donor 1,Naive/resting T cells,Non-cytotoxic T cells,True
pbmc3k_GCTTAACTTAGACC-1,PBMC3k,Donor 1,Classical monocytes,Classical monocytes,True
pbmc3k_GCTTAACTTCAGTG-1,PBMC3k,Donor 1,IL7R+ memory/helper T cells,Non-cytotoxic T cells,True
pbmc3k_GGAACACTCACTTT-1,PBMC3k,Donor 1,Classical monocytes,Classical monocytes,True
pbmc3k_GGAACACTTCAGAC-1,PBMC3k,Donor 1,Platelets,,False
pbmc3k_GGAACTACTACTTC-1,PBMC3k,Donor 1,IL7R+ memory/helper T cells,Non-cytotoxic T cells,True
pbmc3k_GGAACTTGAAGGTA-1,PBMC3k,Donor 1,Classical monocytes,Classical monocytes,True
pbmc3k_GGAACTTGAGAATG-1,PBMC3k,Donor 1,Cytotoxic CD8 T cells,Cytotoxic T cells,True
pbmc3k_GGAACTTGCTCCAC-1,PBMC3k,Donor 1,Classical monocytes,Classical monocytes,True
pbmc3k_GGAACTTGGGTAGG-1,PBMC3k,Donor 1,B cells,B cells,True
pbmc3k_GGAAGGACATCGGT-1,PBMC3k,Donor 1,Classical monocytes,Classical monocytes,True
pbmc3k_GGAAGGACCACTAG-1,PBMC3k,Donor 1,IL7R+ memory/helper T cells,Non-cytotoxic T cells,True
pbmc3k_GGAAGGACGAGGGT-1,PBMC3k,Donor 1,IL7R+ memory/helper T cells,Non-cytotoxic T cells,True
pbmc3k_GGAAGGACGCGAAG-1,PBMC3k,Donor 1,Cytotoxic CD8 T cells,Cytotoxic T cells,True
pbmc3k_GGAAGGTGGCGAGA-1,PBMC3k,Donor 1,NK cells,NK cells,True
pbmc3k_GGAATCTGAAGGGC-1,PBMC3k,Donor 1,IL7R+ memory/helper T cells,Non-cytotoxic T cells,True
pbmc3k_GGAATCTGAGGAGC-1,PBMC3k,Donor 1,IL7R+ memory/helper T cells,Non-cytotoxic T cells,True
pbmc3k_GGAATCTGCTTAGG-1,PBMC3k,Donor 1,B cells,B cells,True
pbmc3k_GGAATCTGCTTGTT-1,PBMC3k,Donor 1,Classical monocytes,Classical monocytes,True
pbmc3k_GGAATCTGGGAGGT-1,PBMC3k,Donor 1,IL7R+ memory/helper T cells,Non-cytotoxic T cells,True
pbmc3k_GGAATGCTTTCTAC-1,PBMC3k,Donor 1,Naive/resting T cells,Non-cytotoxic T cells,True
pbmc3k_GGACAGGAAAGGGC-1,PBMC3k,Donor 1,Cytotoxic CD8 T cells,Cytotoxic T cells,True
pbmc3k_GGACAGGAGTGCTA-1,PBMC3k,Donor 1,B cells,B cells,True
pbmc3k_GGACAGGATCTCGC-1,PBMC3k,Donor 1,IL7R+ memory/helper T cells,Non-cytotoxic T cells,True
pbmc3k_GGACCCGAAGCTAC-1,PBMC3k,Donor 1,Classical monocytes,Classical monocytes,True
pbmc3k_GGACCGTGCTTACT-1,PBMC3k,Donor 1,Classical monocytes,Classical monocytes,True
pbmc3k_GGACCGTGGGAACG-1,PBMC3k,Donor 1,Classical monocytes,Classical monocytes,True
pbmc3k_GGACCGTGTAACGC-1,PBMC3k,Donor 1,IL7R+ memory/helper T cells,Non-cytotoxic T cells,True
pbmc3k_GGACCTCTGTAAGA-1,PBMC3k,Donor 1,Classical monocytes,Classical monocytes,True
pbmc3k_GGACCTCTTTTCTG-1,PBMC3k,Donor 1,Cytotoxic CD8 T cells,Cytotoxic T cells,True
pbmc3k_GGACGAGAGTGTCA-1,PBMC3k,Donor 1,Classical monocytes,Classical monocytes,True
pbmc3k_GGACGCTGACGCAT-1,PBMC3k,Donor 1,Cytotoxic CD8 T cells,Cytotoxic T cells,True
pbmc3k_GGACGCTGCTAGCA-1,PBMC3k,Donor 1,Naive/resting T cells,Non-cytotoxic T cells,True
pbmc3k_GGACGCTGTCCTCG-1,PBMC3k,Donor 1,NK cells,NK cells,True
pbmc3k_GGAGAGACGTGAGG-1,PBMC3k,Donor 1,IL7R+ memory/helper T cells,Non-cytotoxic T cells,True
pbmc3k_GGAGCAGATTCAGG-1,PBMC3k,Donor 1,B cells,B cells,True
pbmc3k_GGAGCCACCTTCTA-1,PBMC3k,Donor 1,B cells,B cells,True
pbmc3k_GGAGCGCTACGCAT-1,PBMC3k,Donor 1,Classical monocytes,Classical monocytes,True
pbmc3k_GGAGCGCTCCGAAT-1,PBMC3k,Donor 1,IL7R+ memory/helper T cells,Non-cytotoxic T cells,True
pbmc3k_GGAGGATGCCACCT-1,PBMC3k,Donor 1,Naive/resting T cells,Non-cytotoxic T cells,True
pbmc3k_GGAGGATGGTTGAC-1,PBMC3k,Donor 1,Classical monocytes,Classical monocytes,True
pbmc3k_GGAGGATGTCAGTG-1,PBMC3k,Donor 1,Classical monocytes,Classical monocytes,True
pbmc3k_GGAGGCCTCGTTGA-1,PBMC3k,Donor 1,NK cells,NK cells,True
pbmc3k_GGAGGCCTTTCTTG-1,PBMC3k,Donor 1,Naive/resting T cells,Non-cytotoxic T cells,True
pbmc3k_GGAGGTGATACGCA-1,PBMC3k,Donor 1,IL7R+ memory/helper T cells,Non-cytotoxic T cells,True
pbmc3k_GGAGGTGATCGCTC-1,PBMC3k,Donor 1,IL7R+ memory/helper T cells,Non-cytotoxic T cells,True
pbmc3k_GGATACTGCAGCTA-1,PBMC3k,Donor 1,IL7R+ memory/helper T cells,Non-cytotoxic T cells,True
pbmc3k_GGATACTGTCTAGG-1,PBMC3k,Donor 1,IL7R+ memory/helper T cells,Non-cytotoxic T cells,True
pbmc3k_GGATAGCTCGTCTC-1,PBMC3k,Donor 1,IL7R+ memory/helper T cells,Non-cytotoxic T cells,True
pbmc3k_GGATAGCTCTGAAC-1,PBMC3k,Donor 1,Cytotoxic CD8 T cells,Cytotoxic T cells,True
pbmc3k_GGATGTACCAAAGA-1,PBMC3k,Donor 1,B cells,B cells,True
pbmc3k_GGATGTACGCGAAG-1,PBMC3k,Donor 1,Naive/resting T cells,Non-cytotoxic T cells,True
pbmc3k_GGATGTACGTCTTT-1,PBMC3k,Donor 1,Classical monocytes,Classical monocytes,True
pbmc3k_GGATGTACGTGTCA-1,PBMC3k,Donor 1,Cytotoxic CD8 T cells,Cytotoxic T cells,True
pbmc3k_GGATTTCTAGGTTC-1,PBMC3k,Donor 1,IL7R+ memory/helper T cells,Non-cytotoxic T cells,True
pbmc3k_GGATTTCTTTGTCT-1,PBMC3k,Donor 1,Classical monocytes,Classical monocytes,True
pbmc3k_GGCAAGGAAAAAGC-1,PBMC3k,Donor 1,NK cells,NK cells,True
pbmc3k_GGCAAGGAAGAAGT-1,PBMC3k,Donor 1,IL7R+ memory/helper T cells,Non-cytotoxic T cells,True
pbmc3k_GGCAAGGACTTGGA-1,PBMC3k,Donor 1,Classical monocytes,Classical monocytes,True
pbmc3k_GGCAAGGAGGACTT-1,PBMC3k,Donor 1,IL7R+ memory/helper T cells,Non-cytotoxic T cells,True
pbmc3k_GGCAATACGCTAAC-1,PBMC3k,Donor 1,B cells,B cells,True
pbmc3k_GGCAATACGGCATT-1,PBMC3k,Donor 1,Activated/transitional T cells,Cytotoxic T cells,True
pbmc3k_GGCAATACGTTTCT-1,PBMC3k,Donor 1,B cells,B cells,True
pbmc3k_GGCACGTGGCTTAG-1,PBMC3k,Donor 1,CD16+ non-classical monocytes,CD16+ non-classical monocytes,True
pbmc3k_GGCACTCTTTTGTC-1,PBMC3k,Donor 1,IL7R+ memory/helper T cells,Non-cytotoxic T cells,True
pbmc3k_GGCATATGCTTATC-1,PBMC3k,Donor 1,NK cells,NK cells,True
pbmc3k_GGCATATGGGGAGT-1,PBMC3k,Donor 1,Platelets,,False
pbmc3k_GGCATATGTGTGAC-1,PBMC3k,Donor 1,IL7R+ memory/helper T cells,Non-cytotoxic T cells,True
pbmc3k_GGCCACGACAGAGG-1,PBMC3k,Donor 1,Activated/transitional T cells,Cytotoxic T cells,True
pbmc3k_GGCCAGACTGGTTG-1,PBMC3k,Donor 1,IL7R+ memory/helper T cells,Non-cytotoxic T cells,True
pbmc3k_GGCCCAGAAAGTAG-1,PBMC3k,Donor 1,Classical monocytes,Classical monocytes,True
pbmc3k_GGCCGAACAACGAA-1,PBMC3k,Donor 1,Naive/resting T cells,Non-cytotoxic T cells,True
pbmc3k_GGCCGAACGCAGAG-1,PBMC3k,Donor 1,Activated/transitional T cells,Cytotoxic T cells,True
pbmc3k_GGCCGAACGTAGGG-1,PBMC3k,Donor 1,Naive/resting T cells,Non-cytotoxic T cells,True
pbmc3k_GGCCGAACTCTAGG-1,PBMC3k,Donor 1,NK cells,NK cells,True
pbmc3k_GGCCGATGCAGGAG-1,PBMC3k,Donor 1,IL7R+ memory/helper T cells,Non-cytotoxic T cells,True
pbmc3k_GGCCGATGCCGAAT-1,PBMC3k,Donor 1,IL7R+ memory/helper T cells,Non-cytotoxic T cells,True
pbmc3k_GGCCGATGTACTCT-1,PBMC3k,Donor 1,Cytotoxic CD8 T cells,Cytotoxic T cells,True
pbmc3k_GGCGACACTGCCCT-1,PBMC3k,Donor 1,Cytotoxic CD8 T cells,Cytotoxic T cells,True
pbmc3k_GGCGACTGCGTAAC-1,PBMC3k,Donor 1,IL7R+ memory/helper T cells,Non-cytotoxic T cells,True
pbmc3k_GGCGCATGCCTAAG-1,PBMC3k,Donor 1,CD16+ non-classical monocytes,CD16+ non-classical monocytes,True
pbmc3k_GGCGCATGCTCCAC-1,PBMC3k,Donor 1,IL7R+ memory/helper T cells,Non-cytotoxic T cells,True
pbmc3k_GGCGCATGTGGAAA-1,PBMC3k,Donor 1,Activated/transitional T cells,Cytotoxic T cells,True
pbmc3k_GGCGGACTAGAGGC-1,PBMC3k,Donor 1,IL7R+ memory/helper T cells,Non-cytotoxic T cells,True
pbmc3k_GGCGGACTAGGAGC-1,PBMC3k,Donor 1,Cytotoxic CD8 T cells,Cytotoxic T cells,True
pbmc3k_GGCGGACTCTGACA-1,PBMC3k,Donor 1,Naive/resting T cells,Non-cytotoxic T cells,True
pbmc3k_GGCGGACTCTTGGA-1,PBMC3k,Donor 1,Cytotoxic CD8 T cells,Cytotoxic T cells,True
pbmc3k_GGCGGACTTACTGG-1,PBMC3k,Donor 1,Naive/resting T cells,Non-cytotoxic T cells,True
pbmc3k_GGCGGACTTGAACC-1,PBMC3k,Donor 1,IL7R+ memory/helper T cells,Non-cytotoxic T cells,True
pbmc3k_GGCTAAACACCTGA-1,PBMC3k,Donor 1,Cytotoxic CD8 T cells,Cytotoxic T cells,True
pbmc3k_GGCTAAACTCTTAC-1,PBMC3k,Donor 1,IL7R+ memory/helper T cells,Non-cytotoxic T cells,True
pbmc3k_GGCTAATGAGCACT-1,PBMC3k,Donor 1,Cytotoxic CD8 T cells,Cytotoxic T cells,True
pbmc3k_GGCTAATGGTCTAG-1,PBMC3k,Donor 1,Naive/resting T cells,Non-cytotoxic T cells,True
pbmc3k_GGCTCACTACTCAG-1,PBMC3k,Donor 1,Classical monocytes,Classical monocytes,True
pbmc3k_GGGAACGAAGCTCA-1,PBMC3k,Donor 1,CD16+ non-classical monocytes,CD16+ non-classical monocytes,True
pbmc3k_GGGAACGACACAAC-1,PBMC3k,Donor 1,B cells,B cells,True
pbmc3k_GGGAACGAGTGTCA-1,PBMC3k,Donor 1,Classical monocytes,Classical monocytes,True
pbmc3k_GGGAAGTGTTGAGC-1,PBMC3k,Donor 1,Classical monocytes,Classical monocytes,True
pbmc3k_GGGACCACACGTTG-1,PBMC3k,Donor 1,Cytotoxic CD8 T cells,Cytotoxic T cells,True
pbmc3k_GGGACCACAGAACA-1,PBMC3k,Donor 1,Naive/resting T cells,Non-cytotoxic T cells,True
pbmc3k_GGGACCACGAATAG-1,PBMC3k,Donor 1,IL7R+ memory/helper T cells,Non-cytotoxic T cells,True
pbmc3k_GGGACCACGTCATG-1,PBMC3k,Donor 1,Naive/resting T cells,Non-cytotoxic T cells,True
pbmc3k_GGGACCACTCAAGC-1,PBMC3k,Donor 1,Activated/transitional T cells,Cytotoxic T cells,True
pbmc3k_GGGACCACTCGTGA-1,PBMC3k,Donor 1,Naive/resting T cells,Non-cytotoxic T cells,True
pbmc3k_GGGACCACTGCATG-1,PBMC3k,Donor 1,Naive/resting T cells,Non-cytotoxic T cells,True
pbmc3k_GGGACCTGACCCTC-1,PBMC3k,Donor 1,Classical monocytes,Classical monocytes,True
pbmc3k_GGGACCTGCTTGCC-1,PBMC3k,Donor 1,Naive/resting T cells,Non-cytotoxic T cells,True
pbmc3k_GGGACCTGTGGAGG-1,PBMC3k,Donor 1,B cells,B cells,True
pbmc3k_GGGATGGACGACAT-1,PBMC3k,Donor 1,B cells,B cells,True
pbmc3k_GGGATGGATACTTC-1,PBMC3k,Donor 1,IL7R+ memory/helper T cells,Non-cytotoxic T cells,True
pbmc3k_GGGATGGATGGTTG-1,PBMC3k,Donor 1,Classical monocytes,Classical monocytes,True
pbmc3k_GGGATTACGTCTAG-1,PBMC3k,Donor 1,Naive/resting T cells,Non-cytotoxic T cells,True
pbmc3k_GGGCAAGATGCATG-1,PBMC3k,Donor 1,Classical monocytes,Classical monocytes,True
pbmc3k_GGGCACACGGTGAG-1,PBMC3k,Donor 1,CD16+ non-classical monocytes,CD16+ non-classical monocytes,True
pbmc3k_GGGCACACGTTGCA-1,PBMC3k,Donor 1,IL7R+ memory/helper T cells,Non-cytotoxic T cells,True
pbmc3k_GGGCAGCTTGGGAG-1,PBMC3k,Donor 1,Cytotoxic CD8 T cells,Cytotoxic T cells,True
pbmc3k_GGGCAGCTTTTCTG-1,PBMC3k,Donor 1,Naive/resting T cells,Non-cytotoxic T cells,True
pbmc3k_GGGCCAACCTTGGA-1,PBMC3k,Donor 1,Classical monocytes,Classical monocytes,True
pbmc3k_GGGCCAACGCGTTA-1,PBMC3k,Donor 1,B cells,B cells,True
pbmc3k_GGGCCAACTACGCA-1,PBMC3k,Donor 1,Classical monocytes,Classical monocytes,True
pbmc3k_GGGCCAACTCCAAG-1,PBMC3k,Donor 1,B cells,B cells,True
pbmc3k_GGGCCATGATGGTC-1,PBMC3k,Donor 1,IL7R+ memory/helper T cells,Non-cytotoxic T cells,True
pbmc3k_GGGCCATGTTGACG-1,PBMC3k,Donor 1,IL7R+ memory/helper T cells,Non-cytotoxic T cells,True
pbmc3k_GGGTAACTCAGCTA-1,PBMC3k,Donor 1,Naive/resting T cells,Non-cytotoxic T cells,True
pbmc3k_GGGTAACTCTAGTG-1,PBMC3k,Donor 1,B cells,B cells,True
pbmc3k_GGGTAACTCTGGAT-1,PBMC3k,Donor 1,Naive/resting T cells,Non-cytotoxic T cells,True
pbmc3k_GGGTTAACGTGCAT-1,PBMC3k,Donor 1,NK cells,NK cells,True
pbmc3k_GGTAAAGAGCTAAC-1,PBMC3k,Donor 1,Cytotoxic CD8 T cells,Cytotoxic T cells,True
pbmc3k_GGTACAACTGCAAC-1,PBMC3k,Donor 1,IL7R+ memory/helper T cells,Non-cytotoxic T cells,True
pbmc3k_GGTACATGAAAGCA-1,PBMC3k,Donor 1,B cells,B cells,True
pbmc3k_GGTACATGAGCTCA-1,PBMC3k,Donor 1,IL7R+ memory/helper T cells,Non-cytotoxic T cells,True
pbmc3k_GGTACATGCGGTAT-1,PBMC3k,Donor 1,Activated/transitional T cells,Cytotoxic T cells,True
pbmc3k_GGTACATGGTTACG-1,PBMC3k,Donor 1,Activated/transitional T cells,Cytotoxic T cells,True
pbmc3k_GGTACATGTGGGAG-1,PBMC3k,Donor 1,IL7R+ memory/helper T cells,Non-cytotoxic T cells,True
pbmc3k_GGTACTGAACTCTT-1,PBMC3k,Donor 1,Classical monocytes,Classical monocytes,True
pbmc3k_GGTAGTACACCACA-1,PBMC3k,Donor 1,Cytotoxic CD8 T cells,Cytotoxic T cells,True
pbmc3k_GGTAGTACACTAGC-1,PBMC3k,Donor 1,Classical monocytes,Classical monocytes,True
pbmc3k_GGTAGTACCCTGTC-1,PBMC3k,Donor 1,Naive/resting T cells,Non-cytotoxic T cells,True
pbmc3k_GGTAGTACGCCATA-1,PBMC3k,Donor 1,Classical monocytes,Classical monocytes,True
pbmc3k_GGTAGTACTGTCTT-1,PBMC3k,Donor 1,Cytotoxic CD8 T cells,Cytotoxic T cells,True
pbmc3k_GGTATCGAGACAAA-1,PBMC3k,Donor 1,Classical monocytes,Classical monocytes,True
pbmc3k_GGTATCGATGAACC-1,PBMC3k,Donor 1,B cells,B cells,True
pbmc3k_GGTCAAACCAAAGA-1,PBMC3k,Donor 1,IL7R+ memory/helper T cells,Non-cytotoxic T cells,True
pbmc3k_GGTCTAGAGAAACA-1,PBMC3k,Donor 1,Classical monocytes,Classical monocytes,True
pbmc3k_GGTCTAGATAGCGT-1,PBMC3k,Donor 1,Classical monocytes,Classical monocytes,True
pbmc3k_GGTGATACCGACTA-1,PBMC3k,Donor 1,B cells,B cells,True
pbmc3k_GGTGATACGACTAC-1,PBMC3k,Donor 1,Classical monocytes,Classical monocytes,True
pbmc3k_GGTGATACTGTTTC-1,PBMC3k,Donor 1,Naive/resting T cells,Non-cytotoxic T cells,True
pbmc3k_GGTGGAGAAACGGG-1,PBMC3k,Donor 1,Cytotoxic CD8 T cells,Cytotoxic T cells,True
pbmc3k_GGTGGAGAAGTAGA-1,PBMC3k,Donor 1,IL7R+ memory/helper T cells,Non-cytotoxic T cells,True
pbmc3k_GGTGGAGACAGATC-1,PBMC3k,Donor 1,NK cells,NK cells,True
pbmc3k_GGTGGAGATCGATG-1,PBMC3k,Donor 1,IL7R+ memory/helper T cells,Non-cytotoxic T cells,True
pbmc3k_GGTGGAGATCTCTA-1,PBMC3k,Donor 1,Classical monocytes,Classical monocytes,True
pbmc3k_GGTGGAGATTACTC-1,PBMC3k,Donor 1,Cytotoxic CD8 T cells,Cytotoxic T cells,True
pbmc3k_GGTTTACTACGCAT-1,PBMC3k,Donor 1,Cytotoxic CD8 T cells,Cytotoxic T cells,True
pbmc3k_GTAACGTGACCTCC-1,PBMC3k,Donor 1,Classical monocytes,Classical monocytes,True
pbmc3k_GTAACGTGATCGGT-1,PBMC3k,Donor 1,B cells,B cells,True
pbmc3k_GTAACGTGCAGCTA-1,PBMC3k,Donor 1,B cells,B cells,True
pbmc3k_GTAACGTGGTTGAC-1,PBMC3k,Donor 1,B cells,B cells,True
pbmc3k_GTAAGCACAACGGG-1,PBMC3k,Donor 1,Naive/resting T cells,Non-cytotoxic T cells,True
pbmc3k_GTAAGCACTCATTC-1,PBMC3k,Donor 1,B cells,B cells,True
pbmc3k_GTAAGCTGGTACCA-1,PBMC3k,Donor 1,Classical monocytes,Classical monocytes,True
pbmc3k_GTAATAACCTTCTA-1,PBMC3k,Donor 1,Classical monocytes,Classical monocytes,True
pbmc3k_GTAATAACGTTGTG-1,PBMC3k,Donor 1,Naive/resting T cells,Non-cytotoxic T cells,True
pbmc3k_GTACCCTGACAGTC-1,PBMC3k,Donor 1,CD16+ non-classical monocytes,CD16+ non-classical monocytes,True
pbmc3k_GTACCCTGGAGCTT-1,PBMC3k,Donor 1,Naive/resting T cells,Non-cytotoxic T cells,True
pbmc3k_GTACCCTGTCCTTA-1,PBMC3k,Donor 1,Cytotoxic CD8 T cells,Cytotoxic T cells,True
pbmc3k_GTACCCTGTGAACC-1,PBMC3k,Donor 1,IL7R+ memory/helper T cells,Non-cytotoxic T cells,True
pbmc3k_GTACGTGAACGTTG-1,PBMC3k,Donor 1,Cytotoxic CD8 T cells,Cytotoxic T cells,True
pbmc3k_GTACTTTGTCGACA-1,PBMC3k,Donor 1,Cytotoxic CD8 T cells,Cytotoxic T cells,True
pbmc3k_GTAGACTGAGATGA-1,PBMC3k,Donor 1,Classical monocytes,Classical monocytes,True
pbmc3k_GTAGACTGTATTCC-1,PBMC3k,Donor 1,Naive/resting T cells,Non-cytotoxic T cells,True
pbmc3k_GTAGCAACAGTCGT-1,PBMC3k,Donor 1,Classical monocytes,Classical monocytes,True
pbmc3k_GTAGCAACCATTTC-1,PBMC3k,Donor 1,B cells,B cells,True
pbmc3k_GTAGCAACGGTAGG-1,PBMC3k,Donor 1,Classical monocytes,Classical monocytes,True
pbmc3k_GTAGCATGCACTCC-1,PBMC3k,Donor 1,B cells,B cells,True
pbmc3k_GTAGCATGTAAGCC-1,PBMC3k,Donor 1,Classical monocytes,Classical monocytes,True
pbmc3k_GTAGCCCTGACGTT-1,PBMC3k,Donor 1,Naive/resting T cells,Non-cytotoxic T cells,True
pbmc3k_GTAGCTGAAGCTAC-1,PBMC3k,Donor 1,CD16+ non-classical monocytes,CD16+ non-classical monocytes,True
pbmc3k_GTAGCTGAATTCGG-1,PBMC3k,Donor 1,IL7R+ memory/helper T cells,Non-cytotoxic T cells,True
pbmc3k_GTAGGTACACGGGA-1,PBMC3k,Donor 1,Classical monocytes,Classical monocytes,True
pbmc3k_GTAGTGACCTCATT-1,PBMC3k,Donor 1,Naive/resting T cells,Non-cytotoxic T cells,True
pbmc3k_GTAGTGTGAGCGGA-1,PBMC3k,Donor 1,NK cells,NK cells,True
pbmc3k_GTAGTGTGAGGCGA-1,PBMC3k,Donor 1,Classical monocytes,Classical monocytes,True
pbmc3k_GTAGTGTGTGGTTG-1,PBMC3k,Donor 1,Naive/resting T cells,Non-cytotoxic T cells,True
pbmc3k_GTATCACTGGTAGG-1,PBMC3k,Donor 1,Classical monocytes,Classical monocytes,True
pbmc3k_GTATCTACAGAAGT-1,PBMC3k,Donor 1,Cytotoxic CD8 T cells,Cytotoxic T cells,True
pbmc3k_GTATCTACGACGAG-1,PBMC3k,Donor 1,Cytotoxic CD8 T cells,Cytotoxic T cells,True
pbmc3k_GTATCTACGTTACG-1,PBMC3k,Donor 1,IL7R+ memory/helper T cells,Non-cytotoxic T cells,True
pbmc3k_GTATTAGAAACAGA-1,PBMC3k,Donor 1,IL7R+ memory/helper T cells,Non-cytotoxic T cells,True
pbmc3k_GTATTAGAGGTCTA-1,PBMC3k,Donor 1,Activated/transitional T cells,Cytotoxic T cells,True
pbmc3k_GTATTCACACAGCT-1,PBMC3k,Donor 1,Naive/resting T cells,Non-cytotoxic T cells,True
pbmc3k_GTATTCACGGGTGA-1,PBMC3k,Donor 1,Cytotoxic CD8 T cells,Cytotoxic T cells,True
pbmc3k_GTCAACGACACTGA-1,PBMC3k,Donor 1,IL7R+ memory/helper T cells,Non-cytotoxic T cells,True
pbmc3k_GTCAACGAGTGTAC-1,PBMC3k,Donor 1,Classical monocytes,Classical monocytes,True
pbmc3k_GTCAATCTACACCA-1,PBMC3k,Donor 1,Cytotoxic CD8 T cells,Cytotoxic T cells,True
pbmc3k_GTCAATCTGTAGCT-1,PBMC3k,Donor 1,Cytotoxic CD8 T cells,Cytotoxic T cells,True
pbmc3k_GTCAATCTTGTGGT-1,PBMC3k,Donor 1,Naive/resting T cells,Non-cytotoxic T cells,True
pbmc3k_GTCACCTGCCTCCA-1,PBMC3k,Donor 1,Naive/resting T cells,Non-cytotoxic T cells,True
pbmc3k_GTCACCTGTCCCGT-1,PBMC3k,Donor 1,Naive/resting T cells,Non-cytotoxic T cells,True
pbmc3k_GTCATACTAATCGC-1,PBMC3k,Donor 1,B cells,B cells,True
pbmc3k_GTCATACTGCGATT-1,PBMC3k,Donor 1,NK cells,NK cells,True
pbmc3k_GTCATACTTCGCCT-1,PBMC3k,Donor 1,Platelets,,False
pbmc3k_GTCATACTTTACCT-1,PBMC3k,Donor 1,Cytotoxic CD8 T cells,Cytotoxic T cells,True
pbmc3k_GTCATACTTTGACG-1,PBMC3k,Donor 1,Naive/resting T cells,Non-cytotoxic T cells,True
pbmc3k_GTCCAAGAAAAACG-1,PBMC3k,Donor 1,Naive/resting T cells,Non-cytotoxic T cells,True
pbmc3k_GTCCACTGACCTCC-1,PBMC3k,Donor 1,Naive/resting T cells,Non-cytotoxic T cells,True
pbmc3k_GTCCACTGGGTACT-1,PBMC3k,Donor 1,CD16+ non-classical monocytes,CD16+ non-classical monocytes,True
pbmc3k_GTCCAGCTACGGGA-1,PBMC3k,Donor 1,Naive/resting T cells,Non-cytotoxic T cells,True
pbmc3k_GTCCCATGTGGTGT-1,PBMC3k,Donor 1,Classical monocytes,Classical monocytes,True
pbmc3k_GTCGAATGAAGGCG-1,PBMC3k,Donor 1,Classical monocytes,Classical monocytes,True
pbmc3k_GTCGACCTGAATGA-1,PBMC3k,Donor 1,NK cells,NK cells,True
pbmc3k_GTCGACCTGTTCAG-1,PBMC3k,Donor 1,Naive/resting T cells,Non-cytotoxic T cells,True
pbmc3k_GTCGCACTTGAGAA-1,PBMC3k,Donor 1,B cells,B cells,True
pbmc3k_GTCTAACTGGTCTA-1,PBMC3k,Donor 1,CD16+ non-classical monocytes,CD16+ non-classical monocytes,True
pbmc3k_GTCTAGGAGCTTCC-1,PBMC3k,Donor 1,Classical monocytes,Classical monocytes,True
pbmc3k_GTGAACACACTCTT-1,PBMC3k,Donor 1,Naive/resting T cells,Non-cytotoxic T cells,True
pbmc3k_GTGAACACTCAGGT-1,PBMC3k,Donor 1,Activated/transitional T cells,Cytotoxic T cells,True
pbmc3k_GTGACCCTTAAGCC-1,PBMC3k,Donor 1,Activated/transitional T cells,Cytotoxic T cells,True
pbmc3k_GTGATGACAAGTGA-1,PBMC3k,Donor 1,IL7R+ memory/helper T cells,Non-cytotoxic T cells,True
pbmc3k_GTGATGACCTGAGT-1,PBMC3k,Donor 1,B cells,B cells,True
pbmc3k_GTGATGACGGTTTG-1,PBMC3k,Donor 1,Cytotoxic CD8 T cells,Cytotoxic T cells,True
pbmc3k_GTGATTCTCATTTC-1,PBMC3k,Donor 1,IL7R+ memory/helper T cells,Non-cytotoxic T cells,True
pbmc3k_GTGATTCTCTCTCG-1,PBMC3k,Donor 1,Classical monocytes,Classical monocytes,True
pbmc3k_GTGATTCTGGTTCA-1,PBMC3k,Donor 1,NK cells,NK cells,True
pbmc3k_GTGATTCTGTCGAT-1,PBMC3k,Donor 1,Naive/resting T cells,Non-cytotoxic T cells,True
pbmc3k_GTGATTCTTAGCGT-1,PBMC3k,Donor 1,B cells,B cells,True
pbmc3k_GTGCCACTCAGGAG-1,PBMC3k,Donor 1,Naive/resting T cells,Non-cytotoxic T cells,True
pbmc3k_GTGGATTGCACTAG-1,PBMC3k,Donor 1,CD16+ non-classical monocytes,CD16+ non-classical monocytes,True
pbmc3k_GTGGATTGCGGAGA-1,PBMC3k,Donor 1,IL7R+ memory/helper T cells,Non-cytotoxic T cells,True
pbmc3k_GTGGATTGTAACGC-1,PBMC3k,Donor 1,Naive/resting T cells,Non-cytotoxic T cells,True
pbmc3k_GTGTACGATCAGTG-1,PBMC3k,Donor 1,Naive/resting T cells,Non-cytotoxic T cells,True
pbmc3k_GTGTAGTGGGTACT-1,PBMC3k,Donor 1,IL7R+ memory/helper T cells,Non-cytotoxic T cells,True
pbmc3k_GTGTATCTAGCCTA-1,PBMC3k,Donor 1,B cells,B cells,True
pbmc3k_GTGTATCTAGTAGA-1,PBMC3k,Donor 1,Cytotoxic CD8 T cells,Cytotoxic T cells,True
pbmc3k_GTGTATCTGTTACG-1,PBMC3k,Donor 1,B cells,B cells,True
pbmc3k_GTGTCAGAAGCGTT-1,PBMC3k,Donor 1,Cytotoxic CD8 T cells,Cytotoxic T cells,True
pbmc3k_GTTAAAACCGAGAG-1,PBMC3k,Donor 1,NK cells,NK cells,True
pbmc3k_GTTAAATGCTCGAA-1,PBMC3k,Donor 1,Naive/resting T cells,Non-cytotoxic T cells,True
pbmc3k_GTTAAATGTCGACA-1,PBMC3k,Donor 1,B cells,B cells,True
pbmc3k_GTTAACCTAGCTAC-1,PBMC3k,Donor 1,IL7R+ memory/helper T cells,Non-cytotoxic T cells,True
pbmc3k_GTTAACCTTGCTTT-1,PBMC3k,Donor 1,Classical monocytes,Classical monocytes,True
pbmc3k_GTTAGGTGCACTCC-1,PBMC3k,Donor 1,Naive/resting T cells,Non-cytotoxic T cells,True
pbmc3k_GTTAGGTGCCAGTA-1,PBMC3k,Donor 1,Classical monocytes,Classical monocytes,True
pbmc3k_GTTAGGTGCCCAAA-1,PBMC3k,Donor 1,CD16+ non-classical monocytes,CD16+ non-classical monocytes,True
pbmc3k_GTTAGGTGGAACTC-1,PBMC3k,Donor 1,B cells,B cells,True
pbmc3k_GTTAGTCTAAGAAC-1,PBMC3k,Donor 1,Activated/transitional T cells,Cytotoxic T cells,True
pbmc3k_GTTATAGAGGACAG-1,PBMC3k,Donor 1,Cytotoxic CD8 T cells,Cytotoxic T cells,True
pbmc3k_GTTATGCTTTCATC-1,PBMC3k,Donor 1,Naive/resting T cells,Non-cytotoxic T cells,True
pbmc3k_GTTCAACTGGGACA-1,PBMC3k,Donor 1,NK cells,NK cells,True
pbmc3k_GTTCAACTTATGCG-1,PBMC3k,Donor 1,Naive/resting T cells,Non-cytotoxic T cells,True
pbmc3k_GTTGACGAGCCCTT-1,PBMC3k,Donor 1,Cytotoxic CD8 T cells,Cytotoxic T cells,True
pbmc3k_GTTGACGATATCGG-1,PBMC3k,Donor 1,NK cells,NK cells,True
pbmc3k_GTTGAGTGGTCTTT-1,PBMC3k,Donor 1,Classical monocytes,Classical monocytes,True
pbmc3k_GTTGAGTGTGCTTT-1,PBMC3k,Donor 1,IL7R+ memory/helper T cells,Non-cytotoxic T cells,True
pbmc3k_GTTGATCTGGGACA-1,PBMC3k,Donor 1,Activated/transitional T cells,Cytotoxic T cells,True
pbmc3k_GTTGATCTTTTCAC-1,PBMC3k,Donor 1,Cytotoxic CD8 T cells,Cytotoxic T cells,True
pbmc3k_GTTGGATGTTTACC-1,PBMC3k,Donor 1,CD16+ non-classical monocytes,CD16+ non-classical monocytes,True
pbmc3k_GTTGTACTATTCCT-1,PBMC3k,Donor 1,Classical monocytes,Classical monocytes,True
pbmc3k_GTTGTACTTTTGGG-1,PBMC3k,Donor 1,Naive/resting T cells,Non-cytotoxic T cells,True
pbmc3k_GTTTAAGACCATGA-1,PBMC3k,Donor 1,Classical monocytes,Classical monocytes,True
pbmc3k_GTTTAAGACTGTCC-1,PBMC3k,Donor 1,Cytotoxic CD8 T cells,Cytotoxic T cells,True
pbmc3k_TAAACAACCAACCA-1,PBMC3k,Donor 1,IL7R+ memory/helper T cells,Non-cytotoxic T cells,True
pbmc3k_TAAACAACGAATCC-1,PBMC3k,Donor 1,B cells,B cells,True
pbmc3k_TAAAGACTCAGGAG-1,PBMC3k,Donor 1,IL7R+ memory/helper T cells,Non-cytotoxic T cells,True
pbmc3k_TAAATCGATGAGGG-1,PBMC3k,Donor 1,IL7R+ memory/helper T cells,Non-cytotoxic T cells,True
pbmc3k_TAACAATGTGCCCT-1,PBMC3k,Donor 1,B cells,B cells,True
pbmc3k_TAACACCTTCGCTC-1,PBMC3k,Donor 1,Classical monocytes,Classical monocytes,True
pbmc3k_TAACACCTTCGTAG-1,PBMC3k,Donor 1,Classical monocytes,Classical monocytes,True
pbmc3k_TAACACCTTGTTTC-1,PBMC3k,Donor 1,Platelets,,False
pbmc3k_TAACATGACACTAG-1,PBMC3k,Donor 1,B cells,B cells,True
pbmc3k_TAACCGGACTTACT-1,PBMC3k,Donor 1,Naive/resting T cells,Non-cytotoxic T cells,True
pbmc3k_TAACGTCTCAACCA-1,PBMC3k,Donor 1,Classical monocytes,Classical monocytes,True
pbmc3k_TAACGTCTCATTGG-1,PBMC3k,Donor 1,IL7R+ memory/helper T cells,Non-cytotoxic T cells,True
pbmc3k_TAACTAGAATTTCC-1,PBMC3k,Donor 1,IL7R+ memory/helper T cells,Non-cytotoxic T cells,True
pbmc3k_TAACTAGACTTAGG-1,PBMC3k,Donor 1,IL7R+ memory/helper T cells,Non-cytotoxic T cells,True
pbmc3k_TAACTAGATCTGGA-1,PBMC3k,Donor 1,Naive/resting T cells,Non-cytotoxic T cells,True
pbmc3k_TAACTCACGAGGAC-1,PBMC3k,Donor 1,Classical monocytes,Classical monocytes,True
pbmc3k_TAACTCACGTACAC-1,PBMC3k,Donor 1,B cells,B cells,True
pbmc3k_TAACTCACGTATCG-1,PBMC3k,Donor 1,Classical monocytes,Classical monocytes,True
pbmc3k_TAACTCACTCTACT-1,PBMC3k,Donor 1,NK cells,NK cells,True
pbmc3k_TAAGAACTGTGTCA-1,PBMC3k,Donor 1,Classical monocytes,Classical monocytes,True
pbmc3k_TAAGAGGACTAAGC-1,PBMC3k,Donor 1,B cells,B cells,True
pbmc3k_TAAGAGGACTTGTT-1,PBMC3k,Donor 1,NK cells,NK cells,True
pbmc3k_TAAGATACGGTTCA-1,PBMC3k,Donor 1,Classical monocytes,Classical monocytes,True
pbmc3k_TAAGATTGCGTAGT-1,PBMC3k,Donor 1,Naive/resting T cells,Non-cytotoxic T cells,True
pbmc3k_TAAGATTGTTGCTT-1,PBMC3k,Donor 1,IL7R+ memory/helper T cells,Non-cytotoxic T cells,True
pbmc3k_TAAGCGTGAGGTTC-1,PBMC3k,Donor 1,Classical monocytes,Classical monocytes,True
pbmc3k_TAAGCGTGGACAAA-1,PBMC3k,Donor 1,CD16+ non-classical monocytes,CD16+ non-classical monocytes,True
pbmc3k_TAAGCGTGGGAAAT-1,PBMC3k,Donor 1,Naive/resting T cells,Non-cytotoxic T cells,True
pbmc3k_TAAGCGTGTGCTCC-1,PBMC3k,Donor 1,CD16+ non-classical monocytes,CD16+ non-classical monocytes,True
pbmc3k_TAAGGCTGCCATGA-1,PBMC3k,Donor 1,Cytotoxic CD8 T cells,Cytotoxic T cells,True
pbmc3k_TAAGGCTGCTGCTC-1,PBMC3k,Donor 1,Naive/resting T cells,Non-cytotoxic T cells,True
pbmc3k_TAAGGCTGTCTCGC-1,PBMC3k,Donor 1,Classical monocytes,Classical monocytes,True
pbmc3k_TAAGGGCTGCTGTA-1,PBMC3k,Donor 1,IL7R+ memory/helper T cells,Non-cytotoxic T cells,True
pbmc3k_TAAGGGCTTTACTC-1,PBMC3k,Donor 1,IL7R+ memory/helper T cells,Non-cytotoxic T cells,True
pbmc3k_TAAGTAACCGAGAG-1,PBMC3k,Donor 1,B cells,B cells,True
pbmc3k_TAAGTAACCTCCAC-1,PBMC3k,Donor 1,B cells,B cells,True
pbmc3k_TAAGTAACCTGTAG-1,PBMC3k,Donor 1,IL7R+ memory/helper T cells,Non-cytotoxic T cells,True
pbmc3k_TAAGTAACTTGTCT-1,PBMC3k,Donor 1,Naive/resting T cells,Non-cytotoxic T cells,True
pbmc3k_TAATGATGAGCGGA-1,PBMC3k,Donor 1,Naive/resting T cells,Non-cytotoxic T cells,True
pbmc3k_TAATGCCTCATGAC-1,PBMC3k,Donor 1,IL7R+ memory/helper T cells,Non-cytotoxic T cells,True
pbmc3k_TAATGCCTCGTCTC-1,PBMC3k,Donor 1,NK cells,NK cells,True
pbmc3k_TAATGTGAAGATGA-1,PBMC3k,Donor 1,Naive/resting T cells,Non-cytotoxic T cells,True
pbmc3k_TAATGTGACTGCAA-1,PBMC3k,Donor 1,Classical monocytes,Classical monocytes,True
pbmc3k_TAATGTGATTACTC-1,PBMC3k,Donor 1,Cytotoxic CD8 T cells,Cytotoxic T cells,True
pbmc3k_TACAAATGGGTACT-1,PBMC3k,Donor 1,IL7R+ memory/helper T cells,Non-cytotoxic T cells,True
pbmc3k_TACAATGAAAACAG-1,PBMC3k,Donor 1,Classical monocytes,Classical monocytes,True
pbmc3k_TACAATGACTTAGG-1,PBMC3k,Donor 1,IL7R+ memory/helper T cells,Non-cytotoxic T cells,True
pbmc3k_TACAATGATGCTAG-1,PBMC3k,Donor 1,Cytotoxic CD8 T cells,Cytotoxic T cells,True
pbmc3k_TACACACTCACACA-1,PBMC3k,Donor 1,IL7R+ memory/helper T cells,Non-cytotoxic T cells,True
pbmc3k_TACACACTCTTACT-1,PBMC3k,Donor 1,IL7R+ memory/helper T cells,Non-cytotoxic T cells,True
pbmc3k_TACATAGAACGCAT-1,PBMC3k,Donor 1,Cytotoxic CD8 T cells,Cytotoxic T cells,True
pbmc3k_TACATCACACGGGA-1,PBMC3k,Donor 1,Naive/resting T cells,Non-cytotoxic T cells,True
pbmc3k_TACATCACCTGTTT-1,PBMC3k,Donor 1,CD16+ non-classical monocytes,CD16+ non-classical monocytes,True
pbmc3k_TACATCACGCTAAC-1,PBMC3k,Donor 1,B cells,B cells,True
pbmc3k_TACATCACTGAACC-1,PBMC3k,Donor 1,CD16+ non-classical monocytes,CD16+ non-classical monocytes,True
pbmc3k_TACCATTGAGGTTC-1,PBMC3k,Donor 1,Naive/resting T cells,Non-cytotoxic T cells,True
pbmc3k_TACCATTGCGGGAA-1,PBMC3k,Donor 1,Classical monocytes,Classical monocytes,True
pbmc3k_TACCATTGGGGATG-1,PBMC3k,Donor 1,Classical monocytes,Classical monocytes,True
pbmc3k_TACCATTGTGAGGG-1,PBMC3k,Donor 1,Classical monocytes,Classical monocytes,True
pbmc3k_TACCGGCTGTTGGT-1,PBMC3k,Donor 1,Naive/resting T cells,Non-cytotoxic T cells,True
pbmc3k_TACGAGTGATCTCT-1,PBMC3k,Donor 1,Naive/resting T cells,Non-cytotoxic T cells,True
pbmc3k_TACGAGTGATGCTG-1,PBMC3k,Donor 1,Classical monocytes,Classical monocytes,True
pbmc3k_TACGAGTGCGGAGA-1,PBMC3k,Donor 1,IL7R+ memory/helper T cells,Non-cytotoxic T cells,True
pbmc3k_TACGAGTGGTTGGT-1,PBMC3k,Donor 1,IL7R+ memory/helper T cells,Non-cytotoxic T cells,True
pbmc3k_TACGATCTAGTGTC-1,PBMC3k,Donor 1,Naive/resting T cells,Non-cytotoxic T cells,True
pbmc3k_TACGATCTCACTGA-1,PBMC3k,Donor 1,Classical monocytes,Classical monocytes,True
pbmc3k_TACGATCTTACGAC-1,PBMC3k,Donor 1,Cytotoxic CD8 T cells,Cytotoxic T cells,True
pbmc3k_TACGCAGAGAATCC-1,PBMC3k,Donor 1,Cytotoxic CD8 T cells,Cytotoxic T cells,True
pbmc3k_TACGCCACATTCCT-1,PBMC3k,Donor 1,IL7R+ memory/helper T cells,Non-cytotoxic T cells,True
pbmc3k_TACGCCACTCCCAC-1,PBMC3k,Donor 1,CD16+ non-classical monocytes,CD16+ non-classical monocytes,True
pbmc3k_TACGCCACTCCGAA-1,PBMC3k,Donor 1,B cells,B cells,True
pbmc3k_TACGGAACGCGTTA-1,PBMC3k,Donor 1,B cells,B cells,True
pbmc3k_TACGGCCTGGGACA-1,PBMC3k,Donor 1,NK cells,NK cells,True
pbmc3k_TACGTACTACGGAG-1,PBMC3k,Donor 1,IL7R+ memory/helper T cells,Non-cytotoxic T cells,True
pbmc3k_TACGTACTCAGTTG-1,PBMC3k,Donor 1,IL7R+ memory/helper T cells,Non-cytotoxic T cells,True
pbmc3k_TACGTACTCCCGTT-1,PBMC3k,Donor 1,B cells,B cells,True
pbmc3k_TACGTTACAGAAGT-1,PBMC3k,Donor 1,IL7R+ memory/helper T cells,Non-cytotoxic T cells,True
pbmc3k_TACGTTACCAAGCT-1,PBMC3k,Donor 1,Classical monocytes,Classical monocytes,True
pbmc3k_TACTAAGAAAGGTA-1,PBMC3k,Donor 1,B cells,B cells,True
pbmc3k_TACTAAGAATCACG-1,PBMC3k,Donor 1,Activated/transitional T cells,Cytotoxic T cells,True
pbmc3k_TACTAAGATGATGC-1,PBMC3k,Donor 1,Classical monocytes,Classical monocytes,True
pbmc3k_TACTAAGATTGCGA-1,PBMC3k,Donor 1,IL7R+ memory/helper T cells,Non-cytotoxic T cells,True
pbmc3k_TACTACACGAGAGC-1,PBMC3k,Donor 1,IL7R+ memory/helper T cells,Non-cytotoxic T cells,True
pbmc3k_TACTACACTTACCT-1,PBMC3k,Donor 1,B cells,B cells,True
pbmc3k_TACTACTGAACCTG-1,PBMC3k,Donor 1,Classical monocytes,Classical monocytes,True
pbmc3k_TACTACTGATGTCG-1,PBMC3k,Donor 1,NK cells,NK cells,True
pbmc3k_TACTACTGATTCTC-1,PBMC3k,Donor 1,Naive/resting T cells,Non-cytotoxic T cells,True
pbmc3k_TACTACTGTATGGC-1,PBMC3k,Donor 1,Naive/resting T cells,Non-cytotoxic T cells,True
pbmc3k_TACTCAACGGTCTA-1,PBMC3k,Donor 1,Classical monocytes,Classical monocytes,True
pbmc3k_TACTCAACTGCTAG-1,PBMC3k,Donor 1,B cells,B cells,True
pbmc3k_TACTCCCTCAGTTG-1,PBMC3k,Donor 1,Activated/transitional T cells,Cytotoxic T cells,True
pbmc3k_TACTCTGAATCGAC-1,PBMC3k,Donor 1,NK cells,NK cells,True
pbmc3k_TACTCTGACGAGTT-1,PBMC3k,Donor 1,IL7R+ memory/helper T cells,Non-cytotoxic T cells,True
pbmc3k_TACTCTGATTGACG-1,PBMC3k,Donor 1,B cells,B cells,True
pbmc3k_TACTGGGATCGATG-1,PBMC3k,Donor 1,IL7R+ memory/helper T cells,Non-cytotoxic T cells,True
pbmc3k_TACTGTTGAAAGCA-1,PBMC3k,Donor 1,IL7R+ memory/helper T cells,Non-cytotoxic T cells,True
pbmc3k_TACTGTTGAGGCGA-1,PBMC3k,Donor 1,NK cells,NK cells,True
pbmc3k_TACTGTTGCTGAAC-1,PBMC3k,Donor 1,B cells,B cells,True
pbmc3k_TACTTGACTCCTCG-1,PBMC3k,Donor 1,Cytotoxic CD8 T cells,Cytotoxic T cells,True
pbmc3k_TACTTGACTGGTGT-1,PBMC3k,Donor 1,B cells,B cells,True
pbmc3k_TACTTTCTTTTGGG-1,PBMC3k,Donor 1,Cytotoxic CD8 T cells,Cytotoxic T cells,True
pbmc3k_TAGAAACTAATCGC-1,PBMC3k,Donor 1,Naive/resting T cells,Non-cytotoxic T cells,True
pbmc3k_TAGAAACTGCTTCC-1,PBMC3k,Donor 1,Classical monocytes,Classical monocytes,True
pbmc3k_TAGAAACTGGGATG-1,PBMC3k,Donor 1,NK cells,NK cells,True
pbmc3k_TAGAATTGCGACAT-1,PBMC3k,Donor 1,Naive/resting T cells,Non-cytotoxic T cells,True
pbmc3k_TAGAATTGTATCGG-1,PBMC3k,Donor 1,IL7R+ memory/helper T cells,Non-cytotoxic T cells,True
pbmc3k_TAGACGTGCTTGAG-1,PBMC3k,Donor 1,Naive/resting T cells,Non-cytotoxic T cells,True
pbmc3k_TAGACGTGTCGCTC-1,PBMC3k,Donor 1,IL7R+ memory/helper T cells,Non-cytotoxic T cells,True
pbmc3k_TAGAGCACCTTACT-1,PBMC3k,Donor 1,B cells,B cells,True
pbmc3k_TAGATTGACTTGTT-1,PBMC3k,Donor 1,B cells,B cells,True
pbmc3k_TAGATTGAGGCATT-1,PBMC3k,Donor 1,Activated/transitional T cells,Cytotoxic T cells,True
pbmc3k_TAGCATCTCAGCTA-1,PBMC3k,Donor 1,NK cells,NK cells,True
pbmc3k_TAGCATCTCCCTCA-1,PBMC3k,Donor 1,Activated/transitional T cells,Cytotoxic T cells,True
pbmc3k_TAGCATCTGCTGTA-1,PBMC3k,Donor 1,CD16+ non-classical monocytes,CD16+ non-classical monocytes,True
pbmc3k_TAGCATCTGGGACA-1,PBMC3k,Donor 1,Naive/resting T cells,Non-cytotoxic T cells,True
pbmc3k_TAGCATCTTGTCGA-1,PBMC3k,Donor 1,Naive/resting T cells,Non-cytotoxic T cells,True
pbmc3k_TAGCCCACAAAAGC-1,PBMC3k,Donor 1,IL7R+ memory/helper T cells,Non-cytotoxic T cells,True
pbmc3k_TAGCCCACAGCCAT-1,PBMC3k,Donor 1,Cytotoxic CD8 T cells,Cytotoxic T cells,True
pbmc3k_TAGCCCACAGCTAC-1,PBMC3k,Donor 1,NK cells,NK cells,True
pbmc3k_TAGCCCACCCACAA-1,PBMC3k,Donor 1,Naive/resting T cells,Non-cytotoxic T cells,True
pbmc3k_TAGCCCTGCGGAGA-1,PBMC3k,Donor 1,Cytotoxic CD8 T cells,Cytotoxic T cells,True
pbmc3k_TAGCCGCTTACGAC-1,PBMC3k,Donor 1,IL7R+ memory/helper T cells,Non-cytotoxic T cells,True
pbmc3k_TAGCCGCTTACTTC-1,PBMC3k,Donor 1,Cytotoxic CD8 T cells,Cytotoxic T cells,True
pbmc3k_TAGCCGCTTTCCAT-1,PBMC3k,Donor 1,Classical monocytes,Classical monocytes,True
pbmc3k_TAGCTACTGAATAG-1,PBMC3k,Donor 1,B cells,B cells,True
pbmc3k_TAGCTACTGTAGCT-1,PBMC3k,Donor 1,IL7R+ memory/helper T cells,Non-cytotoxic T cells,True
pbmc3k_TAGCTACTTTTGCT-1,PBMC3k,Donor 1,Activated/transitional T cells,Cytotoxic T cells,True
pbmc3k_TAGGACTGTGCTGA-1,PBMC3k,Donor 1,IL7R+ memory/helper T cells,Non-cytotoxic T cells,True
pbmc3k_TAGGAGCTAAGGCG-1,PBMC3k,Donor 1,B cells,B cells,True
pbmc3k_TAGGAGCTGAGGGT-1,PBMC3k,Donor 1,IL7R+ memory/helper T cells,Non-cytotoxic T cells,True
pbmc3k_TAGGAGCTTGCATG-1,PBMC3k,Donor 1,B cells,B cells,True
pbmc3k_TAGGCAACCGTCTC-1,PBMC3k,Donor 1,B cells,B cells,True
pbmc3k_TAGGCATGCTCTCG-1,PBMC3k,Donor 1,B cells,B cells,True
pbmc3k_TAGGCATGGCGAGA-1,PBMC3k,Donor 1,Cytotoxic CD8 T cells,Cytotoxic T cells,True
pbmc3k_TAGGCTGATGCCTC-1,PBMC3k,Donor 1,Classical monocytes,Classical monocytes,True
pbmc3k_TAGGGACTGAACTC-1,PBMC3k,Donor 1,NK cells,NK cells,True
pbmc3k_TAGGTCGACACTGA-1,PBMC3k,Donor 1,Naive/resting T cells,Non-cytotoxic T cells,True
pbmc3k_TAGGTCGAGGATCT-1,PBMC3k,Donor 1,B cells,B cells,True
pbmc3k_TAGGTGACACACTG-1,PBMC3k,Donor 1,IL7R+ memory/helper T cells,Non-cytotoxic T cells,True
pbmc3k_TAGGTGACACGTTG-1,PBMC3k,Donor 1,B cells,B cells,True
pbmc3k_TAGGTGTGTTCTGT-1,PBMC3k,Donor 1,IL7R+ memory/helper T cells,Non-cytotoxic T cells,True
pbmc3k_TAGGTTCTGAAGGC-1,PBMC3k,Donor 1,IL7R+ memory/helper T cells,Non-cytotoxic T cells,True
pbmc3k_TAGGTTCTTCTTAC-1,PBMC3k,Donor 1,CD16+ non-classical monocytes,CD16+ non-classical monocytes,True
pbmc3k_TAGGTTCTTGCTGA-1,PBMC3k,Donor 1,Classical monocytes,Classical monocytes,True
pbmc3k_TAGTAAACCTCGCT-1,PBMC3k,Donor 1,Naive/resting T cells,Non-cytotoxic T cells,True
pbmc3k_TAGTAAACGTCACA-1,PBMC3k,Donor 1,IL7R+ memory/helper T cells,Non-cytotoxic T cells,True
pbmc3k_TAGTAATGAGATCC-1,PBMC3k,Donor 1,Naive/resting T cells,Non-cytotoxic T cells,True
pbmc3k_TAGTACCTAAGAAC-1,PBMC3k,Donor 1,Classical monocytes,Classical monocytes,True
pbmc3k_TAGTATGATCTTAC-1,PBMC3k,Donor 1,B cells,B cells,True
pbmc3k_TAGTATGATTCTCA-1,PBMC3k,Donor 1,IL7R+ memory/helper T cells,Non-cytotoxic T cells,True
pbmc3k_TAGTCTTGGCTGTA-1,PBMC3k,Donor 1,Activated/transitional T cells,Cytotoxic T cells,True
pbmc3k_TAGTCTTGGGACTT-1,PBMC3k,Donor 1,Activated/transitional T cells,Cytotoxic T cells,True
pbmc3k_TAGTCTTGTGGAAA-1,PBMC3k,Donor 1,Cytotoxic CD8 T cells,Cytotoxic T cells,True
pbmc3k_TAGTGGTGAAGTGA-1,PBMC3k,Donor 1,NK cells,NK cells,True
pbmc3k_TAGTTAGAACCACA-1,PBMC3k,Donor 1,NK cells,NK cells,True
pbmc3k_TAGTTAGATGAACC-1,PBMC3k,Donor 1,Naive/resting T cells,Non-cytotoxic T cells,True
pbmc3k_TATAAGACAACAGA-1,PBMC3k,Donor 1,Activated/transitional T cells,Cytotoxic T cells,True
pbmc3k_TATAAGACAGCTCA-1,PBMC3k,Donor 1,CD16+ non-classical monocytes,CD16+ non-classical monocytes,True
pbmc3k_TATAAGTGACACCA-1,PBMC3k,Donor 1,CD16+ non-classical monocytes,CD16+ non-classical monocytes,True
pbmc3k_TATAAGTGTATCGG-1,PBMC3k,Donor 1,Classical monocytes,Classical monocytes,True
pbmc3k_TATAAGTGTGGTGT-1,PBMC3k,Donor 1,CD16+ non-classical monocytes,CD16+ non-classical monocytes,True
pbmc3k_TATACAGAACCCTC-1,PBMC3k,Donor 1,Cytotoxic CD8 T cells,Cytotoxic T cells,True
pbmc3k_TATACAGAAGAACA-1,PBMC3k,Donor 1,Naive/resting T cells,Non-cytotoxic T cells,True
pbmc3k_TATACAGATCCAGA-1,PBMC3k,Donor 1,IL7R+ memory/helper T cells,Non-cytotoxic T cells,True
pbmc3k_TATACCACCTGATG-1,PBMC3k,Donor 1,B cells,B cells,True
pbmc3k_TATACGCTACCAAC-1,PBMC3k,Donor 1,IL7R+ memory/helper T cells,Non-cytotoxic T cells,True
pbmc3k_TATAGATGGACGGA-1,PBMC3k,Donor 1,IL7R+ memory/helper T cells,Non-cytotoxic T cells,True
pbmc3k_TATAGATGTTCCGC-1,PBMC3k,Donor 1,CD16+ non-classical monocytes,CD16+ non-classical monocytes,True
pbmc3k_TATCCAACCAGCTA-1,PBMC3k,Donor 1,Classical monocytes,Classical monocytes,True
pbmc3k_TATCCAACTCTCTA-1,PBMC3k,Donor 1,Cytotoxic CD8 T cells,Cytotoxic T cells,True
pbmc3k_TATCGACTACTAGC-1,PBMC3k,Donor 1,Cytotoxic CD8 T cells,Cytotoxic T cells,True
pbmc3k_TATCGACTCGATAC-1,PBMC3k,Donor 1,CD16+ non-classical monocytes,CD16+ non-classical monocytes,True
pbmc3k_TATCGTACAGATGA-1,PBMC3k,Donor 1,Cytotoxic CD8 T cells,Cytotoxic T cells,True
pbmc3k_TATCGTACATTCCT-1,PBMC3k,Donor 1,Classical monocytes,Classical monocytes,True
pbmc3k_TATCTCGAGAGATA-1,PBMC3k,Donor 1,Activated/transitional T cells,Cytotoxic T cells,True
pbmc3k_TATCTGACAGGTTC-1,PBMC3k,Donor 1,Cytotoxic CD8 T cells,Cytotoxic T cells,True
pbmc3k_TATCTGACTGTTTC-1,PBMC3k,Donor 1,Cytotoxic CD8 T cells,Cytotoxic T cells,True
pbmc3k_TATCTTCTAAACAG-1,PBMC3k,Donor 1,Naive/resting T cells,Non-cytotoxic T cells,True
pbmc3k_TATGAATGGAGGAC-1,PBMC3k,Donor 1,NK cells,NK cells,True
pbmc3k_TATGAATGTTTGCT-1,PBMC3k,Donor 1,CD16+ non-classical monocytes,CD16+ non-classical monocytes,True
pbmc3k_TATGCGGATAACCG-1,PBMC3k,Donor 1,IL7R+ memory/helper T cells,Non-cytotoxic T cells,True
pbmc3k_TATGGGTGCATCAG-1,PBMC3k,Donor 1,NK cells,NK cells,True
pbmc3k_TATGGGTGCTAGCA-1,PBMC3k,Donor 1,B cells,B cells,True
pbmc3k_TATGGTCTCTACCC-1,PBMC3k,Donor 1,Naive/resting T cells,Non-cytotoxic T cells,True
pbmc3k_TATGTCACGGAACG-1,PBMC3k,Donor 1,B cells,B cells,True
pbmc3k_TATGTCACTAACCG-1,PBMC3k,Donor 1,Classical monocytes,Classical monocytes,True
pbmc3k_TATGTCACTTCTCA-1,PBMC3k,Donor 1,B cells,B cells,True
pbmc3k_TATGTGCTCCGATA-1,PBMC3k,Donor 1,Classical monocytes,Classical monocytes,True
pbmc3k_TATGTGCTGGATTC-1,PBMC3k,Donor 1,Naive/resting T cells,Non-cytotoxic T cells,True
pbmc3k_TATTGCTGAAGAAC-1,PBMC3k,Donor 1,Classical monocytes,Classical monocytes,True
pbmc3k_TATTGCTGCCGTTC-1,PBMC3k,Donor 1,B cells,B cells,True
pbmc3k_TATTGCTGTCTGGA-1,PBMC3k,Donor 1,Naive/resting T cells,Non-cytotoxic T cells,True
pbmc3k_TATTGCTGTGCACA-1,PBMC3k,Donor 1,Activated/transitional T cells,Cytotoxic T cells,True
pbmc3k_TATTTCCTATTGGC-1,PBMC3k,Donor 1,Classical monocytes,Classical monocytes,True
pbmc3k_TATTTCCTGGAGGT-1,PBMC3k,Donor 1,NK cells,NK cells,True
pbmc3k_TATTTCCTGGTGTT-1,PBMC3k,Donor 1,Naive/resting T cells,Non-cytotoxic T cells,True
pbmc3k_TCAACACTGTTTGG-1,PBMC3k,Donor 1,NK cells,NK cells,True
pbmc3k_TCAAGGACAGCGTT-1,PBMC3k,Donor 1,Activated/transitional T cells,Cytotoxic T cells,True
pbmc3k_TCAAGGACATTCTC-1,PBMC3k,Donor 1,Activated/transitional T cells,Cytotoxic T cells,True
pbmc3k_TCAAGGACGGTGTT-1,PBMC3k,Donor 1,Classical monocytes,Classical monocytes,True
pbmc3k_TCAATCACACTCTT-1,PBMC3k,Donor 1,Cytotoxic CD8 T cells,Cytotoxic T cells,True
pbmc3k_TCAATCACAGTCGT-1,PBMC3k,Donor 1,CD16+ non-classical monocytes,CD16+ non-classical monocytes,True
pbmc3k_TCACAACTATGTGC-1,PBMC3k,Donor 1,Activated/transitional T cells,Cytotoxic T cells,True
pbmc3k_TCACAACTTTGCTT-1,PBMC3k,Donor 1,Classical monocytes,Classical monocytes,True
pbmc3k_TCACATACACTTTC-1,PBMC3k,Donor 1,IL7R+ memory/helper T cells,Non-cytotoxic T cells,True
pbmc3k_TCACATACAGGGTG-1,PBMC3k,Donor 1,Naive/resting T cells,Non-cytotoxic T cells,True
pbmc3k_TCACCCGAGACGGA-1,PBMC3k,Donor 1,Classical monocytes,Classical monocytes,True
pbmc3k_TCACCGTGCTCGCT-1,PBMC3k,Donor 1,CD16+ non-classical monocytes,CD16+ non-classical monocytes,True
pbmc3k_TCACCTCTACGACT-1,PBMC3k,Donor 1,Cytotoxic CD8 T cells,Cytotoxic T cells,True
pbmc3k_TCACCTCTTCCAAG-1,PBMC3k,Donor 1,CD16+ non-classical monocytes,CD16+ non-classical monocytes,True
pbmc3k_TCACGAGAGGAGGT-1,PBMC3k,Donor 1,B cells,B cells,True
pbmc3k_TCACTATGGGGCAA-1,PBMC3k,Donor 1,Cytotoxic CD8 T cells,Cytotoxic T cells,True
pbmc3k_TCACTATGGTTGTG-1,PBMC3k,Donor 1,B cells,B cells,True
pbmc3k_TCAGACGACGCTAA-1,PBMC3k,Donor 1,IL7R+ memory/helper T cells,Non-cytotoxic T cells,True
pbmc3k_TCAGACGACGTTAG-1,PBMC3k,Donor 1,NK cells,NK cells,True
pbmc3k_TCAGAGACTCCAGA-1,PBMC3k,Donor 1,Naive/resting T cells,Non-cytotoxic T cells,True
pbmc3k_TCAGCAGACTCCAC-1,PBMC3k,Donor 1,IL7R+ memory/helper T cells,Non-cytotoxic T cells,True
pbmc3k_TCAGCGCTCTAGTG-1,PBMC3k,Donor 1,Cytotoxic CD8 T cells,Cytotoxic T cells,True
pbmc3k_TCAGCGCTGGATCT-1,PBMC3k,Donor 1,B cells,B cells,True
pbmc3k_TCAGCGCTGGTATC-1,PBMC3k,Donor 1,Cytotoxic CD8 T cells,Cytotoxic T cells,True
pbmc3k_TCAGGATGAAGTAG-1,PBMC3k,Donor 1,Naive/resting T cells,Non-cytotoxic T cells,True
pbmc3k_TCAGGATGCCTTTA-1,PBMC3k,Donor 1,CD16+ non-classical monocytes,CD16+ non-classical monocytes,True
pbmc3k_TCAGTGGAAGATCC-1,PBMC3k,Donor 1,Cytotoxic CD8 T cells,Cytotoxic T cells,True
pbmc3k_TCAGTTACCTACGA-1,PBMC3k,Donor 1,Classical monocytes,Classical monocytes,True
pbmc3k_TCAGTTACTAGAAG-1,PBMC3k,Donor 1,IL7R+ memory/helper T cells,Non-cytotoxic T cells,True
pbmc3k_TCATCAACCCGATA-1,PBMC3k,Donor 1,Naive/resting T cells,Non-cytotoxic T cells,True
pbmc3k_TCATCAACTGTTCT-1,PBMC3k,Donor 1,Classical monocytes,Classical monocytes,True
pbmc3k_TCATCATGCAGTTG-1,PBMC3k,Donor 1,IL7R+ memory/helper T cells,Non-cytotoxic T cells,True
pbmc3k_TCATCCCTTACTGG-1,PBMC3k,Donor 1,IL7R+ memory/helper T cells,Non-cytotoxic T cells,True
pbmc3k_TCATTCGATACAGC-1,PBMC3k,Donor 1,CD16+ non-classical monocytes,CD16+ non-classical monocytes,True
pbmc3k_TCCACGTGGAAACA-1,PBMC3k,Donor 1,Naive/resting T cells,Non-cytotoxic T cells,True
pbmc3k_TCCACTCTACACTG-1,PBMC3k,Donor 1,IL7R+ memory/helper T cells,Non-cytotoxic T cells,True
pbmc3k_TCCACTCTGAGCTT-1,PBMC3k,Donor 1,Classical monocytes,Classical monocytes,True
pbmc3k_TCCACTCTTACTTC-1,PBMC3k,Donor 1,B cells,B cells,True
pbmc3k_TCCATAACAAAGTG-1,PBMC3k,Donor 1,Naive/resting T cells,Non-cytotoxic T cells,True
pbmc3k_TCCATAACCGTAGT-1,PBMC3k,Donor 1,B cells,B cells,True
pbmc3k_TCCATAACGATGAA-1,PBMC3k,Donor 1,IL7R+ memory/helper T cells,Non-cytotoxic T cells,True
pbmc3k_TCCATAACTACGCA-1,PBMC3k,Donor 1,Naive/resting T cells,Non-cytotoxic T cells,True
pbmc3k_TCCATCCTCCCTAC-1,PBMC3k,Donor 1,Cytotoxic CD8 T cells,Cytotoxic T cells,True
pbmc3k_TCCCACGATCATTC-1,PBMC3k,Donor 1,IL7R+ memory/helper T cells,Non-cytotoxic T cells,True
pbmc3k_TCCCATCTCAAAGA-1,PBMC3k,Donor 1,Classical monocytes,Classical monocytes,True
pbmc3k_TCCCGAACACAGTC-1,PBMC3k,Donor 1,NK cells,NK cells,True
pbmc3k_TCCCGAACTTCGCC-1,PBMC3k,Donor 1,CD16+ non-classical monocytes,CD16+ non-classical monocytes,True
pbmc3k_TCCCGATGAGATCC-1,PBMC3k,Donor 1,IL7R+ memory/helper T cells,Non-cytotoxic T cells,True
pbmc3k_TCCCGATGCCTGAA-1,PBMC3k,Donor 1,Classical monocytes,Classical monocytes,True
pbmc3k_TCCCTACTCAACTG-1,PBMC3k,Donor 1,B cells,B cells,True
pbmc3k_TCCGAAGACAATCG-1,PBMC3k,Donor 1,Classical monocytes,Classical monocytes,True
pbmc3k_TCCGAAGACGTTAG-1,PBMC3k,Donor 1,IL7R+ memory/helper T cells,Non-cytotoxic T cells,True
pbmc3k_TCCGGACTGAGGTG-1,PBMC3k,Donor 1,IL7R+ memory/helper T cells,Non-cytotoxic T cells,True
pbmc3k_TCCGGACTGTACGT-1,PBMC3k,Donor 1,Cytotoxic CD8 T cells,Cytotoxic T cells,True
pbmc3k_TCCTAAACATCGAC-1,PBMC3k,Donor 1,Activated/transitional T cells,Cytotoxic T cells,True
pbmc3k_TCCTAAACCGAGAG-1,PBMC3k,Donor 1,IL7R+ memory/helper T cells,Non-cytotoxic T cells,True
pbmc3k_TCCTAAACCGCATA-1,PBMC3k,Donor 1,NK cells,NK cells,True
pbmc3k_TCCTAATGGTTTGG-1,PBMC3k,Donor 1,NK cells,NK cells,True
pbmc3k_TCCTACCTGTCGTA-1,PBMC3k,Donor 1,IL7R+ memory/helper T cells,Non-cytotoxic T cells,True
pbmc3k_TCCTATGAAAAGCA-1,PBMC3k,Donor 1,Cytotoxic CD8 T cells,Cytotoxic T cells,True
pbmc3k_TCGAATCTCTGGTA-1,PBMC3k,Donor 1,Cytotoxic CD8 T cells,Cytotoxic T cells,True
pbmc3k_TCGACCTGCCGATA-1,PBMC3k,Donor 1,CD16+ non-classical monocytes,CD16+ non-classical monocytes,True
pbmc3k_TCGACGCTTCTATC-1,PBMC3k,Donor 1,Classical monocytes,Classical monocytes,True
pbmc3k_TCGACGCTTTGACG-1,PBMC3k,Donor 1,IL7R+ memory/helper T cells,Non-cytotoxic T cells,True
pbmc3k_TCGAGAACGACAGG-1,PBMC3k,Donor 1,IL7R+ memory/helper T cells,Non-cytotoxic T cells,True
pbmc3k_TCGAGAACGTTAGC-1,PBMC3k,Donor 1,IL7R+ memory/helper T cells,Non-cytotoxic T cells,True
pbmc3k_TCGAGCCTATCAGC-1,PBMC3k,Donor 1,B cells,B cells,True
pbmc3k_TCGAGCCTGCGAGA-1,PBMC3k,Donor 1,Cytotoxic CD8 T cells,Cytotoxic T cells,True
pbmc3k_TCGAGCCTTGTGAC-1,PBMC3k,Donor 1,Naive/resting T cells,Non-cytotoxic T cells,True
pbmc3k_TCGATACTATTCCT-1,PBMC3k,Donor 1,Cytotoxic CD8 T cells,Cytotoxic T cells,True
pbmc3k_TCGATACTTGCACA-1,PBMC3k,Donor 1,IL7R+ memory/helper T cells,Non-cytotoxic T cells,True
pbmc3k_TCGATTTGATGCCA-1,PBMC3k,Donor 1,Classical monocytes,Classical monocytes,True
pbmc3k_TCGATTTGCACTCC-1,PBMC3k,Donor 1,Naive/resting T cells,Non-cytotoxic T cells,True
pbmc3k_TCGATTTGCAGCTA-1,PBMC3k,Donor 1,NK cells,NK cells,True
pbmc3k_TCGATTTGCCTACC-1,PBMC3k,Donor 1,Classical monocytes,Classical monocytes,True
pbmc3k_TCGATTTGTCGTGA-1,PBMC3k,Donor 1,B cells,B cells,True
pbmc3k_TCGCAGCTAGATCC-1,PBMC3k,Donor 1,Cytotoxic CD8 T cells,Cytotoxic T cells,True
pbmc3k_TCGCCATGAGACTC-1,PBMC3k,Donor 1,Naive/resting T cells,Non-cytotoxic T cells,True
pbmc3k_TCGCCATGTGGTCA-1,PBMC3k,Donor 1,B cells,B cells,True
pbmc3k_TCGGACCTAACAGA-1,PBMC3k,Donor 1,IL7R+ memory/helper T cells,Non-cytotoxic T cells,True
pbmc3k_TCGGACCTATAAGG-1,PBMC3k,Donor 1,B cells,B cells,True
pbmc3k_TCGGACCTGTACAC-1,PBMC3k,Donor 1,IL7R+ memory/helper T cells,Non-cytotoxic T cells,True
pbmc3k_TCGGTAGAGTAGGG-1,PBMC3k,Donor 1,Naive/resting T cells,Non-cytotoxic T cells,True
pbmc3k_TCGGTAGATCCCAC-1,PBMC3k,Donor 1,B cells,B cells,True
pbmc3k_TCGTAGGATCGACA-1,PBMC3k,Donor 1,IL7R+ memory/helper T cells,Non-cytotoxic T cells,True
pbmc3k_TCGTTATGGACAAA-1,PBMC3k,Donor 1,IL7R+ memory/helper T cells,Non-cytotoxic T cells,True
pbmc3k_TCTAACACCAGTTG-1,PBMC3k,Donor 1,NK cells,NK cells,True
pbmc3k_TCTAACACGAGCAG-1,PBMC3k,Donor 1,Classical monocytes,Classical monocytes,True
pbmc3k_TCTAACTGAACCAC-1,PBMC3k,Donor 1,IL7R+ memory/helper T cells,Non-cytotoxic T cells,True
pbmc3k_TCTAAGCTAATGCC-1,PBMC3k,Donor 1,Naive/resting T cells,Non-cytotoxic T cells,True
pbmc3k_TCTAAGCTTAGTCG-1,PBMC3k,Donor 1,Cytotoxic CD8 T cells,Cytotoxic T cells,True
pbmc3k_TCTAAGCTTCTAGG-1,PBMC3k,Donor 1,CD16+ non-classical monocytes,CD16+ non-classical monocytes,True
pbmc3k_TCTAAGCTTGTTCT-1,PBMC3k,Donor 1,Classical monocytes,Classical monocytes,True
pbmc3k_TCTAAGCTTTCGCC-1,PBMC3k,Donor 1,B cells,B cells,True
pbmc3k_TCTACAACGACTAC-1,PBMC3k,Donor 1,Classical monocytes,Classical monocytes,True
pbmc3k_TCTAGACTTAGAAG-1,PBMC3k,Donor 1,Classical monocytes,Classical monocytes,True
pbmc3k_TCTAGTTGCACCAA-1,PBMC3k,Donor 1,Classical monocytes,Classical monocytes,True
pbmc3k_TCTATGTGAAGAGT-1,PBMC3k,Donor 1,Classical monocytes,Classical monocytes,True
pbmc3k_TCTATGTGAGTCTG-1,PBMC3k,Donor 1,Activated/transitional T cells,Cytotoxic T cells,True
pbmc3k_TCTCAAACCTAAGC-1,PBMC3k,Donor 1,B cells,B cells,True
pbmc3k_TCTCTAGAATTTCC-1,PBMC3k,Donor 1,IL7R+ memory/helper T cells,Non-cytotoxic T cells,True
pbmc3k_TCTGATACACGTGT-1,PBMC3k,Donor 1,Naive/resting T cells,Non-cytotoxic T cells,True
pbmc3k_TCTGATACTCGCCT-1,PBMC3k,Donor 1,Naive/resting T cells,Non-cytotoxic T cells,True
pbmc3k_TCTTACGAACCTGA-1,PBMC3k,Donor 1,Classical monocytes,Classical monocytes,True
pbmc3k_TCTTCAGAGCTACA-1,PBMC3k,Donor 1,CD16+ non-classical monocytes,CD16+ non-classical monocytes,True
pbmc3k_TCTTGATGCGGAGA-1,PBMC3k,Donor 1,Cytotoxic CD8 T cells,Cytotoxic T cells,True
pbmc3k_TGAAATTGGTGAGG-1,PBMC3k,Donor 1,Classical monocytes,Classical monocytes,True
pbmc3k_TGAACCGAAAACGA-1,PBMC3k,Donor 1,Naive/resting T cells,Non-cytotoxic T cells,True
pbmc3k_TGAACCGACTACTT-1,PBMC3k,Donor 1,CD16+ non-classical monocytes,CD16+ non-classical monocytes,True
pbmc3k_TGAACCGATTCGGA-1,PBMC3k,Donor 1,CD16+ non-classical monocytes,CD16+ non-classical monocytes,True
pbmc3k_TGAAGCACTCACGA-1,PBMC3k,Donor 1,Cytotoxic CD8 T cells,Cytotoxic T cells,True
pbmc3k_TGAAGCTGAACGAA-1,PBMC3k,Donor 1,Naive/resting T cells,Non-cytotoxic T cells,True
pbmc3k_TGAAGCTGCATGGT-1,PBMC3k,Donor 1,B cells,B cells,True
pbmc3k_TGAAGCTGCGTAAC-1,PBMC3k,Donor 1,Naive/resting T cells,Non-cytotoxic T cells,True
pbmc3k_TGAATAACCACTTT-1,PBMC3k,Donor 1,Naive/resting T cells,Non-cytotoxic T cells,True
pbmc3k_TGAATAACTCCCAC-1,PBMC3k,Donor 1,NK cells,NK cells,True
pbmc3k_TGACACGACCTTAT-1,PBMC3k,Donor 1,B cells,B cells,True
pbmc3k_TGACCAGACAACCA-1,PBMC3k,Donor 1,IL7R+ memory/helper T cells,Non-cytotoxic T cells,True
pbmc3k_TGACCAGAGGATTC-1,PBMC3k,Donor 1,Naive/resting T cells,Non-cytotoxic T cells,True
pbmc3k_TGACCGCTAAAAGC-1,PBMC3k,Donor 1,IL7R+ memory/helper T cells,Non-cytotoxic T cells,True
pbmc3k_TGACCGCTCTGCAA-1,PBMC3k,Donor 1,Naive/resting T cells,Non-cytotoxic T cells,True
pbmc3k_TGACGATGCAAAGA-1,PBMC3k,Donor 1,Classical monocytes,Classical monocytes,True
pbmc3k_TGACGCCTGTACCA-1,PBMC3k,Donor 1,IL7R+ memory/helper T cells,Non-cytotoxic T cells,True
pbmc3k_TGACGCCTTTACTC-1,PBMC3k,Donor 1,IL7R+ memory/helper T cells,Non-cytotoxic T cells,True
pbmc3k_TGACTGGAAGAGAT-1,PBMC3k,Donor 1,Classical monocytes,Classical monocytes,True
pbmc3k_TGACTGGACCGTAA-1,PBMC3k,Donor 1,IL7R+ memory/helper T cells,Non-cytotoxic T cells,True
pbmc3k_TGACTGGACGCAAT-1,PBMC3k,Donor 1,Naive/resting T cells,Non-cytotoxic T cells,True
pbmc3k_TGACTGGAGGACAG-1,PBMC3k,Donor 1,B cells,B cells,True
pbmc3k_TGACTGGATTCTCA-1,PBMC3k,Donor 1,IL7R+ memory/helper T cells,Non-cytotoxic T cells,True
pbmc3k_TGACTTACACACCA-1,PBMC3k,Donor 1,IL7R+ memory/helper T cells,Non-cytotoxic T cells,True
pbmc3k_TGACTTACAGTCTG-1,PBMC3k,Donor 1,Classical monocytes,Classical monocytes,True
pbmc3k_TGACTTTGCGCATA-1,PBMC3k,Donor 1,Naive/resting T cells,Non-cytotoxic T cells,True
pbmc3k_TGACTTTGTTTGTC-1,PBMC3k,Donor 1,IL7R+ memory/helper T cells,Non-cytotoxic T cells,True
pbmc3k_TGAGACACAAGGTA-1,PBMC3k,Donor 1,IL7R+ memory/helper T cells,Non-cytotoxic T cells,True
pbmc3k_TGAGACACTCAAGC-1,PBMC3k,Donor 1,Cytotoxic CD8 T cells,Cytotoxic T cells,True
pbmc3k_TGAGCTGAATGCTG-1,PBMC3k,Donor 1,CD16+ non-classical monocytes,CD16+ non-classical monocytes,True
pbmc3k_TGAGCTGACTGGAT-1,PBMC3k,Donor 1,Classical monocytes,Classical monocytes,True
pbmc3k_TGAGCTGATGCTAG-1,PBMC3k,Donor 1,Classical monocytes,Classical monocytes,True
pbmc3k_TGAGGACTCTCATT-1,PBMC3k,Donor 1,Classical monocytes,Classical monocytes,True
pbmc3k_TGAGGACTTCATTC-1,PBMC3k,Donor 1,IL7R+ memory/helper T cells,Non-cytotoxic T cells,True
pbmc3k_TGAGGTACGAACCT-1,PBMC3k,Donor 1,CD16+ non-classical monocytes,CD16+ non-classical monocytes,True
pbmc3k_TGAGTCGAGTTACG-1,PBMC3k,Donor 1,B cells,B cells,True
pbmc3k_TGAGTGACTGAGCT-1,PBMC3k,Donor 1,Naive/resting T cells,Non-cytotoxic T cells,True
pbmc3k_TGATAAACGAATCC-1,PBMC3k,Donor 1,IL7R+ memory/helper T cells,Non-cytotoxic T cells,True
pbmc3k_TGATAAACTCCGTC-1,PBMC3k,Donor 1,NK cells,NK cells,True
pbmc3k_TGATAAACTTTCAC-1,PBMC3k,Donor 1,Naive/resting T cells,Non-cytotoxic T cells,True
pbmc3k_TGATACCTCACTAG-1,PBMC3k,Donor 1,Classical monocytes,Classical monocytes,True
pbmc3k_TGATACCTGTTGGT-1,PBMC3k,Donor 1,IL7R+ memory/helper T cells,Non-cytotoxic T cells,True
pbmc3k_TGATACCTTATGCG-1,PBMC3k,Donor 1,Naive/resting T cells,Non-cytotoxic T cells,True
pbmc3k_TGATACCTTGAAGA-1,PBMC3k,Donor 1,IL7R+ memory/helper T cells,Non-cytotoxic T cells,True
pbmc3k_TGATATGAACCTTT-1,PBMC3k,Donor 1,Naive/resting T cells,Non-cytotoxic T cells,True
pbmc3k_TGATCACTAGCATC-1,PBMC3k,Donor 1,Activated/transitional T cells,Cytotoxic T cells,True
pbmc3k_TGATCACTCTCGCT-1,PBMC3k,Donor 1,Activated/transitional T cells,Cytotoxic T cells,True
pbmc3k_TGATCACTTCTACT-1,PBMC3k,Donor 1,B cells,B cells,True
pbmc3k_TGATCGGACTGACA-1,PBMC3k,Donor 1,CD16+ non-classical monocytes,CD16+ non-classical monocytes,True
pbmc3k_TGATCGGAGGAGCA-1,PBMC3k,Donor 1,B cells,B cells,True
pbmc3k_TGATCGGATATGCG-1,PBMC3k,Donor 1,CD16+ non-classical monocytes,CD16+ non-classical monocytes,True
pbmc3k_TGATTAGACATTGG-1,PBMC3k,Donor 1,IL7R+ memory/helper T cells,Non-cytotoxic T cells,True
pbmc3k_TGATTAGATGACTG-1,PBMC3k,Donor 1,B cells,B cells,True
pbmc3k_TGATTAGATGCTAG-1,PBMC3k,Donor 1,Naive/resting T cells,Non-cytotoxic T cells,True
pbmc3k_TGATTCACTATGCG-1,PBMC3k,Donor 1,Naive/resting T cells,Non-cytotoxic T cells,True
pbmc3k_TGATTCACTGTCAG-1,PBMC3k,Donor 1,B cells,B cells,True
pbmc3k_TGATTCTGCCGAAT-1,PBMC3k,Donor 1,IL7R+ memory/helper T cells,Non-cytotoxic T cells,True
pbmc3k_TGATTCTGCTCTTA-1,PBMC3k,Donor 1,IL7R+ memory/helper T cells,Non-cytotoxic T cells,True
pbmc3k_TGCAAGTGAGAACA-1,PBMC3k,Donor 1,IL7R+ memory/helper T cells,Non-cytotoxic T cells,True
pbmc3k_TGCAAGTGGGTAGG-1,PBMC3k,Donor 1,Classical monocytes,Classical monocytes,True
pbmc3k_TGCAATCTTCAGGT-1,PBMC3k,Donor 1,Classical monocytes,Classical monocytes,True
pbmc3k_TGCACAGACGACAT-1,PBMC3k,Donor 1,NK cells,NK cells,True
pbmc3k_TGCCAAGAGCAGTT-1,PBMC3k,Donor 1,CD16+ non-classical monocytes,CD16+ non-classical monocytes,True
pbmc3k_TGCCAAGATCTCTA-1,PBMC3k,Donor 1,IL7R+ memory/helper T cells,Non-cytotoxic T cells,True
pbmc3k_TGCCACTGAACGTC-1,PBMC3k,Donor 1,IL7R+ memory/helper T cells,Non-cytotoxic T cells,True
pbmc3k_TGCCACTGCGATAC-1,PBMC3k,Donor 1,NK cells,NK cells,True
pbmc3k_TGCCAGCTTGGCAT-1,PBMC3k,Donor 1,IL7R+ memory/helper T cells,Non-cytotoxic T cells,True
pbmc3k_TGCCCAACAGCAAA-1,PBMC3k,Donor 1,IL7R+ memory/helper T cells,Non-cytotoxic T cells,True
pbmc3k_TGCCCAACCGCATA-1,PBMC3k,Donor 1,CD16+ non-classical monocytes,CD16+ non-classical monocytes,True
pbmc3k_TGCCGACTCTCCCA-1,PBMC3k,Donor 1,B cells,B cells,True
pbmc3k_TGCGAAACAGTCAC-1,PBMC3k,Donor 1,B cells,B cells,True
pbmc3k_TGCGAAACGTTGCA-1,PBMC3k,Donor 1,B cells,B cells,True
pbmc3k_TGCGATGAACGGTT-1,PBMC3k,Donor 1,IL7R+ memory/helper T cells,Non-cytotoxic T cells,True
pbmc3k_TGCGATGACCTCGT-1,PBMC3k,Donor 1,IL7R+ memory/helper T cells,Non-cytotoxic T cells,True
pbmc3k_TGCGATGACTAGTG-1,PBMC3k,Donor 1,B cells,B cells,True
pbmc3k_TGCGATGACTGCTC-1,PBMC3k,Donor 1,B cells,B cells,True
pbmc3k_TGCGATGACTTGCC-1,PBMC3k,Donor 1,B cells,B cells,True
pbmc3k_TGCGATGAGTGCTA-1,PBMC3k,Donor 1,Classical monocytes,Classical monocytes,True
pbmc3k_TGCGCACTCTTGAG-1,PBMC3k,Donor 1,Classical monocytes,Classical monocytes,True
pbmc3k_TGCGTAGAATAAGG-1,PBMC3k,Donor 1,Classical monocytes,Classical monocytes,True
pbmc3k_TGCGTAGACGGGAA-1,PBMC3k,Donor 1,B cells,B cells,True
pbmc3k_TGCGTAGATGGTCA-1,PBMC3k,Donor 1,CD16+ non-classical monocytes,CD16+ non-classical monocytes,True
pbmc3k_TGCTAGGAAACCGT-1,PBMC3k,Donor 1,Cytotoxic CD8 T cells,Cytotoxic T cells,True
pbmc3k_TGCTAGGATAGTCG-1,PBMC3k,Donor 1,Naive/resting T cells,Non-cytotoxic T cells,True
pbmc3k_TGCTATACGGTTCA-1,PBMC3k,Donor 1,Classical monocytes,Classical monocytes,True
pbmc3k_TGCTATACTGCTGA-1,PBMC3k,Donor 1,Cytotoxic CD8 T cells,Cytotoxic T cells,True
pbmc3k_TGCTGAGAGAGCAG-1,PBMC3k,Donor 1,NK cells,NK cells,True
pbmc3k_TGCTGAGATTATCC-1,PBMC3k,Donor 1,IL7R+ memory/helper T cells,Non-cytotoxic T cells,True
pbmc3k_TGGAAAGACTCTCG-1,PBMC3k,Donor 1,B cells,B cells,True
pbmc3k_TGGAAAGAGCGATT-1,PBMC3k,Donor 1,IL7R+ memory/helper T cells,Non-cytotoxic T cells,True
pbmc3k_TGGAAAGAGGTCAT-1,PBMC3k,Donor 1,CD16+ non-classical monocytes,CD16+ non-classical monocytes,True
pbmc3k_TGGAAAGATATGGC-1,PBMC3k,Donor 1,Naive/resting T cells,Non-cytotoxic T cells,True
pbmc3k_TGGAACACAAACAG-1,PBMC3k,Donor 1,NK cells,NK cells,True
pbmc3k_TGGAACACGCTAAC-1,PBMC3k,Donor 1,Cytotoxic CD8 T cells,Cytotoxic T cells,True
pbmc3k_TGGAAGCTCAGATC-1,PBMC3k,Donor 1,Naive/resting T cells,Non-cytotoxic T cells,True
pbmc3k_TGGACCCTACACTG-1,PBMC3k,Donor 1,Classical monocytes,Classical monocytes,True
pbmc3k_TGGACCCTCATGGT-1,PBMC3k,Donor 1,Cytotoxic CD8 T cells,Cytotoxic T cells,True
pbmc3k_TGGACCCTGGTACT-1,PBMC3k,Donor 1,Classical monocytes,Classical monocytes,True
pbmc3k_TGGACTGAGTATGC-1,PBMC3k,Donor 1,IL7R+ memory/helper T cells,Non-cytotoxic T cells,True
pbmc3k_TGGAGACTATCAGC-1,PBMC3k,Donor 1,Classical monocytes,Classical monocytes,True
pbmc3k_TGGAGACTTCAAGC-1,PBMC3k,Donor 1,Naive/resting T cells,Non-cytotoxic T cells,True
pbmc3k_TGGAGACTTGACCA-1,PBMC3k,Donor 1,Cytotoxic CD8 T cells,Cytotoxic T cells,True
pbmc3k_TGGAGGGACGGAGA-1,PBMC3k,Donor 1,Classical monocytes,Classical monocytes,True
pbmc3k_TGGAGGGAGCTATG-1,PBMC3k,Donor 1,Activated/transitional T cells,Cytotoxic T cells,True
pbmc3k_TGGATCGATAAAGG-1,PBMC3k,Donor 1,IL7R+ memory/helper T cells,Non-cytotoxic T cells,True
pbmc3k_TGGATGTGACCTAG-1,PBMC3k,Donor 1,B cells,B cells,True
pbmc3k_TGGATGTGTGAAGA-1,PBMC3k,Donor 1,B cells,B cells,True
pbmc3k_TGGATTCTCATACG-1,PBMC3k,Donor 1,Cytotoxic CD8 T cells,Cytotoxic T cells,True
pbmc3k_TGGCAATGCTTGTT-1,PBMC3k,Donor 1,B cells,B cells,True
pbmc3k_TGGCACCTTCACGA-1,PBMC3k,Donor 1,Activated/transitional T cells,Cytotoxic T cells,True
pbmc3k_TGGCACCTTCAGTG-1,PBMC3k,Donor 1,Classical monocytes,Classical monocytes,True
pbmc3k_TGGGTATGAAGAGT-1,PBMC3k,Donor 1,IL7R+ memory/helper T cells,Non-cytotoxic T cells,True
pbmc3k_TGGGTATGCACAAC-1,PBMC3k,Donor 1,IL7R+ memory/helper T cells,Non-cytotoxic T cells,True
pbmc3k_TGGGTATGGTACGT-1,PBMC3k,Donor 1,B cells,B cells,True
pbmc3k_TGGGTATGTTTGGG-1,PBMC3k,Donor 1,Classical monocytes,Classical monocytes,True
pbmc3k_TGGTAGACATGCCA-1,PBMC3k,Donor 1,IL7R+ memory/helper T cells,Non-cytotoxic T cells,True
pbmc3k_TGGTAGACCCTCAC-1,PBMC3k,Donor 1,NK cells,NK cells,True
pbmc3k_TGGTAGACCTGATG-1,PBMC3k,Donor 1,IL7R+ memory/helper T cells,Non-cytotoxic T cells,True
pbmc3k_TGGTAGTGCACTGA-1,PBMC3k,Donor 1,Classical monocytes,Classical monocytes,True
pbmc3k_TGGTATCTAAACAG-1,PBMC3k,Donor 1,Naive/resting T cells,Non-cytotoxic T cells,True
pbmc3k_TGGTATCTCTTCCG-1,PBMC3k,Donor 1,Naive/resting T cells,Non-cytotoxic T cells,True
pbmc3k_TGGTCAGACCCAAA-1,PBMC3k,Donor 1,Naive/resting T cells,Non-cytotoxic T cells,True
pbmc3k_TGGTTACTGACGTT-1,PBMC3k,Donor 1,Classical monocytes,Classical monocytes,True
pbmc3k_TGGTTACTGTTCTT-1,PBMC3k,Donor 1,Naive/resting T cells,Non-cytotoxic T cells,True
pbmc3k_TGTAACCTAGAGGC-1,PBMC3k,Donor 1,IL7R+ memory/helper T cells,Non-cytotoxic T cells,True
pbmc3k_TGTAACCTTGCCTC-1,PBMC3k,Donor 1,Classical monocytes,Classical monocytes,True
pbmc3k_TGTAATGACACAAC-1,PBMC3k,Donor 1,NK cells,NK cells,True
pbmc3k_TGTAATGAGGTAAA-1,PBMC3k,Donor 1,NK cells,NK cells,True
pbmc3k_TGTACTTGCTCTAT-1,PBMC3k,Donor 1,CD16+ non-classical monocytes,CD16+ non-classical monocytes,True
pbmc3k_TGTAGGTGCGAGAG-1,PBMC3k,Donor 1,B cells,B cells,True
pbmc3k_TGTAGGTGCTATGG-1,PBMC3k,Donor 1,IL7R+ memory/helper T cells,Non-cytotoxic T cells,True
pbmc3k_TGTAGGTGCTCTAT-1,PBMC3k,Donor 1,Classical monocytes,Classical monocytes,True
pbmc3k_TGTAGGTGTGCTGA-1,PBMC3k,Donor 1,Naive/resting T cells,Non-cytotoxic T cells,True
pbmc3k_TGTAGTCTTCCAGA-1,PBMC3k,Donor 1,Naive/resting T cells,Non-cytotoxic T cells,True
pbmc3k_TGTAGTCTTGCACA-1,PBMC3k,Donor 1,Cytotoxic CD8 T cells,Cytotoxic T cells,True
pbmc3k_TGTATCTGTTAGGC-1,PBMC3k,Donor 1,IL7R+ memory/helper T cells,Non-cytotoxic T cells,True
pbmc3k_TGTATGCTCATGGT-1,PBMC3k,Donor 1,B cells,B cells,True
pbmc3k_TGTATGCTGTAGGG-1,PBMC3k,Donor 1,Activated/transitional T cells,Cytotoxic T cells,True
pbmc3k_TGTATGCTTTCATC-1,PBMC3k,Donor 1,Naive/resting T cells,Non-cytotoxic T cells,True
pbmc3k_TGTCAGGAATACCG-1,PBMC3k,Donor 1,Naive/resting T cells,Non-cytotoxic T cells,True
pbmc3k_TGTCAGGAGATGAA-1,PBMC3k,Donor 1,CD16+ non-classical monocytes,CD16+ non-classical monocytes,True
pbmc3k_TGTCTAACCCCTTG-1,PBMC3k,Donor 1,Naive/resting T cells,Non-cytotoxic T cells,True
pbmc3k_TGTGACGATTCTCA-1,PBMC3k,Donor 1,Cytotoxic CD8 T cells,Cytotoxic T cells,True
pbmc3k_TGTGAGACTGTCAG-1,PBMC3k,Donor 1,CD16+ non-classical monocytes,CD16+ non-classical monocytes,True
pbmc3k_TGTGAGACTTGAGC-1,PBMC3k,Donor 1,IL7R+ memory/helper T cells,Non-cytotoxic T cells,True
pbmc3k_TGTGAGTGACCACA-1,PBMC3k,Donor 1,Naive/resting T cells,Non-cytotoxic T cells,True
pbmc3k_TGTGAGTGAGTGCT-1,PBMC3k,Donor 1,CD16+ non-classical monocytes,CD16+ non-classical monocytes,True
pbmc3k_TGTGAGTGGAGATA-1,PBMC3k,Donor 1,Cytotoxic CD8 T cells,Cytotoxic T cells,True
pbmc3k_TGTGATCTCTCTAT-1,PBMC3k,Donor 1,B cells,B cells,True
pbmc3k_TGTGATCTGACACT-1,PBMC3k,Donor 1,Activated/transitional T cells,Cytotoxic T cells,True
pbmc3k_TGTGGATGGCCAAT-1,PBMC3k,Donor 1,B cells,B cells,True
pbmc3k_TGTTAAGACAAAGA-1,PBMC3k,Donor 1,Classical monocytes,Classical monocytes,True
pbmc3k_TGTTAAGATAAGGA-1,PBMC3k,Donor 1,Classical monocytes,Classical monocytes,True
pbmc3k_TGTTACACCGCATA-1,PBMC3k,Donor 1,CD16+ non-classical monocytes,CD16+ non-classical monocytes,True
pbmc3k_TGTTACACGACTAC-1,PBMC3k,Donor 1,CD16+ non-classical monocytes,CD16+ non-classical monocytes,True
pbmc3k_TGTTACTGGCTACA-1,PBMC3k,Donor 1,Cytotoxic CD8 T cells,Cytotoxic T cells,True
pbmc3k_TGTTACTGTAGTCG-1,PBMC3k,Donor 1,Cytotoxic CD8 T cells,Cytotoxic T cells,True
pbmc3k_TTAACCACCGTAAC-1,PBMC3k,Donor 1,IL7R+ memory/helper T cells,Non-cytotoxic T cells,True
pbmc3k_TTAACCACTAAGGA-1,PBMC3k,Donor 1,Cytotoxic CD8 T cells,Cytotoxic T cells,True
pbmc3k_TTAACCACTCAGAC-1,PBMC3k,Donor 1,Cytotoxic CD8 T cells,Cytotoxic T cells,True
pbmc3k_TTACACACGTGTTG-1,PBMC3k,Donor 1,IL7R+ memory/helper T cells,Non-cytotoxic T cells,True
pbmc3k_TTACACACTCCTAT-1,PBMC3k,Donor 1,Naive/resting T cells,Non-cytotoxic T cells,True
pbmc3k_TTACCATGAATCGC-1,PBMC3k,Donor 1,Classical monocytes,Classical monocytes,True
pbmc3k_TTACCATGGTTGAC-1,PBMC3k,Donor 1,IL7R+ memory/helper T cells,Non-cytotoxic T cells,True
pbmc3k_TTACCATGTGTCTT-1,PBMC3k,Donor 1,Cytotoxic CD8 T cells,Cytotoxic T cells,True
pbmc3k_TTACCATGTTGTGG-1,PBMC3k,Donor 1,B cells,B cells,True
pbmc3k_TTACGACTGAGAGC-1,PBMC3k,Donor 1,IL7R+ memory/helper T cells,Non-cytotoxic T cells,True
pbmc3k_TTACGACTTGACAC-1,PBMC3k,Donor 1,Classical monocytes,Classical monocytes,True
pbmc3k_TTACGTACGTTCAG-1,PBMC3k,Donor 1,Platelets,,False
pbmc3k_TTACTCGAAGAATG-1,PBMC3k,Donor 1,Classical monocytes,Classical monocytes,True
pbmc3k_TTACTCGACGCAAT-1,PBMC3k,Donor 1,Classical monocytes,Classical monocytes,True
pbmc3k_TTACTCGAGGGTGA-1,PBMC3k,Donor 1,IL7R+ memory/helper T cells,Non-cytotoxic T cells,True
pbmc3k_TTACTCGATCTACT-1,PBMC3k,Donor 1,NK cells,NK cells,True
pbmc3k_TTAGAATGTGGTGT-1,PBMC3k,Donor 1,IL7R+ memory/helper T cells,Non-cytotoxic T cells,True
pbmc3k_TTAGAATGTGTAGC-1,PBMC3k,Donor 1,Activated/transitional T cells,Cytotoxic T cells,True
pbmc3k_TTAGACCTCCTACC-1,PBMC3k,Donor 1,Naive/resting T cells,Non-cytotoxic T cells,True
pbmc3k_TTAGACCTCCTTTA-1,PBMC3k,Donor 1,Classical monocytes,Classical monocytes,True
pbmc3k_TTAGCTACAACCGT-1,PBMC3k,Donor 1,Naive/resting T cells,Non-cytotoxic T cells,True
pbmc3k_TTAGCTACTGTCCC-1,PBMC3k,Donor 1,CD16+ non-classical monocytes,CD16+ non-classical monocytes,True
pbmc3k_TTAGCTACTTTCGT-1,PBMC3k,Donor 1,IL7R+ memory/helper T cells,Non-cytotoxic T cells,True
pbmc3k_TTAGGGACGCGAAG-1,PBMC3k,Donor 1,Cytotoxic CD8 T cells,Cytotoxic T cells,True
pbmc3k_TTAGGGTGCTGGAT-1,PBMC3k,Donor 1,B cells,B cells,True
pbmc3k_TTAGGGTGTCCTGC-1,PBMC3k,Donor 1,Classical monocytes,Classical monocytes,True
pbmc3k_TTAGGTCTACTTTC-1,PBMC3k,Donor 1,Classical monocytes,Classical monocytes,True
pbmc3k_TTAGTCACCAGTTG-1,PBMC3k,Donor 1,IL7R+ memory/helper T cells,Non-cytotoxic T cells,True
pbmc3k_TTAGTCTGAAAGCA-1,PBMC3k,Donor 1,B cells,B cells,True
pbmc3k_TTAGTCTGCCAACA-1,PBMC3k,Donor 1,NK cells,NK cells,True
pbmc3k_TTAGTCTGTGCACA-1,PBMC3k,Donor 1,IL7R+ memory/helper T cells,Non-cytotoxic T cells,True
pbmc3k_TTATCCGACTAGTG-1,PBMC3k,Donor 1,B cells,B cells,True
pbmc3k_TTATCCGAGAAAGT-1,PBMC3k,Donor 1,Classical monocytes,Classical monocytes,True
pbmc3k_TTATGAGAGATAAG-1,PBMC3k,Donor 1,Activated/transitional T cells,Cytotoxic T cells,True
pbmc3k_TTATGCACGTCACA-1,PBMC3k,Donor 1,B cells,B cells,True
pbmc3k_TTATGGCTTATGGC-1,PBMC3k,Donor 1,Classical monocytes,Classical monocytes,True
pbmc3k_TTATTCCTATGCTG-1,PBMC3k,Donor 1,Classical monocytes,Classical monocytes,True
pbmc3k_TTATTCCTGGACAG-1,PBMC3k,Donor 1,B cells,B cells,True
pbmc3k_TTATTCCTGGTACT-1,PBMC3k,Donor 1,B cells,B cells,True
pbmc3k_TTATTCCTTCGTGA-1,PBMC3k,Donor 1,IL7R+ memory/helper T cells,Non-cytotoxic T cells,True
pbmc3k_TTCAAAGATAAAGG-1,PBMC3k,Donor 1,Cytotoxic CD8 T cells,Cytotoxic T cells,True
pbmc3k_TTCAACACAACAGA-1,PBMC3k,Donor 1,IL7R+ memory/helper T cells,Non-cytotoxic T cells,True
pbmc3k_TTCAACACCCCAAA-1,PBMC3k,Donor 1,Classical monocytes,Classical monocytes,True
pbmc3k_TTCAACACGGACGA-1,PBMC3k,Donor 1,CD16+ non-classical monocytes,CD16+ non-classical monocytes,True
pbmc3k_TTCAAGCTAAGAAC-1,PBMC3k,Donor 1,Classical monocytes,Classical monocytes,True
pbmc3k_TTCAAGCTAGATGA-1,PBMC3k,Donor 1,IL7R+ memory/helper T cells,Non-cytotoxic T cells,True
pbmc3k_TTCAAGCTGTTGAC-1,PBMC3k,Donor 1,IL7R+ memory/helper T cells,Non-cytotoxic T cells,True
pbmc3k_TTCAAGCTTGATGC-1,PBMC3k,Donor 1,Naive/resting T cells,Non-cytotoxic T cells,True
pbmc3k_TTCAAGCTTTCGCC-1,PBMC3k,Donor 1,Naive/resting T cells,Non-cytotoxic T cells,True
pbmc3k_TTCACAACCCGTTC-1,PBMC3k,Donor 1,Classical monocytes,Classical monocytes,True
pbmc3k_TTCACAACGTCTGA-1,PBMC3k,Donor 1,CD16+ non-classical monocytes,CD16+ non-classical monocytes,True
pbmc3k_TTCAGACTACCCAA-1,PBMC3k,Donor 1,Activated/transitional T cells,Cytotoxic T cells,True
pbmc3k_TTCAGACTCTCGAA-1,PBMC3k,Donor 1,IL7R+ memory/helper T cells,Non-cytotoxic T cells,True
pbmc3k_TTCAGTACCGACTA-1,PBMC3k,Donor 1,IL7R+ memory/helper T cells,Non-cytotoxic T cells,True
pbmc3k_TTCAGTACTCAAGC-1,PBMC3k,Donor 1,IL7R+ memory/helper T cells,Non-cytotoxic T cells,True
pbmc3k_TTCAGTACTCCTAT-1,PBMC3k,Donor 1,Classical monocytes,Classical monocytes,True
pbmc3k_TTCAGTTGCCAAGT-1,PBMC3k,Donor 1,IL7R+ memory/helper T cells,Non-cytotoxic T cells,True
pbmc3k_TTCAGTTGTCCTTA-1,PBMC3k,Donor 1,Classical monocytes,Classical monocytes,True
pbmc3k_TTCAGTTGTCTAGG-1,PBMC3k,Donor 1,Activated/transitional T cells,Cytotoxic T cells,True
pbmc3k_TTCAGTTGTCTCGC-1,PBMC3k,Donor 1,B cells,B cells,True
pbmc3k_TTCATCGAGGTGGA-1,PBMC3k,Donor 1,Classical monocytes,Classical monocytes,True
pbmc3k_TTCATGTGTGGTGT-1,PBMC3k,Donor 1,IL7R+ memory/helper T cells,Non-cytotoxic T cells,True
pbmc3k_TTCATTCTATGTCG-1,PBMC3k,Donor 1,Classical monocytes,Classical monocytes,True
pbmc3k_TTCATTCTTCTCTA-1,PBMC3k,Donor 1,Naive/resting T cells,Non-cytotoxic T cells,True
pbmc3k_TTCCAAACCTATGG-1,PBMC3k,Donor 1,Classical monocytes,Classical monocytes,True
pbmc3k_TTCCAAACCTCCCA-1,PBMC3k,Donor 1,B cells,B cells,True
pbmc3k_TTCCAAACTCCCAC-1,PBMC3k,Donor 1,NK cells,NK cells,True
pbmc3k_TTCCAAACTTGACG-1,PBMC3k,Donor 1,Cytotoxic CD8 T cells,Cytotoxic T cells,True
pbmc3k_TTCCATGACGAGAG-1,PBMC3k,Donor 1,Classical monocytes,Classical monocytes,True
pbmc3k_TTCCATGACTGTCC-1,PBMC3k,Donor 1,Activated/transitional T cells,Cytotoxic T cells,True
pbmc3k_TTCCCACTTGAGGG-1,PBMC3k,Donor 1,NK cells,NK cells,True
pbmc3k_TTCCCACTTGTCTT-1,PBMC3k,Donor 1,Classical monocytes,Classical monocytes,True
pbmc3k_TTCCTAGAAAGTGA-1,PBMC3k,Donor 1,Naive/resting T cells,Non-cytotoxic T cells,True
pbmc3k_TTCCTAGACTAGTG-1,PBMC3k,Donor 1,CD16+ non-classical monocytes,CD16+ non-classical monocytes,True
pbmc3k_TTCGAGGACTCTAT-1,PBMC3k,Donor 1,IL7R+ memory/helper T cells,Non-cytotoxic T cells,True
pbmc3k_TTCGAGGAGGGCAA-1,PBMC3k,Donor 1,IL7R+ memory/helper T cells,Non-cytotoxic T cells,True
pbmc3k_TTCGAGGATAGAAG-1,PBMC3k,Donor 1,CD16+ non-classical monocytes,CD16+ non-classical monocytes,True
pbmc3k_TTCGATTGAGCATC-1,PBMC3k,Donor 1,IL7R+ memory/helper T cells,Non-cytotoxic T cells,True
pbmc3k_TTCGGAGAATGCCA-1,PBMC3k,Donor 1,Classical monocytes,Classical monocytes,True
pbmc3k_TTCGGAGATGTGCA-1,PBMC3k,Donor 1,IL7R+ memory/helper T cells,Non-cytotoxic T cells,True
pbmc3k_TTCGTATGAAAAGC-1,PBMC3k,Donor 1,Cytotoxic CD8 T cells,Cytotoxic T cells,True
pbmc3k_TTCGTATGGATAGA-1,PBMC3k,Donor 1,Cytotoxic CD8 T cells,Cytotoxic T cells,True
pbmc3k_TTCGTATGGTCTGA-1,PBMC3k,Donor 1,Naive/resting T cells,Non-cytotoxic T cells,True
pbmc3k_TTCGTATGTCCTTA-1,PBMC3k,Donor 1,Classical monocytes,Classical monocytes,True
pbmc3k_TTCTACGAACGTAC-1,PBMC3k,Donor 1,IL7R+ memory/helper T cells,Non-cytotoxic T cells,True
pbmc3k_TTCTACGAGTTGGT-1,PBMC3k,Donor 1,IL7R+ memory/helper T cells,Non-cytotoxic T cells,True
pbmc3k_TTCTAGTGACACGT-1,PBMC3k,Donor 1,IL7R+ memory/helper T cells,Non-cytotoxic T cells,True
pbmc3k_TTCTAGTGCATGAC-1,PBMC3k,Donor 1,Classical monocytes,Classical monocytes,True
pbmc3k_TTCTAGTGGAGAGC-1,PBMC3k,Donor 1,NK cells,NK cells,True
pbmc3k_TTCTAGTGGTCACA-1,PBMC3k,Donor 1,Classical monocytes,Classical monocytes,True
pbmc3k_TTCTCAGAAGAGAT-1,PBMC3k,Donor 1,IL7R+ memory/helper T cells,Non-cytotoxic T cells,True
pbmc3k_TTCTCAGAAGCATC-1,PBMC3k,Donor 1,B cells,B cells,True
pbmc3k_TTCTCAGATGGAGG-1,PBMC3k,Donor 1,IL7R+ memory/helper T cells,Non-cytotoxic T cells,True
pbmc3k_TTCTGATGGAGACG-1,PBMC3k,Donor 1,NK cells,NK cells,True
pbmc3k_TTCTTACTCTGGAT-1,PBMC3k,Donor 1,CD16+ non-classical monocytes,CD16+ non-classical monocytes,True
pbmc3k_TTGAACCTCCTTGC-1,PBMC3k,Donor 1,B cells,B cells,True
pbmc3k_TTGAATGAACTACG-1,PBMC3k,Donor 1,CD16+ non-classical monocytes,CD16+ non-classical monocytes,True
pbmc3k_TTGAATGACTTACT-1,PBMC3k,Donor 1,Naive/resting T cells,Non-cytotoxic T cells,True
pbmc3k_TTGAATGATCTCAT-1,PBMC3k,Donor 1,B cells,B cells,True
pbmc3k_TTGACACTCTGTAG-1,PBMC3k,Donor 1,IL7R+ memory/helper T cells,Non-cytotoxic T cells,True
pbmc3k_TTGACACTGATAAG-1,PBMC3k,Donor 1,B cells,B cells,True
pbmc3k_TTGAGGACAGAACA-1,PBMC3k,Donor 1,Classical monocytes,Classical monocytes,True
pbmc3k_TTGAGGACTACGCA-1,PBMC3k,Donor 1,Classical monocytes,Classical monocytes,True
pbmc3k_TTGAGGTGGACGGA-1,PBMC3k,Donor 1,Naive/resting T cells,Non-cytotoxic T cells,True
pbmc3k_TTGCATTGAGCTAC-1,PBMC3k,Donor 1,Cytotoxic CD8 T cells,Cytotoxic T cells,True
pbmc3k_TTGCATTGCTAAGC-1,PBMC3k,Donor 1,Classical monocytes,Classical monocytes,True
pbmc3k_TTGCATTGTGACTG-1,PBMC3k,Donor 1,IL7R+ memory/helper T cells,Non-cytotoxic T cells,True
pbmc3k_TTGCTAACACCAAC-1,PBMC3k,Donor 1,Cytotoxic CD8 T cells,Cytotoxic T cells,True
pbmc3k_TTGCTAACACGCTA-1,PBMC3k,Donor 1,CD16+ non-classical monocytes,CD16+ non-classical monocytes,True
pbmc3k_TTGCTAACCACTCC-1,PBMC3k,Donor 1,Naive/resting T cells,Non-cytotoxic T cells,True
pbmc3k_TTGCTATGGTACGT-1,PBMC3k,Donor 1,Classical monocytes,Classical monocytes,True
pbmc3k_TTGCTATGGTAGGG-1,PBMC3k,Donor 1,CD16+ non-classical monocytes,CD16+ non-classical monocytes,True
pbmc3k_TTGGAGACCAATCG-1,PBMC3k,Donor 1,IL7R+ memory/helper T cells,Non-cytotoxic T cells,True
pbmc3k_TTGGAGACGCTATG-1,PBMC3k,Donor 1,Classical monocytes,Classical monocytes,True
pbmc3k_TTGGAGACTATGGC-1,PBMC3k,Donor 1,B cells,B cells,True
pbmc3k_TTGGGAACTGAACC-1,PBMC3k,Donor 1,Naive/resting T cells,Non-cytotoxic T cells,True
pbmc3k_TTGGTACTACTGGT-1,PBMC3k,Donor 1,Classical monocytes,Classical monocytes,True
pbmc3k_TTGGTACTCTTAGG-1,PBMC3k,Donor 1,Naive/resting T cells,Non-cytotoxic T cells,True
pbmc3k_TTGGTACTGAATCC-1,PBMC3k,Donor 1,B cells,B cells,True
pbmc3k_TTGGTACTGGATTC-1,PBMC3k,Donor 1,B cells,B cells,True
pbmc3k_TTGTACACGTTGTG-1,PBMC3k,Donor 1,B cells,B cells,True
pbmc3k_TTGTACACTTGCAG-1,PBMC3k,Donor 1,IL7R+ memory/helper T cells,Non-cytotoxic T cells,True
pbmc3k_TTGTAGCTAGCTCA-1,PBMC3k,Donor 1,IL7R+ memory/helper T cells,Non-cytotoxic T cells,True
pbmc3k_TTGTAGCTCTCTTA-1,PBMC3k,Donor 1,B cells,B cells,True
pbmc3k_TTGTCATGGACGGA-1,PBMC3k,Donor 1,NK cells,NK cells,True
pbmc3k_TTTAGAGATCCTCG-1,PBMC3k,Donor 1,B cells,B cells,True
pbmc3k_TTTAGCTGATACCG-1,PBMC3k,Donor 1,Naive/resting T cells,Non-cytotoxic T cells,True
pbmc3k_TTTAGCTGGATACC-1,PBMC3k,Donor 1,Classical monocytes,Classical monocytes,True
pbmc3k_TTTAGCTGTACTCT-1,PBMC3k,Donor 1,Classical monocytes,Classical monocytes,True
pbmc3k_TTTAGGCTCCTTTA-1,PBMC3k,Donor 1,Classical monocytes,Classical monocytes,True
pbmc3k_TTTATCCTGTTGTG-1,PBMC3k,Donor 1,Classical monocytes,Classical monocytes,True
pbmc3k_TTTCACGAGGTTCA-1,PBMC3k,Donor 1,Naive/resting T cells,Non-cytotoxic T cells,True
pbmc3k_TTTCAGTGGAAGGC-1,PBMC3k,Donor 1,Cytotoxic CD8 T cells,Cytotoxic T cells,True
pbmc3k_TTTCAGTGTCACGA-1,PBMC3k,Donor 1,B cells,B cells,True
pbmc3k_TTTCAGTGTCTATC-1,PBMC3k,Donor 1,Classical monocytes,Classical monocytes,True
pbmc3k_TTTCAGTGTGCAGT-1,PBMC3k,Donor 1,B cells,B cells,True
pbmc3k_TTTCCAGAGGTGAG-1,PBMC3k,Donor 1,IL7R+ memory/helper T cells,Non-cytotoxic T cells,True
pbmc3k_TTTCGAACACCTGA-1,PBMC3k,Donor 1,B cells,B cells,True
pbmc3k_TTTCGAACTCTCAT-1,PBMC3k,Donor 1,Classical monocytes,Classical monocytes,True
pbmc3k_TTTCTACTGAGGCA-1,PBMC3k,Donor 1,B cells,B cells,True
pbmc3k_TTTCTACTTCCTCG-1,PBMC3k,Donor 1,B cells,B cells,True
pbmc3k_TTTGCATGAGAGGC-1,PBMC3k,Donor 1,B cells,B cells,True
pbmc3k_TTTGCATGCCTCAC-1,PBMC3k,Donor 1,Naive/resting T cells,Non-cytotoxic T cells,True
pbmc4k_AAACCTGAGAAGGCCT-1,PBMC4k,Donor 2,Classical monocytes,Classical monocytes,True
pbmc4k_AAACCTGAGACAGACC-1,PBMC4k,Donor 2,Classical monocytes,Classical monocytes,True
pbmc4k_AAACCTGAGATAGTCA-1,PBMC4k,Donor 2,Classical monocytes,Classical monocytes,True
pbmc4k_AAACCTGAGCGCCTCA-1,PBMC4k,Donor 2,IL7R+ memory/helper T cells,Non-cytotoxic T cells,True
pbmc4k_AAACCTGAGGCATGGT-1,PBMC4k,Donor 2,Activated/transitional T cells,Non-cytotoxic T cells,True
pbmc4k_AAACCTGCAAGGTTCT-1,PBMC4k,Donor 2,Cytotoxic CD8 T cells,Cytotoxic T cells,True
pbmc4k_AAACCTGCAGGATTGG-1,PBMC4k,Donor 2,Dendritic cells,,False
pbmc4k_AAACCTGCATCCCATC-1,PBMC4k,Donor 2,B cells,B cells,True
pbmc4k_AAACCTGGTACATCCA-1,PBMC4k,Donor 2,B cells,B cells,True
pbmc4k_AAACCTGGTGCGGTAA-1,PBMC4k,Donor 2,Activated/transitional T cells,Non-cytotoxic T cells,True
pbmc4k_AAACCTGTCGTGGTCG-1,PBMC4k,Donor 2,Activated/transitional T cells,Non-cytotoxic T cells,True
pbmc4k_AAACCTGTCTCTGCTG-1,PBMC4k,Donor 2,IL7R+ memory/helper T cells,Non-cytotoxic T cells,True
pbmc4k_AAACGGGAGGCTAGCA-1,PBMC4k,Donor 2,IL7R+ memory/helper T cells,Non-cytotoxic T cells,True
pbmc4k_AAACGGGAGTGTCCAT-1,PBMC4k,Donor 2,Activated/transitional T cells,Non-cytotoxic T cells,True
pbmc4k_AAACGGGGTCTTCTCG-1,PBMC4k,Donor 2,Classical monocytes,Classical monocytes,True
pbmc4k_AAACGGGGTGGACGAT-1,PBMC4k,Donor 2,Cytotoxic CD8 T cells,Cytotoxic T cells,True
pbmc4k_AAACGGGGTTTGCATG-1,PBMC4k,Donor 2,Classical monocytes,Classical monocytes,True
pbmc4k_AAACGGGTCTGGGCCA-1,PBMC4k,Donor 2,Activated/transitional T cells,Non-cytotoxic T cells,True
pbmc4k_AAACGGGTCTGGTATG-1,PBMC4k,Donor 2,IL7R+ memory/helper T cells,Non-cytotoxic T cells,True
pbmc4k_AAAGATGAGACATAAC-1,PBMC4k,Donor 2,Activated/transitional T cells,Non-cytotoxic T cells,True
pbmc4k_AAAGATGGTCCCTACT-1,PBMC4k,Donor 2,B cells,B cells,True
pbmc4k_AAAGATGTCCGAATGT-1,PBMC4k,Donor 2,Activated/transitional T cells,Non-cytotoxic T cells,True
pbmc4k_AAAGATGTCTGGTTCC-1,PBMC4k,Donor 2,Classical monocytes,Classical monocytes,True
pbmc4k_AAAGCAAAGTGTCCAT-1,PBMC4k,Donor 2,Dendritic cells,,False
pbmc4k_AAAGCAACACCGAAAG-1,PBMC4k,Donor 2,Activated/transitional T cells,Non-cytotoxic T cells,True
pbmc4k_AAAGCAAGTAAACACA-1,PBMC4k,Donor 2,NK cells,NK cells,True
pbmc4k_AAAGCAAGTCAAGCGA-1,PBMC4k,Donor 2,Activated/transitional T cells,Non-cytotoxic T cells,True
pbmc4k_AAAGCAAGTCTCACCT-1,PBMC4k,Donor 2,Classical monocytes,Classical monocytes,True
pbmc4k_AAAGCAAGTCTTTCAT-1,PBMC4k,Donor 2,IL7R+ memory/helper T cells,Non-cytotoxic T cells,True
pbmc4k_AAAGCAAGTTGTTTGG-1,PBMC4k,Donor 2,Activated/transitional T cells,Non-cytotoxic T cells,True
pbmc4k_AAAGCAATCGTATCAG-1,PBMC4k,Donor 2,NK cells,NK cells,True
pbmc4k_AAAGTAGAGAAGGTGA-1,PBMC4k,Donor 2,IL7R+ memory/helper T cells,Non-cytotoxic T cells,True
pbmc4k_AAAGTAGAGACAATAC-1,PBMC4k,Donor 2,Activated/transitional T cells,Non-cytotoxic T cells,True
pbmc4k_AAAGTAGAGCGACGTA-1,PBMC4k,Donor 2,Cytotoxic CD8 T cells,Cytotoxic T cells,True
pbmc4k_AAAGTAGAGGGCACTA-1,PBMC4k,Donor 2,Classical monocytes,Classical monocytes,True
pbmc4k_AAAGTAGAGTCCATAC-1,PBMC4k,Donor 2,B cells,B cells,True
pbmc4k_AAAGTAGCACATGACT-1,PBMC4k,Donor 2,B cells,B cells,True
pbmc4k_AAAGTAGCAGCTGTTA-1,PBMC4k,Donor 2,B cells,B cells,True
pbmc4k_AAAGTAGGTAAGGGAA-1,PBMC4k,Donor 2,Classical monocytes,Classical monocytes,True
pbmc4k_AAAGTAGGTTACTGAC-1,PBMC4k,Donor 2,Classical monocytes,Classical monocytes,True
pbmc4k_AAAGTAGTCAAACCAC-1,PBMC4k,Donor 2,Classical monocytes,Classical monocytes,True
pbmc4k_AAAGTAGTCTCAAGTG-1,PBMC4k,Donor 2,Activated/transitional T cells,Non-cytotoxic T cells,True
pbmc4k_AAATGCCAGACGCACA-1,PBMC4k,Donor 2,IL7R+ memory/helper T cells,Non-cytotoxic T cells,True
pbmc4k_AAATGCCAGGGCTTCC-1,PBMC4k,Donor 2,Classical monocytes,Classical monocytes,True
pbmc4k_AAATGCCAGGGTATCG-1,PBMC4k,Donor 2,Activated/transitional T cells,Non-cytotoxic T cells,True
pbmc4k_AAATGCCCACATTTCT-1,PBMC4k,Donor 2,Activated/transitional T cells,Non-cytotoxic T cells,True
pbmc4k_AAATGCCCAGACACTT-1,PBMC4k,Donor 2,Classical monocytes,Classical monocytes,True
pbmc4k_AAATGCCGTGCAGTAG-1,PBMC4k,Donor 2,Cytotoxic CD8 T cells,Cytotoxic T cells,True
pbmc4k_AAATGCCGTTTCGCTC-1,PBMC4k,Donor 2,Activated/transitional T cells,Non-cytotoxic T cells,True
pbmc4k_AAATGCCTCACCAGGC-1,PBMC4k,Donor 2,Classical monocytes,Classical monocytes,True
pbmc4k_AAATGCCTCAGGCCCA-1,PBMC4k,Donor 2,B cells,B cells,True
pbmc4k_AACACGTAGGTGCTAG-1,PBMC4k,Donor 2,Classical monocytes,Classical monocytes,True
pbmc4k_AACACGTCACCTGGTG-1,PBMC4k,Donor 2,Dendritic cells,,False
pbmc4k_AACACGTCATGGTTGT-1,PBMC4k,Donor 2,IL7R+ memory/helper T cells,Non-cytotoxic T cells,True
pbmc4k_AACACGTGTACCGTAT-1,PBMC4k,Donor 2,Activated/transitional T cells,Non-cytotoxic T cells,True
pbmc4k_AACACGTGTATCAGTC-1,PBMC4k,Donor 2,Dendritic cells,,False
pbmc4k_AACACGTTCGCATGGC-1,PBMC4k,Donor 2,Activated/transitional T cells,Non-cytotoxic T cells,True
pbmc4k_AACACGTTCTTACCGC-1,PBMC4k,Donor 2,Cytotoxic CD8 T cells,Cytotoxic T cells,True
pbmc4k_AACCATGAGGAGCGTT-1,PBMC4k,Donor 2,IL7R+ memory/helper T cells,Non-cytotoxic T cells,True
pbmc4k_AACCATGCAGTCCTTC-1,PBMC4k,Donor 2,Classical monocytes,Classical monocytes,True
pbmc4k_AACCATGGTACAGCAG-1,PBMC4k,Donor 2,Classical monocytes,Classical monocytes,True
pbmc4k_AACCATGGTATCTGCA-1,PBMC4k,Donor 2,Activated/transitional T cells,Non-cytotoxic T cells,True
pbmc4k_AACCATGTCGGAAACG-1,PBMC4k,Donor 2,Activated/transitional T cells,Non-cytotoxic T cells,True
pbmc4k_AACCATGTCGGATGTT-1,PBMC4k,Donor 2,Dendritic cells,,False
pbmc4k_AACCGCGAGATCCCAT-1,PBMC4k,Donor 2,Dendritic cells,,False
pbmc4k_AACCGCGAGGGTGTGT-1,PBMC4k,Donor 2,Classical monocytes,Classical monocytes,True
pbmc4k_AACCGCGCACGGCCAT-1,PBMC4k,Donor 2,Cytotoxic CD8 T cells,Cytotoxic T cells,True
pbmc4k_AACCGCGCATGGTCTA-1,PBMC4k,Donor 2,Activated/transitional T cells,Non-cytotoxic T cells,True
pbmc4k_AACCGCGGTAAGTGTA-1,PBMC4k,Donor 2,Activated/transitional T cells,Non-cytotoxic T cells,True
pbmc4k_AACCGCGGTAGGAGTC-1,PBMC4k,Donor 2,IL7R+ memory/helper T cells,Non-cytotoxic T cells,True
pbmc4k_AACCGCGGTTACGCGC-1,PBMC4k,Donor 2,Activated/transitional T cells,Non-cytotoxic T cells,True
pbmc4k_AACCGCGTCTGCTTGC-1,PBMC4k,Donor 2,Activated/transitional T cells,Non-cytotoxic T cells,True
pbmc4k_AACGTTGAGGTCATCT-1,PBMC4k,Donor 2,Classical monocytes,Classical monocytes,True
pbmc4k_AACGTTGCACACCGCA-1,PBMC4k,Donor 2,Classical monocytes,Classical monocytes,True
pbmc4k_AACGTTGCAGTCGTGC-1,PBMC4k,Donor 2,IL7R+ memory/helper T cells,Non-cytotoxic T cells,True
pbmc4k_AACGTTGCATGCAATC-1,PBMC4k,Donor 2,Classical monocytes,Classical monocytes,True
pbmc4k_AACGTTGGTGTAACGG-1,PBMC4k,Donor 2,IL7R+ memory/helper T cells,Non-cytotoxic T cells,True
pbmc4k_AACGTTGGTTGGTGGA-1,PBMC4k,Donor 2,IL7R+ memory/helper T cells,Non-cytotoxic T cells,True
pbmc4k_AACGTTGTCACTGGGC-1,PBMC4k,Donor 2,Classical monocytes,Classical monocytes,True
pbmc4k_AACGTTGTCCACGAAT-1,PBMC4k,Donor 2,Classical monocytes,Classical monocytes,True
pbmc4k_AACGTTGTCTTGTATC-1,PBMC4k,Donor 2,Activated/transitional T cells,Non-cytotoxic T cells,True
pbmc4k_AACTCAGCAACGATGG-1,PBMC4k,Donor 2,Activated/transitional T cells,Non-cytotoxic T cells,True
pbmc4k_AACTCAGCACGGTTTA-1,PBMC4k,Donor 2,Activated/transitional T cells,Non-cytotoxic T cells,True
pbmc4k_AACTCAGGTGCACTTA-1,PBMC4k,Donor 2,Cytotoxic CD8 T cells,Cytotoxic T cells,True
pbmc4k_AACTCAGGTTACCGAT-1,PBMC4k,Donor 2,Cytotoxic CD8 T cells,Cytotoxic T cells,True
pbmc4k_AACTCAGGTTGTCGCG-1,PBMC4k,Donor 2,Activated/transitional T cells,Non-cytotoxic T cells,True
pbmc4k_AACTCAGGTTTGACAC-1,PBMC4k,Donor 2,Classical monocytes,Classical monocytes,True
pbmc4k_AACTCAGTCAGAGCTT-1,PBMC4k,Donor 2,NK cells,NK cells,True
pbmc4k_AACTCAGTCCAACCAA-1,PBMC4k,Donor 2,Cytotoxic CD8 T cells,Cytotoxic T cells,True
pbmc4k_AACTCCCAGAAACCTA-1,PBMC4k,Donor 2,Naive/resting T cells,Non-cytotoxic T cells,True
pbmc4k_AACTCCCAGCGTGAAC-1,PBMC4k,Donor 2,Dendritic cells,,False
pbmc4k_AACTCCCCACATGGGA-1,PBMC4k,Donor 2,Activated/transitional T cells,Non-cytotoxic T cells,True
pbmc4k_AACTCCCCACCATGTA-1,PBMC4k,Donor 2,Cytotoxic CD8 T cells,Cytotoxic T cells,True
pbmc4k_AACTCCCCACTACAGT-1,PBMC4k,Donor 2,B cells,B cells,True
pbmc4k_AACTCCCCATTAGCCA-1,PBMC4k,Donor 2,Activated/transitional T cells,Non-cytotoxic T cells,True
pbmc4k_AACTCCCCATTGGTAC-1,PBMC4k,Donor 2,Activated/transitional T cells,Non-cytotoxic T cells,True
pbmc4k_AACTCCCGTACCGTAT-1,PBMC4k,Donor 2,Classical monocytes,Classical monocytes,True
pbmc4k_AACTCCCGTAGAGGAA-1,PBMC4k,Donor 2,NK cells,NK cells,True
pbmc4k_AACTCCCGTATTCTCT-1,PBMC4k,Donor 2,Activated/transitional T cells,Non-cytotoxic T cells,True
pbmc4k_AACTCCCGTCTCAACA-1,PBMC4k,Donor 2,B cells,B cells,True
pbmc4k_AACTCCCGTTGGTAAA-1,PBMC4k,Donor 2,IL7R+ memory/helper T cells,Non-cytotoxic T cells,True
pbmc4k_AACTCCCTCACGGTTA-1,PBMC4k,Donor 2,Naive/resting T cells,Non-cytotoxic T cells,True
pbmc4k_AACTCCCTCGTATCAG-1,PBMC4k,Donor 2,Activated/transitional T cells,Non-cytotoxic T cells,True
pbmc4k_AACTCTTAGATAGGAG-1,PBMC4k,Donor 2,Naive/resting T cells,Non-cytotoxic T cells,True
pbmc4k_AACTCTTCAAGGGTCA-1,PBMC4k,Donor 2,Cytotoxic CD8 T cells,Cytotoxic T cells,True
pbmc4k_AACTCTTCAGTCTTCC-1,PBMC4k,Donor 2,Activated/transitional T cells,Non-cytotoxic T cells,True
pbmc4k_AACTCTTGTTACGCGC-1,PBMC4k,Donor 2,IL7R+ memory/helper T cells,Non-cytotoxic T cells,True
pbmc4k_AACTCTTTCAACGAAA-1,PBMC4k,Donor 2,IL7R+ memory/helper T cells,Non-cytotoxic T cells,True
pbmc4k_AACTCTTTCTCTTATG-1,PBMC4k,Donor 2,B cells,B cells,True
pbmc4k_AACTGGTAGCGATAGC-1,PBMC4k,Donor 2,Classical monocytes,Classical monocytes,True
pbmc4k_AACTGGTAGCTGCCCA-1,PBMC4k,Donor 2,NK cells,NK cells,True
pbmc4k_AACTGGTGTACATCCA-1,PBMC4k,Donor 2,Activated/transitional T cells,Non-cytotoxic T cells,True
pbmc4k_AACTGGTGTACGAAAT-1,PBMC4k,Donor 2,B cells,B cells,True
pbmc4k_AACTGGTGTGAGCGAT-1,PBMC4k,Donor 2,NK cells,NK cells,True
pbmc4k_AACTGGTGTTTCGCTC-1,PBMC4k,Donor 2,Naive/resting T cells,Non-cytotoxic T cells,True
pbmc4k_AACTGGTTCCTTCAAT-1,PBMC4k,Donor 2,NK cells,NK cells,True
pbmc4k_AACTGGTTCGGAGGTA-1,PBMC4k,Donor 2,B cells,B cells,True
pbmc4k_AACTTTCAGAGCTATA-1,PBMC4k,Donor 2,Cytotoxic CD8 T cells,Cytotoxic T cells,True
pbmc4k_AACTTTCAGAGTAAGG-1,PBMC4k,Donor 2,Naive/resting T cells,Non-cytotoxic T cells,True
pbmc4k_AACTTTCAGGGTGTTG-1,PBMC4k,Donor 2,Activated/transitional T cells,Non-cytotoxic T cells,True
pbmc4k_AACTTTCCAATACGCT-1,PBMC4k,Donor 2,B cells,B cells,True
pbmc4k_AACTTTCCACACCGAC-1,PBMC4k,Donor 2,B cells,B cells,True
pbmc4k_AACTTTCCATAAAGGT-1,PBMC4k,Donor 2,Cytotoxic CD8 T cells,Cytotoxic T cells,True
pbmc4k_AACTTTCTCAACACGT-1,PBMC4k,Donor 2,Classical monocytes,Classical monocytes,True
pbmc4k_AACTTTCTCAAGGCTT-1,PBMC4k,Donor 2,B cells,B cells,True
pbmc4k_AAGACCTAGAAACGAG-1,PBMC4k,Donor 2,Cytotoxic CD8 T cells,Cytotoxic T cells,True
pbmc4k_AAGACCTAGAATTCCC-1,PBMC4k,Donor 2,Activated/transitional T cells,Non-cytotoxic T cells,True
pbmc4k_AAGACCTAGCACCGTC-1,PBMC4k,Donor 2,Naive/resting T cells,Non-cytotoxic T cells,True
pbmc4k_AAGACCTGTGAGGCTA-1,PBMC4k,Donor 2,Activated/transitional T cells,Non-cytotoxic T cells,True
pbmc4k_AAGACCTGTGCAGGTA-1,PBMC4k,Donor 2,B cells,B cells,True
pbmc4k_AAGACCTGTTTGACAC-1,PBMC4k,Donor 2,Activated/transitional T cells,Non-cytotoxic T cells,True
pbmc4k_AAGACCTTCACCGGGT-1,PBMC4k,Donor 2,Activated/transitional T cells,Non-cytotoxic T cells,True
pbmc4k_AAGACCTTCGAACGGA-1,PBMC4k,Donor 2,Classical monocytes,Classical monocytes,True
pbmc4k_AAGCCGCAGGCCATAG-1,PBMC4k,Donor 2,IL7R+ memory/helper T cells,Non-cytotoxic T cells,True
pbmc4k_AAGCCGCCAATCTGCA-1,PBMC4k,Donor 2,IL7R+ memory/helper T cells,Non-cytotoxic T cells,True
pbmc4k_AAGCCGCCAATGTAAG-1,PBMC4k,Donor 2,Dendritic cells,,False
pbmc4k_AAGCCGCCACGAAACG-1,PBMC4k,Donor 2,NK cells,NK cells,True
pbmc4k_AAGCCGCGTAGCAAAT-1,PBMC4k,Donor 2,IL7R+ memory/helper T cells,Non-cytotoxic T cells,True
pbmc4k_AAGCCGCGTGTAACGG-1,PBMC4k,Donor 2,Activated/transitional T cells,Non-cytotoxic T cells,True
pbmc4k_AAGCCGCTCAAGGTAA-1,PBMC4k,Donor 2,Classical monocytes,Classical monocytes,True
pbmc4k_AAGCCGCTCATACGGT-1,PBMC4k,Donor 2,Classical monocytes,Classical monocytes,True
pbmc4k_AAGGAGCAGTTATCGC-1,PBMC4k,Donor 2,Classical monocytes,Classical monocytes,True
pbmc4k_AAGGAGCCAAGTTAAG-1,PBMC4k,Donor 2,Activated/transitional T cells,Non-cytotoxic T cells,True
pbmc4k_AAGGAGCGTACGCACC-1,PBMC4k,Donor 2,Naive/resting T cells,Non-cytotoxic T cells,True
pbmc4k_AAGGAGCGTACTCAAC-1,PBMC4k,Donor 2,Classical monocytes,Classical monocytes,True
pbmc4k_AAGGAGCGTAGTACCT-1,PBMC4k,Donor 2,IL7R+ memory/helper T cells,Non-cytotoxic T cells,True
pbmc4k_AAGGAGCGTCAAAGCG-1,PBMC4k,Donor 2,IL7R+ memory/helper T cells,Non-cytotoxic T cells,True
pbmc4k_AAGGAGCGTGGTTTCA-1,PBMC4k,Donor 2,Classical monocytes,Classical monocytes,True
pbmc4k_AAGGAGCGTTGAGGTG-1,PBMC4k,Donor 2,B cells,B cells,True
pbmc4k_AAGGAGCTCATGCAAC-1,PBMC4k,Donor 2,B cells,B cells,True
pbmc4k_AAGGAGCTCTGTGCAA-1,PBMC4k,Donor 2,Activated/transitional T cells,Non-cytotoxic T cells,True
pbmc4k_AAGGCAGAGAATCTCC-1,PBMC4k,Donor 2,B cells,B cells,True
pbmc4k_AAGGCAGAGTGGGTTG-1,PBMC4k,Donor 2,Classical monocytes,Classical monocytes,True
pbmc4k_AAGGCAGCAAATACAG-1,PBMC4k,Donor 2,Classical monocytes,Classical monocytes,True
pbmc4k_AAGGCAGCAAATCCGT-1,PBMC4k,Donor 2,Cytotoxic CD8 T cells,Cytotoxic T cells,True
pbmc4k_AAGGCAGGTGGTAACG-1,PBMC4k,Donor 2,Classical monocytes,Classical monocytes,True
pbmc4k_AAGGCAGTCCGCATCT-1,PBMC4k,Donor 2,Activated/transitional T cells,Non-cytotoxic T cells,True
pbmc4k_AAGGCAGTCCGCGGTA-1,PBMC4k,Donor 2,Activated/transitional T cells,Non-cytotoxic T cells,True
pbmc4k_AAGGCAGTCCTATGTT-1,PBMC4k,Donor 2,B cells,B cells,True
pbmc4k_AAGGCAGTCGTACGGC-1,PBMC4k,Donor 2,Cytotoxic CD8 T cells,Cytotoxic T cells,True
pbmc4k_AAGGTTCAGGTGATAT-1,PBMC4k,Donor 2,Classical monocytes,Classical monocytes,True
pbmc4k_AAGGTTCAGTGTACCT-1,PBMC4k,Donor 2,Activated/transitional T cells,Non-cytotoxic T cells,True
pbmc4k_AAGGTTCCAAGGCTCC-1,PBMC4k,Donor 2,B cells,B cells,True
pbmc4k_AAGGTTCCACCGTTGG-1,PBMC4k,Donor 2,Activated/transitional T cells,Non-cytotoxic T cells,True
pbmc4k_AAGGTTCCACGAAACG-1,PBMC4k,Donor 2,NK cells,NK cells,True
pbmc4k_AAGGTTCGTGCCTGCA-1,PBMC4k,Donor 2,Activated/transitional T cells,Non-cytotoxic T cells,True
pbmc4k_AAGGTTCGTGTTCTTT-1,PBMC4k,Donor 2,Cytotoxic CD8 T cells,Cytotoxic T cells,True
pbmc4k_AAGGTTCGTTCACGGC-1,PBMC4k,Donor 2,Activated/transitional T cells,Non-cytotoxic T cells,True
pbmc4k_AAGGTTCTCCATGAAC-1,PBMC4k,Donor 2,Cytotoxic CD8 T cells,Cytotoxic T cells,True
pbmc4k_AAGGTTCTCTACTATC-1,PBMC4k,Donor 2,NK cells,NK cells,True
pbmc4k_AAGGTTCTCTCGTATT-1,PBMC4k,Donor 2,B cells,B cells,True
pbmc4k_AAGGTTCTCTTGAGGT-1,PBMC4k,Donor 2,Activated/transitional T cells,Non-cytotoxic T cells,True
pbmc4k_AAGTCTGAGAGGGATA-1,PBMC4k,Donor 2,Classical monocytes,Classical monocytes,True
pbmc4k_AAGTCTGAGAGTACAT-1,PBMC4k,Donor 2,IL7R+ memory/helper T cells,Non-cytotoxic T cells,True
pbmc4k_AAGTCTGAGCGGATCA-1,PBMC4k,Donor 2,NK cells,NK cells,True
pbmc4k_AAGTCTGAGTCAAGCG-1,PBMC4k,Donor 2,B cells,B cells,True
pbmc4k_AAGTCTGCAAGGGTCA-1,PBMC4k,Donor 2,Classical monocytes,Classical monocytes,True
pbmc4k_AAGTCTGCACTGTTAG-1,PBMC4k,Donor 2,IL7R+ memory/helper T cells,Non-cytotoxic T cells,True
pbmc4k_AATCCAGAGAGACTAT-1,PBMC4k,Donor 2,NK cells,NK cells,True
pbmc4k_AATCCAGAGCCAACAG-1,PBMC4k,Donor 2,IL7R+ memory/helper T cells,Non-cytotoxic T cells,True
pbmc4k_AATCCAGAGCCACCTG-1,PBMC4k,Donor 2,B cells,B cells,True
pbmc4k_AATCCAGAGTAATCCC-1,PBMC4k,Donor 2,NK cells,NK cells,True
pbmc4k_AATCCAGCAAAGAATC-1,PBMC4k,Donor 2,B cells,B cells,True
pbmc4k_AATCCAGCACAGGCCT-1,PBMC4k,Donor 2,B cells,B cells,True
pbmc4k_AATCCAGCAGCCTGTG-1,PBMC4k,Donor 2,Cytotoxic CD8 T cells,Cytotoxic T cells,True
pbmc4k_AATCCAGGTAAAGTCA-1,PBMC4k,Donor 2,Classical monocytes,Classical monocytes,True
pbmc4k_AATCCAGGTATAATGG-1,PBMC4k,Donor 2,Activated/transitional T cells,Non-cytotoxic T cells,True
pbmc4k_AATCCAGGTGAAATCA-1,PBMC4k,Donor 2,IL7R+ memory/helper T cells,Non-cytotoxic T cells,True
pbmc4k_AATCCAGGTGCGCTTG-1,PBMC4k,Donor 2,Classical monocytes,Classical monocytes,True
pbmc4k_AATCCAGTCCCAGGTG-1,PBMC4k,Donor 2,B cells,B cells,True
pbmc4k_AATCCAGTCCGAATGT-1,PBMC4k,Donor 2,Activated/transitional T cells,Non-cytotoxic T cells,True
pbmc4k_AATCCAGTCTCCAGGG-1,PBMC4k,Donor 2,Activated/transitional T cells,Non-cytotoxic T cells,True
pbmc4k_AATCCAGTCTCGCTTG-1,PBMC4k,Donor 2,Classical monocytes,Classical monocytes,True
pbmc4k_AATCGGTCAGGACCCT-1,PBMC4k,Donor 2,CD16+ non-classical monocytes,CD16+ non-classical monocytes,True
pbmc4k_AATCGGTCATCGTCGG-1,PBMC4k,Donor 2,Classical monocytes,Classical monocytes,True
pbmc4k_AATCGGTGTCGGATCC-1,PBMC4k,Donor 2,Classical monocytes,Classical monocytes,True
pbmc4k_AATCGGTGTGACTCAT-1,PBMC4k,Donor 2,Activated/transitional T cells,Non-cytotoxic T cells,True
pbmc4k_AATCGGTGTTCCATGA-1,PBMC4k,Donor 2,IL7R+ memory/helper T cells,Non-cytotoxic T cells,True
pbmc4k_AATCGGTTCACCGTAA-1,PBMC4k,Donor 2,Dendritic cells,,False
pbmc4k_ACACCAAAGAAACGCC-1,PBMC4k,Donor 2,NK cells,NK cells,True
pbmc4k_ACACCAAAGACTGGGT-1,PBMC4k,Donor 2,Activated/transitional T cells,Non-cytotoxic T cells,True
pbmc4k_ACACCAAAGGCAAAGA-1,PBMC4k,Donor 2,Cytotoxic CD8 T cells,Cytotoxic T cells,True
pbmc4k_ACACCAAAGGCAATTA-1,PBMC4k,Donor 2,Activated/transitional T cells,Non-cytotoxic T cells,True
pbmc4k_ACACCAAAGGCTATCT-1,PBMC4k,Donor 2,Cytotoxic CD8 T cells,Cytotoxic T cells,True
pbmc4k_ACACCAAAGTTCCACA-1,PBMC4k,Donor 2,Cytotoxic CD8 T cells,Cytotoxic T cells,True
pbmc4k_ACACCAAAGTTTCCTT-1,PBMC4k,Donor 2,Activated/transitional T cells,Non-cytotoxic T cells,True
pbmc4k_ACACCAACAACTGCTA-1,PBMC4k,Donor 2,Cytotoxic CD8 T cells,Cytotoxic T cells,True
pbmc4k_ACACCAAGTAGCGATG-1,PBMC4k,Donor 2,Cytotoxic CD8 T cells,Cytotoxic T cells,True
pbmc4k_ACACCAATCATTGCGA-1,PBMC4k,Donor 2,Classical monocytes,Classical monocytes,True
pbmc4k_ACACCAATCTTGACGA-1,PBMC4k,Donor 2,Cytotoxic CD8 T cells,Cytotoxic T cells,True
pbmc4k_ACACCCTAGTACGTTC-1,PBMC4k,Donor 2,B cells,B cells,True
pbmc4k_ACACCCTAGTGTTAGA-1,PBMC4k,Donor 2,Cytotoxic CD8 T cells,Cytotoxic T cells,True
pbmc4k_ACACCCTCATCTCCCA-1,PBMC4k,Donor 2,CD16+ non-classical monocytes,CD16+ non-classical monocytes,True
pbmc4k_ACACCCTCATGCAATC-1,PBMC4k,Donor 2,Activated/transitional T cells,Non-cytotoxic T cells,True
pbmc4k_ACACCCTGTAAGGGCT-1,PBMC4k,Donor 2,Activated/transitional T cells,Non-cytotoxic T cells,True
pbmc4k_ACACCCTGTCGCTTTC-1,PBMC4k,Donor 2,IL7R+ memory/helper T cells,Non-cytotoxic T cells,True
pbmc4k_ACACCCTGTTCTGGTA-1,PBMC4k,Donor 2,Classical monocytes,Classical monocytes,True
pbmc4k_ACACCGGAGCTAAGAT-1,PBMC4k,Donor 2,Classical monocytes,Classical monocytes,True
pbmc4k_ACACCGGAGGCAGGTT-1,PBMC4k,Donor 2,Activated/transitional T cells,Non-cytotoxic T cells,True
pbmc4k_ACACCGGAGTAACCCT-1,PBMC4k,Donor 2,Classical monocytes,Classical monocytes,True
pbmc4k_ACACCGGCAACCGCCA-1,PBMC4k,Donor 2,Naive/resting T cells,Non-cytotoxic T cells,True
pbmc4k_ACACCGGCACACATGT-1,PBMC4k,Donor 2,NK cells,NK cells,True
pbmc4k_ACACCGGCACAGGTTT-1,PBMC4k,Donor 2,NK cells,NK cells,True
pbmc4k_ACACCGGCAGCTGCTG-1,PBMC4k,Donor 2,Activated/transitional T cells,Non-cytotoxic T cells,True
pbmc4k_ACACCGGCATCCTTGC-1,PBMC4k,Donor 2,Activated/transitional T cells,Non-cytotoxic T cells,True
pbmc4k_ACACCGGTCCCATTTA-1,PBMC4k,Donor 2,IL7R+ memory/helper T cells,Non-cytotoxic T cells,True
pbmc4k_ACACCGGTCGTAGGAG-1,PBMC4k,Donor 2,Activated/transitional T cells,Non-cytotoxic T cells,True
pbmc4k_ACACTGAAGCGGCTTC-1,PBMC4k,Donor 2,Naive/resting T cells,Non-cytotoxic T cells,True
pbmc4k_ACACTGACAAGTAATG-1,PBMC4k,Donor 2,Cytotoxic CD8 T cells,Cytotoxic T cells,True
pbmc4k_ACACTGACACAGGTTT-1,PBMC4k,Donor 2,Classical monocytes,Classical monocytes,True
pbmc4k_ACACTGAGTGGTGTAG-1,PBMC4k,Donor 2,Classical monocytes,Classical monocytes,True
pbmc4k_ACACTGATCCTTCAAT-1,PBMC4k,Donor 2,Activated/transitional T cells,Non-cytotoxic T cells,True
pbmc4k_ACACTGATCGTTACGA-1,PBMC4k,Donor 2,Activated/transitional T cells,Non-cytotoxic T cells,True
pbmc4k_ACACTGATCTTTAGGG-1,PBMC4k,Donor 2,Cytotoxic CD8 T cells,Cytotoxic T cells,True
pbmc4k_ACAGCCGCAGTTCATG-1,PBMC4k,Donor 2,B cells,B cells,True
pbmc4k_ACAGCCGGTCATACTG-1,PBMC4k,Donor 2,Activated/transitional T cells,Non-cytotoxic T cells,True
pbmc4k_ACAGCCGGTCTCAACA-1,PBMC4k,Donor 2,Activated/transitional T cells,Non-cytotoxic T cells,True
pbmc4k_ACAGCCGGTCTTGATG-1,PBMC4k,Donor 2,CD16+ non-classical monocytes,CD16+ non-classical monocytes,True
pbmc4k_ACAGCCGTCACCGTAA-1,PBMC4k,Donor 2,Activated/transitional T cells,Non-cytotoxic T cells,True
pbmc4k_ACAGCTAAGATAGCAT-1,PBMC4k,Donor 2,B cells,B cells,True
pbmc4k_ACAGCTAAGCCGATTT-1,PBMC4k,Donor 2,Classical monocytes,Classical monocytes,True
pbmc4k_ACAGCTAAGGACAGCT-1,PBMC4k,Donor 2,Activated/transitional T cells,Non-cytotoxic T cells,True
pbmc4k_ACAGCTAAGTTAGGTA-1,PBMC4k,Donor 2,Cytotoxic CD8 T cells,Cytotoxic T cells,True
pbmc4k_ACAGCTACACTAAGTC-1,PBMC4k,Donor 2,Classical monocytes,Classical monocytes,True
pbmc4k_ACAGCTACATACGCTA-1,PBMC4k,Donor 2,NK cells,NK cells,True
pbmc4k_ACAGCTAGTAAGTGGC-1,PBMC4k,Donor 2,Activated/transitional T cells,Non-cytotoxic T cells,True
pbmc4k_ACAGCTAGTATTAGCC-1,PBMC4k,Donor 2,Cytotoxic CD8 T cells,Cytotoxic T cells,True
pbmc4k_ACAGCTAGTCGGGTCT-1,PBMC4k,Donor 2,Classical monocytes,Classical monocytes,True
pbmc4k_ACAGCTATCAACGGCC-1,PBMC4k,Donor 2,IL7R+ memory/helper T cells,Non-cytotoxic T cells,True
pbmc4k_ACAGCTATCGCATGAT-1,PBMC4k,Donor 2,Activated/transitional T cells,Non-cytotoxic T cells,True
pbmc4k_ACATACGAGTTACGGG-1,PBMC4k,Donor 2,Activated/transitional T cells,Non-cytotoxic T cells,True
pbmc4k_ACATACGCAGCTGCAC-1,PBMC4k,Donor 2,Activated/transitional T cells,Non-cytotoxic T cells,True
pbmc4k_ACATACGTCACCGGGT-1,PBMC4k,Donor 2,Classical monocytes,Classical monocytes,True
pbmc4k_ACATACGTCGGGAGTA-1,PBMC4k,Donor 2,Activated/transitional T cells,Non-cytotoxic T cells,True
pbmc4k_ACATCAGAGGTGCAAC-1,PBMC4k,Donor 2,IL7R+ memory/helper T cells,Non-cytotoxic T cells,True
pbmc4k_ACATCAGCAGCTGTAT-1,PBMC4k,Donor 2,Activated/transitional T cells,Non-cytotoxic T cells,True
pbmc4k_ACATCAGCATATACGC-1,PBMC4k,Donor 2,B cells,B cells,True
pbmc4k_ACATCAGGTGTGACCC-1,PBMC4k,Donor 2,IL7R+ memory/helper T cells,Non-cytotoxic T cells,True
pbmc4k_ACATCAGGTTTGTTTC-1,PBMC4k,Donor 2,Activated/transitional T cells,Non-cytotoxic T cells,True
pbmc4k_ACATCAGTCCTATTCA-1,PBMC4k,Donor 2,Activated/transitional T cells,Non-cytotoxic T cells,True
pbmc4k_ACATGGTAGCATGGCA-1,PBMC4k,Donor 2,B cells,B cells,True
pbmc4k_ACATGGTAGTCTCAAC-1,PBMC4k,Donor 2,Cytotoxic CD8 T cells,Cytotoxic T cells,True
pbmc4k_ACATGGTCAAATACAG-1,PBMC4k,Donor 2,IL7R+ memory/helper T cells,Non-cytotoxic T cells,True
pbmc4k_ACATGGTCAACCGCCA-1,PBMC4k,Donor 2,Activated/transitional T cells,Non-cytotoxic T cells,True
pbmc4k_ACATGGTCATCGTCGG-1,PBMC4k,Donor 2,B cells,B cells,True
pbmc4k_ACATGGTCATTTCACT-1,PBMC4k,Donor 2,B cells,B cells,True
pbmc4k_ACATGGTTCTGCAAGT-1,PBMC4k,Donor 2,B cells,B cells,True
pbmc4k_ACCAGTAAGGGCTCTC-1,PBMC4k,Donor 2,Cytotoxic CD8 T cells,Cytotoxic T cells,True
pbmc4k_ACCAGTAAGTGATCGG-1,PBMC4k,Donor 2,Classical monocytes,Classical monocytes,True
pbmc4k_ACCAGTACAGACAGGT-1,PBMC4k,Donor 2,Classical monocytes,Classical monocytes,True
pbmc4k_ACCAGTAGTACAAGTA-1,PBMC4k,Donor 2,Activated/transitional T cells,Non-cytotoxic T cells,True
pbmc4k_ACCAGTAGTAGAGCTG-1,PBMC4k,Donor 2,Classical monocytes,Classical monocytes,True
pbmc4k_ACCAGTAGTCTCTCTG-1,PBMC4k,Donor 2,Cytotoxic CD8 T cells,Cytotoxic T cells,True
pbmc4k_ACCAGTAGTGAGTGAC-1,PBMC4k,Donor 2,Activated/transitional T cells,Non-cytotoxic T cells,True
pbmc4k_ACCAGTAGTGGTTTCA-1,PBMC4k,Donor 2,Activated/transitional T cells,Non-cytotoxic T cells,True
pbmc4k_ACCAGTAGTTGACGTT-1,PBMC4k,Donor 2,Cytotoxic CD8 T cells,Cytotoxic T cells,True
pbmc4k_ACCAGTAGTTGTACAC-1,PBMC4k,Donor 2,B cells,B cells,True
pbmc4k_ACCAGTATCCGTACAA-1,PBMC4k,Donor 2,Dendritic cells,,False
pbmc4k_ACCAGTATCCTCAATT-1,PBMC4k,Donor 2,Activated/transitional T cells,Non-cytotoxic T cells,True
pbmc4k_ACCAGTATCGCCTGAG-1,PBMC4k,Donor 2,IL7R+ memory/helper T cells,Non-cytotoxic T cells,True
pbmc4k_ACCAGTATCGCGTAGC-1,PBMC4k,Donor 2,CD16+ non-classical monocytes,CD16+ non-classical monocytes,True
pbmc4k_ACCCACTAGCAATATG-1,PBMC4k,Donor 2,B cells,B cells,True
pbmc4k_ACCCACTAGCGCCTCA-1,PBMC4k,Donor 2,NK cells,NK cells,True
pbmc4k_ACCCACTAGCTAGTGG-1,PBMC4k,Donor 2,Activated/transitional T cells,Non-cytotoxic T cells,True
pbmc4k_ACCCACTAGGTGATAT-1,PBMC4k,Donor 2,Classical monocytes,Classical monocytes,True
pbmc4k_ACCCACTAGTGGACGT-1,PBMC4k,Donor 2,B cells,B cells,True
pbmc4k_ACCCACTCATAAGACA-1,PBMC4k,Donor 2,B cells,B cells,True
pbmc4k_ACCCACTGTAAGTAGT-1,PBMC4k,Donor 2,Cytotoxic CD8 T cells,Cytotoxic T cells,True
pbmc4k_ACCCACTGTAGGCTGA-1,PBMC4k,Donor 2,Activated/transitional T cells,Non-cytotoxic T cells,True
pbmc4k_ACCCACTTCAGTCAGT-1,PBMC4k,Donor 2,Activated/transitional T cells,Non-cytotoxic T cells,True
pbmc4k_ACCCACTTCGAGAGCA-1,PBMC4k,Donor 2,Cytotoxic CD8 T cells,Cytotoxic T cells,True
pbmc4k_ACCCACTTCGGAGCAA-1,PBMC4k,Donor 2,Activated/transitional T cells,Non-cytotoxic T cells,True
pbmc4k_ACCCACTTCGGCTTGG-1,PBMC4k,Donor 2,IL7R+ memory/helper T cells,Non-cytotoxic T cells,True
pbmc4k_ACCCACTTCTGTACGA-1,PBMC4k,Donor 2,Cytotoxic CD8 T cells,Cytotoxic T cells,True
pbmc4k_ACCGTAAAGATAGGAG-1,PBMC4k,Donor 2,Classical monocytes,Classical monocytes,True
pbmc4k_ACCGTAACAGGACCCT-1,PBMC4k,Donor 2,B cells,B cells,True
pbmc4k_ACCGTAAGTGGTCTCG-1,PBMC4k,Donor 2,Classical monocytes,Classical monocytes,True
pbmc4k_ACCGTAAGTTAAGACA-1,PBMC4k,Donor 2,Activated/transitional T cells,Non-cytotoxic T cells,True
pbmc4k_ACCGTAATCACATACG-1,PBMC4k,Donor 2,Dendritic cells,,False
pbmc4k_ACCTTTAAGCAGCGTA-1,PBMC4k,Donor 2,Classical monocytes,Classical monocytes,True
pbmc4k_ACCTTTAAGTATTGGA-1,PBMC4k,Donor 2,Activated/transitional T cells,Non-cytotoxic T cells,True
pbmc4k_ACCTTTACAATTGCTG-1,PBMC4k,Donor 2,IL7R+ memory/helper T cells,Non-cytotoxic T cells,True
pbmc4k_ACCTTTACACATTAGC-1,PBMC4k,Donor 2,B cells,B cells,True
pbmc4k_ACCTTTACACCGTTGG-1,PBMC4k,Donor 2,B cells,B cells,True
pbmc4k_ACCTTTACATGGTCAT-1,PBMC4k,Donor 2,NK cells,NK cells,True
pbmc4k_ACCTTTACATGTTGAC-1,PBMC4k,Donor 2,Activated/transitional T cells,Non-cytotoxic T cells,True
pbmc4k_ACCTTTATCTCTTATG-1,PBMC4k,Donor 2,IL7R+ memory/helper T cells,Non-cytotoxic T cells,True
pbmc4k_ACGAGCCAGAGTACCG-1,PBMC4k,Donor 2,B cells,B cells,True
pbmc4k_ACGAGCCAGGGTCTCC-1,PBMC4k,Donor 2,Cytotoxic CD8 T cells,Cytotoxic T cells,True
pbmc4k_ACGAGCCAGTCGATAA-1,PBMC4k,Donor 2,Cytotoxic CD8 T cells,Cytotoxic T cells,True
pbmc4k_ACGAGCCCAGGGTTAG-1,PBMC4k,Donor 2,Activated/transitional T cells,Non-cytotoxic T cells,True
pbmc4k_ACGAGCCCATGAACCT-1,PBMC4k,Donor 2,Naive/resting T cells,Non-cytotoxic T cells,True
pbmc4k_ACGAGCCCATTGAGCT-1,PBMC4k,Donor 2,Activated/transitional T cells,Non-cytotoxic T cells,True
pbmc4k_ACGAGCCGTTGGTAAA-1,PBMC4k,Donor 2,Naive/resting T cells,Non-cytotoxic T cells,True
pbmc4k_ACGAGCCTCCTCAACC-1,PBMC4k,Donor 2,B cells,B cells,True
pbmc4k_ACGAGCCTCGGAGCAA-1,PBMC4k,Donor 2,Activated/transitional T cells,Non-cytotoxic T cells,True
pbmc4k_ACGAGCCTCTCTGAGA-1,PBMC4k,Donor 2,Classical monocytes,Classical monocytes,True
pbmc4k_ACGAGCCTCTGTTTGT-1,PBMC4k,Donor 2,IL7R+ memory/helper T cells,Non-cytotoxic T cells,True
pbmc4k_ACGAGGAAGAATGTTG-1,PBMC4k,Donor 2,CD16+ non-classical monocytes,CD16+ non-classical monocytes,True
pbmc4k_ACGAGGAAGCAATATG-1,PBMC4k,Donor 2,Activated/transitional T cells,Non-cytotoxic T cells,True
pbmc4k_ACGAGGAAGCACACAG-1,PBMC4k,Donor 2,Classical monocytes,Classical monocytes,True
pbmc4k_ACGAGGAAGCTAACTC-1,PBMC4k,Donor 2,Cytotoxic CD8 T cells,Cytotoxic T cells,True
pbmc4k_ACGAGGAAGTGGTAGC-1,PBMC4k,Donor 2,B cells,B cells,True
pbmc4k_ACGAGGACAAAGGAAG-1,PBMC4k,Donor 2,NK cells,NK cells,True
pbmc4k_ACGAGGACATCAGTCA-1,PBMC4k,Donor 2,B cells,B cells,True
pbmc4k_ACGAGGACATTCGACA-1,PBMC4k,Donor 2,IL7R+ memory/helper T cells,Non-cytotoxic T cells,True
pbmc4k_ACGAGGATCTACTATC-1,PBMC4k,Donor 2,Cytotoxic CD8 T cells,Cytotoxic T cells,True
pbmc4k_ACGATACAGAATGTTG-1,PBMC4k,Donor 2,Classical monocytes,Classical monocytes,True
pbmc4k_ACGATACAGGAACTGC-1,PBMC4k,Donor 2,Activated/transitional T cells,Non-cytotoxic T cells,True
pbmc4k_ACGATACCAATTCCTT-1,PBMC4k,Donor 2,B cells,B cells,True
pbmc4k_ACGATACCAGATGAGC-1,PBMC4k,Donor 2,Classical monocytes,Classical monocytes,True
pbmc4k_ACGATACGTCGGCATC-1,PBMC4k,Donor 2,Activated/transitional T cells,Non-cytotoxic T cells,True
pbmc4k_ACGATACGTTAAGAAC-1,PBMC4k,Donor 2,Activated/transitional T cells,Non-cytotoxic T cells,True
pbmc4k_ACGATACTCGTAGGTT-1,PBMC4k,Donor 2,NK cells,NK cells,True
pbmc4k_ACGATGTAGATCTGCT-1,PBMC4k,Donor 2,Cytotoxic CD8 T cells,Cytotoxic T cells,True
pbmc4k_ACGATGTAGTCCAGGA-1,PBMC4k,Donor 2,Classical monocytes,Classical monocytes,True
pbmc4k_ACGATGTGTCATCGGC-1,PBMC4k,Donor 2,Classical monocytes,Classical monocytes,True
pbmc4k_ACGCAGCAGTGACATA-1,PBMC4k,Donor 2,Activated/transitional T cells,Non-cytotoxic T cells,True
pbmc4k_ACGCAGCCACCTTGTC-1,PBMC4k,Donor 2,Classical monocytes,Classical monocytes,True
pbmc4k_ACGCAGCGTGTGGCTC-1,PBMC4k,Donor 2,Naive/resting T cells,Non-cytotoxic T cells,True
pbmc4k_ACGCAGCGTTTACTCT-1,PBMC4k,Donor 2,B cells,B cells,True
pbmc4k_ACGCAGCTCTACTATC-1,PBMC4k,Donor 2,Activated/transitional T cells,Non-cytotoxic T cells,True
pbmc4k_ACGCAGCTCTCGAGTA-1,PBMC4k,Donor 2,IL7R+ memory/helper T cells,Non-cytotoxic T cells,True
pbmc4k_ACGCCAGAGAATAGGG-1,PBMC4k,Donor 2,B cells,B cells,True
pbmc4k_ACGCCAGAGAGACGAA-1,PBMC4k,Donor 2,Cytotoxic CD8 T cells,Cytotoxic T cells,True
pbmc4k_ACGCCAGAGTACGTAA-1,PBMC4k,Donor 2,Cytotoxic CD8 T cells,Cytotoxic T cells,True
pbmc4k_ACGCCAGGTACTCTCC-1,PBMC4k,Donor 2,B cells,B cells,True
pbmc4k_ACGCCAGGTGAACCTT-1,PBMC4k,Donor 2,B cells,B cells,True
pbmc4k_ACGCCGAAGTCGTACT-1,PBMC4k,Donor 2,IL7R+ memory/helper T cells,Non-cytotoxic T cells,True
pbmc4k_ACGCCGAGTCATATCG-1,PBMC4k,Donor 2,Cytotoxic CD8 T cells,Cytotoxic T cells,True
pbmc4k_ACGCCGAGTGCTAGCC-1,PBMC4k,Donor 2,IL7R+ memory/helper T cells,Non-cytotoxic T cells,True
pbmc4k_ACGCCGATCAGGATCT-1,PBMC4k,Donor 2,Classical monocytes,Classical monocytes,True
pbmc4k_ACGCCGATCTTAACCT-1,PBMC4k,Donor 2,Dendritic cells,,False
pbmc4k_ACGGAGAGTCACAAGG-1,PBMC4k,Donor 2,Activated/transitional T cells,Non-cytotoxic T cells,True
pbmc4k_ACGGAGAGTCGAGTTT-1,PBMC4k,Donor 2,Classical monocytes,Classical monocytes,True
pbmc4k_ACGGAGATCGTGACAT-1,PBMC4k,Donor 2,NK cells,NK cells,True
pbmc4k_ACGGCCAAGAGATGAG-1,PBMC4k,Donor 2,Activated/transitional T cells,Non-cytotoxic T cells,True
pbmc4k_ACGGCCAAGCGACGTA-1,PBMC4k,Donor 2,B cells,B cells,True
pbmc4k_ACGGCCAAGCGATGAC-1,PBMC4k,Donor 2,NK cells,NK cells,True
pbmc4k_ACGGCCAAGGAGTAGA-1,PBMC4k,Donor 2,IL7R+ memory/helper T cells,Non-cytotoxic T cells,True
pbmc4k_ACGGCCAAGTACGTAA-1,PBMC4k,Donor 2,Classical monocytes,Classical monocytes,True
pbmc4k_ACGGCCAAGTGACTCT-1,PBMC4k,Donor 2,Classical monocytes,Classical monocytes,True
pbmc4k_ACGGCCACAGGGTTAG-1,PBMC4k,Donor 2,Naive/resting T cells,Non-cytotoxic T cells,True
pbmc4k_ACGGCCAGTCTCATCC-1,PBMC4k,Donor 2,IL7R+ memory/helper T cells,Non-cytotoxic T cells,True
pbmc4k_ACGGCCAGTTAAAGAC-1,PBMC4k,Donor 2,Activated/transitional T cells,Non-cytotoxic T cells,True
pbmc4k_ACGGCCATCCTTTACA-1,PBMC4k,Donor 2,Classical monocytes,Classical monocytes,True
pbmc4k_ACGGCCATCTTGTACT-1,PBMC4k,Donor 2,Naive/resting T cells,Non-cytotoxic T cells,True
pbmc4k_ACGGGCTCACGGTTTA-1,PBMC4k,Donor 2,IL7R+ memory/helper T cells,Non-cytotoxic T cells,True
pbmc4k_ACGGGCTCATGATCCA-1,PBMC4k,Donor 2,Classical monocytes,Classical monocytes,True
pbmc4k_ACGGGCTGTAAACACA-1,PBMC4k,Donor 2,Activated/transitional T cells,Non-cytotoxic T cells,True
pbmc4k_ACGGGCTGTACAGACG-1,PBMC4k,Donor 2,Classical monocytes,Classical monocytes,True
pbmc4k_ACGGGCTGTCATACTG-1,PBMC4k,Donor 2,Naive/resting T cells,Non-cytotoxic T cells,True
pbmc4k_ACGGGCTGTCTTCTCG-1,PBMC4k,Donor 2,Classical monocytes,Classical monocytes,True
pbmc4k_ACGGGCTGTGTTGAGG-1,PBMC4k,Donor 2,B cells,B cells,True
pbmc4k_ACGGGCTGTTATGCGT-1,PBMC4k,Donor 2,Activated/transitional T cells,Non-cytotoxic T cells,True
pbmc4k_ACGGGCTGTTGACGTT-1,PBMC4k,Donor 2,Cytotoxic CD8 T cells,Cytotoxic T cells,True
pbmc4k_ACGGGCTTCCACGTGG-1,PBMC4k,Donor 2,Classical monocytes,Classical monocytes,True
pbmc4k_ACGGGTCAGCTACCTA-1,PBMC4k,Donor 2,B cells,B cells,True
pbmc4k_ACGGGTCCAGGGAGAG-1,PBMC4k,Donor 2,Cytotoxic CD8 T cells,Cytotoxic T cells,True
pbmc4k_ACGGGTCGTATCACCA-1,PBMC4k,Donor 2,Activated/transitional T cells,Non-cytotoxic T cells,True
pbmc4k_ACGGGTCGTCGACTGC-1,PBMC4k,Donor 2,Classical monocytes,Classical monocytes,True
pbmc4k_ACGGGTCGTGCACCAC-1,PBMC4k,Donor 2,Activated/transitional T cells,Non-cytotoxic T cells,True
pbmc4k_ACGGGTCGTGCTCTTC-1,PBMC4k,Donor 2,Activated/transitional T cells,Non-cytotoxic T cells,True
pbmc4k_ACGGGTCGTGGTCCGT-1,PBMC4k,Donor 2,Classical monocytes,Classical monocytes,True
pbmc4k_ACGGGTCGTTACAGAA-1,PBMC4k,Donor 2,Classical monocytes,Classical monocytes,True
pbmc4k_ACGGGTCTCACTCCTG-1,PBMC4k,Donor 2,Activated/transitional T cells,Non-cytotoxic T cells,True
pbmc4k_ACGGGTCTCCGCTGTT-1,PBMC4k,Donor 2,B cells,B cells,True
pbmc4k_ACGGGTCTCGCTGATA-1,PBMC4k,Donor 2,IL7R+ memory/helper T cells,Non-cytotoxic T cells,True
pbmc4k_ACGTCAAAGACGCTTT-1,PBMC4k,Donor 2,IL7R+ memory/helper T cells,Non-cytotoxic T cells,True
pbmc4k_ACGTCAAAGACTTGAA-1,PBMC4k,Donor 2,IL7R+ memory/helper T cells,Non-cytotoxic T cells,True
pbmc4k_ACGTCAAAGATCACGG-1,PBMC4k,Donor 2,Cytotoxic CD8 T cells,Cytotoxic T cells,True
pbmc4k_ACGTCAAAGGCCCTCA-1,PBMC4k,Donor 2,Classical monocytes,Classical monocytes,True
pbmc4k_ACGTCAAAGGGTCTCC-1,PBMC4k,Donor 2,Classical monocytes,Classical monocytes,True
pbmc4k_ACGTCAAGTAAGAGAG-1,PBMC4k,Donor 2,Cytotoxic CD8 T cells,Cytotoxic T cells,True
pbmc4k_ACGTCAAGTATGGTTC-1,PBMC4k,Donor 2,Activated/transitional T cells,Non-cytotoxic T cells,True
pbmc4k_ACGTCAAGTCTAGGTT-1,PBMC4k,Donor 2,Classical monocytes,Classical monocytes,True
pbmc4k_ACGTCAAGTTCAGCGC-1,PBMC4k,Donor 2,Activated/transitional T cells,Non-cytotoxic T cells,True
pbmc4k_ACGTCAATCTGGCGAC-1,PBMC4k,Donor 2,IL7R+ memory/helper T cells,Non-cytotoxic T cells,True
pbmc4k_ACTATCTAGTCTCAAC-1,PBMC4k,Donor 2,B cells,B cells,True
pbmc4k_ACTATCTAGTTATCGC-1,PBMC4k,Donor 2,B cells,B cells,True
pbmc4k_ACTATCTGTATATCCG-1,PBMC4k,Donor 2,Classical monocytes,Classical monocytes,True
pbmc4k_ACTATCTGTCGCATAT-1,PBMC4k,Donor 2,Classical monocytes,Classical monocytes,True
pbmc4k_ACTATCTGTTAAGAAC-1,PBMC4k,Donor 2,IL7R+ memory/helper T cells,Non-cytotoxic T cells,True
pbmc4k_ACTATCTGTTATCACG-1,PBMC4k,Donor 2,Classical monocytes,Classical monocytes,True
pbmc4k_ACTATCTTCACAGGCC-1,PBMC4k,Donor 2,Classical monocytes,Classical monocytes,True
pbmc4k_ACTATCTTCCGTACAA-1,PBMC4k,Donor 2,Classical monocytes,Classical monocytes,True
pbmc4k_ACTATCTTCGCCATAA-1,PBMC4k,Donor 2,Naive/resting T cells,Non-cytotoxic T cells,True
pbmc4k_ACTATCTTCTACGAGT-1,PBMC4k,Donor 2,Activated/transitional T cells,Non-cytotoxic T cells,True
pbmc4k_ACTGAACAGCGTTGCC-1,PBMC4k,Donor 2,Naive/resting T cells,Non-cytotoxic T cells,True
pbmc4k_ACTGAACCAAGCCGTC-1,PBMC4k,Donor 2,Classical monocytes,Classical monocytes,True
pbmc4k_ACTGAACCAGCCAATT-1,PBMC4k,Donor 2,B cells,B cells,True
pbmc4k_ACTGAACCAGGCAGTA-1,PBMC4k,Donor 2,Activated/transitional T cells,Non-cytotoxic T cells,True
pbmc4k_ACTGAACGTAGCTTGT-1,PBMC4k,Donor 2,Classical monocytes,Classical monocytes,True
pbmc4k_ACTGAACGTTTGTGTG-1,PBMC4k,Donor 2,B cells,B cells,True
pbmc4k_ACTGAACTCGTTTGCC-1,PBMC4k,Donor 2,Activated/transitional T cells,Non-cytotoxic T cells,True
pbmc4k_ACTGAACTCTGGCGTG-1,PBMC4k,Donor 2,CD16+ non-classical monocytes,CD16+ non-classical monocytes,True
pbmc4k_ACTGAGTAGAATTCCC-1,PBMC4k,Donor 2,Cytotoxic CD8 T cells,Cytotoxic T cells,True
pbmc4k_ACTGAGTAGTTGTAGA-1,PBMC4k,Donor 2,Activated/transitional T cells,Non-cytotoxic T cells,True
pbmc4k_ACTGAGTCAACACGCC-1,PBMC4k,Donor 2,Naive/resting T cells,Non-cytotoxic T cells,True
pbmc4k_ACTGAGTCAGCGAACA-1,PBMC4k,Donor 2,NK cells,NK cells,True
pbmc4k_ACTGAGTCATCCCATC-1,PBMC4k,Donor 2,Classical monocytes,Classical monocytes,True
pbmc4k_ACTGAGTCATGATCCA-1,PBMC4k,Donor 2,B cells,B cells,True
pbmc4k_ACTGAGTGTAGCTAAA-1,PBMC4k,Donor 2,Activated/transitional T cells,Non-cytotoxic T cells,True
pbmc4k_ACTGAGTGTCATACTG-1,PBMC4k,Donor 2,Cytotoxic CD8 T cells,Cytotoxic T cells,True
pbmc4k_ACTGAGTGTCCTAGCG-1,PBMC4k,Donor 2,Activated/transitional T cells,Non-cytotoxic T cells,True
pbmc4k_ACTGAGTGTGACCAAG-1,PBMC4k,Donor 2,Classical monocytes,Classical monocytes,True
pbmc4k_ACTGAGTGTGAGTGAC-1,PBMC4k,Donor 2,B cells,B cells,True
pbmc4k_ACTGAGTGTTGATTGC-1,PBMC4k,Donor 2,Cytotoxic CD8 T cells,Cytotoxic T cells,True
pbmc4k_ACTGAGTTCCGGGTGT-1,PBMC4k,Donor 2,IL7R+ memory/helper T cells,Non-cytotoxic T cells,True
pbmc4k_ACTGAGTTCGAATCCA-1,PBMC4k,Donor 2,Cytotoxic CD8 T cells,Cytotoxic T cells,True
pbmc4k_ACTGAGTTCGCCAGCA-1,PBMC4k,Donor 2,Classical monocytes,Classical monocytes,True
pbmc4k_ACTGATGAGGTAAACT-1,PBMC4k,Donor 2,Classical monocytes,Classical monocytes,True
pbmc4k_ACTGATGCAAGAAAGG-1,PBMC4k,Donor 2,Classical monocytes,Classical monocytes,True
pbmc4k_ACTGATGCAAGTTAAG-1,PBMC4k,Donor 2,Classical monocytes,Classical monocytes,True
pbmc4k_ACTGATGCAATACGCT-1,PBMC4k,Donor 2,Activated/transitional T cells,Non-cytotoxic T cells,True
pbmc4k_ACTGATGCACCTGGTG-1,PBMC4k,Donor 2,Activated/transitional T cells,Non-cytotoxic T cells,True
pbmc4k_ACTGATGCACGTTGGC-1,PBMC4k,Donor 2,B cells,B cells,True
pbmc4k_ACTGATGCAGTCCTTC-1,PBMC4k,Donor 2,Classical monocytes,Classical monocytes,True
pbmc4k_ACTGATGCATGGGACA-1,PBMC4k,Donor 2,Activated/transitional T cells,Non-cytotoxic T cells,True
pbmc4k_ACTGATGCATTCCTGC-1,PBMC4k,Donor 2,Classical monocytes,Classical monocytes,True
pbmc4k_ACTGATGGTCAGCTAT-1,PBMC4k,Donor 2,Activated/transitional T cells,Non-cytotoxic T cells,True
pbmc4k_ACTGATGTCAGTACGT-1,PBMC4k,Donor 2,Activated/transitional T cells,Non-cytotoxic T cells,True
pbmc4k_ACTGATGTCGGTCTAA-1,PBMC4k,Donor 2,IL7R+ memory/helper T cells,Non-cytotoxic T cells,True
pbmc4k_ACTGATGTCTTGGGTA-1,PBMC4k,Donor 2,NK cells,NK cells,True
pbmc4k_ACTGCTCAGCCAGTAG-1,PBMC4k,Donor 2,B cells,B cells,True
pbmc4k_ACTGCTCAGTATCGAA-1,PBMC4k,Donor 2,Naive/resting T cells,Non-cytotoxic T cells,True
pbmc4k_ACTGCTCCAATGAATG-1,PBMC4k,Donor 2,NK cells,NK cells,True
pbmc4k_ACTGCTCCAGGGTACA-1,PBMC4k,Donor 2,Cytotoxic CD8 T cells,Cytotoxic T cells,True
pbmc4k_ACTGCTCGTCTGATTG-1,PBMC4k,Donor 2,Classical monocytes,Classical monocytes,True
pbmc4k_ACTGCTCTCCTCAATT-1,PBMC4k,Donor 2,Activated/transitional T cells,Non-cytotoxic T cells,True
pbmc4k_ACTGCTCTCCTCATTA-1,PBMC4k,Donor 2,Cytotoxic CD8 T cells,Cytotoxic T cells,True
pbmc4k_ACTGCTCTCGGCTACG-1,PBMC4k,Donor 2,Cytotoxic CD8 T cells,Cytotoxic T cells,True
pbmc4k_ACTGCTCTCTTGTCAT-1,PBMC4k,Donor 2,Cytotoxic CD8 T cells,Cytotoxic T cells,True
pbmc4k_ACTGTCCAGCCACGTC-1,PBMC4k,Donor 2,B cells,B cells,True
pbmc4k_ACTGTCCAGCTCCTTC-1,PBMC4k,Donor 2,Activated/transitional T cells,Non-cytotoxic T cells,True
pbmc4k_ACTGTCCAGCTGAAAT-1,PBMC4k,Donor 2,Activated/transitional T cells,Non-cytotoxic T cells,True
pbmc4k_ACTGTCCAGTGGGATC-1,PBMC4k,Donor 2,Activated/transitional T cells,Non-cytotoxic T cells,True
pbmc4k_ACTGTCCCACGAGGTA-1,PBMC4k,Donor 2,Classical monocytes,Classical monocytes,True
pbmc4k_ACTGTCCCATGTAGTC-1,PBMC4k,Donor 2,Cytotoxic CD8 T cells,Cytotoxic T cells,True
pbmc4k_ACTGTCCCATGTCGAT-1,PBMC4k,Donor 2,B cells,B cells,True
pbmc4k_ACTGTCCCATTCCTGC-1,PBMC4k,Donor 2,IL7R+ memory/helper T cells,Non-cytotoxic T cells,True
pbmc4k_ACTGTCCGTATGGTTC-1,PBMC4k,Donor 2,Classical monocytes,Classical monocytes,True
pbmc4k_ACTGTCCGTTAAGTAG-1,PBMC4k,Donor 2,Dendritic cells,,False
pbmc4k_ACTGTCCTCACAGGCC-1,PBMC4k,Donor 2,Activated/transitional T cells,Non-cytotoxic T cells,True
pbmc4k_ACTTACTAGATCCTGT-1,PBMC4k,Donor 2,B cells,B cells,True
pbmc4k_ACTTACTAGCTATGCT-1,PBMC4k,Donor 2,Cytotoxic CD8 T cells,Cytotoxic T cells,True
pbmc4k_ACTTACTAGTCCCACG-1,PBMC4k,Donor 2,Activated/transitional T cells,Non-cytotoxic T cells,True
pbmc4k_ACTTACTCAAGCCGCT-1,PBMC4k,Donor 2,Activated/transitional T cells,Non-cytotoxic T cells,True
pbmc4k_ACTTACTCACTGCCAG-1,PBMC4k,Donor 2,Classical monocytes,Classical monocytes,True
pbmc4k_ACTTACTCAGTACACT-1,PBMC4k,Donor 2,Activated/transitional T cells,Non-cytotoxic T cells,True
pbmc4k_ACTTACTCATTTGCTT-1,PBMC4k,Donor 2,B cells,B cells,True
pbmc4k_ACTTACTGTTGCGTTA-1,PBMC4k,Donor 2,Cytotoxic CD8 T cells,Cytotoxic T cells,True
pbmc4k_ACTTACTTCAGTTCGA-1,PBMC4k,Donor 2,Cytotoxic CD8 T cells,Cytotoxic T cells,True
pbmc4k_ACTTGTTAGGGTGTGT-1,PBMC4k,Donor 2,Cytotoxic CD8 T cells,Cytotoxic T cells,True
pbmc4k_ACTTGTTAGTGTCCAT-1,PBMC4k,Donor 2,Classical monocytes,Classical monocytes,True
pbmc4k_ACTTGTTCAACTGGCC-1,PBMC4k,Donor 2,B cells,B cells,True
pbmc4k_ACTTGTTCACCGGAAA-1,PBMC4k,Donor 2,Classical monocytes,Classical monocytes,True
pbmc4k_ACTTGTTGTCCGAGTC-1,PBMC4k,Donor 2,Activated/transitional T cells,Non-cytotoxic T cells,True
pbmc4k_ACTTGTTGTGACCAAG-1,PBMC4k,Donor 2,Activated/transitional T cells,Non-cytotoxic T cells,True
pbmc4k_ACTTGTTGTGACGCCT-1,PBMC4k,Donor 2,Activated/transitional T cells,Non-cytotoxic T cells,True
pbmc4k_ACTTGTTGTGTCCTCT-1,PBMC4k,Donor 2,Activated/transitional T cells,Non-cytotoxic T cells,True
pbmc4k_ACTTGTTTCATGTCTT-1,PBMC4k,Donor 2,IL7R+ memory/helper T cells,Non-cytotoxic T cells,True
pbmc4k_ACTTGTTTCCCGACTT-1,PBMC4k,Donor 2,Classical monocytes,Classical monocytes,True
pbmc4k_ACTTGTTTCGAACTGT-1,PBMC4k,Donor 2,Classical monocytes,Classical monocytes,True
pbmc4k_ACTTGTTTCGGCTACG-1,PBMC4k,Donor 2,Activated/transitional T cells,Non-cytotoxic T cells,True
pbmc4k_ACTTGTTTCTGGAGCC-1,PBMC4k,Donor 2,Activated/transitional T cells,Non-cytotoxic T cells,True
pbmc4k_ACTTGTTTCTTAGAGC-1,PBMC4k,Donor 2,Activated/transitional T cells,Non-cytotoxic T cells,True
pbmc4k_ACTTTCAAGCTAGTCT-1,PBMC4k,Donor 2,Activated/transitional T cells,Non-cytotoxic T cells,True
pbmc4k_ACTTTCAAGTGCGATG-1,PBMC4k,Donor 2,IL7R+ memory/helper T cells,Non-cytotoxic T cells,True
pbmc4k_ACTTTCACAAGCTGAG-1,PBMC4k,Donor 2,B cells,B cells,True
pbmc4k_ACTTTCACACATGTGT-1,PBMC4k,Donor 2,Cytotoxic CD8 T cells,Cytotoxic T cells,True
pbmc4k_ACTTTCACATCCCACT-1,PBMC4k,Donor 2,B cells,B cells,True
pbmc4k_ACTTTCAGTCGCTTCT-1,PBMC4k,Donor 2,B cells,B cells,True
pbmc4k_ACTTTCATCACAACGT-1,PBMC4k,Donor 2,Classical monocytes,Classical monocytes,True
pbmc4k_ACTTTCATCCACGACG-1,PBMC4k,Donor 2,Activated/transitional T cells,Non-cytotoxic T cells,True
pbmc4k_ACTTTCATCTCGTTTA-1,PBMC4k,Donor 2,IL7R+ memory/helper T cells,Non-cytotoxic T cells,True
pbmc4k_ACTTTCATCTGCGACG-1,PBMC4k,Donor 2,Classical monocytes,Classical monocytes,True
pbmc4k_AGAATAGAGACAAGCC-1,PBMC4k,Donor 2,B cells,B cells,True
pbmc4k_AGAATAGAGACCTTTG-1,PBMC4k,Donor 2,IL7R+ memory/helper T cells,Non-cytotoxic T cells,True
pbmc4k_AGAATAGCAAGCGAGT-1,PBMC4k,Donor 2,Classical monocytes,Classical monocytes,True
pbmc4k_AGAATAGCATTATCTC-1,PBMC4k,Donor 2,CD16+ non-classical monocytes,CD16+ non-classical monocytes,True
pbmc4k_AGAATAGGTGACCAAG-1,PBMC4k,Donor 2,Activated/transitional T cells,Non-cytotoxic T cells,True
pbmc4k_AGAATAGGTGGTCTCG-1,PBMC4k,Donor 2,NK cells,NK cells,True
pbmc4k_AGAATAGTCCAGATCA-1,PBMC4k,Donor 2,CD16+ non-classical monocytes,CD16+ non-classical monocytes,True
pbmc4k_AGAATAGTCTGGCGAC-1,PBMC4k,Donor 2,B cells,B cells,True
pbmc4k_AGACGTTAGACCACGA-1,PBMC4k,Donor 2,CD16+ non-classical monocytes,CD16+ non-classical monocytes,True
pbmc4k_AGACGTTCATAGAAAC-1,PBMC4k,Donor 2,Cytotoxic CD8 T cells,Cytotoxic T cells,True
pbmc4k_AGACGTTGTGAAATCA-1,PBMC4k,Donor 2,Activated/transitional T cells,Non-cytotoxic T cells,True
pbmc4k_AGACGTTGTGACCAAG-1,PBMC4k,Donor 2,Naive/resting T cells,Non-cytotoxic T cells,True
pbmc4k_AGACGTTGTTCCTCCA-1,PBMC4k,Donor 2,Cytotoxic CD8 T cells,Cytotoxic T cells,True
pbmc4k_AGACGTTTCACGCATA-1,PBMC4k,Donor 2,Activated/transitional T cells,Non-cytotoxic T cells,True
pbmc4k_AGACGTTTCTGGTATG-1,PBMC4k,Donor 2,Naive/resting T cells,Non-cytotoxic T cells,True
pbmc4k_AGAGCGAAGTGTTAGA-1,PBMC4k,Donor 2,Activated/transitional T cells,Non-cytotoxic T cells,True
pbmc4k_AGAGCGACACAGACTT-1,PBMC4k,Donor 2,NK cells,NK cells,True
pbmc4k_AGAGCGACACGTCTCT-1,PBMC4k,Donor 2,Classical monocytes,Classical monocytes,True
pbmc4k_AGAGCGACACTTAACG-1,PBMC4k,Donor 2,CD16+ non-classical monocytes,CD16+ non-classical monocytes,True
pbmc4k_AGAGCGAGTTCCACTC-1,PBMC4k,Donor 2,Activated/transitional T cells,Non-cytotoxic T cells,True
pbmc4k_AGAGCGATCCGCAGTG-1,PBMC4k,Donor 2,Cytotoxic CD8 T cells,Cytotoxic T cells,True
pbmc4k_AGAGCTTAGACTGGGT-1,PBMC4k,Donor 2,B cells,B cells,True
pbmc4k_AGAGCTTAGAGCCCAA-1,PBMC4k,Donor 2,Classical monocytes,Classical monocytes,True
pbmc4k_AGAGCTTCACATGACT-1,PBMC4k,Donor 2,Cytotoxic CD8 T cells,Cytotoxic T cells,True
pbmc4k_AGAGCTTGTCAGAGGT-1,PBMC4k,Donor 2,IL7R+ memory/helper T cells,Non-cytotoxic T cells,True
pbmc4k_AGAGCTTGTCCGAATT-1,PBMC4k,Donor 2,IL7R+ memory/helper T cells,Non-cytotoxic T cells,True
pbmc4k_AGAGCTTGTCGCTTCT-1,PBMC4k,Donor 2,NK cells,NK cells,True
pbmc4k_AGAGCTTGTCTGATTG-1,PBMC4k,Donor 2,Activated/transitional T cells,Non-cytotoxic T cells,True
pbmc4k_AGAGCTTGTTGAGTTC-1,PBMC4k,Donor 2,B cells,B cells,True
pbmc4k_AGAGCTTTCAGTCAGT-1,PBMC4k,Donor 2,Classical monocytes,Classical monocytes,True
pbmc4k_AGAGTGGAGAGGGCTT-1,PBMC4k,Donor 2,Classical monocytes,Classical monocytes,True
pbmc4k_AGAGTGGAGTACGATA-1,PBMC4k,Donor 2,Classical monocytes,Classical monocytes,True
pbmc4k_AGAGTGGTCGGTCCGA-1,PBMC4k,Donor 2,Classical monocytes,Classical monocytes,True
pbmc4k_AGATCTGAGAGATGAG-1,PBMC4k,Donor 2,Classical monocytes,Classical monocytes,True
pbmc4k_AGATCTGAGGATCGCA-1,PBMC4k,Donor 2,Activated/transitional T cells,Non-cytotoxic T cells,True
pbmc4k_AGATCTGAGTCGAGTG-1,PBMC4k,Donor 2,IL7R+ memory/helper T cells,Non-cytotoxic T cells,True
pbmc4k_AGATCTGCAAAGCGGT-1,PBMC4k,Donor 2,Activated/transitional T cells,Non-cytotoxic T cells,True
pbmc4k_AGATCTGCACCAACCG-1,PBMC4k,Donor 2,Cytotoxic CD8 T cells,Cytotoxic T cells,True
pbmc4k_AGATCTGCAGGACGTA-1,PBMC4k,Donor 2,Classical monocytes,Classical monocytes,True
pbmc4k_AGATCTGCATCAGTAC-1,PBMC4k,Donor 2,Activated/transitional T cells,Non-cytotoxic T cells,True
pbmc4k_AGATCTGGTATGAATG-1,PBMC4k,Donor 2,B cells,B cells,True
pbmc4k_AGATCTGGTCCTGCTT-1,PBMC4k,Donor 2,Classical monocytes,Classical monocytes,True
pbmc4k_AGATCTGGTGTTCGAT-1,PBMC4k,Donor 2,Classical monocytes,Classical monocytes,True
pbmc4k_AGATCTGGTTATCCGA-1,PBMC4k,Donor 2,Cytotoxic CD8 T cells,Cytotoxic T cells,True
pbmc4k_AGATCTGTCTGCGTAA-1,PBMC4k,Donor 2,Classical monocytes,Classical monocytes,True
pbmc4k_AGATTGCAGCAATCTC-1,PBMC4k,Donor 2,Activated/transitional T cells,Non-cytotoxic T cells,True
pbmc4k_AGATTGCCATCGTCGG-1,PBMC4k,Donor 2,B cells,B cells,True
pbmc4k_AGATTGCGTCAACATC-1,PBMC4k,Donor 2,Classical monocytes,Classical monocytes,True
pbmc4k_AGATTGCGTTAAGAAC-1,PBMC4k,Donor 2,Cytotoxic CD8 T cells,Cytotoxic T cells,True
pbmc4k_AGATTGCTCAACGCTA-1,PBMC4k,Donor 2,Classical monocytes,Classical monocytes,True
pbmc4k_AGCAGCCAGATGTCGG-1,PBMC4k,Donor 2,Classical monocytes,Classical monocytes,True
pbmc4k_AGCAGCCAGCATGGCA-1,PBMC4k,Donor 2,Classical monocytes,Classical monocytes,True
pbmc4k_AGCAGCCCAGACACTT-1,PBMC4k,Donor 2,NK cells,NK cells,True
pbmc4k_AGCAGCCCAGATAATG-1,PBMC4k,Donor 2,Naive/resting T cells,Non-cytotoxic T cells,True
pbmc4k_AGCAGCCGTTCAGTAC-1,PBMC4k,Donor 2,B cells,B cells,True
pbmc4k_AGCAGCCTCAATCACG-1,PBMC4k,Donor 2,Classical monocytes,Classical monocytes,True
pbmc4k_AGCAGCCTCAGAGCTT-1,PBMC4k,Donor 2,Activated/transitional T cells,Non-cytotoxic T cells,True
pbmc4k_AGCAGCCTCGAATCCA-1,PBMC4k,Donor 2,CD16+ non-classical monocytes,CD16+ non-classical monocytes,True
pbmc4k_AGCAGCCTCTGTACGA-1,PBMC4k,Donor 2,Activated/transitional T cells,Non-cytotoxic T cells,True
pbmc4k_AGCATACAGAAGAAGC-1,PBMC4k,Donor 2,Activated/transitional T cells,Non-cytotoxic T cells,True
pbmc4k_AGCATACCAAGCCATT-1,PBMC4k,Donor 2,Cytotoxic CD8 T cells,Cytotoxic T cells,True
pbmc4k_AGCATACCACAGGAGT-1,PBMC4k,Donor 2,Classical monocytes,Classical monocytes,True
pbmc4k_AGCATACTCCTCTAGC-1,PBMC4k,Donor 2,Classical monocytes,Classical monocytes,True
pbmc4k_AGCATACTCGGATGTT-1,PBMC4k,Donor 2,IL7R+ memory/helper T cells,Non-cytotoxic T cells,True
pbmc4k_AGCCTAAAGGGAGTAA-1,PBMC4k,Donor 2,Activated/transitional T cells,Non-cytotoxic T cells,True
pbmc4k_AGCCTAACAAGGACAC-1,PBMC4k,Donor 2,Activated/transitional T cells,Non-cytotoxic T cells,True
pbmc4k_AGCCTAACAATGTAAG-1,PBMC4k,Donor 2,Activated/transitional T cells,Non-cytotoxic T cells,True
pbmc4k_AGCCTAACATCCTTGC-1,PBMC4k,Donor 2,Classical monocytes,Classical monocytes,True
pbmc4k_AGCCTAAGTAGCGCAA-1,PBMC4k,Donor 2,Activated/transitional T cells,Non-cytotoxic T cells,True
pbmc4k_AGCCTAAGTCCGAACC-1,PBMC4k,Donor 2,IL7R+ memory/helper T cells,Non-cytotoxic T cells,True
pbmc4k_AGCCTAAGTTTGGGCC-1,PBMC4k,Donor 2,Classical monocytes,Classical monocytes,True
pbmc4k_AGCCTAATCTCGATGA-1,PBMC4k,Donor 2,Cytotoxic CD8 T cells,Cytotoxic T cells,True
pbmc4k_AGCGGTCAGATCACGG-1,PBMC4k,Donor 2,Activated/transitional T cells,Non-cytotoxic T cells,True
pbmc4k_AGCGGTCAGATCGGGT-1,PBMC4k,Donor 2,Activated/transitional T cells,Non-cytotoxic T cells,True
pbmc4k_AGCGGTCAGCTCCCAG-1,PBMC4k,Donor 2,Classical monocytes,Classical monocytes,True
pbmc4k_AGCGGTCAGTCCGGTC-1,PBMC4k,Donor 2,Classical monocytes,Classical monocytes,True
pbmc4k_AGCGGTCCAATGTTGC-1,PBMC4k,Donor 2,Classical monocytes,Classical monocytes,True
pbmc4k_AGCGGTCCATGTTGAC-1,PBMC4k,Donor 2,Naive/resting T cells,Non-cytotoxic T cells,True
pbmc4k_AGCGGTCTCCCTTGCA-1,PBMC4k,Donor 2,B cells,B cells,True
pbmc4k_AGCGGTCTCCGAATGT-1,PBMC4k,Donor 2,Classical monocytes,Classical monocytes,True
pbmc4k_AGCGTATCACGAGAGT-1,PBMC4k,Donor 2,Classical monocytes,Classical monocytes,True
pbmc4k_AGCGTATCAGGCTGAA-1,PBMC4k,Donor 2,Activated/transitional T cells,Non-cytotoxic T cells,True
pbmc4k_AGCGTATGTGTAACGG-1,PBMC4k,Donor 2,Activated/transitional T cells,Non-cytotoxic T cells,True
pbmc4k_AGCGTATTCTACTTAC-1,PBMC4k,Donor 2,Classical monocytes,Classical monocytes,True
pbmc4k_AGCGTCGAGACCGGAT-1,PBMC4k,Donor 2,NK cells,NK cells,True
pbmc4k_AGCGTCGAGATCCCAT-1,PBMC4k,Donor 2,Classical monocytes,Classical monocytes,True
pbmc4k_AGCGTCGAGTGAAGTT-1,PBMC4k,Donor 2,Activated/transitional T cells,Non-cytotoxic T cells,True
pbmc4k_AGCGTCGCACGGTGTC-1,PBMC4k,Donor 2,Cytotoxic CD8 T cells,Cytotoxic T cells,True
pbmc4k_AGCGTCGCACTCGACG-1,PBMC4k,Donor 2,Activated/transitional T cells,Non-cytotoxic T cells,True
pbmc4k_AGCGTCGCACTGTCGG-1,PBMC4k,Donor 2,Classical monocytes,Classical monocytes,True
pbmc4k_AGCGTCGCAGCAGTTT-1,PBMC4k,Donor 2,IL7R+ memory/helper T cells,Non-cytotoxic T cells,True
pbmc4k_AGCGTCGCAGTCAGAG-1,PBMC4k,Donor 2,B cells,B cells,True
pbmc4k_AGCGTCGGTGCGAAAC-1,PBMC4k,Donor 2,Activated/transitional T cells,Non-cytotoxic T cells,True
pbmc4k_AGCGTCGGTTTCCACC-1,PBMC4k,Donor 2,Classical monocytes,Classical monocytes,True
pbmc4k_AGCTCCTAGATGCCTT-1,PBMC4k,Donor 2,Activated/transitional T cells,Non-cytotoxic T cells,True
pbmc4k_AGCTCCTAGCTAGTTC-1,PBMC4k,Donor 2,Activated/transitional T cells,Non-cytotoxic T cells,True
pbmc4k_AGCTCCTCACATGACT-1,PBMC4k,Donor 2,Cytotoxic CD8 T cells,Cytotoxic T cells,True
pbmc4k_AGCTCCTGTATAAACG-1,PBMC4k,Donor 2,B cells,B cells,True
pbmc4k_AGCTCCTTCTGCGGCA-1,PBMC4k,Donor 2,Cytotoxic CD8 T cells,Cytotoxic T cells,True
pbmc4k_AGCTCCTTCTTACCGC-1,PBMC4k,Donor 2,IL7R+ memory/helper T cells,Non-cytotoxic T cells,True
pbmc4k_AGCTCTCAGAGTCTGG-1,PBMC4k,Donor 2,Activated/transitional T cells,Non-cytotoxic T cells,True
pbmc4k_AGCTCTCAGATGCCAG-1,PBMC4k,Donor 2,Activated/transitional T cells,Non-cytotoxic T cells,True
pbmc4k_AGCTCTCAGCACCGCT-1,PBMC4k,Donor 2,Classical monocytes,Classical monocytes,True
pbmc4k_AGCTCTCAGGCTCATT-1,PBMC4k,Donor 2,B cells,B cells,True
pbmc4k_AGCTCTCAGTGACTCT-1,PBMC4k,Donor 2,B cells,B cells,True
pbmc4k_AGCTCTCAGTTACGGG-1,PBMC4k,Donor 2,Cytotoxic CD8 T cells,Cytotoxic T cells,True
pbmc4k_AGCTCTCCAATGTAAG-1,PBMC4k,Donor 2,Activated/transitional T cells,Non-cytotoxic T cells,True
pbmc4k_AGCTCTCCAGCTTCGG-1,PBMC4k,Donor 2,Classical monocytes,Classical monocytes,True
pbmc4k_AGCTCTCCATGGTCTA-1,PBMC4k,Donor 2,Classical monocytes,Classical monocytes,True
pbmc4k_AGCTCTCGTTGATTGC-1,PBMC4k,Donor 2,Dendritic cells,,False
pbmc4k_AGCTCTCTCACATACG-1,PBMC4k,Donor 2,IL7R+ memory/helper T cells,Non-cytotoxic T cells,True
pbmc4k_AGCTCTCTCACCGTAA-1,PBMC4k,Donor 2,Cytotoxic CD8 T cells,Cytotoxic T cells,True
pbmc4k_AGCTCTCTCCAGAGGA-1,PBMC4k,Donor 2,Cytotoxic CD8 T cells,Cytotoxic T cells,True
pbmc4k_AGCTCTCTCTTCAACT-1,PBMC4k,Donor 2,Classical monocytes,Classical monocytes,True
pbmc4k_AGCTTGAAGCAATATG-1,PBMC4k,Donor 2,Classical monocytes,Classical monocytes,True
pbmc4k_AGCTTGAAGCCCAACC-1,PBMC4k,Donor 2,NK cells,NK cells,True
pbmc4k_AGCTTGAAGGTGCTTT-1,PBMC4k,Donor 2,Activated/transitional T cells,Non-cytotoxic T cells,True
pbmc4k_AGCTTGACAGGGTTAG-1,PBMC4k,Donor 2,Activated/transitional T cells,Non-cytotoxic T cells,True
pbmc4k_AGCTTGAGTAGGGTAC-1,PBMC4k,Donor 2,Classical monocytes,Classical monocytes,True
pbmc4k_AGCTTGAGTGACAAAT-1,PBMC4k,Donor 2,Activated/transitional T cells,Non-cytotoxic T cells,True
pbmc4k_AGCTTGAGTTAAGAAC-1,PBMC4k,Donor 2,Activated/transitional T cells,Non-cytotoxic T cells,True
pbmc4k_AGCTTGATCACTTATC-1,PBMC4k,Donor 2,Activated/transitional T cells,Non-cytotoxic T cells,True
pbmc4k_AGCTTGATCTTTAGTC-1,PBMC4k,Donor 2,IL7R+ memory/helper T cells,Non-cytotoxic T cells,True
pbmc4k_AGGCCACAGCTTATCG-1,PBMC4k,Donor 2,Activated/transitional T cells,Non-cytotoxic T cells,True
pbmc4k_AGGCCACAGGGTGTTG-1,PBMC4k,Donor 2,Classical monocytes,Classical monocytes,True
pbmc4k_AGGCCACAGTGTCCCG-1,PBMC4k,Donor 2,Cytotoxic CD8 T cells,Cytotoxic T cells,True
pbmc4k_AGGCCACCACCGAATT-1,PBMC4k,Donor 2,IL7R+ memory/helper T cells,Non-cytotoxic T cells,True
pbmc4k_AGGCCACGTAGAGCTG-1,PBMC4k,Donor 2,IL7R+ memory/helper T cells,Non-cytotoxic T cells,True
pbmc4k_AGGCCACGTGATAAGT-1,PBMC4k,Donor 2,Classical monocytes,Classical monocytes,True
pbmc4k_AGGCCACGTTCGTCTC-1,PBMC4k,Donor 2,B cells,B cells,True
pbmc4k_AGGCCACGTTTACTCT-1,PBMC4k,Donor 2,Classical monocytes,Classical monocytes,True
pbmc4k_AGGCCGTAGAACTGTA-1,PBMC4k,Donor 2,Cytotoxic CD8 T cells,Cytotoxic T cells,True
pbmc4k_AGGCCGTAGACTACAA-1,PBMC4k,Donor 2,Activated/transitional T cells,Non-cytotoxic T cells,True
pbmc4k_AGGCCGTAGCTCCTTC-1,PBMC4k,Donor 2,Classical monocytes,Classical monocytes,True
pbmc4k_AGGCCGTAGCTGGAAC-1,PBMC4k,Donor 2,Cytotoxic CD8 T cells,Cytotoxic T cells,True
pbmc4k_AGGCCGTAGGAATTAC-1,PBMC4k,Donor 2,Classical monocytes,Classical monocytes,True
pbmc4k_AGGCCGTCACATTAGC-1,PBMC4k,Donor 2,Cytotoxic CD8 T cells,Cytotoxic T cells,True
pbmc4k_AGGCCGTGTACCATCA-1,PBMC4k,Donor 2,Naive/resting T cells,Non-cytotoxic T cells,True
pbmc4k_AGGCCGTGTCTTGCGG-1,PBMC4k,Donor 2,Cytotoxic CD8 T cells,Cytotoxic T cells,True
pbmc4k_AGGCCGTTCGGCATCG-1,PBMC4k,Donor 2,Cytotoxic CD8 T cells,Cytotoxic T cells,True
pbmc4k_AGGGAGTCACATGACT-1,PBMC4k,Donor 2,Activated/transitional T cells,Non-cytotoxic T cells,True
pbmc4k_AGGGAGTCACGGTGTC-1,PBMC4k,Donor 2,B cells,B cells,True
pbmc4k_AGGGAGTGTCTTCTCG-1,PBMC4k,Donor 2,Classical monocytes,Classical monocytes,True
pbmc4k_AGGGAGTTCAAGCCTA-1,PBMC4k,Donor 2,Cytotoxic CD8 T cells,Cytotoxic T cells,True
pbmc4k_AGGGATGCAAGTAGTA-1,PBMC4k,Donor 2,Classical monocytes,Classical monocytes,True
pbmc4k_AGGGATGCAGCATACT-1,PBMC4k,Donor 2,Activated/transitional T cells,Non-cytotoxic T cells,True
pbmc4k_AGGGATGGTTTGACAC-1,PBMC4k,Donor 2,B cells,B cells,True
pbmc4k_AGGGATGGTTTGCATG-1,PBMC4k,Donor 2,Activated/transitional T cells,Non-cytotoxic T cells,True
pbmc4k_AGGGTGAGTGTATGGG-1,PBMC4k,Donor 2,B cells,B cells,True
pbmc4k_AGGGTGATCCCAACGG-1,PBMC4k,Donor 2,IL7R+ memory/helper T cells,Non-cytotoxic T cells,True
pbmc4k_AGGGTGATCGCCTGTT-1,PBMC4k,Donor 2,Naive/resting T cells,Non-cytotoxic T cells,True
pbmc4k_AGGTCATAGCTAAGAT-1,PBMC4k,Donor 2,Cytotoxic CD8 T cells,Cytotoxic T cells,True
pbmc4k_AGGTCATCAATGGAAT-1,PBMC4k,Donor 2,Naive/resting T cells,Non-cytotoxic T cells,True
pbmc4k_AGGTCATCACACCGAC-1,PBMC4k,Donor 2,Activated/transitional T cells,Non-cytotoxic T cells,True
pbmc4k_AGGTCATCAGCTTCGG-1,PBMC4k,Donor 2,Classical monocytes,Classical monocytes,True
pbmc4k_AGGTCATCATTGGCGC-1,PBMC4k,Donor 2,B cells,B cells,True
pbmc4k_AGGTCATGTTACCGAT-1,PBMC4k,Donor 2,Naive/resting T cells,Non-cytotoxic T cells,True
pbmc4k_AGGTCATGTTCCACGG-1,PBMC4k,Donor 2,Activated/transitional T cells,Non-cytotoxic T cells,True
pbmc4k_AGGTCATGTTCGCTAA-1,PBMC4k,Donor 2,Cytotoxic CD8 T cells,Cytotoxic T cells,True
pbmc4k_AGGTCATTCACTTACT-1,PBMC4k,Donor 2,B cells,B cells,True
pbmc4k_AGGTCATTCCGCGGTA-1,PBMC4k,Donor 2,IL7R+ memory/helper T cells,Non-cytotoxic T cells,True
pbmc4k_AGGTCATTCCTTAATC-1,PBMC4k,Donor 2,Classical monocytes,Classical monocytes,True
pbmc4k_AGGTCCGAGAATTGTG-1,PBMC4k,Donor 2,Classical monocytes,Classical monocytes,True
pbmc4k_AGGTCCGAGAGGTTGC-1,PBMC4k,Donor 2,Classical monocytes,Classical monocytes,True
pbmc4k_AGGTCCGGTGAGGCTA-1,PBMC4k,Donor 2,Classical monocytes,Classical monocytes,True
pbmc4k_AGGTCCGTCCAAGTAC-1,PBMC4k,Donor 2,NK cells,NK cells,True
pbmc4k_AGGTCCGTCCTAAGTG-1,PBMC4k,Donor 2,B cells,B cells,True
pbmc4k_AGGTCCGTCGGACAAG-1,PBMC4k,Donor 2,Classical monocytes,Classical monocytes,True
pbmc4k_AGTAGTCAGGTACTCT-1,PBMC4k,Donor 2,CD16+ non-classical monocytes,CD16+ non-classical monocytes,True
pbmc4k_AGTAGTCAGTCCGTAT-1,PBMC4k,Donor 2,Activated/transitional T cells,Non-cytotoxic T cells,True
pbmc4k_AGTAGTCCACCGAAAG-1,PBMC4k,Donor 2,Activated/transitional T cells,Non-cytotoxic T cells,True
pbmc4k_AGTAGTCCATGGTTGT-1,PBMC4k,Donor 2,Classical monocytes,Classical monocytes,True
pbmc4k_AGTAGTCGTAGAGCTG-1,PBMC4k,Donor 2,IL7R+ memory/helper T cells,Non-cytotoxic T cells,True
pbmc4k_AGTAGTCGTTCCCGAG-1,PBMC4k,Donor 2,Classical monocytes,Classical monocytes,True
pbmc4k_AGTAGTCGTTGATTCG-1,PBMC4k,Donor 2,Activated/transitional T cells,Non-cytotoxic T cells,True
pbmc4k_AGTAGTCTCACCTCGT-1,PBMC4k,Donor 2,IL7R+ memory/helper T cells,Non-cytotoxic T cells,True
pbmc4k_AGTAGTCTCAGGCCCA-1,PBMC4k,Donor 2,Cytotoxic CD8 T cells,Cytotoxic T cells,True
pbmc4k_AGTAGTCTCATTTGGG-1,PBMC4k,Donor 2,NK cells,NK cells,True
pbmc4k_AGTAGTCTCCGGCACA-1,PBMC4k,Donor 2,Classical monocytes,Classical monocytes,True
pbmc4k_AGTAGTCTCGTAGATC-1,PBMC4k,Donor 2,Classical monocytes,Classical monocytes,True
pbmc4k_AGTAGTCTCTGCGTAA-1,PBMC4k,Donor 2,Cytotoxic CD8 T cells,Cytotoxic T cells,True
pbmc4k_AGTCTTTAGCACAGGT-1,PBMC4k,Donor 2,IL7R+ memory/helper T cells,Non-cytotoxic T cells,True
pbmc4k_AGTCTTTCAAAGTCAA-1,PBMC4k,Donor 2,NK cells,NK cells,True
pbmc4k_AGTCTTTCAAGCTGGA-1,PBMC4k,Donor 2,IL7R+ memory/helper T cells,Non-cytotoxic T cells,True
pbmc4k_AGTCTTTCAGCCAGAA-1,PBMC4k,Donor 2,Activated/transitional T cells,Non-cytotoxic T cells,True
pbmc4k_AGTCTTTCAGCTCGAC-1,PBMC4k,Donor 2,Cytotoxic CD8 T cells,Cytotoxic T cells,True
pbmc4k_AGTCTTTCATGTTGAC-1,PBMC4k,Donor 2,IL7R+ memory/helper T cells,Non-cytotoxic T cells,True
pbmc4k_AGTCTTTCATTGGCGC-1,PBMC4k,Donor 2,IL7R+ memory/helper T cells,Non-cytotoxic T cells,True
pbmc4k_AGTCTTTGTCCATGAT-1,PBMC4k,Donor 2,Classical monocytes,Classical monocytes,True
pbmc4k_AGTCTTTGTCGCTTCT-1,PBMC4k,Donor 2,Cytotoxic CD8 T cells,Cytotoxic T cells,True
pbmc4k_AGTCTTTGTGTTTGGT-1,PBMC4k,Donor 2,B cells,B cells,True
pbmc4k_AGTCTTTTCCCAACGG-1,PBMC4k,Donor 2,IL7R+ memory/helper T cells,Non-cytotoxic T cells,True
pbmc4k_AGTCTTTTCGGTCTAA-1,PBMC4k,Donor 2,Activated/transitional T cells,Non-cytotoxic T cells,True
pbmc4k_AGTGAGGAGCCACTAT-1,PBMC4k,Donor 2,Classical monocytes,Classical monocytes,True
pbmc4k_AGTGAGGCATAGACTC-1,PBMC4k,Donor 2,Activated/transitional T cells,Non-cytotoxic T cells,True
pbmc4k_AGTGAGGCATGGTCTA-1,PBMC4k,Donor 2,NK cells,NK cells,True
pbmc4k_AGTGAGGGTGTCTGAT-1,PBMC4k,Donor 2,NK cells,NK cells,True
pbmc4k_AGTGAGGGTTCCACAA-1,PBMC4k,Donor 2,Classical monocytes,Classical monocytes,True
pbmc4k_AGTGAGGGTTCGGGCT-1,PBMC4k,Donor 2,Activated/transitional T cells,Non-cytotoxic T cells,True
pbmc4k_AGTGAGGGTTTAAGCC-1,PBMC4k,Donor 2,Activated/transitional T cells,Non-cytotoxic T cells,True
pbmc4k_AGTGAGGTCTCGGACG-1,PBMC4k,Donor 2,Classical monocytes,Classical monocytes,True
pbmc4k_AGTGAGGTCTGTACGA-1,PBMC4k,Donor 2,B cells,B cells,True
pbmc4k_AGTGAGGTCTTTACGT-1,PBMC4k,Donor 2,B cells,B cells,True
pbmc4k_AGTGGGAAGACCCACC-1,PBMC4k,Donor 2,Classical monocytes,Classical monocytes,True
pbmc4k_AGTGGGACACTTCTGC-1,PBMC4k,Donor 2,IL7R+ memory/helper T cells,Non-cytotoxic T cells,True
pbmc4k_AGTGGGACAGCTTCGG-1,PBMC4k,Donor 2,Activated/transitional T cells,Non-cytotoxic T cells,True
pbmc4k_AGTGGGAGTACAGACG-1,PBMC4k,Donor 2,Cytotoxic CD8 T cells,Cytotoxic T cells,True
pbmc4k_AGTGGGAGTAGCGTGA-1,PBMC4k,Donor 2,Classical monocytes,Classical monocytes,True
pbmc4k_AGTGGGAGTAGCTAAA-1,PBMC4k,Donor 2,Cytotoxic CD8 T cells,Cytotoxic T cells,True
pbmc4k_AGTGGGAGTCAGAAGC-1,PBMC4k,Donor 2,B cells,B cells,True
pbmc4k_AGTGGGAGTGCCTGTG-1,PBMC4k,Donor 2,IL7R+ memory/helper T cells,Non-cytotoxic T cells,True
pbmc4k_AGTGGGAGTGCCTTGG-1,PBMC4k,Donor 2,Activated/transitional T cells,Non-cytotoxic T cells,True
pbmc4k_AGTGGGATCACTTACT-1,PBMC4k,Donor 2,Activated/transitional T cells,Non-cytotoxic T cells,True
pbmc4k_AGTGGGATCATCACCC-1,PBMC4k,Donor 2,Cytotoxic CD8 T cells,Cytotoxic T cells,True
pbmc4k_AGTGTCAAGGGTGTTG-1,PBMC4k,Donor 2,Dendritic cells,,False
pbmc4k_AGTGTCACAGACGTAG-1,PBMC4k,Donor 2,Classical monocytes,Classical monocytes,True
pbmc4k_AGTGTCACAGCTGCTG-1,PBMC4k,Donor 2,Classical monocytes,Classical monocytes,True
pbmc4k_AGTGTCAGTGCAGTAG-1,PBMC4k,Donor 2,Activated/transitional T cells,Non-cytotoxic T cells,True
pbmc4k_AGTGTCAGTTACGACT-1,PBMC4k,Donor 2,Activated/transitional T cells,Non-cytotoxic T cells,True
pbmc4k_AGTGTCATCATAACCG-1,PBMC4k,Donor 2,Cytotoxic CD8 T cells,Cytotoxic T cells,True
pbmc4k_AGTGTCATCCGCGGTA-1,PBMC4k,Donor 2,Cytotoxic CD8 T cells,Cytotoxic T cells,True
pbmc4k_AGTTGGTAGGACATTA-1,PBMC4k,Donor 2,Activated/transitional T cells,Non-cytotoxic T cells,True
pbmc4k_AGTTGGTGTACCGGCT-1,PBMC4k,Donor 2,Dendritic cells,,False
pbmc4k_AGTTGGTGTCTAAACC-1,PBMC4k,Donor 2,NK cells,NK cells,True
pbmc4k_AGTTGGTGTGCCTTGG-1,PBMC4k,Donor 2,IL7R+ memory/helper T cells,Non-cytotoxic T cells,True
pbmc4k_AGTTGGTGTGGTACAG-1,PBMC4k,Donor 2,IL7R+ memory/helper T cells,Non-cytotoxic T cells,True
pbmc4k_AGTTGGTTCCTAGAAC-1,PBMC4k,Donor 2,Activated/transitional T cells,Non-cytotoxic T cells,True
pbmc4k_AGTTGGTTCTGCGGCA-1,PBMC4k,Donor 2,B cells,B cells,True
pbmc4k_ATAACGCAGGTGACCA-1,PBMC4k,Donor 2,Cytotoxic CD8 T cells,Cytotoxic T cells,True
pbmc4k_ATAACGCAGTGTCCAT-1,PBMC4k,Donor 2,CD16+ non-classical monocytes,CD16+ non-classical monocytes,True
pbmc4k_ATAACGCCACAGGCCT-1,PBMC4k,Donor 2,Classical monocytes,Classical monocytes,True
pbmc4k_ATAACGCGTAAGTTCC-1,PBMC4k,Donor 2,Classical monocytes,Classical monocytes,True
pbmc4k_ATAACGCGTCAGATAA-1,PBMC4k,Donor 2,Classical monocytes,Classical monocytes,True
pbmc4k_ATAACGCGTTCGAATC-1,PBMC4k,Donor 2,Classical monocytes,Classical monocytes,True
pbmc4k_ATAACGCTCCTGTAGA-1,PBMC4k,Donor 2,Classical monocytes,Classical monocytes,True
pbmc4k_ATAACGCTCTACGAGT-1,PBMC4k,Donor 2,Activated/transitional T cells,Non-cytotoxic T cells,True
pbmc4k_ATAACGCTCTTGTTTG-1,PBMC4k,Donor 2,IL7R+ memory/helper T cells,Non-cytotoxic T cells,True
pbmc4k_ATAAGAGAGGTGCACA-1,PBMC4k,Donor 2,NK cells,NK cells,True
pbmc4k_ATAAGAGCACCCAGTG-1,PBMC4k,Donor 2,IL7R+ memory/helper T cells,Non-cytotoxic T cells,True
pbmc4k_ATAAGAGCATCGGGTC-1,PBMC4k,Donor 2,IL7R+ memory/helper T cells,Non-cytotoxic T cells,True
pbmc4k_ATAAGAGGTTCACCTC-1,PBMC4k,Donor 2,Classical monocytes,Classical monocytes,True
pbmc4k_ATAAGAGTCCGATATG-1,PBMC4k,Donor 2,B cells,B cells,True
pbmc4k_ATAAGAGTCGAATGCT-1,PBMC4k,Donor 2,IL7R+ memory/helper T cells,Non-cytotoxic T cells,True
pbmc4k_ATAAGAGTCGCCATAA-1,PBMC4k,Donor 2,IL7R+ memory/helper T cells,Non-cytotoxic T cells,True
pbmc4k_ATAAGAGTCTGCAGTA-1,PBMC4k,Donor 2,B cells,B cells,True
pbmc4k_ATAGACCAGTACGCGA-1,PBMC4k,Donor 2,Cytotoxic CD8 T cells,Cytotoxic T cells,True
pbmc4k_ATAGACCAGTGGAGAA-1,PBMC4k,Donor 2,Cytotoxic CD8 T cells,Cytotoxic T cells,True
pbmc4k_ATAGACCCAAAGAATC-1,PBMC4k,Donor 2,B cells,B cells,True
pbmc4k_ATAGACCCAGCTGTTA-1,PBMC4k,Donor 2,Naive/resting T cells,Non-cytotoxic T cells,True
pbmc4k_ATAGACCGTAAGGGAA-1,PBMC4k,Donor 2,Activated/transitional T cells,Non-cytotoxic T cells,True
pbmc4k_ATAGACCGTCAGGACA-1,PBMC4k,Donor 2,Activated/transitional T cells,Non-cytotoxic T cells,True
pbmc4k_ATAGACCGTGCACCAC-1,PBMC4k,Donor 2,Classical monocytes,Classical monocytes,True
pbmc4k_ATAGACCGTGTCAATC-1,PBMC4k,Donor 2,Activated/transitional T cells,Non-cytotoxic T cells,True
pbmc4k_ATAGACCGTGTGACGA-1,PBMC4k,Donor 2,Classical monocytes,Classical monocytes,True
pbmc4k_ATAGACCTCAATCACG-1,PBMC4k,Donor 2,Activated/transitional T cells,Non-cytotoxic T cells,True
pbmc4k_ATCACGAAGAAGCCCA-1,PBMC4k,Donor 2,Cytotoxic CD8 T cells,Cytotoxic T cells,True
pbmc4k_ATCACGACAACACCTA-1,PBMC4k,Donor 2,B cells,B cells,True
pbmc4k_ATCACGACATCCTTGC-1,PBMC4k,Donor 2,Cytotoxic CD8 T cells,Cytotoxic T cells,True
pbmc4k_ATCACGACATGCAATC-1,PBMC4k,Donor 2,Activated/transitional T cells,Non-cytotoxic T cells,True
pbmc4k_ATCACGAGTCTGGTCG-1,PBMC4k,Donor 2,B cells,B cells,True
pbmc4k_ATCACGATCACCACCT-1,PBMC4k,Donor 2,B cells,B cells,True
pbmc4k_ATCACGATCATCGCTC-1,PBMC4k,Donor 2,B cells,B cells,True
pbmc4k_ATCACGATCATGTAGC-1,PBMC4k,Donor 2,Classical monocytes,Classical monocytes,True
pbmc4k_ATCACGATCCAAGCCG-1,PBMC4k,Donor 2,IL7R+ memory/helper T cells,Non-cytotoxic T cells,True
pbmc4k_ATCATCTAGACAAGCC-1,PBMC4k,Donor 2,Activated/transitional T cells,Non-cytotoxic T cells,True
pbmc4k_ATCATCTAGCGCCTCA-1,PBMC4k,Donor 2,Activated/transitional T cells,Non-cytotoxic T cells,True
pbmc4k_ATCATCTAGCTCCTCT-1,PBMC4k,Donor 2,Activated/transitional T cells,Non-cytotoxic T cells,True
pbmc4k_ATCATCTAGGATGGTC-1,PBMC4k,Donor 2,CD16+ non-classical monocytes,CD16+ non-classical monocytes,True
pbmc4k_ATCATCTAGGCACATG-1,PBMC4k,Donor 2,Classical monocytes,Classical monocytes,True
pbmc4k_ATCATCTCAGTAAGCG-1,PBMC4k,Donor 2,B cells,B cells,True
pbmc4k_ATCATCTCAGTACACT-1,PBMC4k,Donor 2,IL7R+ memory/helper T cells,Non-cytotoxic T cells,True
pbmc4k_ATCATCTCATCCAACA-1,PBMC4k,Donor 2,CD16+ non-classical monocytes,CD16+ non-classical monocytes,True
pbmc4k_ATCATCTGTGACTACT-1,PBMC4k,Donor 2,Cytotoxic CD8 T cells,Cytotoxic T cells,True
pbmc4k_ATCATCTTCGTCCAGG-1,PBMC4k,Donor 2,Classical monocytes,Classical monocytes,True
pbmc4k_ATCATGGAGCTGCGAA-1,PBMC4k,Donor 2,Cytotoxic CD8 T cells,Cytotoxic T cells,True
pbmc4k_ATCATGGAGGCAATTA-1,PBMC4k,Donor 2,Cytotoxic CD8 T cells,Cytotoxic T cells,True
pbmc4k_ATCATGGAGGCCCTCA-1,PBMC4k,Donor 2,Cytotoxic CD8 T cells,Cytotoxic T cells,True
pbmc4k_ATCATGGAGTTGAGAT-1,PBMC4k,Donor 2,Cytotoxic CD8 T cells,Cytotoxic T cells,True
pbmc4k_ATCATGGCAAATCCGT-1,PBMC4k,Donor 2,Activated/transitional T cells,Non-cytotoxic T cells,True
pbmc4k_ATCATGGCAATGAATG-1,PBMC4k,Donor 2,Cytotoxic CD8 T cells,Cytotoxic T cells,True
pbmc4k_ATCATGGCAGGGTACA-1,PBMC4k,Donor 2,Cytotoxic CD8 T cells,Cytotoxic T cells,True
pbmc4k_ATCATGGGTAACGTTC-1,PBMC4k,Donor 2,B cells,B cells,True
pbmc4k_ATCATGGGTCAATACC-1,PBMC4k,Donor 2,Cytotoxic CD8 T cells,Cytotoxic T cells,True
pbmc4k_ATCCACCAGAGCTGGT-1,PBMC4k,Donor 2,Activated/transitional T cells,Non-cytotoxic T cells,True
pbmc4k_ATCCACCAGCAGACTG-1,PBMC4k,Donor 2,Classical monocytes,Classical monocytes,True
pbmc4k_ATCCACCAGCGATCCC-1,PBMC4k,Donor 2,Cytotoxic CD8 T cells,Cytotoxic T cells,True
pbmc4k_ATCCACCAGCGTTTAC-1,PBMC4k,Donor 2,Activated/transitional T cells,Non-cytotoxic T cells,True
pbmc4k_ATCCACCAGGAGCGTT-1,PBMC4k,Donor 2,B cells,B cells,True
pbmc4k_ATCCACCAGTCACGCC-1,PBMC4k,Donor 2,Activated/transitional T cells,Non-cytotoxic T cells,True
pbmc4k_ATCCACCCAACGCACC-1,PBMC4k,Donor 2,Classical monocytes,Classical monocytes,True
pbmc4k_ATCCACCCAACTGGCC-1,PBMC4k,Donor 2,B cells,B cells,True
pbmc4k_ATCCACCCAAGCGCTC-1,PBMC4k,Donor 2,B cells,B cells,True
pbmc4k_ATCCACCCAAGTCTGT-1,PBMC4k,Donor 2,Activated/transitional T cells,Non-cytotoxic T cells,True
pbmc4k_ATCCACCCACAGTCGC-1,PBMC4k,Donor 2,Activated/transitional T cells,Non-cytotoxic T cells,True
pbmc4k_ATCCACCCAGGGTTAG-1,PBMC4k,Donor 2,B cells,B cells,True
pbmc4k_ATCCACCCATTACGAC-1,PBMC4k,Donor 2,Classical monocytes,Classical monocytes,True
pbmc4k_ATCCACCGTATCAGTC-1,PBMC4k,Donor 2,Activated/transitional T cells,Non-cytotoxic T cells,True
pbmc4k_ATCCACCTCTAACGGT-1,PBMC4k,Donor 2,Activated/transitional T cells,Non-cytotoxic T cells,True
pbmc4k_ATCCGAAAGTTTAGGA-1,PBMC4k,Donor 2,Activated/transitional T cells,Non-cytotoxic T cells,True
pbmc4k_ATCCGAACACACTGCG-1,PBMC4k,Donor 2,Cytotoxic CD8 T cells,Cytotoxic T cells,True
pbmc4k_ATCCGAACAGTTCCCT-1,PBMC4k,Donor 2,Activated/transitional T cells,Non-cytotoxic T cells,True
pbmc4k_ATCCGAAGTACTCAAC-1,PBMC4k,Donor 2,Activated/transitional T cells,Non-cytotoxic T cells,True
pbmc4k_ATCCGAAGTCTTGATG-1,PBMC4k,Donor 2,Cytotoxic CD8 T cells,Cytotoxic T cells,True
pbmc4k_ATCCGAAGTGACTCAT-1,PBMC4k,Donor 2,Activated/transitional T cells,Non-cytotoxic T cells,True
pbmc4k_ATCCGAATCCTTGCCA-1,PBMC4k,Donor 2,Activated/transitional T cells,Non-cytotoxic T cells,True
pbmc4k_ATCCGAATCGGAATCT-1,PBMC4k,Donor 2,Activated/transitional T cells,Non-cytotoxic T cells,True
pbmc4k_ATCGAGTAGCCAGAAC-1,PBMC4k,Donor 2,Activated/transitional T cells,Non-cytotoxic T cells,True
pbmc4k_ATCGAGTAGCCCAATT-1,PBMC4k,Donor 2,Cytotoxic CD8 T cells,Cytotoxic T cells,True
pbmc4k_ATCGAGTAGCTCTCGG-1,PBMC4k,Donor 2,Classical monocytes,Classical monocytes,True
pbmc4k_ATCGAGTCAAAGGTGC-1,PBMC4k,Donor 2,Classical monocytes,Classical monocytes,True
pbmc4k_ATCGAGTCAACAACCT-1,PBMC4k,Donor 2,Classical monocytes,Classical monocytes,True
pbmc4k_ATCGAGTCAGGGTATG-1,PBMC4k,Donor 2,Activated/transitional T cells,Non-cytotoxic T cells,True
pbmc4k_ATCGAGTCAGGTCCAC-1,PBMC4k,Donor 2,B cells,B cells,True
pbmc4k_ATCGAGTCATCACAAC-1,PBMC4k,Donor 2,Activated/transitional T cells,Non-cytotoxic T cells,True
pbmc4k_ATCGAGTCATCCTAGA-1,PBMC4k,Donor 2,Classical monocytes,Classical monocytes,True
pbmc4k_ATCGAGTGTACAGCAG-1,PBMC4k,Donor 2,B cells,B cells,True
pbmc4k_ATCGAGTGTCGTGGCT-1,PBMC4k,Donor 2,B cells,B cells,True
pbmc4k_ATCGAGTGTGATGTGG-1,PBMC4k,Donor 2,Classical monocytes,Classical monocytes,True
pbmc4k_ATCGAGTGTGCAGTAG-1,PBMC4k,Donor 2,Cytotoxic CD8 T cells,Cytotoxic T cells,True
pbmc4k_ATCGAGTGTTCAGTAC-1,PBMC4k,Donor 2,Classical monocytes,Classical monocytes,True
pbmc4k_ATCGAGTGTTTAAGCC-1,PBMC4k,Donor 2,Activated/transitional T cells,Non-cytotoxic T cells,True
pbmc4k_ATCGAGTTCATTTGGG-1,PBMC4k,Donor 2,Activated/transitional T cells,Non-cytotoxic T cells,True
pbmc4k_ATCGAGTTCCGCATAA-1,PBMC4k,Donor 2,Classical monocytes,Classical monocytes,True
pbmc4k_ATCGAGTTCGCAAGCC-1,PBMC4k,Donor 2,B cells,B cells,True
pbmc4k_ATCTACTAGAGCTTCT-1,PBMC4k,Donor 2,Classical monocytes,Classical monocytes,True
pbmc4k_ATCTACTCAAACGCGA-1,PBMC4k,Donor 2,B cells,B cells,True
pbmc4k_ATCTACTCATGTCTCC-1,PBMC4k,Donor 2,Classical monocytes,Classical monocytes,True
pbmc4k_ATCTACTGTTGGTAAA-1,PBMC4k,Donor 2,Naive/resting T cells,Non-cytotoxic T cells,True
pbmc4k_ATCTACTGTTTAGCTG-1,PBMC4k,Donor 2,IL7R+ memory/helper T cells,Non-cytotoxic T cells,True
pbmc4k_ATCTACTTCCCATTTA-1,PBMC4k,Donor 2,IL7R+ memory/helper T cells,Non-cytotoxic T cells,True
pbmc4k_ATCTACTTCGTTTATC-1,PBMC4k,Donor 2,Activated/transitional T cells,Non-cytotoxic T cells,True
pbmc4k_ATCTACTTCTATCCCG-1,PBMC4k,Donor 2,Cytotoxic CD8 T cells,Cytotoxic T cells,True
pbmc4k_ATCTACTTCTGAGTGT-1,PBMC4k,Donor 2,Classical monocytes,Classical monocytes,True
pbmc4k_ATCTACTTCTGGTTCC-1,PBMC4k,Donor 2,NK cells,NK cells,True
pbmc4k_ATCTGCCAGACAAAGG-1,PBMC4k,Donor 2,IL7R+ memory/helper T cells,Non-cytotoxic T cells,True
pbmc4k_ATCTGCCAGTGTACCT-1,PBMC4k,Donor 2,Classical monocytes,Classical monocytes,True
pbmc4k_ATCTGCCAGTTGTAGA-1,PBMC4k,Donor 2,Activated/transitional T cells,Non-cytotoxic T cells,True
pbmc4k_ATCTGCCCACCAGATT-1,PBMC4k,Donor 2,Cytotoxic CD8 T cells,Cytotoxic T cells,True
pbmc4k_ATCTGCCCACCAGTTA-1,PBMC4k,Donor 2,Activated/transitional T cells,Non-cytotoxic T cells,True
pbmc4k_ATCTGCCGTACTTGAC-1,PBMC4k,Donor 2,B cells,B cells,True
pbmc4k_ATCTGCCTCAACACCA-1,PBMC4k,Donor 2,Activated/transitional T cells,Non-cytotoxic T cells,True
pbmc4k_ATGAGGGAGAAGGTGA-1,PBMC4k,Donor 2,CD16+ non-classical monocytes,CD16+ non-classical monocytes,True
pbmc4k_ATGAGGGAGAGTCGGT-1,PBMC4k,Donor 2,Classical monocytes,Classical monocytes,True
pbmc4k_ATGAGGGAGCGTGTCC-1,PBMC4k,Donor 2,Classical monocytes,Classical monocytes,True
pbmc4k_ATGAGGGCAGACGTAG-1,PBMC4k,Donor 2,NK cells,NK cells,True
pbmc4k_ATGAGGGCATATGGTC-1,PBMC4k,Donor 2,Activated/transitional T cells,Non-cytotoxic T cells,True
pbmc4k_ATGAGGGCATGCAACT-1,PBMC4k,Donor 2,Naive/resting T cells,Non-cytotoxic T cells,True
pbmc4k_ATGAGGGTCAAACCGT-1,PBMC4k,Donor 2,Activated/transitional T cells,Non-cytotoxic T cells,True
pbmc4k_ATGAGGGTCCCAAGTA-1,PBMC4k,Donor 2,IL7R+ memory/helper T cells,Non-cytotoxic T cells,True
pbmc4k_ATGAGGGTCGTCGTTC-1,PBMC4k,Donor 2,B cells,B cells,True
pbmc4k_ATGCGATAGCTAGTGG-1,PBMC4k,Donor 2,NK cells,NK cells,True
pbmc4k_ATGCGATAGGCGATAC-1,PBMC4k,Donor 2,Activated/transitional T cells,Non-cytotoxic T cells,True
pbmc4k_ATGCGATAGGCTAGCA-1,PBMC4k,Donor 2,Activated/transitional T cells,Non-cytotoxic T cells,True
pbmc4k_ATGCGATGTACATGTC-1,PBMC4k,Donor 2,NK cells,NK cells,True
pbmc4k_ATGCGATTCAGGATCT-1,PBMC4k,Donor 2,B cells,B cells,True
pbmc4k_ATGGGAGAGCACACAG-1,PBMC4k,Donor 2,Activated/transitional T cells,Non-cytotoxic T cells,True
pbmc4k_ATGGGAGAGTCCCACG-1,PBMC4k,Donor 2,Classical monocytes,Classical monocytes,True
pbmc4k_ATGGGAGCAGTACACT-1,PBMC4k,Donor 2,IL7R+ memory/helper T cells,Non-cytotoxic T cells,True
pbmc4k_ATGGGAGCATCAGTCA-1,PBMC4k,Donor 2,B cells,B cells,True
pbmc4k_ATGGGAGGTAAACCTC-1,PBMC4k,Donor 2,Cytotoxic CD8 T cells,Cytotoxic T cells,True
pbmc4k_ATGGGAGGTAGCGTGA-1,PBMC4k,Donor 2,Cytotoxic CD8 T cells,Cytotoxic T cells,True
pbmc4k_ATGGGAGGTCTTGATG-1,PBMC4k,Donor 2,IL7R+ memory/helper T cells,Non-cytotoxic T cells,True
pbmc4k_ATGGGAGTCAACTCTT-1,PBMC4k,Donor 2,B cells,B cells,True
pbmc4k_ATGGGAGTCGACAGCC-1,PBMC4k,Donor 2,Activated/transitional T cells,Non-cytotoxic T cells,True
pbmc4k_ATGTGTGAGAGGGATA-1,PBMC4k,Donor 2,Activated/transitional T cells,Non-cytotoxic T cells,True
pbmc4k_ATGTGTGAGAGTCTGG-1,PBMC4k,Donor 2,B cells,B cells,True
pbmc4k_ATGTGTGAGCACCGTC-1,PBMC4k,Donor 2,Classical monocytes,Classical monocytes,True
pbmc4k_ATGTGTGAGCCCTAAT-1,PBMC4k,Donor 2,Naive/resting T cells,Non-cytotoxic T cells,True
pbmc4k_ATGTGTGAGGGCATGT-1,PBMC4k,Donor 2,CD16+ non-classical monocytes,CD16+ non-classical monocytes,True
pbmc4k_ATGTGTGCATGCAACT-1,PBMC4k,Donor 2,B cells,B cells,True
pbmc4k_ATGTGTGGTCCCTACT-1,PBMC4k,Donor 2,Classical monocytes,Classical monocytes,True
pbmc4k_ATGTGTGGTCTTCAAG-1,PBMC4k,Donor 2,Naive/resting T cells,Non-cytotoxic T cells,True
pbmc4k_ATGTGTGGTGCACTTA-1,PBMC4k,Donor 2,B cells,B cells,True
pbmc4k_ATGTGTGTCAGGTAAA-1,PBMC4k,Donor 2,Activated/transitional T cells,Non-cytotoxic T cells,True
pbmc4k_ATGTGTGTCTCTGCTG-1,PBMC4k,Donor 2,B cells,B cells,True
pbmc4k_ATTACTCAGAGGGATA-1,PBMC4k,Donor 2,B cells,B cells,True
pbmc4k_ATTACTCAGCCACGCT-1,PBMC4k,Donor 2,Classical monocytes,Classical monocytes,True
pbmc4k_ATTACTCAGTGATCGG-1,PBMC4k,Donor 2,B cells,B cells,True
pbmc4k_ATTACTCCACAAGTAA-1,PBMC4k,Donor 2,Activated/transitional T cells,Non-cytotoxic T cells,True
pbmc4k_ATTACTCGTACTCAAC-1,PBMC4k,Donor 2,B cells,B cells,True
pbmc4k_ATTACTCGTGAACCTT-1,PBMC4k,Donor 2,IL7R+ memory/helper T cells,Non-cytotoxic T cells,True
pbmc4k_ATTACTCTCGGCCGAT-1,PBMC4k,Donor 2,Classical monocytes,Classical monocytes,True
pbmc4k_ATTATCCAGAGGGCTT-1,PBMC4k,Donor 2,Activated/transitional T cells,Non-cytotoxic T cells,True
pbmc4k_ATTATCCAGGGTCTCC-1,PBMC4k,Donor 2,B cells,B cells,True
pbmc4k_ATTATCCCAATAGCAA-1,PBMC4k,Donor 2,Activated/transitional T cells,Non-cytotoxic T cells,True
pbmc4k_ATTATCCCAGTATAAG-1,PBMC4k,Donor 2,Activated/transitional T cells,Non-cytotoxic T cells,True
pbmc4k_ATTATCCGTAAATGAC-1,PBMC4k,Donor 2,Activated/transitional T cells,Non-cytotoxic T cells,True
pbmc4k_ATTATCCGTCTCTCGT-1,PBMC4k,Donor 2,Cytotoxic CD8 T cells,Cytotoxic T cells,True
pbmc4k_ATTATCCTCGGATGTT-1,PBMC4k,Donor 2,Cytotoxic CD8 T cells,Cytotoxic T cells,True
pbmc4k_ATTCTACCAAGTAGTA-1,PBMC4k,Donor 2,B cells,B cells,True
pbmc4k_ATTCTACGTCGAGTTT-1,PBMC4k,Donor 2,Cytotoxic CD8 T cells,Cytotoxic T cells,True
pbmc4k_ATTCTACGTTCGCGAC-1,PBMC4k,Donor 2,Classical monocytes,Classical monocytes,True
pbmc4k_ATTCTACTCATCGCTC-1,PBMC4k,Donor 2,IL7R+ memory/helper T cells,Non-cytotoxic T cells,True
pbmc4k_ATTGGACAGAGTACAT-1,PBMC4k,Donor 2,IL7R+ memory/helper T cells,Non-cytotoxic T cells,True
pbmc4k_ATTGGACAGCACCGTC-1,PBMC4k,Donor 2,Cytotoxic CD8 T cells,Cytotoxic T cells,True
pbmc4k_ATTGGACAGCGTTCCG-1,PBMC4k,Donor 2,B cells,B cells,True
pbmc4k_ATTGGACAGTACGTAA-1,PBMC4k,Donor 2,Classical monocytes,Classical monocytes,True
pbmc4k_ATTGGACAGTGACATA-1,PBMC4k,Donor 2,IL7R+ memory/helper T cells,Non-cytotoxic T cells,True
pbmc4k_ATTGGACCAGAAGCAC-1,PBMC4k,Donor 2,B cells,B cells,True
pbmc4k_ATTGGACCATCGGGTC-1,PBMC4k,Donor 2,Classical monocytes,Classical monocytes,True
pbmc4k_ATTGGACGTCGACTAT-1,PBMC4k,Donor 2,Activated/transitional T cells,Non-cytotoxic T cells,True
pbmc4k_ATTGGACGTCTGCGGT-1,PBMC4k,Donor 2,Cytotoxic CD8 T cells,Cytotoxic T cells,True
pbmc4k_ATTGGACGTCTTCGTC-1,PBMC4k,Donor 2,Classical monocytes,Classical monocytes,True
pbmc4k_ATTGGACGTTCACGGC-1,PBMC4k,Donor 2,Cytotoxic CD8 T cells,Cytotoxic T cells,True
pbmc4k_ATTGGACTCCTCATTA-1,PBMC4k,Donor 2,Classical monocytes,Classical monocytes,True
pbmc4k_ATTGGACTCCTGTACC-1,PBMC4k,Donor 2,NK cells,NK cells,True
pbmc4k_ATTGGACTCGAATGCT-1,PBMC4k,Donor 2,Activated/transitional T cells,Non-cytotoxic T cells,True
pbmc4k_ATTGGACTCTTCAACT-1,PBMC4k,Donor 2,Classical monocytes,Classical monocytes,True
pbmc4k_ATTGGACTCTTGTACT-1,PBMC4k,Donor 2,B cells,B cells,True
pbmc4k_ATTGGTGAGGAATTAC-1,PBMC4k,Donor 2,Naive/resting T cells,Non-cytotoxic T cells,True
pbmc4k_ATTGGTGCATCAGTAC-1,PBMC4k,Donor 2,B cells,B cells,True
pbmc4k_ATTGGTGGTCCGTCAG-1,PBMC4k,Donor 2,Classical monocytes,Classical monocytes,True
pbmc4k_ATTGGTGGTCGCTTTC-1,PBMC4k,Donor 2,Activated/transitional T cells,Non-cytotoxic T cells,True
pbmc4k_ATTGGTGGTCTTGTCC-1,PBMC4k,Donor 2,Classical monocytes,Classical monocytes,True
pbmc4k_ATTGGTGGTTACGACT-1,PBMC4k,Donor 2,Activated/transitional T cells,Non-cytotoxic T cells,True
pbmc4k_ATTGGTGTCGTTGACA-1,PBMC4k,Donor 2,Classical monocytes,Classical monocytes,True
pbmc4k_ATTTCTGAGTCATGCT-1,PBMC4k,Donor 2,Activated/transitional T cells,Non-cytotoxic T cells,True
pbmc4k_ATTTCTGCAAGAGTCG-1,PBMC4k,Donor 2,Cytotoxic CD8 T cells,Cytotoxic T cells,True
pbmc4k_ATTTCTGGTGACAAAT-1,PBMC4k,Donor 2,Naive/resting T cells,Non-cytotoxic T cells,True
pbmc4k_ATTTCTGTCACCTTAT-1,PBMC4k,Donor 2,B cells,B cells,True
pbmc4k_ATTTCTGTCTGGGCCA-1,PBMC4k,Donor 2,Classical monocytes,Classical monocytes,True
pbmc4k_CAACCAAAGCGTAGTG-1,PBMC4k,Donor 2,Classical monocytes,Classical monocytes,True
pbmc4k_CAACCAAAGTTACGGG-1,PBMC4k,Donor 2,NK cells,NK cells,True
pbmc4k_CAACCAACACAGACAG-1,PBMC4k,Donor 2,CD16+ non-classical monocytes,CD16+ non-classical monocytes,True
pbmc4k_CAACCAACAGGGTTAG-1,PBMC4k,Donor 2,CD16+ non-classical monocytes,CD16+ non-classical monocytes,True
pbmc4k_CAACCAACATTCACTT-1,PBMC4k,Donor 2,B cells,B cells,True
pbmc4k_CAACCAAGTAAGAGGA-1,PBMC4k,Donor 2,Classical monocytes,Classical monocytes,True
pbmc4k_CAACCAATCTCGCATC-1,PBMC4k,Donor 2,Activated/transitional T cells,Non-cytotoxic T cells,True
pbmc4k_CAACCTCAGATAGGAG-1,PBMC4k,Donor 2,Classical monocytes,Classical monocytes,True
pbmc4k_CAACCTCGTAGGCATG-1,PBMC4k,Donor 2,IL7R+ memory/helper T cells,Non-cytotoxic T cells,True
pbmc4k_CAACCTCTCAACACGT-1,PBMC4k,Donor 2,NK cells,NK cells,True
pbmc4k_CAACCTCTCTGCTGTC-1,PBMC4k,Donor 2,Cytotoxic CD8 T cells,Cytotoxic T cells,True
pbmc4k_CAACTAGAGGTGCAAC-1,PBMC4k,Donor 2,Cytotoxic CD8 T cells,Cytotoxic T cells,True
pbmc4k_CAACTAGAGTGTGAAT-1,PBMC4k,Donor 2,Cytotoxic CD8 T cells,Cytotoxic T cells,True
pbmc4k_CAACTAGCAACTGCGC-1,PBMC4k,Donor 2,Activated/transitional T cells,Non-cytotoxic T cells,True
pbmc4k_CAACTAGCACACCGAC-1,PBMC4k,Donor 2,Classical monocytes,Classical monocytes,True
pbmc4k_CAACTAGGTAGCTTGT-1,PBMC4k,Donor 2,Activated/transitional T cells,Non-cytotoxic T cells,True
pbmc4k_CAACTAGGTGCACTTA-1,PBMC4k,Donor 2,Classical monocytes,Classical monocytes,True
pbmc4k_CAACTAGGTTAAAGTG-1,PBMC4k,Donor 2,Activated/transitional T cells,Non-cytotoxic T cells,True
pbmc4k_CAACTAGTCAGCATGT-1,PBMC4k,Donor 2,B cells,B cells,True
pbmc4k_CAACTAGTCAGTTAGC-1,PBMC4k,Donor 2,IL7R+ memory/helper T cells,Non-cytotoxic T cells,True
pbmc4k_CAACTAGTCCTCTAGC-1,PBMC4k,Donor 2,Activated/transitional T cells,Non-cytotoxic T cells,True
pbmc4k_CAAGAAAAGACTAGAT-1,PBMC4k,Donor 2,Classical monocytes,Classical monocytes,True
pbmc4k_CAAGAAAAGCTGCGAA-1,PBMC4k,Donor 2,Activated/transitional T cells,Non-cytotoxic T cells,True
pbmc4k_CAAGAAAAGGCTAGGT-1,PBMC4k,Donor 2,Naive/resting T cells,Non-cytotoxic T cells,True
pbmc4k_CAAGAAACACAGTCGC-1,PBMC4k,Donor 2,Dendritic cells,,False
pbmc4k_CAAGAAACACGTCTCT-1,PBMC4k,Donor 2,Cytotoxic CD8 T cells,Cytotoxic T cells,True
pbmc4k_CAAGAAACAGCTATTG-1,PBMC4k,Donor 2,B cells,B cells,True
pbmc4k_CAAGAAACAGTCGATT-1,PBMC4k,Donor 2,NK cells,NK cells,True
pbmc4k_CAAGAAATCCAGAAGG-1,PBMC4k,Donor 2,IL7R+ memory/helper T cells,Non-cytotoxic T cells,True
pbmc4k_CAAGAAATCCGCTGTT-1,PBMC4k,Donor 2,Activated/transitional T cells,Non-cytotoxic T cells,True
pbmc4k_CAAGAAATCTCTAAGG-1,PBMC4k,Donor 2,Classical monocytes,Classical monocytes,True
pbmc4k_CAAGATCAGATACACA-1,PBMC4k,Donor 2,B cells,B cells,True
pbmc4k_CAAGATCCACATAACC-1,PBMC4k,Donor 2,Cytotoxic CD8 T cells,Cytotoxic T cells,True
pbmc4k_CAAGATCCAGCTTCGG-1,PBMC4k,Donor 2,Cytotoxic CD8 T cells,Cytotoxic T cells,True
pbmc4k_CAAGATCCATGGATGG-1,PBMC4k,Donor 2,Classical monocytes,Classical monocytes,True
pbmc4k_CAAGATCGTAAATGTG-1,PBMC4k,Donor 2,Classical monocytes,Classical monocytes,True
pbmc4k_CAAGATCGTCGAACAG-1,PBMC4k,Donor 2,IL7R+ memory/helper T cells,Non-cytotoxic T cells,True
pbmc4k_CAAGATCGTCGCATAT-1,PBMC4k,Donor 2,Classical monocytes,Classical monocytes,True
pbmc4k_CAAGATCTCACCTCGT-1,PBMC4k,Donor 2,Activated/transitional T cells,Non-cytotoxic T cells,True
pbmc4k_CAAGATCTCATCGGAT-1,PBMC4k,Donor 2,Classical monocytes,Classical monocytes,True
pbmc4k_CAAGGCCAGACGACGT-1,PBMC4k,Donor 2,Activated/transitional T cells,Non-cytotoxic T cells,True
pbmc4k_CAAGGCCAGAGCTATA-1,PBMC4k,Donor 2,Classical monocytes,Classical monocytes,True
pbmc4k_CAAGGCCAGCGATAGC-1,PBMC4k,Donor 2,IL7R+ memory/helper T cells,Non-cytotoxic T cells,True
pbmc4k_CAAGGCCAGCGTTCCG-1,PBMC4k,Donor 2,Classical monocytes,Classical monocytes,True
pbmc4k_CAAGGCCCAGGGATTG-1,PBMC4k,Donor 2,IL7R+ memory/helper T cells,Non-cytotoxic T cells,True
pbmc4k_CAAGGCCGTATCAGTC-1,PBMC4k,Donor 2,Cytotoxic CD8 T cells,Cytotoxic T cells,True
pbmc4k_CAAGGCCGTCGCATAT-1,PBMC4k,Donor 2,Activated/transitional T cells,Non-cytotoxic T cells,True
pbmc4k_CAAGGCCGTCGCTTTC-1,PBMC4k,Donor 2,Activated/transitional T cells,Non-cytotoxic T cells,True
pbmc4k_CAAGGCCGTGAACCTT-1,PBMC4k,Donor 2,Dendritic cells,,False
pbmc4k_CAAGGCCTCCGTAGGC-1,PBMC4k,Donor 2,Classical monocytes,Classical monocytes,True
pbmc4k_CAAGGCCTCTCGCTTG-1,PBMC4k,Donor 2,NK cells,NK cells,True
pbmc4k_CAAGTTGCAAGCGAGT-1,PBMC4k,Donor 2,Cytotoxic CD8 T cells,Cytotoxic T cells,True
pbmc4k_CAAGTTGCAATCTGCA-1,PBMC4k,Donor 2,Activated/transitional T cells,Non-cytotoxic T cells,True
pbmc4k_CAAGTTGCATACTCTT-1,PBMC4k,Donor 2,Activated/transitional T cells,Non-cytotoxic T cells,True
pbmc4k_CAAGTTGCATCAGTCA-1,PBMC4k,Donor 2,IL7R+ memory/helper T cells,Non-cytotoxic T cells,True
pbmc4k_CAAGTTGGTCAGATAA-1,PBMC4k,Donor 2,Activated/transitional T cells,Non-cytotoxic T cells,True
pbmc4k_CAAGTTGGTTCTGAAC-1,PBMC4k,Donor 2,IL7R+ memory/helper T cells,Non-cytotoxic T cells,True
pbmc4k_CAAGTTGTCACGCATA-1,PBMC4k,Donor 2,B cells,B cells,True
pbmc4k_CAAGTTGTCCGCGTTT-1,PBMC4k,Donor 2,CD16+ non-classical monocytes,CD16+ non-classical monocytes,True
pbmc4k_CAAGTTGTCTATGTGG-1,PBMC4k,Donor 2,IL7R+ memory/helper T cells,Non-cytotoxic T cells,True
pbmc4k_CAAGTTGTCTGCTTGC-1,PBMC4k,Donor 2,Activated/transitional T cells,Non-cytotoxic T cells,True
pbmc4k_CACAAACAGCCAGGAT-1,PBMC4k,Donor 2,Cytotoxic CD8 T cells,Cytotoxic T cells,True
pbmc4k_CACAAACAGTGTGGCA-1,PBMC4k,Donor 2,Cytotoxic CD8 T cells,Cytotoxic T cells,True
pbmc4k_CACAAACGTAGATTAG-1,PBMC4k,Donor 2,Classical monocytes,Classical monocytes,True
pbmc4k_CACAAACGTCAAAGAT-1,PBMC4k,Donor 2,NK cells,NK cells,True
pbmc4k_CACAAACTCCGCATAA-1,PBMC4k,Donor 2,Activated/transitional T cells,Non-cytotoxic T cells,True
pbmc4k_CACAAACTCCGTAGGC-1,PBMC4k,Donor 2,Activated/transitional T cells,Non-cytotoxic T cells,True
pbmc4k_CACAAACTCGGTGTTA-1,PBMC4k,Donor 2,IL7R+ memory/helper T cells,Non-cytotoxic T cells,True
pbmc4k_CACACAAAGCAAATCA-1,PBMC4k,Donor 2,Cytotoxic CD8 T cells,Cytotoxic T cells,True
pbmc4k_CACACAAAGCGTAGTG-1,PBMC4k,Donor 2,Naive/resting T cells,Non-cytotoxic T cells,True
pbmc4k_CACACAAAGTGAATTG-1,PBMC4k,Donor 2,CD16+ non-classical monocytes,CD16+ non-classical monocytes,True
pbmc4k_CACACAAAGTTATCGC-1,PBMC4k,Donor 2,Naive/resting T cells,Non-cytotoxic T cells,True
pbmc4k_CACACAACAGCTCCGA-1,PBMC4k,Donor 2,IL7R+ memory/helper T cells,Non-cytotoxic T cells,True
pbmc4k_CACACAACAGTCTTCC-1,PBMC4k,Donor 2,Activated/transitional T cells,Non-cytotoxic T cells,True
pbmc4k_CACACAAGTACATGTC-1,PBMC4k,Donor 2,Activated/transitional T cells,Non-cytotoxic T cells,True
pbmc4k_CACACAAGTGAGTGAC-1,PBMC4k,Donor 2,Classical monocytes,Classical monocytes,True
pbmc4k_CACACAAGTTCAGCGC-1,PBMC4k,Donor 2,Activated/transitional T cells,Non-cytotoxic T cells,True
pbmc4k_CACACAATCAATAAGG-1,PBMC4k,Donor 2,Activated/transitional T cells,Non-cytotoxic T cells,True
pbmc4k_CACACAATCCTGTACC-1,PBMC4k,Donor 2,Classical monocytes,Classical monocytes,True
pbmc4k_CACACCTAGATCTGAA-1,PBMC4k,Donor 2,Activated/transitional T cells,Non-cytotoxic T cells,True
pbmc4k_CACACCTCAGACGTAG-1,PBMC4k,Donor 2,B cells,B cells,True
pbmc4k_CACACCTGTATCGCAT-1,PBMC4k,Donor 2,Activated/transitional T cells,Non-cytotoxic T cells,True
pbmc4k_CACACCTGTGCCTGGT-1,PBMC4k,Donor 2,IL7R+ memory/helper T cells,Non-cytotoxic T cells,True
pbmc4k_CACACCTGTTAGAACA-1,PBMC4k,Donor 2,NK cells,NK cells,True
pbmc4k_CACACCTTCGAATCCA-1,PBMC4k,Donor 2,Classical monocytes,Classical monocytes,True
pbmc4k_CACACCTTCGGTCTAA-1,PBMC4k,Donor 2,IL7R+ memory/helper T cells,Non-cytotoxic T cells,True
pbmc4k_CACACTCAGAAGAAGC-1,PBMC4k,Donor 2,Cytotoxic CD8 T cells,Cytotoxic T cells,True
pbmc4k_CACACTCCAATACGCT-1,PBMC4k,Donor 2,B cells,B cells,True
pbmc4k_CACACTCCACCCATGG-1,PBMC4k,Donor 2,Naive/resting T cells,Non-cytotoxic T cells,True
pbmc4k_CACACTCCAGACAAGC-1,PBMC4k,Donor 2,IL7R+ memory/helper T cells,Non-cytotoxic T cells,True
pbmc4k_CACACTCCAGTAACGG-1,PBMC4k,Donor 2,B cells,B cells,True
pbmc4k_CACACTCGTACAGTTC-1,PBMC4k,Donor 2,B cells,B cells,True
pbmc4k_CACACTCGTACGACCC-1,PBMC4k,Donor 2,Cytotoxic CD8 T cells,Cytotoxic T cells,True
pbmc4k_CACAGGCAGAAACCGC-1,PBMC4k,Donor 2,CD16+ non-classical monocytes,CD16+ non-classical monocytes,True
pbmc4k_CACAGGCAGCTCAACT-1,PBMC4k,Donor 2,Naive/resting T cells,Non-cytotoxic T cells,True
pbmc4k_CACAGGCAGTGGCACA-1,PBMC4k,Donor 2,Classical monocytes,Classical monocytes,True
pbmc4k_CACAGGCCAAGCGCTC-1,PBMC4k,Donor 2,Classical monocytes,Classical monocytes,True
pbmc4k_CACAGGCGTGGTACAG-1,PBMC4k,Donor 2,Classical monocytes,Classical monocytes,True
pbmc4k_CACAGGCTCAATACCG-1,PBMC4k,Donor 2,Classical monocytes,Classical monocytes,True
pbmc4k_CACAGGCTCACGGTTA-1,PBMC4k,Donor 2,Cytotoxic CD8 T cells,Cytotoxic T cells,True
pbmc4k_CACAGTAAGAGGTTAT-1,PBMC4k,Donor 2,Activated/transitional T cells,Non-cytotoxic T cells,True
pbmc4k_CACAGTAAGGATCGCA-1,PBMC4k,Donor 2,B cells,B cells,True
pbmc4k_CACAGTACATACGCTA-1,PBMC4k,Donor 2,Activated/transitional T cells,Non-cytotoxic T cells,True
pbmc4k_CACAGTAGTATCACCA-1,PBMC4k,Donor 2,Activated/transitional T cells,Non-cytotoxic T cells,True
pbmc4k_CACAGTAGTCTGCCAG-1,PBMC4k,Donor 2,Classical monocytes,Classical monocytes,True
pbmc4k_CACAGTAGTCTGGTCG-1,PBMC4k,Donor 2,B cells,B cells,True
pbmc4k_CACAGTAGTTCGTCTC-1,PBMC4k,Donor 2,Activated/transitional T cells,Non-cytotoxic T cells,True
pbmc4k_CACAGTATCTCTTGAT-1,PBMC4k,Donor 2,IL7R+ memory/helper T cells,Non-cytotoxic T cells,True
pbmc4k_CACATAGAGACACTAA-1,PBMC4k,Donor 2,IL7R+ memory/helper T cells,Non-cytotoxic T cells,True
pbmc4k_CACATAGCAAGACGTG-1,PBMC4k,Donor 2,Naive/resting T cells,Non-cytotoxic T cells,True
pbmc4k_CACATAGCAAGGACTG-1,PBMC4k,Donor 2,Cytotoxic CD8 T cells,Cytotoxic T cells,True
pbmc4k_CACATAGCACCTGGTG-1,PBMC4k,Donor 2,Activated/transitional T cells,Non-cytotoxic T cells,True
pbmc4k_CACATAGCATAGAAAC-1,PBMC4k,Donor 2,CD16+ non-classical monocytes,CD16+ non-classical monocytes,True
pbmc4k_CACATAGCATGAACCT-1,PBMC4k,Donor 2,Classical monocytes,Classical monocytes,True
pbmc4k_CACATAGGTCATCGGC-1,PBMC4k,Donor 2,Activated/transitional T cells,Non-cytotoxic T cells,True
pbmc4k_CACATAGGTGAAGGCT-1,PBMC4k,Donor 2,Activated/transitional T cells,Non-cytotoxic T cells,True
pbmc4k_CACATAGGTGCGCTTG-1,PBMC4k,Donor 2,Naive/resting T cells,Non-cytotoxic T cells,True
pbmc4k_CACATAGGTTTGGGCC-1,PBMC4k,Donor 2,Classical monocytes,Classical monocytes,True
pbmc4k_CACATAGTCTCGCATC-1,PBMC4k,Donor 2,Classical monocytes,Classical monocytes,True
pbmc4k_CACATTTCAACACCTA-1,PBMC4k,Donor 2,Classical monocytes,Classical monocytes,True
pbmc4k_CACATTTCAGCTTAAC-1,PBMC4k,Donor 2,Activated/transitional T cells,Non-cytotoxic T cells,True
pbmc4k_CACATTTCATCACCCT-1,PBMC4k,Donor 2,Classical monocytes,Classical monocytes,True
pbmc4k_CACATTTGTACCGTAT-1,PBMC4k,Donor 2,Cytotoxic CD8 T cells,Cytotoxic T cells,True
pbmc4k_CACATTTGTAGCTCCG-1,PBMC4k,Donor 2,IL7R+ memory/helper T cells,Non-cytotoxic T cells,True
pbmc4k_CACATTTTCAAGGCTT-1,PBMC4k,Donor 2,Activated/transitional T cells,Non-cytotoxic T cells,True
pbmc4k_CACATTTTCCAAACAC-1,PBMC4k,Donor 2,B cells,B cells,True
pbmc4k_CACATTTTCCACGTGG-1,PBMC4k,Donor 2,Cytotoxic CD8 T cells,Cytotoxic T cells,True
pbmc4k_CACATTTTCCGTTGCT-1,PBMC4k,Donor 2,Activated/transitional T cells,Non-cytotoxic T cells,True
pbmc4k_CACCACTCACGTTGGC-1,PBMC4k,Donor 2,B cells,B cells,True
pbmc4k_CACCACTGTTCAGCGC-1,PBMC4k,Donor 2,Classical monocytes,Classical monocytes,True
pbmc4k_CACCACTTCACAGGCC-1,PBMC4k,Donor 2,Activated/transitional T cells,Non-cytotoxic T cells,True
pbmc4k_CACCACTTCCGATATG-1,PBMC4k,Donor 2,Activated/transitional T cells,Non-cytotoxic T cells,True
pbmc4k_CACCACTTCTGCAAGT-1,PBMC4k,Donor 2,B cells,B cells,True
pbmc4k_CACCAGGCATGGATGG-1,PBMC4k,Donor 2,B cells,B cells,True
pbmc4k_CACCAGGGTATTCTCT-1,PBMC4k,Donor 2,Dendritic cells,,False
pbmc4k_CACCAGGGTGACAAAT-1,PBMC4k,Donor 2,Naive/resting T cells,Non-cytotoxic T cells,True
pbmc4k_CACCAGGTCAAGAAGT-1,PBMC4k,Donor 2,Activated/transitional T cells,Non-cytotoxic T cells,True
pbmc4k_CACCAGGTCGAGGTAG-1,PBMC4k,Donor 2,Activated/transitional T cells,Non-cytotoxic T cells,True
pbmc4k_CACCAGGTCGGACAAG-1,PBMC4k,Donor 2,Cytotoxic CD8 T cells,Cytotoxic T cells,True
pbmc4k_CACCAGGTCTTCGAGA-1,PBMC4k,Donor 2,Activated/transitional T cells,Non-cytotoxic T cells,True
pbmc4k_CACCTTGAGCAGATCG-1,PBMC4k,Donor 2,Activated/transitional T cells,Non-cytotoxic T cells,True
pbmc4k_CACCTTGCAACTGGCC-1,PBMC4k,Donor 2,B cells,B cells,True
pbmc4k_CACCTTGCAATGAATG-1,PBMC4k,Donor 2,Activated/transitional T cells,Non-cytotoxic T cells,True
pbmc4k_CACCTTGCACAGCCCA-1,PBMC4k,Donor 2,Classical monocytes,Classical monocytes,True
pbmc4k_CACCTTGGTATTCGTG-1,PBMC4k,Donor 2,Activated/transitional T cells,Non-cytotoxic T cells,True
pbmc4k_CACCTTGGTCGAACAG-1,PBMC4k,Donor 2,Classical monocytes,Classical monocytes,True
pbmc4k_CACCTTGGTGGTCCGT-1,PBMC4k,Donor 2,Activated/transitional T cells,Non-cytotoxic T cells,True
pbmc4k_CACCTTGTCGTGGTCG-1,PBMC4k,Donor 2,Activated/transitional T cells,Non-cytotoxic T cells,True
pbmc4k_CACCTTGTCTCCTATA-1,PBMC4k,Donor 2,B cells,B cells,True
pbmc4k_CACTCCAAGAACAATC-1,PBMC4k,Donor 2,IL7R+ memory/helper T cells,Non-cytotoxic T cells,True
pbmc4k_CACTCCACAGTGAGTG-1,PBMC4k,Donor 2,B cells,B cells,True
pbmc4k_CACTCCAGTAACGCGA-1,PBMC4k,Donor 2,Activated/transitional T cells,Non-cytotoxic T cells,True
pbmc4k_CACTCCAGTCTCGTTC-1,PBMC4k,Donor 2,B cells,B cells,True
pbmc4k_CACTCCATCGGCCGAT-1,PBMC4k,Donor 2,Naive/resting T cells,Non-cytotoxic T cells,True
pbmc4k_CACTCCATCGTGACAT-1,PBMC4k,Donor 2,Activated/transitional T cells,Non-cytotoxic T cells,True
pbmc4k_CAGAATCAGAGACTAT-1,PBMC4k,Donor 2,Activated/transitional T cells,Non-cytotoxic T cells,True
pbmc4k_CAGAATCAGATGTGGC-1,PBMC4k,Donor 2,Cytotoxic CD8 T cells,Cytotoxic T cells,True
pbmc4k_CAGAATCAGCGACGTA-1,PBMC4k,Donor 2,Classical monocytes,Classical monocytes,True
pbmc4k_CAGAATCCAATGAAAC-1,PBMC4k,Donor 2,B cells,B cells,True
pbmc4k_CAGAATCCATCTCGCT-1,PBMC4k,Donor 2,B cells,B cells,True
pbmc4k_CAGAATCCATTAGGCT-1,PBMC4k,Donor 2,IL7R+ memory/helper T cells,Non-cytotoxic T cells,True
pbmc4k_CAGAATCCATTGAGCT-1,PBMC4k,Donor 2,NK cells,NK cells,True
pbmc4k_CAGAATCGTAATTGGA-1,PBMC4k,Donor 2,Cytotoxic CD8 T cells,Cytotoxic T cells,True
pbmc4k_CAGAATCGTCTAGAGG-1,PBMC4k,Donor 2,Cytotoxic CD8 T cells,Cytotoxic T cells,True
pbmc4k_CAGAATCTCCAACCAA-1,PBMC4k,Donor 2,Activated/transitional T cells,Non-cytotoxic T cells,True
pbmc4k_CAGAATCTCTCTGAGA-1,PBMC4k,Donor 2,B cells,B cells,True
pbmc4k_CAGAGAGAGAGTTGGC-1,PBMC4k,Donor 2,Activated/transitional T cells,Non-cytotoxic T cells,True
pbmc4k_CAGAGAGAGCTAAACA-1,PBMC4k,Donor 2,NK cells,NK cells,True
pbmc4k_CAGAGAGAGGTCGGAT-1,PBMC4k,Donor 2,Activated/transitional T cells,Non-cytotoxic T cells,True
pbmc4k_CAGAGAGAGTCCATAC-1,PBMC4k,Donor 2,NK cells,NK cells,True
pbmc4k_CAGAGAGAGTGCCAGA-1,PBMC4k,Donor 2,Classical monocytes,Classical monocytes,True
pbmc4k_CAGAGAGAGTTATCGC-1,PBMC4k,Donor 2,Cytotoxic CD8 T cells,Cytotoxic T cells,True
pbmc4k_CAGAGAGCACATGGGA-1,PBMC4k,Donor 2,B cells,B cells,True
pbmc4k_CAGAGAGCAGTAGAGC-1,PBMC4k,Donor 2,B cells,B cells,True
pbmc4k_CAGAGAGCAGTGGAGT-1,PBMC4k,Donor 2,Activated/transitional T cells,Non-cytotoxic T cells,True
pbmc4k_CAGAGAGGTAAACCTC-1,PBMC4k,Donor 2,IL7R+ memory/helper T cells,Non-cytotoxic T cells,True
pbmc4k_CAGAGAGGTGAGGGAG-1,PBMC4k,Donor 2,B cells,B cells,True
pbmc4k_CAGAGAGGTTCGTGAT-1,PBMC4k,Donor 2,Classical monocytes,Classical monocytes,True
pbmc4k_CAGAGAGTCGAATGCT-1,PBMC4k,Donor 2,Cytotoxic CD8 T cells,Cytotoxic T cells,True
pbmc4k_CAGAGAGTCGTCTGCT-1,PBMC4k,Donor 2,CD16+ non-classical monocytes,CD16+ non-classical monocytes,True
pbmc4k_CAGAGAGTCTCCTATA-1,PBMC4k,Donor 2,B cells,B cells,True
pbmc4k_CAGATCAAGCAATCTC-1,PBMC4k,Donor 2,IL7R+ memory/helper T cells,Non-cytotoxic T cells,True
pbmc4k_CAGATCAGTAAGTAGT-1,PBMC4k,Donor 2,Classical monocytes,Classical monocytes,True
pbmc4k_CAGATCATCACGCATA-1,PBMC4k,Donor 2,Activated/transitional T cells,Non-cytotoxic T cells,True
pbmc4k_CAGATCATCAGCACAT-1,PBMC4k,Donor 2,Activated/transitional T cells,Non-cytotoxic T cells,True
pbmc4k_CAGATCATCATTATCC-1,PBMC4k,Donor 2,Activated/transitional T cells,Non-cytotoxic T cells,True
pbmc4k_CAGATCATCTGATTCT-1,PBMC4k,Donor 2,Cytotoxic CD8 T cells,Cytotoxic T cells,True
pbmc4k_CAGATCATCTTGCAAG-1,PBMC4k,Donor 2,Activated/transitional T cells,Non-cytotoxic T cells,True
pbmc4k_CAGCAGCAGAAGAAGC-1,PBMC4k,Donor 2,B cells,B cells,True
pbmc4k_CAGCAGCAGAATCTCC-1,PBMC4k,Donor 2,B cells,B cells,True
pbmc4k_CAGCAGCAGAGTAAGG-1,PBMC4k,Donor 2,Naive/resting T cells,Non-cytotoxic T cells,True
pbmc4k_CAGCAGCAGATGCGAC-1,PBMC4k,Donor 2,IL7R+ memory/helper T cells,Non-cytotoxic T cells,True
pbmc4k_CAGCAGCAGGGTGTTG-1,PBMC4k,Donor 2,IL7R+ memory/helper T cells,Non-cytotoxic T cells,True
pbmc4k_CAGCAGCCATAACCTG-1,PBMC4k,Donor 2,IL7R+ memory/helper T cells,Non-cytotoxic T cells,True
pbmc4k_CAGCAGCCATGTCTCC-1,PBMC4k,Donor 2,Classical monocytes,Classical monocytes,True
pbmc4k_CAGCAGCGTATTCGTG-1,PBMC4k,Donor 2,Activated/transitional T cells,Non-cytotoxic T cells,True
pbmc4k_CAGCAGCGTCGGCTCA-1,PBMC4k,Donor 2,Cytotoxic CD8 T cells,Cytotoxic T cells,True
pbmc4k_CAGCAGCGTCTAGCCG-1,PBMC4k,Donor 2,Activated/transitional T cells,Non-cytotoxic T cells,True
pbmc4k_CAGCAGCGTTTACTCT-1,PBMC4k,Donor 2,CD16+ non-classical monocytes,CD16+ non-classical monocytes,True
pbmc4k_CAGCATAAGTACGTTC-1,PBMC4k,Donor 2,B cells,B cells,True
pbmc4k_CAGCATAAGTCAAGGC-1,PBMC4k,Donor 2,Activated/transitional T cells,Non-cytotoxic T cells,True
pbmc4k_CAGCATAAGTTGAGTA-1,PBMC4k,Donor 2,IL7R+ memory/helper T cells,Non-cytotoxic T cells,True
pbmc4k_CAGCATAGTTAGATGA-1,PBMC4k,Donor 2,B cells,B cells,True
pbmc4k_CAGCATATCATTGCGA-1,PBMC4k,Donor 2,B cells,B cells,True
pbmc4k_CAGCATATCCCTGACT-1,PBMC4k,Donor 2,B cells,B cells,True
pbmc4k_CAGCATATCGTTGCCT-1,PBMC4k,Donor 2,Cytotoxic CD8 T cells,Cytotoxic T cells,True
pbmc4k_CAGCCGAAGATCCCGC-1,PBMC4k,Donor 2,B cells,B cells,True
pbmc4k_CAGCCGAAGCGTAATA-1,PBMC4k,Donor 2,Classical monocytes,Classical monocytes,True
pbmc4k_CAGCCGAAGGTAGCTG-1,PBMC4k,Donor 2,Activated/transitional T cells,Non-cytotoxic T cells,True
pbmc4k_CAGCCGACACAGCGTC-1,PBMC4k,Donor 2,Cytotoxic CD8 T cells,Cytotoxic T cells,True
pbmc4k_CAGCCGACAGTCGATT-1,PBMC4k,Donor 2,B cells,B cells,True
pbmc4k_CAGCCGACATGCGCAC-1,PBMC4k,Donor 2,IL7R+ memory/helper T cells,Non-cytotoxic T cells,True
pbmc4k_CAGCCGATCAATACCG-1,PBMC4k,Donor 2,Activated/transitional T cells,Non-cytotoxic T cells,True
pbmc4k_CAGCCGATCGCATGAT-1,PBMC4k,Donor 2,Activated/transitional T cells,Non-cytotoxic T cells,True
pbmc4k_CAGCCGATCGCTTGTC-1,PBMC4k,Donor 2,Naive/resting T cells,Non-cytotoxic T cells,True
pbmc4k_CAGCCGATCTGTCTCG-1,PBMC4k,Donor 2,Activated/transitional T cells,Non-cytotoxic T cells,True
pbmc4k_CAGCGACAGAGTGACC-1,PBMC4k,Donor 2,Classical monocytes,Classical monocytes,True
pbmc4k_CAGCGACAGCATCATC-1,PBMC4k,Donor 2,Activated/transitional T cells,Non-cytotoxic T cells,True
pbmc4k_CAGCGACAGCTAGGCA-1,PBMC4k,Donor 2,IL7R+ memory/helper T cells,Non-cytotoxic T cells,True
pbmc4k_CAGCGACAGTGACTCT-1,PBMC4k,Donor 2,IL7R+ memory/helper T cells,Non-cytotoxic T cells,True
pbmc4k_CAGCGACCAAGCGAGT-1,PBMC4k,Donor 2,Classical monocytes,Classical monocytes,True
pbmc4k_CAGCGACCACACAGAG-1,PBMC4k,Donor 2,Activated/transitional T cells,Non-cytotoxic T cells,True
pbmc4k_CAGCGACCACCGTTGG-1,PBMC4k,Donor 2,Cytotoxic CD8 T cells,Cytotoxic T cells,True
pbmc4k_CAGCGACGTCTCCATC-1,PBMC4k,Donor 2,B cells,B cells,True
pbmc4k_CAGCGACGTGCCTTGG-1,PBMC4k,Donor 2,Activated/transitional T cells,Non-cytotoxic T cells,True
pbmc4k_CAGCGACGTGTGAAAT-1,PBMC4k,Donor 2,Activated/transitional T cells,Non-cytotoxic T cells,True
pbmc4k_CAGCGACGTGTGCCTG-1,PBMC4k,Donor 2,Classical monocytes,Classical monocytes,True
pbmc4k_CAGCGACGTTCTGGTA-1,PBMC4k,Donor 2,CD16+ non-classical monocytes,CD16+ non-classical monocytes,True
pbmc4k_CAGCGACGTTGTACAC-1,PBMC4k,Donor 2,B cells,B cells,True
pbmc4k_CAGCTAAAGATGCCTT-1,PBMC4k,Donor 2,IL7R+ memory/helper T cells,Non-cytotoxic T cells,True
pbmc4k_CAGCTAAAGCGCCTTG-1,PBMC4k,Donor 2,Naive/resting T cells,Non-cytotoxic T cells,True
pbmc4k_CAGCTAAAGGCTCATT-1,PBMC4k,Donor 2,Classical monocytes,Classical monocytes,True
pbmc4k_CAGCTAACAAACTGTC-1,PBMC4k,Donor 2,Activated/transitional T cells,Non-cytotoxic T cells,True
pbmc4k_CAGCTAAGTACTTCTT-1,PBMC4k,Donor 2,Classical monocytes,Classical monocytes,True
pbmc4k_CAGCTAAGTCCGACGT-1,PBMC4k,Donor 2,IL7R+ memory/helper T cells,Non-cytotoxic T cells,True
pbmc4k_CAGCTAAGTCTTGATG-1,PBMC4k,Donor 2,Classical monocytes,Classical monocytes,True
pbmc4k_CAGCTAAGTGCTAGCC-1,PBMC4k,Donor 2,B cells,B cells,True
pbmc4k_CAGCTAATCCTTAATC-1,PBMC4k,Donor 2,CD16+ non-classical monocytes,CD16+ non-classical monocytes,True
pbmc4k_CAGCTAATCGCTAGCG-1,PBMC4k,Donor 2,Activated/transitional T cells,Non-cytotoxic T cells,True
pbmc4k_CAGCTGGCAGCTGCAC-1,PBMC4k,Donor 2,Classical monocytes,Classical monocytes,True
pbmc4k_CAGCTGGCAGTCGATT-1,PBMC4k,Donor 2,Activated/transitional T cells,Non-cytotoxic T cells,True
pbmc4k_CAGCTGGCATTCACTT-1,PBMC4k,Donor 2,Naive/resting T cells,Non-cytotoxic T cells,True
pbmc4k_CAGCTGGGTAGTGAAT-1,PBMC4k,Donor 2,B cells,B cells,True
pbmc4k_CAGCTGGGTTGCGTTA-1,PBMC4k,Donor 2,Classical monocytes,Classical monocytes,True
pbmc4k_CAGCTGGTCGGCATCG-1,PBMC4k,Donor 2,NK cells,NK cells,True
pbmc4k_CAGCTGGTCTTCTGGC-1,PBMC4k,Donor 2,Classical monocytes,Classical monocytes,True
pbmc4k_CAGGTGCAGATCACGG-1,PBMC4k,Donor 2,Activated/transitional T cells,Non-cytotoxic T cells,True
pbmc4k_CAGGTGCAGGGTGTGT-1,PBMC4k,Donor 2,Naive/resting T cells,Non-cytotoxic T cells,True
pbmc4k_CAGGTGCCAAGCTGTT-1,PBMC4k,Donor 2,Activated/transitional T cells,Non-cytotoxic T cells,True
pbmc4k_CAGGTGCCACTGTGTA-1,PBMC4k,Donor 2,Activated/transitional T cells,Non-cytotoxic T cells,True
pbmc4k_CAGGTGCGTAAATGAC-1,PBMC4k,Donor 2,IL7R+ memory/helper T cells,Non-cytotoxic T cells,True
pbmc4k_CAGGTGCGTATTACCG-1,PBMC4k,Donor 2,Classical monocytes,Classical monocytes,True
pbmc4k_CAGGTGCGTCGACTAT-1,PBMC4k,Donor 2,Cytotoxic CD8 T cells,Cytotoxic T cells,True
pbmc4k_CAGGTGCGTGGTACAG-1,PBMC4k,Donor 2,Activated/transitional T cells,Non-cytotoxic T cells,True
pbmc4k_CAGGTGCGTGTGGCTC-1,PBMC4k,Donor 2,Cytotoxic CD8 T cells,Cytotoxic T cells,True
pbmc4k_CAGGTGCGTTATTCTC-1,PBMC4k,Donor 2,Classical monocytes,Classical monocytes,True
pbmc4k_CAGTAACAGAGCTGGT-1,PBMC4k,Donor 2,Activated/transitional T cells,Non-cytotoxic T cells,True
pbmc4k_CAGTAACAGCCAACAG-1,PBMC4k,Donor 2,Classical monocytes,Classical monocytes,True
pbmc4k_CAGTAACAGGCCATAG-1,PBMC4k,Donor 2,Cytotoxic CD8 T cells,Cytotoxic T cells,True
pbmc4k_CAGTAACCAAAGGCGT-1,PBMC4k,Donor 2,NK cells,NK cells,True
pbmc4k_CAGTAACCAATGGTCT-1,PBMC4k,Donor 2,NK cells,NK cells,True
pbmc4k_CAGTAACCATGCCACG-1,PBMC4k,Donor 2,Classical monocytes,Classical monocytes,True
pbmc4k_CAGTAACCATGCGCAC-1,PBMC4k,Donor 2,Classical monocytes,Classical monocytes,True
pbmc4k_CAGTAACGTACAGACG-1,PBMC4k,Donor 2,Classical monocytes,Classical monocytes,True
pbmc4k_CAGTAACTCAAAGTAG-1,PBMC4k,Donor 2,B cells,B cells,True
pbmc4k_CAGTAACTCAACACTG-1,PBMC4k,Donor 2,Naive/resting T cells,Non-cytotoxic T cells,True
pbmc4k_CAGTCCTAGATCCCAT-1,PBMC4k,Donor 2,Activated/transitional T cells,Non-cytotoxic T cells,True
pbmc4k_CAGTCCTAGCTAGCCC-1,PBMC4k,Donor 2,B cells,B cells,True
pbmc4k_CAGTCCTTCGGCGCAT-1,PBMC4k,Donor 2,CD16+ non-classical monocytes,CD16+ non-classical monocytes,True
pbmc4k_CAGTCCTTCTCACATT-1,PBMC4k,Donor 2,Activated/transitional T cells,Non-cytotoxic T cells,True
pbmc4k_CATATGGAGCGCCTCA-1,PBMC4k,Donor 2,Activated/transitional T cells,Non-cytotoxic T cells,True
pbmc4k_CATATGGAGCTCCTTC-1,PBMC4k,Donor 2,Classical monocytes,Classical monocytes,True
pbmc4k_CATATGGAGTACCGGA-1,PBMC4k,Donor 2,B cells,B cells,True
pbmc4k_CATATGGAGTAGCCGA-1,PBMC4k,Donor 2,Classical monocytes,Classical monocytes,True
pbmc4k_CATATGGAGTCGATAA-1,PBMC4k,Donor 2,Activated/transitional T cells,Non-cytotoxic T cells,True
pbmc4k_CATATGGCACAACGCC-1,PBMC4k,Donor 2,Activated/transitional T cells,Non-cytotoxic T cells,True
pbmc4k_CATATGGCACAGGAGT-1,PBMC4k,Donor 2,Cytotoxic CD8 T cells,Cytotoxic T cells,True
pbmc4k_CATATGGGTGGGTATG-1,PBMC4k,Donor 2,IL7R+ memory/helper T cells,Non-cytotoxic T cells,True
pbmc4k_CATATGGGTTCAACCA-1,PBMC4k,Donor 2,Classical monocytes,Classical monocytes,True
pbmc4k_CATATGGGTTTAAGCC-1,PBMC4k,Donor 2,NK cells,NK cells,True
pbmc4k_CATATGGTCAACGCTA-1,PBMC4k,Donor 2,CD16+ non-classical monocytes,CD16+ non-classical monocytes,True
pbmc4k_CATATTCAGTCTTGCA-1,PBMC4k,Donor 2,Classical monocytes,Classical monocytes,True
pbmc4k_CATATTCCAGGTTTCA-1,PBMC4k,Donor 2,B cells,B cells,True
pbmc4k_CATATTCGTATGAAAC-1,PBMC4k,Donor 2,Activated/transitional T cells,Non-cytotoxic T cells,True
pbmc4k_CATATTCGTCATGCCG-1,PBMC4k,Donor 2,B cells,B cells,True
pbmc4k_CATATTCGTGCCTTGG-1,PBMC4k,Donor 2,NK cells,NK cells,True
pbmc4k_CATATTCGTGCTTCTC-1,PBMC4k,Donor 2,Activated/transitional T cells,Non-cytotoxic T cells,True
pbmc4k_CATATTCTCGGAGGTA-1,PBMC4k,Donor 2,IL7R+ memory/helper T cells,Non-cytotoxic T cells,True
pbmc4k_CATATTCTCTCTTGAT-1,PBMC4k,Donor 2,B cells,B cells,True
pbmc4k_CATATTCTCTTGCATT-1,PBMC4k,Donor 2,Activated/transitional T cells,Non-cytotoxic T cells,True
pbmc4k_CATCAAGCAACTGCGC-1,PBMC4k,Donor 2,Activated/transitional T cells,Non-cytotoxic T cells,True
pbmc4k_CATCAAGCATGCAACT-1,PBMC4k,Donor 2,Cytotoxic CD8 T cells,Cytotoxic T cells,True
pbmc4k_CATCAAGGTGCGGTAA-1,PBMC4k,Donor 2,B cells,B cells,True
pbmc4k_CATCAAGGTGGCAAAC-1,PBMC4k,Donor 2,Classical monocytes,Classical monocytes,True
pbmc4k_CATCAAGTCACGACTA-1,PBMC4k,Donor 2,Classical monocytes,Classical monocytes,True
pbmc4k_CATCAAGTCCACGTGG-1,PBMC4k,Donor 2,Activated/transitional T cells,Non-cytotoxic T cells,True
pbmc4k_CATCAAGTCGCCAGCA-1,PBMC4k,Donor 2,Classical monocytes,Classical monocytes,True
pbmc4k_CATCAAGTCTCTGCTG-1,PBMC4k,Donor 2,Activated/transitional T cells,Non-cytotoxic T cells,True
pbmc4k_CATCAAGTCTTAACCT-1,PBMC4k,Donor 2,Activated/transitional T cells,Non-cytotoxic T cells,True
pbmc4k_CATCAGAAGAAACGCC-1,PBMC4k,Donor 2,IL7R+ memory/helper T cells,Non-cytotoxic T cells,True
pbmc4k_CATCAGAAGACAATAC-1,PBMC4k,Donor 2,Activated/transitional T cells,Non-cytotoxic T cells,True
pbmc4k_CATCAGAAGGGTATCG-1,PBMC4k,Donor 2,Activated/transitional T cells,Non-cytotoxic T cells,True
pbmc4k_CATCAGACACTCGACG-1,PBMC4k,Donor 2,IL7R+ memory/helper T cells,Non-cytotoxic T cells,True
pbmc4k_CATCAGAGTAACGACG-1,PBMC4k,Donor 2,Naive/resting T cells,Non-cytotoxic T cells,True
pbmc4k_CATCAGAGTGACTCAT-1,PBMC4k,Donor 2,B cells,B cells,True
pbmc4k_CATCAGAGTTGCCTCT-1,PBMC4k,Donor 2,B cells,B cells,True
pbmc4k_CATCAGATCCGCGCAA-1,PBMC4k,Donor 2,B cells,B cells,True
pbmc4k_CATCAGATCGTCACGG-1,PBMC4k,Donor 2,NK cells,NK cells,True
pbmc4k_CATCCACAGACTAGGC-1,PBMC4k,Donor 2,Classical monocytes,Classical monocytes,True
pbmc4k_CATCCACAGCCCTAAT-1,PBMC4k,Donor 2,Activated/transitional T cells,Non-cytotoxic T cells,True
pbmc4k_CATCCACAGCGACGTA-1,PBMC4k,Donor 2,B cells,B cells,True
pbmc4k_CATCCACAGGCTATCT-1,PBMC4k,Donor 2,CD16+ non-classical monocytes,CD16+ non-classical monocytes,True
pbmc4k_CATCCACAGTTGTCGT-1,PBMC4k,Donor 2,Classical monocytes,Classical monocytes,True
pbmc4k_CATCCACCAAGGACAC-1,PBMC4k,Donor 2,Activated/transitional T cells,Non-cytotoxic T cells,True
pbmc4k_CATCCACCAAGTTCTG-1,PBMC4k,Donor 2,Classical monocytes,Classical monocytes,True
pbmc4k_CATCCACGTAAGGGAA-1,PBMC4k,Donor 2,Classical monocytes,Classical monocytes,True
pbmc4k_CATCCACGTGGAAAGA-1,PBMC4k,Donor 2,IL7R+ memory/helper T cells,Non-cytotoxic T cells,True
pbmc4k_CATCCACGTTCCGGCA-1,PBMC4k,Donor 2,Activated/transitional T cells,Non-cytotoxic T cells,True
pbmc4k_CATCCACTCCTTAATC-1,PBMC4k,Donor 2,Activated/transitional T cells,Non-cytotoxic T cells,True
pbmc4k_CATCGAAAGCAGGCTA-1,PBMC4k,Donor 2,CD16+ non-classical monocytes,CD16+ non-classical monocytes,True
pbmc4k_CATCGAAAGCTGTCTA-1,PBMC4k,Donor 2,Classical monocytes,Classical monocytes,True
pbmc4k_CATCGAAAGTCATGCT-1,PBMC4k,Donor 2,B cells,B cells,True
pbmc4k_CATCGAACAGTAAGAT-1,PBMC4k,Donor 2,Cytotoxic CD8 T cells,Cytotoxic T cells,True
pbmc4k_CATCGAACATCAGTCA-1,PBMC4k,Donor 2,B cells,B cells,True
pbmc4k_CATCGAAGTAAATGTG-1,PBMC4k,Donor 2,Activated/transitional T cells,Non-cytotoxic T cells,True
pbmc4k_CATCGAATCAGCTTAG-1,PBMC4k,Donor 2,Naive/resting T cells,Non-cytotoxic T cells,True
pbmc4k_CATCGAATCCCACTTG-1,PBMC4k,Donor 2,B cells,B cells,True
pbmc4k_CATCGAATCCTTTACA-1,PBMC4k,Donor 2,B cells,B cells,True
pbmc4k_CATCGAATCGACAGCC-1,PBMC4k,Donor 2,Cytotoxic CD8 T cells,Cytotoxic T cells,True
pbmc4k_CATCGAATCGAGAGCA-1,PBMC4k,Donor 2,Cytotoxic CD8 T cells,Cytotoxic T cells,True
pbmc4k_CATCGGGAGTGAATTG-1,PBMC4k,Donor 2,Cytotoxic CD8 T cells,Cytotoxic T cells,True
pbmc4k_CATCGGGCAATACGCT-1,PBMC4k,Donor 2,Classical monocytes,Classical monocytes,True
pbmc4k_CATCGGGCACATGGGA-1,PBMC4k,Donor 2,B cells,B cells,True
pbmc4k_CATCGGGCAGACAAAT-1,PBMC4k,Donor 2,IL7R+ memory/helper T cells,Non-cytotoxic T cells,True
pbmc4k_CATCGGGCAGCTCCGA-1,PBMC4k,Donor 2,Activated/transitional T cells,Non-cytotoxic T cells,True
pbmc4k_CATCGGGCAGTGAGTG-1,PBMC4k,Donor 2,Classical monocytes,Classical monocytes,True
pbmc4k_CATCGGGCATGTCTCC-1,PBMC4k,Donor 2,Activated/transitional T cells,Non-cytotoxic T cells,True
pbmc4k_CATCGGGCATTATCTC-1,PBMC4k,Donor 2,Activated/transitional T cells,Non-cytotoxic T cells,True
pbmc4k_CATCGGGTCATCTGTT-1,PBMC4k,Donor 2,Activated/transitional T cells,Non-cytotoxic T cells,True
pbmc4k_CATCGGGTCATGTCTT-1,PBMC4k,Donor 2,B cells,B cells,True
pbmc4k_CATCGGGTCCCGACTT-1,PBMC4k,Donor 2,B cells,B cells,True
pbmc4k_CATGACAAGGGATACC-1,PBMC4k,Donor 2,Cytotoxic CD8 T cells,Cytotoxic T cells,True
pbmc4k_CATGACAAGTGTACTC-1,PBMC4k,Donor 2,Activated/transitional T cells,Non-cytotoxic T cells,True
pbmc4k_CATGACACAGATGAGC-1,PBMC4k,Donor 2,Classical monocytes,Classical monocytes,True
pbmc4k_CATGACAGTCCATGAT-1,PBMC4k,Donor 2,Classical monocytes,Classical monocytes,True
pbmc4k_CATGACAGTGATGCCC-1,PBMC4k,Donor 2,Activated/transitional T cells,Non-cytotoxic T cells,True
pbmc4k_CATGACATCAACGAAA-1,PBMC4k,Donor 2,Activated/transitional T cells,Non-cytotoxic T cells,True
pbmc4k_CATGACATCGAGAGCA-1,PBMC4k,Donor 2,Activated/transitional T cells,Non-cytotoxic T cells,True
pbmc4k_CATGACATCGGATGTT-1,PBMC4k,Donor 2,Activated/transitional T cells,Non-cytotoxic T cells,True
pbmc4k_CATGCCTAGCATCATC-1,PBMC4k,Donor 2,NK cells,NK cells,True
pbmc4k_CATGCCTAGGTTCCTA-1,PBMC4k,Donor 2,B cells,B cells,True
pbmc4k_CATGCCTCAAGCGCTC-1,PBMC4k,Donor 2,Classical monocytes,Classical monocytes,True
pbmc4k_CATGCCTCAAGTAATG-1,PBMC4k,Donor 2,Naive/resting T cells,Non-cytotoxic T cells,True
pbmc4k_CATGCCTCACCGAATT-1,PBMC4k,Donor 2,Classical monocytes,Classical monocytes,True
pbmc4k_CATGCCTTCGCCCTTA-1,PBMC4k,Donor 2,Classical monocytes,Classical monocytes,True
pbmc4k_CATGCCTTCGGCGCTA-1,PBMC4k,Donor 2,Classical monocytes,Classical monocytes,True
pbmc4k_CATGGCGAGAGATGAG-1,PBMC4k,Donor 2,B cells,B cells,True
pbmc4k_CATGGCGAGCTGCCCA-1,PBMC4k,Donor 2,NK cells,NK cells,True
pbmc4k_CATGGCGCAGTAGAGC-1,PBMC4k,Donor 2,B cells,B cells,True
pbmc4k_CATGGCGCATATACCG-1,PBMC4k,Donor 2,Classical monocytes,Classical monocytes,True
pbmc4k_CATGGCGGTAGCGATG-1,PBMC4k,Donor 2,Classical monocytes,Classical monocytes,True
pbmc4k_CATGGCGGTCATGCAT-1,PBMC4k,Donor 2,Classical monocytes,Classical monocytes,True
pbmc4k_CATGGCGGTCCAGTGC-1,PBMC4k,Donor 2,Activated/transitional T cells,Non-cytotoxic T cells,True
pbmc4k_CATGGCGGTGGCTCCA-1,PBMC4k,Donor 2,Activated/transitional T cells,Non-cytotoxic T cells,True
pbmc4k_CATGGCGGTTCAGGCC-1,PBMC4k,Donor 2,IL7R+ memory/helper T cells,Non-cytotoxic T cells,True
pbmc4k_CATGGCGTCCATGAGT-1,PBMC4k,Donor 2,IL7R+ memory/helper T cells,Non-cytotoxic T cells,True
pbmc4k_CATGGCGTCGCCTGTT-1,PBMC4k,Donor 2,IL7R+ memory/helper T cells,Non-cytotoxic T cells,True
pbmc4k_CATGGCGTCGGACAAG-1,PBMC4k,Donor 2,Cytotoxic CD8 T cells,Cytotoxic T cells,True
pbmc4k_CATTATCAGCTGAAAT-1,PBMC4k,Donor 2,Activated/transitional T cells,Non-cytotoxic T cells,True
pbmc4k_CATTATCAGCTGCGAA-1,PBMC4k,Donor 2,Activated/transitional T cells,Non-cytotoxic T cells,True
pbmc4k_CATTATCCAAATTGCC-1,PBMC4k,Donor 2,Classical monocytes,Classical monocytes,True
pbmc4k_CATTATCCAGTGGGAT-1,PBMC4k,Donor 2,B cells,B cells,True
pbmc4k_CATTATCGTAAGCACG-1,PBMC4k,Donor 2,Cytotoxic CD8 T cells,Cytotoxic T cells,True
pbmc4k_CATTATCGTCTCACCT-1,PBMC4k,Donor 2,Activated/transitional T cells,Non-cytotoxic T cells,True
pbmc4k_CATTATCGTCTCTTTA-1,PBMC4k,Donor 2,Classical monocytes,Classical monocytes,True
pbmc4k_CATTATCGTGGGTCAA-1,PBMC4k,Donor 2,Classical monocytes,Classical monocytes,True
pbmc4k_CATTATCTCAGAGACG-1,PBMC4k,Donor 2,Classical monocytes,Classical monocytes,True
pbmc4k_CATTATCTCGACCAGC-1,PBMC4k,Donor 2,IL7R+ memory/helper T cells,Non-cytotoxic T cells,True
pbmc4k_CATTATCTCTAACTCT-1,PBMC4k,Donor 2,Activated/transitional T cells,Non-cytotoxic T cells,True
pbmc4k_CATTATCTCTCGATGA-1,PBMC4k,Donor 2,Classical monocytes,Classical monocytes,True
pbmc4k_CATTATCTCTCTAGGA-1,PBMC4k,Donor 2,Activated/transitional T cells,Non-cytotoxic T cells,True
pbmc4k_CATTCGCAGACCTAGG-1,PBMC4k,Donor 2,B cells,B cells,True
pbmc4k_CATTCGCAGCCGATTT-1,PBMC4k,Donor 2,Activated/transitional T cells,Non-cytotoxic T cells,True
pbmc4k_CATTCGCCAAAGGTGC-1,PBMC4k,Donor 2,B cells,B cells,True
pbmc4k_CATTCGCCATATACCG-1,PBMC4k,Donor 2,IL7R+ memory/helper T cells,Non-cytotoxic T cells,True
pbmc4k_CATTCGCGTACCGCTG-1,PBMC4k,Donor 2,Cytotoxic CD8 T cells,Cytotoxic T cells,True
pbmc4k_CATTCGCGTACTCAAC-1,PBMC4k,Donor 2,Classical monocytes,Classical monocytes,True
pbmc4k_CATTCGCGTTCCACAA-1,PBMC4k,Donor 2,Naive/resting T cells,Non-cytotoxic T cells,True
pbmc4k_CATTCGCGTTCCACGG-1,PBMC4k,Donor 2,Cytotoxic CD8 T cells,Cytotoxic T cells,True
pbmc4k_CATTCGCTCTATCCCG-1,PBMC4k,Donor 2,Cytotoxic CD8 T cells,Cytotoxic T cells,True
pbmc4k_CCAATCCCAAACCTAC-1,PBMC4k,Donor 2,IL7R+ memory/helper T cells,Non-cytotoxic T cells,True
pbmc4k_CCAATCCCAAGCCGTC-1,PBMC4k,Donor 2,Classical monocytes,Classical monocytes,True
pbmc4k_CCAATCCCATCCCATC-1,PBMC4k,Donor 2,B cells,B cells,True
pbmc4k_CCAATCCGTATTCGTG-1,PBMC4k,Donor 2,B cells,B cells,True
pbmc4k_CCAATCCGTCTAGGTT-1,PBMC4k,Donor 2,IL7R+ memory/helper T cells,Non-cytotoxic T cells,True
pbmc4k_CCAATCCTCGAATCCA-1,PBMC4k,Donor 2,Activated/transitional T cells,Non-cytotoxic T cells,True
pbmc4k_CCAATCCTCTGCTGCT-1,PBMC4k,Donor 2,Activated/transitional T cells,Non-cytotoxic T cells,True
pbmc4k_CCACCTAAGAGAGCTC-1,PBMC4k,Donor 2,Classical monocytes,Classical monocytes,True
pbmc4k_CCACCTAAGGCTAGCA-1,PBMC4k,Donor 2,B cells,B cells,True
pbmc4k_CCACCTAAGTGGAGAA-1,PBMC4k,Donor 2,Activated/transitional T cells,Non-cytotoxic T cells,True
pbmc4k_CCACCTACACCGATAT-1,PBMC4k,Donor 2,Cytotoxic CD8 T cells,Cytotoxic T cells,True
pbmc4k_CCACCTACATTGAGCT-1,PBMC4k,Donor 2,B cells,B cells,True
pbmc4k_CCACCTAGTACCGTAT-1,PBMC4k,Donor 2,Classical monocytes,Classical monocytes,True
pbmc4k_CCACCTAGTGAACCTT-1,PBMC4k,Donor 2,Cytotoxic CD8 T cells,Cytotoxic T cells,True
pbmc4k_CCACCTAGTTGTGGCC-1,PBMC4k,Donor 2,B cells,B cells,True
pbmc4k_CCACCTATCATCTGTT-1,PBMC4k,Donor 2,Classical monocytes,Classical monocytes,True
pbmc4k_CCACCTATCCAACCAA-1,PBMC4k,Donor 2,Classical monocytes,Classical monocytes,True
pbmc4k_CCACCTATCTGTCTAT-1,PBMC4k,Donor 2,Classical monocytes,Classical monocytes,True
pbmc4k_CCACGGAAGTGTACCT-1,PBMC4k,Donor 2,Activated/transitional T cells,Non-cytotoxic T cells,True
pbmc4k_CCACGGACAGAGTGTG-1,PBMC4k,Donor 2,Activated/transitional T cells,Non-cytotoxic T cells,True
pbmc4k_CCACGGACATGCCTTC-1,PBMC4k,Donor 2,Activated/transitional T cells,Non-cytotoxic T cells,True
pbmc4k_CCACGGACATTAACCG-1,PBMC4k,Donor 2,B cells,B cells,True
pbmc4k_CCACGGAGTGAGGGAG-1,PBMC4k,Donor 2,Classical monocytes,Classical monocytes,True
pbmc4k_CCACGGAGTTTGGCGC-1,PBMC4k,Donor 2,Activated/transitional T cells,Non-cytotoxic T cells,True
pbmc4k_CCACGGATCAGTTCGA-1,PBMC4k,Donor 2,B cells,B cells,True
pbmc4k_CCACTACAGACGACGT-1,PBMC4k,Donor 2,Cytotoxic CD8 T cells,Cytotoxic T cells,True
pbmc4k_CCACTACAGCTAGTGG-1,PBMC4k,Donor 2,Classical monocytes,Classical monocytes,True
pbmc4k_CCACTACCACGGACAA-1,PBMC4k,Donor 2,Cytotoxic CD8 T cells,Cytotoxic T cells,True
pbmc4k_CCACTACCATCGGAAG-1,PBMC4k,Donor 2,IL7R+ memory/helper T cells,Non-cytotoxic T cells,True
pbmc4k_CCACTACGTAGCGCTC-1,PBMC4k,Donor 2,Activated/transitional T cells,Non-cytotoxic T cells,True
pbmc4k_CCACTACGTCAATGTC-1,PBMC4k,Donor 2,B cells,B cells,True
pbmc4k_CCACTACGTCGAAAGC-1,PBMC4k,Donor 2,Cytotoxic CD8 T cells,Cytotoxic T cells,True
pbmc4k_CCACTACTCATGTAGC-1,PBMC4k,Donor 2,Naive/resting T cells,Non-cytotoxic T cells,True
pbmc4k_CCACTACTCTCTGCTG-1,PBMC4k,Donor 2,B cells,B cells,True
pbmc4k_CCAGCGAAGATCCGAG-1,PBMC4k,Donor 2,Activated/transitional T cells,Non-cytotoxic T cells,True
pbmc4k_CCAGCGAAGCTGGAAC-1,PBMC4k,Donor 2,Activated/transitional T cells,Non-cytotoxic T cells,True
pbmc4k_CCAGCGAAGTCAAGCG-1,PBMC4k,Donor 2,Activated/transitional T cells,Non-cytotoxic T cells,True
pbmc4k_CCAGCGAAGTTGCAGG-1,PBMC4k,Donor 2,B cells,B cells,True
pbmc4k_CCAGCGACACAACGCC-1,PBMC4k,Donor 2,IL7R+ memory/helper T cells,Non-cytotoxic T cells,True
pbmc4k_CCAGCGAGTTCGTCTC-1,PBMC4k,Donor 2,Activated/transitional T cells,Non-cytotoxic T cells,True
pbmc4k_CCAGCGATCAGTTTGG-1,PBMC4k,Donor 2,Activated/transitional T cells,Non-cytotoxic T cells,True
pbmc4k_CCAGCGATCGGAAACG-1,PBMC4k,Donor 2,Classical monocytes,Classical monocytes,True
pbmc4k_CCAGCGATCTTCATGT-1,PBMC4k,Donor 2,Classical monocytes,Classical monocytes,True
pbmc4k_CCATGTCAGCCACCTG-1,PBMC4k,Donor 2,NK cells,NK cells,True
pbmc4k_CCATGTCCACTTACGA-1,PBMC4k,Donor 2,B cells,B cells,True
pbmc4k_CCATGTCGTGCACGAA-1,PBMC4k,Donor 2,Activated/transitional T cells,Non-cytotoxic T cells,True
pbmc4k_CCATGTCGTGCCTTGG-1,PBMC4k,Donor 2,Activated/transitional T cells,Non-cytotoxic T cells,True
pbmc4k_CCATGTCGTTACGACT-1,PBMC4k,Donor 2,Classical monocytes,Classical monocytes,True
pbmc4k_CCATGTCTCCGCAAGC-1,PBMC4k,Donor 2,Activated/transitional T cells,Non-cytotoxic T cells,True
pbmc4k_CCATGTCTCGTCTGAA-1,PBMC4k,Donor 2,NK cells,NK cells,True
pbmc4k_CCATTCGAGACACTAA-1,PBMC4k,Donor 2,Activated/transitional T cells,Non-cytotoxic T cells,True
pbmc4k_CCATTCGAGCTAACTC-1,PBMC4k,Donor 2,CD16+ non-classical monocytes,CD16+ non-classical monocytes,True
pbmc4k_CCATTCGAGTCCATAC-1,PBMC4k,Donor 2,Classical monocytes,Classical monocytes,True
pbmc4k_CCATTCGCACATCCAA-1,PBMC4k,Donor 2,Activated/transitional T cells,Non-cytotoxic T cells,True
pbmc4k_CCATTCGGTAGCCTAT-1,PBMC4k,Donor 2,IL7R+ memory/helper T cells,Non-cytotoxic T cells,True
pbmc4k_CCATTCGGTTCTGGTA-1,PBMC4k,Donor 2,B cells,B cells,True
pbmc4k_CCATTCGTCGGTTAAC-1,PBMC4k,Donor 2,Activated/transitional T cells,Non-cytotoxic T cells,True
pbmc4k_CCCAATCAGAATTCCC-1,PBMC4k,Donor 2,Classical monocytes,Classical monocytes,True
pbmc4k_CCCAATCCAAGGTGTG-1,PBMC4k,Donor 2,B cells,B cells,True
pbmc4k_CCCAATCCATACGCTA-1,PBMC4k,Donor 2,IL7R+ memory/helper T cells,Non-cytotoxic T cells,True
pbmc4k_CCCAATCCATGCGCAC-1,PBMC4k,Donor 2,Activated/transitional T cells,Non-cytotoxic T cells,True
pbmc4k_CCCAATCGTAGCTAAA-1,PBMC4k,Donor 2,Activated/transitional T cells,Non-cytotoxic T cells,True
pbmc4k_CCCAATCGTTACGTCA-1,PBMC4k,Donor 2,Activated/transitional T cells,Non-cytotoxic T cells,True
pbmc4k_CCCAATCGTTGCGCAC-1,PBMC4k,Donor 2,Activated/transitional T cells,Non-cytotoxic T cells,True
pbmc4k_CCCAATCTCGCCGTGA-1,PBMC4k,Donor 2,B cells,B cells,True
pbmc4k_CCCAGTTAGATATACG-1,PBMC4k,Donor 2,Classical monocytes,Classical monocytes,True
pbmc4k_CCCAGTTAGATGCGAC-1,PBMC4k,Donor 2,Classical monocytes,Classical monocytes,True
pbmc4k_CCCAGTTAGTTAGGTA-1,PBMC4k,Donor 2,Classical monocytes,Classical monocytes,True
pbmc4k_CCCAGTTCAAATCCGT-1,PBMC4k,Donor 2,NK cells,NK cells,True
pbmc4k_CCCAGTTCAAGTAATG-1,PBMC4k,Donor 2,B cells,B cells,True
pbmc4k_CCCAGTTGTAGCGTAG-1,PBMC4k,Donor 2,Classical monocytes,Classical monocytes,True
pbmc4k_CCCAGTTGTGAACCTT-1,PBMC4k,Donor 2,Cytotoxic CD8 T cells,Cytotoxic T cells,True
pbmc4k_CCCAGTTGTTGTACAC-1,PBMC4k,Donor 2,Activated/transitional T cells,Non-cytotoxic T cells,True
pbmc4k_CCCATACAGATGTGGC-1,PBMC4k,Donor 2,Classical monocytes,Classical monocytes,True
pbmc4k_CCCATACAGCGATCCC-1,PBMC4k,Donor 2,Activated/transitional T cells,Non-cytotoxic T cells,True
pbmc4k_CCCATACCACCATCCT-1,PBMC4k,Donor 2,IL7R+ memory/helper T cells,Non-cytotoxic T cells,True
pbmc4k_CCCATACCACTGCCAG-1,PBMC4k,Donor 2,Activated/transitional T cells,Non-cytotoxic T cells,True
pbmc4k_CCCATACGTCCTCTTG-1,PBMC4k,Donor 2,Classical monocytes,Classical monocytes,True
pbmc4k_CCCATACGTTGAACTC-1,PBMC4k,Donor 2,Classical monocytes,Classical monocytes,True
pbmc4k_CCCATACTCAATACCG-1,PBMC4k,Donor 2,IL7R+ memory/helper T cells,Non-cytotoxic T cells,True
pbmc4k_CCCATACTCCTTTCTC-1,PBMC4k,Donor 2,NK cells,NK cells,True
pbmc4k_CCCATACTCTTTCCTC-1,PBMC4k,Donor 2,Classical monocytes,Classical monocytes,True
pbmc4k_CCCTCCTAGACATAAC-1,PBMC4k,Donor 2,B cells,B cells,True
pbmc4k_CCCTCCTAGATGCCAG-1,PBMC4k,Donor 2,Classical monocytes,Classical monocytes,True
pbmc4k_CCCTCCTAGGGATGGG-1,PBMC4k,Donor 2,Naive/resting T cells,Non-cytotoxic T cells,True
pbmc4k_CCCTCCTCAAGTCATC-1,PBMC4k,Donor 2,Classical monocytes,Classical monocytes,True
pbmc4k_CCCTCCTGTAGGGTAC-1,PBMC4k,Donor 2,B cells,B cells,True
pbmc4k_CCCTCCTGTCCGACGT-1,PBMC4k,Donor 2,Classical monocytes,Classical monocytes,True
pbmc4k_CCCTCCTTCAGTGCAT-1,PBMC4k,Donor 2,Cytotoxic CD8 T cells,Cytotoxic T cells,True
pbmc4k_CCCTCCTTCGAATGGG-1,PBMC4k,Donor 2,Activated/transitional T cells,Non-cytotoxic T cells,True
pbmc4k_CCCTCCTTCGCATGGC-1,PBMC4k,Donor 2,IL7R+ memory/helper T cells,Non-cytotoxic T cells,True
pbmc4k_CCCTCCTTCGGAGCAA-1,PBMC4k,Donor 2,Activated/transitional T cells,Non-cytotoxic T cells,True
pbmc4k_CCGGGATAGATGAGAG-1,PBMC4k,Donor 2,B cells,B cells,True
pbmc4k_CCGGGATAGCCAGGAT-1,PBMC4k,Donor 2,Activated/transitional T cells,Non-cytotoxic T cells,True
pbmc4k_CCGGGATAGGGATGGG-1,PBMC4k,Donor 2,Activated/transitional T cells,Non-cytotoxic T cells,True
pbmc4k_CCGGGATAGTAGTGCG-1,PBMC4k,Donor 2,Naive/resting T cells,Non-cytotoxic T cells,True
pbmc4k_CCGGGATCAAGTAATG-1,PBMC4k,Donor 2,Classical monocytes,Classical monocytes,True
pbmc4k_CCGGGATCACCCATTC-1,PBMC4k,Donor 2,B cells,B cells,True
pbmc4k_CCGGGATCAGAGCCAA-1,PBMC4k,Donor 2,B cells,B cells,True
pbmc4k_CCGGGATCAGATAATG-1,PBMC4k,Donor 2,B cells,B cells,True
pbmc4k_CCGGGATCAGGTGCCT-1,PBMC4k,Donor 2,Classical monocytes,Classical monocytes,True
pbmc4k_CCGGGATCATCGATTG-1,PBMC4k,Donor 2,Activated/transitional T cells,Non-cytotoxic T cells,True
pbmc4k_CCGGGATCATGCATGT-1,PBMC4k,Donor 2,B cells,B cells,True
pbmc4k_CCGGGATGTGCCTGTG-1,PBMC4k,Donor 2,Classical monocytes,Classical monocytes,True
pbmc4k_CCGGGATTCCCTCTTT-1,PBMC4k,Donor 2,Cytotoxic CD8 T cells,Cytotoxic T cells,True
pbmc4k_CCGGGATTCCTCAACC-1,PBMC4k,Donor 2,IL7R+ memory/helper T cells,Non-cytotoxic T cells,True
pbmc4k_CCGGGATTCCTTGACC-1,PBMC4k,Donor 2,Classical monocytes,Classical monocytes,True
pbmc4k_CCGGGATTCTCCAGGG-1,PBMC4k,Donor 2,IL7R+ memory/helper T cells,Non-cytotoxic T cells,True
pbmc4k_CCGGGATTCTTGTCAT-1,PBMC4k,Donor 2,B cells,B cells,True
pbmc4k_CCGGTAGAGCTGCAAG-1,PBMC4k,Donor 2,Classical monocytes,Classical monocytes,True
pbmc4k_CCGGTAGAGTTGCAGG-1,PBMC4k,Donor 2,NK cells,NK cells,True
pbmc4k_CCGGTAGCAATGGACG-1,PBMC4k,Donor 2,B cells,B cells,True
pbmc4k_CCGGTAGCATCAGTAC-1,PBMC4k,Donor 2,Cytotoxic CD8 T cells,Cytotoxic T cells,True
pbmc4k_CCGGTAGGTAGCCTAT-1,PBMC4k,Donor 2,IL7R+ memory/helper T cells,Non-cytotoxic T cells,True
pbmc4k_CCGGTAGGTCTCTCGT-1,PBMC4k,Donor 2,Classical monocytes,Classical monocytes,True
pbmc4k_CCGGTAGGTGCGCTTG-1,PBMC4k,Donor 2,NK cells,NK cells,True
pbmc4k_CCGTACTAGGATGCGT-1,PBMC4k,Donor 2,Cytotoxic CD8 T cells,Cytotoxic T cells,True
pbmc4k_CCGTACTAGGGATCTG-1,PBMC4k,Donor 2,IL7R+ memory/helper T cells,Non-cytotoxic T cells,True
pbmc4k_CCGTACTCACACATGT-1,PBMC4k,Donor 2,IL7R+ memory/helper T cells,Non-cytotoxic T cells,True
pbmc4k_CCGTACTCACGAGAGT-1,PBMC4k,Donor 2,Cytotoxic CD8 T cells,Cytotoxic T cells,True
pbmc4k_CCGTACTGTCATACTG-1,PBMC4k,Donor 2,Activated/transitional T cells,Non-cytotoxic T cells,True
pbmc4k_CCGTACTTCACAGTAC-1,PBMC4k,Donor 2,IL7R+ memory/helper T cells,Non-cytotoxic T cells,True
pbmc4k_CCGTACTTCGATAGAA-1,PBMC4k,Donor 2,IL7R+ memory/helper T cells,Non-cytotoxic T cells,True
pbmc4k_CCGTACTTCGGTCTAA-1,PBMC4k,Donor 2,Activated/transitional T cells,Non-cytotoxic T cells,True
pbmc4k_CCGTACTTCGTTGCCT-1,PBMC4k,Donor 2,B cells,B cells,True
pbmc4k_CCGTGGAAGGAGTTTA-1,PBMC4k,Donor 2,B cells,B cells,True
pbmc4k_CCGTGGAAGTGATCGG-1,PBMC4k,Donor 2,Naive/resting T cells,Non-cytotoxic T cells,True
pbmc4k_CCGTGGACAGTTCATG-1,PBMC4k,Donor 2,Cytotoxic CD8 T cells,Cytotoxic T cells,True
pbmc4k_CCGTGGAGTTCAGTAC-1,PBMC4k,Donor 2,Activated/transitional T cells,Non-cytotoxic T cells,True
pbmc4k_CCGTTCAAGAATCTCC-1,PBMC4k,Donor 2,Classical monocytes,Classical monocytes,True
pbmc4k_CCGTTCACAAGGCTCC-1,PBMC4k,Donor 2,Activated/transitional T cells,Non-cytotoxic T cells,True
pbmc4k_CCGTTCACACCCATGG-1,PBMC4k,Donor 2,Cytotoxic CD8 T cells,Cytotoxic T cells,True
pbmc4k_CCGTTCACATGAAGTA-1,PBMC4k,Donor 2,Cytotoxic CD8 T cells,Cytotoxic T cells,True
pbmc4k_CCGTTCAGTCACTGGC-1,PBMC4k,Donor 2,B cells,B cells,True
pbmc4k_CCGTTCAGTTCTGGTA-1,PBMC4k,Donor 2,Classical monocytes,Classical monocytes,True
pbmc4k_CCGTTCATCGCCCTTA-1,PBMC4k,Donor 2,Activated/transitional T cells,Non-cytotoxic T cells,True
pbmc4k_CCGTTCATCGTAGATC-1,PBMC4k,Donor 2,IL7R+ memory/helper T cells,Non-cytotoxic T cells,True
pbmc4k_CCGTTCATCTCGAGTA-1,PBMC4k,Donor 2,B cells,B cells,True
pbmc4k_CCGTTCATCTCGTTTA-1,PBMC4k,Donor 2,Classical monocytes,Classical monocytes,True
pbmc4k_CCTAAAGAGCTGTTCA-1,PBMC4k,Donor 2,Activated/transitional T cells,Non-cytotoxic T cells,True
pbmc4k_CCTAAAGCACATTTCT-1,PBMC4k,Donor 2,Classical monocytes,Classical monocytes,True
pbmc4k_CCTAAAGCATACTACG-1,PBMC4k,Donor 2,Cytotoxic CD8 T cells,Cytotoxic T cells,True
pbmc4k_CCTAAAGGTGATGTCT-1,PBMC4k,Donor 2,B cells,B cells,True
pbmc4k_CCTAAAGGTGTGAAAT-1,PBMC4k,Donor 2,Activated/transitional T cells,Non-cytotoxic T cells,True
pbmc4k_CCTAAAGTCGAATCCA-1,PBMC4k,Donor 2,Activated/transitional T cells,Non-cytotoxic T cells,True
pbmc4k_CCTAAAGTCGTGGACC-1,PBMC4k,Donor 2,Activated/transitional T cells,Non-cytotoxic T cells,True
pbmc4k_CCTAAAGTCTCTAAGG-1,PBMC4k,Donor 2,B cells,B cells,True
pbmc4k_CCTAAAGTCTGTCTCG-1,PBMC4k,Donor 2,B cells,B cells,True
pbmc4k_CCTACACAGAGTACCG-1,PBMC4k,Donor 2,Classical monocytes,Classical monocytes,True
pbmc4k_CCTACACAGCACACAG-1,PBMC4k,Donor 2,Activated/transitional T cells,Non-cytotoxic T cells,True
pbmc4k_CCTACACAGGTGACCA-1,PBMC4k,Donor 2,Activated/transitional T cells,Non-cytotoxic T cells,True
pbmc4k_CCTACACAGTGCAAGC-1,PBMC4k,Donor 2,Naive/resting T cells,Non-cytotoxic T cells,True
pbmc4k_CCTACACCAAGCTGGA-1,PBMC4k,Donor 2,Cytotoxic CD8 T cells,Cytotoxic T cells,True
pbmc4k_CCTACACGTCTCAACA-1,PBMC4k,Donor 2,IL7R+ memory/helper T cells,Non-cytotoxic T cells,True
pbmc4k_CCTACACGTCTTCGTC-1,PBMC4k,Donor 2,CD16+ non-classical monocytes,CD16+ non-classical monocytes,True
pbmc4k_CCTACACGTGTTTGGT-1,PBMC4k,Donor 2,Cytotoxic CD8 T cells,Cytotoxic T cells,True
pbmc4k_CCTACACTCTGGGCCA-1,PBMC4k,Donor 2,IL7R+ memory/helper T cells,Non-cytotoxic T cells,True
pbmc4k_CCTACCAAGACGCAAC-1,PBMC4k,Donor 2,NK cells,NK cells,True
pbmc4k_CCTACCAAGCGCTTAT-1,PBMC4k,Donor 2,NK cells,NK cells,True
pbmc4k_CCTACCAAGTTTGCGT-1,PBMC4k,Donor 2,Naive/resting T cells,Non-cytotoxic T cells,True
pbmc4k_CCTACCACAATAGCGG-1,PBMC4k,Donor 2,Cytotoxic CD8 T cells,Cytotoxic T cells,True
pbmc4k_CCTACCACACGGTTTA-1,PBMC4k,Donor 2,IL7R+ memory/helper T cells,Non-cytotoxic T cells,True
pbmc4k_CCTACCAGTGCGAAAC-1,PBMC4k,Donor 2,Classical monocytes,Classical monocytes,True
pbmc4k_CCTACCATCCAAACAC-1,PBMC4k,Donor 2,Classical monocytes,Classical monocytes,True
pbmc4k_CCTACCATCGAATGGG-1,PBMC4k,Donor 2,Classical monocytes,Classical monocytes,True
pbmc4k_CCTACCATCTGTTGAG-1,PBMC4k,Donor 2,Classical monocytes,Classical monocytes,True
pbmc4k_CCTAGCTAGTACGACG-1,PBMC4k,Donor 2,Cytotoxic CD8 T cells,Cytotoxic T cells,True
pbmc4k_CCTAGCTCAAACTGCT-1,PBMC4k,Donor 2,Activated/transitional T cells,Non-cytotoxic T cells,True
pbmc4k_CCTAGCTCAATGCCAT-1,PBMC4k,Donor 2,B cells,B cells,True
pbmc4k_CCTAGCTCACGTAAGG-1,PBMC4k,Donor 2,B cells,B cells,True
pbmc4k_CCTAGCTCAGACGCCT-1,PBMC4k,Donor 2,NK cells,NK cells,True
pbmc4k_CCTAGCTGTGAGGCTA-1,PBMC4k,Donor 2,Activated/transitional T cells,Non-cytotoxic T cells,True
pbmc4k_CCTAGCTGTTACGCGC-1,PBMC4k,Donor 2,Activated/transitional T cells,Non-cytotoxic T cells,True
pbmc4k_CCTAGCTGTTGAGGTG-1,PBMC4k,Donor 2,Activated/transitional T cells,Non-cytotoxic T cells,True
pbmc4k_CCTAGCTTCCTAGTGA-1,PBMC4k,Donor 2,B cells,B cells,True
pbmc4k_CCTAGCTTCTTATCTG-1,PBMC4k,Donor 2,Cytotoxic CD8 T cells,Cytotoxic T cells,True
pbmc4k_CCTAGCTTCTTCAACT-1,PBMC4k,Donor 2,Activated/transitional T cells,Non-cytotoxic T cells,True
pbmc4k_CCTATTAAGTCTCGGC-1,PBMC4k,Donor 2,B cells,B cells,True
pbmc4k_CCTATTACACGAAGCA-1,PBMC4k,Donor 2,NK cells,NK cells,True
pbmc4k_CCTATTAGTAGTGAAT-1,PBMC4k,Donor 2,Activated/transitional T cells,Non-cytotoxic T cells,True
pbmc4k_CCTATTAGTCAAAGCG-1,PBMC4k,Donor 2,Cytotoxic CD8 T cells,Cytotoxic T cells,True
pbmc4k_CCTATTAGTCTAGCCG-1,PBMC4k,Donor 2,Activated/transitional T cells,Non-cytotoxic T cells,True
pbmc4k_CCTATTATCAAGCCTA-1,PBMC4k,Donor 2,Cytotoxic CD8 T cells,Cytotoxic T cells,True
pbmc4k_CCTATTATCTTACCGC-1,PBMC4k,Donor 2,IL7R+ memory/helper T cells,Non-cytotoxic T cells,True
pbmc4k_CCTCAGTAGAACTCGG-1,PBMC4k,Donor 2,Classical monocytes,Classical monocytes,True
pbmc4k_CCTCAGTCATGCTGGC-1,PBMC4k,Donor 2,Cytotoxic CD8 T cells,Cytotoxic T cells,True
pbmc4k_CCTCAGTGTAAGGGAA-1,PBMC4k,Donor 2,Classical monocytes,Classical monocytes,True
pbmc4k_CCTCAGTGTATGAATG-1,PBMC4k,Donor 2,Activated/transitional T cells,Non-cytotoxic T cells,True
pbmc4k_CCTCAGTTCACGGTTA-1,PBMC4k,Donor 2,Activated/transitional T cells,Non-cytotoxic T cells,True
pbmc4k_CCTCAGTTCAGCTTAG-1,PBMC4k,Donor 2,IL7R+ memory/helper T cells,Non-cytotoxic T cells,True
pbmc4k_CCTCTGAAGCAATCTC-1,PBMC4k,Donor 2,Cytotoxic CD8 T cells,Cytotoxic T cells,True
pbmc4k_CCTCTGAAGTGGTCCC-1,PBMC4k,Donor 2,IL7R+ memory/helper T cells,Non-cytotoxic T cells,True
pbmc4k_CCTCTGACAACTGGCC-1,PBMC4k,Donor 2,Classical monocytes,Classical monocytes,True
pbmc4k_CCTCTGACAATGAATG-1,PBMC4k,Donor 2,Activated/transitional T cells,Non-cytotoxic T cells,True
pbmc4k_CCTCTGACAGATCGGA-1,PBMC4k,Donor 2,Naive/resting T cells,Non-cytotoxic T cells,True
pbmc4k_CCTCTGACATTACCTT-1,PBMC4k,Donor 2,Naive/resting T cells,Non-cytotoxic T cells,True
pbmc4k_CCTCTGAGTCCGAAGA-1,PBMC4k,Donor 2,Naive/resting T cells,Non-cytotoxic T cells,True
pbmc4k_CCTCTGAGTCTTTCAT-1,PBMC4k,Donor 2,Activated/transitional T cells,Non-cytotoxic T cells,True
pbmc4k_CCTCTGAGTGGGTATG-1,PBMC4k,Donor 2,CD16+ non-classical monocytes,CD16+ non-classical monocytes,True
pbmc4k_CCTCTGATCCGTAGTA-1,PBMC4k,Donor 2,Cytotoxic CD8 T cells,Cytotoxic T cells,True
pbmc4k_CCTCTGATCTTTACGT-1,PBMC4k,Donor 2,Naive/resting T cells,Non-cytotoxic T cells,True
pbmc4k_CCTTACGAGATCCGAG-1,PBMC4k,Donor 2,Cytotoxic CD8 T cells,Cytotoxic T cells,True
pbmc4k_CCTTACGAGCCAGTTT-1,PBMC4k,Donor 2,Cytotoxic CD8 T cells,Cytotoxic T cells,True
pbmc4k_CCTTACGAGGAGTAGA-1,PBMC4k,Donor 2,Cytotoxic CD8 T cells,Cytotoxic T cells,True
pbmc4k_CCTTACGCATATACGC-1,PBMC4k,Donor 2,B cells,B cells,True
pbmc4k_CCTTACGTCAGGCCCA-1,PBMC4k,Donor 2,IL7R+ memory/helper T cells,Non-cytotoxic T cells,True
pbmc4k_CCTTACGTCTGCGACG-1,PBMC4k,Donor 2,Classical monocytes,Classical monocytes,True
pbmc4k_CCTTACGTCTGCGGCA-1,PBMC4k,Donor 2,Classical monocytes,Classical monocytes,True
pbmc4k_CCTTACGTCTTACCTA-1,PBMC4k,Donor 2,Activated/transitional T cells,Non-cytotoxic T cells,True
pbmc4k_CCTTCCCAGATTACCC-1,PBMC4k,Donor 2,Cytotoxic CD8 T cells,Cytotoxic T cells,True
pbmc4k_CCTTCCCAGGCTACGA-1,PBMC4k,Donor 2,IL7R+ memory/helper T cells,Non-cytotoxic T cells,True
pbmc4k_CCTTCCCGTACCGAGA-1,PBMC4k,Donor 2,B cells,B cells,True
pbmc4k_CCTTCCCGTTACCAGT-1,PBMC4k,Donor 2,Naive/resting T cells,Non-cytotoxic T cells,True
pbmc4k_CCTTCCCGTTCCACAA-1,PBMC4k,Donor 2,IL7R+ memory/helper T cells,Non-cytotoxic T cells,True
pbmc4k_CCTTCCCTCCCTGACT-1,PBMC4k,Donor 2,IL7R+ memory/helper T cells,Non-cytotoxic T cells,True
pbmc4k_CCTTCCCTCTCCAACC-1,PBMC4k,Donor 2,Classical monocytes,Classical monocytes,True
pbmc4k_CCTTCCCTCTTCCTTC-1,PBMC4k,Donor 2,Classical monocytes,Classical monocytes,True
pbmc4k_CCTTCGAAGCGGATCA-1,PBMC4k,Donor 2,Classical monocytes,Classical monocytes,True
pbmc4k_CCTTCGAAGTGCAAGC-1,PBMC4k,Donor 2,IL7R+ memory/helper T cells,Non-cytotoxic T cells,True
pbmc4k_CCTTCGAAGTTAGCGG-1,PBMC4k,Donor 2,IL7R+ memory/helper T cells,Non-cytotoxic T cells,True
pbmc4k_CCTTCGATCAGGCGAA-1,PBMC4k,Donor 2,NK cells,NK cells,True
pbmc4k_CCTTTCTAGTACGCCC-1,PBMC4k,Donor 2,B cells,B cells,True
pbmc4k_CCTTTCTCAAAGAATC-1,PBMC4k,Donor 2,Cytotoxic CD8 T cells,Cytotoxic T cells,True
pbmc4k_CCTTTCTCACTCGACG-1,PBMC4k,Donor 2,Activated/transitional T cells,Non-cytotoxic T cells,True
pbmc4k_CCTTTCTCATCGGAAG-1,PBMC4k,Donor 2,Cytotoxic CD8 T cells,Cytotoxic T cells,True
pbmc4k_CCTTTCTTCATTGCCC-1,PBMC4k,Donor 2,Naive/resting T cells,Non-cytotoxic T cells,True
pbmc4k_CCTTTCTTCCACGCAG-1,PBMC4k,Donor 2,IL7R+ memory/helper T cells,Non-cytotoxic T cells,True
pbmc4k_CCTTTCTTCGTCCGTT-1,PBMC4k,Donor 2,Cytotoxic CD8 T cells,Cytotoxic T cells,True
pbmc4k_CCTTTCTTCTACTCAT-1,PBMC4k,Donor 2,Activated/transitional T cells,Non-cytotoxic T cells,True
pbmc4k_CGAACATAGCAGCGTA-1,PBMC4k,Donor 2,Classical monocytes,Classical monocytes,True
pbmc4k_CGAACATAGCTGAAAT-1,PBMC4k,Donor 2,CD16+ non-classical monocytes,CD16+ non-classical monocytes,True
pbmc4k_CGAACATCACAGACAG-1,PBMC4k,Donor 2,Activated/transitional T cells,Non-cytotoxic T cells,True
pbmc4k_CGAACATCACTCAGGC-1,PBMC4k,Donor 2,B cells,B cells,True
pbmc4k_CGAACATGTATTCTCT-1,PBMC4k,Donor 2,Cytotoxic CD8 T cells,Cytotoxic T cells,True
pbmc4k_CGAACATTCACATGCA-1,PBMC4k,Donor 2,IL7R+ memory/helper T cells,Non-cytotoxic T cells,True
pbmc4k_CGAATGTAGTACGATA-1,PBMC4k,Donor 2,Cytotoxic CD8 T cells,Cytotoxic T cells,True
pbmc4k_CGAATGTAGTACTTGC-1,PBMC4k,Donor 2,Activated/transitional T cells,Non-cytotoxic T cells,True
pbmc4k_CGAATGTCAACACGCC-1,PBMC4k,Donor 2,Classical monocytes,Classical monocytes,True
pbmc4k_CGAATGTCACCAGGTC-1,PBMC4k,Donor 2,Cytotoxic CD8 T cells,Cytotoxic T cells,True
pbmc4k_CGAATGTCATCACCCT-1,PBMC4k,Donor 2,Classical monocytes,Classical monocytes,True
pbmc4k_CGAATGTGTAGAAAGG-1,PBMC4k,Donor 2,Classical monocytes,Classical monocytes,True
pbmc4k_CGAATGTTCCACGACG-1,PBMC4k,Donor 2,Classical monocytes,Classical monocytes,True
pbmc4k_CGAATGTTCTGAAAGA-1,PBMC4k,Donor 2,Cytotoxic CD8 T cells,Cytotoxic T cells,True
pbmc4k_CGACCTTAGACCCACC-1,PBMC4k,Donor 2,Cytotoxic CD8 T cells,Cytotoxic T cells,True
pbmc4k_CGACCTTAGTACACCT-1,PBMC4k,Donor 2,Activated/transitional T cells,Non-cytotoxic T cells,True
pbmc4k_CGACCTTCAGTATCTG-1,PBMC4k,Donor 2,Classical monocytes,Classical monocytes,True
pbmc4k_CGACCTTCATTCTTAC-1,PBMC4k,Donor 2,IL7R+ memory/helper T cells,Non-cytotoxic T cells,True
pbmc4k_CGACCTTCATTGGGCC-1,PBMC4k,Donor 2,Naive/resting T cells,Non-cytotoxic T cells,True
pbmc4k_CGACCTTGTAGTAGTA-1,PBMC4k,Donor 2,Cytotoxic CD8 T cells,Cytotoxic T cells,True
pbmc4k_CGACCTTGTCAGCTAT-1,PBMC4k,Donor 2,NK cells,NK cells,True
pbmc4k_CGACCTTGTTGATTGC-1,PBMC4k,Donor 2,CD16+ non-classical monocytes,CD16+ non-classical monocytes,True
pbmc4k_CGACCTTTCATCACCC-1,PBMC4k,Donor 2,Cytotoxic CD8 T cells,Cytotoxic T cells,True
pbmc4k_CGACCTTTCATGTGGT-1,PBMC4k,Donor 2,Classical monocytes,Classical monocytes,True
pbmc4k_CGACCTTTCGGAAACG-1,PBMC4k,Donor 2,Classical monocytes,Classical monocytes,True
pbmc4k_CGACCTTTCGGAAATA-1,PBMC4k,Donor 2,Classical monocytes,Classical monocytes,True
pbmc4k_CGACTTCAGAAGAAGC-1,PBMC4k,Donor 2,Classical monocytes,Classical monocytes,True
pbmc4k_CGACTTCCAAACGCGA-1,PBMC4k,Donor 2,NK cells,NK cells,True
pbmc4k_CGACTTCCAATGCCAT-1,PBMC4k,Donor 2,B cells,B cells,True
pbmc4k_CGACTTCCACTTCTGC-1,PBMC4k,Donor 2,B cells,B cells,True
pbmc4k_CGACTTCCAGTAAGCG-1,PBMC4k,Donor 2,Classical monocytes,Classical monocytes,True
pbmc4k_CGACTTCTCAGTTCGA-1,PBMC4k,Donor 2,Activated/transitional T cells,Non-cytotoxic T cells,True
pbmc4k_CGACTTCTCGTCCAGG-1,PBMC4k,Donor 2,Classical monocytes,Classical monocytes,True
pbmc4k_CGAGAAGAGTTGAGTA-1,PBMC4k,Donor 2,Classical monocytes,Classical monocytes,True
pbmc4k_CGAGAAGCACCATGTA-1,PBMC4k,Donor 2,Classical monocytes,Classical monocytes,True
pbmc4k_CGAGAAGGTACTCGCG-1,PBMC4k,Donor 2,Activated/transitional T cells,Non-cytotoxic T cells,True
pbmc4k_CGAGAAGGTAGAGGAA-1,PBMC4k,Donor 2,Cytotoxic CD8 T cells,Cytotoxic T cells,True
pbmc4k_CGAGAAGGTGTTTGGT-1,PBMC4k,Donor 2,Activated/transitional T cells,Non-cytotoxic T cells,True
pbmc4k_CGAGAAGGTTCCACGG-1,PBMC4k,Donor 2,Classical monocytes,Classical monocytes,True
pbmc4k_CGAGAAGTCACCTCGT-1,PBMC4k,Donor 2,Activated/transitional T cells,Non-cytotoxic T cells,True
pbmc4k_CGAGAAGTCCGTCATC-1,PBMC4k,Donor 2,Classical monocytes,Classical monocytes,True
pbmc4k_CGAGCACGTTACTGAC-1,PBMC4k,Donor 2,Classical monocytes,Classical monocytes,True
pbmc4k_CGAGCACGTTGGTAAA-1,PBMC4k,Donor 2,B cells,B cells,True
pbmc4k_CGAGCACTCACAGTAC-1,PBMC4k,Donor 2,Classical monocytes,Classical monocytes,True
pbmc4k_CGAGCACTCCACGTTC-1,PBMC4k,Donor 2,Activated/transitional T cells,Non-cytotoxic T cells,True
pbmc4k_CGAGCACTCTTTACAC-1,PBMC4k,Donor 2,B cells,B cells,True
pbmc4k_CGAGCCAAGCTACCGC-1,PBMC4k,Donor 2,Naive/resting T cells,Non-cytotoxic T cells,True
pbmc4k_CGAGCCAAGGTGGGTT-1,PBMC4k,Donor 2,Naive/resting T cells,Non-cytotoxic T cells,True
pbmc4k_CGAGCCACAAGTCTAC-1,PBMC4k,Donor 2,Activated/transitional T cells,Non-cytotoxic T cells,True
pbmc4k_CGAGCCATCACTCTTA-1,PBMC4k,Donor 2,Activated/transitional T cells,Non-cytotoxic T cells,True
pbmc4k_CGAGCCATCCACGTTC-1,PBMC4k,Donor 2,B cells,B cells,True
pbmc4k_CGAGCCATCCGAGCCA-1,PBMC4k,Donor 2,Classical monocytes,Classical monocytes,True
pbmc4k_CGAGCCATCTGCAAGT-1,PBMC4k,Donor 2,IL7R+ memory/helper T cells,Non-cytotoxic T cells,True
pbmc4k_CGATCGGAGGACACCA-1,PBMC4k,Donor 2,Classical monocytes,Classical monocytes,True
pbmc4k_CGATCGGAGGATATAC-1,PBMC4k,Donor 2,Activated/transitional T cells,Non-cytotoxic T cells,True
pbmc4k_CGATCGGCAAACAACA-1,PBMC4k,Donor 2,IL7R+ memory/helper T cells,Non-cytotoxic T cells,True
pbmc4k_CGATCGGCACGTAAGG-1,PBMC4k,Donor 2,B cells,B cells,True
pbmc4k_CGATCGGCAGTTCCCT-1,PBMC4k,Donor 2,Cytotoxic CD8 T cells,Cytotoxic T cells,True
pbmc4k_CGATCGGCATAGAAAC-1,PBMC4k,Donor 2,Classical monocytes,Classical monocytes,True
pbmc4k_CGATCGGGTAGTACCT-1,PBMC4k,Donor 2,Activated/transitional T cells,Non-cytotoxic T cells,True
pbmc4k_CGATCGGGTTCTGAAC-1,PBMC4k,Donor 2,CD16+ non-classical monocytes,CD16+ non-classical monocytes,True
pbmc4k_CGATCGGTCATCGCTC-1,PBMC4k,Donor 2,Activated/transitional T cells,Non-cytotoxic T cells,True
pbmc4k_CGATCGGTCATGTCCC-1,PBMC4k,Donor 2,Classical monocytes,Classical monocytes,True
pbmc4k_CGATCGGTCGCGTTTC-1,PBMC4k,Donor 2,IL7R+ memory/helper T cells,Non-cytotoxic T cells,True
pbmc4k_CGATGGCAGCTAAACA-1,PBMC4k,Donor 2,IL7R+ memory/helper T cells,Non-cytotoxic T cells,True
pbmc4k_CGATGGCCAAGACACG-1,PBMC4k,Donor 2,Activated/transitional T cells,Non-cytotoxic T cells,True
pbmc4k_CGATGGCCAATAACGA-1,PBMC4k,Donor 2,Activated/transitional T cells,Non-cytotoxic T cells,True
pbmc4k_CGATGGCGTTCCTCCA-1,PBMC4k,Donor 2,Cytotoxic CD8 T cells,Cytotoxic T cells,True
pbmc4k_CGATGGCGTTGAACTC-1,PBMC4k,Donor 2,Activated/transitional T cells,Non-cytotoxic T cells,True
pbmc4k_CGATGTAAGCGTTCCG-1,PBMC4k,Donor 2,B cells,B cells,True
pbmc4k_CGATGTAAGTTCGCGC-1,PBMC4k,Donor 2,CD16+ non-classical monocytes,CD16+ non-classical monocytes,True
pbmc4k_CGATGTACACTTCTGC-1,PBMC4k,Donor 2,Cytotoxic CD8 T cells,Cytotoxic T cells,True
pbmc4k_CGATGTACAGCCTATA-1,PBMC4k,Donor 2,IL7R+ memory/helper T cells,Non-cytotoxic T cells,True
pbmc4k_CGATGTAGTAGAGCTG-1,PBMC4k,Donor 2,B cells,B cells,True
pbmc4k_CGATGTAGTGGGTCAA-1,PBMC4k,Donor 2,Cytotoxic CD8 T cells,Cytotoxic T cells,True
pbmc4k_CGATGTAGTGTCGCTG-1,PBMC4k,Donor 2,Naive/resting T cells,Non-cytotoxic T cells,True
pbmc4k_CGATGTATCGGACAAG-1,PBMC4k,Donor 2,Activated/transitional T cells,Non-cytotoxic T cells,True
pbmc4k_CGATGTATCGGATGGA-1,PBMC4k,Donor 2,Classical monocytes,Classical monocytes,True
pbmc4k_CGATGTATCGGCGCTA-1,PBMC4k,Donor 2,Classical monocytes,Classical monocytes,True
pbmc4k_CGATGTATCGTACCGG-1,PBMC4k,Donor 2,Cytotoxic CD8 T cells,Cytotoxic T cells,True
pbmc4k_CGATTGAAGGCTAGCA-1,PBMC4k,Donor 2,Activated/transitional T cells,Non-cytotoxic T cells,True
pbmc4k_CGATTGAAGTACTTGC-1,PBMC4k,Donor 2,B cells,B cells,True
pbmc4k_CGATTGACAAGAGGCT-1,PBMC4k,Donor 2,Activated/transitional T cells,Non-cytotoxic T cells,True
pbmc4k_CGATTGACAGCATGAG-1,PBMC4k,Donor 2,Classical monocytes,Classical monocytes,True
pbmc4k_CGATTGACATGCATGT-1,PBMC4k,Donor 2,Activated/transitional T cells,Non-cytotoxic T cells,True
pbmc4k_CGATTGAGTACTTCTT-1,PBMC4k,Donor 2,Classical monocytes,Classical monocytes,True
pbmc4k_CGATTGAGTAGATTAG-1,PBMC4k,Donor 2,Classical monocytes,Classical monocytes,True
pbmc4k_CGATTGATCAAACAAG-1,PBMC4k,Donor 2,IL7R+ memory/helper T cells,Non-cytotoxic T cells,True
pbmc4k_CGATTGATCAGGTTCA-1,PBMC4k,Donor 2,Activated/transitional T cells,Non-cytotoxic T cells,True
pbmc4k_CGCCAAGCATCTCCCA-1,PBMC4k,Donor 2,Cytotoxic CD8 T cells,Cytotoxic T cells,True
pbmc4k_CGCCAAGGTCGGGTCT-1,PBMC4k,Donor 2,Activated/transitional T cells,Non-cytotoxic T cells,True
pbmc4k_CGCCAAGGTCTACCTC-1,PBMC4k,Donor 2,Cytotoxic CD8 T cells,Cytotoxic T cells,True
pbmc4k_CGCCAAGTCATGCATG-1,PBMC4k,Donor 2,Classical monocytes,Classical monocytes,True
pbmc4k_CGCCAAGTCCCTGACT-1,PBMC4k,Donor 2,Cytotoxic CD8 T cells,Cytotoxic T cells,True
pbmc4k_CGCCAAGTCGCTTGTC-1,PBMC4k,Donor 2,Activated/transitional T cells,Non-cytotoxic T cells,True
pbmc4k_CGCGGTAAGCCAGTTT-1,PBMC4k,Donor 2,B cells,B cells,True
pbmc4k_CGCGGTAAGGGAACGG-1,PBMC4k,Donor 2,Classical monocytes,Classical monocytes,True
pbmc4k_CGCGGTACAAACGTGG-1,PBMC4k,Donor 2,NK cells,NK cells,True
pbmc4k_CGCGGTACAAGGTGTG-1,PBMC4k,Donor 2,IL7R+ memory/helper T cells,Non-cytotoxic T cells,True
pbmc4k_CGCGGTACAGGTCCAC-1,PBMC4k,Donor 2,B cells,B cells,True
pbmc4k_CGCGGTACATGCATGT-1,PBMC4k,Donor 2,Classical monocytes,Classical monocytes,True
pbmc4k_CGCGGTAGTAAGAGGA-1,PBMC4k,Donor 2,IL7R+ memory/helper T cells,Non-cytotoxic T cells,True
pbmc4k_CGCGGTAGTAGGGTAC-1,PBMC4k,Donor 2,Cytotoxic CD8 T cells,Cytotoxic T cells,True
pbmc4k_CGCGGTAGTCTCTCTG-1,PBMC4k,Donor 2,Classical monocytes,Classical monocytes,True
pbmc4k_CGCGGTAGTGATAAGT-1,PBMC4k,Donor 2,Classical monocytes,Classical monocytes,True
pbmc4k_CGCGGTAGTTGGTAAA-1,PBMC4k,Donor 2,Activated/transitional T cells,Non-cytotoxic T cells,True
pbmc4k_CGCGGTAGTTGGTGGA-1,PBMC4k,Donor 2,CD16+ non-classical monocytes,CD16+ non-classical monocytes,True
pbmc4k_CGCGGTATCAACTCTT-1,PBMC4k,Donor 2,Activated/transitional T cells,Non-cytotoxic T cells,True
pbmc4k_CGCGGTATCGCACTCT-1,PBMC4k,Donor 2,B cells,B cells,True
pbmc4k_CGCGGTATCGGATGGA-1,PBMC4k,Donor 2,B cells,B cells,True
pbmc4k_CGCGGTATCGGTGTTA-1,PBMC4k,Donor 2,Classical monocytes,Classical monocytes,True
pbmc4k_CGCGGTATCGTACGGC-1,PBMC4k,Donor 2,Classical monocytes,Classical monocytes,True
pbmc4k_CGCGGTATCTTGAGGT-1,PBMC4k,Donor 2,Classical monocytes,Classical monocytes,True
pbmc4k_CGCGTTTAGCAGCGTA-1,PBMC4k,Donor 2,Cytotoxic CD8 T cells,Cytotoxic T cells,True
pbmc4k_CGCGTTTAGCCCAACC-1,PBMC4k,Donor 2,Classical monocytes,Classical monocytes,True
pbmc4k_CGCGTTTAGCTAGTCT-1,PBMC4k,Donor 2,NK cells,NK cells,True
pbmc4k_CGCGTTTCAAAGAATC-1,PBMC4k,Donor 2,IL7R+ memory/helper T cells,Non-cytotoxic T cells,True
pbmc4k_CGCGTTTGTACTCTCC-1,PBMC4k,Donor 2,NK cells,NK cells,True
pbmc4k_CGCGTTTGTAGATTAG-1,PBMC4k,Donor 2,IL7R+ memory/helper T cells,Non-cytotoxic T cells,True
pbmc4k_CGCGTTTTCCTCATTA-1,PBMC4k,Donor 2,IL7R+ memory/helper T cells,Non-cytotoxic T cells,True
pbmc4k_CGCGTTTTCTGCTTGC-1,PBMC4k,Donor 2,CD16+ non-classical monocytes,CD16+ non-classical monocytes,True
pbmc4k_CGCTATCAGACTTGAA-1,PBMC4k,Donor 2,Naive/resting T cells,Non-cytotoxic T cells,True
pbmc4k_CGCTATCCACGTGAGA-1,PBMC4k,Donor 2,Activated/transitional T cells,Non-cytotoxic T cells,True
pbmc4k_CGCTATCCAGGTGCCT-1,PBMC4k,Donor 2,Activated/transitional T cells,Non-cytotoxic T cells,True
pbmc4k_CGCTATCGTTCGTCTC-1,PBMC4k,Donor 2,Activated/transitional T cells,Non-cytotoxic T cells,True
pbmc4k_CGCTGGAGTTGATTGC-1,PBMC4k,Donor 2,Classical monocytes,Classical monocytes,True
pbmc4k_CGCTTCAAGACTAAGT-1,PBMC4k,Donor 2,IL7R+ memory/helper T cells,Non-cytotoxic T cells,True
pbmc4k_CGCTTCAAGCTCTCGG-1,PBMC4k,Donor 2,Classical monocytes,Classical monocytes,True
pbmc4k_CGCTTCAAGTGACTCT-1,PBMC4k,Donor 2,B cells,B cells,True
pbmc4k_CGCTTCAGTTATGCGT-1,PBMC4k,Donor 2,Activated/transitional T cells,Non-cytotoxic T cells,True
pbmc4k_CGCTTCAGTTTGTTGG-1,PBMC4k,Donor 2,Activated/transitional T cells,Non-cytotoxic T cells,True
pbmc4k_CGCTTCATCAACGGCC-1,PBMC4k,Donor 2,B cells,B cells,True
pbmc4k_CGCTTCATCATGCATG-1,PBMC4k,Donor 2,Classical monocytes,Classical monocytes,True
pbmc4k_CGGACACAGACGCAAC-1,PBMC4k,Donor 2,Classical monocytes,Classical monocytes,True
pbmc4k_CGGACACAGCGCCTCA-1,PBMC4k,Donor 2,Classical monocytes,Classical monocytes,True
pbmc4k_CGGACACAGGTGCTAG-1,PBMC4k,Donor 2,Activated/transitional T cells,Non-cytotoxic T cells,True
pbmc4k_CGGACACAGTGCGATG-1,PBMC4k,Donor 2,Activated/transitional T cells,Non-cytotoxic T cells,True
pbmc4k_CGGACACGTAATCGTC-1,PBMC4k,Donor 2,Classical monocytes,Classical monocytes,True
pbmc4k_CGGACACGTCTAACGT-1,PBMC4k,Donor 2,Activated/transitional T cells,Non-cytotoxic T cells,True
pbmc4k_CGGACACTCGGTCCGA-1,PBMC4k,Donor 2,IL7R+ memory/helper T cells,Non-cytotoxic T cells,True
pbmc4k_CGGACACTCTGCTTGC-1,PBMC4k,Donor 2,Cytotoxic CD8 T cells,Cytotoxic T cells,True
pbmc4k_CGGACGTAGACTCGGA-1,PBMC4k,Donor 2,Activated/transitional T cells,Non-cytotoxic T cells,True
pbmc4k_CGGACGTAGAGCTATA-1,PBMC4k,Donor 2,Classical monocytes,Classical monocytes,True
pbmc4k_CGGACGTAGGAGCGAG-1,PBMC4k,Donor 2,Activated/transitional T cells,Non-cytotoxic T cells,True
pbmc4k_CGGACGTAGGGTATCG-1,PBMC4k,Donor 2,Cytotoxic CD8 T cells,Cytotoxic T cells,True
pbmc4k_CGGACGTCACATCCAA-1,PBMC4k,Donor 2,Cytotoxic CD8 T cells,Cytotoxic T cells,True
pbmc4k_CGGACGTCAGGCGATA-1,PBMC4k,Donor 2,Cytotoxic CD8 T cells,Cytotoxic T cells,True
pbmc4k_CGGACGTCAGGGAGAG-1,PBMC4k,Donor 2,Classical monocytes,Classical monocytes,True
pbmc4k_CGGACGTGTCTTTCAT-1,PBMC4k,Donor 2,CD16+ non-classical monocytes,CD16+ non-classical monocytes,True
pbmc4k_CGGACGTTCAAACAAG-1,PBMC4k,Donor 2,Dendritic cells,,False
pbmc4k_CGGACTGAGATGTGTA-1,PBMC4k,Donor 2,Activated/transitional T cells,Non-cytotoxic T cells,True
pbmc4k_CGGACTGAGTTAGGTA-1,PBMC4k,Donor 2,B cells,B cells,True
pbmc4k_CGGACTGCACCATCCT-1,PBMC4k,Donor 2,CD16+ non-classical monocytes,CD16+ non-classical monocytes,True
pbmc4k_CGGACTGGTGGAAAGA-1,PBMC4k,Donor 2,Classical monocytes,Classical monocytes,True
pbmc4k_CGGACTGGTGTTCGAT-1,PBMC4k,Donor 2,Activated/transitional T cells,Non-cytotoxic T cells,True
pbmc4k_CGGACTGTCAAACCGT-1,PBMC4k,Donor 2,Activated/transitional T cells,Non-cytotoxic T cells,True
pbmc4k_CGGACTGTCAGTTCGA-1,PBMC4k,Donor 2,Cytotoxic CD8 T cells,Cytotoxic T cells,True
pbmc4k_CGGACTGTCGGATGGA-1,PBMC4k,Donor 2,CD16+ non-classical monocytes,CD16+ non-classical monocytes,True
pbmc4k_CGGACTGTCGGCGGTT-1,PBMC4k,Donor 2,NK cells,NK cells,True
pbmc4k_CGGACTGTCTTTACAC-1,PBMC4k,Donor 2,Activated/transitional T cells,Non-cytotoxic T cells,True
pbmc4k_CGGAGCTAGATGCCAG-1,PBMC4k,Donor 2,Cytotoxic CD8 T cells,Cytotoxic T cells,True
pbmc4k_CGGAGCTAGCTGCCCA-1,PBMC4k,Donor 2,Classical monocytes,Classical monocytes,True
pbmc4k_CGGAGCTCAAGGTTCT-1,PBMC4k,Donor 2,IL7R+ memory/helper T cells,Non-cytotoxic T cells,True
pbmc4k_CGGAGCTGTCAAAGAT-1,PBMC4k,Donor 2,Activated/transitional T cells,Non-cytotoxic T cells,True
pbmc4k_CGGAGCTGTCCAAGTT-1,PBMC4k,Donor 2,Activated/transitional T cells,Non-cytotoxic T cells,True
pbmc4k_CGGAGCTGTCTAGCCG-1,PBMC4k,Donor 2,Naive/resting T cells,Non-cytotoxic T cells,True
pbmc4k_CGGAGCTTCGCAGGCT-1,PBMC4k,Donor 2,Activated/transitional T cells,Non-cytotoxic T cells,True
pbmc4k_CGGAGCTTCTACCTGC-1,PBMC4k,Donor 2,Naive/resting T cells,Non-cytotoxic T cells,True
pbmc4k_CGGAGCTTCTTAACCT-1,PBMC4k,Donor 2,B cells,B cells,True
pbmc4k_CGGAGTCAGACAGAGA-1,PBMC4k,Donor 2,IL7R+ memory/helper T cells,Non-cytotoxic T cells,True
pbmc4k_CGGAGTCCATCTCCCA-1,PBMC4k,Donor 2,B cells,B cells,True
pbmc4k_CGGAGTCGTCGAATCT-1,PBMC4k,Donor 2,Cytotoxic CD8 T cells,Cytotoxic T cells,True
pbmc4k_CGGAGTCGTTGATTCG-1,PBMC4k,Donor 2,B cells,B cells,True
pbmc4k_CGGAGTCTCTTTAGTC-1,PBMC4k,Donor 2,Naive/resting T cells,Non-cytotoxic T cells,True
pbmc4k_CGGCTAGAGAGCCTAG-1,PBMC4k,Donor 2,B cells,B cells,True
pbmc4k_CGGCTAGAGCTTCGCG-1,PBMC4k,Donor 2,Activated/transitional T cells,Non-cytotoxic T cells,True
pbmc4k_CGGCTAGCACATCCGG-1,PBMC4k,Donor 2,Classical monocytes,Classical monocytes,True
pbmc4k_CGGCTAGCAGATAATG-1,PBMC4k,Donor 2,Activated/transitional T cells,Non-cytotoxic T cells,True
pbmc4k_CGGCTAGCAGCTGTTA-1,PBMC4k,Donor 2,Dendritic cells,,False
pbmc4k_CGGCTAGCAGGAACGT-1,PBMC4k,Donor 2,NK cells,NK cells,True
pbmc4k_CGGCTAGGTATGAATG-1,PBMC4k,Donor 2,Cytotoxic CD8 T cells,Cytotoxic T cells,True
pbmc4k_CGGCTAGGTCTCACCT-1,PBMC4k,Donor 2,NK cells,NK cells,True
pbmc4k_CGGCTAGGTTCGCTAA-1,PBMC4k,Donor 2,Activated/transitional T cells,Non-cytotoxic T cells,True
pbmc4k_CGGCTAGGTTTCCACC-1,PBMC4k,Donor 2,Classical monocytes,Classical monocytes,True
pbmc4k_CGGCTAGTCTACCTGC-1,PBMC4k,Donor 2,IL7R+ memory/helper T cells,Non-cytotoxic T cells,True
pbmc4k_CGGGTCAAGAACAATC-1,PBMC4k,Donor 2,NK cells,NK cells,True
pbmc4k_CGGGTCAAGCCACGCT-1,PBMC4k,Donor 2,Classical monocytes,Classical monocytes,True
pbmc4k_CGGGTCAAGCGAGAAA-1,PBMC4k,Donor 2,Activated/transitional T cells,Non-cytotoxic T cells,True
pbmc4k_CGGGTCAAGGACAGAA-1,PBMC4k,Donor 2,Activated/transitional T cells,Non-cytotoxic T cells,True
pbmc4k_CGGGTCAGTCAACTGT-1,PBMC4k,Donor 2,B cells,B cells,True
pbmc4k_CGGGTCAGTGTGACGA-1,PBMC4k,Donor 2,Activated/transitional T cells,Non-cytotoxic T cells,True
pbmc4k_CGGGTCAGTTACGACT-1,PBMC4k,Donor 2,Activated/transitional T cells,Non-cytotoxic T cells,True
pbmc4k_CGGGTCATCGCCTGTT-1,PBMC4k,Donor 2,Classical monocytes,Classical monocytes,True
pbmc4k_CGGTTAAAGAGTTGGC-1,PBMC4k,Donor 2,CD16+ non-classical monocytes,CD16+ non-classical monocytes,True
pbmc4k_CGGTTAAAGTTTCCTT-1,PBMC4k,Donor 2,Classical monocytes,Classical monocytes,True
pbmc4k_CGGTTAACAACGATCT-1,PBMC4k,Donor 2,Cytotoxic CD8 T cells,Cytotoxic T cells,True
pbmc4k_CGGTTAACAAGTCTAC-1,PBMC4k,Donor 2,NK cells,NK cells,True
pbmc4k_CGGTTAAGTAAGCACG-1,PBMC4k,Donor 2,B cells,B cells,True
pbmc4k_CGGTTAAGTGATGCCC-1,PBMC4k,Donor 2,Naive/resting T cells,Non-cytotoxic T cells,True
pbmc4k_CGGTTAATCCGTAGGC-1,PBMC4k,Donor 2,Activated/transitional T cells,Non-cytotoxic T cells,True
pbmc4k_CGGTTAATCCTGTACC-1,PBMC4k,Donor 2,NK cells,NK cells,True
pbmc4k_CGTAGCGAGAATGTTG-1,PBMC4k,Donor 2,Activated/transitional T cells,Non-cytotoxic T cells,True
pbmc4k_CGTAGCGAGCGTCTAT-1,PBMC4k,Donor 2,CD16+ non-classical monocytes,CD16+ non-classical monocytes,True
pbmc4k_CGTAGCGAGGGAGTAA-1,PBMC4k,Donor 2,IL7R+ memory/helper T cells,Non-cytotoxic T cells,True
pbmc4k_CGTAGCGCAAAGTCAA-1,PBMC4k,Donor 2,Classical monocytes,Classical monocytes,True
pbmc4k_CGTAGCGCACTGCCAG-1,PBMC4k,Donor 2,Naive/resting T cells,Non-cytotoxic T cells,True
pbmc4k_CGTAGCGCATGTTCCC-1,PBMC4k,Donor 2,IL7R+ memory/helper T cells,Non-cytotoxic T cells,True
pbmc4k_CGTAGCGTCTGGCGTG-1,PBMC4k,Donor 2,B cells,B cells,True
pbmc4k_CGTAGCGTCTTGCATT-1,PBMC4k,Donor 2,Activated/transitional T cells,Non-cytotoxic T cells,True
pbmc4k_CGTAGGCAGCTGATAA-1,PBMC4k,Donor 2,CD16+ non-classical monocytes,CD16+ non-classical monocytes,True
pbmc4k_CGTAGGCCAAAGGAAG-1,PBMC4k,Donor 2,CD16+ non-classical monocytes,CD16+ non-classical monocytes,True
pbmc4k_CGTAGGCCAGACTCGC-1,PBMC4k,Donor 2,Activated/transitional T cells,Non-cytotoxic T cells,True
pbmc4k_CGTAGGCCATCTATGG-1,PBMC4k,Donor 2,Cytotoxic CD8 T cells,Cytotoxic T cells,True
pbmc4k_CGTAGGCCATGCCCGA-1,PBMC4k,Donor 2,B cells,B cells,True
pbmc4k_CGTAGGCGTATAGGGC-1,PBMC4k,Donor 2,Activated/transitional T cells,Non-cytotoxic T cells,True
pbmc4k_CGTAGGCTCCAAGTAC-1,PBMC4k,Donor 2,B cells,B cells,True
pbmc4k_CGTCACTAGACTCGGA-1,PBMC4k,Donor 2,Activated/transitional T cells,Non-cytotoxic T cells,True
pbmc4k_CGTCACTAGTGTCTCA-1,PBMC4k,Donor 2,Activated/transitional T cells,Non-cytotoxic T cells,True
pbmc4k_CGTCACTCAATGGAAT-1,PBMC4k,Donor 2,Activated/transitional T cells,Non-cytotoxic T cells,True
pbmc4k_CGTCACTCACTTACGA-1,PBMC4k,Donor 2,Activated/transitional T cells,Non-cytotoxic T cells,True
pbmc4k_CGTCACTTCTGAAAGA-1,PBMC4k,Donor 2,Activated/transitional T cells,Non-cytotoxic T cells,True
pbmc4k_CGTCAGGAGAGACTAT-1,PBMC4k,Donor 2,Activated/transitional T cells,Non-cytotoxic T cells,True
pbmc4k_CGTCAGGCACCGGAAA-1,PBMC4k,Donor 2,Classical monocytes,Classical monocytes,True
pbmc4k_CGTCAGGCAGATGGCA-1,PBMC4k,Donor 2,Activated/transitional T cells,Non-cytotoxic T cells,True
pbmc4k_CGTCAGGGTAAAGTCA-1,PBMC4k,Donor 2,Classical monocytes,Classical monocytes,True
pbmc4k_CGTCAGGTCAGCATGT-1,PBMC4k,Donor 2,B cells,B cells,True
pbmc4k_CGTCAGGTCTGTCCGT-1,PBMC4k,Donor 2,Cytotoxic CD8 T cells,Cytotoxic T cells,True
pbmc4k_CGTCAGGTCTTCAACT-1,PBMC4k,Donor 2,B cells,B cells,True
pbmc4k_CGTCCATAGACCACGA-1,PBMC4k,Donor 2,IL7R+ memory/helper T cells,Non-cytotoxic T cells,True
pbmc4k_CGTCCATAGCATCATC-1,PBMC4k,Donor 2,IL7R+ memory/helper T cells,Non-cytotoxic T cells,True
pbmc4k_CGTCCATAGTGGGCTA-1,PBMC4k,Donor 2,Classical monocytes,Classical monocytes,True
pbmc4k_CGTCCATAGTGTACGG-1,PBMC4k,Donor 2,B cells,B cells,True
pbmc4k_CGTCCATCACAGCGTC-1,PBMC4k,Donor 2,B cells,B cells,True
pbmc4k_CGTCCATCATTAACCG-1,PBMC4k,Donor 2,Activated/transitional T cells,Non-cytotoxic T cells,True
pbmc4k_CGTCCATGTGACTCAT-1,PBMC4k,Donor 2,Classical monocytes,Classical monocytes,True
pbmc4k_CGTCCATTCGCCAGCA-1,PBMC4k,Donor 2,Activated/transitional T cells,Non-cytotoxic T cells,True
pbmc4k_CGTCCATTCGTGGTCG-1,PBMC4k,Donor 2,Activated/transitional T cells,Non-cytotoxic T cells,True
pbmc4k_CGTCCATTCGTTTGCC-1,PBMC4k,Donor 2,IL7R+ memory/helper T cells,Non-cytotoxic T cells,True
pbmc4k_CGTCCATTCTTCGAGA-1,PBMC4k,Donor 2,IL7R+ memory/helper T cells,Non-cytotoxic T cells,True
pbmc4k_CGTCTACAGAGTGACC-1,PBMC4k,Donor 2,IL7R+ memory/helper T cells,Non-cytotoxic T cells,True
pbmc4k_CGTCTACAGTCTTGCA-1,PBMC4k,Donor 2,Cytotoxic CD8 T cells,Cytotoxic T cells,True
pbmc4k_CGTCTACCAAGGTTCT-1,PBMC4k,Donor 2,Cytotoxic CD8 T cells,Cytotoxic T cells,True
pbmc4k_CGTCTACCACAAGCCC-1,PBMC4k,Donor 2,Activated/transitional T cells,Non-cytotoxic T cells,True
pbmc4k_CGTCTACCAGCCTGTG-1,PBMC4k,Donor 2,Activated/transitional T cells,Non-cytotoxic T cells,True
pbmc4k_CGTCTACCATATGGTC-1,PBMC4k,Donor 2,Activated/transitional T cells,Non-cytotoxic T cells,True
pbmc4k_CGTCTACGTCATATCG-1,PBMC4k,Donor 2,Cytotoxic CD8 T cells,Cytotoxic T cells,True
pbmc4k_CGTCTACGTCTAACGT-1,PBMC4k,Donor 2,Cytotoxic CD8 T cells,Cytotoxic T cells,True
pbmc4k_CGTCTACGTGACTCAT-1,PBMC4k,Donor 2,IL7R+ memory/helper T cells,Non-cytotoxic T cells,True
pbmc4k_CGTCTACGTGGACGAT-1,PBMC4k,Donor 2,Activated/transitional T cells,Non-cytotoxic T cells,True
pbmc4k_CGTGAGCAGCTGTCTA-1,PBMC4k,Donor 2,Activated/transitional T cells,Non-cytotoxic T cells,True
pbmc4k_CGTGAGCAGTAGATGT-1,PBMC4k,Donor 2,B cells,B cells,True
pbmc4k_CGTGAGCCATGGTAGG-1,PBMC4k,Donor 2,Activated/transitional T cells,Non-cytotoxic T cells,True
pbmc4k_CGTGAGCGTAGGGACT-1,PBMC4k,Donor 2,Activated/transitional T cells,Non-cytotoxic T cells,True
pbmc4k_CGTGAGCGTCTCTCGT-1,PBMC4k,Donor 2,Cytotoxic CD8 T cells,Cytotoxic T cells,True
pbmc4k_CGTGAGCGTTGTCGCG-1,PBMC4k,Donor 2,Dendritic cells,,False
pbmc4k_CGTGAGCTCAGCTGGC-1,PBMC4k,Donor 2,Naive/resting T cells,Non-cytotoxic T cells,True
pbmc4k_CGTGAGCTCAGTGTTG-1,PBMC4k,Donor 2,CD16+ non-classical monocytes,CD16+ non-classical monocytes,True
pbmc4k_CGTGAGCTCGTTACGA-1,PBMC4k,Donor 2,Naive/resting T cells,Non-cytotoxic T cells,True
pbmc4k_CGTGAGCTCGTTTGCC-1,PBMC4k,Donor 2,Activated/transitional T cells,Non-cytotoxic T cells,True
pbmc4k_CGTGTAAAGAATGTGT-1,PBMC4k,Donor 2,Activated/transitional T cells,Non-cytotoxic T cells,True
pbmc4k_CGTGTAAAGCATGGCA-1,PBMC4k,Donor 2,IL7R+ memory/helper T cells,Non-cytotoxic T cells,True
pbmc4k_CGTGTAAAGCTAGTCT-1,PBMC4k,Donor 2,B cells,B cells,True
pbmc4k_CGTGTAAAGTTGTAGA-1,PBMC4k,Donor 2,Cytotoxic CD8 T cells,Cytotoxic T cells,True
pbmc4k_CGTGTAACACGTGAGA-1,PBMC4k,Donor 2,Naive/resting T cells,Non-cytotoxic T cells,True
pbmc4k_CGTGTAACAGTTCCCT-1,PBMC4k,Donor 2,Cytotoxic CD8 T cells,Cytotoxic T cells,True
pbmc4k_CGTGTAAGTAGGCTGA-1,PBMC4k,Donor 2,B cells,B cells,True
pbmc4k_CGTGTAAGTCACTGGC-1,PBMC4k,Donor 2,Activated/transitional T cells,Non-cytotoxic T cells,True
pbmc4k_CGTGTAATCATTTGGG-1,PBMC4k,Donor 2,Activated/transitional T cells,Non-cytotoxic T cells,True
pbmc4k_CGTGTAATCTCGCTTG-1,PBMC4k,Donor 2,Activated/transitional T cells,Non-cytotoxic T cells,True
pbmc4k_CGTGTCTAGCAGACTG-1,PBMC4k,Donor 2,B cells,B cells,True
pbmc4k_CGTGTCTAGTAGCGGT-1,PBMC4k,Donor 2,Activated/transitional T cells,Non-cytotoxic T cells,True
pbmc4k_CGTGTCTAGTTAAGTG-1,PBMC4k,Donor 2,Naive/resting T cells,Non-cytotoxic T cells,True
pbmc4k_CGTGTCTGTAAACCTC-1,PBMC4k,Donor 2,Activated/transitional T cells,Non-cytotoxic T cells,True
pbmc4k_CGTGTCTTCATCACCC-1,PBMC4k,Donor 2,Activated/transitional T cells,Non-cytotoxic T cells,True
pbmc4k_CGTGTCTTCATGCAAC-1,PBMC4k,Donor 2,Classical monocytes,Classical monocytes,True
pbmc4k_CGTGTCTTCCAGATCA-1,PBMC4k,Donor 2,Classical monocytes,Classical monocytes,True
pbmc4k_CGTGTCTTCTAACTCT-1,PBMC4k,Donor 2,Cytotoxic CD8 T cells,Cytotoxic T cells,True
pbmc4k_CGTTAGAAGCAAATCA-1,PBMC4k,Donor 2,Classical monocytes,Classical monocytes,True
pbmc4k_CGTTAGAAGTCAAGGC-1,PBMC4k,Donor 2,Classical monocytes,Classical monocytes,True
pbmc4k_CGTTAGACAACGATCT-1,PBMC4k,Donor 2,Classical monocytes,Classical monocytes,True
pbmc4k_CGTTAGACAGATAATG-1,PBMC4k,Donor 2,Classical monocytes,Classical monocytes,True
pbmc4k_CGTTAGAGTAATAGCA-1,PBMC4k,Donor 2,Activated/transitional T cells,Non-cytotoxic T cells,True
pbmc4k_CGTTAGAGTCACTTCC-1,PBMC4k,Donor 2,Classical monocytes,Classical monocytes,True
pbmc4k_CGTTAGAGTCTAGAGG-1,PBMC4k,Donor 2,B cells,B cells,True
pbmc4k_CGTTAGAGTCTCTTAT-1,PBMC4k,Donor 2,Classical monocytes,Classical monocytes,True
pbmc4k_CGTTAGAGTTAAAGAC-1,PBMC4k,Donor 2,Classical monocytes,Classical monocytes,True
pbmc4k_CGTTAGAGTTCAGGCC-1,PBMC4k,Donor 2,B cells,B cells,True
pbmc4k_CGTTAGATCGTACGGC-1,PBMC4k,Donor 2,Activated/transitional T cells,Non-cytotoxic T cells,True
pbmc4k_CGTTCTGAGAAACGCC-1,PBMC4k,Donor 2,Classical monocytes,Classical monocytes,True
pbmc4k_CGTTCTGAGCTCAACT-1,PBMC4k,Donor 2,IL7R+ memory/helper T cells,Non-cytotoxic T cells,True
pbmc4k_CGTTCTGAGGCTCAGA-1,PBMC4k,Donor 2,Classical monocytes,Classical monocytes,True
pbmc4k_CGTTCTGCAAGCGTAG-1,PBMC4k,Donor 2,Activated/transitional T cells,Non-cytotoxic T cells,True
pbmc4k_CGTTCTGCACAGGCCT-1,PBMC4k,Donor 2,Activated/transitional T cells,Non-cytotoxic T cells,True
pbmc4k_CGTTCTGCACATTCGA-1,PBMC4k,Donor 2,Classical monocytes,Classical monocytes,True
pbmc4k_CGTTCTGGTGCACGAA-1,PBMC4k,Donor 2,Cytotoxic CD8 T cells,Cytotoxic T cells,True
pbmc4k_CGTTCTGGTTATCCGA-1,PBMC4k,Donor 2,B cells,B cells,True
pbmc4k_CGTTCTGGTTCCAACA-1,PBMC4k,Donor 2,Cytotoxic CD8 T cells,Cytotoxic T cells,True
pbmc4k_CGTTCTGTCCGAGCCA-1,PBMC4k,Donor 2,Classical monocytes,Classical monocytes,True
pbmc4k_CGTTGGGAGAAGGCCT-1,PBMC4k,Donor 2,Activated/transitional T cells,Non-cytotoxic T cells,True
pbmc4k_CGTTGGGAGAGCTATA-1,PBMC4k,Donor 2,Activated/transitional T cells,Non-cytotoxic T cells,True
pbmc4k_CGTTGGGAGATCACGG-1,PBMC4k,Donor 2,Activated/transitional T cells,Non-cytotoxic T cells,True
pbmc4k_CGTTGGGAGCTGTTCA-1,PBMC4k,Donor 2,Cytotoxic CD8 T cells,Cytotoxic T cells,True
pbmc4k_CGTTGGGAGGAATGGA-1,PBMC4k,Donor 2,Classical monocytes,Classical monocytes,True
pbmc4k_CGTTGGGAGGTGCTAG-1,PBMC4k,Donor 2,IL7R+ memory/helper T cells,Non-cytotoxic T cells,True
pbmc4k_CGTTGGGAGTTACGGG-1,PBMC4k,Donor 2,B cells,B cells,True
pbmc4k_CGTTGGGCAGATAATG-1,PBMC4k,Donor 2,Classical monocytes,Classical monocytes,True
pbmc4k_CGTTGGGCAGGTTTCA-1,PBMC4k,Donor 2,Activated/transitional T cells,Non-cytotoxic T cells,True
pbmc4k_CGTTGGGCAGTCTTCC-1,PBMC4k,Donor 2,IL7R+ memory/helper T cells,Non-cytotoxic T cells,True
pbmc4k_CGTTGGGCATAAGACA-1,PBMC4k,Donor 2,Activated/transitional T cells,Non-cytotoxic T cells,True
pbmc4k_CGTTGGGCATCCGGGT-1,PBMC4k,Donor 2,Activated/transitional T cells,Non-cytotoxic T cells,True
pbmc4k_CGTTGGGTCTGATACG-1,PBMC4k,Donor 2,B cells,B cells,True
pbmc4k_CTAACTTAGCCGGTAA-1,PBMC4k,Donor 2,Classical monocytes,Classical monocytes,True
pbmc4k_CTAACTTCACCTATCC-1,PBMC4k,Donor 2,IL7R+ memory/helper T cells,Non-cytotoxic T cells,True
pbmc4k_CTAACTTCAGGCTGAA-1,PBMC4k,Donor 2,Classical monocytes,Classical monocytes,True
pbmc4k_CTAACTTCATCTGGTA-1,PBMC4k,Donor 2,Cytotoxic CD8 T cells,Cytotoxic T cells,True
pbmc4k_CTAACTTGTAAGGGCT-1,PBMC4k,Donor 2,IL7R+ memory/helper T cells,Non-cytotoxic T cells,True
pbmc4k_CTAACTTGTACCCAAT-1,PBMC4k,Donor 2,Cytotoxic CD8 T cells,Cytotoxic T cells,True
pbmc4k_CTAACTTGTATATGAG-1,PBMC4k,Donor 2,Activated/transitional T cells,Non-cytotoxic T cells,True
pbmc4k_CTAACTTTCAACACGT-1,PBMC4k,Donor 2,IL7R+ memory/helper T cells,Non-cytotoxic T cells,True
pbmc4k_CTAACTTTCAGCTTAG-1,PBMC4k,Donor 2,Classical monocytes,Classical monocytes,True
pbmc4k_CTAACTTTCTAACCGA-1,PBMC4k,Donor 2,Classical monocytes,Classical monocytes,True
pbmc4k_CTAAGACAGACAGACC-1,PBMC4k,Donor 2,Activated/transitional T cells,Non-cytotoxic T cells,True
pbmc4k_CTAAGACAGATGAGAG-1,PBMC4k,Donor 2,Activated/transitional T cells,Non-cytotoxic T cells,True
pbmc4k_CTAAGACAGCGTGAGT-1,PBMC4k,Donor 2,Cytotoxic CD8 T cells,Cytotoxic T cells,True
pbmc4k_CTAAGACAGGAACTGC-1,PBMC4k,Donor 2,IL7R+ memory/helper T cells,Non-cytotoxic T cells,True
pbmc4k_CTAAGACAGTATGACA-1,PBMC4k,Donor 2,Activated/transitional T cells,Non-cytotoxic T cells,True
pbmc4k_CTAAGACCACAGCCCA-1,PBMC4k,Donor 2,Activated/transitional T cells,Non-cytotoxic T cells,True
pbmc4k_CTAAGACCAGGTGGAT-1,PBMC4k,Donor 2,Classical monocytes,Classical monocytes,True
pbmc4k_CTAAGACGTAAAGTCA-1,PBMC4k,Donor 2,B cells,B cells,True
pbmc4k_CTAAGACGTAGCGCTC-1,PBMC4k,Donor 2,IL7R+ memory/helper T cells,Non-cytotoxic T cells,True
pbmc4k_CTAAGACTCCACTCCA-1,PBMC4k,Donor 2,B cells,B cells,True
pbmc4k_CTAAGACTCCCTAATT-1,PBMC4k,Donor 2,Activated/transitional T cells,Non-cytotoxic T cells,True
pbmc4k_CTAAGACTCGGACAAG-1,PBMC4k,Donor 2,IL7R+ memory/helper T cells,Non-cytotoxic T cells,True
pbmc4k_CTAAGACTCTGTTGAG-1,PBMC4k,Donor 2,Activated/transitional T cells,Non-cytotoxic T cells,True
pbmc4k_CTAATGGAGTGACTCT-1,PBMC4k,Donor 2,Activated/transitional T cells,Non-cytotoxic T cells,True
pbmc4k_CTAATGGAGTTGCAGG-1,PBMC4k,Donor 2,NK cells,NK cells,True
pbmc4k_CTAATGGCAAGCCGCT-1,PBMC4k,Donor 2,Activated/transitional T cells,Non-cytotoxic T cells,True
pbmc4k_CTAATGGGTGTGTGCC-1,PBMC4k,Donor 2,Activated/transitional T cells,Non-cytotoxic T cells,True
pbmc4k_CTACACCAGCGTAATA-1,PBMC4k,Donor 2,Activated/transitional T cells,Non-cytotoxic T cells,True
pbmc4k_CTACACCAGTCTCAAC-1,PBMC4k,Donor 2,Classical monocytes,Classical monocytes,True
pbmc4k_CTACACCAGTGAACGC-1,PBMC4k,Donor 2,Activated/transitional T cells,Non-cytotoxic T cells,True
pbmc4k_CTACACCAGTGGTCCC-1,PBMC4k,Donor 2,IL7R+ memory/helper T cells,Non-cytotoxic T cells,True
pbmc4k_CTACACCGTACGCTGC-1,PBMC4k,Donor 2,Activated/transitional T cells,Non-cytotoxic T cells,True
pbmc4k_CTACACCGTCCTCTTG-1,PBMC4k,Donor 2,Naive/resting T cells,Non-cytotoxic T cells,True
pbmc4k_CTACACCGTTACGCGC-1,PBMC4k,Donor 2,Classical monocytes,Classical monocytes,True
pbmc4k_CTACACCGTTTGACAC-1,PBMC4k,Donor 2,B cells,B cells,True
pbmc4k_CTACACCTCAGCGATT-1,PBMC4k,Donor 2,Activated/transitional T cells,Non-cytotoxic T cells,True
pbmc4k_CTACACCTCATAGCAC-1,PBMC4k,Donor 2,Dendritic cells,,False
pbmc4k_CTACACCTCTTACCGC-1,PBMC4k,Donor 2,Cytotoxic CD8 T cells,Cytotoxic T cells,True
pbmc4k_CTACACCTCTTGCAAG-1,PBMC4k,Donor 2,Classical monocytes,Classical monocytes,True
pbmc4k_CTACATTAGACTTGAA-1,PBMC4k,Donor 2,Classical monocytes,Classical monocytes,True
pbmc4k_CTACATTAGAGACGAA-1,PBMC4k,Donor 2,Cytotoxic CD8 T cells,Cytotoxic T cells,True
pbmc4k_CTACATTAGAGCTTCT-1,PBMC4k,Donor 2,Classical monocytes,Classical monocytes,True
pbmc4k_CTACATTAGCCACGCT-1,PBMC4k,Donor 2,Activated/transitional T cells,Non-cytotoxic T cells,True
pbmc4k_CTACATTAGCTTATCG-1,PBMC4k,Donor 2,Activated/transitional T cells,Non-cytotoxic T cells,True
pbmc4k_CTACATTCAGATCGGA-1,PBMC4k,Donor 2,Cytotoxic CD8 T cells,Cytotoxic T cells,True
pbmc4k_CTACATTCATCGACGC-1,PBMC4k,Donor 2,NK cells,NK cells,True
pbmc4k_CTACATTGTCACTGGC-1,PBMC4k,Donor 2,B cells,B cells,True
pbmc4k_CTACATTGTCGTTGTA-1,PBMC4k,Donor 2,Cytotoxic CD8 T cells,Cytotoxic T cells,True
pbmc4k_CTACATTTCGGCATCG-1,PBMC4k,Donor 2,B cells,B cells,True
pbmc4k_CTACCCACACCCTATC-1,PBMC4k,Donor 2,Activated/transitional T cells,Non-cytotoxic T cells,True
pbmc4k_CTACCCAGTAAGTTCC-1,PBMC4k,Donor 2,Activated/transitional T cells,Non-cytotoxic T cells,True
pbmc4k_CTACCCAGTCCTCCAT-1,PBMC4k,Donor 2,Activated/transitional T cells,Non-cytotoxic T cells,True
pbmc4k_CTACCCAGTCGTCTTC-1,PBMC4k,Donor 2,Cytotoxic CD8 T cells,Cytotoxic T cells,True
pbmc4k_CTACCCAGTGGTAACG-1,PBMC4k,Donor 2,Classical monocytes,Classical monocytes,True
pbmc4k_CTACCCATCAACACGT-1,PBMC4k,Donor 2,B cells,B cells,True
pbmc4k_CTACCCATCTACTTAC-1,PBMC4k,Donor 2,Classical monocytes,Classical monocytes,True
pbmc4k_CTACGTCAGAGGTTGC-1,PBMC4k,Donor 2,Activated/transitional T cells,Non-cytotoxic T cells,True
pbmc4k_CTACGTCAGTGACTCT-1,PBMC4k,Donor 2,B cells,B cells,True
pbmc4k_CTACGTCCAGCCTTTC-1,PBMC4k,Donor 2,Activated/transitional T cells,Non-cytotoxic T cells,True
pbmc4k_CTACGTCCATTGGCGC-1,PBMC4k,Donor 2,Classical monocytes,Classical monocytes,True
pbmc4k_CTACGTCGTAAGGGAA-1,PBMC4k,Donor 2,B cells,B cells,True
pbmc4k_CTACGTCGTCAGATAA-1,PBMC4k,Donor 2,Classical monocytes,Classical monocytes,True
pbmc4k_CTACGTCGTGTGACCC-1,PBMC4k,Donor 2,CD16+ non-classical monocytes,CD16+ non-classical monocytes,True
pbmc4k_CTACGTCGTTGTACAC-1,PBMC4k,Donor 2,Activated/transitional T cells,Non-cytotoxic T cells,True
pbmc4k_CTACGTCGTTTGCATG-1,PBMC4k,Donor 2,Classical monocytes,Classical monocytes,True
pbmc4k_CTACGTCTCTGGAGCC-1,PBMC4k,Donor 2,Classical monocytes,Classical monocytes,True
pbmc4k_CTAGAGTAGACCCACC-1,PBMC4k,Donor 2,Classical monocytes,Classical monocytes,True
pbmc4k_CTAGAGTAGGGTTTCT-1,PBMC4k,Donor 2,Classical monocytes,Classical monocytes,True
pbmc4k_CTAGAGTAGTGGGCTA-1,PBMC4k,Donor 2,Classical monocytes,Classical monocytes,True
pbmc4k_CTAGAGTCATCCTTGC-1,PBMC4k,Donor 2,Activated/transitional T cells,Non-cytotoxic T cells,True
pbmc4k_CTAGAGTCATGCCACG-1,PBMC4k,Donor 2,IL7R+ memory/helper T cells,Non-cytotoxic T cells,True
pbmc4k_CTAGAGTGTACAAGTA-1,PBMC4k,Donor 2,B cells,B cells,True
pbmc4k_CTAGAGTGTCATTAGC-1,PBMC4k,Donor 2,Naive/resting T cells,Non-cytotoxic T cells,True
pbmc4k_CTAGAGTTCCGCAGTG-1,PBMC4k,Donor 2,IL7R+ memory/helper T cells,Non-cytotoxic T cells,True
pbmc4k_CTAGAGTTCGAGAACG-1,PBMC4k,Donor 2,Activated/transitional T cells,Non-cytotoxic T cells,True
pbmc4k_CTAGCCTAGGGAGTAA-1,PBMC4k,Donor 2,Cytotoxic CD8 T cells,Cytotoxic T cells,True
pbmc4k_CTAGCCTGTCAACATC-1,PBMC4k,Donor 2,Cytotoxic CD8 T cells,Cytotoxic T cells,True
pbmc4k_CTAGCCTGTCGGCATC-1,PBMC4k,Donor 2,Activated/transitional T cells,Non-cytotoxic T cells,True
pbmc4k_CTAGCCTTCTCCAACC-1,PBMC4k,Donor 2,Activated/transitional T cells,Non-cytotoxic T cells,True
pbmc4k_CTAGCCTTCTGTACGA-1,PBMC4k,Donor 2,Classical monocytes,Classical monocytes,True
pbmc4k_CTAGTGAAGCCGGTAA-1,PBMC4k,Donor 2,IL7R+ memory/helper T cells,Non-cytotoxic T cells,True
pbmc4k_CTAGTGAGTCAATGTC-1,PBMC4k,Donor 2,B cells,B cells,True
pbmc4k_CTAGTGAGTCTCTTTA-1,PBMC4k,Donor 2,Cytotoxic CD8 T cells,Cytotoxic T cells,True
pbmc4k_CTAGTGAGTTGTCTTT-1,PBMC4k,Donor 2,Classical monocytes,Classical monocytes,True
pbmc4k_CTAGTGATCGCCTGAG-1,PBMC4k,Donor 2,IL7R+ memory/helper T cells,Non-cytotoxic T cells,True
pbmc4k_CTCACACAGCCCGAAA-1,PBMC4k,Donor 2,Classical monocytes,Classical monocytes,True
pbmc4k_CTCACACAGCGTTTAC-1,PBMC4k,Donor 2,Activated/transitional T cells,Non-cytotoxic T cells,True
pbmc4k_CTCACACCAGTTCATG-1,PBMC4k,Donor 2,Classical monocytes,Classical monocytes,True
pbmc4k_CTCACACCATGCCCGA-1,PBMC4k,Donor 2,Activated/transitional T cells,Non-cytotoxic T cells,True
pbmc4k_CTCACACGTATAGGGC-1,PBMC4k,Donor 2,Cytotoxic CD8 T cells,Cytotoxic T cells,True
pbmc4k_CTCACACGTTTAAGCC-1,PBMC4k,Donor 2,Activated/transitional T cells,Non-cytotoxic T cells,True
pbmc4k_CTCACACTCAGTTGAC-1,PBMC4k,Donor 2,NK cells,NK cells,True
pbmc4k_CTCACACTCTACGAGT-1,PBMC4k,Donor 2,Activated/transitional T cells,Non-cytotoxic T cells,True
pbmc4k_CTCACACTCTGCCAGG-1,PBMC4k,Donor 2,Cytotoxic CD8 T cells,Cytotoxic T cells,True
pbmc4k_CTCAGAAAGAGTAATC-1,PBMC4k,Donor 2,B cells,B cells,True
pbmc4k_CTCAGAAAGGTGTGGT-1,PBMC4k,Donor 2,IL7R+ memory/helper T cells,Non-cytotoxic T cells,True
pbmc4k_CTCAGAAAGTAGCGGT-1,PBMC4k,Donor 2,B cells,B cells,True
pbmc4k_CTCAGAACAATCTGCA-1,PBMC4k,Donor 2,Activated/transitional T cells,Non-cytotoxic T cells,True
pbmc4k_CTCAGAAGTATCGCAT-1,PBMC4k,Donor 2,Classical monocytes,Classical monocytes,True
pbmc4k_CTCAGAAGTCAAAGAT-1,PBMC4k,Donor 2,B cells,B cells,True
pbmc4k_CTCATTAAGCCAACAG-1,PBMC4k,Donor 2,Cytotoxic CD8 T cells,Cytotoxic T cells,True
pbmc4k_CTCATTAAGCTGCGAA-1,PBMC4k,Donor 2,CD16+ non-classical monocytes,CD16+ non-classical monocytes,True
pbmc4k_CTCATTAAGGATCGCA-1,PBMC4k,Donor 2,Classical monocytes,Classical monocytes,True
pbmc4k_CTCATTAAGGTCATCT-1,PBMC4k,Donor 2,Classical monocytes,Classical monocytes,True
pbmc4k_CTCATTACACGGCCAT-1,PBMC4k,Donor 2,Classical monocytes,Classical monocytes,True
pbmc4k_CTCATTACAGGGCATA-1,PBMC4k,Donor 2,Activated/transitional T cells,Non-cytotoxic T cells,True
pbmc4k_CTCATTACAGGTCCAC-1,PBMC4k,Donor 2,Activated/transitional T cells,Non-cytotoxic T cells,True
pbmc4k_CTCATTACATAGGATA-1,PBMC4k,Donor 2,Classical monocytes,Classical monocytes,True
pbmc4k_CTCATTACATGAACCT-1,PBMC4k,Donor 2,IL7R+ memory/helper T cells,Non-cytotoxic T cells,True
pbmc4k_CTCATTAGTCTCCATC-1,PBMC4k,Donor 2,Classical monocytes,Classical monocytes,True
pbmc4k_CTCATTATCAGTCCCT-1,PBMC4k,Donor 2,Classical monocytes,Classical monocytes,True
pbmc4k_CTCATTATCATTTGGG-1,PBMC4k,Donor 2,Activated/transitional T cells,Non-cytotoxic T cells,True
pbmc4k_CTCATTATCTTAACCT-1,PBMC4k,Donor 2,Classical monocytes,Classical monocytes,True
pbmc4k_CTCCTAGAGAACAATC-1,PBMC4k,Donor 2,Activated/transitional T cells,Non-cytotoxic T cells,True
pbmc4k_CTCCTAGAGCAGACTG-1,PBMC4k,Donor 2,B cells,B cells,True
pbmc4k_CTCCTAGAGTACGTTC-1,PBMC4k,Donor 2,Classical monocytes,Classical monocytes,True
pbmc4k_CTCCTAGAGTTCGCGC-1,PBMC4k,Donor 2,Classical monocytes,Classical monocytes,True
pbmc4k_CTCCTAGCATTGGTAC-1,PBMC4k,Donor 2,Classical monocytes,Classical monocytes,True
pbmc4k_CTCCTAGGTGGCTCCA-1,PBMC4k,Donor 2,Activated/transitional T cells,Non-cytotoxic T cells,True
pbmc4k_CTCCTAGTCAAAGACA-1,PBMC4k,Donor 2,Activated/transitional T cells,Non-cytotoxic T cells,True
pbmc4k_CTCCTAGTCCGCATCT-1,PBMC4k,Donor 2,Classical monocytes,Classical monocytes,True
pbmc4k_CTCCTAGTCGTACCGG-1,PBMC4k,Donor 2,Cytotoxic CD8 T cells,Cytotoxic T cells,True
pbmc4k_CTCCTAGTCTGCTGTC-1,PBMC4k,Donor 2,Naive/resting T cells,Non-cytotoxic T cells,True
pbmc4k_CTCGAAAAGCGCCTTG-1,PBMC4k,Donor 2,Activated/transitional T cells,Non-cytotoxic T cells,True
pbmc4k_CTCGAAACAGTGAGTG-1,PBMC4k,Donor 2,Classical monocytes,Classical monocytes,True
pbmc4k_CTCGAAACATGACATC-1,PBMC4k,Donor 2,NK cells,NK cells,True
pbmc4k_CTCGAAAGTCAATGTC-1,PBMC4k,Donor 2,IL7R+ memory/helper T cells,Non-cytotoxic T cells,True
pbmc4k_CTCGAAATCAGTGCAT-1,PBMC4k,Donor 2,Activated/transitional T cells,Non-cytotoxic T cells,True
pbmc4k_CTCGAGGAGGCTATCT-1,PBMC4k,Donor 2,Activated/transitional T cells,Non-cytotoxic T cells,True
pbmc4k_CTCGAGGAGTTATCGC-1,PBMC4k,Donor 2,B cells,B cells,True
pbmc4k_CTCGAGGCAAAGTGCG-1,PBMC4k,Donor 2,Activated/transitional T cells,Non-cytotoxic T cells,True
pbmc4k_CTCGAGGCAATAACGA-1,PBMC4k,Donor 2,IL7R+ memory/helper T cells,Non-cytotoxic T cells,True
pbmc4k_CTCGAGGGTAAATGAC-1,PBMC4k,Donor 2,Activated/transitional T cells,Non-cytotoxic T cells,True
pbmc4k_CTCGAGGTCCCATTAT-1,PBMC4k,Donor 2,NK cells,NK cells,True
pbmc4k_CTCGAGGTCGGAGGTA-1,PBMC4k,Donor 2,Activated/transitional T cells,Non-cytotoxic T cells,True
pbmc4k_CTCGAGGTCTGGGCCA-1,PBMC4k,Donor 2,Cytotoxic CD8 T cells,Cytotoxic T cells,True
pbmc4k_CTCGAGGTCTTTACAC-1,PBMC4k,Donor 2,Cytotoxic CD8 T cells,Cytotoxic T cells,True
pbmc4k_CTCGGAGAGCGAAGGG-1,PBMC4k,Donor 2,Cytotoxic CD8 T cells,Cytotoxic T cells,True
pbmc4k_CTCGGAGCAGACGCCT-1,PBMC4k,Donor 2,B cells,B cells,True
pbmc4k_CTCGGAGGTCGACTGC-1,PBMC4k,Donor 2,IL7R+ memory/helper T cells,Non-cytotoxic T cells,True
pbmc4k_CTCGGAGGTGCAGTAG-1,PBMC4k,Donor 2,Classical monocytes,Classical monocytes,True
pbmc4k_CTCGGAGTCCTATGTT-1,PBMC4k,Donor 2,Activated/transitional T cells,Non-cytotoxic T cells,True
pbmc4k_CTCGGGAAGAAGAAGC-1,PBMC4k,Donor 2,Cytotoxic CD8 T cells,Cytotoxic T cells,True
pbmc4k_CTCGGGAAGGTGCAAC-1,PBMC4k,Donor 2,Cytotoxic CD8 T cells,Cytotoxic T cells,True
pbmc4k_CTCGGGACAAGCGCTC-1,PBMC4k,Donor 2,Activated/transitional T cells,Non-cytotoxic T cells,True
pbmc4k_CTCGGGACACCTGGTG-1,PBMC4k,Donor 2,Activated/transitional T cells,Non-cytotoxic T cells,True
pbmc4k_CTCGGGAGTTCAGCGC-1,PBMC4k,Donor 2,Classical monocytes,Classical monocytes,True
pbmc4k_CTCGGGAGTTTAGGAA-1,PBMC4k,Donor 2,Cytotoxic CD8 T cells,Cytotoxic T cells,True
pbmc4k_CTCGGGAGTTTGGGCC-1,PBMC4k,Donor 2,Activated/transitional T cells,Non-cytotoxic T cells,True
pbmc4k_CTCGGGATCCCAAGTA-1,PBMC4k,Donor 2,B cells,B cells,True
pbmc4k_CTCGGGATCGAATCCA-1,PBMC4k,Donor 2,NK cells,NK cells,True
pbmc4k_CTCGGGATCTTTACGT-1,PBMC4k,Donor 2,B cells,B cells,True
pbmc4k_CTCGTACAGACTGGGT-1,PBMC4k,Donor 2,Cytotoxic CD8 T cells,Cytotoxic T cells,True
pbmc4k_CTCGTACCAAAGAATC-1,PBMC4k,Donor 2,IL7R+ memory/helper T cells,Non-cytotoxic T cells,True
pbmc4k_CTCGTACCACATGTGT-1,PBMC4k,Donor 2,NK cells,NK cells,True
pbmc4k_CTCGTACCACCTCGGA-1,PBMC4k,Donor 2,Naive/resting T cells,Non-cytotoxic T cells,True
pbmc4k_CTCGTACCATGAGCGA-1,PBMC4k,Donor 2,Cytotoxic CD8 T cells,Cytotoxic T cells,True
pbmc4k_CTCGTACGTAGAGGAA-1,PBMC4k,Donor 2,Activated/transitional T cells,Non-cytotoxic T cells,True
pbmc4k_CTCGTACGTCCGACGT-1,PBMC4k,Donor 2,Activated/transitional T cells,Non-cytotoxic T cells,True
pbmc4k_CTCGTACGTTTGTGTG-1,PBMC4k,Donor 2,B cells,B cells,True
pbmc4k_CTCGTACTCAGCTTAG-1,PBMC4k,Donor 2,Cytotoxic CD8 T cells,Cytotoxic T cells,True
pbmc4k_CTCGTACTCATTTGGG-1,PBMC4k,Donor 2,Cytotoxic CD8 T cells,Cytotoxic T cells,True
pbmc4k_CTCGTCAAGTAATCCC-1,PBMC4k,Donor 2,Classical monocytes,Classical monocytes,True
pbmc4k_CTCGTCACAAGGCTCC-1,PBMC4k,Donor 2,Activated/transitional T cells,Non-cytotoxic T cells,True
pbmc4k_CTCGTCACAATCGAAA-1,PBMC4k,Donor 2,NK cells,NK cells,True
pbmc4k_CTCGTCACACCTGGTG-1,PBMC4k,Donor 2,Cytotoxic CD8 T cells,Cytotoxic T cells,True
pbmc4k_CTCGTCAGTAACGACG-1,PBMC4k,Donor 2,B cells,B cells,True
pbmc4k_CTCGTCAGTAGGGACT-1,PBMC4k,Donor 2,Classical monocytes,Classical monocytes,True
pbmc4k_CTCGTCAGTGATGATA-1,PBMC4k,Donor 2,Cytotoxic CD8 T cells,Cytotoxic T cells,True
pbmc4k_CTCGTCAGTGCCTGCA-1,PBMC4k,Donor 2,B cells,B cells,True
pbmc4k_CTCGTCAGTTCGAATC-1,PBMC4k,Donor 2,Classical monocytes,Classical monocytes,True
pbmc4k_CTCTAATAGAGGTAGA-1,PBMC4k,Donor 2,B cells,B cells,True
pbmc4k_CTCTAATAGCTGGAAC-1,PBMC4k,Donor 2,Activated/transitional T cells,Non-cytotoxic T cells,True
pbmc4k_CTCTAATAGGTTCCTA-1,PBMC4k,Donor 2,B cells,B cells,True
pbmc4k_CTCTAATCACCTGGTG-1,PBMC4k,Donor 2,Cytotoxic CD8 T cells,Cytotoxic T cells,True
pbmc4k_CTCTAATGTCGAATCT-1,PBMC4k,Donor 2,Activated/transitional T cells,Non-cytotoxic T cells,True
pbmc4k_CTCTAATGTTAGTGGG-1,PBMC4k,Donor 2,Cytotoxic CD8 T cells,Cytotoxic T cells,True
pbmc4k_CTCTAATGTTGGACCC-1,PBMC4k,Donor 2,Activated/transitional T cells,Non-cytotoxic T cells,True
pbmc4k_CTCTAATGTTTGGGCC-1,PBMC4k,Donor 2,Cytotoxic CD8 T cells,Cytotoxic T cells,True
pbmc4k_CTCTAATTCCAAACTG-1,PBMC4k,Donor 2,Cytotoxic CD8 T cells,Cytotoxic T cells,True
pbmc4k_CTCTAATTCGGCCGAT-1,PBMC4k,Donor 2,NK cells,NK cells,True
pbmc4k_CTCTACGAGCCAGAAC-1,PBMC4k,Donor 2,Cytotoxic CD8 T cells,Cytotoxic T cells,True
pbmc4k_CTCTACGAGCGACGTA-1,PBMC4k,Donor 2,Activated/transitional T cells,Non-cytotoxic T cells,True
pbmc4k_CTCTACGCACACCGAC-1,PBMC4k,Donor 2,B cells,B cells,True
pbmc4k_CTCTACGGTAAAGTCA-1,PBMC4k,Donor 2,Classical monocytes,Classical monocytes,True
pbmc4k_CTCTACGGTATAGTAG-1,PBMC4k,Donor 2,B cells,B cells,True
pbmc4k_CTCTACGGTTAAGATG-1,PBMC4k,Donor 2,Classical monocytes,Classical monocytes,True
pbmc4k_CTCTGGTAGACTTTCG-1,PBMC4k,Donor 2,Classical monocytes,Classical monocytes,True
pbmc4k_CTCTGGTAGTTAGGTA-1,PBMC4k,Donor 2,Cytotoxic CD8 T cells,Cytotoxic T cells,True
pbmc4k_CTCTGGTCAAATCCGT-1,PBMC4k,Donor 2,Activated/transitional T cells,Non-cytotoxic T cells,True
pbmc4k_CTCTGGTCACGAGAGT-1,PBMC4k,Donor 2,Classical monocytes,Classical monocytes,True
pbmc4k_CTCTGGTCATAACCTG-1,PBMC4k,Donor 2,B cells,B cells,True
pbmc4k_CTCTGGTGTAAATGAC-1,PBMC4k,Donor 2,Naive/resting T cells,Non-cytotoxic T cells,True
pbmc4k_CTCTGGTGTCGTCTTC-1,PBMC4k,Donor 2,Activated/transitional T cells,Non-cytotoxic T cells,True
pbmc4k_CTCTGGTGTGAACCTT-1,PBMC4k,Donor 2,Classical monocytes,Classical monocytes,True
pbmc4k_CTCTGGTGTTAAGGGC-1,PBMC4k,Donor 2,CD16+ non-classical monocytes,CD16+ non-classical monocytes,True
pbmc4k_CTCTGGTTCCTCTAGC-1,PBMC4k,Donor 2,Activated/transitional T cells,Non-cytotoxic T cells,True
pbmc4k_CTCTGGTTCTATGTGG-1,PBMC4k,Donor 2,B cells,B cells,True
pbmc4k_CTGAAACGTCATACTG-1,PBMC4k,Donor 2,Activated/transitional T cells,Non-cytotoxic T cells,True
pbmc4k_CTGAAACTCGTTTAGG-1,PBMC4k,Donor 2,IL7R+ memory/helper T cells,Non-cytotoxic T cells,True
pbmc4k_CTGAAACTCTAACTCT-1,PBMC4k,Donor 2,IL7R+ memory/helper T cells,Non-cytotoxic T cells,True
pbmc4k_CTGAAGTAGACTACAA-1,PBMC4k,Donor 2,Activated/transitional T cells,Non-cytotoxic T cells,True
pbmc4k_CTGAAGTAGCGATAGC-1,PBMC4k,Donor 2,B cells,B cells,True
pbmc4k_CTGAAGTCACGGTAGA-1,PBMC4k,Donor 2,Cytotoxic CD8 T cells,Cytotoxic T cells,True
pbmc4k_CTGAAGTGTCACCCAG-1,PBMC4k,Donor 2,NK cells,NK cells,True
pbmc4k_CTGAAGTGTTAAGAAC-1,PBMC4k,Donor 2,Classical monocytes,Classical monocytes,True
pbmc4k_CTGAAGTGTTGACGTT-1,PBMC4k,Donor 2,Activated/transitional T cells,Non-cytotoxic T cells,True
pbmc4k_CTGAAGTGTTTGTTGG-1,PBMC4k,Donor 2,Cytotoxic CD8 T cells,Cytotoxic T cells,True
pbmc4k_CTGAAGTTCGTATCAG-1,PBMC4k,Donor 2,Activated/transitional T cells,Non-cytotoxic T cells,True
pbmc4k_CTGATAGAGACGCAAC-1,PBMC4k,Donor 2,Cytotoxic CD8 T cells,Cytotoxic T cells,True
pbmc4k_CTGATAGAGGAATGGA-1,PBMC4k,Donor 2,Classical monocytes,Classical monocytes,True
pbmc4k_CTGATAGAGGGTGTGT-1,PBMC4k,Donor 2,Activated/transitional T cells,Non-cytotoxic T cells,True
pbmc4k_CTGATAGCAACTGGCC-1,PBMC4k,Donor 2,Activated/transitional T cells,Non-cytotoxic T cells,True
pbmc4k_CTGATAGCACGACGAA-1,PBMC4k,Donor 2,B cells,B cells,True
pbmc4k_CTGATAGGTACCGAGA-1,PBMC4k,Donor 2,B cells,B cells,True
pbmc4k_CTGATAGGTGCTGTAT-1,PBMC4k,Donor 2,Classical monocytes,Classical monocytes,True
pbmc4k_CTGATAGGTTGACGTT-1,PBMC4k,Donor 2,Activated/transitional T cells,Non-cytotoxic T cells,True
pbmc4k_CTGATAGTCGAATGGG-1,PBMC4k,Donor 2,Cytotoxic CD8 T cells,Cytotoxic T cells,True
pbmc4k_CTGATAGTCTTTACGT-1,PBMC4k,Donor 2,Naive/resting T cells,Non-cytotoxic T cells,True
pbmc4k_CTGATCCAGGCAGGTT-1,PBMC4k,Donor 2,IL7R+ memory/helper T cells,Non-cytotoxic T cells,True
pbmc4k_CTGATCCCATCCTAGA-1,PBMC4k,Donor 2,Activated/transitional T cells,Non-cytotoxic T cells,True
pbmc4k_CTGATCCGTCTAACGT-1,PBMC4k,Donor 2,Activated/transitional T cells,Non-cytotoxic T cells,True
pbmc4k_CTGATCCGTCTCATCC-1,PBMC4k,Donor 2,Naive/resting T cells,Non-cytotoxic T cells,True
pbmc4k_CTGATCCGTGCAACTT-1,PBMC4k,Donor 2,Classical monocytes,Classical monocytes,True
pbmc4k_CTGATCCGTTCGCGAC-1,PBMC4k,Donor 2,Cytotoxic CD8 T cells,Cytotoxic T cells,True
pbmc4k_CTGATCCTCTCTGAGA-1,PBMC4k,Donor 2,Naive/resting T cells,Non-cytotoxic T cells,True
pbmc4k_CTGCCTAAGATATGGT-1,PBMC4k,Donor 2,B cells,B cells,True
pbmc4k_CTGCCTAAGTCCAGGA-1,PBMC4k,Donor 2,B cells,B cells,True
pbmc4k_CTGCCTAAGTGCGATG-1,PBMC4k,Donor 2,IL7R+ memory/helper T cells,Non-cytotoxic T cells,True
pbmc4k_CTGCCTACAAAGCAAT-1,PBMC4k,Donor 2,Activated/transitional T cells,Non-cytotoxic T cells,True
pbmc4k_CTGCCTACATACGCCG-1,PBMC4k,Donor 2,IL7R+ memory/helper T cells,Non-cytotoxic T cells,True
pbmc4k_CTGCCTACATTAACCG-1,PBMC4k,Donor 2,IL7R+ memory/helper T cells,Non-cytotoxic T cells,True
pbmc4k_CTGCCTAGTCGACTGC-1,PBMC4k,Donor 2,IL7R+ memory/helper T cells,Non-cytotoxic T cells,True
pbmc4k_CTGCCTAGTGAGTGAC-1,PBMC4k,Donor 2,Classical monocytes,Classical monocytes,True
pbmc4k_CTGCCTAGTTAGAACA-1,PBMC4k,Donor 2,Classical monocytes,Classical monocytes,True
pbmc4k_CTGCGGAAGGGAAACA-1,PBMC4k,Donor 2,Classical monocytes,Classical monocytes,True
pbmc4k_CTGCGGAAGTACGCGA-1,PBMC4k,Donor 2,CD16+ non-classical monocytes,CD16+ non-classical monocytes,True
pbmc4k_CTGCGGAAGTGCGATG-1,PBMC4k,Donor 2,Activated/transitional T cells,Non-cytotoxic T cells,True
pbmc4k_CTGCGGAAGTTCGCGC-1,PBMC4k,Donor 2,B cells,B cells,True
pbmc4k_CTGCGGACAGTATGCT-1,PBMC4k,Donor 2,B cells,B cells,True
pbmc4k_CTGCGGATCTCCGGTT-1,PBMC4k,Donor 2,Activated/transitional T cells,Non-cytotoxic T cells,True
pbmc4k_CTGCGGATCTGCAAGT-1,PBMC4k,Donor 2,NK cells,NK cells,True
pbmc4k_CTGCTGTAGAATCTCC-1,PBMC4k,Donor 2,Naive/resting T cells,Non-cytotoxic T cells,True
pbmc4k_CTGCTGTAGACACGAC-1,PBMC4k,Donor 2,Classical monocytes,Classical monocytes,True
pbmc4k_CTGCTGTAGACTAAGT-1,PBMC4k,Donor 2,Cytotoxic CD8 T cells,Cytotoxic T cells,True
pbmc4k_CTGCTGTAGAGCTGGT-1,PBMC4k,Donor 2,Cytotoxic CD8 T cells,Cytotoxic T cells,True
pbmc4k_CTGCTGTAGATATACG-1,PBMC4k,Donor 2,Classical monocytes,Classical monocytes,True
pbmc4k_CTGCTGTGTAAATGTG-1,PBMC4k,Donor 2,Activated/transitional T cells,Non-cytotoxic T cells,True
pbmc4k_CTGCTGTGTACCGTAT-1,PBMC4k,Donor 2,B cells,B cells,True
pbmc4k_CTGCTGTGTCGCGAAA-1,PBMC4k,Donor 2,Activated/transitional T cells,Non-cytotoxic T cells,True
pbmc4k_CTGGTCTAGTAGGCCA-1,PBMC4k,Donor 2,Activated/transitional T cells,Non-cytotoxic T cells,True
pbmc4k_CTGGTCTCAGCTTCGG-1,PBMC4k,Donor 2,Activated/transitional T cells,Non-cytotoxic T cells,True
pbmc4k_CTGGTCTCAGGCAGTA-1,PBMC4k,Donor 2,Classical monocytes,Classical monocytes,True
pbmc4k_CTGGTCTGTACTCGCG-1,PBMC4k,Donor 2,Classical monocytes,Classical monocytes,True
pbmc4k_CTGGTCTTCAACACAC-1,PBMC4k,Donor 2,Cytotoxic CD8 T cells,Cytotoxic T cells,True
pbmc4k_CTGGTCTTCCAAACAC-1,PBMC4k,Donor 2,Classical monocytes,Classical monocytes,True
pbmc4k_CTGGTCTTCGCAAACT-1,PBMC4k,Donor 2,Cytotoxic CD8 T cells,Cytotoxic T cells,True
pbmc4k_CTGTGCTAGACAATAC-1,PBMC4k,Donor 2,Classical monocytes,Classical monocytes,True
pbmc4k_CTGTGCTAGAGGTAGA-1,PBMC4k,Donor 2,Dendritic cells,,False
pbmc4k_CTGTGCTAGTTACGGG-1,PBMC4k,Donor 2,Cytotoxic CD8 T cells,Cytotoxic T cells,True
pbmc4k_CTGTGCTCAAAGCAAT-1,PBMC4k,Donor 2,B cells,B cells,True
pbmc4k_CTGTGCTCATGCAACT-1,PBMC4k,Donor 2,Classical monocytes,Classical monocytes,True
pbmc4k_CTGTGCTGTCTCTTAT-1,PBMC4k,Donor 2,B cells,B cells,True
pbmc4k_CTGTGCTTCCATTCTA-1,PBMC4k,Donor 2,Cytotoxic CD8 T cells,Cytotoxic T cells,True
pbmc4k_CTGTGCTTCCGCGGTA-1,PBMC4k,Donor 2,Classical monocytes,Classical monocytes,True
pbmc4k_CTGTTTAAGATATACG-1,PBMC4k,Donor 2,Cytotoxic CD8 T cells,Cytotoxic T cells,True
pbmc4k_CTGTTTACAGATGAGC-1,PBMC4k,Donor 2,Classical monocytes,Classical monocytes,True
pbmc4k_CTGTTTAGTAAATACG-1,PBMC4k,Donor 2,Cytotoxic CD8 T cells,Cytotoxic T cells,True
pbmc4k_CTGTTTAGTCTCCACT-1,PBMC4k,Donor 2,B cells,B cells,True
pbmc4k_CTGTTTATCAGTCAGT-1,PBMC4k,Donor 2,Classical monocytes,Classical monocytes,True
pbmc4k_CTTAACTAGCTACCTA-1,PBMC4k,Donor 2,Classical monocytes,Classical monocytes,True
pbmc4k_CTTAACTGTGTTGGGA-1,PBMC4k,Donor 2,NK cells,NK cells,True
pbmc4k_CTTAACTTCTCGAGTA-1,PBMC4k,Donor 2,Classical monocytes,Classical monocytes,True
pbmc4k_CTTACCGAGAAACCTA-1,PBMC4k,Donor 2,IL7R+ memory/helper T cells,Non-cytotoxic T cells,True
pbmc4k_CTTACCGAGGGATGGG-1,PBMC4k,Donor 2,Activated/transitional T cells,Non-cytotoxic T cells,True
pbmc4k_CTTACCGCAATGGACG-1,PBMC4k,Donor 2,IL7R+ memory/helper T cells,Non-cytotoxic T cells,True
pbmc4k_CTTACCGCAGTACACT-1,PBMC4k,Donor 2,Activated/transitional T cells,Non-cytotoxic T cells,True
pbmc4k_CTTACCGCATACTACG-1,PBMC4k,Donor 2,Classical monocytes,Classical monocytes,True
pbmc4k_CTTACCGGTATGAAAC-1,PBMC4k,Donor 2,Activated/transitional T cells,Non-cytotoxic T cells,True
pbmc4k_CTTACCGGTTTGCATG-1,PBMC4k,Donor 2,Classical monocytes,Classical monocytes,True
pbmc4k_CTTAGGAAGCTAGGCA-1,PBMC4k,Donor 2,Cytotoxic CD8 T cells,Cytotoxic T cells,True
pbmc4k_CTTAGGACAAGCCGTC-1,PBMC4k,Donor 2,Activated/transitional T cells,Non-cytotoxic T cells,True
pbmc4k_CTTAGGAGTTCGCGAC-1,PBMC4k,Donor 2,Cytotoxic CD8 T cells,Cytotoxic T cells,True
pbmc4k_CTTAGGATCACCGTAA-1,PBMC4k,Donor 2,Cytotoxic CD8 T cells,Cytotoxic T cells,True
pbmc4k_CTTCTCTCAAAGGCGT-1,PBMC4k,Donor 2,Classical monocytes,Classical monocytes,True
pbmc4k_CTTCTCTCAATGGATA-1,PBMC4k,Donor 2,Naive/resting T cells,Non-cytotoxic T cells,True
pbmc4k_CTTCTCTCACAGAGGT-1,PBMC4k,Donor 2,Activated/transitional T cells,Non-cytotoxic T cells,True
pbmc4k_CTTCTCTCATGCCCGA-1,PBMC4k,Donor 2,Activated/transitional T cells,Non-cytotoxic T cells,True
pbmc4k_CTTCTCTGTACCGTTA-1,PBMC4k,Donor 2,Activated/transitional T cells,Non-cytotoxic T cells,True
pbmc4k_CTTCTCTGTTACTGAC-1,PBMC4k,Donor 2,Cytotoxic CD8 T cells,Cytotoxic T cells,True
pbmc4k_CTTCTCTTCCTATGTT-1,PBMC4k,Donor 2,Cytotoxic CD8 T cells,Cytotoxic T cells,True
pbmc4k_CTTCTCTTCGGACAAG-1,PBMC4k,Donor 2,Activated/transitional T cells,Non-cytotoxic T cells,True
pbmc4k_CTTCTCTTCTACGAGT-1,PBMC4k,Donor 2,Activated/transitional T cells,Non-cytotoxic T cells,True
pbmc4k_CTTGGCTGTCCAGTTA-1,PBMC4k,Donor 2,IL7R+ memory/helper T cells,Non-cytotoxic T cells,True
pbmc4k_CTTGGCTGTCTGCGGT-1,PBMC4k,Donor 2,Classical monocytes,Classical monocytes,True
pbmc4k_CTTGGCTGTGTGACGA-1,PBMC4k,Donor 2,Cytotoxic CD8 T cells,Cytotoxic T cells,True
pbmc4k_CTTGGCTTCCACGAAT-1,PBMC4k,Donor 2,B cells,B cells,True
pbmc4k_CTTGGCTTCCTAAGTG-1,PBMC4k,Donor 2,Classical monocytes,Classical monocytes,True
pbmc4k_CTTGGCTTCGGAGGTA-1,PBMC4k,Donor 2,NK cells,NK cells,True
pbmc4k_CTTGGCTTCGTTGACA-1,PBMC4k,Donor 2,B cells,B cells,True
pbmc4k_CTTGGCTTCTAACTTC-1,PBMC4k,Donor 2,Cytotoxic CD8 T cells,Cytotoxic T cells,True
pbmc4k_CTTGGCTTCTTAGAGC-1,PBMC4k,Donor 2,Activated/transitional T cells,Non-cytotoxic T cells,True
pbmc4k_CTTTGCGAGTTAGCGG-1,PBMC4k,Donor 2,Cytotoxic CD8 T cells,Cytotoxic T cells,True
pbmc4k_CTTTGCGCAAGTCTAC-1,PBMC4k,Donor 2,B cells,B cells,True
pbmc4k_CTTTGCGCACTATCTT-1,PBMC4k,Donor 2,B cells,B cells,True
pbmc4k_CTTTGCGCATGCTAGT-1,PBMC4k,Donor 2,B cells,B cells,True
pbmc4k_CTTTGCGGTGGACGAT-1,PBMC4k,Donor 2,IL7R+ memory/helper T cells,Non-cytotoxic T cells,True
pbmc4k_CTTTGCGTCGAGAACG-1,PBMC4k,Donor 2,Activated/transitional T cells,Non-cytotoxic T cells,True
pbmc4k_GAAACTCAGTACTTGC-1,PBMC4k,Donor 2,Classical monocytes,Classical monocytes,True
pbmc4k_GAAACTCCAATAACGA-1,PBMC4k,Donor 2,Activated/transitional T cells,Non-cytotoxic T cells,True
pbmc4k_GAAACTCCACAACTGT-1,PBMC4k,Donor 2,NK cells,NK cells,True
pbmc4k_GAAACTCCAGTGGGAT-1,PBMC4k,Donor 2,B cells,B cells,True
pbmc4k_GAAACTCGTGTAAGTA-1,PBMC4k,Donor 2,IL7R+ memory/helper T cells,Non-cytotoxic T cells,True
pbmc4k_GAAACTCGTTGTACAC-1,PBMC4k,Donor 2,B cells,B cells,True
pbmc4k_GAAACTCTCACATAGC-1,PBMC4k,Donor 2,Classical monocytes,Classical monocytes,True
pbmc4k_GAAACTCTCACTCCTG-1,PBMC4k,Donor 2,Classical monocytes,Classical monocytes,True
pbmc4k_GAAACTCTCAGGCAAG-1,PBMC4k,Donor 2,Cytotoxic CD8 T cells,Cytotoxic T cells,True
pbmc4k_GAAATGAAGACAGACC-1,PBMC4k,Donor 2,IL7R+ memory/helper T cells,Non-cytotoxic T cells,True
pbmc4k_GAAATGAAGTCGTTTG-1,PBMC4k,Donor 2,Classical monocytes,Classical monocytes,True
pbmc4k_GAAATGACAAGACACG-1,PBMC4k,Donor 2,B cells,B cells,True
pbmc4k_GAAATGACAGATAATG-1,PBMC4k,Donor 2,Classical monocytes,Classical monocytes,True
pbmc4k_GAAATGAGTAGCGTAG-1,PBMC4k,Donor 2,B cells,B cells,True
pbmc4k_GAAATGATCACTCCTG-1,PBMC4k,Donor 2,Activated/transitional T cells,Non-cytotoxic T cells,True
pbmc4k_GAAATGATCGTCCAGG-1,PBMC4k,Donor 2,Cytotoxic CD8 T cells,Cytotoxic T cells,True
pbmc4k_GAACATCAGCCTCGTG-1,PBMC4k,Donor 2,Classical monocytes,Classical monocytes,True
pbmc4k_GAACATCAGTACGCGA-1,PBMC4k,Donor 2,Naive/resting T cells,Non-cytotoxic T cells,True
pbmc4k_GAACATCAGTTAGCGG-1,PBMC4k,Donor 2,IL7R+ memory/helper T cells,Non-cytotoxic T cells,True
pbmc4k_GAACATCCACAAGCCC-1,PBMC4k,Donor 2,Activated/transitional T cells,Non-cytotoxic T cells,True
pbmc4k_GAACATCGTATAAACG-1,PBMC4k,Donor 2,Classical monocytes,Classical monocytes,True
pbmc4k_GAACATCGTATTAGCC-1,PBMC4k,Donor 2,Activated/transitional T cells,Non-cytotoxic T cells,True
pbmc4k_GAACATCTCCAAAGTC-1,PBMC4k,Donor 2,Activated/transitional T cells,Non-cytotoxic T cells,True
pbmc4k_GAACATCTCTGGTGTA-1,PBMC4k,Donor 2,Activated/transitional T cells,Non-cytotoxic T cells,True
pbmc4k_GAACATCTCTGGTTCC-1,PBMC4k,Donor 2,B cells,B cells,True
pbmc4k_GAACCTAAGCCTATGT-1,PBMC4k,Donor 2,Cytotoxic CD8 T cells,Cytotoxic T cells,True
pbmc4k_GAACCTACAGCGAACA-1,PBMC4k,Donor 2,B cells,B cells,True
pbmc4k_GAACCTACATGCTGGC-1,PBMC4k,Donor 2,Activated/transitional T cells,Non-cytotoxic T cells,True
pbmc4k_GAACCTACATGGGAAC-1,PBMC4k,Donor 2,B cells,B cells,True
pbmc4k_GAACCTAGTATCAGTC-1,PBMC4k,Donor 2,Activated/transitional T cells,Non-cytotoxic T cells,True
pbmc4k_GAACCTAGTCTCTTTA-1,PBMC4k,Donor 2,Classical monocytes,Classical monocytes,True
pbmc4k_GAACCTATCATCACCC-1,PBMC4k,Donor 2,NK cells,NK cells,True
pbmc4k_GAACCTATCATTTGGG-1,PBMC4k,Donor 2,Classical monocytes,Classical monocytes,True
pbmc4k_GAACCTATCCATGCTC-1,PBMC4k,Donor 2,Classical monocytes,Classical monocytes,True
pbmc4k_GAACCTATCGGTTAAC-1,PBMC4k,Donor 2,Naive/resting T cells,Non-cytotoxic T cells,True
pbmc4k_GAACGGAAGATATGGT-1,PBMC4k,Donor 2,Activated/transitional T cells,Non-cytotoxic T cells,True
pbmc4k_GAACGGAAGCTACCGC-1,PBMC4k,Donor 2,Classical monocytes,Classical monocytes,True
pbmc4k_GAACGGACAATCGAAA-1,PBMC4k,Donor 2,B cells,B cells,True
pbmc4k_GAACGGAGTAATCACC-1,PBMC4k,Donor 2,Activated/transitional T cells,Non-cytotoxic T cells,True
pbmc4k_GAACGGAGTCAACATC-1,PBMC4k,Donor 2,IL7R+ memory/helper T cells,Non-cytotoxic T cells,True
pbmc4k_GAACGGAGTGTCAATC-1,PBMC4k,Donor 2,Classical monocytes,Classical monocytes,True
pbmc4k_GAACGGATCAAGATCC-1,PBMC4k,Donor 2,IL7R+ memory/helper T cells,Non-cytotoxic T cells,True
pbmc4k_GAACGGATCCCGGATG-1,PBMC4k,Donor 2,B cells,B cells,True
pbmc4k_GAACGGATCCTAGAAC-1,PBMC4k,Donor 2,Cytotoxic CD8 T cells,Cytotoxic T cells,True
pbmc4k_GAAGCAGAGAAAGTGG-1,PBMC4k,Donor 2,Activated/transitional T cells,Non-cytotoxic T cells,True
pbmc4k_GAAGCAGAGACAAAGG-1,PBMC4k,Donor 2,Classical monocytes,Classical monocytes,True
pbmc4k_GAAGCAGAGGCACATG-1,PBMC4k,Donor 2,Naive/resting T cells,Non-cytotoxic T cells,True
pbmc4k_GAAGCAGCAAGTTAAG-1,PBMC4k,Donor 2,Cytotoxic CD8 T cells,Cytotoxic T cells,True
pbmc4k_GAAGCAGCACCATGTA-1,PBMC4k,Donor 2,Activated/transitional T cells,Non-cytotoxic T cells,True
pbmc4k_GAAGCAGGTAAATACG-1,PBMC4k,Donor 2,Cytotoxic CD8 T cells,Cytotoxic T cells,True
pbmc4k_GAAGCAGGTAGAAAGG-1,PBMC4k,Donor 2,B cells,B cells,True
pbmc4k_GAAGCAGTCACGAAGG-1,PBMC4k,Donor 2,Classical monocytes,Classical monocytes,True
pbmc4k_GAAGCAGTCCCTAATT-1,PBMC4k,Donor 2,Naive/resting T cells,Non-cytotoxic T cells,True
pbmc4k_GAATAAGAGAAACCAT-1,PBMC4k,Donor 2,Cytotoxic CD8 T cells,Cytotoxic T cells,True
pbmc4k_GAATAAGAGGCATTGG-1,PBMC4k,Donor 2,IL7R+ memory/helper T cells,Non-cytotoxic T cells,True
pbmc4k_GAATAAGCATTCTTAC-1,PBMC4k,Donor 2,CD16+ non-classical monocytes,CD16+ non-classical monocytes,True
pbmc4k_GAATAAGTCCTTGGTC-1,PBMC4k,Donor 2,NK cells,NK cells,True
pbmc4k_GAATAAGTCGCCAGCA-1,PBMC4k,Donor 2,B cells,B cells,True
pbmc4k_GAATAAGTCGGACAAG-1,PBMC4k,Donor 2,CD16+ non-classical monocytes,CD16+ non-classical monocytes,True
pbmc4k_GAATGAAAGCCAGTAG-1,PBMC4k,Donor 2,IL7R+ memory/helper T cells,Non-cytotoxic T cells,True
pbmc4k_GAATGAAAGGGTTTCT-1,PBMC4k,Donor 2,Activated/transitional T cells,Non-cytotoxic T cells,True
pbmc4k_GAATGAACAAACGTGG-1,PBMC4k,Donor 2,Activated/transitional T cells,Non-cytotoxic T cells,True
pbmc4k_GAATGAACAACTGCGC-1,PBMC4k,Donor 2,Activated/transitional T cells,Non-cytotoxic T cells,True
pbmc4k_GAATGAAGTCTCGTTC-1,PBMC4k,Donor 2,Activated/transitional T cells,Non-cytotoxic T cells,True
pbmc4k_GAATGAAGTGCACGAA-1,PBMC4k,Donor 2,B cells,B cells,True
pbmc4k_GAATGAATCTTTAGTC-1,PBMC4k,Donor 2,Activated/transitional T cells,Non-cytotoxic T cells,True
pbmc4k_GACACGCAGATAGTCA-1,PBMC4k,Donor 2,B cells,B cells,True
pbmc4k_GACACGCCACACCGAC-1,PBMC4k,Donor 2,B cells,B cells,True
pbmc4k_GACACGCCACTTCGAA-1,PBMC4k,Donor 2,Cytotoxic CD8 T cells,Cytotoxic T cells,True
pbmc4k_GACACGCCAGCTCGCA-1,PBMC4k,Donor 2,Classical monocytes,Classical monocytes,True
pbmc4k_GACACGCGTGAGTGAC-1,PBMC4k,Donor 2,B cells,B cells,True
pbmc4k_GACACGCGTGCAGTAG-1,PBMC4k,Donor 2,Cytotoxic CD8 T cells,Cytotoxic T cells,True
pbmc4k_GACAGAGAGACTTTCG-1,PBMC4k,Donor 2,Classical monocytes,Classical monocytes,True
pbmc4k_GACAGAGAGATCACGG-1,PBMC4k,Donor 2,Classical monocytes,Classical monocytes,True
pbmc4k_GACAGAGAGCTTTGGT-1,PBMC4k,Donor 2,Classical monocytes,Classical monocytes,True
pbmc4k_GACAGAGAGGTGCTTT-1,PBMC4k,Donor 2,IL7R+ memory/helper T cells,Non-cytotoxic T cells,True
pbmc4k_GACAGAGAGTACGTAA-1,PBMC4k,Donor 2,Activated/transitional T cells,Non-cytotoxic T cells,True
pbmc4k_GACAGAGCAATAGAGT-1,PBMC4k,Donor 2,Activated/transitional T cells,Non-cytotoxic T cells,True
pbmc4k_GACAGAGCAGATGGCA-1,PBMC4k,Donor 2,Classical monocytes,Classical monocytes,True
pbmc4k_GACAGAGGTCCTGCTT-1,PBMC4k,Donor 2,B cells,B cells,True
pbmc4k_GACAGAGGTCTAGAGG-1,PBMC4k,Donor 2,Activated/transitional T cells,Non-cytotoxic T cells,True
pbmc4k_GACAGAGGTGATAAAC-1,PBMC4k,Donor 2,Activated/transitional T cells,Non-cytotoxic T cells,True
pbmc4k_GACAGAGGTGGAAAGA-1,PBMC4k,Donor 2,Classical monocytes,Classical monocytes,True
pbmc4k_GACAGAGGTGTATGGG-1,PBMC4k,Donor 2,Classical monocytes,Classical monocytes,True
pbmc4k_GACAGAGTCTAGAGTC-1,PBMC4k,Donor 2,Classical monocytes,Classical monocytes,True
pbmc4k_GACAGAGTCTTGACGA-1,PBMC4k,Donor 2,Activated/transitional T cells,Non-cytotoxic T cells,True
pbmc4k_GACCAATAGTGACTCT-1,PBMC4k,Donor 2,B cells,B cells,True
pbmc4k_GACCAATCAAGACACG-1,PBMC4k,Donor 2,IL7R+ memory/helper T cells,Non-cytotoxic T cells,True
pbmc4k_GACCAATCAGACAAAT-1,PBMC4k,Donor 2,Activated/transitional T cells,Non-cytotoxic T cells,True
pbmc4k_GACCAATGTATAAACG-1,PBMC4k,Donor 2,Cytotoxic CD8 T cells,Cytotoxic T cells,True
pbmc4k_GACCAATGTCAATGTC-1,PBMC4k,Donor 2,Classical monocytes,Classical monocytes,True
pbmc4k_GACCAATGTGGCTCCA-1,PBMC4k,Donor 2,IL7R+ memory/helper T cells,Non-cytotoxic T cells,True
pbmc4k_GACCAATTCAGTTGAC-1,PBMC4k,Donor 2,Classical monocytes,Classical monocytes,True
pbmc4k_GACCAATTCCCTTGTG-1,PBMC4k,Donor 2,CD16+ non-classical monocytes,CD16+ non-classical monocytes,True
pbmc4k_GACCAATTCCGGCACA-1,PBMC4k,Donor 2,Classical monocytes,Classical monocytes,True
pbmc4k_GACCAATTCCTAGAAC-1,PBMC4k,Donor 2,NK cells,NK cells,True
pbmc4k_GACCAATTCTTCAACT-1,PBMC4k,Donor 2,B cells,B cells,True
pbmc4k_GACCAATTCTTTACGT-1,PBMC4k,Donor 2,Activated/transitional T cells,Non-cytotoxic T cells,True
pbmc4k_GACCTGGAGCCCAACC-1,PBMC4k,Donor 2,B cells,B cells,True
pbmc4k_GACCTGGAGTGTGGCA-1,PBMC4k,Donor 2,Activated/transitional T cells,Non-cytotoxic T cells,True
pbmc4k_GACCTGGCAATTCCTT-1,PBMC4k,Donor 2,Classical monocytes,Classical monocytes,True
pbmc4k_GACCTGGCACCGATAT-1,PBMC4k,Donor 2,Classical monocytes,Classical monocytes,True
pbmc4k_GACCTGGCAGCCTATA-1,PBMC4k,Donor 2,Classical monocytes,Classical monocytes,True
pbmc4k_GACCTGGCATGAACCT-1,PBMC4k,Donor 2,Cytotoxic CD8 T cells,Cytotoxic T cells,True
pbmc4k_GACCTGGCATGACATC-1,PBMC4k,Donor 2,Cytotoxic CD8 T cells,Cytotoxic T cells,True
pbmc4k_GACCTGGGTCCAGTTA-1,PBMC4k,Donor 2,Classical monocytes,Classical monocytes,True
pbmc4k_GACCTGGGTCGACTAT-1,PBMC4k,Donor 2,Classical monocytes,Classical monocytes,True
pbmc4k_GACCTGGGTCGCGGTT-1,PBMC4k,Donor 2,Classical monocytes,Classical monocytes,True
pbmc4k_GACCTGGGTTCCACGG-1,PBMC4k,Donor 2,Classical monocytes,Classical monocytes,True
pbmc4k_GACCTGGTCGCGTAGC-1,PBMC4k,Donor 2,Activated/transitional T cells,Non-cytotoxic T cells,True
pbmc4k_GACCTGGTCTACCTGC-1,PBMC4k,Donor 2,B cells,B cells,True
pbmc4k_GACGCGTAGCAGGCTA-1,PBMC4k,Donor 2,NK cells,NK cells,True
pbmc4k_GACGCGTAGGGAAACA-1,PBMC4k,Donor 2,Classical monocytes,Classical monocytes,True
pbmc4k_GACGCGTAGTCCGGTC-1,PBMC4k,Donor 2,Cytotoxic CD8 T cells,Cytotoxic T cells,True
pbmc4k_GACGCGTCAACACCCG-1,PBMC4k,Donor 2,Cytotoxic CD8 T cells,Cytotoxic T cells,True
pbmc4k_GACGCGTGTACTTAGC-1,PBMC4k,Donor 2,Cytotoxic CD8 T cells,Cytotoxic T cells,True
pbmc4k_GACGCGTGTAGTGAAT-1,PBMC4k,Donor 2,NK cells,NK cells,True
pbmc4k_GACGCGTGTATGGTTC-1,PBMC4k,Donor 2,Activated/transitional T cells,Non-cytotoxic T cells,True
pbmc4k_GACGCGTGTTCCATGA-1,PBMC4k,Donor 2,Classical monocytes,Classical monocytes,True
pbmc4k_GACGCGTTCCAAGCCG-1,PBMC4k,Donor 2,Cytotoxic CD8 T cells,Cytotoxic T cells,True
pbmc4k_GACGGCTCAATGGATA-1,PBMC4k,Donor 2,Activated/transitional T cells,Non-cytotoxic T cells,True
pbmc4k_GACGGCTCACTCTGTC-1,PBMC4k,Donor 2,B cells,B cells,True
pbmc4k_GACGGCTCAGCTGCAC-1,PBMC4k,Donor 2,IL7R+ memory/helper T cells,Non-cytotoxic T cells,True
pbmc4k_GACGGCTCAGTCCTTC-1,PBMC4k,Donor 2,B cells,B cells,True
pbmc4k_GACGGCTCAGTTTACG-1,PBMC4k,Donor 2,Activated/transitional T cells,Non-cytotoxic T cells,True
pbmc4k_GACGGCTCATACGCCG-1,PBMC4k,Donor 2,IL7R+ memory/helper T cells,Non-cytotoxic T cells,True
pbmc4k_GACGGCTGTTAGATGA-1,PBMC4k,Donor 2,Cytotoxic CD8 T cells,Cytotoxic T cells,True
pbmc4k_GACGGCTGTTCGTGAT-1,PBMC4k,Donor 2,Activated/transitional T cells,Non-cytotoxic T cells,True
pbmc4k_GACGGCTGTTGGTAAA-1,PBMC4k,Donor 2,Activated/transitional T cells,Non-cytotoxic T cells,True
pbmc4k_GACGGCTGTTGTCTTT-1,PBMC4k,Donor 2,Activated/transitional T cells,Non-cytotoxic T cells,True
pbmc4k_GACGGCTTCGAATGGG-1,PBMC4k,Donor 2,NK cells,NK cells,True
pbmc4k_GACGGCTTCTCAAGTG-1,PBMC4k,Donor 2,Activated/transitional T cells,Non-cytotoxic T cells,True
pbmc4k_GACGTGCAGAGGTACC-1,PBMC4k,Donor 2,Cytotoxic CD8 T cells,Cytotoxic T cells,True
pbmc4k_GACGTGCGTAAATACG-1,PBMC4k,Donor 2,Classical monocytes,Classical monocytes,True
pbmc4k_GACGTGCTCCGCATCT-1,PBMC4k,Donor 2,Naive/resting T cells,Non-cytotoxic T cells,True
pbmc4k_GACGTGCTCGCATGAT-1,PBMC4k,Donor 2,Activated/transitional T cells,Non-cytotoxic T cells,True
pbmc4k_GACGTTAAGACTAGGC-1,PBMC4k,Donor 2,Cytotoxic CD8 T cells,Cytotoxic T cells,True
pbmc4k_GACGTTAAGGGAAACA-1,PBMC4k,Donor 2,B cells,B cells,True
pbmc4k_GACGTTACAGTAGAGC-1,PBMC4k,Donor 2,Activated/transitional T cells,Non-cytotoxic T cells,True
pbmc4k_GACGTTACATGTCGAT-1,PBMC4k,Donor 2,IL7R+ memory/helper T cells,Non-cytotoxic T cells,True
pbmc4k_GACGTTAGTACAGTTC-1,PBMC4k,Donor 2,Activated/transitional T cells,Non-cytotoxic T cells,True
pbmc4k_GACGTTAGTCCTCCAT-1,PBMC4k,Donor 2,Activated/transitional T cells,Non-cytotoxic T cells,True
pbmc4k_GACGTTAGTCGCGGTT-1,PBMC4k,Donor 2,IL7R+ memory/helper T cells,Non-cytotoxic T cells,True
pbmc4k_GACGTTAGTGGTGTAG-1,PBMC4k,Donor 2,Activated/transitional T cells,Non-cytotoxic T cells,True
pbmc4k_GACTAACAGCCCGAAA-1,PBMC4k,Donor 2,Naive/resting T cells,Non-cytotoxic T cells,True
pbmc4k_GACTAACAGCTCCTCT-1,PBMC4k,Donor 2,Classical monocytes,Classical monocytes,True
pbmc4k_GACTAACAGCTGTCTA-1,PBMC4k,Donor 2,Activated/transitional T cells,Non-cytotoxic T cells,True
pbmc4k_GACTAACAGTGAATTG-1,PBMC4k,Donor 2,IL7R+ memory/helper T cells,Non-cytotoxic T cells,True
pbmc4k_GACTAACCAATGACCT-1,PBMC4k,Donor 2,Activated/transitional T cells,Non-cytotoxic T cells,True
pbmc4k_GACTAACCAATTCCTT-1,PBMC4k,Donor 2,Activated/transitional T cells,Non-cytotoxic T cells,True
pbmc4k_GACTAACCACACCGAC-1,PBMC4k,Donor 2,B cells,B cells,True
pbmc4k_GACTAACGTAAAGGAG-1,PBMC4k,Donor 2,NK cells,NK cells,True
pbmc4k_GACTAACGTACCGGCT-1,PBMC4k,Donor 2,Classical monocytes,Classical monocytes,True
pbmc4k_GACTAACGTTTGACAC-1,PBMC4k,Donor 2,Activated/transitional T cells,Non-cytotoxic T cells,True
pbmc4k_GACTAACTCGAACGGA-1,PBMC4k,Donor 2,Activated/transitional T cells,Non-cytotoxic T cells,True
pbmc4k_GACTAACTCTTACCGC-1,PBMC4k,Donor 2,Activated/transitional T cells,Non-cytotoxic T cells,True
pbmc4k_GACTACAAGCCCTAAT-1,PBMC4k,Donor 2,Activated/transitional T cells,Non-cytotoxic T cells,True
pbmc4k_GACTACAGTACTCGCG-1,PBMC4k,Donor 2,B cells,B cells,True
pbmc4k_GACTACAGTCCTGCTT-1,PBMC4k,Donor 2,NK cells,NK cells,True
pbmc4k_GACTACAGTCGCGTGT-1,PBMC4k,Donor 2,B cells,B cells,True
pbmc4k_GACTACAGTGTTAAGA-1,PBMC4k,Donor 2,Cytotoxic CD8 T cells,Cytotoxic T cells,True
pbmc4k_GACTACATCAGTGCAT-1,PBMC4k,Donor 2,Classical monocytes,Classical monocytes,True
pbmc4k_GACTACATCGTGGACC-1,PBMC4k,Donor 2,IL7R+ memory/helper T cells,Non-cytotoxic T cells,True
pbmc4k_GACTGCGAGCAGACTG-1,PBMC4k,Donor 2,B cells,B cells,True
pbmc4k_GACTGCGAGCTGCGAA-1,PBMC4k,Donor 2,B cells,B cells,True
pbmc4k_GACTGCGAGGCATGTG-1,PBMC4k,Donor 2,Cytotoxic CD8 T cells,Cytotoxic T cells,True
pbmc4k_GACTGCGAGGCGCTCT-1,PBMC4k,Donor 2,IL7R+ memory/helper T cells,Non-cytotoxic T cells,True
pbmc4k_GACTGCGGTAATCACC-1,PBMC4k,Donor 2,IL7R+ memory/helper T cells,Non-cytotoxic T cells,True
pbmc4k_GACTGCGGTCTAAACC-1,PBMC4k,Donor 2,IL7R+ memory/helper T cells,Non-cytotoxic T cells,True
pbmc4k_GACTGCGGTCTAGTGT-1,PBMC4k,Donor 2,B cells,B cells,True
pbmc4k_GACTGCGTCAACCATG-1,PBMC4k,Donor 2,B cells,B cells,True
pbmc4k_GACTGCGTCCCTCAGT-1,PBMC4k,Donor 2,B cells,B cells,True
pbmc4k_GAGCAGAAGACAAAGG-1,PBMC4k,Donor 2,IL7R+ memory/helper T cells,Non-cytotoxic T cells,True
pbmc4k_GAGCAGAAGACCACGA-1,PBMC4k,Donor 2,CD16+ non-classical monocytes,CD16+ non-classical monocytes,True
pbmc4k_GAGCAGAAGGTTCCTA-1,PBMC4k,Donor 2,Classical monocytes,Classical monocytes,True
pbmc4k_GAGCAGAAGTATCTCG-1,PBMC4k,Donor 2,Activated/transitional T cells,Non-cytotoxic T cells,True
pbmc4k_GAGCAGACACGACTCG-1,PBMC4k,Donor 2,B cells,B cells,True
pbmc4k_GAGCAGACAGGATTGG-1,PBMC4k,Donor 2,B cells,B cells,True
pbmc4k_GAGCAGAGTCTACCTC-1,PBMC4k,Donor 2,Naive/resting T cells,Non-cytotoxic T cells,True
pbmc4k_GAGCAGAGTCTCATCC-1,PBMC4k,Donor 2,B cells,B cells,True
pbmc4k_GAGCAGAGTTGTGGAG-1,PBMC4k,Donor 2,Activated/transitional T cells,Non-cytotoxic T cells,True
pbmc4k_GAGCAGATCCGGGTGT-1,PBMC4k,Donor 2,Classical monocytes,Classical monocytes,True
pbmc4k_GAGCAGATCGCCATAA-1,PBMC4k,Donor 2,NK cells,NK cells,True
pbmc4k_GAGCAGATCGGAGCAA-1,PBMC4k,Donor 2,IL7R+ memory/helper T cells,Non-cytotoxic T cells,True
pbmc4k_GAGCAGATCGGGAGTA-1,PBMC4k,Donor 2,Activated/transitional T cells,Non-cytotoxic T cells,True
pbmc4k_GAGGTGAAGAAACCGC-1,PBMC4k,Donor 2,Classical monocytes,Classical monocytes,True
pbmc4k_GAGGTGAAGTCTTGCA-1,PBMC4k,Donor 2,B cells,B cells,True
pbmc4k_GAGGTGACAAGAAGAG-1,PBMC4k,Donor 2,IL7R+ memory/helper T cells,Non-cytotoxic T cells,True
pbmc4k_GAGGTGATCCTAGTGA-1,PBMC4k,Donor 2,Classical monocytes,Classical monocytes,True
pbmc4k_GAGTCCGAGAGAACAG-1,PBMC4k,Donor 2,B cells,B cells,True
pbmc4k_GAGTCCGAGGAATTAC-1,PBMC4k,Donor 2,NK cells,NK cells,True
pbmc4k_GAGTCCGCAGCTCGAC-1,PBMC4k,Donor 2,Cytotoxic CD8 T cells,Cytotoxic T cells,True
pbmc4k_GAGTCCGCAGTCGTGC-1,PBMC4k,Donor 2,Activated/transitional T cells,Non-cytotoxic T cells,True
pbmc4k_GAGTCCGCATAAAGGT-1,PBMC4k,Donor 2,Activated/transitional T cells,Non-cytotoxic T cells,True
pbmc4k_GAGTCCGCATTTGCTT-1,PBMC4k,Donor 2,Classical monocytes,Classical monocytes,True
pbmc4k_GAGTCCGGTAAAGTCA-1,PBMC4k,Donor 2,Activated/transitional T cells,Non-cytotoxic T cells,True
pbmc4k_GAGTCCGGTCTCAACA-1,PBMC4k,Donor 2,B cells,B cells,True
pbmc4k_GAGTCCGGTGTATGGG-1,PBMC4k,Donor 2,Classical monocytes,Classical monocytes,True
pbmc4k_GATCAGTAGCTCTCGG-1,PBMC4k,Donor 2,Activated/transitional T cells,Non-cytotoxic T cells,True
pbmc4k_GATCAGTAGGGTTTCT-1,PBMC4k,Donor 2,Activated/transitional T cells,Non-cytotoxic T cells,True
pbmc4k_GATCAGTCACAAGTAA-1,PBMC4k,Donor 2,Naive/resting T cells,Non-cytotoxic T cells,True
pbmc4k_GATCAGTCATGCTAGT-1,PBMC4k,Donor 2,NK cells,NK cells,True
pbmc4k_GATCAGTGTGCCTGGT-1,PBMC4k,Donor 2,NK cells,NK cells,True
pbmc4k_GATCGATAGCTAACTC-1,PBMC4k,Donor 2,CD16+ non-classical monocytes,CD16+ non-classical monocytes,True
pbmc4k_GATCGATCAAGTTAAG-1,PBMC4k,Donor 2,Naive/resting T cells,Non-cytotoxic T cells,True
pbmc4k_GATCGATGTGCCTGCA-1,PBMC4k,Donor 2,CD16+ non-classical monocytes,CD16+ non-classical monocytes,True
pbmc4k_GATCGCGGTAGAAGGA-1,PBMC4k,Donor 2,B cells,B cells,True
pbmc4k_GATCGCGGTAGGAGTC-1,PBMC4k,Donor 2,Classical monocytes,Classical monocytes,True
pbmc4k_GATCGCGGTCACCTAA-1,PBMC4k,Donor 2,Activated/transitional T cells,Non-cytotoxic T cells,True
pbmc4k_GATCGCGGTCCTAGCG-1,PBMC4k,Donor 2,Activated/transitional T cells,Non-cytotoxic T cells,True
pbmc4k_GATCGCGGTCTGATTG-1,PBMC4k,Donor 2,Activated/transitional T cells,Non-cytotoxic T cells,True
pbmc4k_GATCGCGGTGACGCCT-1,PBMC4k,Donor 2,B cells,B cells,True
pbmc4k_GATCGCGGTGGCGAAT-1,PBMC4k,Donor 2,IL7R+ memory/helper T cells,Non-cytotoxic T cells,True
pbmc4k_GATCGCGTCAGCTTAG-1,PBMC4k,Donor 2,Naive/resting T cells,Non-cytotoxic T cells,True
pbmc4k_GATCGCGTCAGTTTGG-1,PBMC4k,Donor 2,Activated/transitional T cells,Non-cytotoxic T cells,True
pbmc4k_GATCGTAAGGTGCACA-1,PBMC4k,Donor 2,Classical monocytes,Classical monocytes,True
pbmc4k_GATCGTACAAGAGGCT-1,PBMC4k,Donor 2,Cytotoxic CD8 T cells,Cytotoxic T cells,True
pbmc4k_GATCGTAGTATAGTAG-1,PBMC4k,Donor 2,B cells,B cells,True
pbmc4k_GATCGTAGTCTAGGTT-1,PBMC4k,Donor 2,Activated/transitional T cells,Non-cytotoxic T cells,True
pbmc4k_GATCGTATCATTATCC-1,PBMC4k,Donor 2,Classical monocytes,Classical monocytes,True
pbmc4k_GATCGTATCGGCGGTT-1,PBMC4k,Donor 2,CD16+ non-classical monocytes,CD16+ non-classical monocytes,True
pbmc4k_GATCGTATCTGAAAGA-1,PBMC4k,Donor 2,B cells,B cells,True
pbmc4k_GATCTAGAGTGGGATC-1,PBMC4k,Donor 2,Classical monocytes,Classical monocytes,True
pbmc4k_GATCTAGAGTTATCGC-1,PBMC4k,Donor 2,Classical monocytes,Classical monocytes,True
pbmc4k_GATCTAGAGTTGTAGA-1,PBMC4k,Donor 2,Classical monocytes,Classical monocytes,True
pbmc4k_GATCTAGCAGGCAGTA-1,PBMC4k,Donor 2,Classical monocytes,Classical monocytes,True
pbmc4k_GATCTAGGTTATGTGC-1,PBMC4k,Donor 2,Cytotoxic CD8 T cells,Cytotoxic T cells,True
pbmc4k_GATCTAGTCTCGAGTA-1,PBMC4k,Donor 2,Classical monocytes,Classical monocytes,True
pbmc4k_GATCTAGTCTTGTACT-1,PBMC4k,Donor 2,Activated/transitional T cells,Non-cytotoxic T cells,True
pbmc4k_GATGAAAAGTGCCAGA-1,PBMC4k,Donor 2,Classical monocytes,Classical monocytes,True
pbmc4k_GATGAAACACAGACTT-1,PBMC4k,Donor 2,Classical monocytes,Classical monocytes,True
pbmc4k_GATGAAACACAGAGGT-1,PBMC4k,Donor 2,Cytotoxic CD8 T cells,Cytotoxic T cells,True
pbmc4k_GATGAAACACTGTGTA-1,PBMC4k,Donor 2,Classical monocytes,Classical monocytes,True
pbmc4k_GATGAAACAGTAAGAT-1,PBMC4k,Donor 2,Cytotoxic CD8 T cells,Cytotoxic T cells,True
pbmc4k_GATGAAAGTACACCGC-1,PBMC4k,Donor 2,B cells,B cells,True
pbmc4k_GATGAAAGTGATGTCT-1,PBMC4k,Donor 2,Activated/transitional T cells,Non-cytotoxic T cells,True
pbmc4k_GATGAAAGTGGTACAG-1,PBMC4k,Donor 2,Cytotoxic CD8 T cells,Cytotoxic T cells,True
pbmc4k_GATGAAAGTTCATGGT-1,PBMC4k,Donor 2,Activated/transitional T cells,Non-cytotoxic T cells,True
pbmc4k_GATGAAAGTTGATTCG-1,PBMC4k,Donor 2,Classical monocytes,Classical monocytes,True
pbmc4k_GATGAAATCCAGTAGT-1,PBMC4k,Donor 2,Classical monocytes,Classical monocytes,True
pbmc4k_GATGAGGAGAAACCGC-1,PBMC4k,Donor 2,Cytotoxic CD8 T cells,Cytotoxic T cells,True
pbmc4k_GATGAGGAGCTCTCGG-1,PBMC4k,Donor 2,Activated/transitional T cells,Non-cytotoxic T cells,True
pbmc4k_GATGAGGAGGGCACTA-1,PBMC4k,Donor 2,IL7R+ memory/helper T cells,Non-cytotoxic T cells,True
pbmc4k_GATGAGGAGTCATGCT-1,PBMC4k,Donor 2,B cells,B cells,True
pbmc4k_GATGAGGAGTTGAGTA-1,PBMC4k,Donor 2,IL7R+ memory/helper T cells,Non-cytotoxic T cells,True
pbmc4k_GATGAGGGTAACGCGA-1,PBMC4k,Donor 2,Cytotoxic CD8 T cells,Cytotoxic T cells,True
pbmc4k_GATGAGGGTCGAACAG-1,PBMC4k,Donor 2,B cells,B cells,True
pbmc4k_GATGAGGGTCGACTAT-1,PBMC4k,Donor 2,Cytotoxic CD8 T cells,Cytotoxic T cells,True
pbmc4k_GATGAGGGTCGCTTCT-1,PBMC4k,Donor 2,Cytotoxic CD8 T cells,Cytotoxic T cells,True
pbmc4k_GATGAGGGTTCAGACT-1,PBMC4k,Donor 2,Naive/resting T cells,Non-cytotoxic T cells,True
pbmc4k_GATGAGGTCCATTCTA-1,PBMC4k,Donor 2,Classical monocytes,Classical monocytes,True
pbmc4k_GATGAGGTCCGAATGT-1,PBMC4k,Donor 2,IL7R+ memory/helper T cells,Non-cytotoxic T cells,True
pbmc4k_GATGAGGTCGTACCGG-1,PBMC4k,Donor 2,Activated/transitional T cells,Non-cytotoxic T cells,True
pbmc4k_GATGCTACACATCTTT-1,PBMC4k,Donor 2,B cells,B cells,True
pbmc4k_GATGCTACAGATGGGT-1,PBMC4k,Donor 2,B cells,B cells,True
pbmc4k_GATGCTACAGCGTAAG-1,PBMC4k,Donor 2,B cells,B cells,True
pbmc4k_GATGCTACAGGTTTCA-1,PBMC4k,Donor 2,IL7R+ memory/helper T cells,Non-cytotoxic T cells,True
pbmc4k_GATGCTACATTTCACT-1,PBMC4k,Donor 2,Classical monocytes,Classical monocytes,True
pbmc4k_GATGCTAGTGAGTGAC-1,PBMC4k,Donor 2,Naive/resting T cells,Non-cytotoxic T cells,True
pbmc4k_GATGCTAGTGTGTGCC-1,PBMC4k,Donor 2,Activated/transitional T cells,Non-cytotoxic T cells,True
pbmc4k_GATGCTAGTGTTAAGA-1,PBMC4k,Donor 2,B cells,B cells,True
pbmc4k_GATGCTAGTTGAGTTC-1,PBMC4k,Donor 2,B cells,B cells,True
pbmc4k_GATGCTAGTTGATTCG-1,PBMC4k,Donor 2,Activated/transitional T cells,Non-cytotoxic T cells,True
pbmc4k_GATTCAGAGATGGCGT-1,PBMC4k,Donor 2,Classical monocytes,Classical monocytes,True
pbmc4k_GATTCAGAGCGTAGTG-1,PBMC4k,Donor 2,B cells,B cells,True
pbmc4k_GATTCAGAGGCAATTA-1,PBMC4k,Donor 2,IL7R+ memory/helper T cells,Non-cytotoxic T cells,True
pbmc4k_GATTCAGAGGTGATTA-1,PBMC4k,Donor 2,Activated/transitional T cells,Non-cytotoxic T cells,True
pbmc4k_GATTCAGCAATGGAAT-1,PBMC4k,Donor 2,Cytotoxic CD8 T cells,Cytotoxic T cells,True
pbmc4k_GATTCAGCAGATGAGC-1,PBMC4k,Donor 2,B cells,B cells,True
pbmc4k_GATTCAGCATCACCCT-1,PBMC4k,Donor 2,B cells,B cells,True
pbmc4k_GATTCAGGTGGCGAAT-1,PBMC4k,Donor 2,Cytotoxic CD8 T cells,Cytotoxic T cells,True
pbmc4k_GATTCAGTCGCGTAGC-1,PBMC4k,Donor 2,Activated/transitional T cells,Non-cytotoxic T cells,True
pbmc4k_GATTCAGTCTTAGAGC-1,PBMC4k,Donor 2,Activated/transitional T cells,Non-cytotoxic T cells,True
pbmc4k_GCAAACTAGAAGGACA-1,PBMC4k,Donor 2,Classical monocytes,Classical monocytes,True
pbmc4k_GCAAACTAGCTGAACG-1,PBMC4k,Donor 2,Activated/transitional T cells,Non-cytotoxic T cells,True
pbmc4k_GCAAACTCAATTCCTT-1,PBMC4k,Donor 2,Activated/transitional T cells,Non-cytotoxic T cells,True
pbmc4k_GCAAACTCATATACCG-1,PBMC4k,Donor 2,IL7R+ memory/helper T cells,Non-cytotoxic T cells,True
pbmc4k_GCAAACTGTACAGTTC-1,PBMC4k,Donor 2,Classical monocytes,Classical monocytes,True
pbmc4k_GCAAACTGTATTAGCC-1,PBMC4k,Donor 2,Classical monocytes,Classical monocytes,True
pbmc4k_GCAAACTGTCGATTGT-1,PBMC4k,Donor 2,Classical monocytes,Classical monocytes,True
pbmc4k_GCAAACTGTCTTCAAG-1,PBMC4k,Donor 2,Classical monocytes,Classical monocytes,True
pbmc4k_GCAAACTGTGTTGGGA-1,PBMC4k,Donor 2,B cells,B cells,True
pbmc4k_GCAAACTTCAGCATGT-1,PBMC4k,Donor 2,B cells,B cells,True
pbmc4k_GCAATCAAGACCGGAT-1,PBMC4k,Donor 2,B cells,B cells,True
pbmc4k_GCAATCACACCCAGTG-1,PBMC4k,Donor 2,Activated/transitional T cells,Non-cytotoxic T cells,True
pbmc4k_GCAATCACAGATAATG-1,PBMC4k,Donor 2,Activated/transitional T cells,Non-cytotoxic T cells,True
pbmc4k_GCAATCAGTAACGTTC-1,PBMC4k,Donor 2,NK cells,NK cells,True
pbmc4k_GCAATCATCAGAAATG-1,PBMC4k,Donor 2,Activated/transitional T cells,Non-cytotoxic T cells,True
pbmc4k_GCACATAAGCCGCCTA-1,PBMC4k,Donor 2,Activated/transitional T cells,Non-cytotoxic T cells,True
pbmc4k_GCACATAAGCTCCCAG-1,PBMC4k,Donor 2,CD16+ non-classical monocytes,CD16+ non-classical monocytes,True
pbmc4k_GCACATAAGGCCATAG-1,PBMC4k,Donor 2,Activated/transitional T cells,Non-cytotoxic T cells,True
pbmc4k_GCACATAAGTTAGCGG-1,PBMC4k,Donor 2,Naive/resting T cells,Non-cytotoxic T cells,True
pbmc4k_GCACATACAAACAACA-1,PBMC4k,Donor 2,Cytotoxic CD8 T cells,Cytotoxic T cells,True
pbmc4k_GCACATAGTAGAGGAA-1,PBMC4k,Donor 2,Activated/transitional T cells,Non-cytotoxic T cells,True
pbmc4k_GCACATAGTCTTCTCG-1,PBMC4k,Donor 2,Cytotoxic CD8 T cells,Cytotoxic T cells,True
pbmc4k_GCACATATCACGCATA-1,PBMC4k,Donor 2,Cytotoxic CD8 T cells,Cytotoxic T cells,True
pbmc4k_GCACATATCCGTTGCT-1,PBMC4k,Donor 2,NK cells,NK cells,True
pbmc4k_GCACTCTAGAGATGAG-1,PBMC4k,Donor 2,B cells,B cells,True
pbmc4k_GCACTCTAGCGTAGTG-1,PBMC4k,Donor 2,Cytotoxic CD8 T cells,Cytotoxic T cells,True
pbmc4k_GCACTCTAGTGCCAGA-1,PBMC4k,Donor 2,Classical monocytes,Classical monocytes,True
pbmc4k_GCACTCTCATGAGCGA-1,PBMC4k,Donor 2,B cells,B cells,True
pbmc4k_GCACTCTGTTAGATGA-1,PBMC4k,Donor 2,IL7R+ memory/helper T cells,Non-cytotoxic T cells,True
pbmc4k_GCACTCTTCAGTCCCT-1,PBMC4k,Donor 2,Cytotoxic CD8 T cells,Cytotoxic T cells,True
pbmc4k_GCACTCTTCAGTTTGG-1,PBMC4k,Donor 2,Naive/resting T cells,Non-cytotoxic T cells,True
pbmc4k_GCACTCTTCATGTCTT-1,PBMC4k,Donor 2,IL7R+ memory/helper T cells,Non-cytotoxic T cells,True
pbmc4k_GCACTCTTCATTCACT-1,PBMC4k,Donor 2,B cells,B cells,True
pbmc4k_GCACTCTTCTGAGGGA-1,PBMC4k,Donor 2,Activated/transitional T cells,Non-cytotoxic T cells,True
pbmc4k_GCACTCTTCTGCTGCT-1,PBMC4k,Donor 2,Classical monocytes,Classical monocytes,True
pbmc4k_GCAGCCAAGTCTTGCA-1,PBMC4k,Donor 2,Cytotoxic CD8 T cells,Cytotoxic T cells,True
pbmc4k_GCAGCCACAAGGTTCT-1,PBMC4k,Donor 2,Cytotoxic CD8 T cells,Cytotoxic T cells,True
pbmc4k_GCAGCCAGTATGAAAC-1,PBMC4k,Donor 2,Cytotoxic CD8 T cells,Cytotoxic T cells,True
pbmc4k_GCAGCCAGTCGGCACT-1,PBMC4k,Donor 2,IL7R+ memory/helper T cells,Non-cytotoxic T cells,True
pbmc4k_GCAGCCAGTGTTTGTG-1,PBMC4k,Donor 2,Classical monocytes,Classical monocytes,True
pbmc4k_GCAGCCAGTTTAGGAA-1,PBMC4k,Donor 2,Naive/resting T cells,Non-cytotoxic T cells,True
pbmc4k_GCAGCCATCATCGCTC-1,PBMC4k,Donor 2,B cells,B cells,True
pbmc4k_GCAGTTAAGGGATACC-1,PBMC4k,Donor 2,B cells,B cells,True
pbmc4k_GCAGTTACACGAAACG-1,PBMC4k,Donor 2,Activated/transitional T cells,Non-cytotoxic T cells,True
pbmc4k_GCAGTTACATGAGCGA-1,PBMC4k,Donor 2,Classical monocytes,Classical monocytes,True
pbmc4k_GCAGTTACATTGGGCC-1,PBMC4k,Donor 2,IL7R+ memory/helper T cells,Non-cytotoxic T cells,True
pbmc4k_GCAGTTAGTGGCCCTA-1,PBMC4k,Donor 2,Cytotoxic CD8 T cells,Cytotoxic T cells,True
pbmc4k_GCAGTTATCTCGATGA-1,PBMC4k,Donor 2,Classical monocytes,Classical monocytes,True
pbmc4k_GCAGTTATCTTAGCCC-1,PBMC4k,Donor 2,Classical monocytes,Classical monocytes,True
pbmc4k_GCATACAAGACAGAGA-1,PBMC4k,Donor 2,Cytotoxic CD8 T cells,Cytotoxic T cells,True
pbmc4k_GCATACAAGCAATCTC-1,PBMC4k,Donor 2,Cytotoxic CD8 T cells,Cytotoxic T cells,True
pbmc4k_GCATACAAGTCGTTTG-1,PBMC4k,Donor 2,Classical monocytes,Classical monocytes,True
pbmc4k_GCATACACAATACGCT-1,PBMC4k,Donor 2,IL7R+ memory/helper T cells,Non-cytotoxic T cells,True
pbmc4k_GCATACACAATTGCTG-1,PBMC4k,Donor 2,Cytotoxic CD8 T cells,Cytotoxic T cells,True
pbmc4k_GCATACAGTCAGATAA-1,PBMC4k,Donor 2,B cells,B cells,True
pbmc4k_GCATACAGTCTAGCCG-1,PBMC4k,Donor 2,Classical monocytes,Classical monocytes,True
pbmc4k_GCATACAGTTTAAGCC-1,PBMC4k,Donor 2,IL7R+ memory/helper T cells,Non-cytotoxic T cells,True
pbmc4k_GCATACATCCCATTAT-1,PBMC4k,Donor 2,Cytotoxic CD8 T cells,Cytotoxic T cells,True
pbmc4k_GCATACATCGCAAACT-1,PBMC4k,Donor 2,Classical monocytes,Classical monocytes,True
pbmc4k_GCATACATCGTACGGC-1,PBMC4k,Donor 2,IL7R+ memory/helper T cells,Non-cytotoxic T cells,True
pbmc4k_GCATACATCTTTAGGG-1,PBMC4k,Donor 2,CD16+ non-classical monocytes,CD16+ non-classical monocytes,True
pbmc4k_GCATGATAGCGATATA-1,PBMC4k,Donor 2,Cytotoxic CD8 T cells,Cytotoxic T cells,True
pbmc4k_GCATGATCAAAGCGGT-1,PBMC4k,Donor 2,Activated/transitional T cells,Non-cytotoxic T cells,True
pbmc4k_GCATGATCAAGCTGAG-1,PBMC4k,Donor 2,Classical monocytes,Classical monocytes,True
pbmc4k_GCATGATCAATCCAAC-1,PBMC4k,Donor 2,B cells,B cells,True
pbmc4k_GCATGATCACCAGCAC-1,PBMC4k,Donor 2,Classical monocytes,Classical monocytes,True
pbmc4k_GCATGATCAGTCGATT-1,PBMC4k,Donor 2,Activated/transitional T cells,Non-cytotoxic T cells,True
pbmc4k_GCATGATGTAGGCTGA-1,PBMC4k,Donor 2,Activated/transitional T cells,Non-cytotoxic T cells,True
pbmc4k_GCATGATGTCTCAACA-1,PBMC4k,Donor 2,Activated/transitional T cells,Non-cytotoxic T cells,True
pbmc4k_GCATGATGTTAAGTAG-1,PBMC4k,Donor 2,Activated/transitional T cells,Non-cytotoxic T cells,True
pbmc4k_GCATGATGTTACGCGC-1,PBMC4k,Donor 2,IL7R+ memory/helper T cells,Non-cytotoxic T cells,True
pbmc4k_GCATGATGTTGATTGC-1,PBMC4k,Donor 2,Activated/transitional T cells,Non-cytotoxic T cells,True
pbmc4k_GCATGATTCACAGTAC-1,PBMC4k,Donor 2,Activated/transitional T cells,Non-cytotoxic T cells,True
pbmc4k_GCATGATTCGGTTCGG-1,PBMC4k,Donor 2,Activated/transitional T cells,Non-cytotoxic T cells,True
pbmc4k_GCATGCGAGACTGGGT-1,PBMC4k,Donor 2,Activated/transitional T cells,Non-cytotoxic T cells,True
pbmc4k_GCATGCGAGCGCTCCA-1,PBMC4k,Donor 2,Classical monocytes,Classical monocytes,True
pbmc4k_GCATGCGAGGATGTAT-1,PBMC4k,Donor 2,Activated/transitional T cells,Non-cytotoxic T cells,True
pbmc4k_GCATGCGAGTACGTTC-1,PBMC4k,Donor 2,IL7R+ memory/helper T cells,Non-cytotoxic T cells,True
pbmc4k_GCATGCGCAAGCGAGT-1,PBMC4k,Donor 2,Activated/transitional T cells,Non-cytotoxic T cells,True
pbmc4k_GCATGCGCAGACGCTC-1,PBMC4k,Donor 2,IL7R+ memory/helper T cells,Non-cytotoxic T cells,True
pbmc4k_GCATGCGCAGATAATG-1,PBMC4k,Donor 2,Classical monocytes,Classical monocytes,True
pbmc4k_GCATGCGCATCGATTG-1,PBMC4k,Donor 2,Activated/transitional T cells,Non-cytotoxic T cells,True
pbmc4k_GCATGCGGTCAACTGT-1,PBMC4k,Donor 2,Naive/resting T cells,Non-cytotoxic T cells,True
pbmc4k_GCATGCGGTCTGCGGT-1,PBMC4k,Donor 2,Classical monocytes,Classical monocytes,True
pbmc4k_GCATGCGGTGAGGCTA-1,PBMC4k,Donor 2,B cells,B cells,True
pbmc4k_GCATGTAAGAACTGTA-1,PBMC4k,Donor 2,Cytotoxic CD8 T cells,Cytotoxic T cells,True
pbmc4k_GCATGTAAGTTACGGG-1,PBMC4k,Donor 2,Cytotoxic CD8 T cells,Cytotoxic T cells,True
pbmc4k_GCATGTACAGCTGCTG-1,PBMC4k,Donor 2,Cytotoxic CD8 T cells,Cytotoxic T cells,True
pbmc4k_GCATGTACAGTTTACG-1,PBMC4k,Donor 2,Classical monocytes,Classical monocytes,True
pbmc4k_GCATGTAGTAGCCTCG-1,PBMC4k,Donor 2,Cytotoxic CD8 T cells,Cytotoxic T cells,True
pbmc4k_GCATGTAGTCAACTGT-1,PBMC4k,Donor 2,Cytotoxic CD8 T cells,Cytotoxic T cells,True
pbmc4k_GCATGTAGTCAGGACA-1,PBMC4k,Donor 2,Classical monocytes,Classical monocytes,True
pbmc4k_GCATGTAGTTAAGACA-1,PBMC4k,Donor 2,B cells,B cells,True
pbmc4k_GCATGTAGTTCACGGC-1,PBMC4k,Donor 2,IL7R+ memory/helper T cells,Non-cytotoxic T cells,True
pbmc4k_GCATGTATCACCCTCA-1,PBMC4k,Donor 2,B cells,B cells,True
pbmc4k_GCATGTATCAGAAATG-1,PBMC4k,Donor 2,IL7R+ memory/helper T cells,Non-cytotoxic T cells,True
pbmc4k_GCATGTATCTTGCAAG-1,PBMC4k,Donor 2,IL7R+ memory/helper T cells,Non-cytotoxic T cells,True
pbmc4k_GCCAAATAGAGCCTAG-1,PBMC4k,Donor 2,Classical monocytes,Classical monocytes,True
pbmc4k_GCCAAATAGCGATATA-1,PBMC4k,Donor 2,IL7R+ memory/helper T cells,Non-cytotoxic T cells,True
pbmc4k_GCCAAATAGTGCTGCC-1,PBMC4k,Donor 2,B cells,B cells,True
pbmc4k_GCCAAATCATACAGCT-1,PBMC4k,Donor 2,Naive/resting T cells,Non-cytotoxic T cells,True
pbmc4k_GCCAAATCATGCAACT-1,PBMC4k,Donor 2,Activated/transitional T cells,Non-cytotoxic T cells,True
pbmc4k_GCCAAATGTCGTTGTA-1,PBMC4k,Donor 2,Cytotoxic CD8 T cells,Cytotoxic T cells,True
pbmc4k_GCCAAATGTCTCCATC-1,PBMC4k,Donor 2,Activated/transitional T cells,Non-cytotoxic T cells,True
pbmc4k_GCCAAATTCTAAGCCA-1,PBMC4k,Donor 2,Classical monocytes,Classical monocytes,True
pbmc4k_GCCAAATTCTGCAGTA-1,PBMC4k,Donor 2,Activated/transitional T cells,Non-cytotoxic T cells,True
pbmc4k_GCCTCTAAGACAATAC-1,PBMC4k,Donor 2,Activated/transitional T cells,Non-cytotoxic T cells,True
pbmc4k_GCCTCTAAGAGCAATT-1,PBMC4k,Donor 2,Activated/transitional T cells,Non-cytotoxic T cells,True
pbmc4k_GCCTCTAAGCAGCGTA-1,PBMC4k,Donor 2,IL7R+ memory/helper T cells,Non-cytotoxic T cells,True
pbmc4k_GCCTCTAAGGCAGGTT-1,PBMC4k,Donor 2,Activated/transitional T cells,Non-cytotoxic T cells,True
pbmc4k_GCCTCTAAGGGAACGG-1,PBMC4k,Donor 2,CD16+ non-classical monocytes,CD16+ non-classical monocytes,True
pbmc4k_GCCTCTACATGTCCTC-1,PBMC4k,Donor 2,Cytotoxic CD8 T cells,Cytotoxic T cells,True
pbmc4k_GCGACCAAGAAGCCCA-1,PBMC4k,Donor 2,Classical monocytes,Classical monocytes,True
pbmc4k_GCGACCACACGAGAGT-1,PBMC4k,Donor 2,Cytotoxic CD8 T cells,Cytotoxic T cells,True
pbmc4k_GCGACCAGTAATCACC-1,PBMC4k,Donor 2,Activated/transitional T cells,Non-cytotoxic T cells,True
pbmc4k_GCGACCAGTGCAGACA-1,PBMC4k,Donor 2,Classical monocytes,Classical monocytes,True
pbmc4k_GCGACCAGTTCCCTTG-1,PBMC4k,Donor 2,Cytotoxic CD8 T cells,Cytotoxic T cells,True
pbmc4k_GCGAGAAAGAATGTGT-1,PBMC4k,Donor 2,B cells,B cells,True
pbmc4k_GCGAGAAAGACAGGCT-1,PBMC4k,Donor 2,Activated/transitional T cells,Non-cytotoxic T cells,True
pbmc4k_GCGAGAAAGTGTGGCA-1,PBMC4k,Donor 2,Cytotoxic CD8 T cells,Cytotoxic T cells,True
pbmc4k_GCGAGAAAGTTAAGTG-1,PBMC4k,Donor 2,Classical monocytes,Classical monocytes,True
pbmc4k_GCGAGAACACAACGTT-1,PBMC4k,Donor 2,Activated/transitional T cells,Non-cytotoxic T cells,True
pbmc4k_GCGAGAACACAGGAGT-1,PBMC4k,Donor 2,Activated/transitional T cells,Non-cytotoxic T cells,True
pbmc4k_GCGAGAACATTGGTAC-1,PBMC4k,Donor 2,Classical monocytes,Classical monocytes,True
pbmc4k_GCGAGAAGTAAACGCG-1,PBMC4k,Donor 2,IL7R+ memory/helper T cells,Non-cytotoxic T cells,True
pbmc4k_GCGAGAAGTCATCCCT-1,PBMC4k,Donor 2,Classical monocytes,Classical monocytes,True
pbmc4k_GCGAGAAGTTACTGAC-1,PBMC4k,Donor 2,B cells,B cells,True
pbmc4k_GCGAGAAGTTCTGGTA-1,PBMC4k,Donor 2,IL7R+ memory/helper T cells,Non-cytotoxic T cells,True
pbmc4k_GCGAGAATCACAGGCC-1,PBMC4k,Donor 2,Cytotoxic CD8 T cells,Cytotoxic T cells,True
pbmc4k_GCGAGAATCAGCACAT-1,PBMC4k,Donor 2,Activated/transitional T cells,Non-cytotoxic T cells,True
pbmc4k_GCGAGAATCGACGGAA-1,PBMC4k,Donor 2,B cells,B cells,True
pbmc4k_GCGAGAATCTAACTCT-1,PBMC4k,Donor 2,Activated/transitional T cells,Non-cytotoxic T cells,True
pbmc4k_GCGAGAATCTACTCAT-1,PBMC4k,Donor 2,Cytotoxic CD8 T cells,Cytotoxic T cells,True
pbmc4k_GCGCAACAGCGATCCC-1,PBMC4k,Donor 2,Cytotoxic CD8 T cells,Cytotoxic T cells,True
pbmc4k_GCGCAACAGCGTGTCC-1,PBMC4k,Donor 2,IL7R+ memory/helper T cells,Non-cytotoxic T cells,True
pbmc4k_GCGCAACAGGCGTACA-1,PBMC4k,Donor 2,Classical monocytes,Classical monocytes,True
pbmc4k_GCGCAACCAACGATCT-1,PBMC4k,Donor 2,IL7R+ memory/helper T cells,Non-cytotoxic T cells,True
pbmc4k_GCGCAACCAAGGTTTC-1,PBMC4k,Donor 2,IL7R+ memory/helper T cells,Non-cytotoxic T cells,True
pbmc4k_GCGCAACCAGGTGGAT-1,PBMC4k,Donor 2,Cytotoxic CD8 T cells,Cytotoxic T cells,True
pbmc4k_GCGCAACCAGTCAGCC-1,PBMC4k,Donor 2,Cytotoxic CD8 T cells,Cytotoxic T cells,True
pbmc4k_GCGCAACGTCGGATCC-1,PBMC4k,Donor 2,Cytotoxic CD8 T cells,Cytotoxic T cells,True
pbmc4k_GCGCAACGTGTCAATC-1,PBMC4k,Donor 2,Classical monocytes,Classical monocytes,True
pbmc4k_GCGCAACGTTAGGGTG-1,PBMC4k,Donor 2,Classical monocytes,Classical monocytes,True
pbmc4k_GCGCAACGTTGCGCAC-1,PBMC4k,Donor 2,B cells,B cells,True
pbmc4k_GCGCAACTCACGAAGG-1,PBMC4k,Donor 2,Activated/transitional T cells,Non-cytotoxic T cells,True
pbmc4k_GCGCAACTCGTTTGCC-1,PBMC4k,Donor 2,Activated/transitional T cells,Non-cytotoxic T cells,True
pbmc4k_GCGCAACTCTCATTCA-1,PBMC4k,Donor 2,IL7R+ memory/helper T cells,Non-cytotoxic T cells,True
pbmc4k_GCGCAGTAGAGCTATA-1,PBMC4k,Donor 2,Naive/resting T cells,Non-cytotoxic T cells,True
pbmc4k_GCGCAGTAGCACCGCT-1,PBMC4k,Donor 2,Classical monocytes,Classical monocytes,True
pbmc4k_GCGCAGTAGCGTGTCC-1,PBMC4k,Donor 2,Classical monocytes,Classical monocytes,True
pbmc4k_GCGCAGTCAGCGTAAG-1,PBMC4k,Donor 2,Dendritic cells,,False
pbmc4k_GCGCAGTCATTGTGCA-1,PBMC4k,Donor 2,Classical monocytes,Classical monocytes,True
pbmc4k_GCGCAGTCATTTGCCC-1,PBMC4k,Donor 2,Classical monocytes,Classical monocytes,True
pbmc4k_GCGCAGTGTCTGCGGT-1,PBMC4k,Donor 2,Activated/transitional T cells,Non-cytotoxic T cells,True
pbmc4k_GCGCCAAAGGCTAGAC-1,PBMC4k,Donor 2,B cells,B cells,True
pbmc4k_GCGCCAACAGCTTAAC-1,PBMC4k,Donor 2,Activated/transitional T cells,Non-cytotoxic T cells,True
pbmc4k_GCGCCAACATTCACTT-1,PBMC4k,Donor 2,Activated/transitional T cells,Non-cytotoxic T cells,True
pbmc4k_GCGCCAAGTCATGCAT-1,PBMC4k,Donor 2,Classical monocytes,Classical monocytes,True
pbmc4k_GCGCCAAGTTCAGCGC-1,PBMC4k,Donor 2,Activated/transitional T cells,Non-cytotoxic T cells,True
pbmc4k_GCGCCAATCAAACCAC-1,PBMC4k,Donor 2,Classical monocytes,Classical monocytes,True
pbmc4k_GCGCCAATCATCACCC-1,PBMC4k,Donor 2,Cytotoxic CD8 T cells,Cytotoxic T cells,True
pbmc4k_GCGCCAATCGTAGGTT-1,PBMC4k,Donor 2,Classical monocytes,Classical monocytes,True
pbmc4k_GCGCGATAGACTACAA-1,PBMC4k,Donor 2,Cytotoxic CD8 T cells,Cytotoxic T cells,True
pbmc4k_GCGCGATAGGATGCGT-1,PBMC4k,Donor 2,B cells,B cells,True
pbmc4k_GCGCGATAGTGTTGAA-1,PBMC4k,Donor 2,Naive/resting T cells,Non-cytotoxic T cells,True
pbmc4k_GCGCGATCACATCTTT-1,PBMC4k,Donor 2,Activated/transitional T cells,Non-cytotoxic T cells,True
pbmc4k_GCGCGATCAGTCACTA-1,PBMC4k,Donor 2,Cytotoxic CD8 T cells,Cytotoxic T cells,True
pbmc4k_GCGCGATCATAGGATA-1,PBMC4k,Donor 2,Cytotoxic CD8 T cells,Cytotoxic T cells,True
pbmc4k_GCGCGATTCCTTTCTC-1,PBMC4k,Donor 2,IL7R+ memory/helper T cells,Non-cytotoxic T cells,True
pbmc4k_GCGCGATTCGGTGTTA-1,PBMC4k,Donor 2,IL7R+ memory/helper T cells,Non-cytotoxic T cells,True
pbmc4k_GCGCGATTCGTCTGAA-1,PBMC4k,Donor 2,Classical monocytes,Classical monocytes,True
pbmc4k_GCGGGTTAGCGTTTAC-1,PBMC4k,Donor 2,Classical monocytes,Classical monocytes,True
pbmc4k_GCGGGTTAGCTAAGAT-1,PBMC4k,Donor 2,Activated/transitional T cells,Non-cytotoxic T cells,True
pbmc4k_GCGGGTTAGTCGATAA-1,PBMC4k,Donor 2,NK cells,NK cells,True
pbmc4k_GCGGGTTAGTGTACTC-1,PBMC4k,Donor 2,Classical monocytes,Classical monocytes,True
pbmc4k_GCGGGTTCAATAAGCA-1,PBMC4k,Donor 2,Classical monocytes,Classical monocytes,True
pbmc4k_GCGGGTTGTCTTCTCG-1,PBMC4k,Donor 2,Classical monocytes,Classical monocytes,True
pbmc4k_GCGGGTTGTGAAAGAG-1,PBMC4k,Donor 2,Cytotoxic CD8 T cells,Cytotoxic T cells,True
pbmc4k_GCGGGTTGTGGGTATG-1,PBMC4k,Donor 2,B cells,B cells,True
pbmc4k_GCGGGTTTCCAAGTAC-1,PBMC4k,Donor 2,Classical monocytes,Classical monocytes,True
pbmc4k_GCTCCTAAGAGAACAG-1,PBMC4k,Donor 2,Activated/transitional T cells,Non-cytotoxic T cells,True
pbmc4k_GCTCCTACAAAGTGCG-1,PBMC4k,Donor 2,B cells,B cells,True
pbmc4k_GCTCCTACAGCCAGAA-1,PBMC4k,Donor 2,B cells,B cells,True
pbmc4k_GCTCCTAGTTCTGAAC-1,PBMC4k,Donor 2,Cytotoxic CD8 T cells,Cytotoxic T cells,True
pbmc4k_GCTCCTATCTGGTGTA-1,PBMC4k,Donor 2,Activated/transitional T cells,Non-cytotoxic T cells,True
pbmc4k_GCTCTGTAGCGCCTCA-1,PBMC4k,Donor 2,Activated/transitional T cells,Non-cytotoxic T cells,True
pbmc4k_GCTCTGTCAAGCGCTC-1,PBMC4k,Donor 2,Activated/transitional T cells,Non-cytotoxic T cells,True
pbmc4k_GCTCTGTCAAGTCTGT-1,PBMC4k,Donor 2,IL7R+ memory/helper T cells,Non-cytotoxic T cells,True
pbmc4k_GCTCTGTCACATAACC-1,PBMC4k,Donor 2,NK cells,NK cells,True
pbmc4k_GCTCTGTCATTCGACA-1,PBMC4k,Donor 2,Activated/transitional T cells,Non-cytotoxic T cells,True
pbmc4k_GCTCTGTGTAGCGCAA-1,PBMC4k,Donor 2,Activated/transitional T cells,Non-cytotoxic T cells,True
pbmc4k_GCTCTGTGTTAAGAAC-1,PBMC4k,Donor 2,Activated/transitional T cells,Non-cytotoxic T cells,True
pbmc4k_GCTCTGTTCACGAAGG-1,PBMC4k,Donor 2,Classical monocytes,Classical monocytes,True
pbmc4k_GCTCTGTTCTTACCTA-1,PBMC4k,Donor 2,B cells,B cells,True
pbmc4k_GCTGCAGAGGATGGAA-1,PBMC4k,Donor 2,Classical monocytes,Classical monocytes,True
pbmc4k_GCTGCAGAGGTACTCT-1,PBMC4k,Donor 2,IL7R+ memory/helper T cells,Non-cytotoxic T cells,True
pbmc4k_GCTGCAGCACAGTCGC-1,PBMC4k,Donor 2,B cells,B cells,True
pbmc4k_GCTGCAGGTGCATCTA-1,PBMC4k,Donor 2,Activated/transitional T cells,Non-cytotoxic T cells,True
pbmc4k_GCTGCAGGTTGTGGCC-1,PBMC4k,Donor 2,Activated/transitional T cells,Non-cytotoxic T cells,True
pbmc4k_GCTGCAGTCACTTCAT-1,PBMC4k,Donor 2,Classical monocytes,Classical monocytes,True
pbmc4k_GCTGCAGTCTGCCAGG-1,PBMC4k,Donor 2,Naive/resting T cells,Non-cytotoxic T cells,True
pbmc4k_GCTGCGAAGCCGTCGT-1,PBMC4k,Donor 2,Classical monocytes,Classical monocytes,True
pbmc4k_GCTGCGAAGCTGTTCA-1,PBMC4k,Donor 2,Activated/transitional T cells,Non-cytotoxic T cells,True
pbmc4k_GCTGCGAAGGCTAGGT-1,PBMC4k,Donor 2,Activated/transitional T cells,Non-cytotoxic T cells,True
pbmc4k_GCTGCGACAAGCGAGT-1,PBMC4k,Donor 2,Activated/transitional T cells,Non-cytotoxic T cells,True
pbmc4k_GCTGCGACAATGGAGC-1,PBMC4k,Donor 2,Classical monocytes,Classical monocytes,True
pbmc4k_GCTGCGACATAACCTG-1,PBMC4k,Donor 2,Classical monocytes,Classical monocytes,True
pbmc4k_GCTGCGAGTGGCAAAC-1,PBMC4k,Donor 2,Activated/transitional T cells,Non-cytotoxic T cells,True
pbmc4k_GCTGCGATCAACACGT-1,PBMC4k,Donor 2,Activated/transitional T cells,Non-cytotoxic T cells,True
pbmc4k_GCTGCGATCAAGCCTA-1,PBMC4k,Donor 2,B cells,B cells,True
pbmc4k_GCTGCGATCCGAGCCA-1,PBMC4k,Donor 2,B cells,B cells,True
pbmc4k_GCTGCGATCGTTGCCT-1,PBMC4k,Donor 2,NK cells,NK cells,True
pbmc4k_GCTGCTTAGAGCTGCA-1,PBMC4k,Donor 2,NK cells,NK cells,True
pbmc4k_GCTGCTTAGAGGTAGA-1,PBMC4k,Donor 2,B cells,B cells,True
pbmc4k_GCTGCTTAGCTCCTTC-1,PBMC4k,Donor 2,B cells,B cells,True
pbmc4k_GCTGCTTAGGACCACA-1,PBMC4k,Donor 2,Activated/transitional T cells,Non-cytotoxic T cells,True
pbmc4k_GCTGCTTAGGCTAGAC-1,PBMC4k,Donor 2,Activated/transitional T cells,Non-cytotoxic T cells,True
pbmc4k_GCTGCTTAGGTAGCCA-1,PBMC4k,Donor 2,Cytotoxic CD8 T cells,Cytotoxic T cells,True
pbmc4k_GCTGCTTCACAGCGTC-1,PBMC4k,Donor 2,NK cells,NK cells,True
pbmc4k_GCTGCTTCAGACGCTC-1,PBMC4k,Donor 2,Activated/transitional T cells,Non-cytotoxic T cells,True
pbmc4k_GCTGCTTCAGGGAGAG-1,PBMC4k,Donor 2,Activated/transitional T cells,Non-cytotoxic T cells,True
pbmc4k_GCTGCTTCATTCGACA-1,PBMC4k,Donor 2,Activated/transitional T cells,Non-cytotoxic T cells,True
pbmc4k_GCTGCTTGTTAAGGGC-1,PBMC4k,Donor 2,NK cells,NK cells,True
pbmc4k_GCTGCTTTCGTTGACA-1,PBMC4k,Donor 2,Classical monocytes,Classical monocytes,True
pbmc4k_GCTGGGTAGAAGGTTT-1,PBMC4k,Donor 2,Cytotoxic CD8 T cells,Cytotoxic T cells,True
pbmc4k_GCTGGGTAGGTAGCTG-1,PBMC4k,Donor 2,Naive/resting T cells,Non-cytotoxic T cells,True
pbmc4k_GCTGGGTCACCTCGTT-1,PBMC4k,Donor 2,NK cells,NK cells,True
pbmc4k_GCTGGGTCAGCTGTGC-1,PBMC4k,Donor 2,IL7R+ memory/helper T cells,Non-cytotoxic T cells,True
pbmc4k_GCTGGGTCAGGAATGC-1,PBMC4k,Donor 2,Naive/resting T cells,Non-cytotoxic T cells,True
pbmc4k_GCTGGGTCAGTATGCT-1,PBMC4k,Donor 2,IL7R+ memory/helper T cells,Non-cytotoxic T cells,True
pbmc4k_GCTGGGTGTAGCGTAG-1,PBMC4k,Donor 2,Classical monocytes,Classical monocytes,True
pbmc4k_GCTGGGTGTAGTAGTA-1,PBMC4k,Donor 2,Activated/transitional T cells,Non-cytotoxic T cells,True
pbmc4k_GCTGGGTGTCAGCTAT-1,PBMC4k,Donor 2,Activated/transitional T cells,Non-cytotoxic T cells,True
pbmc4k_GCTGGGTGTGACTACT-1,PBMC4k,Donor 2,IL7R+ memory/helper T cells,Non-cytotoxic T cells,True
pbmc4k_GCTGGGTGTTAAAGAC-1,PBMC4k,Donor 2,Activated/transitional T cells,Non-cytotoxic T cells,True
pbmc4k_GCTGGGTTCCATGAAC-1,PBMC4k,Donor 2,Classical monocytes,Classical monocytes,True
pbmc4k_GCTGGGTTCTTGTTTG-1,PBMC4k,Donor 2,Activated/transitional T cells,Non-cytotoxic T cells,True
pbmc4k_GCTTCCAAGCTACCGC-1,PBMC4k,Donor 2,IL7R+ memory/helper T cells,Non-cytotoxic T cells,True
pbmc4k_GCTTCCAAGCTTATCG-1,PBMC4k,Donor 2,Cytotoxic CD8 T cells,Cytotoxic T cells,True
pbmc4k_GCTTCCAAGGAATCGC-1,PBMC4k,Donor 2,Activated/transitional T cells,Non-cytotoxic T cells,True
pbmc4k_GCTTCCAAGTCTCGGC-1,PBMC4k,Donor 2,Dendritic cells,,False
pbmc4k_GCTTCCACACGAGAGT-1,PBMC4k,Donor 2,Classical monocytes,Classical monocytes,True
pbmc4k_GCTTCCACAGCTCGCA-1,PBMC4k,Donor 2,B cells,B cells,True
pbmc4k_GCTTCCAGTCGCATAT-1,PBMC4k,Donor 2,Classical monocytes,Classical monocytes,True
pbmc4k_GCTTCCATCCTACAGA-1,PBMC4k,Donor 2,B cells,B cells,True
pbmc4k_GCTTCCATCTCCTATA-1,PBMC4k,Donor 2,Activated/transitional T cells,Non-cytotoxic T cells,True
pbmc4k_GCTTGAACAAATCCGT-1,PBMC4k,Donor 2,NK cells,NK cells,True
pbmc4k_GCTTGAACAACGCACC-1,PBMC4k,Donor 2,B cells,B cells,True
pbmc4k_GCTTGAACACAGACAG-1,PBMC4k,Donor 2,Classical monocytes,Classical monocytes,True
pbmc4k_GCTTGAACACAGTCGC-1,PBMC4k,Donor 2,B cells,B cells,True
pbmc4k_GCTTGAACACCAGTTA-1,PBMC4k,Donor 2,IL7R+ memory/helper T cells,Non-cytotoxic T cells,True
pbmc4k_GCTTGAACACTTCGAA-1,PBMC4k,Donor 2,Activated/transitional T cells,Non-cytotoxic T cells,True
pbmc4k_GCTTGAACAGCTGTGC-1,PBMC4k,Donor 2,IL7R+ memory/helper T cells,Non-cytotoxic T cells,True
pbmc4k_GCTTGAAGTAGCTGCC-1,PBMC4k,Donor 2,B cells,B cells,True
pbmc4k_GCTTGAAGTTCCTCCA-1,PBMC4k,Donor 2,B cells,B cells,True
pbmc4k_GCTTGAATCGCTAGCG-1,PBMC4k,Donor 2,Naive/resting T cells,Non-cytotoxic T cells,True
pbmc4k_GCTTGAATCTTGAGGT-1,PBMC4k,Donor 2,Classical monocytes,Classical monocytes,True
pbmc4k_GGAAAGCAGCCAGAAC-1,PBMC4k,Donor 2,Classical monocytes,Classical monocytes,True
pbmc4k_GGAAAGCAGGAGTAGA-1,PBMC4k,Donor 2,CD16+ non-classical monocytes,CD16+ non-classical monocytes,True
pbmc4k_GGAAAGCCAAGCCATT-1,PBMC4k,Donor 2,Cytotoxic CD8 T cells,Cytotoxic T cells,True
pbmc4k_GGAAAGCGTCGCTTTC-1,PBMC4k,Donor 2,B cells,B cells,True
pbmc4k_GGAAAGCTCGAATGCT-1,PBMC4k,Donor 2,B cells,B cells,True
pbmc4k_GGAAAGCTCTTGACGA-1,PBMC4k,Donor 2,Cytotoxic CD8 T cells,Cytotoxic T cells,True
pbmc4k_GGAACTTAGCCAGGAT-1,PBMC4k,Donor 2,Classical monocytes,Classical monocytes,True
pbmc4k_GGAACTTAGTTCCACA-1,PBMC4k,Donor 2,Classical monocytes,Classical monocytes,True
pbmc4k_GGAACTTCAGACAAGC-1,PBMC4k,Donor 2,B cells,B cells,True
pbmc4k_GGAACTTTCACTCCTG-1,PBMC4k,Donor 2,Classical monocytes,Classical monocytes,True
pbmc4k_GGAACTTTCACTTCAT-1,PBMC4k,Donor 2,Naive/resting T cells,Non-cytotoxic T cells,True
pbmc4k_GGAACTTTCATATCGG-1,PBMC4k,Donor 2,Cytotoxic CD8 T cells,Cytotoxic T cells,True
pbmc4k_GGAACTTTCGATCCCT-1,PBMC4k,Donor 2,Activated/transitional T cells,Non-cytotoxic T cells,True
pbmc4k_GGAATAAAGCTCAACT-1,PBMC4k,Donor 2,Activated/transitional T cells,Non-cytotoxic T cells,True
pbmc4k_GGAATAACAAGGTTTC-1,PBMC4k,Donor 2,B cells,B cells,True
pbmc4k_GGAATAACACAAGACG-1,PBMC4k,Donor 2,Activated/transitional T cells,Non-cytotoxic T cells,True
pbmc4k_GGAATAACACAGCGTC-1,PBMC4k,Donor 2,Naive/resting T cells,Non-cytotoxic T cells,True
pbmc4k_GGAATAACAGGCTGAA-1,PBMC4k,Donor 2,Classical monocytes,Classical monocytes,True
pbmc4k_GGAATAAGTTTGACTG-1,PBMC4k,Donor 2,Classical monocytes,Classical monocytes,True
pbmc4k_GGAATAATCACCTTAT-1,PBMC4k,Donor 2,Classical monocytes,Classical monocytes,True
pbmc4k_GGAATAATCGGAAACG-1,PBMC4k,Donor 2,Activated/transitional T cells,Non-cytotoxic T cells,True
pbmc4k_GGACAAGAGAAGCCCA-1,PBMC4k,Donor 2,Cytotoxic CD8 T cells,Cytotoxic T cells,True
pbmc4k_GGACAAGAGCCATCGC-1,PBMC4k,Donor 2,Cytotoxic CD8 T cells,Cytotoxic T cells,True
pbmc4k_GGACAAGAGGTACTCT-1,PBMC4k,Donor 2,B cells,B cells,True
pbmc4k_GGACAAGCAATCTACG-1,PBMC4k,Donor 2,Classical monocytes,Classical monocytes,True
pbmc4k_GGACAAGCAGCGTAAG-1,PBMC4k,Donor 2,Classical monocytes,Classical monocytes,True
pbmc4k_GGACAAGGTCTTGATG-1,PBMC4k,Donor 2,Classical monocytes,Classical monocytes,True
pbmc4k_GGACAAGTCAGTTCGA-1,PBMC4k,Donor 2,B cells,B cells,True
pbmc4k_GGACAAGTCATAAAGG-1,PBMC4k,Donor 2,Activated/transitional T cells,Non-cytotoxic T cells,True
pbmc4k_GGACAAGTCGTTGCCT-1,PBMC4k,Donor 2,NK cells,NK cells,True
pbmc4k_GGACAAGTCTCAAGTG-1,PBMC4k,Donor 2,IL7R+ memory/helper T cells,Non-cytotoxic T cells,True
pbmc4k_GGACAGACAGATGGGT-1,PBMC4k,Donor 2,Activated/transitional T cells,Non-cytotoxic T cells,True
pbmc4k_GGACAGACAGCTTCGG-1,PBMC4k,Donor 2,Activated/transitional T cells,Non-cytotoxic T cells,True
pbmc4k_GGACAGACAGTCAGAG-1,PBMC4k,Donor 2,B cells,B cells,True
pbmc4k_GGACAGAGTATAGGTA-1,PBMC4k,Donor 2,IL7R+ memory/helper T cells,Non-cytotoxic T cells,True
pbmc4k_GGACATTCACAGTCGC-1,PBMC4k,Donor 2,B cells,B cells,True
pbmc4k_GGACATTCATGAAGTA-1,PBMC4k,Donor 2,Activated/transitional T cells,Non-cytotoxic T cells,True
pbmc4k_GGACATTCATTGCGGC-1,PBMC4k,Donor 2,CD16+ non-classical monocytes,CD16+ non-classical monocytes,True
pbmc4k_GGACATTGTGGCGAAT-1,PBMC4k,Donor 2,Classical monocytes,Classical monocytes,True
pbmc4k_GGACATTTCGAACGGA-1,PBMC4k,Donor 2,B cells,B cells,True
pbmc4k_GGACGTCAGAGTAATC-1,PBMC4k,Donor 2,Classical monocytes,Classical monocytes,True
pbmc4k_GGACGTCCATCCGTGG-1,PBMC4k,Donor 2,Activated/transitional T cells,Non-cytotoxic T cells,True
pbmc4k_GGACGTCCATGAACCT-1,PBMC4k,Donor 2,Activated/transitional T cells,Non-cytotoxic T cells,True
pbmc4k_GGACGTCGTAAATACG-1,PBMC4k,Donor 2,IL7R+ memory/helper T cells,Non-cytotoxic T cells,True
pbmc4k_GGACGTCGTCGTTGTA-1,PBMC4k,Donor 2,Activated/transitional T cells,Non-cytotoxic T cells,True
pbmc4k_GGACGTCTCTTGAGGT-1,PBMC4k,Donor 2,B cells,B cells,True
pbmc4k_GGAGCAAAGAAACGCC-1,PBMC4k,Donor 2,Activated/transitional T cells,Non-cytotoxic T cells,True
pbmc4k_GGAGCAAAGACACGAC-1,PBMC4k,Donor 2,Classical monocytes,Classical monocytes,True
pbmc4k_GGAGCAAAGATGCCAG-1,PBMC4k,Donor 2,Activated/transitional T cells,Non-cytotoxic T cells,True
pbmc4k_GGAGCAAAGATGTGGC-1,PBMC4k,Donor 2,CD16+ non-classical monocytes,CD16+ non-classical monocytes,True
pbmc4k_GGAGCAAAGTGTTTGC-1,PBMC4k,Donor 2,Classical monocytes,Classical monocytes,True
pbmc4k_GGAGCAAGTCCGTGAC-1,PBMC4k,Donor 2,Classical monocytes,Classical monocytes,True
pbmc4k_GGAGCAAGTGGACGAT-1,PBMC4k,Donor 2,IL7R+ memory/helper T cells,Non-cytotoxic T cells,True
pbmc4k_GGAGCAATCATTGCGA-1,PBMC4k,Donor 2,B cells,B cells,True
pbmc4k_GGAGCAATCGTCACGG-1,PBMC4k,Donor 2,B cells,B cells,True
pbmc4k_GGATGTTCAGATCGGA-1,PBMC4k,Donor 2,B cells,B cells,True
pbmc4k_GGATGTTGTATCGCAT-1,PBMC4k,Donor 2,NK cells,NK cells,True
pbmc4k_GGATGTTGTCACTGGC-1,PBMC4k,Donor 2,Cytotoxic CD8 T cells,Cytotoxic T cells,True
pbmc4k_GGATGTTGTCCAAGTT-1,PBMC4k,Donor 2,Cytotoxic CD8 T cells,Cytotoxic T cells,True
pbmc4k_GGATGTTGTCTGCCAG-1,PBMC4k,Donor 2,Classical monocytes,Classical monocytes,True
pbmc4k_GGATGTTTCATACGGT-1,PBMC4k,Donor 2,Classical monocytes,Classical monocytes,True
pbmc4k_GGATTACAGAGTAAGG-1,PBMC4k,Donor 2,Activated/transitional T cells,Non-cytotoxic T cells,True
pbmc4k_GGATTACAGATCCGAG-1,PBMC4k,Donor 2,NK cells,NK cells,True
pbmc4k_GGATTACAGCGATATA-1,PBMC4k,Donor 2,Classical monocytes,Classical monocytes,True
pbmc4k_GGATTACAGCTTCGCG-1,PBMC4k,Donor 2,B cells,B cells,True
pbmc4k_GGATTACAGGCTATCT-1,PBMC4k,Donor 2,IL7R+ memory/helper T cells,Non-cytotoxic T cells,True
pbmc4k_GGATTACAGTCAATAG-1,PBMC4k,Donor 2,NK cells,NK cells,True
pbmc4k_GGATTACAGTGGAGAA-1,PBMC4k,Donor 2,Cytotoxic CD8 T cells,Cytotoxic T cells,True
pbmc4k_GGATTACGTACAAGTA-1,PBMC4k,Donor 2,Cytotoxic CD8 T cells,Cytotoxic T cells,True
pbmc4k_GGATTACTCCCTAATT-1,PBMC4k,Donor 2,IL7R+ memory/helper T cells,Non-cytotoxic T cells,True
pbmc4k_GGCAATTAGAATCTCC-1,PBMC4k,Donor 2,Classical monocytes,Classical monocytes,True
pbmc4k_GGCAATTAGCGTGAAC-1,PBMC4k,Donor 2,Classical monocytes,Classical monocytes,True
pbmc4k_GGCAATTGTAAGAGGA-1,PBMC4k,Donor 2,Naive/resting T cells,Non-cytotoxic T cells,True
pbmc4k_GGCAATTGTAGCACGA-1,PBMC4k,Donor 2,Classical monocytes,Classical monocytes,True
pbmc4k_GGCAATTGTCGCTTCT-1,PBMC4k,Donor 2,Activated/transitional T cells,Non-cytotoxic T cells,True
pbmc4k_GGCAATTGTGATGTGG-1,PBMC4k,Donor 2,Classical monocytes,Classical monocytes,True
pbmc4k_GGCAATTGTGTTGGGA-1,PBMC4k,Donor 2,CD16+ non-classical monocytes,CD16+ non-classical monocytes,True
pbmc4k_GGCAATTGTTCCATGA-1,PBMC4k,Donor 2,Activated/transitional T cells,Non-cytotoxic T cells,True
pbmc4k_GGCAATTTCTCACATT-1,PBMC4k,Donor 2,Activated/transitional T cells,Non-cytotoxic T cells,True
pbmc4k_GGCCGATAGAACTGTA-1,PBMC4k,Donor 2,Activated/transitional T cells,Non-cytotoxic T cells,True
pbmc4k_GGCCGATAGTCGATAA-1,PBMC4k,Donor 2,IL7R+ memory/helper T cells,Non-cytotoxic T cells,True
pbmc4k_GGCCGATAGTCGTTTG-1,PBMC4k,Donor 2,Classical monocytes,Classical monocytes,True
pbmc4k_GGCCGATAGTGCTGCC-1,PBMC4k,Donor 2,Cytotoxic CD8 T cells,Cytotoxic T cells,True
pbmc4k_GGCCGATCACCTTGTC-1,PBMC4k,Donor 2,Activated/transitional T cells,Non-cytotoxic T cells,True
pbmc4k_GGCCGATGTGGCGAAT-1,PBMC4k,Donor 2,NK cells,NK cells,True
pbmc4k_GGCCGATGTGGTACAG-1,PBMC4k,Donor 2,B cells,B cells,True
pbmc4k_GGCCGATGTTGGTAAA-1,PBMC4k,Donor 2,IL7R+ memory/helper T cells,Non-cytotoxic T cells,True
pbmc4k_GGCCGATTCACCCTCA-1,PBMC4k,Donor 2,Activated/transitional T cells,Non-cytotoxic T cells,True
pbmc4k_GGCCGATTCGGTGTTA-1,PBMC4k,Donor 2,IL7R+ memory/helper T cells,Non-cytotoxic T cells,True
pbmc4k_GGCGACTAGTGTACTC-1,PBMC4k,Donor 2,IL7R+ memory/helper T cells,Non-cytotoxic T cells,True
pbmc4k_GGCGACTAGTGTGAAT-1,PBMC4k,Donor 2,Classical monocytes,Classical monocytes,True
pbmc4k_GGCGACTAGTGTGGCA-1,PBMC4k,Donor 2,B cells,B cells,True
pbmc4k_GGCGACTCAATGGACG-1,PBMC4k,Donor 2,CD16+ non-classical monocytes,CD16+ non-classical monocytes,True
pbmc4k_GGCGACTCAGGAATGC-1,PBMC4k,Donor 2,Naive/resting T cells,Non-cytotoxic T cells,True
pbmc4k_GGCGACTCATGGATGG-1,PBMC4k,Donor 2,Activated/transitional T cells,Non-cytotoxic T cells,True
pbmc4k_GGCGACTGTAGCCTAT-1,PBMC4k,Donor 2,B cells,B cells,True
pbmc4k_GGCGACTGTTAGATGA-1,PBMC4k,Donor 2,Naive/resting T cells,Non-cytotoxic T cells,True
pbmc4k_GGCGACTGTTATGCGT-1,PBMC4k,Donor 2,Cytotoxic CD8 T cells,Cytotoxic T cells,True
pbmc4k_GGCGACTGTTCTCATT-1,PBMC4k,Donor 2,B cells,B cells,True
pbmc4k_GGCGACTTCAACCAAC-1,PBMC4k,Donor 2,Activated/transitional T cells,Non-cytotoxic T cells,True
pbmc4k_GGCGTGTAGATCCTGT-1,PBMC4k,Donor 2,Activated/transitional T cells,Non-cytotoxic T cells,True
pbmc4k_GGCGTGTAGCTAGTCT-1,PBMC4k,Donor 2,Cytotoxic CD8 T cells,Cytotoxic T cells,True
pbmc4k_GGCGTGTAGTAAGTAC-1,PBMC4k,Donor 2,B cells,B cells,True
pbmc4k_GGCGTGTAGTAGTGCG-1,PBMC4k,Donor 2,NK cells,NK cells,True
pbmc4k_GGCGTGTCAAGCGTAG-1,PBMC4k,Donor 2,B cells,B cells,True
pbmc4k_GGCGTGTGTAGATTAG-1,PBMC4k,Donor 2,Activated/transitional T cells,Non-cytotoxic T cells,True
pbmc4k_GGCGTGTGTATTAGCC-1,PBMC4k,Donor 2,Cytotoxic CD8 T cells,Cytotoxic T cells,True
pbmc4k_GGCGTGTGTTGAACTC-1,PBMC4k,Donor 2,Classical monocytes,Classical monocytes,True
pbmc4k_GGCGTGTTCTGAGTGT-1,PBMC4k,Donor 2,Activated/transitional T cells,Non-cytotoxic T cells,True
pbmc4k_GGCTCGAAGAAGGTGA-1,PBMC4k,Donor 2,B cells,B cells,True
pbmc4k_GGCTCGAAGAATTCCC-1,PBMC4k,Donor 2,Activated/transitional T cells,Non-cytotoxic T cells,True
pbmc4k_GGCTCGAAGGCTCATT-1,PBMC4k,Donor 2,Cytotoxic CD8 T cells,Cytotoxic T cells,True
pbmc4k_GGCTCGAAGTTGCAGG-1,PBMC4k,Donor 2,Activated/transitional T cells,Non-cytotoxic T cells,True
pbmc4k_GGCTCGAGTAGCACGA-1,PBMC4k,Donor 2,Cytotoxic CD8 T cells,Cytotoxic T cells,True
pbmc4k_GGCTCGATCCAGGGCT-1,PBMC4k,Donor 2,Classical monocytes,Classical monocytes,True
pbmc4k_GGCTCGATCCATGAAC-1,PBMC4k,Donor 2,Activated/transitional T cells,Non-cytotoxic T cells,True
pbmc4k_GGCTGGTAGAGCTGCA-1,PBMC4k,Donor 2,Activated/transitional T cells,Non-cytotoxic T cells,True
pbmc4k_GGCTGGTAGATACACA-1,PBMC4k,Donor 2,Activated/transitional T cells,Non-cytotoxic T cells,True
pbmc4k_GGCTGGTAGCCGCCTA-1,PBMC4k,Donor 2,Activated/transitional T cells,Non-cytotoxic T cells,True
pbmc4k_GGCTGGTAGCGGCTTC-1,PBMC4k,Donor 2,B cells,B cells,True
pbmc4k_GGCTGGTAGCGTCAAG-1,PBMC4k,Donor 2,Classical monocytes,Classical monocytes,True
pbmc4k_GGCTGGTAGTTAGGTA-1,PBMC4k,Donor 2,IL7R+ memory/helper T cells,Non-cytotoxic T cells,True
pbmc4k_GGCTGGTCAAAGCGGT-1,PBMC4k,Donor 2,Cytotoxic CD8 T cells,Cytotoxic T cells,True
pbmc4k_GGCTGGTCAAGAAAGG-1,PBMC4k,Donor 2,B cells,B cells,True
pbmc4k_GGCTGGTCACTGTCGG-1,PBMC4k,Donor 2,Classical monocytes,Classical monocytes,True
pbmc4k_GGCTGGTCAGCGATCC-1,PBMC4k,Donor 2,B cells,B cells,True
pbmc4k_GGCTGGTCAGTCGATT-1,PBMC4k,Donor 2,CD16+ non-classical monocytes,CD16+ non-classical monocytes,True
pbmc4k_GGCTGGTCATCGTCGG-1,PBMC4k,Donor 2,IL7R+ memory/helper T cells,Non-cytotoxic T cells,True
pbmc4k_GGCTGGTCATTCACTT-1,PBMC4k,Donor 2,Classical monocytes,Classical monocytes,True
pbmc4k_GGCTGGTGTTATGCGT-1,PBMC4k,Donor 2,NK cells,NK cells,True
pbmc4k_GGCTGGTGTTGATTGC-1,PBMC4k,Donor 2,IL7R+ memory/helper T cells,Non-cytotoxic T cells,True
pbmc4k_GGCTGGTGTTTAGGAA-1,PBMC4k,Donor 2,IL7R+ memory/helper T cells,Non-cytotoxic T cells,True
pbmc4k_GGCTGGTTCCCGGATG-1,PBMC4k,Donor 2,Classical monocytes,Classical monocytes,True
pbmc4k_GGCTGGTTCCCTCTTT-1,PBMC4k,Donor 2,Activated/transitional T cells,Non-cytotoxic T cells,True
pbmc4k_GGCTGGTTCGTTGCCT-1,PBMC4k,Donor 2,IL7R+ memory/helper T cells,Non-cytotoxic T cells,True
pbmc4k_GGGAATGCACGGCCAT-1,PBMC4k,Donor 2,Cytotoxic CD8 T cells,Cytotoxic T cells,True
pbmc4k_GGGAATGCATGATCCA-1,PBMC4k,Donor 2,Classical monocytes,Classical monocytes,True
pbmc4k_GGGAATGGTACCCAAT-1,PBMC4k,Donor 2,B cells,B cells,True
pbmc4k_GGGAATGGTACTTGAC-1,PBMC4k,Donor 2,B cells,B cells,True
pbmc4k_GGGAATGGTCGCTTCT-1,PBMC4k,Donor 2,Classical monocytes,Classical monocytes,True
pbmc4k_GGGAATGGTGTAACGG-1,PBMC4k,Donor 2,Cytotoxic CD8 T cells,Cytotoxic T cells,True
pbmc4k_GGGAATGGTTGATTCG-1,PBMC4k,Donor 2,Classical monocytes,Classical monocytes,True
pbmc4k_GGGAATGTCTACCTGC-1,PBMC4k,Donor 2,Cytotoxic CD8 T cells,Cytotoxic T cells,True
pbmc4k_GGGAATGTCTATCCCG-1,PBMC4k,Donor 2,Classical monocytes,Classical monocytes,True
pbmc4k_GGGACCTAGCCTATGT-1,PBMC4k,Donor 2,Cytotoxic CD8 T cells,Cytotoxic T cells,True
pbmc4k_GGGACCTAGCGTCAAG-1,PBMC4k,Donor 2,Activated/transitional T cells,Non-cytotoxic T cells,True
pbmc4k_GGGACCTCAAATTGCC-1,PBMC4k,Donor 2,Activated/transitional T cells,Non-cytotoxic T cells,True
pbmc4k_GGGACCTCATAACCTG-1,PBMC4k,Donor 2,Naive/resting T cells,Non-cytotoxic T cells,True
pbmc4k_GGGACCTTCACGACTA-1,PBMC4k,Donor 2,Activated/transitional T cells,Non-cytotoxic T cells,True
pbmc4k_GGGAGATAGAAGGGTA-1,PBMC4k,Donor 2,Activated/transitional T cells,Non-cytotoxic T cells,True
pbmc4k_GGGAGATAGATCTGCT-1,PBMC4k,Donor 2,Classical monocytes,Classical monocytes,True
pbmc4k_GGGAGATCAAGGTTTC-1,PBMC4k,Donor 2,Activated/transitional T cells,Non-cytotoxic T cells,True
pbmc4k_GGGAGATCAGCTGTGC-1,PBMC4k,Donor 2,Naive/resting T cells,Non-cytotoxic T cells,True
pbmc4k_GGGAGATCATACGCCG-1,PBMC4k,Donor 2,Activated/transitional T cells,Non-cytotoxic T cells,True
pbmc4k_GGGAGATGTGCTTCTC-1,PBMC4k,Donor 2,CD16+ non-classical monocytes,CD16+ non-classical monocytes,True
pbmc4k_GGGAGATGTTCCACGG-1,PBMC4k,Donor 2,Activated/transitional T cells,Non-cytotoxic T cells,True
pbmc4k_GGGAGATTCACCATAG-1,PBMC4k,Donor 2,CD16+ non-classical monocytes,CD16+ non-classical monocytes,True
pbmc4k_GGGAGATTCATAGCAC-1,PBMC4k,Donor 2,Cytotoxic CD8 T cells,Cytotoxic T cells,True
pbmc4k_GGGAGATTCCTTTCGG-1,PBMC4k,Donor 2,Activated/transitional T cells,Non-cytotoxic T cells,True
pbmc4k_GGGAGATTCTGTACGA-1,PBMC4k,Donor 2,Activated/transitional T cells,Non-cytotoxic T cells,True
pbmc4k_GGGATGAAGAGGGATA-1,PBMC4k,Donor 2,Classical monocytes,Classical monocytes,True
pbmc4k_GGGATGAAGCAGACTG-1,PBMC4k,Donor 2,Activated/transitional T cells,Non-cytotoxic T cells,True
pbmc4k_GGGATGAAGTTTCCTT-1,PBMC4k,Donor 2,B cells,B cells,True
pbmc4k_GGGATGACAATGTAAG-1,PBMC4k,Donor 2,Cytotoxic CD8 T cells,Cytotoxic T cells,True
pbmc4k_GGGATGACAGTAGAGC-1,PBMC4k,Donor 2,Cytotoxic CD8 T cells,Cytotoxic T cells,True
pbmc4k_GGGATGACAGTCGTGC-1,PBMC4k,Donor 2,CD16+ non-classical monocytes,CD16+ non-classical monocytes,True
pbmc4k_GGGATGACATCGGTTA-1,PBMC4k,Donor 2,Cytotoxic CD8 T cells,Cytotoxic T cells,True
pbmc4k_GGGATGATCATAAAGG-1,PBMC4k,Donor 2,Activated/transitional T cells,Non-cytotoxic T cells,True
pbmc4k_GGGATGATCGGAAACG-1,PBMC4k,Donor 2,Activated/transitional T cells,Non-cytotoxic T cells,True
pbmc4k_GGGATGATCTACTTAC-1,PBMC4k,Donor 2,Classical monocytes,Classical monocytes,True
pbmc4k_GGGCACTAGATCCCAT-1,PBMC4k,Donor 2,Naive/resting T cells,Non-cytotoxic T cells,True
pbmc4k_GGGCACTAGGTGATTA-1,PBMC4k,Donor 2,Classical monocytes,Classical monocytes,True
pbmc4k_GGGCACTCACATGTGT-1,PBMC4k,Donor 2,Classical monocytes,Classical monocytes,True
pbmc4k_GGGCACTCAGCCTTGG-1,PBMC4k,Donor 2,Activated/transitional T cells,Non-cytotoxic T cells,True
pbmc4k_GGGCACTGTAACGTTC-1,PBMC4k,Donor 2,Classical monocytes,Classical monocytes,True
pbmc4k_GGGCACTGTGATGTGG-1,PBMC4k,Donor 2,Classical monocytes,Classical monocytes,True
pbmc4k_GGGCACTTCACTCTTA-1,PBMC4k,Donor 2,Activated/transitional T cells,Non-cytotoxic T cells,True
pbmc4k_GGGCATCAGACACGAC-1,PBMC4k,Donor 2,Classical monocytes,Classical monocytes,True
pbmc4k_GGGCATCAGCACAGGT-1,PBMC4k,Donor 2,Cytotoxic CD8 T cells,Cytotoxic T cells,True
pbmc4k_GGGCATCAGTACGATA-1,PBMC4k,Donor 2,Activated/transitional T cells,Non-cytotoxic T cells,True
pbmc4k_GGGCATCCATTGGGCC-1,PBMC4k,Donor 2,Activated/transitional T cells,Non-cytotoxic T cells,True
pbmc4k_GGGCATCTCAGAGGTG-1,PBMC4k,Donor 2,Activated/transitional T cells,Non-cytotoxic T cells,True
pbmc4k_GGGCATCTCTCTTATG-1,PBMC4k,Donor 2,Classical monocytes,Classical monocytes,True
pbmc4k_GGGTCTGCAACACCCG-1,PBMC4k,Donor 2,Classical monocytes,Classical monocytes,True
pbmc4k_GGGTCTGCACTCAGGC-1,PBMC4k,Donor 2,Cytotoxic CD8 T cells,Cytotoxic T cells,True
pbmc4k_GGGTCTGCAGCTTCGG-1,PBMC4k,Donor 2,B cells,B cells,True
pbmc4k_GGGTCTGGTAGAGGAA-1,PBMC4k,Donor 2,Classical monocytes,Classical monocytes,True
pbmc4k_GGGTCTGGTAGCAAAT-1,PBMC4k,Donor 2,B cells,B cells,True
pbmc4k_GGGTCTGGTGTTTGGT-1,PBMC4k,Donor 2,Activated/transitional T cells,Non-cytotoxic T cells,True
pbmc4k_GGGTCTGGTTCCACTC-1,PBMC4k,Donor 2,Cytotoxic CD8 T cells,Cytotoxic T cells,True
pbmc4k_GGGTCTGTCGTAGATC-1,PBMC4k,Donor 2,Classical monocytes,Classical monocytes,True
pbmc4k_GGGTCTGTCTCATTCA-1,PBMC4k,Donor 2,Cytotoxic CD8 T cells,Cytotoxic T cells,True
pbmc4k_GGGTTGCAGAAGCCCA-1,PBMC4k,Donor 2,Activated/transitional T cells,Non-cytotoxic T cells,True
pbmc4k_GGGTTGCAGCCAGGAT-1,PBMC4k,Donor 2,B cells,B cells,True
pbmc4k_GGGTTGCAGGTCGGAT-1,PBMC4k,Donor 2,B cells,B cells,True
pbmc4k_GGGTTGCCACGGATAG-1,PBMC4k,Donor 2,Naive/resting T cells,Non-cytotoxic T cells,True
pbmc4k_GGGTTGCTCAATCTCT-1,PBMC4k,Donor 2,Cytotoxic CD8 T cells,Cytotoxic T cells,True
pbmc4k_GGGTTGCTCGCCAAAT-1,PBMC4k,Donor 2,Cytotoxic CD8 T cells,Cytotoxic T cells,True
pbmc4k_GGGTTGCTCTCTGCTG-1,PBMC4k,Donor 2,B cells,B cells,True
pbmc4k_GGGTTGCTCTGTCCGT-1,PBMC4k,Donor 2,Classical monocytes,Classical monocytes,True
pbmc4k_GGTATTGAGTGTCCAT-1,PBMC4k,Donor 2,IL7R+ memory/helper T cells,Non-cytotoxic T cells,True
pbmc4k_GGTATTGCAACTGGCC-1,PBMC4k,Donor 2,B cells,B cells,True
pbmc4k_GGTATTGCAGCCTTGG-1,PBMC4k,Donor 2,Cytotoxic CD8 T cells,Cytotoxic T cells,True
pbmc4k_GGTATTGGTGAGGCTA-1,PBMC4k,Donor 2,Classical monocytes,Classical monocytes,True
pbmc4k_GGTATTGGTGTCCTCT-1,PBMC4k,Donor 2,Cytotoxic CD8 T cells,Cytotoxic T cells,True
pbmc4k_GGTATTGTCAGCTCTC-1,PBMC4k,Donor 2,Activated/transitional T cells,Non-cytotoxic T cells,True
pbmc4k_GGTATTGTCCTCTAGC-1,PBMC4k,Donor 2,Classical monocytes,Classical monocytes,True
pbmc4k_GGTGAAGAGTACGATA-1,PBMC4k,Donor 2,Classical monocytes,Classical monocytes,True
pbmc4k_GGTGAAGAGTCCATAC-1,PBMC4k,Donor 2,Naive/resting T cells,Non-cytotoxic T cells,True
pbmc4k_GGTGAAGAGTCTTGCA-1,PBMC4k,Donor 2,B cells,B cells,True
pbmc4k_GGTGAAGCAGGCAGTA-1,PBMC4k,Donor 2,B cells,B cells,True
pbmc4k_GGTGAAGCAGTAACGG-1,PBMC4k,Donor 2,Cytotoxic CD8 T cells,Cytotoxic T cells,True
pbmc4k_GGTGAAGGTACCTACA-1,PBMC4k,Donor 2,Activated/transitional T cells,Non-cytotoxic T cells,True
pbmc4k_GGTGAAGGTGTTGGGA-1,PBMC4k,Donor 2,Activated/transitional T cells,Non-cytotoxic T cells,True
pbmc4k_GGTGAAGGTTGCGCAC-1,PBMC4k,Donor 2,Naive/resting T cells,Non-cytotoxic T cells,True
pbmc4k_GGTGCGTAGCGCCTCA-1,PBMC4k,Donor 2,NK cells,NK cells,True
pbmc4k_GGTGCGTCACGAGAGT-1,PBMC4k,Donor 2,IL7R+ memory/helper T cells,Non-cytotoxic T cells,True
pbmc4k_GGTGCGTCATCGGACC-1,PBMC4k,Donor 2,Activated/transitional T cells,Non-cytotoxic T cells,True
pbmc4k_GGTGCGTGTTGCGTTA-1,PBMC4k,Donor 2,Activated/transitional T cells,Non-cytotoxic T cells,True
pbmc4k_GGTGCGTTCAAACCGT-1,PBMC4k,Donor 2,IL7R+ memory/helper T cells,Non-cytotoxic T cells,True
pbmc4k_GGTGCGTTCGCAGGCT-1,PBMC4k,Donor 2,Classical monocytes,Classical monocytes,True
pbmc4k_GGTGCGTTCTCGCTTG-1,PBMC4k,Donor 2,IL7R+ memory/helper T cells,Non-cytotoxic T cells,True
pbmc4k_GGTGTTAAGATCGATA-1,PBMC4k,Donor 2,CD16+ non-classical monocytes,CD16+ non-classical monocytes,True
pbmc4k_GGTGTTAAGCGTGAGT-1,PBMC4k,Donor 2,Classical monocytes,Classical monocytes,True
pbmc4k_GGTGTTAAGCTAGCCC-1,PBMC4k,Donor 2,Activated/transitional T cells,Non-cytotoxic T cells,True
pbmc4k_GGTGTTACAATAACGA-1,PBMC4k,Donor 2,Classical monocytes,Classical monocytes,True
pbmc4k_GGTGTTACACTGAAGG-1,PBMC4k,Donor 2,Activated/transitional T cells,Non-cytotoxic T cells,True
pbmc4k_GGTGTTACATGCAATC-1,PBMC4k,Donor 2,Classical monocytes,Classical monocytes,True
pbmc4k_GGTGTTAGTGATGCCC-1,PBMC4k,Donor 2,IL7R+ memory/helper T cells,Non-cytotoxic T cells,True
pbmc4k_GGTGTTATCCTTTACA-1,PBMC4k,Donor 2,B cells,B cells,True
pbmc4k_GTAACGTAGAATGTGT-1,PBMC4k,Donor 2,Activated/transitional T cells,Non-cytotoxic T cells,True
pbmc4k_GTAACGTAGAGGTAGA-1,PBMC4k,Donor 2,Cytotoxic CD8 T cells,Cytotoxic T cells,True
pbmc4k_GTAACGTCAATGTAAG-1,PBMC4k,Donor 2,Classical monocytes,Classical monocytes,True
pbmc4k_GTAACGTCACAGAGGT-1,PBMC4k,Donor 2,NK cells,NK cells,True
pbmc4k_GTAACGTCACCCATGG-1,PBMC4k,Donor 2,Cytotoxic CD8 T cells,Cytotoxic T cells,True
pbmc4k_GTAACGTTCAGTCCCT-1,PBMC4k,Donor 2,Classical monocytes,Classical monocytes,True
pbmc4k_GTAACGTTCCACGTGG-1,PBMC4k,Donor 2,IL7R+ memory/helper T cells,Non-cytotoxic T cells,True
pbmc4k_GTAACGTTCCTGCAGG-1,PBMC4k,Donor 2,NK cells,NK cells,True
pbmc4k_GTAACTGAGACTACAA-1,PBMC4k,Donor 2,Activated/transitional T cells,Non-cytotoxic T cells,True
pbmc4k_GTAACTGAGAGATGAG-1,PBMC4k,Donor 2,Cytotoxic CD8 T cells,Cytotoxic T cells,True
pbmc4k_GTAACTGCAGTATAAG-1,PBMC4k,Donor 2,CD16+ non-classical monocytes,CD16+ non-classical monocytes,True
pbmc4k_GTAACTGGTCGTGGCT-1,PBMC4k,Donor 2,Cytotoxic CD8 T cells,Cytotoxic T cells,True
pbmc4k_GTAACTGGTCTCGTTC-1,PBMC4k,Donor 2,NK cells,NK cells,True
pbmc4k_GTAACTGGTTGGACCC-1,PBMC4k,Donor 2,Activated/transitional T cells,Non-cytotoxic T cells,True
pbmc4k_GTAACTGTCATGTCCC-1,PBMC4k,Donor 2,B cells,B cells,True
pbmc4k_GTAACTGTCCATGCTC-1,PBMC4k,Donor 2,Activated/transitional T cells,Non-cytotoxic T cells,True
pbmc4k_GTAACTGTCCTATTCA-1,PBMC4k,Donor 2,Classical monocytes,Classical monocytes,True
pbmc4k_GTACGTAAGATCCCAT-1,PBMC4k,Donor 2,Classical monocytes,Classical monocytes,True
pbmc4k_GTACGTAAGGCTAGCA-1,PBMC4k,Donor 2,Cytotoxic CD8 T cells,Cytotoxic T cells,True
pbmc4k_GTACGTAAGGGTCTCC-1,PBMC4k,Donor 2,Activated/transitional T cells,Non-cytotoxic T cells,True
pbmc4k_GTACGTAAGTACTTGC-1,PBMC4k,Donor 2,IL7R+ memory/helper T cells,Non-cytotoxic T cells,True
pbmc4k_GTACGTACAACAACCT-1,PBMC4k,Donor 2,Activated/transitional T cells,Non-cytotoxic T cells,True
pbmc4k_GTACGTACACACGCTG-1,PBMC4k,Donor 2,Activated/transitional T cells,Non-cytotoxic T cells,True
pbmc4k_GTACGTACATCGGAAG-1,PBMC4k,Donor 2,Cytotoxic CD8 T cells,Cytotoxic T cells,True
pbmc4k_GTACGTAGTAAGTTCC-1,PBMC4k,Donor 2,Classical monocytes,Classical monocytes,True
pbmc4k_GTACGTAGTGTAAGTA-1,PBMC4k,Donor 2,Classical monocytes,Classical monocytes,True
pbmc4k_GTACGTATCAAACCAC-1,PBMC4k,Donor 2,IL7R+ memory/helper T cells,Non-cytotoxic T cells,True
pbmc4k_GTACGTATCCCTCTTT-1,PBMC4k,Donor 2,IL7R+ memory/helper T cells,Non-cytotoxic T cells,True
pbmc4k_GTACGTATCTCACATT-1,PBMC4k,Donor 2,Classical monocytes,Classical monocytes,True
pbmc4k_GTACGTATCTCGTATT-1,PBMC4k,Donor 2,Classical monocytes,Classical monocytes,True
pbmc4k_GTACGTATCTTCATGT-1,PBMC4k,Donor 2,Activated/transitional T cells,Non-cytotoxic T cells,True
pbmc4k_GTACTCCAGACGCTTT-1,PBMC4k,Donor 2,Activated/transitional T cells,Non-cytotoxic T cells,True
pbmc4k_GTACTCCAGAGATGAG-1,PBMC4k,Donor 2,IL7R+ memory/helper T cells,Non-cytotoxic T cells,True
pbmc4k_GTACTCCAGGATATAC-1,PBMC4k,Donor 2,Cytotoxic CD8 T cells,Cytotoxic T cells,True
pbmc4k_GTACTCCCAATAACGA-1,PBMC4k,Donor 2,Classical monocytes,Classical monocytes,True
pbmc4k_GTACTCCCACGAGAGT-1,PBMC4k,Donor 2,Cytotoxic CD8 T cells,Cytotoxic T cells,True
pbmc4k_GTACTCCGTGTGCGTC-1,PBMC4k,Donor 2,Cytotoxic CD8 T cells,Cytotoxic T cells,True
pbmc4k_GTACTCCGTTAGGGTG-1,PBMC4k,Donor 2,Naive/resting T cells,Non-cytotoxic T cells,True
pbmc4k_GTACTCCTCCGTCATC-1,PBMC4k,Donor 2,IL7R+ memory/helper T cells,Non-cytotoxic T cells,True
pbmc4k_GTACTTTAGTCCTCCT-1,PBMC4k,Donor 2,CD16+ non-classical monocytes,CD16+ non-classical monocytes,True
pbmc4k_GTACTTTCACGTCAGC-1,PBMC4k,Donor 2,IL7R+ memory/helper T cells,Non-cytotoxic T cells,True
pbmc4k_GTACTTTCACTAGTAC-1,PBMC4k,Donor 2,Cytotoxic CD8 T cells,Cytotoxic T cells,True
pbmc4k_GTACTTTCATGAAGTA-1,PBMC4k,Donor 2,Activated/transitional T cells,Non-cytotoxic T cells,True
pbmc4k_GTACTTTGTAACGACG-1,PBMC4k,Donor 2,Classical monocytes,Classical monocytes,True
pbmc4k_GTACTTTGTCGCTTCT-1,PBMC4k,Donor 2,Classical monocytes,Classical monocytes,True
pbmc4k_GTACTTTTCCTGCTTG-1,PBMC4k,Donor 2,Naive/resting T cells,Non-cytotoxic T cells,True
pbmc4k_GTACTTTTCGAGCCCA-1,PBMC4k,Donor 2,Activated/transitional T cells,Non-cytotoxic T cells,True
pbmc4k_GTACTTTTCGGATGTT-1,PBMC4k,Donor 2,Cytotoxic CD8 T cells,Cytotoxic T cells,True
pbmc4k_GTAGGCCAGGATGGAA-1,PBMC4k,Donor 2,Activated/transitional T cells,Non-cytotoxic T cells,True
pbmc4k_GTAGGCCCACAGGTTT-1,PBMC4k,Donor 2,Activated/transitional T cells,Non-cytotoxic T cells,True
pbmc4k_GTAGGCCCACCATCCT-1,PBMC4k,Donor 2,Classical monocytes,Classical monocytes,True
pbmc4k_GTAGGCCCACTAGTAC-1,PBMC4k,Donor 2,IL7R+ memory/helper T cells,Non-cytotoxic T cells,True
pbmc4k_GTAGGCCGTACGCTGC-1,PBMC4k,Donor 2,Classical monocytes,Classical monocytes,True
pbmc4k_GTAGGCCGTTCAGCGC-1,PBMC4k,Donor 2,Cytotoxic CD8 T cells,Cytotoxic T cells,True
pbmc4k_GTAGGCCGTTGTCTTT-1,PBMC4k,Donor 2,Classical monocytes,Classical monocytes,True
pbmc4k_GTAGGCCTCCAGTATG-1,PBMC4k,Donor 2,Activated/transitional T cells,Non-cytotoxic T cells,True
pbmc4k_GTAGGCCTCCATGAGT-1,PBMC4k,Donor 2,Cytotoxic CD8 T cells,Cytotoxic T cells,True
pbmc4k_GTAGTCAAGAAGCCCA-1,PBMC4k,Donor 2,Classical monocytes,Classical monocytes,True
pbmc4k_GTAGTCAAGCGTAGTG-1,PBMC4k,Donor 2,Activated/transitional T cells,Non-cytotoxic T cells,True
pbmc4k_GTAGTCAAGGGTCTCC-1,PBMC4k,Donor 2,B cells,B cells,True
pbmc4k_GTAGTCACAAGCCGTC-1,PBMC4k,Donor 2,Naive/resting T cells,Non-cytotoxic T cells,True
pbmc4k_GTAGTCACACGACGAA-1,PBMC4k,Donor 2,Activated/transitional T cells,Non-cytotoxic T cells,True
pbmc4k_GTAGTCACAGACAGGT-1,PBMC4k,Donor 2,B cells,B cells,True
pbmc4k_GTAGTCAGTCTTGCGG-1,PBMC4k,Donor 2,Dendritic cells,,False
pbmc4k_GTAGTCATCACTTCAT-1,PBMC4k,Donor 2,Activated/transitional T cells,Non-cytotoxic T cells,True
pbmc4k_GTAGTCATCCAGTATG-1,PBMC4k,Donor 2,Classical monocytes,Classical monocytes,True
pbmc4k_GTAGTCATCTGTGCAA-1,PBMC4k,Donor 2,Naive/resting T cells,Non-cytotoxic T cells,True
pbmc4k_GTATCTTAGGCTCAGA-1,PBMC4k,Donor 2,Classical monocytes,Classical monocytes,True
pbmc4k_GTATCTTAGTATTGGA-1,PBMC4k,Donor 2,Naive/resting T cells,Non-cytotoxic T cells,True
pbmc4k_GTATCTTAGTGTTAGA-1,PBMC4k,Donor 2,Activated/transitional T cells,Non-cytotoxic T cells,True
pbmc4k_GTATCTTAGTTGTAGA-1,PBMC4k,Donor 2,Activated/transitional T cells,Non-cytotoxic T cells,True
pbmc4k_GTATCTTCAGATTGCT-1,PBMC4k,Donor 2,Activated/transitional T cells,Non-cytotoxic T cells,True
pbmc4k_GTATCTTCAGGATCGA-1,PBMC4k,Donor 2,NK cells,NK cells,True
pbmc4k_GTATCTTCATATGAGA-1,PBMC4k,Donor 2,Classical monocytes,Classical monocytes,True
pbmc4k_GTATCTTGTGTGAATA-1,PBMC4k,Donor 2,Classical monocytes,Classical monocytes,True
pbmc4k_GTATCTTGTTCGCTAA-1,PBMC4k,Donor 2,Activated/transitional T cells,Non-cytotoxic T cells,True
pbmc4k_GTATCTTTCATCATTC-1,PBMC4k,Donor 2,Cytotoxic CD8 T cells,Cytotoxic T cells,True
pbmc4k_GTATCTTTCCCAGGTG-1,PBMC4k,Donor 2,Activated/transitional T cells,Non-cytotoxic T cells,True
pbmc4k_GTATTCTAGAAAGTGG-1,PBMC4k,Donor 2,Activated/transitional T cells,Non-cytotoxic T cells,True
pbmc4k_GTATTCTAGGATGGAA-1,PBMC4k,Donor 2,Activated/transitional T cells,Non-cytotoxic T cells,True
pbmc4k_GTATTCTAGTATCTCG-1,PBMC4k,Donor 2,Cytotoxic CD8 T cells,Cytotoxic T cells,True
pbmc4k_GTATTCTCAATCCGAT-1,PBMC4k,Donor 2,Classical monocytes,Classical monocytes,True
pbmc4k_GTATTCTCACGTAAGG-1,PBMC4k,Donor 2,IL7R+ memory/helper T cells,Non-cytotoxic T cells,True
pbmc4k_GTATTCTGTCCAGTAT-1,PBMC4k,Donor 2,Activated/transitional T cells,Non-cytotoxic T cells,True
pbmc4k_GTATTCTGTCGACTGC-1,PBMC4k,Donor 2,Classical monocytes,Classical monocytes,True
pbmc4k_GTATTCTTCAAGAAGT-1,PBMC4k,Donor 2,Cytotoxic CD8 T cells,Cytotoxic T cells,True
pbmc4k_GTATTCTTCGTTTATC-1,PBMC4k,Donor 2,Classical monocytes,Classical monocytes,True
pbmc4k_GTATTCTTCTGATACG-1,PBMC4k,Donor 2,Classical monocytes,Classical monocytes,True
pbmc4k_GTATTCTTCTTGCAAG-1,PBMC4k,Donor 2,CD16+ non-classical monocytes,CD16+ non-classical monocytes,True
pbmc4k_GTCAAGTAGGGCTTGA-1,PBMC4k,Donor 2,IL7R+ memory/helper T cells,Non-cytotoxic T cells,True
pbmc4k_GTCAAGTCACACATGT-1,PBMC4k,Donor 2,IL7R+ memory/helper T cells,Non-cytotoxic T cells,True
pbmc4k_GTCAAGTCATCCAACA-1,PBMC4k,Donor 2,Classical monocytes,Classical monocytes,True
pbmc4k_GTCAAGTGTGCAACGA-1,PBMC4k,Donor 2,Classical monocytes,Classical monocytes,True
pbmc4k_GTCAAGTTCTAACTTC-1,PBMC4k,Donor 2,Cytotoxic CD8 T cells,Cytotoxic T cells,True
pbmc4k_GTCACAAAGGCAATTA-1,PBMC4k,Donor 2,B cells,B cells,True
pbmc4k_GTCACAAAGTGGTAGC-1,PBMC4k,Donor 2,CD16+ non-classical monocytes,CD16+ non-classical monocytes,True
pbmc4k_GTCACAAAGTGTTAGA-1,PBMC4k,Donor 2,Naive/resting T cells,Non-cytotoxic T cells,True
pbmc4k_GTCACAACACATGACT-1,PBMC4k,Donor 2,NK cells,NK cells,True
pbmc4k_GTCACAAGTATTCGTG-1,PBMC4k,Donor 2,Classical monocytes,Classical monocytes,True
pbmc4k_GTCACAAGTTGCCTCT-1,PBMC4k,Donor 2,Classical monocytes,Classical monocytes,True
pbmc4k_GTCACAATCCGGGTGT-1,PBMC4k,Donor 2,Classical monocytes,Classical monocytes,True
pbmc4k_GTCACAATCGGAAACG-1,PBMC4k,Donor 2,Activated/transitional T cells,Non-cytotoxic T cells,True
pbmc4k_GTCACGGAGCGAAGGG-1,PBMC4k,Donor 2,B cells,B cells,True
pbmc4k_GTCACGGAGCGATCCC-1,PBMC4k,Donor 2,Activated/transitional T cells,Non-cytotoxic T cells,True
pbmc4k_GTCACGGAGGGAGTAA-1,PBMC4k,Donor 2,Cytotoxic CD8 T cells,Cytotoxic T cells,True
pbmc4k_GTCACGGCAGATCTGT-1,PBMC4k,Donor 2,B cells,B cells,True
pbmc4k_GTCACGGCAGCCTATA-1,PBMC4k,Donor 2,Activated/transitional T cells,Non-cytotoxic T cells,True
pbmc4k_GTCACGGCATCGATGT-1,PBMC4k,Donor 2,B cells,B cells,True
pbmc4k_GTCACGGCATGTAAGA-1,PBMC4k,Donor 2,Cytotoxic CD8 T cells,Cytotoxic T cells,True
pbmc4k_GTCACGGGTAAGTTCC-1,PBMC4k,Donor 2,Dendritic cells,,False
pbmc4k_GTCACGGGTCAGCTAT-1,PBMC4k,Donor 2,B cells,B cells,True
pbmc4k_GTCACGGGTCCGAAGA-1,PBMC4k,Donor 2,Cytotoxic CD8 T cells,Cytotoxic T cells,True
pbmc4k_GTCACGGTCAGCCTAA-1,PBMC4k,Donor 2,Classical monocytes,Classical monocytes,True
pbmc4k_GTCACGGTCAGTCAGT-1,PBMC4k,Donor 2,NK cells,NK cells,True
pbmc4k_GTCATTTAGAGACGAA-1,PBMC4k,Donor 2,Activated/transitional T cells,Non-cytotoxic T cells,True
pbmc4k_GTCATTTAGATGCCTT-1,PBMC4k,Donor 2,B cells,B cells,True
pbmc4k_GTCATTTAGCTATGCT-1,PBMC4k,Donor 2,B cells,B cells,True
pbmc4k_GTCATTTAGGGAAACA-1,PBMC4k,Donor 2,B cells,B cells,True
pbmc4k_GTCATTTCATGATCCA-1,PBMC4k,Donor 2,Activated/transitional T cells,Non-cytotoxic T cells,True
pbmc4k_GTCATTTGTCTCAACA-1,PBMC4k,Donor 2,B cells,B cells,True
pbmc4k_GTCATTTGTTGTGGCC-1,PBMC4k,Donor 2,Naive/resting T cells,Non-cytotoxic T cells,True
pbmc4k_GTCCTCAAGAGGTAGA-1,PBMC4k,Donor 2,Classical monocytes,Classical monocytes,True
pbmc4k_GTCCTCAAGCCGCCTA-1,PBMC4k,Donor 2,Naive/resting T cells,Non-cytotoxic T cells,True
pbmc4k_GTCCTCACAAACCTAC-1,PBMC4k,Donor 2,IL7R+ memory/helper T cells,Non-cytotoxic T cells,True
pbmc4k_GTCCTCACAATCGGTT-1,PBMC4k,Donor 2,Classical monocytes,Classical monocytes,True
pbmc4k_GTCCTCACACTCTGTC-1,PBMC4k,Donor 2,Activated/transitional T cells,Non-cytotoxic T cells,True
pbmc4k_GTCCTCACAGAGTGTG-1,PBMC4k,Donor 2,Activated/transitional T cells,Non-cytotoxic T cells,True
pbmc4k_GTCCTCACATCGGGTC-1,PBMC4k,Donor 2,Classical monocytes,Classical monocytes,True
pbmc4k_GTCCTCAGTAAGTGGC-1,PBMC4k,Donor 2,Naive/resting T cells,Non-cytotoxic T cells,True
pbmc4k_GTCCTCAGTACGCACC-1,PBMC4k,Donor 2,Activated/transitional T cells,Non-cytotoxic T cells,True
pbmc4k_GTCCTCAGTGCCTTGG-1,PBMC4k,Donor 2,Activated/transitional T cells,Non-cytotoxic T cells,True
pbmc4k_GTCCTCAGTTGAGTTC-1,PBMC4k,Donor 2,Activated/transitional T cells,Non-cytotoxic T cells,True
pbmc4k_GTCCTCATCCCATTAT-1,PBMC4k,Donor 2,Naive/resting T cells,Non-cytotoxic T cells,True
pbmc4k_GTCCTCATCTAAGCCA-1,PBMC4k,Donor 2,IL7R+ memory/helper T cells,Non-cytotoxic T cells,True
pbmc4k_GTCCTCATCTATCCTA-1,PBMC4k,Donor 2,B cells,B cells,True
pbmc4k_GTCCTCATCTGAGTGT-1,PBMC4k,Donor 2,Cytotoxic CD8 T cells,Cytotoxic T cells,True
pbmc4k_GTCCTCATCTTCAACT-1,PBMC4k,Donor 2,Naive/resting T cells,Non-cytotoxic T cells,True
pbmc4k_GTCGGGTCAAGCGATG-1,PBMC4k,Donor 2,Cytotoxic CD8 T cells,Cytotoxic T cells,True
pbmc4k_GTCGGGTCACGTTGGC-1,PBMC4k,Donor 2,Classical monocytes,Classical monocytes,True
pbmc4k_GTCGGGTGTTCCACAA-1,PBMC4k,Donor 2,Naive/resting T cells,Non-cytotoxic T cells,True
pbmc4k_GTCGGGTTCTGCTTGC-1,PBMC4k,Donor 2,B cells,B cells,True
pbmc4k_GTCGTAAAGGTGTTAA-1,PBMC4k,Donor 2,NK cells,NK cells,True
pbmc4k_GTCGTAACAATGGAAT-1,PBMC4k,Donor 2,Activated/transitional T cells,Non-cytotoxic T cells,True
pbmc4k_GTCGTAAGTTTGGGCC-1,PBMC4k,Donor 2,Classical monocytes,Classical monocytes,True
pbmc4k_GTCGTAATCCGAGCCA-1,PBMC4k,Donor 2,Cytotoxic CD8 T cells,Cytotoxic T cells,True
pbmc4k_GTCTCGTAGTGCCATT-1,PBMC4k,Donor 2,IL7R+ memory/helper T cells,Non-cytotoxic T cells,True
pbmc4k_GTCTCGTCAAACGCGA-1,PBMC4k,Donor 2,Activated/transitional T cells,Non-cytotoxic T cells,True
pbmc4k_GTCTCGTCAATGACCT-1,PBMC4k,Donor 2,Classical monocytes,Classical monocytes,True
pbmc4k_GTCTCGTGTTTCGCTC-1,PBMC4k,Donor 2,Cytotoxic CD8 T cells,Cytotoxic T cells,True
pbmc4k_GTCTCGTTCAAAGACA-1,PBMC4k,Donor 2,IL7R+ memory/helper T cells,Non-cytotoxic T cells,True
pbmc4k_GTCTCGTTCAACACGT-1,PBMC4k,Donor 2,Cytotoxic CD8 T cells,Cytotoxic T cells,True
pbmc4k_GTCTCGTTCAACCAAC-1,PBMC4k,Donor 2,Classical monocytes,Classical monocytes,True
pbmc4k_GTCTCGTTCATCTGTT-1,PBMC4k,Donor 2,Activated/transitional T cells,Non-cytotoxic T cells,True
pbmc4k_GTCTCGTTCCCACTTG-1,PBMC4k,Donor 2,Classical monocytes,Classical monocytes,True
pbmc4k_GTCTCGTTCCTATGTT-1,PBMC4k,Donor 2,NK cells,NK cells,True
pbmc4k_GTCTCGTTCGCAGGCT-1,PBMC4k,Donor 2,B cells,B cells,True
pbmc4k_GTCTCGTTCTACTCAT-1,PBMC4k,Donor 2,Activated/transitional T cells,Non-cytotoxic T cells,True
pbmc4k_GTCTTCGAGGGCTCTC-1,PBMC4k,Donor 2,B cells,B cells,True
pbmc4k_GTCTTCGCACATCTTT-1,PBMC4k,Donor 2,B cells,B cells,True
pbmc4k_GTCTTCGGTCTCTCTG-1,PBMC4k,Donor 2,NK cells,NK cells,True
pbmc4k_GTCTTCGGTGACTCAT-1,PBMC4k,Donor 2,Cytotoxic CD8 T cells,Cytotoxic T cells,True
pbmc4k_GTCTTCGGTTCCACTC-1,PBMC4k,Donor 2,Activated/transitional T cells,Non-cytotoxic T cells,True
pbmc4k_GTCTTCGGTTCTGTTT-1,PBMC4k,Donor 2,Activated/transitional T cells,Non-cytotoxic T cells,True
pbmc4k_GTCTTCGTCAACGGCC-1,PBMC4k,Donor 2,Classical monocytes,Classical monocytes,True
pbmc4k_GTCTTCGTCGATCCCT-1,PBMC4k,Donor 2,IL7R+ memory/helper T cells,Non-cytotoxic T cells,True
pbmc4k_GTGAAGGAGACAAGCC-1,PBMC4k,Donor 2,Cytotoxic CD8 T cells,Cytotoxic T cells,True
pbmc4k_GTGAAGGAGAGTAATC-1,PBMC4k,Donor 2,B cells,B cells,True
pbmc4k_GTGAAGGAGCCAGAAC-1,PBMC4k,Donor 2,Classical monocytes,Classical monocytes,True
pbmc4k_GTGAAGGAGCTACCGC-1,PBMC4k,Donor 2,Activated/transitional T cells,Non-cytotoxic T cells,True
pbmc4k_GTGAAGGAGGATGGAA-1,PBMC4k,Donor 2,Activated/transitional T cells,Non-cytotoxic T cells,True
pbmc4k_GTGAAGGAGTGCAAGC-1,PBMC4k,Donor 2,Classical monocytes,Classical monocytes,True
pbmc4k_GTGAAGGCAATAGAGT-1,PBMC4k,Donor 2,Naive/resting T cells,Non-cytotoxic T cells,True
pbmc4k_GTGAAGGCACCCTATC-1,PBMC4k,Donor 2,Naive/resting T cells,Non-cytotoxic T cells,True
pbmc4k_GTGAAGGGTGATGTGG-1,PBMC4k,Donor 2,IL7R+ memory/helper T cells,Non-cytotoxic T cells,True
pbmc4k_GTGAAGGGTTGGTGGA-1,PBMC4k,Donor 2,IL7R+ memory/helper T cells,Non-cytotoxic T cells,True
pbmc4k_GTGAAGGTCCACGTGG-1,PBMC4k,Donor 2,Classical monocytes,Classical monocytes,True
pbmc4k_GTGAAGGTCGTCACGG-1,PBMC4k,Donor 2,Cytotoxic CD8 T cells,Cytotoxic T cells,True
pbmc4k_GTGCAGCAGCGTCTAT-1,PBMC4k,Donor 2,Classical monocytes,Classical monocytes,True
pbmc4k_GTGCAGCAGCTTTGGT-1,PBMC4k,Donor 2,IL7R+ memory/helper T cells,Non-cytotoxic T cells,True
pbmc4k_GTGCAGCCACTTAAGC-1,PBMC4k,Donor 2,Activated/transitional T cells,Non-cytotoxic T cells,True
pbmc4k_GTGCAGCCAGGCAGTA-1,PBMC4k,Donor 2,Cytotoxic CD8 T cells,Cytotoxic T cells,True
pbmc4k_GTGCAGCCATGCGCAC-1,PBMC4k,Donor 2,B cells,B cells,True
pbmc4k_GTGCAGCCATTCGACA-1,PBMC4k,Donor 2,Cytotoxic CD8 T cells,Cytotoxic T cells,True
pbmc4k_GTGCAGCGTGACGGTA-1,PBMC4k,Donor 2,Cytotoxic CD8 T cells,Cytotoxic T cells,True
pbmc4k_GTGCAGCTCAAGGTAA-1,PBMC4k,Donor 2,NK cells,NK cells,True
pbmc4k_GTGCAGCTCAGTTAGC-1,PBMC4k,Donor 2,B cells,B cells,True
pbmc4k_GTGCAGCTCATACGGT-1,PBMC4k,Donor 2,IL7R+ memory/helper T cells,Non-cytotoxic T cells,True
pbmc4k_GTGCATAAGAACTCGG-1,PBMC4k,Donor 2,B cells,B cells,True
pbmc4k_GTGCATAAGCTAAGAT-1,PBMC4k,Donor 2,Activated/transitional T cells,Non-cytotoxic T cells,True
pbmc4k_GTGCATAAGGACGAAA-1,PBMC4k,Donor 2,IL7R+ memory/helper T cells,Non-cytotoxic T cells,True
pbmc4k_GTGCATAGTAAGAGGA-1,PBMC4k,Donor 2,B cells,B cells,True
pbmc4k_GTGCGGTAGACGACGT-1,PBMC4k,Donor 2,Activated/transitional T cells,Non-cytotoxic T cells,True
pbmc4k_GTGCGGTCAATCGGTT-1,PBMC4k,Donor 2,NK cells,NK cells,True
pbmc4k_GTGCGGTCATCCGGGT-1,PBMC4k,Donor 2,CD16+ non-classical monocytes,CD16+ non-classical monocytes,True
pbmc4k_GTGCGGTGTAAGTAGT-1,PBMC4k,Donor 2,B cells,B cells,True
pbmc4k_GTGCGGTTCTAACTGG-1,PBMC4k,Donor 2,Activated/transitional T cells,Non-cytotoxic T cells,True
pbmc4k_GTGCTTCAGACTTGAA-1,PBMC4k,Donor 2,B cells,B cells,True
pbmc4k_GTGCTTCAGCCCAGCT-1,PBMC4k,Donor 2,Classical monocytes,Classical monocytes,True
pbmc4k_GTGCTTCCACCACGTG-1,PBMC4k,Donor 2,IL7R+ memory/helper T cells,Non-cytotoxic T cells,True
pbmc4k_GTGCTTCCAGCTGTAT-1,PBMC4k,Donor 2,Naive/resting T cells,Non-cytotoxic T cells,True
pbmc4k_GTGCTTCCAGGGTTAG-1,PBMC4k,Donor 2,Activated/transitional T cells,Non-cytotoxic T cells,True
pbmc4k_GTGCTTCGTTCCCTTG-1,PBMC4k,Donor 2,Naive/resting T cells,Non-cytotoxic T cells,True
pbmc4k_GTGCTTCGTTGTCTTT-1,PBMC4k,Donor 2,IL7R+ memory/helper T cells,Non-cytotoxic T cells,True
pbmc4k_GTGCTTCTCCACTGGG-1,PBMC4k,Donor 2,B cells,B cells,True
pbmc4k_GTGCTTCTCTTAGCCC-1,PBMC4k,Donor 2,B cells,B cells,True
pbmc4k_GTGGGTCAGACCCACC-1,PBMC4k,Donor 2,Classical monocytes,Classical monocytes,True
pbmc4k_GTGGGTCAGACTAAGT-1,PBMC4k,Donor 2,Activated/transitional T cells,Non-cytotoxic T cells,True
pbmc4k_GTGGGTCAGAGAACAG-1,PBMC4k,Donor 2,Classical monocytes,Classical monocytes,True
pbmc4k_GTGGGTCAGTACGATA-1,PBMC4k,Donor 2,B cells,B cells,True
pbmc4k_GTGGGTCCAGCTCGAC-1,PBMC4k,Donor 2,Cytotoxic CD8 T cells,Cytotoxic T cells,True
pbmc4k_GTGGGTCCATACGCCG-1,PBMC4k,Donor 2,B cells,B cells,True
pbmc4k_GTGGGTCGTCAGAGGT-1,PBMC4k,Donor 2,Classical monocytes,Classical monocytes,True
pbmc4k_GTGGGTCGTCCGAAGA-1,PBMC4k,Donor 2,Classical monocytes,Classical monocytes,True
pbmc4k_GTGGGTCGTTCGTGAT-1,PBMC4k,Donor 2,IL7R+ memory/helper T cells,Non-cytotoxic T cells,True
pbmc4k_GTGGGTCTCTGATTCT-1,PBMC4k,Donor 2,Cytotoxic CD8 T cells,Cytotoxic T cells,True
pbmc4k_GTGTGCGAGTACGATA-1,PBMC4k,Donor 2,Activated/transitional T cells,Non-cytotoxic T cells,True
pbmc4k_GTGTGCGGTAGCTTGT-1,PBMC4k,Donor 2,IL7R+ memory/helper T cells,Non-cytotoxic T cells,True
pbmc4k_GTGTGCGGTCCTAGCG-1,PBMC4k,Donor 2,Activated/transitional T cells,Non-cytotoxic T cells,True
pbmc4k_GTGTGCGTCGAGAGCA-1,PBMC4k,Donor 2,Activated/transitional T cells,Non-cytotoxic T cells,True
pbmc4k_GTGTGCGTCGGCTTGG-1,PBMC4k,Donor 2,B cells,B cells,True
pbmc4k_GTGTGCGTCTAACTGG-1,PBMC4k,Donor 2,IL7R+ memory/helper T cells,Non-cytotoxic T cells,True
pbmc4k_GTGTTAGAGAATGTTG-1,PBMC4k,Donor 2,Dendritic cells,,False
pbmc4k_GTGTTAGAGTCAAGGC-1,PBMC4k,Donor 2,Activated/transitional T cells,Non-cytotoxic T cells,True
pbmc4k_GTGTTAGCAAACAACA-1,PBMC4k,Donor 2,B cells,B cells,True
pbmc4k_GTGTTAGCATCACCCT-1,PBMC4k,Donor 2,B cells,B cells,True
pbmc4k_GTGTTAGTCACGCATA-1,PBMC4k,Donor 2,Classical monocytes,Classical monocytes,True
pbmc4k_GTGTTAGTCGCGGATC-1,PBMC4k,Donor 2,Activated/transitional T cells,Non-cytotoxic T cells,True
pbmc4k_GTGTTAGTCGGCGGTT-1,PBMC4k,Donor 2,Classical monocytes,Classical monocytes,True
pbmc4k_GTTAAGCAGTGAACGC-1,PBMC4k,Donor 2,Classical monocytes,Classical monocytes,True
pbmc4k_GTTAAGCAGTGAAGAG-1,PBMC4k,Donor 2,Classical monocytes,Classical monocytes,True
pbmc4k_GTTAAGCCAATCCGAT-1,PBMC4k,Donor 2,Activated/transitional T cells,Non-cytotoxic T cells,True
pbmc4k_GTTAAGCGTCGCATAT-1,PBMC4k,Donor 2,IL7R+ memory/helper T cells,Non-cytotoxic T cells,True
pbmc4k_GTTAAGCTCAATCACG-1,PBMC4k,Donor 2,Activated/transitional T cells,Non-cytotoxic T cells,True
pbmc4k_GTTAAGCTCCACTCCA-1,PBMC4k,Donor 2,Dendritic cells,,False
pbmc4k_GTTACAGAGGTAGCCA-1,PBMC4k,Donor 2,Cytotoxic CD8 T cells,Cytotoxic T cells,True
pbmc4k_GTTACAGAGTTATCGC-1,PBMC4k,Donor 2,Classical monocytes,Classical monocytes,True
pbmc4k_GTTACAGGTCGCATCG-1,PBMC4k,Donor 2,Cytotoxic CD8 T cells,Cytotoxic T cells,True
pbmc4k_GTTACAGGTCGTGGCT-1,PBMC4k,Donor 2,Naive/resting T cells,Non-cytotoxic T cells,True
pbmc4k_GTTACAGGTCTCTTAT-1,PBMC4k,Donor 2,Classical monocytes,Classical monocytes,True
pbmc4k_GTTACAGTCCGGCACA-1,PBMC4k,Donor 2,Cytotoxic CD8 T cells,Cytotoxic T cells,True
pbmc4k_GTTCATTAGCTGTTCA-1,PBMC4k,Donor 2,Activated/transitional T cells,Non-cytotoxic T cells,True
pbmc4k_GTTCATTAGGGTGTGT-1,PBMC4k,Donor 2,B cells,B cells,True
pbmc4k_GTTCATTAGTTAACGA-1,PBMC4k,Donor 2,B cells,B cells,True
pbmc4k_GTTCATTCAGGGTTAG-1,PBMC4k,Donor 2,IL7R+ memory/helper T cells,Non-cytotoxic T cells,True
pbmc4k_GTTCATTCATCTCCCA-1,PBMC4k,Donor 2,Activated/transitional T cells,Non-cytotoxic T cells,True
pbmc4k_GTTCATTTCGCCATAA-1,PBMC4k,Donor 2,Classical monocytes,Classical monocytes,True
pbmc4k_GTTCGGGAGAGTCTGG-1,PBMC4k,Donor 2,Activated/transitional T cells,Non-cytotoxic T cells,True
pbmc4k_GTTCGGGCAAGTTAAG-1,PBMC4k,Donor 2,B cells,B cells,True
pbmc4k_GTTCGGGCAGATCTGT-1,PBMC4k,Donor 2,NK cells,NK cells,True
pbmc4k_GTTCGGGCAGTAGAGC-1,PBMC4k,Donor 2,Activated/transitional T cells,Non-cytotoxic T cells,True
pbmc4k_GTTCGGGCATCGATTG-1,PBMC4k,Donor 2,Cytotoxic CD8 T cells,Cytotoxic T cells,True
pbmc4k_GTTCGGGGTCATACTG-1,PBMC4k,Donor 2,Activated/transitional T cells,Non-cytotoxic T cells,True
pbmc4k_GTTCGGGGTCGAGATG-1,PBMC4k,Donor 2,Activated/transitional T cells,Non-cytotoxic T cells,True
pbmc4k_GTTCGGGGTTAAGTAG-1,PBMC4k,Donor 2,IL7R+ memory/helper T cells,Non-cytotoxic T cells,True
pbmc4k_GTTCGGGGTTCACCTC-1,PBMC4k,Donor 2,Activated/transitional T cells,Non-cytotoxic T cells,True
pbmc4k_GTTCGGGTCTTGAGAC-1,PBMC4k,Donor 2,Classical monocytes,Classical monocytes,True
pbmc4k_GTTCTCGAGAAACGCC-1,PBMC4k,Donor 2,IL7R+ memory/helper T cells,Non-cytotoxic T cells,True
pbmc4k_GTTCTCGCACCAGCAC-1,PBMC4k,Donor 2,IL7R+ memory/helper T cells,Non-cytotoxic T cells,True
pbmc4k_GTTCTCGCACTAAGTC-1,PBMC4k,Donor 2,Activated/transitional T cells,Non-cytotoxic T cells,True
pbmc4k_GTTCTCGCATGCCTAA-1,PBMC4k,Donor 2,Activated/transitional T cells,Non-cytotoxic T cells,True
pbmc4k_GTTCTCGGTCCTGCTT-1,PBMC4k,Donor 2,CD16+ non-classical monocytes,CD16+ non-classical monocytes,True
pbmc4k_GTTCTCGGTCTCACCT-1,PBMC4k,Donor 2,Activated/transitional T cells,Non-cytotoxic T cells,True
pbmc4k_GTTCTCGGTGGCAAAC-1,PBMC4k,Donor 2,IL7R+ memory/helper T cells,Non-cytotoxic T cells,True
pbmc4k_GTTCTCGTCACCGGGT-1,PBMC4k,Donor 2,B cells,B cells,True
pbmc4k_GTTCTCGTCTTGACGA-1,PBMC4k,Donor 2,Cytotoxic CD8 T cells,Cytotoxic T cells,True
pbmc4k_GTTTCTAGTAAATGTG-1,PBMC4k,Donor 2,Activated/transitional T cells,Non-cytotoxic T cells,True
pbmc4k_GTTTCTAGTAAGTAGT-1,PBMC4k,Donor 2,Activated/transitional T cells,Non-cytotoxic T cells,True
pbmc4k_TAAACCGAGATGCCTT-1,PBMC4k,Donor 2,Cytotoxic CD8 T cells,Cytotoxic T cells,True
pbmc4k_TAAACCGAGCTATGCT-1,PBMC4k,Donor 2,Naive/resting T cells,Non-cytotoxic T cells,True
pbmc4k_TAAACCGAGGCATTGG-1,PBMC4k,Donor 2,Activated/transitional T cells,Non-cytotoxic T cells,True
pbmc4k_TAAACCGCATGGTTGT-1,PBMC4k,Donor 2,Cytotoxic CD8 T cells,Cytotoxic T cells,True
pbmc4k_TAAACCGGTAGCAAAT-1,PBMC4k,Donor 2,IL7R+ memory/helper T cells,Non-cytotoxic T cells,True
pbmc4k_TAAACCGGTCTCACCT-1,PBMC4k,Donor 2,IL7R+ memory/helper T cells,Non-cytotoxic T cells,True
pbmc4k_TAAACCGTCACATGCA-1,PBMC4k,Donor 2,Classical monocytes,Classical monocytes,True
pbmc4k_TAAACCGTCACTGGGC-1,PBMC4k,Donor 2,Classical monocytes,Classical monocytes,True
pbmc4k_TAAACCGTCCCGGATG-1,PBMC4k,Donor 2,Classical monocytes,Classical monocytes,True
pbmc4k_TAAGAGAAGCCGATTT-1,PBMC4k,Donor 2,IL7R+ memory/helper T cells,Non-cytotoxic T cells,True
pbmc4k_TAAGAGAAGCTAACAA-1,PBMC4k,Donor 2,Activated/transitional T cells,Non-cytotoxic T cells,True
pbmc4k_TAAGAGAAGCTGTCTA-1,PBMC4k,Donor 2,Cytotoxic CD8 T cells,Cytotoxic T cells,True
pbmc4k_TAAGAGACACATTCGA-1,PBMC4k,Donor 2,Classical monocytes,Classical monocytes,True
pbmc4k_TAAGAGACACGTGAGA-1,PBMC4k,Donor 2,Activated/transitional T cells,Non-cytotoxic T cells,True
pbmc4k_TAAGAGAGTAGGGACT-1,PBMC4k,Donor 2,Cytotoxic CD8 T cells,Cytotoxic T cells,True
pbmc4k_TAAGAGAGTCTCGTTC-1,PBMC4k,Donor 2,Activated/transitional T cells,Non-cytotoxic T cells,True
pbmc4k_TAAGAGAGTGCCTGTG-1,PBMC4k,Donor 2,Cytotoxic CD8 T cells,Cytotoxic T cells,True
pbmc4k_TAAGAGAGTGCTAGCC-1,PBMC4k,Donor 2,Activated/transitional T cells,Non-cytotoxic T cells,True
pbmc4k_TAAGAGAGTTCCGTCT-1,PBMC4k,Donor 2,B cells,B cells,True
pbmc4k_TAAGAGATCGTAGGAG-1,PBMC4k,Donor 2,Activated/transitional T cells,Non-cytotoxic T cells,True
pbmc4k_TAAGCGTAGCTGAAAT-1,PBMC4k,Donor 2,Cytotoxic CD8 T cells,Cytotoxic T cells,True
pbmc4k_TAAGCGTAGTTTCCTT-1,PBMC4k,Donor 2,Naive/resting T cells,Non-cytotoxic T cells,True
pbmc4k_TAAGCGTCACGTTGGC-1,PBMC4k,Donor 2,Activated/transitional T cells,Non-cytotoxic T cells,True
pbmc4k_TAAGCGTCACTGAAGG-1,PBMC4k,Donor 2,Cytotoxic CD8 T cells,Cytotoxic T cells,True
pbmc4k_TAAGCGTCATCGATTG-1,PBMC4k,Donor 2,IL7R+ memory/helper T cells,Non-cytotoxic T cells,True
pbmc4k_TAAGCGTGTCCCGACA-1,PBMC4k,Donor 2,Activated/transitional T cells,Non-cytotoxic T cells,True
pbmc4k_TAAGCGTTCACTTATC-1,PBMC4k,Donor 2,IL7R+ memory/helper T cells,Non-cytotoxic T cells,True
pbmc4k_TAAGCGTTCGCCGTGA-1,PBMC4k,Donor 2,Activated/transitional T cells,Non-cytotoxic T cells,True
pbmc4k_TAAGTGCAGCTGAAAT-1,PBMC4k,Donor 2,Activated/transitional T cells,Non-cytotoxic T cells,True
pbmc4k_TAAGTGCCACTGCCAG-1,PBMC4k,Donor 2,Classical monocytes,Classical monocytes,True
pbmc4k_TAAGTGCGTCCGTCAG-1,PBMC4k,Donor 2,B cells,B cells,True
pbmc4k_TAAGTGCTCGGTCTAA-1,PBMC4k,Donor 2,B cells,B cells,True
pbmc4k_TACACGAAGGGTCTCC-1,PBMC4k,Donor 2,Activated/transitional T cells,Non-cytotoxic T cells,True
pbmc4k_TACACGAAGTAACCCT-1,PBMC4k,Donor 2,B cells,B cells,True
pbmc4k_TACACGACAAGCCTAT-1,PBMC4k,Donor 2,Cytotoxic CD8 T cells,Cytotoxic T cells,True
pbmc4k_TACACGACACGTCTCT-1,PBMC4k,Donor 2,Cytotoxic CD8 T cells,Cytotoxic T cells,True
pbmc4k_TACACGACATATACGC-1,PBMC4k,Donor 2,Classical monocytes,Classical monocytes,True
pbmc4k_TACACGAGTACCGTTA-1,PBMC4k,Donor 2,B cells,B cells,True
pbmc4k_TACACGAGTGCACTTA-1,PBMC4k,Donor 2,NK cells,NK cells,True
pbmc4k_TACACGATCTAAGCCA-1,PBMC4k,Donor 2,IL7R+ memory/helper T cells,Non-cytotoxic T cells,True
pbmc4k_TACAGTGAGCCGTCGT-1,PBMC4k,Donor 2,IL7R+ memory/helper T cells,Non-cytotoxic T cells,True
pbmc4k_TACAGTGAGTACGCCC-1,PBMC4k,Donor 2,Activated/transitional T cells,Non-cytotoxic T cells,True
pbmc4k_TACAGTGCAACTGGCC-1,PBMC4k,Donor 2,Cytotoxic CD8 T cells,Cytotoxic T cells,True
pbmc4k_TACAGTGCATACTCTT-1,PBMC4k,Donor 2,Classical monocytes,Classical monocytes,True
pbmc4k_TACAGTGGTAAGTAGT-1,PBMC4k,Donor 2,B cells,B cells,True
pbmc4k_TACAGTGGTATTACCG-1,PBMC4k,Donor 2,B cells,B cells,True
pbmc4k_TACAGTGGTCGACTGC-1,PBMC4k,Donor 2,Activated/transitional T cells,Non-cytotoxic T cells,True
pbmc4k_TACAGTGGTTTGCATG-1,PBMC4k,Donor 2,Cytotoxic CD8 T cells,Cytotoxic T cells,True
pbmc4k_TACAGTGTCCGCTGTT-1,PBMC4k,Donor 2,Activated/transitional T cells,Non-cytotoxic T cells,True
pbmc4k_TACAGTGTCGTACCGG-1,PBMC4k,Donor 2,Activated/transitional T cells,Non-cytotoxic T cells,True
pbmc4k_TACCTATAGTGGTCCC-1,PBMC4k,Donor 2,NK cells,NK cells,True
pbmc4k_TACCTATAGTTAACGA-1,PBMC4k,Donor 2,CD16+ non-classical monocytes,CD16+ non-classical monocytes,True
pbmc4k_TACCTATCACCAACCG-1,PBMC4k,Donor 2,Activated/transitional T cells,Non-cytotoxic T cells,True
pbmc4k_TACCTATCACGGACAA-1,PBMC4k,Donor 2,Classical monocytes,Classical monocytes,True
pbmc4k_TACCTATCACGGATAG-1,PBMC4k,Donor 2,IL7R+ memory/helper T cells,Non-cytotoxic T cells,True
pbmc4k_TACCTATCAGATGGGT-1,PBMC4k,Donor 2,IL7R+ memory/helper T cells,Non-cytotoxic T cells,True
pbmc4k_TACCTATCATTGGGCC-1,PBMC4k,Donor 2,Activated/transitional T cells,Non-cytotoxic T cells,True
pbmc4k_TACCTATGTCACACGC-1,PBMC4k,Donor 2,Classical monocytes,Classical monocytes,True
pbmc4k_TACCTATGTCCATGAT-1,PBMC4k,Donor 2,CD16+ non-classical monocytes,CD16+ non-classical monocytes,True
pbmc4k_TACCTATGTCTTCGTC-1,PBMC4k,Donor 2,IL7R+ memory/helper T cells,Non-cytotoxic T cells,True
pbmc4k_TACCTATTCAGGCGAA-1,PBMC4k,Donor 2,Classical monocytes,Classical monocytes,True
pbmc4k_TACCTATTCCAGAAGG-1,PBMC4k,Donor 2,Activated/transitional T cells,Non-cytotoxic T cells,True
pbmc4k_TACCTTAAGATGTGGC-1,PBMC4k,Donor 2,B cells,B cells,True
pbmc4k_TACCTTAAGTGTGAAT-1,PBMC4k,Donor 2,Classical monocytes,Classical monocytes,True
pbmc4k_TACCTTACAGAAGCAC-1,PBMC4k,Donor 2,NK cells,NK cells,True
pbmc4k_TACCTTACAGTGGGAT-1,PBMC4k,Donor 2,IL7R+ memory/helper T cells,Non-cytotoxic T cells,True
pbmc4k_TACCTTACATCCGGGT-1,PBMC4k,Donor 2,B cells,B cells,True
pbmc4k_TACCTTAGTTACTGAC-1,PBMC4k,Donor 2,CD16+ non-classical monocytes,CD16+ non-classical monocytes,True
pbmc4k_TACCTTAGTTTCGCTC-1,PBMC4k,Donor 2,IL7R+ memory/helper T cells,Non-cytotoxic T cells,True
pbmc4k_TACCTTATCACCACCT-1,PBMC4k,Donor 2,B cells,B cells,True
pbmc4k_TACCTTATCGATCCCT-1,PBMC4k,Donor 2,Activated/transitional T cells,Non-cytotoxic T cells,True
pbmc4k_TACGGATAGAAACGAG-1,PBMC4k,Donor 2,Classical monocytes,Classical monocytes,True
pbmc4k_TACGGATAGAAGGACA-1,PBMC4k,Donor 2,Cytotoxic CD8 T cells,Cytotoxic T cells,True
pbmc4k_TACGGATAGGTTCCTA-1,PBMC4k,Donor 2,Cytotoxic CD8 T cells,Cytotoxic T cells,True
pbmc4k_TACGGATCAATGAAAC-1,PBMC4k,Donor 2,Cytotoxic CD8 T cells,Cytotoxic T cells,True
pbmc4k_TACGGATGTAGGGTAC-1,PBMC4k,Donor 2,Activated/transitional T cells,Non-cytotoxic T cells,True
pbmc4k_TACGGATGTCTGGAGA-1,PBMC4k,Donor 2,Activated/transitional T cells,Non-cytotoxic T cells,True
pbmc4k_TACGGATTCGCGGATC-1,PBMC4k,Donor 2,IL7R+ memory/helper T cells,Non-cytotoxic T cells,True
pbmc4k_TACGGATTCTCTGTCG-1,PBMC4k,Donor 2,Naive/resting T cells,Non-cytotoxic T cells,True
pbmc4k_TACGGATTCTTGTATC-1,PBMC4k,Donor 2,Activated/transitional T cells,Non-cytotoxic T cells,True
pbmc4k_TACGGGCCAGGGCATA-1,PBMC4k,Donor 2,Cytotoxic CD8 T cells,Cytotoxic T cells,True
pbmc4k_TACGGGCCATCCTTGC-1,PBMC4k,Donor 2,Classical monocytes,Classical monocytes,True
pbmc4k_TACGGGCGTCAGAATA-1,PBMC4k,Donor 2,Activated/transitional T cells,Non-cytotoxic T cells,True
pbmc4k_TACGGGCGTGCCTGCA-1,PBMC4k,Donor 2,Activated/transitional T cells,Non-cytotoxic T cells,True
pbmc4k_TACGGGCGTTAGGGTG-1,PBMC4k,Donor 2,Classical monocytes,Classical monocytes,True
pbmc4k_TACGGGCTCGGACAAG-1,PBMC4k,Donor 2,Cytotoxic CD8 T cells,Cytotoxic T cells,True
pbmc4k_TACGGTAAGGCGACAT-1,PBMC4k,Donor 2,Cytotoxic CD8 T cells,Cytotoxic T cells,True
pbmc4k_TACGGTACAACACCCG-1,PBMC4k,Donor 2,Activated/transitional T cells,Non-cytotoxic T cells,True
pbmc4k_TACGGTACACCCTATC-1,PBMC4k,Donor 2,Naive/resting T cells,Non-cytotoxic T cells,True
pbmc4k_TACGGTACAGCTGTGC-1,PBMC4k,Donor 2,B cells,B cells,True
pbmc4k_TACGGTAGTCGAATCT-1,PBMC4k,Donor 2,Activated/transitional T cells,Non-cytotoxic T cells,True
pbmc4k_TACGGTATCAACACTG-1,PBMC4k,Donor 2,Activated/transitional T cells,Non-cytotoxic T cells,True
pbmc4k_TACGGTATCCGAAGAG-1,PBMC4k,Donor 2,Classical monocytes,Classical monocytes,True
pbmc4k_TACGGTATCGCTGATA-1,PBMC4k,Donor 2,Classical monocytes,Classical monocytes,True
pbmc4k_TACTCATAGGTAGCTG-1,PBMC4k,Donor 2,Classical monocytes,Classical monocytes,True
pbmc4k_TACTCATCAAGGTGTG-1,PBMC4k,Donor 2,NK cells,NK cells,True
pbmc4k_TACTCATCATATACGC-1,PBMC4k,Donor 2,IL7R+ memory/helper T cells,Non-cytotoxic T cells,True
pbmc4k_TACTCATGTTCGCTAA-1,PBMC4k,Donor 2,Classical monocytes,Classical monocytes,True
pbmc4k_TACTCATTCAGTTCGA-1,PBMC4k,Donor 2,Activated/transitional T cells,Non-cytotoxic T cells,True
pbmc4k_TACTCATTCGTACCGG-1,PBMC4k,Donor 2,Classical monocytes,Classical monocytes,True
pbmc4k_TACTCGCCAGGATCGA-1,PBMC4k,Donor 2,Cytotoxic CD8 T cells,Cytotoxic T cells,True
pbmc4k_TACTCGCGTACCAGTT-1,PBMC4k,Donor 2,Cytotoxic CD8 T cells,Cytotoxic T cells,True
pbmc4k_TACTCGCGTACCATCA-1,PBMC4k,Donor 2,Cytotoxic CD8 T cells,Cytotoxic T cells,True
pbmc4k_TACTCGCGTATAATGG-1,PBMC4k,Donor 2,Classical monocytes,Classical monocytes,True
pbmc4k_TACTCGCGTCGAGTTT-1,PBMC4k,Donor 2,Activated/transitional T cells,Non-cytotoxic T cells,True
pbmc4k_TACTCGCTCAACGGCC-1,PBMC4k,Donor 2,Classical monocytes,Classical monocytes,True
pbmc4k_TACTCGCTCCACTGGG-1,PBMC4k,Donor 2,Classical monocytes,Classical monocytes,True
pbmc4k_TACTTACAGAAACCTA-1,PBMC4k,Donor 2,Classical monocytes,Classical monocytes,True
pbmc4k_TACTTACAGGTTACCT-1,PBMC4k,Donor 2,Cytotoxic CD8 T cells,Cytotoxic T cells,True
pbmc4k_TACTTACCAAACGCGA-1,PBMC4k,Donor 2,B cells,B cells,True
pbmc4k_TACTTACCAATCGAAA-1,PBMC4k,Donor 2,B cells,B cells,True
pbmc4k_TACTTACCACTAGTAC-1,PBMC4k,Donor 2,IL7R+ memory/helper T cells,Non-cytotoxic T cells,True
pbmc4k_TACTTACCAGACAAGC-1,PBMC4k,Donor 2,Naive/resting T cells,Non-cytotoxic T cells,True
pbmc4k_TACTTACGTAGTGAAT-1,PBMC4k,Donor 2,Activated/transitional T cells,Non-cytotoxic T cells,True
pbmc4k_TACTTACGTCCATGAT-1,PBMC4k,Donor 2,Cytotoxic CD8 T cells,Cytotoxic T cells,True
pbmc4k_TACTTACTCGCGCCAA-1,PBMC4k,Donor 2,Dendritic cells,,False
pbmc4k_TACTTACTCTTCTGGC-1,PBMC4k,Donor 2,Cytotoxic CD8 T cells,Cytotoxic T cells,True
pbmc4k_TACTTGTAGCCCGAAA-1,PBMC4k,Donor 2,Cytotoxic CD8 T cells,Cytotoxic T cells,True
pbmc4k_TACTTGTAGCGCCTTG-1,PBMC4k,Donor 2,Cytotoxic CD8 T cells,Cytotoxic T cells,True
pbmc4k_TACTTGTAGTGCCAGA-1,PBMC4k,Donor 2,Classical monocytes,Classical monocytes,True
pbmc4k_TACTTGTCACCGTTGG-1,PBMC4k,Donor 2,Naive/resting T cells,Non-cytotoxic T cells,True
pbmc4k_TACTTGTCAGGCTCAC-1,PBMC4k,Donor 2,Activated/transitional T cells,Non-cytotoxic T cells,True
pbmc4k_TACTTGTCATATACCG-1,PBMC4k,Donor 2,Classical monocytes,Classical monocytes,True
pbmc4k_TACTTGTGTAGCTTGT-1,PBMC4k,Donor 2,Classical monocytes,Classical monocytes,True
pbmc4k_TACTTGTGTCTCACCT-1,PBMC4k,Donor 2,Classical monocytes,Classical monocytes,True
pbmc4k_TACTTGTGTGCCTGGT-1,PBMC4k,Donor 2,Cytotoxic CD8 T cells,Cytotoxic T cells,True
pbmc4k_TACTTGTTCGAGGTAG-1,PBMC4k,Donor 2,Cytotoxic CD8 T cells,Cytotoxic T cells,True
pbmc4k_TACTTGTTCGCAGGCT-1,PBMC4k,Donor 2,B cells,B cells,True
pbmc4k_TAGACCAAGTGGTAGC-1,PBMC4k,Donor 2,Activated/transitional T cells,Non-cytotoxic T cells,True
pbmc4k_TAGACCACAATGGTCT-1,PBMC4k,Donor 2,Activated/transitional T cells,Non-cytotoxic T cells,True
pbmc4k_TAGACCACACATAACC-1,PBMC4k,Donor 2,Cytotoxic CD8 T cells,Cytotoxic T cells,True
pbmc4k_TAGACCACAGAGTGTG-1,PBMC4k,Donor 2,B cells,B cells,True
pbmc4k_TAGACCAGTAGGGTAC-1,PBMC4k,Donor 2,Classical monocytes,Classical monocytes,True
pbmc4k_TAGACCATCAGATAAG-1,PBMC4k,Donor 2,Classical monocytes,Classical monocytes,True
pbmc4k_TAGACCATCAGCGATT-1,PBMC4k,Donor 2,Activated/transitional T cells,Non-cytotoxic T cells,True
pbmc4k_TAGACCATCAGGATCT-1,PBMC4k,Donor 2,Classical monocytes,Classical monocytes,True
pbmc4k_TAGAGCTAGACAATAC-1,PBMC4k,Donor 2,Activated/transitional T cells,Non-cytotoxic T cells,True
pbmc4k_TAGAGCTAGCCAACAG-1,PBMC4k,Donor 2,Cytotoxic CD8 T cells,Cytotoxic T cells,True
pbmc4k_TAGAGCTAGGTTACCT-1,PBMC4k,Donor 2,Cytotoxic CD8 T cells,Cytotoxic T cells,True
pbmc4k_TAGAGCTCAGCTCGAC-1,PBMC4k,Donor 2,B cells,B cells,True
pbmc4k_TAGAGCTCATCTACGA-1,PBMC4k,Donor 2,B cells,B cells,True
pbmc4k_TAGAGCTGTCCTCCAT-1,PBMC4k,Donor 2,Classical monocytes,Classical monocytes,True
pbmc4k_TAGAGCTGTGGACGAT-1,PBMC4k,Donor 2,CD16+ non-classical monocytes,CD16+ non-classical monocytes,True
pbmc4k_TAGAGCTGTGGCCCTA-1,PBMC4k,Donor 2,CD16+ non-classical monocytes,CD16+ non-classical monocytes,True
pbmc4k_TAGAGCTTCCCAAGAT-1,PBMC4k,Donor 2,Activated/transitional T cells,Non-cytotoxic T cells,True
pbmc4k_TAGAGCTTCCGAGCCA-1,PBMC4k,Donor 2,Activated/transitional T cells,Non-cytotoxic T cells,True
pbmc4k_TAGAGCTTCTACCAGA-1,PBMC4k,Donor 2,Activated/transitional T cells,Non-cytotoxic T cells,True
pbmc4k_TAGCCGGAGATATGGT-1,PBMC4k,Donor 2,B cells,B cells,True
pbmc4k_TAGCCGGCAAACTGCT-1,PBMC4k,Donor 2,B cells,B cells,True
pbmc4k_TAGCCGGCACTAAGTC-1,PBMC4k,Donor 2,Cytotoxic CD8 T cells,Cytotoxic T cells,True
pbmc4k_TAGCCGGCATCCCACT-1,PBMC4k,Donor 2,Classical monocytes,Classical monocytes,True
pbmc4k_TAGCCGGGTCCCTTGT-1,PBMC4k,Donor 2,Activated/transitional T cells,Non-cytotoxic T cells,True
pbmc4k_TAGCCGGGTCTAGTCA-1,PBMC4k,Donor 2,Cytotoxic CD8 T cells,Cytotoxic T cells,True
pbmc4k_TAGCCGGGTCTCCACT-1,PBMC4k,Donor 2,Classical monocytes,Classical monocytes,True
pbmc4k_TAGCCGGGTGCAGACA-1,PBMC4k,Donor 2,B cells,B cells,True
pbmc4k_TAGCCGGGTGCAGGTA-1,PBMC4k,Donor 2,Naive/resting T cells,Non-cytotoxic T cells,True
pbmc4k_TAGCCGGTCAATCTCT-1,PBMC4k,Donor 2,Classical monocytes,Classical monocytes,True
pbmc4k_TAGCCGGTCGCAGGCT-1,PBMC4k,Donor 2,IL7R+ memory/helper T cells,Non-cytotoxic T cells,True
pbmc4k_TAGGCATCAGAGCCAA-1,PBMC4k,Donor 2,Naive/resting T cells,Non-cytotoxic T cells,True
pbmc4k_TAGGCATGTGATGCCC-1,PBMC4k,Donor 2,Classical monocytes,Classical monocytes,True
pbmc4k_TAGGCATGTTCCGTCT-1,PBMC4k,Donor 2,Activated/transitional T cells,Non-cytotoxic T cells,True
pbmc4k_TAGGCATTCCCAAGTA-1,PBMC4k,Donor 2,IL7R+ memory/helper T cells,Non-cytotoxic T cells,True
pbmc4k_TAGTGGTCATCCAACA-1,PBMC4k,Donor 2,B cells,B cells,True
pbmc4k_TAGTGGTCATCGGACC-1,PBMC4k,Donor 2,Cytotoxic CD8 T cells,Cytotoxic T cells,True
pbmc4k_TAGTGGTCATGGTAGG-1,PBMC4k,Donor 2,Activated/transitional T cells,Non-cytotoxic T cells,True
pbmc4k_TAGTGGTGTGCGAAAC-1,PBMC4k,Donor 2,B cells,B cells,True
pbmc4k_TAGTGGTGTTACCGAT-1,PBMC4k,Donor 2,Activated/transitional T cells,Non-cytotoxic T cells,True
pbmc4k_TAGTGGTGTTGGTGGA-1,PBMC4k,Donor 2,Activated/transitional T cells,Non-cytotoxic T cells,True
pbmc4k_TAGTGGTTCGAATGCT-1,PBMC4k,Donor 2,Classical monocytes,Classical monocytes,True
pbmc4k_TAGTGGTTCGCCTGTT-1,PBMC4k,Donor 2,Classical monocytes,Classical monocytes,True
pbmc4k_TAGTTGGAGAACTCGG-1,PBMC4k,Donor 2,Cytotoxic CD8 T cells,Cytotoxic T cells,True
pbmc4k_TAGTTGGCACTAGTAC-1,PBMC4k,Donor 2,Activated/transitional T cells,Non-cytotoxic T cells,True
pbmc4k_TAGTTGGGTCGAAAGC-1,PBMC4k,Donor 2,Classical monocytes,Classical monocytes,True
pbmc4k_TAGTTGGTCAGCCTAA-1,PBMC4k,Donor 2,Classical monocytes,Classical monocytes,True
pbmc4k_TAGTTGGTCAGTCAGT-1,PBMC4k,Donor 2,Activated/transitional T cells,Non-cytotoxic T cells,True
pbmc4k_TAGTTGGTCTTGAGGT-1,PBMC4k,Donor 2,Activated/transitional T cells,Non-cytotoxic T cells,True
pbmc4k_TATCAGGAGGTAGCTG-1,PBMC4k,Donor 2,IL7R+ memory/helper T cells,Non-cytotoxic T cells,True
pbmc4k_TATCAGGAGTTTCCTT-1,PBMC4k,Donor 2,Cytotoxic CD8 T cells,Cytotoxic T cells,True
pbmc4k_TATCAGGCACCACGTG-1,PBMC4k,Donor 2,Classical monocytes,Classical monocytes,True
pbmc4k_TATCAGGCAGTGGAGT-1,PBMC4k,Donor 2,Classical monocytes,Classical monocytes,True
pbmc4k_TATCAGGGTACCGTAT-1,PBMC4k,Donor 2,IL7R+ memory/helper T cells,Non-cytotoxic T cells,True
pbmc4k_TATCAGGGTGGTCCGT-1,PBMC4k,Donor 2,Classical monocytes,Classical monocytes,True
pbmc4k_TATCAGGGTTACTGAC-1,PBMC4k,Donor 2,Activated/transitional T cells,Non-cytotoxic T cells,True
pbmc4k_TATCAGGGTTGATTGC-1,PBMC4k,Donor 2,Activated/transitional T cells,Non-cytotoxic T cells,True
pbmc4k_TATCAGGGTTGGTAAA-1,PBMC4k,Donor 2,Activated/transitional T cells,Non-cytotoxic T cells,True
pbmc4k_TATCAGGTCATGCTCC-1,PBMC4k,Donor 2,Activated/transitional T cells,Non-cytotoxic T cells,True
pbmc4k_TATCAGGTCCAAACAC-1,PBMC4k,Donor 2,Naive/resting T cells,Non-cytotoxic T cells,True
pbmc4k_TATCAGGTCGTCTGAA-1,PBMC4k,Donor 2,Activated/transitional T cells,Non-cytotoxic T cells,True
pbmc4k_TATCAGGTCTGAGGGA-1,PBMC4k,Donor 2,Cytotoxic CD8 T cells,Cytotoxic T cells,True
pbmc4k_TATCAGGTCTGTGCAA-1,PBMC4k,Donor 2,Activated/transitional T cells,Non-cytotoxic T cells,True
pbmc4k_TATCAGGTCTTGTATC-1,PBMC4k,Donor 2,Classical monocytes,Classical monocytes,True
pbmc4k_TATCTCAAGCTGGAAC-1,PBMC4k,Donor 2,IL7R+ memory/helper T cells,Non-cytotoxic T cells,True
pbmc4k_TATCTCAAGCTTCGCG-1,PBMC4k,Donor 2,Activated/transitional T cells,Non-cytotoxic T cells,True
pbmc4k_TATCTCAAGGATGTAT-1,PBMC4k,Donor 2,IL7R+ memory/helper T cells,Non-cytotoxic T cells,True
pbmc4k_TATCTCACATTTGCCC-1,PBMC4k,Donor 2,Classical monocytes,Classical monocytes,True
pbmc4k_TATCTCAGTATTAGCC-1,PBMC4k,Donor 2,Classical monocytes,Classical monocytes,True
pbmc4k_TATCTCATCATAAAGG-1,PBMC4k,Donor 2,B cells,B cells,True
pbmc4k_TATCTCATCCAAACTG-1,PBMC4k,Donor 2,Activated/transitional T cells,Non-cytotoxic T cells,True
pbmc4k_TATCTCATCCGCAGTG-1,PBMC4k,Donor 2,B cells,B cells,True
pbmc4k_TATCTCATCGACCAGC-1,PBMC4k,Donor 2,IL7R+ memory/helper T cells,Non-cytotoxic T cells,True
pbmc4k_TATGCCCAGAGCTATA-1,PBMC4k,Donor 2,Cytotoxic CD8 T cells,Cytotoxic T cells,True
pbmc4k_TATGCCCAGCGGCTTC-1,PBMC4k,Donor 2,Naive/resting T cells,Non-cytotoxic T cells,True
pbmc4k_TATGCCCAGGGCATGT-1,PBMC4k,Donor 2,Classical monocytes,Classical monocytes,True
pbmc4k_TATGCCCCACTCTGTC-1,PBMC4k,Donor 2,Activated/transitional T cells,Non-cytotoxic T cells,True
pbmc4k_TATGCCCCATTTGCCC-1,PBMC4k,Donor 2,Classical monocytes,Classical monocytes,True
pbmc4k_TATGCCCGTGAGGGAG-1,PBMC4k,Donor 2,Classical monocytes,Classical monocytes,True
pbmc4k_TATGCCCGTTAGGGTG-1,PBMC4k,Donor 2,NK cells,NK cells,True
pbmc4k_TATGCCCTCTGCTTGC-1,PBMC4k,Donor 2,Classical monocytes,Classical monocytes,True
pbmc4k_TATTACCAGTCATGCT-1,PBMC4k,Donor 2,Activated/transitional T cells,Non-cytotoxic T cells,True
pbmc4k_TATTACCAGTGAACAT-1,PBMC4k,Donor 2,Cytotoxic CD8 T cells,Cytotoxic T cells,True
pbmc4k_TATTACCCACTGAAGG-1,PBMC4k,Donor 2,Naive/resting T cells,Non-cytotoxic T cells,True
pbmc4k_TATTACCCAGCTGCTG-1,PBMC4k,Donor 2,Naive/resting T cells,Non-cytotoxic T cells,True
pbmc4k_TATTACCCATTGGCGC-1,PBMC4k,Donor 2,Cytotoxic CD8 T cells,Cytotoxic T cells,True
pbmc4k_TATTACCGTACCAGTT-1,PBMC4k,Donor 2,B cells,B cells,True
pbmc4k_TATTACCGTATAATGG-1,PBMC4k,Donor 2,Activated/transitional T cells,Non-cytotoxic T cells,True
pbmc4k_TATTACCGTCGCGTGT-1,PBMC4k,Donor 2,B cells,B cells,True
pbmc4k_TATTACCGTTATGTGC-1,PBMC4k,Donor 2,B cells,B cells,True
pbmc4k_TATTACCTCCCATTTA-1,PBMC4k,Donor 2,Classical monocytes,Classical monocytes,True
pbmc4k_TATTACCTCTCATTCA-1,PBMC4k,Donor 2,Cytotoxic CD8 T cells,Cytotoxic T cells,True
pbmc4k_TCAACGAAGCGAGAAA-1,PBMC4k,Donor 2,Activated/transitional T cells,Non-cytotoxic T cells,True
pbmc4k_TCAACGAAGCTAGGCA-1,PBMC4k,Donor 2,Cytotoxic CD8 T cells,Cytotoxic T cells,True
pbmc4k_TCAACGAAGCTGCCCA-1,PBMC4k,Donor 2,B cells,B cells,True
pbmc4k_TCAACGAAGCTTATCG-1,PBMC4k,Donor 2,Classical monocytes,Classical monocytes,True
pbmc4k_TCAACGAAGGCCATAG-1,PBMC4k,Donor 2,Cytotoxic CD8 T cells,Cytotoxic T cells,True
pbmc4k_TCAACGAAGTTAACGA-1,PBMC4k,Donor 2,Activated/transitional T cells,Non-cytotoxic T cells,True
pbmc4k_TCAACGACACGTCTCT-1,PBMC4k,Donor 2,Activated/transitional T cells,Non-cytotoxic T cells,True
pbmc4k_TCAACGACACTTGGAT-1,PBMC4k,Donor 2,IL7R+ memory/helper T cells,Non-cytotoxic T cells,True
pbmc4k_TCAACGACATTCACTT-1,PBMC4k,Donor 2,Classical monocytes,Classical monocytes,True
pbmc4k_TCAACGAGTCCGAAGA-1,PBMC4k,Donor 2,Classical monocytes,Classical monocytes,True
pbmc4k_TCAACGATCTCAACTT-1,PBMC4k,Donor 2,Classical monocytes,Classical monocytes,True
pbmc4k_TCAATCTAGCGCTTAT-1,PBMC4k,Donor 2,B cells,B cells,True
pbmc4k_TCAATCTCATTCACTT-1,PBMC4k,Donor 2,B cells,B cells,True
pbmc4k_TCAATCTGTAAGGGAA-1,PBMC4k,Donor 2,Activated/transitional T cells,Non-cytotoxic T cells,True
pbmc4k_TCAATCTGTTCCGTCT-1,PBMC4k,Donor 2,Activated/transitional T cells,Non-cytotoxic T cells,True
pbmc4k_TCAATCTGTTTGCATG-1,PBMC4k,Donor 2,Cytotoxic CD8 T cells,Cytotoxic T cells,True
pbmc4k_TCAATCTTCGGTGTCG-1,PBMC4k,Donor 2,B cells,B cells,True
pbmc4k_TCACAAGAGCAGCCTC-1,PBMC4k,Donor 2,Activated/transitional T cells,Non-cytotoxic T cells,True
pbmc4k_TCACAAGAGGAGTAGA-1,PBMC4k,Donor 2,Activated/transitional T cells,Non-cytotoxic T cells,True
pbmc4k_TCACAAGAGTGTCTCA-1,PBMC4k,Donor 2,Naive/resting T cells,Non-cytotoxic T cells,True
pbmc4k_TCACAAGCACCTCGTT-1,PBMC4k,Donor 2,Classical monocytes,Classical monocytes,True
pbmc4k_TCACAAGCACGTTGGC-1,PBMC4k,Donor 2,Activated/transitional T cells,Non-cytotoxic T cells,True
pbmc4k_TCACAAGGTAGCTCCG-1,PBMC4k,Donor 2,Activated/transitional T cells,Non-cytotoxic T cells,True
pbmc4k_TCACAAGGTCCAACTA-1,PBMC4k,Donor 2,B cells,B cells,True
pbmc4k_TCACAAGGTCTTGTCC-1,PBMC4k,Donor 2,Activated/transitional T cells,Non-cytotoxic T cells,True
pbmc4k_TCACAAGGTGTCAATC-1,PBMC4k,Donor 2,Cytotoxic CD8 T cells,Cytotoxic T cells,True
pbmc4k_TCACAAGGTTCAGTAC-1,PBMC4k,Donor 2,NK cells,NK cells,True
pbmc4k_TCACAAGGTTGTGGCC-1,PBMC4k,Donor 2,Cytotoxic CD8 T cells,Cytotoxic T cells,True
pbmc4k_TCACAAGGTTTGTGTG-1,PBMC4k,Donor 2,Cytotoxic CD8 T cells,Cytotoxic T cells,True
pbmc4k_TCACAAGTCCAAACAC-1,PBMC4k,Donor 2,NK cells,NK cells,True
pbmc4k_TCACAAGTCCGTCAAA-1,PBMC4k,Donor 2,Activated/transitional T cells,Non-cytotoxic T cells,True
pbmc4k_TCACAAGTCCTCGCAT-1,PBMC4k,Donor 2,Activated/transitional T cells,Non-cytotoxic T cells,True
pbmc4k_TCACAAGTCGCCTGAG-1,PBMC4k,Donor 2,Activated/transitional T cells,Non-cytotoxic T cells,True
pbmc4k_TCACGAAAGCAGATCG-1,PBMC4k,Donor 2,IL7R+ memory/helper T cells,Non-cytotoxic T cells,True
pbmc4k_TCACGAAAGGTGATTA-1,PBMC4k,Donor 2,NK cells,NK cells,True
pbmc4k_TCACGAAAGTATCTCG-1,PBMC4k,Donor 2,Cytotoxic CD8 T cells,Cytotoxic T cells,True
pbmc4k_TCACGAACAGGTCGTC-1,PBMC4k,Donor 2,Activated/transitional T cells,Non-cytotoxic T cells,True
pbmc4k_TCACGAACAGTAGAGC-1,PBMC4k,Donor 2,B cells,B cells,True
pbmc4k_TCACGAACAGTGACAG-1,PBMC4k,Donor 2,Activated/transitional T cells,Non-cytotoxic T cells,True
pbmc4k_TCACGAAGTTGCTCCT-1,PBMC4k,Donor 2,Naive/resting T cells,Non-cytotoxic T cells,True
pbmc4k_TCACGAATCAAGATCC-1,PBMC4k,Donor 2,Cytotoxic CD8 T cells,Cytotoxic T cells,True
pbmc4k_TCACGAATCCTACAGA-1,PBMC4k,Donor 2,Naive/resting T cells,Non-cytotoxic T cells,True
pbmc4k_TCACGAATCGTCTGAA-1,PBMC4k,Donor 2,Activated/transitional T cells,Non-cytotoxic T cells,True
pbmc4k_TCAGATGAGCTCCTTC-1,PBMC4k,Donor 2,Activated/transitional T cells,Non-cytotoxic T cells,True
pbmc4k_TCAGATGAGTCCATAC-1,PBMC4k,Donor 2,B cells,B cells,True
pbmc4k_TCAGATGTCGCAAACT-1,PBMC4k,Donor 2,CD16+ non-classical monocytes,CD16+ non-classical monocytes,True
pbmc4k_TCAGCAAAGAAGCCCA-1,PBMC4k,Donor 2,Classical monocytes,Classical monocytes,True
pbmc4k_TCAGCAAAGCTTATCG-1,PBMC4k,Donor 2,NK cells,NK cells,True
pbmc4k_TCAGCAAAGGCACATG-1,PBMC4k,Donor 2,Naive/resting T cells,Non-cytotoxic T cells,True
pbmc4k_TCAGCAAAGGGATCTG-1,PBMC4k,Donor 2,Activated/transitional T cells,Non-cytotoxic T cells,True
pbmc4k_TCAGCAACAATCACAC-1,PBMC4k,Donor 2,Activated/transitional T cells,Non-cytotoxic T cells,True
pbmc4k_TCAGCAACAATGGAGC-1,PBMC4k,Donor 2,Cytotoxic CD8 T cells,Cytotoxic T cells,True
pbmc4k_TCAGCAACACTAGTAC-1,PBMC4k,Donor 2,IL7R+ memory/helper T cells,Non-cytotoxic T cells,True
pbmc4k_TCAGCAAGTGCCTGTG-1,PBMC4k,Donor 2,B cells,B cells,True
pbmc4k_TCAGCAAGTGCTTCTC-1,PBMC4k,Donor 2,Activated/transitional T cells,Non-cytotoxic T cells,True
pbmc4k_TCAGCAAGTTCACGGC-1,PBMC4k,Donor 2,Classical monocytes,Classical monocytes,True
pbmc4k_TCAGCTCAGTAGTGCG-1,PBMC4k,Donor 2,B cells,B cells,True
pbmc4k_TCAGCTCCAAGTAGTA-1,PBMC4k,Donor 2,Naive/resting T cells,Non-cytotoxic T cells,True
pbmc4k_TCAGCTCCAATGTAAG-1,PBMC4k,Donor 2,B cells,B cells,True
pbmc4k_TCAGCTCCACGACTCG-1,PBMC4k,Donor 2,Activated/transitional T cells,Non-cytotoxic T cells,True
pbmc4k_TCAGCTCCAGATGGCA-1,PBMC4k,Donor 2,Activated/transitional T cells,Non-cytotoxic T cells,True
pbmc4k_TCAGCTCCATTGGTAC-1,PBMC4k,Donor 2,B cells,B cells,True
pbmc4k_TCAGCTCGTATCTGCA-1,PBMC4k,Donor 2,Naive/resting T cells,Non-cytotoxic T cells,True
pbmc4k_TCAGCTCGTCGCTTTC-1,PBMC4k,Donor 2,Cytotoxic CD8 T cells,Cytotoxic T cells,True
pbmc4k_TCAGCTCGTTGTACAC-1,PBMC4k,Donor 2,Activated/transitional T cells,Non-cytotoxic T cells,True
pbmc4k_TCAGCTCTCACCACCT-1,PBMC4k,Donor 2,Classical monocytes,Classical monocytes,True
pbmc4k_TCAGCTCTCGCCTGTT-1,PBMC4k,Donor 2,Activated/transitional T cells,Non-cytotoxic T cells,True
pbmc4k_TCAGCTCTCGTCGTTC-1,PBMC4k,Donor 2,Naive/resting T cells,Non-cytotoxic T cells,True
pbmc4k_TCAGCTCTCTTGCCGT-1,PBMC4k,Donor 2,Activated/transitional T cells,Non-cytotoxic T cells,True
pbmc4k_TCAGGATAGAGTCTGG-1,PBMC4k,Donor 2,IL7R+ memory/helper T cells,Non-cytotoxic T cells,True
pbmc4k_TCAGGATAGCGGATCA-1,PBMC4k,Donor 2,Cytotoxic CD8 T cells,Cytotoxic T cells,True
pbmc4k_TCAGGATGTCCTAGCG-1,PBMC4k,Donor 2,Classical monocytes,Classical monocytes,True
pbmc4k_TCAGGATGTTGGTAAA-1,PBMC4k,Donor 2,Activated/transitional T cells,Non-cytotoxic T cells,True
pbmc4k_TCAGGATTCATTGCGA-1,PBMC4k,Donor 2,Classical monocytes,Classical monocytes,True
pbmc4k_TCAGGTAAGGAATTAC-1,PBMC4k,Donor 2,Classical monocytes,Classical monocytes,True
pbmc4k_TCAGGTACAATCGAAA-1,PBMC4k,Donor 2,Classical monocytes,Classical monocytes,True
pbmc4k_TCAGGTACAGTCAGCC-1,PBMC4k,Donor 2,B cells,B cells,True
pbmc4k_TCAGGTAGTAGCGTGA-1,PBMC4k,Donor 2,B cells,B cells,True
pbmc4k_TCAGGTATCACCCTCA-1,PBMC4k,Donor 2,Cytotoxic CD8 T cells,Cytotoxic T cells,True
pbmc4k_TCAGGTATCCGTTGTC-1,PBMC4k,Donor 2,B cells,B cells,True
pbmc4k_TCAGGTATCTATGTGG-1,PBMC4k,Donor 2,Activated/transitional T cells,Non-cytotoxic T cells,True
pbmc4k_TCATTACCAACGATCT-1,PBMC4k,Donor 2,Classical monocytes,Classical monocytes,True
pbmc4k_TCATTACCAAGTAATG-1,PBMC4k,Donor 2,Activated/transitional T cells,Non-cytotoxic T cells,True
pbmc4k_TCATTACCATTGAGCT-1,PBMC4k,Donor 2,Classical monocytes,Classical monocytes,True
pbmc4k_TCATTACGTCACCCAG-1,PBMC4k,Donor 2,Cytotoxic CD8 T cells,Cytotoxic T cells,True
pbmc4k_TCATTTGAGAACAACT-1,PBMC4k,Donor 2,IL7R+ memory/helper T cells,Non-cytotoxic T cells,True
pbmc4k_TCATTTGAGAATAGGG-1,PBMC4k,Donor 2,Activated/transitional T cells,Non-cytotoxic T cells,True
pbmc4k_TCATTTGAGCAAATCA-1,PBMC4k,Donor 2,Classical monocytes,Classical monocytes,True
pbmc4k_TCATTTGAGCACACAG-1,PBMC4k,Donor 2,Activated/transitional T cells,Non-cytotoxic T cells,True
pbmc4k_TCATTTGAGTACACCT-1,PBMC4k,Donor 2,Naive/resting T cells,Non-cytotoxic T cells,True
pbmc4k_TCATTTGCACCTCGGA-1,PBMC4k,Donor 2,Activated/transitional T cells,Non-cytotoxic T cells,True
pbmc4k_TCATTTGGTGGGTCAA-1,PBMC4k,Donor 2,Activated/transitional T cells,Non-cytotoxic T cells,True
pbmc4k_TCATTTGTCCATGAGT-1,PBMC4k,Donor 2,IL7R+ memory/helper T cells,Non-cytotoxic T cells,True
pbmc4k_TCCACACAGGGAGTAA-1,PBMC4k,Donor 2,Activated/transitional T cells,Non-cytotoxic T cells,True
pbmc4k_TCCACACAGTCCGTAT-1,PBMC4k,Donor 2,Classical monocytes,Classical monocytes,True
pbmc4k_TCCACACGTCTTGTCC-1,PBMC4k,Donor 2,IL7R+ memory/helper T cells,Non-cytotoxic T cells,True
pbmc4k_TCCACACGTGTCTGAT-1,PBMC4k,Donor 2,B cells,B cells,True
pbmc4k_TCCACACTCCGCGTTT-1,PBMC4k,Donor 2,B cells,B cells,True
pbmc4k_TCCCGATAGACTACAA-1,PBMC4k,Donor 2,B cells,B cells,True
pbmc4k_TCCCGATAGTGGTCCC-1,PBMC4k,Donor 2,Activated/transitional T cells,Non-cytotoxic T cells,True
pbmc4k_TCCCGATCATGGATGG-1,PBMC4k,Donor 2,Classical monocytes,Classical monocytes,True
pbmc4k_TCCCGATGTCTCAACA-1,PBMC4k,Donor 2,Classical monocytes,Classical monocytes,True
pbmc4k_TCCCGATTCCAGTATG-1,PBMC4k,Donor 2,Activated/transitional T cells,Non-cytotoxic T cells,True
pbmc4k_TCCCGATTCCTACAGA-1,PBMC4k,Donor 2,Cytotoxic CD8 T cells,Cytotoxic T cells,True
pbmc4k_TCCCGATTCCTCATTA-1,PBMC4k,Donor 2,IL7R+ memory/helper T cells,Non-cytotoxic T cells,True
pbmc4k_TCGAGGCAGGAGTTTA-1,PBMC4k,Donor 2,Activated/transitional T cells,Non-cytotoxic T cells,True
pbmc4k_TCGAGGCAGGATGTAT-1,PBMC4k,Donor 2,Classical monocytes,Classical monocytes,True
pbmc4k_TCGAGGCAGGGAACGG-1,PBMC4k,Donor 2,Classical monocytes,Classical monocytes,True
pbmc4k_TCGAGGCAGGTAGCTG-1,PBMC4k,Donor 2,Activated/transitional T cells,Non-cytotoxic T cells,True
pbmc4k_TCGAGGCCACACCGCA-1,PBMC4k,Donor 2,Classical monocytes,Classical monocytes,True
pbmc4k_TCGAGGCCATCCTTGC-1,PBMC4k,Donor 2,Classical monocytes,Classical monocytes,True
pbmc4k_TCGAGGCGTCTACCTC-1,PBMC4k,Donor 2,Classical monocytes,Classical monocytes,True
pbmc4k_TCGAGGCGTGTGAAAT-1,PBMC4k,Donor 2,IL7R+ memory/helper T cells,Non-cytotoxic T cells,True
pbmc4k_TCGAGGCGTTAAGACA-1,PBMC4k,Donor 2,Cytotoxic CD8 T cells,Cytotoxic T cells,True
pbmc4k_TCGAGGCGTTCGCGAC-1,PBMC4k,Donor 2,Activated/transitional T cells,Non-cytotoxic T cells,True
pbmc4k_TCGCGAGCACGAAGCA-1,PBMC4k,Donor 2,CD16+ non-classical monocytes,CD16+ non-classical monocytes,True
pbmc4k_TCGCGAGCAGACAAAT-1,PBMC4k,Donor 2,Activated/transitional T cells,Non-cytotoxic T cells,True
pbmc4k_TCGCGAGGTGCAACGA-1,PBMC4k,Donor 2,Activated/transitional T cells,Non-cytotoxic T cells,True
pbmc4k_TCGCGAGGTGCTTCTC-1,PBMC4k,Donor 2,Activated/transitional T cells,Non-cytotoxic T cells,True
pbmc4k_TCGCGTTAGCATCATC-1,PBMC4k,Donor 2,Activated/transitional T cells,Non-cytotoxic T cells,True
pbmc4k_TCGCGTTAGTTAGCGG-1,PBMC4k,Donor 2,Activated/transitional T cells,Non-cytotoxic T cells,True
pbmc4k_TCGCGTTCACGGCTAC-1,PBMC4k,Donor 2,Activated/transitional T cells,Non-cytotoxic T cells,True
pbmc4k_TCGCGTTCATCGATTG-1,PBMC4k,Donor 2,Cytotoxic CD8 T cells,Cytotoxic T cells,True
pbmc4k_TCGCGTTGTACGAAAT-1,PBMC4k,Donor 2,Activated/transitional T cells,Non-cytotoxic T cells,True
pbmc4k_TCGCGTTGTGTGACCC-1,PBMC4k,Donor 2,Naive/resting T cells,Non-cytotoxic T cells,True
pbmc4k_TCGCGTTTCAGCATGT-1,PBMC4k,Donor 2,IL7R+ memory/helper T cells,Non-cytotoxic T cells,True
pbmc4k_TCGCGTTTCATGGTCA-1,PBMC4k,Donor 2,NK cells,NK cells,True
pbmc4k_TCGCGTTTCGACAGCC-1,PBMC4k,Donor 2,Classical monocytes,Classical monocytes,True
pbmc4k_TCGCGTTTCTGAAAGA-1,PBMC4k,Donor 2,Classical monocytes,Classical monocytes,True
pbmc4k_TCGGGACAGCGATTCT-1,PBMC4k,Donor 2,Activated/transitional T cells,Non-cytotoxic T cells,True
pbmc4k_TCGGGACAGCGTGAGT-1,PBMC4k,Donor 2,CD16+ non-classical monocytes,CD16+ non-classical monocytes,True
pbmc4k_TCGGGACAGTGTACGG-1,PBMC4k,Donor 2,NK cells,NK cells,True
pbmc4k_TCGGGACCACGGACAA-1,PBMC4k,Donor 2,Activated/transitional T cells,Non-cytotoxic T cells,True
pbmc4k_TCGGGACCAGGACGTA-1,PBMC4k,Donor 2,Cytotoxic CD8 T cells,Cytotoxic T cells,True
pbmc4k_TCGGGACGTGTGGTTT-1,PBMC4k,Donor 2,Naive/resting T cells,Non-cytotoxic T cells,True
pbmc4k_TCGGGACGTTCTGAAC-1,PBMC4k,Donor 2,Cytotoxic CD8 T cells,Cytotoxic T cells,True
pbmc4k_TCGGGACGTTTGGGCC-1,PBMC4k,Donor 2,Activated/transitional T cells,Non-cytotoxic T cells,True
pbmc4k_TCGGGACTCCCAACGG-1,PBMC4k,Donor 2,Cytotoxic CD8 T cells,Cytotoxic T cells,True
pbmc4k_TCGGGACTCTGAAAGA-1,PBMC4k,Donor 2,Cytotoxic CD8 T cells,Cytotoxic T cells,True
pbmc4k_TCGGGACTCTTGCATT-1,PBMC4k,Donor 2,Classical monocytes,Classical monocytes,True
pbmc4k_TCGGTAAAGTTTCCTT-1,PBMC4k,Donor 2,B cells,B cells,True
pbmc4k_TCGGTAAGTCGCATAT-1,PBMC4k,Donor 2,Cytotoxic CD8 T cells,Cytotoxic T cells,True
pbmc4k_TCGGTAAGTGTTCTTT-1,PBMC4k,Donor 2,Activated/transitional T cells,Non-cytotoxic T cells,True
pbmc4k_TCGGTAAGTTCTGAAC-1,PBMC4k,Donor 2,NK cells,NK cells,True
pbmc4k_TCGGTAATCGTCTGCT-1,PBMC4k,Donor 2,Cytotoxic CD8 T cells,Cytotoxic T cells,True
pbmc4k_TCGGTAATCTCGCTTG-1,PBMC4k,Donor 2,B cells,B cells,True
pbmc4k_TCGTACCAGCAGGCTA-1,PBMC4k,Donor 2,Classical monocytes,Classical monocytes,True
pbmc4k_TCGTACCAGCCAGTTT-1,PBMC4k,Donor 2,IL7R+ memory/helper T cells,Non-cytotoxic T cells,True
pbmc4k_TCGTACCAGCGCCTCA-1,PBMC4k,Donor 2,IL7R+ memory/helper T cells,Non-cytotoxic T cells,True
pbmc4k_TCGTACCAGCTAAACA-1,PBMC4k,Donor 2,B cells,B cells,True
pbmc4k_TCGTACCAGGCTCATT-1,PBMC4k,Donor 2,Cytotoxic CD8 T cells,Cytotoxic T cells,True
pbmc4k_TCGTACCAGTATTGGA-1,PBMC4k,Donor 2,Classical monocytes,Classical monocytes,True
pbmc4k_TCGTACCGTTCAGCGC-1,PBMC4k,Donor 2,Activated/transitional T cells,Non-cytotoxic T cells,True
pbmc4k_TCGTACCTCGGCGCAT-1,PBMC4k,Donor 2,Cytotoxic CD8 T cells,Cytotoxic T cells,True
pbmc4k_TCGTAGACAATTGCTG-1,PBMC4k,Donor 2,IL7R+ memory/helper T cells,Non-cytotoxic T cells,True
pbmc4k_TCGTAGACACTAAGTC-1,PBMC4k,Donor 2,Activated/transitional T cells,Non-cytotoxic T cells,True
pbmc4k_TCGTAGACAGTTTACG-1,PBMC4k,Donor 2,B cells,B cells,True
pbmc4k_TCGTAGACATCTCGCT-1,PBMC4k,Donor 2,B cells,B cells,True
pbmc4k_TCGTAGACATTCCTGC-1,PBMC4k,Donor 2,NK cells,NK cells,True
pbmc4k_TCGTAGAGTCATACTG-1,PBMC4k,Donor 2,Activated/transitional T cells,Non-cytotoxic T cells,True
pbmc4k_TCGTAGAGTCCAGTTA-1,PBMC4k,Donor 2,Classical monocytes,Classical monocytes,True
pbmc4k_TCGTAGAGTGCGAAAC-1,PBMC4k,Donor 2,Classical monocytes,Classical monocytes,True
pbmc4k_TCGTAGAGTTCCACTC-1,PBMC4k,Donor 2,Classical monocytes,Classical monocytes,True
pbmc4k_TCGTAGATCACATAGC-1,PBMC4k,Donor 2,Activated/transitional T cells,Non-cytotoxic T cells,True
pbmc4k_TCGTAGATCGCCTGAG-1,PBMC4k,Donor 2,Activated/transitional T cells,Non-cytotoxic T cells,True
pbmc4k_TCGTAGATCTGGTGTA-1,PBMC4k,Donor 2,Cytotoxic CD8 T cells,Cytotoxic T cells,True
pbmc4k_TCGTAGATCTTCATGT-1,PBMC4k,Donor 2,B cells,B cells,True
pbmc4k_TCTATTGAGACAGGCT-1,PBMC4k,Donor 2,B cells,B cells,True
pbmc4k_TCTATTGAGCGTTTAC-1,PBMC4k,Donor 2,Classical monocytes,Classical monocytes,True
pbmc4k_TCTATTGAGCTAGTCT-1,PBMC4k,Donor 2,B cells,B cells,True
pbmc4k_TCTATTGAGGAGTCTG-1,PBMC4k,Donor 2,IL7R+ memory/helper T cells,Non-cytotoxic T cells,True
pbmc4k_TCTATTGCAAGCGAGT-1,PBMC4k,Donor 2,Activated/transitional T cells,Non-cytotoxic T cells,True
pbmc4k_TCTATTGCAGCCACCA-1,PBMC4k,Donor 2,Cytotoxic CD8 T cells,Cytotoxic T cells,True
pbmc4k_TCTATTGCAGCCTTTC-1,PBMC4k,Donor 2,Activated/transitional T cells,Non-cytotoxic T cells,True
pbmc4k_TCTATTGCATACTCTT-1,PBMC4k,Donor 2,IL7R+ memory/helper T cells,Non-cytotoxic T cells,True
pbmc4k_TCTATTGGTGAGTGAC-1,PBMC4k,Donor 2,IL7R+ memory/helper T cells,Non-cytotoxic T cells,True
pbmc4k_TCTATTGTCACCATAG-1,PBMC4k,Donor 2,Classical monocytes,Classical monocytes,True
pbmc4k_TCTATTGTCACCCTCA-1,PBMC4k,Donor 2,Activated/transitional T cells,Non-cytotoxic T cells,True
pbmc4k_TCTATTGTCATCTGTT-1,PBMC4k,Donor 2,Cytotoxic CD8 T cells,Cytotoxic T cells,True
pbmc4k_TCTCATAAGAAACCTA-1,PBMC4k,Donor 2,B cells,B cells,True
pbmc4k_TCTCATAAGATAGGAG-1,PBMC4k,Donor 2,Dendritic cells,,False
pbmc4k_TCTCATAAGCGTGTCC-1,PBMC4k,Donor 2,IL7R+ memory/helper T cells,Non-cytotoxic T cells,True
pbmc4k_TCTCATAAGTTGCAGG-1,PBMC4k,Donor 2,Cytotoxic CD8 T cells,Cytotoxic T cells,True
pbmc4k_TCTCATACACATCCGG-1,PBMC4k,Donor 2,Activated/transitional T cells,Non-cytotoxic T cells,True
pbmc4k_TCTCATACACGCATCG-1,PBMC4k,Donor 2,Naive/resting T cells,Non-cytotoxic T cells,True
pbmc4k_TCTCATACAGGATTGG-1,PBMC4k,Donor 2,Classical monocytes,Classical monocytes,True
pbmc4k_TCTCATAGTAGCTTGT-1,PBMC4k,Donor 2,Cytotoxic CD8 T cells,Cytotoxic T cells,True
pbmc4k_TCTCATAGTCGCGAAA-1,PBMC4k,Donor 2,Activated/transitional T cells,Non-cytotoxic T cells,True
pbmc4k_TCTCATAGTTTGCATG-1,PBMC4k,Donor 2,Classical monocytes,Classical monocytes,True
pbmc4k_TCTCATATCAGCTCTC-1,PBMC4k,Donor 2,Naive/resting T cells,Non-cytotoxic T cells,True
pbmc4k_TCTCATATCTGCGTAA-1,PBMC4k,Donor 2,Activated/transitional T cells,Non-cytotoxic T cells,True
pbmc4k_TCTCATATCTGGTTCC-1,PBMC4k,Donor 2,IL7R+ memory/helper T cells,Non-cytotoxic T cells,True
pbmc4k_TCTCTAAAGCACCGCT-1,PBMC4k,Donor 2,Activated/transitional T cells,Non-cytotoxic T cells,True
pbmc4k_TCTCTAACAACTTGAC-1,PBMC4k,Donor 2,Classical monocytes,Classical monocytes,True
pbmc4k_TCTCTAACATCTCGCT-1,PBMC4k,Donor 2,Cytotoxic CD8 T cells,Cytotoxic T cells,True
pbmc4k_TCTCTAAGTATATGGA-1,PBMC4k,Donor 2,Naive/resting T cells,Non-cytotoxic T cells,True
pbmc4k_TCTCTAATCAACGGGA-1,PBMC4k,Donor 2,B cells,B cells,True
pbmc4k_TCTCTAATCACTCCTG-1,PBMC4k,Donor 2,IL7R+ memory/helper T cells,Non-cytotoxic T cells,True
pbmc4k_TCTCTAATCAGCAACT-1,PBMC4k,Donor 2,Activated/transitional T cells,Non-cytotoxic T cells,True
pbmc4k_TCTCTAATCAGGTAAA-1,PBMC4k,Donor 2,B cells,B cells,True
pbmc4k_TCTCTAATCCAGAAGG-1,PBMC4k,Donor 2,Classical monocytes,Classical monocytes,True
pbmc4k_TCTCTAATCCAGATCA-1,PBMC4k,Donor 2,Classical monocytes,Classical monocytes,True
pbmc4k_TCTGAGAAGGCCCTTG-1,PBMC4k,Donor 2,Activated/transitional T cells,Non-cytotoxic T cells,True
pbmc4k_TCTGAGAAGTGCAAGC-1,PBMC4k,Donor 2,Activated/transitional T cells,Non-cytotoxic T cells,True
pbmc4k_TCTGAGAGTATGCTTG-1,PBMC4k,Donor 2,NK cells,NK cells,True
pbmc4k_TCTGAGAGTCACTGGC-1,PBMC4k,Donor 2,NK cells,NK cells,True
pbmc4k_TCTGAGATCAACACAC-1,PBMC4k,Donor 2,Activated/transitional T cells,Non-cytotoxic T cells,True
pbmc4k_TCTGAGATCAAGATCC-1,PBMC4k,Donor 2,Classical monocytes,Classical monocytes,True
pbmc4k_TCTGAGATCCACGTTC-1,PBMC4k,Donor 2,Classical monocytes,Classical monocytes,True
pbmc4k_TCTGGAAAGAACTGTA-1,PBMC4k,Donor 2,Cytotoxic CD8 T cells,Cytotoxic T cells,True
pbmc4k_TCTGGAAAGAGTACAT-1,PBMC4k,Donor 2,Activated/transitional T cells,Non-cytotoxic T cells,True
pbmc4k_TCTGGAAAGCGAAGGG-1,PBMC4k,Donor 2,Classical monocytes,Classical monocytes,True
pbmc4k_TCTGGAAGTAAGGGCT-1,PBMC4k,Donor 2,Activated/transitional T cells,Non-cytotoxic T cells,True
pbmc4k_TCTGGAAGTACGCTGC-1,PBMC4k,Donor 2,IL7R+ memory/helper T cells,Non-cytotoxic T cells,True
pbmc4k_TCTGGAAGTTCAGTAC-1,PBMC4k,Donor 2,Cytotoxic CD8 T cells,Cytotoxic T cells,True
pbmc4k_TCTGGAATCACATAGC-1,PBMC4k,Donor 2,Activated/transitional T cells,Non-cytotoxic T cells,True
pbmc4k_TCTGGAATCAGTCAGT-1,PBMC4k,Donor 2,IL7R+ memory/helper T cells,Non-cytotoxic T cells,True
pbmc4k_TCTGGAATCCTCCTAG-1,PBMC4k,Donor 2,CD16+ non-classical monocytes,CD16+ non-classical monocytes,True
pbmc4k_TCTTCGGAGTGAACAT-1,PBMC4k,Donor 2,Activated/transitional T cells,Non-cytotoxic T cells,True
pbmc4k_TCTTCGGAGTTTCCTT-1,PBMC4k,Donor 2,IL7R+ memory/helper T cells,Non-cytotoxic T cells,True
pbmc4k_TCTTCGGGTAGCGCTC-1,PBMC4k,Donor 2,B cells,B cells,True
pbmc4k_TCTTCGGGTCTCCCTA-1,PBMC4k,Donor 2,Classical monocytes,Classical monocytes,True
pbmc4k_TCTTCGGTCACAGGCC-1,PBMC4k,Donor 2,NK cells,NK cells,True
pbmc4k_TCTTCGGTCCTCAACC-1,PBMC4k,Donor 2,Activated/transitional T cells,Non-cytotoxic T cells,True
pbmc4k_TCTTCGGTCGGAGCAA-1,PBMC4k,Donor 2,Activated/transitional T cells,Non-cytotoxic T cells,True
pbmc4k_TCTTTCCAGCTAGTTC-1,PBMC4k,Donor 2,Activated/transitional T cells,Non-cytotoxic T cells,True
pbmc4k_TCTTTCCCACACCGAC-1,PBMC4k,Donor 2,Classical monocytes,Classical monocytes,True
pbmc4k_TCTTTCCGTCTGATCA-1,PBMC4k,Donor 2,IL7R+ memory/helper T cells,Non-cytotoxic T cells,True
pbmc4k_TCTTTCCGTTTGTTGG-1,PBMC4k,Donor 2,Classical monocytes,Classical monocytes,True
pbmc4k_TCTTTCCTCCCAGGTG-1,PBMC4k,Donor 2,NK cells,NK cells,True
pbmc4k_TCTTTCCTCCGTAGTA-1,PBMC4k,Donor 2,NK cells,NK cells,True
pbmc4k_TCTTTCCTCGCGCCAA-1,PBMC4k,Donor 2,NK cells,NK cells,True
pbmc4k_TCTTTCCTCTGGCGAC-1,PBMC4k,Donor 2,Activated/transitional T cells,Non-cytotoxic T cells,True
pbmc4k_TGAAAGAAGCCACTAT-1,PBMC4k,Donor 2,IL7R+ memory/helper T cells,Non-cytotoxic T cells,True
pbmc4k_TGAAAGAAGTGAAGAG-1,PBMC4k,Donor 2,Cytotoxic CD8 T cells,Cytotoxic T cells,True
pbmc4k_TGAAAGACAGATGGGT-1,PBMC4k,Donor 2,Activated/transitional T cells,Non-cytotoxic T cells,True
pbmc4k_TGAAAGACATCTCCCA-1,PBMC4k,Donor 2,Classical monocytes,Classical monocytes,True
pbmc4k_TGAAAGATCAAGCCTA-1,PBMC4k,Donor 2,IL7R+ memory/helper T cells,Non-cytotoxic T cells,True
pbmc4k_TGAAAGATCATGTAGC-1,PBMC4k,Donor 2,IL7R+ memory/helper T cells,Non-cytotoxic T cells,True
pbmc4k_TGAAAGATCCAATGGT-1,PBMC4k,Donor 2,Cytotoxic CD8 T cells,Cytotoxic T cells,True
pbmc4k_TGAAAGATCTGCGACG-1,PBMC4k,Donor 2,Activated/transitional T cells,Non-cytotoxic T cells,True
pbmc4k_TGACAACAGAGCTATA-1,PBMC4k,Donor 2,Classical monocytes,Classical monocytes,True
pbmc4k_TGACAACAGCCAGAAC-1,PBMC4k,Donor 2,Classical monocytes,Classical monocytes,True
pbmc4k_TGACAACAGCGATTCT-1,PBMC4k,Donor 2,Classical monocytes,Classical monocytes,True
pbmc4k_TGACAACAGCGCCTCA-1,PBMC4k,Donor 2,Activated/transitional T cells,Non-cytotoxic T cells,True
pbmc4k_TGACAACCAAGCCTAT-1,PBMC4k,Donor 2,Classical monocytes,Classical monocytes,True
pbmc4k_TGACAACCATAGTAAG-1,PBMC4k,Donor 2,Activated/transitional T cells,Non-cytotoxic T cells,True
pbmc4k_TGACAACGTCTAGAGG-1,PBMC4k,Donor 2,Naive/resting T cells,Non-cytotoxic T cells,True
pbmc4k_TGACAACGTGAGTGAC-1,PBMC4k,Donor 2,Classical monocytes,Classical monocytes,True
pbmc4k_TGACAACGTGCGATAG-1,PBMC4k,Donor 2,Activated/transitional T cells,Non-cytotoxic T cells,True
pbmc4k_TGACAACTCAGTACGT-1,PBMC4k,Donor 2,Classical monocytes,Classical monocytes,True
pbmc4k_TGACAACTCATTGCCC-1,PBMC4k,Donor 2,IL7R+ memory/helper T cells,Non-cytotoxic T cells,True
pbmc4k_TGACAACTCCCTCTTT-1,PBMC4k,Donor 2,B cells,B cells,True
pbmc4k_TGACAACTCGTAGATC-1,PBMC4k,Donor 2,NK cells,NK cells,True
pbmc4k_TGACAACTCTCGTTTA-1,PBMC4k,Donor 2,Classical monocytes,Classical monocytes,True
pbmc4k_TGACGGCAGTGTCTCA-1,PBMC4k,Donor 2,Activated/transitional T cells,Non-cytotoxic T cells,True
pbmc4k_TGACGGCCAGCGTAAG-1,PBMC4k,Donor 2,Cytotoxic CD8 T cells,Cytotoxic T cells,True
pbmc4k_TGACGGCCAGGGAGAG-1,PBMC4k,Donor 2,Cytotoxic CD8 T cells,Cytotoxic T cells,True
pbmc4k_TGACGGCCAGTATCTG-1,PBMC4k,Donor 2,Classical monocytes,Classical monocytes,True
pbmc4k_TGACGGCCATGCTGGC-1,PBMC4k,Donor 2,Dendritic cells,,False
pbmc4k_TGACGGCGTATGAAAC-1,PBMC4k,Donor 2,NK cells,NK cells,True
pbmc4k_TGACGGCTCATCTGTT-1,PBMC4k,Donor 2,Activated/transitional T cells,Non-cytotoxic T cells,True
pbmc4k_TGACGGCTCCTGCTTG-1,PBMC4k,Donor 2,Classical monocytes,Classical monocytes,True
pbmc4k_TGACGGCTCGGTTAAC-1,PBMC4k,Donor 2,CD16+ non-classical monocytes,CD16+ non-classical monocytes,True
pbmc4k_TGACGGCTCGTTGACA-1,PBMC4k,Donor 2,IL7R+ memory/helper T cells,Non-cytotoxic T cells,True
pbmc4k_TGACTAGAGTTAGCGG-1,PBMC4k,Donor 2,IL7R+ memory/helper T cells,Non-cytotoxic T cells,True
pbmc4k_TGACTAGAGTTGCAGG-1,PBMC4k,Donor 2,Classical monocytes,Classical monocytes,True
pbmc4k_TGACTAGAGTTTCCTT-1,PBMC4k,Donor 2,Classical monocytes,Classical monocytes,True
pbmc4k_TGACTAGGTTAAGAAC-1,PBMC4k,Donor 2,NK cells,NK cells,True
pbmc4k_TGACTAGGTTAAGTAG-1,PBMC4k,Donor 2,Activated/transitional T cells,Non-cytotoxic T cells,True
pbmc4k_TGACTAGTCGCCAAAT-1,PBMC4k,Donor 2,Activated/transitional T cells,Non-cytotoxic T cells,True
pbmc4k_TGACTTTAGAACTGTA-1,PBMC4k,Donor 2,B cells,B cells,True
pbmc4k_TGACTTTAGAAGGACA-1,PBMC4k,Donor 2,CD16+ non-classical monocytes,CD16+ non-classical monocytes,True
pbmc4k_TGACTTTAGACAAGCC-1,PBMC4k,Donor 2,B cells,B cells,True
pbmc4k_TGACTTTAGAGATGAG-1,PBMC4k,Donor 2,Activated/transitional T cells,Non-cytotoxic T cells,True
pbmc4k_TGACTTTAGTGTGAAT-1,PBMC4k,Donor 2,Classical monocytes,Classical monocytes,True
pbmc4k_TGACTTTCAAGAGTCG-1,PBMC4k,Donor 2,Classical monocytes,Classical monocytes,True
pbmc4k_TGACTTTCATGACGGA-1,PBMC4k,Donor 2,B cells,B cells,True
pbmc4k_TGACTTTGTCTCTCGT-1,PBMC4k,Donor 2,Activated/transitional T cells,Non-cytotoxic T cells,True
pbmc4k_TGACTTTTCGGAGCAA-1,PBMC4k,Donor 2,Cytotoxic CD8 T cells,Cytotoxic T cells,True
pbmc4k_TGAGAGGAGATATACG-1,PBMC4k,Donor 2,B cells,B cells,True
pbmc4k_TGAGAGGAGCAGGCTA-1,PBMC4k,Donor 2,NK cells,NK cells,True
pbmc4k_TGAGAGGAGTTAAGTG-1,PBMC4k,Donor 2,Activated/transitional T cells,Non-cytotoxic T cells,True
pbmc4k_TGAGAGGCAGCGTAAG-1,PBMC4k,Donor 2,IL7R+ memory/helper T cells,Non-cytotoxic T cells,True
pbmc4k_TGAGAGGCAGGATTGG-1,PBMC4k,Donor 2,CD16+ non-classical monocytes,CD16+ non-classical monocytes,True
pbmc4k_TGAGAGGGTTCAGACT-1,PBMC4k,Donor 2,Cytotoxic CD8 T cells,Cytotoxic T cells,True
pbmc4k_TGAGAGGGTTGAGTTC-1,PBMC4k,Donor 2,B cells,B cells,True
pbmc4k_TGAGAGGTCATTTGGG-1,PBMC4k,Donor 2,Classical monocytes,Classical monocytes,True
pbmc4k_TGAGAGGTCTGCCAGG-1,PBMC4k,Donor 2,Activated/transitional T cells,Non-cytotoxic T cells,True
pbmc4k_TGAGCATAGCGTCAAG-1,PBMC4k,Donor 2,B cells,B cells,True
pbmc4k_TGAGCATAGTACGATA-1,PBMC4k,Donor 2,CD16+ non-classical monocytes,CD16+ non-classical monocytes,True
pbmc4k_TGAGCATAGTGACTCT-1,PBMC4k,Donor 2,IL7R+ memory/helper T cells,Non-cytotoxic T cells,True
pbmc4k_TGAGCATCAGTATGCT-1,PBMC4k,Donor 2,Activated/transitional T cells,Non-cytotoxic T cells,True
pbmc4k_TGAGCATGTAATCGTC-1,PBMC4k,Donor 2,IL7R+ memory/helper T cells,Non-cytotoxic T cells,True
pbmc4k_TGAGCATGTCAGAATA-1,PBMC4k,Donor 2,IL7R+ memory/helper T cells,Non-cytotoxic T cells,True
pbmc4k_TGAGCATTCCAGATCA-1,PBMC4k,Donor 2,Cytotoxic CD8 T cells,Cytotoxic T cells,True
pbmc4k_TGAGCATTCTTGCATT-1,PBMC4k,Donor 2,B cells,B cells,True
pbmc4k_TGAGCATTCTTGGGTA-1,PBMC4k,Donor 2,Classical monocytes,Classical monocytes,True
pbmc4k_TGAGCCGAGACAGGCT-1,PBMC4k,Donor 2,Classical monocytes,Classical monocytes,True
pbmc4k_TGAGCCGAGACATAAC-1,PBMC4k,Donor 2,NK cells,NK cells,True
pbmc4k_TGAGCCGAGGCCGAAT-1,PBMC4k,Donor 2,B cells,B cells,True
pbmc4k_TGAGCCGCAAGCCCAC-1,PBMC4k,Donor 2,Naive/resting T cells,Non-cytotoxic T cells,True
pbmc4k_TGAGCCGCAAGTTGTC-1,PBMC4k,Donor 2,CD16+ non-classical monocytes,CD16+ non-classical monocytes,True
pbmc4k_TGAGCCGCAGGACCCT-1,PBMC4k,Donor 2,Classical monocytes,Classical monocytes,True
pbmc4k_TGAGCCGCAGTATGCT-1,PBMC4k,Donor 2,B cells,B cells,True
pbmc4k_TGAGCCGCATCACCCT-1,PBMC4k,Donor 2,Activated/transitional T cells,Non-cytotoxic T cells,True
pbmc4k_TGAGCCGGTCTACCTC-1,PBMC4k,Donor 2,Activated/transitional T cells,Non-cytotoxic T cells,True
pbmc4k_TGAGCCGTCATTTGGG-1,PBMC4k,Donor 2,IL7R+ memory/helper T cells,Non-cytotoxic T cells,True
pbmc4k_TGAGGGAAGAAACCTA-1,PBMC4k,Donor 2,Classical monocytes,Classical monocytes,True
pbmc4k_TGAGGGAAGAGTACCG-1,PBMC4k,Donor 2,Classical monocytes,Classical monocytes,True
pbmc4k_TGAGGGAAGATATACG-1,PBMC4k,Donor 2,NK cells,NK cells,True
pbmc4k_TGAGGGAAGTACCGGA-1,PBMC4k,Donor 2,Classical monocytes,Classical monocytes,True
pbmc4k_TGAGGGAAGTGGTAGC-1,PBMC4k,Donor 2,Classical monocytes,Classical monocytes,True
pbmc4k_TGAGGGACACCATGTA-1,PBMC4k,Donor 2,B cells,B cells,True
pbmc4k_TGAGGGATCCTAAGTG-1,PBMC4k,Donor 2,CD16+ non-classical monocytes,CD16+ non-classical monocytes,True
pbmc4k_TGAGGGATCTGCCCTA-1,PBMC4k,Donor 2,Classical monocytes,Classical monocytes,True
pbmc4k_TGATTTCAGCGAGAAA-1,PBMC4k,Donor 2,Classical monocytes,Classical monocytes,True
pbmc4k_TGATTTCAGCTAGTCT-1,PBMC4k,Donor 2,Classical monocytes,Classical monocytes,True
pbmc4k_TGATTTCAGGGCTTCC-1,PBMC4k,Donor 2,Activated/transitional T cells,Non-cytotoxic T cells,True
pbmc4k_TGATTTCCACAGCCCA-1,PBMC4k,Donor 2,Naive/resting T cells,Non-cytotoxic T cells,True
pbmc4k_TGATTTCCAGCTCGAC-1,PBMC4k,Donor 2,Cytotoxic CD8 T cells,Cytotoxic T cells,True
pbmc4k_TGATTTCGTAACGTTC-1,PBMC4k,Donor 2,Cytotoxic CD8 T cells,Cytotoxic T cells,True
pbmc4k_TGATTTCGTAGCGTAG-1,PBMC4k,Donor 2,Cytotoxic CD8 T cells,Cytotoxic T cells,True
pbmc4k_TGATTTCGTCCGTCAG-1,PBMC4k,Donor 2,Activated/transitional T cells,Non-cytotoxic T cells,True
pbmc4k_TGATTTCGTTCACCTC-1,PBMC4k,Donor 2,B cells,B cells,True
pbmc4k_TGATTTCTCAGCTCTC-1,PBMC4k,Donor 2,Cytotoxic CD8 T cells,Cytotoxic T cells,True
pbmc4k_TGATTTCTCATGCATG-1,PBMC4k,Donor 2,Classical monocytes,Classical monocytes,True
pbmc4k_TGATTTCTCCGTAGTA-1,PBMC4k,Donor 2,Cytotoxic CD8 T cells,Cytotoxic T cells,True
pbmc4k_TGCACCTAGCCACGCT-1,PBMC4k,Donor 2,B cells,B cells,True
pbmc4k_TGCACCTAGGCTAGGT-1,PBMC4k,Donor 2,Classical monocytes,Classical monocytes,True
pbmc4k_TGCACCTCAGGCTGAA-1,PBMC4k,Donor 2,IL7R+ memory/helper T cells,Non-cytotoxic T cells,True
pbmc4k_TGCACCTCATAGTAAG-1,PBMC4k,Donor 2,Classical monocytes,Classical monocytes,True
pbmc4k_TGCACCTGTATAAACG-1,PBMC4k,Donor 2,Naive/resting T cells,Non-cytotoxic T cells,True
pbmc4k_TGCACCTTCCTTTACA-1,PBMC4k,Donor 2,B cells,B cells,True
pbmc4k_TGCCAAAAGACGACGT-1,PBMC4k,Donor 2,Cytotoxic CD8 T cells,Cytotoxic T cells,True
pbmc4k_TGCCAAAAGATGTAAC-1,PBMC4k,Donor 2,Activated/transitional T cells,Non-cytotoxic T cells,True
pbmc4k_TGCCAAAAGCCGATTT-1,PBMC4k,Donor 2,Classical monocytes,Classical monocytes,True
pbmc4k_TGCCAAACACAGGTTT-1,PBMC4k,Donor 2,Cytotoxic CD8 T cells,Cytotoxic T cells,True
pbmc4k_TGCCAAACACATTAGC-1,PBMC4k,Donor 2,Naive/resting T cells,Non-cytotoxic T cells,True
pbmc4k_TGCCAAACATCCCACT-1,PBMC4k,Donor 2,Activated/transitional T cells,Non-cytotoxic T cells,True
pbmc4k_TGCCAAACATGACATC-1,PBMC4k,Donor 2,Cytotoxic CD8 T cells,Cytotoxic T cells,True
pbmc4k_TGCCAAACATTCCTGC-1,PBMC4k,Donor 2,Classical monocytes,Classical monocytes,True
pbmc4k_TGCCAAAGTCGAATCT-1,PBMC4k,Donor 2,Naive/resting T cells,Non-cytotoxic T cells,True
pbmc4k_TGCCAAAGTCTAGTGT-1,PBMC4k,Donor 2,NK cells,NK cells,True
pbmc4k_TGCCAAAGTTTGACAC-1,PBMC4k,Donor 2,IL7R+ memory/helper T cells,Non-cytotoxic T cells,True
pbmc4k_TGCCAAATCGAGAGCA-1,PBMC4k,Donor 2,Classical monocytes,Classical monocytes,True
pbmc4k_TGCCCATAGCCTTGAT-1,PBMC4k,Donor 2,B cells,B cells,True
pbmc4k_TGCCCATAGGGAACGG-1,PBMC4k,Donor 2,Activated/transitional T cells,Non-cytotoxic T cells,True
pbmc4k_TGCCCATAGGGTCTCC-1,PBMC4k,Donor 2,Activated/transitional T cells,Non-cytotoxic T cells,True
pbmc4k_TGCCCATAGTGCAAGC-1,PBMC4k,Donor 2,Activated/transitional T cells,Non-cytotoxic T cells,True
pbmc4k_TGCCCATAGTGGTAGC-1,PBMC4k,Donor 2,B cells,B cells,True
pbmc4k_TGCCCATGTACAGTGG-1,PBMC4k,Donor 2,Classical monocytes,Classical monocytes,True
pbmc4k_TGCCCATGTAGCCTCG-1,PBMC4k,Donor 2,IL7R+ memory/helper T cells,Non-cytotoxic T cells,True
pbmc4k_TGCCCATGTGTTTGTG-1,PBMC4k,Donor 2,Activated/transitional T cells,Non-cytotoxic T cells,True
pbmc4k_TGCCCATGTTATTCTC-1,PBMC4k,Donor 2,Activated/transitional T cells,Non-cytotoxic T cells,True
pbmc4k_TGCCCTACAATAGCGG-1,PBMC4k,Donor 2,Activated/transitional T cells,Non-cytotoxic T cells,True
pbmc4k_TGCCCTACACAGGAGT-1,PBMC4k,Donor 2,NK cells,NK cells,True
pbmc4k_TGCCCTACACTGTCGG-1,PBMC4k,Donor 2,Classical monocytes,Classical monocytes,True
pbmc4k_TGCCCTACATCCCATC-1,PBMC4k,Donor 2,Cytotoxic CD8 T cells,Cytotoxic T cells,True
pbmc4k_TGCCCTACATCCTTGC-1,PBMC4k,Donor 2,Classical monocytes,Classical monocytes,True
pbmc4k_TGCCCTAGTCGCGTGT-1,PBMC4k,Donor 2,Activated/transitional T cells,Non-cytotoxic T cells,True
pbmc4k_TGCCCTAGTTATCGGT-1,PBMC4k,Donor 2,Naive/resting T cells,Non-cytotoxic T cells,True
pbmc4k_TGCCCTATCAAGGTAA-1,PBMC4k,Donor 2,B cells,B cells,True
pbmc4k_TGCCCTATCCACTCCA-1,PBMC4k,Donor 2,Activated/transitional T cells,Non-cytotoxic T cells,True
pbmc4k_TGCCCTATCGCAAGCC-1,PBMC4k,Donor 2,B cells,B cells,True
pbmc4k_TGCCCTATCTTCATGT-1,PBMC4k,Donor 2,Cytotoxic CD8 T cells,Cytotoxic T cells,True
pbmc4k_TGCCCTATCTTGCAAG-1,PBMC4k,Donor 2,IL7R+ memory/helper T cells,Non-cytotoxic T cells,True
pbmc4k_TGCGCAGAGCTTCGCG-1,PBMC4k,Donor 2,Classical monocytes,Classical monocytes,True
pbmc4k_TGCGCAGAGTCAAGCG-1,PBMC4k,Donor 2,Dendritic cells,,False
pbmc4k_TGCGCAGGTAGAGTGC-1,PBMC4k,Donor 2,Classical monocytes,Classical monocytes,True
pbmc4k_TGCGCAGGTATCACCA-1,PBMC4k,Donor 2,Activated/transitional T cells,Non-cytotoxic T cells,True
pbmc4k_TGCGCAGGTCACTTCC-1,PBMC4k,Donor 2,Cytotoxic CD8 T cells,Cytotoxic T cells,True
pbmc4k_TGCGCAGGTCGAGTTT-1,PBMC4k,Donor 2,Cytotoxic CD8 T cells,Cytotoxic T cells,True
pbmc4k_TGCGCAGTCGAGCCCA-1,PBMC4k,Donor 2,Classical monocytes,Classical monocytes,True
pbmc4k_TGCGCAGTCTCTAAGG-1,PBMC4k,Donor 2,Classical monocytes,Classical monocytes,True
pbmc4k_TGCGGGTAGTGGCACA-1,PBMC4k,Donor 2,Activated/transitional T cells,Non-cytotoxic T cells,True
pbmc4k_TGCGGGTAGTGGGCTA-1,PBMC4k,Donor 2,Activated/transitional T cells,Non-cytotoxic T cells,True
pbmc4k_TGCGGGTAGTTGAGTA-1,PBMC4k,Donor 2,Cytotoxic CD8 T cells,Cytotoxic T cells,True
pbmc4k_TGCGGGTCACAGTCGC-1,PBMC4k,Donor 2,Classical monocytes,Classical monocytes,True
pbmc4k_TGCGGGTCACATCCGG-1,PBMC4k,Donor 2,Cytotoxic CD8 T cells,Cytotoxic T cells,True
pbmc4k_TGCGGGTCACTTAACG-1,PBMC4k,Donor 2,Cytotoxic CD8 T cells,Cytotoxic T cells,True
pbmc4k_TGCGGGTGTCAGAATA-1,PBMC4k,Donor 2,Naive/resting T cells,Non-cytotoxic T cells,True
pbmc4k_TGCGGGTTCGTAGGTT-1,PBMC4k,Donor 2,IL7R+ memory/helper T cells,Non-cytotoxic T cells,True
pbmc4k_TGCGGGTTCTGGTGTA-1,PBMC4k,Donor 2,B cells,B cells,True
pbmc4k_TGCGTGGAGGTCGGAT-1,PBMC4k,Donor 2,Cytotoxic CD8 T cells,Cytotoxic T cells,True
pbmc4k_TGCGTGGCATTACCTT-1,PBMC4k,Donor 2,Activated/transitional T cells,Non-cytotoxic T cells,True
pbmc4k_TGCGTGGGTACAGCAG-1,PBMC4k,Donor 2,IL7R+ memory/helper T cells,Non-cytotoxic T cells,True
pbmc4k_TGCGTGGTCACCAGGC-1,PBMC4k,Donor 2,NK cells,NK cells,True
pbmc4k_TGCGTGGTCACTCCTG-1,PBMC4k,Donor 2,Activated/transitional T cells,Non-cytotoxic T cells,True
pbmc4k_TGCGTGGTCATACGGT-1,PBMC4k,Donor 2,CD16+ non-classical monocytes,CD16+ non-classical monocytes,True
pbmc4k_TGCGTGGTCCACGAAT-1,PBMC4k,Donor 2,IL7R+ memory/helper T cells,Non-cytotoxic T cells,True
pbmc4k_TGCGTGGTCTTGAGGT-1,PBMC4k,Donor 2,IL7R+ memory/helper T cells,Non-cytotoxic T cells,True
pbmc4k_TGCTACCAGCGATATA-1,PBMC4k,Donor 2,Cytotoxic CD8 T cells,Cytotoxic T cells,True
pbmc4k_TGCTACCAGGCAGGTT-1,PBMC4k,Donor 2,B cells,B cells,True
pbmc4k_TGCTACCCATTTCAGG-1,PBMC4k,Donor 2,Classical monocytes,Classical monocytes,True
pbmc4k_TGCTACCGTACACCGC-1,PBMC4k,Donor 2,Classical monocytes,Classical monocytes,True
pbmc4k_TGCTACCGTAGCGCAA-1,PBMC4k,Donor 2,Activated/transitional T cells,Non-cytotoxic T cells,True
pbmc4k_TGCTACCTCGAGAACG-1,PBMC4k,Donor 2,IL7R+ memory/helper T cells,Non-cytotoxic T cells,True
pbmc4k_TGCTACCTCGCTTAGA-1,PBMC4k,Donor 2,NK cells,NK cells,True
pbmc4k_TGCTACCTCTGCGGCA-1,PBMC4k,Donor 2,Classical monocytes,Classical monocytes,True
pbmc4k_TGCTGCTAGGCGCTCT-1,PBMC4k,Donor 2,IL7R+ memory/helper T cells,Non-cytotoxic T cells,True
pbmc4k_TGCTGCTAGGTTCCTA-1,PBMC4k,Donor 2,Classical monocytes,Classical monocytes,True
pbmc4k_TGCTGCTCAGTCGATT-1,PBMC4k,Donor 2,Classical monocytes,Classical monocytes,True
pbmc4k_TGCTGCTCATGACGGA-1,PBMC4k,Donor 2,Naive/resting T cells,Non-cytotoxic T cells,True
pbmc4k_TGCTGCTGTTCGAATC-1,PBMC4k,Donor 2,Activated/transitional T cells,Non-cytotoxic T cells,True
pbmc4k_TGCTGCTGTTTGTGTG-1,PBMC4k,Donor 2,Classical monocytes,Classical monocytes,True
pbmc4k_TGGACGCAGTACACCT-1,PBMC4k,Donor 2,Classical monocytes,Classical monocytes,True
pbmc4k_TGGACGCAGTGACATA-1,PBMC4k,Donor 2,Activated/transitional T cells,Non-cytotoxic T cells,True
pbmc4k_TGGACGCAGTGCGTGA-1,PBMC4k,Donor 2,Activated/transitional T cells,Non-cytotoxic T cells,True
pbmc4k_TGGACGCCAGCATGAG-1,PBMC4k,Donor 2,Naive/resting T cells,Non-cytotoxic T cells,True
pbmc4k_TGGACGCGTAAAGTCA-1,PBMC4k,Donor 2,CD16+ non-classical monocytes,CD16+ non-classical monocytes,True
pbmc4k_TGGACGCGTGTTCGAT-1,PBMC4k,Donor 2,CD16+ non-classical monocytes,CD16+ non-classical monocytes,True
pbmc4k_TGGACGCTCCTGCAGG-1,PBMC4k,Donor 2,Classical monocytes,Classical monocytes,True
pbmc4k_TGGACGCTCGGAAATA-1,PBMC4k,Donor 2,CD16+ non-classical monocytes,CD16+ non-classical monocytes,True
pbmc4k_TGGACGCTCTAGAGTC-1,PBMC4k,Donor 2,Classical monocytes,Classical monocytes,True
pbmc4k_TGGCCAGAGGGATACC-1,PBMC4k,Donor 2,Classical monocytes,Classical monocytes,True
pbmc4k_TGGCCAGCAGCCTTTC-1,PBMC4k,Donor 2,Activated/transitional T cells,Non-cytotoxic T cells,True
pbmc4k_TGGCCAGCATTCGACA-1,PBMC4k,Donor 2,IL7R+ memory/helper T cells,Non-cytotoxic T cells,True
pbmc4k_TGGCCAGGTACAGTGG-1,PBMC4k,Donor 2,Activated/transitional T cells,Non-cytotoxic T cells,True
pbmc4k_TGGCCAGGTGCCTTGG-1,PBMC4k,Donor 2,IL7R+ memory/helper T cells,Non-cytotoxic T cells,True
pbmc4k_TGGCCAGGTGGCTCCA-1,PBMC4k,Donor 2,Cytotoxic CD8 T cells,Cytotoxic T cells,True
pbmc4k_TGGCCAGGTGGTACAG-1,PBMC4k,Donor 2,Activated/transitional T cells,Non-cytotoxic T cells,True
pbmc4k_TGGCCAGTCCGGCACA-1,PBMC4k,Donor 2,Activated/transitional T cells,Non-cytotoxic T cells,True
pbmc4k_TGGCCAGTCTAACTGG-1,PBMC4k,Donor 2,Activated/transitional T cells,Non-cytotoxic T cells,True
pbmc4k_TGGCCAGTCTACTATC-1,PBMC4k,Donor 2,CD16+ non-classical monocytes,CD16+ non-classical monocytes,True
pbmc4k_TGGCGCAAGCAGGCTA-1,PBMC4k,Donor 2,Cytotoxic CD8 T cells,Cytotoxic T cells,True
pbmc4k_TGGCGCAAGCTAAGAT-1,PBMC4k,Donor 2,IL7R+ memory/helper T cells,Non-cytotoxic T cells,True
pbmc4k_TGGCGCAAGTTCGATC-1,PBMC4k,Donor 2,Activated/transitional T cells,Non-cytotoxic T cells,True
pbmc4k_TGGCGCAGTCATGCCG-1,PBMC4k,Donor 2,Classical monocytes,Classical monocytes,True
pbmc4k_TGGCGCAGTCGGCTCA-1,PBMC4k,Donor 2,Cytotoxic CD8 T cells,Cytotoxic T cells,True
pbmc4k_TGGCGCAGTCTCGTTC-1,PBMC4k,Donor 2,Activated/transitional T cells,Non-cytotoxic T cells,True
pbmc4k_TGGCGCAGTGGCAAAC-1,PBMC4k,Donor 2,Cytotoxic CD8 T cells,Cytotoxic T cells,True
pbmc4k_TGGCGCATCGGAGGTA-1,PBMC4k,Donor 2,B cells,B cells,True
pbmc4k_TGGCTGGAGTCCGTAT-1,PBMC4k,Donor 2,Activated/transitional T cells,Non-cytotoxic T cells,True
pbmc4k_TGGCTGGCAATTGCTG-1,PBMC4k,Donor 2,Classical monocytes,Classical monocytes,True
pbmc4k_TGGCTGGCACTATCTT-1,PBMC4k,Donor 2,B cells,B cells,True
pbmc4k_TGGCTGGCAGTATAAG-1,PBMC4k,Donor 2,IL7R+ memory/helper T cells,Non-cytotoxic T cells,True
pbmc4k_TGGCTGGCATGTCGAT-1,PBMC4k,Donor 2,Activated/transitional T cells,Non-cytotoxic T cells,True
pbmc4k_TGGCTGGGTACCATCA-1,PBMC4k,Donor 2,Cytotoxic CD8 T cells,Cytotoxic T cells,True
pbmc4k_TGGCTGGGTGGTCCGT-1,PBMC4k,Donor 2,Activated/transitional T cells,Non-cytotoxic T cells,True
pbmc4k_TGGCTGGGTTACGACT-1,PBMC4k,Donor 2,Classical monocytes,Classical monocytes,True
pbmc4k_TGGCTGGTCATTATCC-1,PBMC4k,Donor 2,IL7R+ memory/helper T cells,Non-cytotoxic T cells,True
pbmc4k_TGGGAAGAGTGGTCCC-1,PBMC4k,Donor 2,Classical monocytes,Classical monocytes,True
pbmc4k_TGGGAAGCAAGAAGAG-1,PBMC4k,Donor 2,Naive/resting T cells,Non-cytotoxic T cells,True
pbmc4k_TGGGAAGCACAGAGGT-1,PBMC4k,Donor 2,NK cells,NK cells,True
pbmc4k_TGGGAAGCATATACCG-1,PBMC4k,Donor 2,IL7R+ memory/helper T cells,Non-cytotoxic T cells,True
pbmc4k_TGGGAAGGTCTAGGTT-1,PBMC4k,Donor 2,Classical monocytes,Classical monocytes,True
pbmc4k_TGGGAAGTCAACACAC-1,PBMC4k,Donor 2,Cytotoxic CD8 T cells,Cytotoxic T cells,True
pbmc4k_TGGGAAGTCATCGCTC-1,PBMC4k,Donor 2,IL7R+ memory/helper T cells,Non-cytotoxic T cells,True
pbmc4k_TGGGAAGTCGATAGAA-1,PBMC4k,Donor 2,IL7R+ memory/helper T cells,Non-cytotoxic T cells,True
pbmc4k_TGGGAAGTCTTCGAGA-1,PBMC4k,Donor 2,Classical monocytes,Classical monocytes,True
pbmc4k_TGGGCGTAGACTTGAA-1,PBMC4k,Donor 2,Activated/transitional T cells,Non-cytotoxic T cells,True
pbmc4k_TGGGCGTAGCTATGCT-1,PBMC4k,Donor 2,Classical monocytes,Classical monocytes,True
pbmc4k_TGGGCGTCAAGTTAAG-1,PBMC4k,Donor 2,Naive/resting T cells,Non-cytotoxic T cells,True
pbmc4k_TGGGCGTCATTGCGGC-1,PBMC4k,Donor 2,Activated/transitional T cells,Non-cytotoxic T cells,True
pbmc4k_TGGGCGTGTGACAAAT-1,PBMC4k,Donor 2,Activated/transitional T cells,Non-cytotoxic T cells,True
pbmc4k_TGGGCGTTCCTCAACC-1,PBMC4k,Donor 2,IL7R+ memory/helper T cells,Non-cytotoxic T cells,True
pbmc4k_TGGGCGTTCTCCGGTT-1,PBMC4k,Donor 2,Classical monocytes,Classical monocytes,True
pbmc4k_TGGGCGTTCTTCAACT-1,PBMC4k,Donor 2,Classical monocytes,Classical monocytes,True
pbmc4k_TGGTTAGAGCTGCCCA-1,PBMC4k,Donor 2,Naive/resting T cells,Non-cytotoxic T cells,True
pbmc4k_TGGTTAGCAAGCCGCT-1,PBMC4k,Donor 2,Activated/transitional T cells,Non-cytotoxic T cells,True
pbmc4k_TGGTTAGCACATGGGA-1,PBMC4k,Donor 2,Cytotoxic CD8 T cells,Cytotoxic T cells,True
pbmc4k_TGGTTAGCAGCCTTGG-1,PBMC4k,Donor 2,Naive/resting T cells,Non-cytotoxic T cells,True
pbmc4k_TGGTTAGGTTACTGAC-1,PBMC4k,Donor 2,IL7R+ memory/helper T cells,Non-cytotoxic T cells,True
pbmc4k_TGGTTAGGTTCTGTTT-1,PBMC4k,Donor 2,Classical monocytes,Classical monocytes,True
pbmc4k_TGGTTAGTCCCTTGTG-1,PBMC4k,Donor 2,Activated/transitional T cells,Non-cytotoxic T cells,True
pbmc4k_TGGTTAGTCTATCCTA-1,PBMC4k,Donor 2,Activated/transitional T cells,Non-cytotoxic T cells,True
pbmc4k_TGGTTCCGTCCATGAT-1,PBMC4k,Donor 2,Classical monocytes,Classical monocytes,True
pbmc4k_TGGTTCCGTCCTCTTG-1,PBMC4k,Donor 2,Activated/transitional T cells,Non-cytotoxic T cells,True
pbmc4k_TGGTTCCGTCGGATCC-1,PBMC4k,Donor 2,Naive/resting T cells,Non-cytotoxic T cells,True
pbmc4k_TGGTTCCGTGCCTTGG-1,PBMC4k,Donor 2,Activated/transitional T cells,Non-cytotoxic T cells,True
pbmc4k_TGGTTCCGTTATCGGT-1,PBMC4k,Donor 2,NK cells,NK cells,True
pbmc4k_TGGTTCCGTTCCATGA-1,PBMC4k,Donor 2,Classical monocytes,Classical monocytes,True
pbmc4k_TGGTTCCTCCAGAGGA-1,PBMC4k,Donor 2,Activated/transitional T cells,Non-cytotoxic T cells,True
pbmc4k_TGTATTCAGGCCCTCA-1,PBMC4k,Donor 2,Classical monocytes,Classical monocytes,True
pbmc4k_TGTATTCCACAGAGGT-1,PBMC4k,Donor 2,B cells,B cells,True
pbmc4k_TGTATTCCACTCGACG-1,PBMC4k,Donor 2,CD16+ non-classical monocytes,CD16+ non-classical monocytes,True
pbmc4k_TGTATTCCAGTTAACC-1,PBMC4k,Donor 2,Classical monocytes,Classical monocytes,True
pbmc4k_TGTATTCTCGGAGCAA-1,PBMC4k,Donor 2,IL7R+ memory/helper T cells,Non-cytotoxic T cells,True
pbmc4k_TGTCCCAAGAAGGTGA-1,PBMC4k,Donor 2,IL7R+ memory/helper T cells,Non-cytotoxic T cells,True
pbmc4k_TGTCCCAAGCGTAGTG-1,PBMC4k,Donor 2,B cells,B cells,True
pbmc4k_TGTCCCACAATGTAAG-1,PBMC4k,Donor 2,Activated/transitional T cells,Non-cytotoxic T cells,True
pbmc4k_TGTCCCACACTAAGTC-1,PBMC4k,Donor 2,Cytotoxic CD8 T cells,Cytotoxic T cells,True
pbmc4k_TGTCCCACATGGTCTA-1,PBMC4k,Donor 2,Classical monocytes,Classical monocytes,True
pbmc4k_TGTCCCAGTCGCTTTC-1,PBMC4k,Donor 2,B cells,B cells,True
pbmc4k_TGTCCCAGTTCCACTC-1,PBMC4k,Donor 2,Activated/transitional T cells,Non-cytotoxic T cells,True
pbmc4k_TGTGGTAAGGTGCTAG-1,PBMC4k,Donor 2,Cytotoxic CD8 T cells,Cytotoxic T cells,True
pbmc4k_TGTGGTACACAAGCCC-1,PBMC4k,Donor 2,IL7R+ memory/helper T cells,Non-cytotoxic T cells,True
pbmc4k_TGTGGTACAGTCCTTC-1,PBMC4k,Donor 2,Classical monocytes,Classical monocytes,True
pbmc4k_TGTGGTACAGTTAACC-1,PBMC4k,Donor 2,Cytotoxic CD8 T cells,Cytotoxic T cells,True
pbmc4k_TGTGGTAGTACCGCTG-1,PBMC4k,Donor 2,B cells,B cells,True
pbmc4k_TGTGGTAGTACCTACA-1,PBMC4k,Donor 2,Activated/transitional T cells,Non-cytotoxic T cells,True
pbmc4k_TGTGGTAGTATTCGTG-1,PBMC4k,Donor 2,CD16+ non-classical monocytes,CD16+ non-classical monocytes,True
pbmc4k_TGTGGTAGTCAGGACA-1,PBMC4k,Donor 2,Activated/transitional T cells,Non-cytotoxic T cells,True
pbmc4k_TGTGGTAGTCTAAAGA-1,PBMC4k,Donor 2,B cells,B cells,True
pbmc4k_TGTGGTATCACGGTTA-1,PBMC4k,Donor 2,Classical monocytes,Classical monocytes,True
pbmc4k_TGTGGTATCTAAGCCA-1,PBMC4k,Donor 2,IL7R+ memory/helper T cells,Non-cytotoxic T cells,True
pbmc4k_TGTGTTTCACACAGAG-1,PBMC4k,Donor 2,Classical monocytes,Classical monocytes,True
pbmc4k_TGTGTTTCACCATGTA-1,PBMC4k,Donor 2,Classical monocytes,Classical monocytes,True
pbmc4k_TGTGTTTCACGGTGTC-1,PBMC4k,Donor 2,Classical monocytes,Classical monocytes,True
pbmc4k_TGTGTTTGTACCGTTA-1,PBMC4k,Donor 2,IL7R+ memory/helper T cells,Non-cytotoxic T cells,True
pbmc4k_TGTGTTTTCCGCGGTA-1,PBMC4k,Donor 2,IL7R+ memory/helper T cells,Non-cytotoxic T cells,True
pbmc4k_TGTGTTTTCGCCTGTT-1,PBMC4k,Donor 2,Classical monocytes,Classical monocytes,True
pbmc4k_TGTGTTTTCTGCAGTA-1,PBMC4k,Donor 2,IL7R+ memory/helper T cells,Non-cytotoxic T cells,True
pbmc4k_TGTTCCGAGAAGGTGA-1,PBMC4k,Donor 2,Activated/transitional T cells,Non-cytotoxic T cells,True
pbmc4k_TGTTCCGAGAGGTTAT-1,PBMC4k,Donor 2,NK cells,NK cells,True
pbmc4k_TGTTCCGAGGGTTCCC-1,PBMC4k,Donor 2,NK cells,NK cells,True
pbmc4k_TGTTCCGCACGTCAGC-1,PBMC4k,Donor 2,B cells,B cells,True
pbmc4k_TGTTCCGCAGTAAGAT-1,PBMC4k,Donor 2,B cells,B cells,True
pbmc4k_TGTTCCGGTCTTTCAT-1,PBMC4k,Donor 2,Cytotoxic CD8 T cells,Cytotoxic T cells,True
pbmc4k_TGTTCCGTCCCTTGTG-1,PBMC4k,Donor 2,Activated/transitional T cells,Non-cytotoxic T cells,True
pbmc4k_TTAACTCAGAAGCCCA-1,PBMC4k,Donor 2,IL7R+ memory/helper T cells,Non-cytotoxic T cells,True
pbmc4k_TTAACTCAGCTGTCTA-1,PBMC4k,Donor 2,NK cells,NK cells,True
pbmc4k_TTAACTCCAACACCTA-1,PBMC4k,Donor 2,IL7R+ memory/helper T cells,Non-cytotoxic T cells,True
pbmc4k_TTAACTCCAATGGAGC-1,PBMC4k,Donor 2,B cells,B cells,True
pbmc4k_TTAACTCCACTTACGA-1,PBMC4k,Donor 2,Classical monocytes,Classical monocytes,True
pbmc4k_TTAACTCCAGCTGTAT-1,PBMC4k,Donor 2,Classical monocytes,Classical monocytes,True
pbmc4k_TTAACTCGTATGAATG-1,PBMC4k,Donor 2,Classical monocytes,Classical monocytes,True
pbmc4k_TTAACTCGTCTGATTG-1,PBMC4k,Donor 2,Cytotoxic CD8 T cells,Cytotoxic T cells,True
pbmc4k_TTAACTCGTGACTCAT-1,PBMC4k,Donor 2,CD16+ non-classical monocytes,CD16+ non-classical monocytes,True
pbmc4k_TTAACTCGTGGTGTAG-1,PBMC4k,Donor 2,Cytotoxic CD8 T cells,Cytotoxic T cells,True
pbmc4k_TTAACTCTCACCGTAA-1,PBMC4k,Donor 2,B cells,B cells,True
pbmc4k_TTAACTCTCAGCTTAG-1,PBMC4k,Donor 2,Classical monocytes,Classical monocytes,True
pbmc4k_TTAACTCTCGGAGGTA-1,PBMC4k,Donor 2,Activated/transitional T cells,Non-cytotoxic T cells,True
pbmc4k_TTAGGACAGCGTAATA-1,PBMC4k,Donor 2,B cells,B cells,True
pbmc4k_TTAGGACAGTGTGGCA-1,PBMC4k,Donor 2,Classical monocytes,Classical monocytes,True
pbmc4k_TTAGGACTCAGCACAT-1,PBMC4k,Donor 2,Activated/transitional T cells,Non-cytotoxic T cells,True
pbmc4k_TTAGGACTCGTGACAT-1,PBMC4k,Donor 2,Naive/resting T cells,Non-cytotoxic T cells,True
pbmc4k_TTAGGACTCTAACGGT-1,PBMC4k,Donor 2,NK cells,NK cells,True
pbmc4k_TTAGGCAAGGGAACGG-1,PBMC4k,Donor 2,Activated/transitional T cells,Non-cytotoxic T cells,True
pbmc4k_TTAGGCAAGTTGCAGG-1,PBMC4k,Donor 2,Classical monocytes,Classical monocytes,True
pbmc4k_TTAGGCACAACGATGG-1,PBMC4k,Donor 2,CD16+ non-classical monocytes,CD16+ non-classical monocytes,True
pbmc4k_TTAGGCACAATCGGTT-1,PBMC4k,Donor 2,Activated/transitional T cells,Non-cytotoxic T cells,True
pbmc4k_TTAGGCACATGGGAAC-1,PBMC4k,Donor 2,Cytotoxic CD8 T cells,Cytotoxic T cells,True
pbmc4k_TTAGGCACATGTAGTC-1,PBMC4k,Donor 2,Classical monocytes,Classical monocytes,True
pbmc4k_TTAGGCAGTCTTCTCG-1,PBMC4k,Donor 2,IL7R+ memory/helper T cells,Non-cytotoxic T cells,True
pbmc4k_TTAGGCAGTGTGAAAT-1,PBMC4k,Donor 2,Naive/resting T cells,Non-cytotoxic T cells,True
pbmc4k_TTAGGCAGTGTTGGGA-1,PBMC4k,Donor 2,Cytotoxic CD8 T cells,Cytotoxic T cells,True
pbmc4k_TTAGGCATCAGCGACC-1,PBMC4k,Donor 2,Activated/transitional T cells,Non-cytotoxic T cells,True
pbmc4k_TTAGGCATCCCATTTA-1,PBMC4k,Donor 2,Activated/transitional T cells,Non-cytotoxic T cells,True
pbmc4k_TTAGTTCAGACTCGGA-1,PBMC4k,Donor 2,Cytotoxic CD8 T cells,Cytotoxic T cells,True
pbmc4k_TTAGTTCCAAACCCAT-1,PBMC4k,Donor 2,B cells,B cells,True
pbmc4k_TTAGTTCCACGTCTCT-1,PBMC4k,Donor 2,Activated/transitional T cells,Non-cytotoxic T cells,True
pbmc4k_TTAGTTCCATCTGGTA-1,PBMC4k,Donor 2,Cytotoxic CD8 T cells,Cytotoxic T cells,True
pbmc4k_TTAGTTCCATGGTAGG-1,PBMC4k,Donor 2,IL7R+ memory/helper T cells,Non-cytotoxic T cells,True
pbmc4k_TTAGTTCCATGTAAGA-1,PBMC4k,Donor 2,B cells,B cells,True
pbmc4k_TTAGTTCGTACACCGC-1,PBMC4k,Donor 2,IL7R+ memory/helper T cells,Non-cytotoxic T cells,True
pbmc4k_TTAGTTCGTAGCGTCC-1,PBMC4k,Donor 2,IL7R+ memory/helper T cells,Non-cytotoxic T cells,True
pbmc4k_TTAGTTCGTCACTTCC-1,PBMC4k,Donor 2,B cells,B cells,True
pbmc4k_TTAGTTCGTTCCATGA-1,PBMC4k,Donor 2,Classical monocytes,Classical monocytes,True
pbmc4k_TTAGTTCTCAAGAAGT-1,PBMC4k,Donor 2,B cells,B cells,True
pbmc4k_TTAGTTCTCCCTAACC-1,PBMC4k,Donor 2,B cells,B cells,True
pbmc4k_TTAGTTCTCGCGATCG-1,PBMC4k,Donor 2,Cytotoxic CD8 T cells,Cytotoxic T cells,True
pbmc4k_TTATGCTAGAGATGAG-1,PBMC4k,Donor 2,Classical monocytes,Classical monocytes,True
pbmc4k_TTATGCTAGCAACGGT-1,PBMC4k,Donor 2,Classical monocytes,Classical monocytes,True
pbmc4k_TTATGCTAGGGAGTAA-1,PBMC4k,Donor 2,Classical monocytes,Classical monocytes,True
pbmc4k_TTATGCTAGGTGCAAC-1,PBMC4k,Donor 2,Activated/transitional T cells,Non-cytotoxic T cells,True
pbmc4k_TTATGCTAGTAGTGCG-1,PBMC4k,Donor 2,Classical monocytes,Classical monocytes,True
pbmc4k_TTATGCTCATCACAAC-1,PBMC4k,Donor 2,B cells,B cells,True
pbmc4k_TTATGCTCATTTCAGG-1,PBMC4k,Donor 2,Cytotoxic CD8 T cells,Cytotoxic T cells,True
pbmc4k_TTATGCTGTCTAGGTT-1,PBMC4k,Donor 2,Cytotoxic CD8 T cells,Cytotoxic T cells,True
pbmc4k_TTCCCAGAGAAGGTTT-1,PBMC4k,Donor 2,Naive/resting T cells,Non-cytotoxic T cells,True
pbmc4k_TTCCCAGAGAGTCTGG-1,PBMC4k,Donor 2,Activated/transitional T cells,Non-cytotoxic T cells,True
pbmc4k_TTCCCAGAGCCAGAAC-1,PBMC4k,Donor 2,Activated/transitional T cells,Non-cytotoxic T cells,True
pbmc4k_TTCCCAGCAAAGTGCG-1,PBMC4k,Donor 2,IL7R+ memory/helper T cells,Non-cytotoxic T cells,True
pbmc4k_TTCCCAGCAATAGCGG-1,PBMC4k,Donor 2,Activated/transitional T cells,Non-cytotoxic T cells,True
pbmc4k_TTCCCAGCACCTATCC-1,PBMC4k,Donor 2,NK cells,NK cells,True
pbmc4k_TTCCCAGGTCTTTCAT-1,PBMC4k,Donor 2,Cytotoxic CD8 T cells,Cytotoxic T cells,True
pbmc4k_TTCCCAGGTTATCGGT-1,PBMC4k,Donor 2,Cytotoxic CD8 T cells,Cytotoxic T cells,True
pbmc4k_TTCCCAGTCACATGCA-1,PBMC4k,Donor 2,Classical monocytes,Classical monocytes,True
pbmc4k_TTCCCAGTCCTAGTGA-1,PBMC4k,Donor 2,Classical monocytes,Classical monocytes,True
pbmc4k_TTCCCAGTCTATCGCC-1,PBMC4k,Donor 2,Cytotoxic CD8 T cells,Cytotoxic T cells,True
pbmc4k_TTCCCAGTCTTGTACT-1,PBMC4k,Donor 2,Classical monocytes,Classical monocytes,True
pbmc4k_TTCGAAGAGATATGCA-1,PBMC4k,Donor 2,Activated/transitional T cells,Non-cytotoxic T cells,True
pbmc4k_TTCGAAGAGGGTCTCC-1,PBMC4k,Donor 2,Activated/transitional T cells,Non-cytotoxic T cells,True
pbmc4k_TTCGAAGCACAAGTAA-1,PBMC4k,Donor 2,Classical monocytes,Classical monocytes,True
pbmc4k_TTCGAAGCAGGGCATA-1,PBMC4k,Donor 2,Classical monocytes,Classical monocytes,True
pbmc4k_TTCGAAGGTACAAGTA-1,PBMC4k,Donor 2,B cells,B cells,True
pbmc4k_TTCGAAGGTATTACCG-1,PBMC4k,Donor 2,Activated/transitional T cells,Non-cytotoxic T cells,True
pbmc4k_TTCGAAGGTGAGGCTA-1,PBMC4k,Donor 2,Cytotoxic CD8 T cells,Cytotoxic T cells,True
pbmc4k_TTCGAAGGTTAAGACA-1,PBMC4k,Donor 2,IL7R+ memory/helper T cells,Non-cytotoxic T cells,True
pbmc4k_TTCGAAGTCTTCATGT-1,PBMC4k,Donor 2,Cytotoxic CD8 T cells,Cytotoxic T cells,True
pbmc4k_TTCGGTCAGAGCAATT-1,PBMC4k,Donor 2,Cytotoxic CD8 T cells,Cytotoxic T cells,True
pbmc4k_TTCGGTCAGCCACTAT-1,PBMC4k,Donor 2,NK cells,NK cells,True
pbmc4k_TTCGGTCAGCGTTCCG-1,PBMC4k,Donor 2,Naive/resting T cells,Non-cytotoxic T cells,True
pbmc4k_TTCGGTCAGTGCAAGC-1,PBMC4k,Donor 2,Activated/transitional T cells,Non-cytotoxic T cells,True
pbmc4k_TTCGGTCAGTGTACTC-1,PBMC4k,Donor 2,Activated/transitional T cells,Non-cytotoxic T cells,True
pbmc4k_TTCGGTCCAGGGAGAG-1,PBMC4k,Donor 2,Classical monocytes,Classical monocytes,True
pbmc4k_TTCGGTCCATTGTGCA-1,PBMC4k,Donor 2,Classical monocytes,Classical monocytes,True
pbmc4k_TTCGGTCGTCGGATCC-1,PBMC4k,Donor 2,IL7R+ memory/helper T cells,Non-cytotoxic T cells,True
pbmc4k_TTCGGTCGTGCATCTA-1,PBMC4k,Donor 2,Classical monocytes,Classical monocytes,True
pbmc4k_TTCGGTCGTTGTCGCG-1,PBMC4k,Donor 2,Classical monocytes,Classical monocytes,True
pbmc4k_TTCGGTCTCCTGCAGG-1,PBMC4k,Donor 2,B cells,B cells,True
pbmc4k_TTCGGTCTCGTACGGC-1,PBMC4k,Donor 2,Cytotoxic CD8 T cells,Cytotoxic T cells,True
pbmc4k_TTCTACAGTCTCATCC-1,PBMC4k,Donor 2,Cytotoxic CD8 T cells,Cytotoxic T cells,True
pbmc4k_TTCTACAGTGACTCAT-1,PBMC4k,Donor 2,IL7R+ memory/helper T cells,Non-cytotoxic T cells,True
pbmc4k_TTCTACATCACCAGGC-1,PBMC4k,Donor 2,B cells,B cells,True
pbmc4k_TTCTACATCATTGCCC-1,PBMC4k,Donor 2,Cytotoxic CD8 T cells,Cytotoxic T cells,True
pbmc4k_TTCTACATCGCCTGTT-1,PBMC4k,Donor 2,NK cells,NK cells,True
pbmc4k_TTCTCAAAGCCAGTTT-1,PBMC4k,Donor 2,IL7R+ memory/helper T cells,Non-cytotoxic T cells,True
pbmc4k_TTCTCAAAGCTCCTCT-1,PBMC4k,Donor 2,CD16+ non-classical monocytes,CD16+ non-classical monocytes,True
pbmc4k_TTCTCAAAGTTGTCGT-1,PBMC4k,Donor 2,Activated/transitional T cells,Non-cytotoxic T cells,True
pbmc4k_TTCTCAACAGACAAAT-1,PBMC4k,Donor 2,B cells,B cells,True
pbmc4k_TTCTCAACAGGACCCT-1,PBMC4k,Donor 2,Activated/transitional T cells,Non-cytotoxic T cells,True
pbmc4k_TTCTCAACATTGTGCA-1,PBMC4k,Donor 2,Cytotoxic CD8 T cells,Cytotoxic T cells,True
pbmc4k_TTCTCAAGTCTAGCGC-1,PBMC4k,Donor 2,Classical monocytes,Classical monocytes,True
pbmc4k_TTCTCAAGTGGCTCCA-1,PBMC4k,Donor 2,Cytotoxic CD8 T cells,Cytotoxic T cells,True
pbmc4k_TTCTCAAGTTATCACG-1,PBMC4k,Donor 2,Cytotoxic CD8 T cells,Cytotoxic T cells,True
pbmc4k_TTCTCAATCGCATGGC-1,PBMC4k,Donor 2,Naive/resting T cells,Non-cytotoxic T cells,True
pbmc4k_TTCTCCTAGACGCAAC-1,PBMC4k,Donor 2,Classical monocytes,Classical monocytes,True
pbmc4k_TTCTCCTAGCACCGCT-1,PBMC4k,Donor 2,B cells,B cells,True
pbmc4k_TTCTCCTAGCTAACTC-1,PBMC4k,Donor 2,Classical monocytes,Classical monocytes,True
pbmc4k_TTCTCCTAGTGATCGG-1,PBMC4k,Donor 2,Classical monocytes,Classical monocytes,True
pbmc4k_TTCTCCTCACAGATTC-1,PBMC4k,Donor 2,Classical monocytes,Classical monocytes,True
pbmc4k_TTCTCCTCACGTGAGA-1,PBMC4k,Donor 2,Classical monocytes,Classical monocytes,True
pbmc4k_TTCTCCTGTACAGCAG-1,PBMC4k,Donor 2,B cells,B cells,True
pbmc4k_TTCTCCTTCCGAATGT-1,PBMC4k,Donor 2,Activated/transitional T cells,Non-cytotoxic T cells,True
pbmc4k_TTCTCCTTCCGCGGTA-1,PBMC4k,Donor 2,Activated/transitional T cells,Non-cytotoxic T cells,True
pbmc4k_TTCTTAGAGACGCAAC-1,PBMC4k,Donor 2,Classical monocytes,Classical monocytes,True
pbmc4k_TTCTTAGAGATCTGAA-1,PBMC4k,Donor 2,Naive/resting T cells,Non-cytotoxic T cells,True
pbmc4k_TTCTTAGAGGAGTTGC-1,PBMC4k,Donor 2,Cytotoxic CD8 T cells,Cytotoxic T cells,True
pbmc4k_TTCTTAGAGGCTCAGA-1,PBMC4k,Donor 2,Cytotoxic CD8 T cells,Cytotoxic T cells,True
pbmc4k_TTCTTAGCACATGTGT-1,PBMC4k,Donor 2,Classical monocytes,Classical monocytes,True
pbmc4k_TTCTTAGCAGAAGCAC-1,PBMC4k,Donor 2,Cytotoxic CD8 T cells,Cytotoxic T cells,True
pbmc4k_TTCTTAGCAGCTGCTG-1,PBMC4k,Donor 2,Classical monocytes,Classical monocytes,True
pbmc4k_TTCTTAGGTCAAAGCG-1,PBMC4k,Donor 2,Classical monocytes,Classical monocytes,True
pbmc4k_TTCTTAGGTTCACCTC-1,PBMC4k,Donor 2,Classical monocytes,Classical monocytes,True
pbmc4k_TTCTTAGTCACGCGGT-1,PBMC4k,Donor 2,Naive/resting T cells,Non-cytotoxic T cells,True
pbmc4k_TTCTTAGTCCCAAGAT-1,PBMC4k,Donor 2,Classical monocytes,Classical monocytes,True
pbmc4k_TTCTTAGTCCCATTTA-1,PBMC4k,Donor 2,B cells,B cells,True
pbmc4k_TTCTTAGTCGTAGGTT-1,PBMC4k,Donor 2,Naive/resting T cells,Non-cytotoxic T cells,True
pbmc4k_TTGAACGAGTCAAGGC-1,PBMC4k,Donor 2,IL7R+ memory/helper T cells,Non-cytotoxic T cells,True
pbmc4k_TTGAACGCAACTGGCC-1,PBMC4k,Donor 2,Activated/transitional T cells,Non-cytotoxic T cells,True
pbmc4k_TTGAACGCAGGAACGT-1,PBMC4k,Donor 2,B cells,B cells,True
pbmc4k_TTGAACGCAGTTCCCT-1,PBMC4k,Donor 2,B cells,B cells,True
pbmc4k_TTGAACGCATAACCTG-1,PBMC4k,Donor 2,Classical monocytes,Classical monocytes,True
pbmc4k_TTGAACGGTTCATGGT-1,PBMC4k,Donor 2,Cytotoxic CD8 T cells,Cytotoxic T cells,True
pbmc4k_TTGAACGTCAAGGCTT-1,PBMC4k,Donor 2,B cells,B cells,True
pbmc4k_TTGAACGTCCGTACAA-1,PBMC4k,Donor 2,Activated/transitional T cells,Non-cytotoxic T cells,True
pbmc4k_TTGACTTAGATGGGTC-1,PBMC4k,Donor 2,CD16+ non-classical monocytes,CD16+ non-classical monocytes,True
pbmc4k_TTGACTTAGCCGCCTA-1,PBMC4k,Donor 2,Cytotoxic CD8 T cells,Cytotoxic T cells,True
pbmc4k_TTGACTTAGTTGCAGG-1,PBMC4k,Donor 2,Activated/transitional T cells,Non-cytotoxic T cells,True
pbmc4k_TTGACTTGTAGCGTAG-1,PBMC4k,Donor 2,Activated/transitional T cells,Non-cytotoxic T cells,True
pbmc4k_TTGACTTTCAGGCGAA-1,PBMC4k,Donor 2,NK cells,NK cells,True
pbmc4k_TTGACTTTCATCTGCC-1,PBMC4k,Donor 2,Activated/transitional T cells,Non-cytotoxic T cells,True
pbmc4k_TTGACTTTCGTCCAGG-1,PBMC4k,Donor 2,IL7R+ memory/helper T cells,Non-cytotoxic T cells,True
pbmc4k_TTGACTTTCGTTGCCT-1,PBMC4k,Donor 2,Cytotoxic CD8 T cells,Cytotoxic T cells,True
pbmc4k_TTGCCGTAGTAACCCT-1,PBMC4k,Donor 2,CD16+ non-classical monocytes,CD16+ non-classical monocytes,True
pbmc4k_TTGCCGTCAGATCGGA-1,PBMC4k,Donor 2,Activated/transitional T cells,Non-cytotoxic T cells,True
pbmc4k_TTGCCGTCAGCGTAAG-1,PBMC4k,Donor 2,Activated/transitional T cells,Non-cytotoxic T cells,True
pbmc4k_TTGCCGTTCATCGCTC-1,PBMC4k,Donor 2,B cells,B cells,True
pbmc4k_TTGCCGTTCTGTCAAG-1,PBMC4k,Donor 2,Naive/resting T cells,Non-cytotoxic T cells,True
pbmc4k_TTGCGTCAGACCCACC-1,PBMC4k,Donor 2,Cytotoxic CD8 T cells,Cytotoxic T cells,True
pbmc4k_TTGCGTCAGAGTCGGT-1,PBMC4k,Donor 2,IL7R+ memory/helper T cells,Non-cytotoxic T cells,True
pbmc4k_TTGCGTCAGTCATGCT-1,PBMC4k,Donor 2,B cells,B cells,True
pbmc4k_TTGCGTCCAAGCTGGA-1,PBMC4k,Donor 2,IL7R+ memory/helper T cells,Non-cytotoxic T cells,True
pbmc4k_TTGCGTCCAATAGCGG-1,PBMC4k,Donor 2,B cells,B cells,True
pbmc4k_TTGCGTCCACTTCTGC-1,PBMC4k,Donor 2,Cytotoxic CD8 T cells,Cytotoxic T cells,True
pbmc4k_TTGCGTCCATCCTTGC-1,PBMC4k,Donor 2,Classical monocytes,Classical monocytes,True
pbmc4k_TTGCGTCGTAATTGGA-1,PBMC4k,Donor 2,Cytotoxic CD8 T cells,Cytotoxic T cells,True
pbmc4k_TTGCGTCGTGGTCCGT-1,PBMC4k,Donor 2,NK cells,NK cells,True
pbmc4k_TTGCGTCTCTAACTTC-1,PBMC4k,Donor 2,Classical monocytes,Classical monocytes,True
pbmc4k_TTGCGTCTCTACCTGC-1,PBMC4k,Donor 2,B cells,B cells,True
pbmc4k_TTGCGTCTCTCGCTTG-1,PBMC4k,Donor 2,Activated/transitional T cells,Non-cytotoxic T cells,True
pbmc4k_TTGGAACCACTCTGTC-1,PBMC4k,Donor 2,NK cells,NK cells,True
pbmc4k_TTGGAACGTACCAGTT-1,PBMC4k,Donor 2,Activated/transitional T cells,Non-cytotoxic T cells,True
pbmc4k_TTGGAACGTCTTCGTC-1,PBMC4k,Donor 2,Cytotoxic CD8 T cells,Cytotoxic T cells,True
pbmc4k_TTGGAACTCGCATGAT-1,PBMC4k,Donor 2,Classical monocytes,Classical monocytes,True
pbmc4k_TTGGCAAAGACACTAA-1,PBMC4k,Donor 2,B cells,B cells,True
pbmc4k_TTGGCAAAGCAGGCTA-1,PBMC4k,Donor 2,B cells,B cells,True
pbmc4k_TTGGCAACAATGAAAC-1,PBMC4k,Donor 2,Activated/transitional T cells,Non-cytotoxic T cells,True
pbmc4k_TTGGCAACATACAGCT-1,PBMC4k,Donor 2,B cells,B cells,True
pbmc4k_TTGGCAACATTAGGCT-1,PBMC4k,Donor 2,B cells,B cells,True
pbmc4k_TTGGCAAGTACTCGCG-1,PBMC4k,Donor 2,Classical monocytes,Classical monocytes,True
pbmc4k_TTGGCAATCACCCTCA-1,PBMC4k,Donor 2,IL7R+ memory/helper T cells,Non-cytotoxic T cells,True
pbmc4k_TTGGCAATCACTCTTA-1,PBMC4k,Donor 2,Activated/transitional T cells,Non-cytotoxic T cells,True
pbmc4k_TTGGCAATCCACGCAG-1,PBMC4k,Donor 2,B cells,B cells,True
pbmc4k_TTGGCAATCTCCGGTT-1,PBMC4k,Donor 2,Naive/resting T cells,Non-cytotoxic T cells,True
pbmc4k_TTGTAGGAGGATGCGT-1,PBMC4k,Donor 2,Cytotoxic CD8 T cells,Cytotoxic T cells,True
pbmc4k_TTGTAGGAGTACGCGA-1,PBMC4k,Donor 2,Classical monocytes,Classical monocytes,True
pbmc4k_TTGTAGGCAAGCTGTT-1,PBMC4k,Donor 2,Activated/transitional T cells,Non-cytotoxic T cells,True
pbmc4k_TTGTAGGGTATAGGTA-1,PBMC4k,Donor 2,Classical monocytes,Classical monocytes,True
pbmc4k_TTGTAGGGTTGAACTC-1,PBMC4k,Donor 2,Cytotoxic CD8 T cells,Cytotoxic T cells,True
pbmc4k_TTTACTGAGCGTAATA-1,PBMC4k,Donor 2,Classical monocytes,Classical monocytes,True
pbmc4k_TTTACTGAGTACGTTC-1,PBMC4k,Donor 2,B cells,B cells,True
pbmc4k_TTTACTGCAAACCCAT-1,PBMC4k,Donor 2,Cytotoxic CD8 T cells,Cytotoxic T cells,True
pbmc4k_TTTACTGCAGTTAACC-1,PBMC4k,Donor 2,Activated/transitional T cells,Non-cytotoxic T cells,True
pbmc4k_TTTACTGCATCAGTAC-1,PBMC4k,Donor 2,B cells,B cells,True
pbmc4k_TTTACTGGTAGGAGTC-1,PBMC4k,Donor 2,Classical monocytes,Classical monocytes,True
pbmc4k_TTTACTGGTGGGTCAA-1,PBMC4k,Donor 2,Activated/transitional T cells,Non-cytotoxic T cells,True
pbmc4k_TTTACTGGTGTTAAGA-1,PBMC4k,Donor 2,Classical monocytes,Classical monocytes,True
pbmc4k_TTTACTGGTTATCGGT-1,PBMC4k,Donor 2,B cells,B cells,True
pbmc4k_TTTATGCAGATAGCAT-1,PBMC4k,Donor 2,B cells,B cells,True
pbmc4k_TTTATGCAGCAGACTG-1,PBMC4k,Donor 2,Cytotoxic CD8 T cells,Cytotoxic T cells,True
pbmc4k_TTTATGCAGCCACGCT-1,PBMC4k,Donor 2,Classical monocytes,Classical monocytes,True
pbmc4k_TTTATGCAGCCAGTTT-1,PBMC4k,Donor 2,Cytotoxic CD8 T cells,Cytotoxic T cells,True
pbmc4k_TTTATGCAGGATATAC-1,PBMC4k,Donor 2,Activated/transitional T cells,Non-cytotoxic T cells,True
pbmc4k_TTTATGCAGGCCCTTG-1,PBMC4k,Donor 2,CD16+ non-classical monocytes,CD16+ non-classical monocytes,True
pbmc4k_TTTATGCCACCAGGTC-1,PBMC4k,Donor 2,Cytotoxic CD8 T cells,Cytotoxic T cells,True
pbmc4k_TTTATGCGTACTCTCC-1,PBMC4k,Donor 2,B cells,B cells,True
pbmc4k_TTTATGCGTCTGGAGA-1,PBMC4k,Donor 2,Classical monocytes,Classical monocytes,True
pbmc4k_TTTCCTCAGTGACTCT-1,PBMC4k,Donor 2,Classical monocytes,Classical monocytes,True
pbmc4k_TTTCCTCAGTTAGGTA-1,PBMC4k,Donor 2,Cytotoxic CD8 T cells,Cytotoxic T cells,True
pbmc4k_TTTCCTCCAAATACAG-1,PBMC4k,Donor 2,Classical monocytes,Classical monocytes,True
pbmc4k_TTTCCTCCAATCTACG-1,PBMC4k,Donor 2,IL7R+ memory/helper T cells,Non-cytotoxic T cells,True
pbmc4k_TTTCCTCCATAGGATA-1,PBMC4k,Donor 2,Classical monocytes,Classical monocytes,True
pbmc4k_TTTCCTCGTGGACGAT-1,PBMC4k,Donor 2,Activated/transitional T cells,Non-cytotoxic T cells,True
pbmc4k_TTTCCTCGTTACCGAT-1,PBMC4k,Donor 2,Classical monocytes,Classical monocytes,True
pbmc4k_TTTCCTCTCACAATGC-1,PBMC4k,Donor 2,Activated/transitional T cells,Non-cytotoxic T cells,True
pbmc4k_TTTCCTCTCAGAGACG-1,PBMC4k,Donor 2,Cytotoxic CD8 T cells,Cytotoxic T cells,True
pbmc4k_TTTCCTCTCCGAACGC-1,PBMC4k,Donor 2,NK cells,NK cells,True
pbmc4k_TTTCCTCTCCGCGCAA-1,PBMC4k,Donor 2,Cytotoxic CD8 T cells,Cytotoxic T cells,True
pbmc4k_TTTGCGCAGGACACCA-1,PBMC4k,Donor 2,Classical monocytes,Classical monocytes,True
pbmc4k_TTTGCGCCATGCCTTC-1,PBMC4k,Donor 2,IL7R+ memory/helper T cells,Non-cytotoxic T cells,True
pbmc4k_TTTGCGCCATTTGCTT-1,PBMC4k,Donor 2,Naive/resting T cells,Non-cytotoxic T cells,True
pbmc4k_TTTGCGCGTAATAGCA-1,PBMC4k,Donor 2,Cytotoxic CD8 T cells,Cytotoxic T cells,True
pbmc4k_TTTGCGCTCAATCACG-1,PBMC4k,Donor 2,Activated/transitional T cells,Non-cytotoxic T cells,True
pbmc4k_TTTGCGCTCGATAGAA-1,PBMC4k,Donor 2,Naive/resting T cells,Non-cytotoxic T cells,True
pbmc4k_TTTGCGCTCTCTTGAT-1,PBMC4k,Donor 2,B cells,B cells,True
pbmc4k_TTTGGTTAGGATGGTC-1,PBMC4k,Donor 2,Activated/transitional T cells,Non-cytotoxic T cells,True
pbmc4k_TTTGGTTCACTTAAGC-1,PBMC4k,Donor 2,Classical monocytes,Classical monocytes,True
pbmc4k_TTTGGTTCAGGACGTA-1,PBMC4k,Donor 2,Activated/transitional T cells,Non-cytotoxic T cells,True
pbmc4k_TTTGGTTCATGCCTAA-1,PBMC4k,Donor 2,Cytotoxic CD8 T cells,Cytotoxic T cells,True
pbmc4k_TTTGGTTCATTGGCGC-1,PBMC4k,Donor 2,Cytotoxic CD8 T cells,Cytotoxic T cells,True
pbmc4k_TTTGGTTGTTATCACG-1,PBMC4k,Donor 2,Activated/transitional T cells,Non-cytotoxic T cells,True
pbmc4k_TTTGGTTTCGCTAGCG-1,PBMC4k,Donor 2,Classical monocytes,Classical monocytes,True
pbmc4k_TTTGTCACACTTAACG-1,PBMC4k,Donor 2,Cytotoxic CD8 T cells,Cytotoxic T cells,True
pbmc4k_TTTGTCAGTTAAGACA-1,PBMC4k,Donor 2,B cells,B cells,True
pbmc4k_TTTGTCATCCCAAGAT-1,PBMC4k,Donor 2,Classical monocytes,Classical monocytes,True
