gene,title,journal,year,PMID,DOI,evidence_grade,study_type,summary,evidence_categories,publication_types,mesh_terms
AIF1,Identification of novel therapeutic targets for chronic kidney disease and kidney function by integrating multi-omics proteome with transcriptome.,Genome medicine,2024,38898508,10.1186/s13073-024-01356-x,A,Human single-cell/transcriptomic study,"PubMed abstract evidence: The other 15 proteins were also candidate targets (GATM, AIF1L, DQA2, PFKFB2, NFATC1, activin AC, Apo A-IV, MFAP4, DJC10, C2CD2L, TCEA2, HLA-E, PLD3, AIF1, and GMPR1).",Association; Biomarker; Experimental evidence,"Journal Article; Research Support, Non-U.S. Gov't","Humans; Renal Insufficiency, Chronic; Proteome; Transcriptome; Biomarkers; Kidney; Proteomics; Quantitative Trait Loci; Genome-Wide Association Study; Molecular Targeted Therapy; Multiomics"
AIF1,Characterizing the immune landscape of tumor-infiltrating lymphocytes in non-small cell lung cancer.,Genes and immunity,2025,40325180,10.1038/s41435-025-00330-w,A,Human single-cell/transcriptomic study,"PubMed abstract evidence: During the transitional phase, macrophages (FTL) and dendritic (AIF1) cells transported the most CD3 TCR clones to T cells, while cytotoxicity CD8+ T (NKG7) cells transported to terminal exhausted CD8+ T cells.",Association; Mechanism; Biomarker; Experimental evidence,Journal Article,"Humans; Lung Neoplasms; Carcinoma, Non-Small-Cell Lung; Lymphocytes, Tumor-Infiltrating; CD8-Positive T-Lymphocytes"
AIF1,Identification and experimental validation of biomarkers for acute myeloid leukemia based on single-cell RNA sequencing data.,Molecular and cellular probes,2026,41448409,10.1016/j.mcp.2025.102059,A,Human single-cell/transcriptomic study,"PubMed abstract evidence: MR analysis of marker genes showed that ITGB2, AIF1, CA2, CST7, and JCHAIN had a significant causal relationship with AML.",Association; Mechanism; Biomarker; Experimental evidence,"Journal Article; Research Support, Non-U.S. Gov't","Humans; Leukemia, Myeloid, Acute; Single-Cell Analysis; Biomarkers, Tumor; Sequence Analysis, RNA; Cell Line, Tumor; Cell Proliferation; Apoptosis; Gene Regulatory Networks"
AQP3,The Water Transport System in Astrocytes-Aquaporins.,Cells,2022,36010640,10.3390/cells11162564,B,Review,"PubMed abstract evidence: Various subtypes of AQPs (AQP1, AQP3, AQP4, AQP5, AQP8 and AQP9) have been reported to be expressed in astrocytes, and the expressions and subcellular localizations of AQPs in astrocytes are highly correlated with both their physiological and pathophysiological functions.",Review; Mechanism; Biomarker,"Journal Article; Review; Research Support, Non-U.S. Gov't",Aquaporins; Astrocytes; Biological Transport; Blood-Brain Barrier; Water
AQP3,AQP3 and AQP9-Contrary Players in Sepsis?,International journal of molecular sciences,2024,38279209,10.3390/ijms25021209,B,Human study,"PubMed abstract evidence: In immune cells, AQP3 and AQP9 are of special interest.",Association; Biomarker; Experimental evidence,Journal Article,Humans; Aquaporin 3; Aquaporins; Sepsis
AQP3,SCFFBXW5-mediated degradation of AQP3 suppresses autophagic cell death through the PDPK1-AKT-MTOR axis in hepatocellular carcinoma cells.,Autophagy,2024,38726865,10.1080/15548627.2024.2353497,B,Human and laboratory/animal study,"PubMed abstract evidence: AQP3 (aquaporin 3 (Gill blood group)), a member of the AQP family, is an aquaglyceroporin which transports water, glycerol and small solutes across the plasma membrane.",Association; Mechanism; Biomarker; Experimental evidence,"Journal Article; Research Support, Non-U.S. Gov't","Humans; Carcinoma, Hepatocellular; Liver Neoplasms; Autophagy; TOR Serine-Threonine Kinases; Proto-Oncogene Proteins c-akt; 3-Phosphoinositide-Dependent Protein Kinases; Aquaporin 3; Signal Transduction; F-Box Proteins; Cell Line, Tumor; Ubiquitination; Proteolysis; Lysosomes; Animals"
C6orf48,"Single-nucleotide polymorphisms associated with symptomatic infection and differential human gene expression in healthy seropositive persons each implicate the cytoskeleton, integrin signaling, and oncosuppression in the pathogenesis of human parvovirus B19 infection.",The Journal of infectious diseases,2005,15962222,10.1086/430950,A,Human study,"PubMed abstract evidence: Differential expression was confirmed in 6 of 38 genes (SKIP, MACF1, SPAG7, FLOT1, c6orf48, and RASSF5) tested using real-time quantitative polymerase chain reaction in a different group of healthy subjects.",Association; Biomarker; Experimental evidence,"Journal Article; Research Support, Non-U.S. Gov't","Adolescent; Adult; Child; Child, Preschool; Cytoskeleton; Female; Gene Expression Regulation, Viral; Genetic Predisposition to Disease; Humans; Infant; Integrins; Male; Middle Aged; Parvoviridae Infections; Parvovirus; Polymorphism, Single Nucleotide; Reference Values; Signal Transduction"
C6orf48,Association of GAL-8 promoter methylation levels with coronary plaque inflammation.,International journal of cardiology,2024,38246423,10.1016/j.ijcard.2024.131782,A,Human study,"PubMed abstract evidence: Among the differentially hypomethylated genes were GAL-8, LTF, and RFPL3, while the highly methylated genes were TMEM9B, ANK3, and C6orF48.",Association; Mechanism; Biomarker; Experimental evidence,Journal Article,"Humans; Carrier Proteins; Coronary Disease; DNA Methylation; Inflammation; Leukocytes, Mononuclear; Promoter Regions, Genetic; Galectins"
C6orf48,Advancing leprosy risk prediction through identification of a whole blood host transcriptomic biomarker signature including non-coding genes.,Scientific reports,2025,41455820,10.1038/s41598-025-33878-8,A,Human study,"PubMed abstract evidence: Furthermore, the optimal 3-gene signature consisted of two non-coding genes and one coding gene (SNHG5, SNHG8, C6orf48; sensitivity: 88%; specificity: 88%; AUC: 0.96).",Association; Biomarker; Experimental evidence,Journal Article,Humans; Leprosy; Transcriptome; Biomarkers; Male; Female; Gene Expression Profiling; Adult; Middle Aged; Machine Learning
CCL4,Trafficking of natural killer cells.,Current molecular medicine,2004,15354873,10.2174/1566524043360609,B,Review,Review organizes chemokines and receptors involved in NK-cell movement between blood and tissues.,Mechanism; Review,"Journal Article; Research Support, U.S. Gov't, P.H.S.; Review","Animals; Cell Adhesion Molecules; Cytokines; Gene Expression; Humans; Killer Cells, Natural; Mice; Receptors, Chemokine; Sensitivity and Specificity; Up-Regulation"
CCL4,Natural Killer (NK) Cell Education Differentially Influences HIV Antibody-Dependent NK Cell Activation and Antibody-Dependent Cellular Cytotoxicity.,Frontiers in immunology,2017,28883824,10.3389/fimmu.2017.01033,B,Human study,"Human study reports that NK-cell education influences antibody-dependent activation, cytotoxicity, and chemokine responses during HIV-related experiments.",Association; Experimental evidence,Journal Article; Review,
CCL4,HIV/HBV coinfection remodels the immune landscape and natural killer cell ADCC functional responses.,"Hepatology (Baltimore, Md.)",2024,38687604,10.1097/HEP.0000000000000877,B,Human study,"Human HIV/HBV coinfection study reports altered NK-cell functional responses, including chemokine-associated measurements.",Association; Biomarker,"Journal Article; Research Support, N.I.H., Extramural; Research Support, Non-U.S. Gov't","Humans; HIV Infections; Killer Cells, Natural; Coinfection; Antibody-Dependent Cell Cytotoxicity; Male; Female; Adult; Hepatitis B; Middle Aged; Hepatitis B, Chronic"
CCL5,CCL5/CCR5 axis in human diseases and related treatments.,Genes & diseases,2022,34514075,10.1016/j.gendis.2021.08.004,B,Review,"PubMed abstract evidence: CCL5/CCR5 combination is known for facilitating inflammatory responses, as well as inducing the adhesion and migration of different T cell subsets in immune responses.",Review; Mechanism,Journal Article; Review,
CCL5,A new integrative analysis of histopathology and single cell RNA-seq reveals the CCL5 mediated T and NK cell interaction with vascular cells in idiopathic pulmonary arterial hypertension.,Journal of translational medicine,2024,38797830,10.1186/s12967-024-05304-6,B,Human single-cell/transcriptomic study,"PubMed abstract evidence: RESULTS: Through an extensive bioinformatics analysis, CXCL9, CCL5, GZMA and GZMK were identified as hub genes that distinguished IPAH patients from controls.",Association; Mechanism; Biomarker; Experimental evidence,"Journal Article; Research Support, Non-U.S. Gov't","Animals; Humans; Chemokine CCL5; Killer Cells, Natural; Familial Primary Pulmonary Hypertension; RNA-Seq; T-Lymphocytes; Single-Cell Analysis; Male; Cell Communication; Rats, Sprague-Dawley; Lung; Rats; Gene Regulatory Networks; Monocrotaline; Protein Interaction Maps; Computational Biology"
CCL5,Astrocyte-derived CCL5-mediated CCR5+ neutrophil infiltration drives depression pathogenesis.,Science advances,2025,40397747,10.1126/sciadv.adt6632,B,Human single-cell/transcriptomic study,"PubMed abstract evidence: Furthermore, by genetic or pharmacologic disruption, we identified a chemotactic effect of the astrocyte-derived chemokine CCL5 on mediating the infiltration of CCR5+ neutrophils and behavioral disorders in male depressed mice.",Association; Mechanism; Biomarker; Experimental evidence,Journal Article,"Animals; Astrocytes; Mice; Depression; Neutrophils; Male; Humans; Chemokine CCL5; Receptors, CCR5; Neutrophil Infiltration; Disease Models, Animal; Hippocampus; Mice, Inbred C57BL"
CCR7,New Insights of CCR7 Signaling in Dendritic Cell Migration and Inflammatory Diseases.,Frontiers in pharmacology,2022,35281921,10.3389/fphar.2022.841687,B,Review,"PubMed abstract evidence: CCR7, collaborated with its ligands CCL19 and CCL21, controls extensive migratory events in the immune system.",Review; Mechanism; Biomarker,Journal Article; Review,
CCR7,Anti-angiogenic therapy combined with immune checkpoint blockade mediates CCR7 + CD8 + T-cell entry into HCC through high endothelial venules.,"Hepatology (Baltimore, Md.)",2026,40513067,10.1097/HEP.0000000000001426,B,Human and laboratory/animal study,PubMed abstract evidence: Multiplex immunohistochemistry and spatial analysis demonstrated that CCR7 + CD8 + T cells were spatially associated with HEVs.,Association; Mechanism; Biomarker; Experimental evidence,Journal Article,"Animals; Liver Neoplasms; Immune Checkpoint Inhibitors; Humans; Angiogenesis Inhibitors; Mice; Receptors, CCR7; Tumor Microenvironment; Carcinoma, Hepatocellular; CD8-Positive T-Lymphocytes; Venules; Male; Cell Line, Tumor"
CCR7,CCL19+ fibroblast-CCR7+ T-cell crosstalk coordinates immunofibrotic signalling networks in systemic sclerosis.,The British journal of dermatology,2026,41321019,10.1093/bjd/ljaf444,B,Human single-cell/transcriptomic study,PubMed abstract evidence: The functional role of the CCL19-CCR7 axis was further validated using a bleomycin-induced SSc mouse model.,Association; Mechanism; Biomarker; Experimental evidence,Journal Article,"Fibroblasts; Scleroderma, Systemic; Receptors, CCR7; Humans; Animals; Chemokine CCL19; Mice; Signal Transduction; Skin; Bleomycin; Disease Models, Animal; Male; Female; Middle Aged; Fibrosis; Vascular Endothelial Growth Factor A; Cell Communication; T-Lymphocytes; Adult; Up-Regulation; Case-Control Studies; Single-Cell Analysis; Cells, Cultured"
CD14,Monocyte Subsets: Phenotypes and Function in Tuberculosis Infection.,Frontiers in immunology,2018,30105020,10.3389/fimmu.2018.01726,B,Review,"PubMed abstract evidence: In humans, three circulating monocyte subsets are classified based on relative expression levels of CD14 and CD16 surface proteins, namely classical, intermediate and non-classical subsets.",Review; Biomarker,"Journal Article; Research Support, Non-U.S. Gov't; Review",Animals; Biomarkers; Cytokines; Host-Pathogen Interactions; Humans; Leukocyte Count; Lymphocyte Count; Lymphocytes; Monocytes; Mycobacterium tuberculosis; Phenotype; Proteome; Research; Transcriptome; Tuberculosis
CD14,Single-cell analysis of human skin identifies CD14+ type 3 dendritic cells co-producing IL1B and IL23A in psoriasis.,The Journal of experimental medicine,2021,34279540,10.1084/jem.20202345,B,Human single-cell/transcriptomic study,"PubMed abstract evidence: Here, we performed index-sorted single-cell flow cytometry and RNA sequencing of lesional and nonlesional AD and PSO skin to identify macrophages and all DC subsets, including the newly described mature LAMP3+BIRC3+ DCs enriched in immunoregulatory molecules (mregDC) and CD14+ DC3.",Association; Mechanism; Biomarker; Experimental evidence,"Journal Article; Research Support, Non-U.S. Gov't","Dermatitis, Atopic; Gene Expression; Gene Regulatory Networks; Humans; Interleukin-15; Interleukin-1beta; Interleukin-23 Subunit p19; Langerhans Cells; Lipopolysaccharide Receptors; Macrophages; Psoriasis; Single-Cell Analysis"
CD14,Integrative analysis reveals the multilateral inflammatory mechanisms of CD14 monocytes in gout.,Annals of the rheumatic diseases,2025,40023733,10.1016/j.ard.2025.01.046,B,Human single-cell/transcriptomic study,"PubMed abstract evidence: OBJECTIVES: Gout, prevalent inflammatory arthritis caused by urate crystal deposition, involves immune cell activation, yet the precise role of CD14 monocytes in initiating the inflammatory response is poorly understood.",Association; Mechanism; Biomarker; Experimental evidence,Journal Article,"Humans; Lipopolysaccharide Receptors; Monocytes; Gout; Male; Female; Middle Aged; Case-Control Studies; Hypoxia-Inducible Factor 1, alpha Subunit; Inflammasomes; Gene Expression Profiling; Single-Cell Analysis; Interleukin-1beta; NLR Family, Pyrin Domain-Containing 3 Protein; Lectins, C-Type; Leukocytes, Mononuclear; Transcriptome; Uric Acid; Inflammation; Adult"
CD2,The CD2-LFA-3 and LFA-1-ICAM pathways: relevance to T-cell recognition.,Immunology today,1989,2482743,10.1016/0167-5699(89)90039-X,E,Review,"PubMed abstract evidence: In this review Malegapuru Makgoba, Martin Sanders and Stephen Shaw focus primarily on the two molecular pathways of lymphocyte adhesion that have been shown to play a critical role in facilitation of antigen-specific recognition, namely CD2 and its ligand, lymphocyte function associated antigen-3 (LFA-3), and LFA-1 and its ligand, intercellular adhesion molecule-1 (ICAM-1).",Review; Mechanism,"Comparative Study; Journal Article; Research Support, Non-U.S. Gov't; Research Support, U.S. Gov't, P.H.S.; Review","Antigens, Differentiation; Antigens, Differentiation, T-Lymphocyte; Antigens, Surface; CD2 Antigens; CD58 Antigens; Cations, Divalent; Cell Adhesion; Cell Adhesion Molecules; Cell Communication; Endothelium, Vascular; Humans; Immunologic Surveillance; Integrins; Intercellular Adhesion Molecule-1; Lymphocyte Activation; Lymphocyte Function-Associated Antigen-1; Membrane Glycoproteins; Models, Biological; Receptors, Antigen, T-Cell; Receptors, Immunologic; Receptors, Leukocyte-Adhesion; Signal Transduction; T-Lymphocytes"
CD2,"T cell adhesion, avidity regulation and signaling: a molecular analysis of CD2.",Seminars in immunology,1993,7693022,10.1006/smim.1993.1029,E,Review,"PubMed abstract evidence: One such co-receptor molecule is CD2, a T cell glycoprotein that not only participates in T cell activation but also provides the T cell with a major adhesion pathway whose avidity is regulated by TcR triggering.",Review; Mechanism,"Journal Article; Research Support, Non-U.S. Gov't; Research Support, U.S. Gov't, P.H.S.; Review","Animals; Antigens, CD; Antigens, Differentiation, T-Lymphocyte; CD2 Antigens; CD58 Antigens; Cell Adhesion; Cytoskeleton; Humans; Lymphocyte Activation; Membrane Glycoproteins; Receptor-CD3 Complex, Antigen, T-Cell; Receptors, Immunologic; Signal Transduction; T-Lymphocytes"
CD2,"An ""off-the-shelf"" CD2 universal CAR-T therapy for T-cell malignancies.",Leukemia,2023,37798328,10.1038/s41375-023-02039-z,E,Human single-cell/transcriptomic study,"PubMed abstract evidence: To broaden the use of CAR-T cells in pan T-cell malignancies, we developed an allogeneic ""universal"" CD2-targeting CAR-T cell (UCART2), in which the CD2 antigen is deleted to prevent fratricide, and the T-cell receptor is removed to prevent GvHD.",Association; Biomarker; Experimental evidence,"Journal Article; Research Support, N.I.H., Extramural","Humans; Mice; Animals; T-Lymphocytes; Receptors, Chimeric Antigen; Precursor T-Cell Lymphoblastic Leukemia-Lymphoma; Neoplasm Recurrence, Local; Immunotherapy, Adoptive; Receptors, Antigen, T-Cell; Antigens, CD19"
CD3D,CD3 deficiencies.,Current opinion in allergy and clinical immunology,2005,16264327,10.1097/01.all.0000191886.12645.79,B,Review,PubMed abstract evidence: RECENT FINDINGS: Homozygous mutations in CD3D and CD3E genes lead to a complete block in T-cell development and thus to an early-onset severe combined immunodeficiency phenotype.,Review,Journal Article; Review,"CD3 Complex; Humans; Lymphopoiesis; Mutation; Receptor-CD3 Complex, Antigen, T-Cell; Severe Combined Immunodeficiency; T-Lymphocytes; Thymus Gland"
CD3D,"Concomitant overexpression of mir-182-5p and mir-182-3p raises the possibility of IL-17-producing Treg formation in breast cancer by targeting CD3d, ITK, FOXO1, and NFATs: A meta-analysis and experimental study.",Cancer science,2021,33283362,10.1111/cas.14764,B,Human laboratory study,"PubMed abstract evidence: FOXO1, CD3d, ITK, NFATc3, NFATc4, and IL-2RA were targeted by miR-182, due to which their expression decreased in PBMCs of patients.",Association; Mechanism; Biomarker; Experimental evidence,Journal Article; Meta-Analysis,"Breast Neoplasms; Cell Differentiation; Female; Gene Expression Regulation, Neoplastic; Humans; MicroRNAs; Signal Transduction; T-Lymphocytes, Regulatory; Th17 Cells; Tumor Microenvironment"
CD3D,CD3D: a prognostic biomarker associated with immune infiltration and immunotherapeutic response in head and neck squamous cell carcinoma.,Bioengineered,2022,35712757,10.1080/21655979.2022.2084254,B,Human study,PubMed abstract evidence: Recent studies have demonstrated that CD3D activates T-cell-related signal transduction and is associated with the antitumor immune response in several cancers.,Association; Biomarker; Experimental evidence,Journal Article,"Biomarkers; Biomarkers, Tumor; Gene Expression Regulation, Neoplastic; Head and Neck Neoplasms; Humans; Immunotherapy; Prognosis; Squamous Cell Carcinoma of Head and Neck; Tumor Microenvironment"
CD3E,CD3 deficiencies.,Current opinion in allergy and clinical immunology,2005,16264327,10.1097/01.all.0000191886.12645.79,B,Review,PubMed abstract evidence: RECENT FINDINGS: Homozygous mutations in CD3D and CD3E genes lead to a complete block in T-cell development and thus to an early-onset severe combined immunodeficiency phenotype.,Review,Journal Article; Review,"CD3 Complex; Humans; Lymphopoiesis; Mutation; Receptor-CD3 Complex, Antigen, T-Cell; Severe Combined Immunodeficiency; T-Lymphocytes; Thymus Gland"
CD3E,The establishment and application of CD3E humanized mice in immunotherapy.,Experimental animals,2022,35570001,10.1538/expanim.22-0012,B,Human and laboratory/animal study,"PubMed abstract evidence: In this study, CD3E humanized mice were established by replacing the second to the seventh exon of the Cd3e mouse gene with the same exon of the human gene.",Association; Mechanism; Biomarker; Experimental evidence,Journal Article,"Mice; Humans; Animals; Immunotherapy; Antibodies, Monoclonal; Neoplasms; Disease Models, Animal; CD3 Complex"
CD3E,Low transcriptomic of PTPRCv1 and CD3E is an independent predictor of mortality in HIV and tuberculosis co-infected patient.,Scientific reports,2022,35710869,10.1038/s41598-022-14305-8,B,Human study,"PubMed abstract evidence: At baseline, IL4δ2 was significantly more highly expressed in the deceased group than survivor matched controls, whereas CD3E, IL7R, PTPRCv1, CCL4, GNLY, BCL2, CCL5, NOD1, TLR3, and NLRP13 had significantly lower expression levels in the deceased group compared to survivor matched controls.",Association; Biomarker; Experimental evidence,Journal Article,CD3 Complex; Coinfection; Gene Expression Profiling; HIV Infections; Humans; Transcriptome; Tuberculosis
CD7,CD7-edited T cells expressing a CD7-specific CAR for the therapy of T-cell malignancies.,Blood,2017,28539325,10.1182/blood-2017-01-761320,B,Human and laboratory/animal study,PubMed abstract evidence: CD7 is a transmembrane protein highly expressed in acute T-cell leukemia (T-ALL) and in a subset of peripheral T-cell lymphomas.,Association; Biomarker; Experimental evidence,"Journal Article; Research Support, Non-U.S. Gov't; Research Support, N.I.H., Extramural","Animals; Antigens, CD7; Cell Line, Tumor; Cell Proliferation; Cytotoxicity, Immunologic; Female; Gene Expression; Gene Silencing; Humans; Immunotherapy, Adoptive; Killer Cells, Natural; Lymphocyte Activation; Male; Mice; Precursor T-Cell Lymphoblastic Leukemia-Lymphoma; Receptors, Antigen, T-Cell; Recombinant Fusion Proteins; T-Lymphocytes; Transduction, Genetic; Transplantation, Heterologous"
CD7,"CD7 CAR-T therapy: current developments, improvements, and dilemmas.","Blood science (Baltimore, Md.)",2025,40771729,10.1097/BS9.0000000000000247,B,Review,"PubMed abstract evidence: Among the various potential target antigens, CD7 has garnered attention as a promising candidate.",Review,Journal Article; Review,
CD7,Single-Cell Dissection Reveals Immune Dysregulation After CD5 or CD7-Directed Chimeric Antigen Receptor T-Cell Therapy.,"Advanced science (Weinheim, Baden-Wurttemberg, Germany)",2026,41290542,10.1002/advs.202509259,B,Human single-cell/transcriptomic study,PubMed abstract evidence: CD5- and CD7-directed chimeric antigen receptor T-cell (5CAR and 7CAR) therapies for T-cell malignancies carry the risk of life-threatening infection.,Association; Mechanism; Biomarker; Experimental evidence,Journal Article,"Humans; Receptors, Chimeric Antigen; CD5 Antigens; Antigens, CD7; Single-Cell Analysis; Immunotherapy, Adoptive; T-Lymphocytes; B-Lymphocytes"
CD79A,B-Cell Receptor Signaling and Beyond: The Role of Igα (CD79a)/Igβ (CD79b) in Normal and Malignant B Cells.,International journal of molecular sciences,2023,38203179,10.3390/ijms25010010,D,Review,"PubMed abstract evidence: Igα (CD79a)/Igβ (CD79b) are essential components of BCR that are indispensable for its functionality, signal initiation, and signal transduction.",Review; Mechanism,Journal Article; Review,"Receptors, Antigen, B-Cell; Signal Transduction; Cell Membrane; Cognition; Mutation"
CD79A,Single-Cell Sequence and Machine Learning Identify a CD79A+B Cells-Related Transcriptional Signature for Predicting Clinical Outcomes and Immune Microenvironment in Breast Cancer.,Cancer informatics,2025,40734705,10.1177/11769351251360675,D,Computational study,PubMed abstract evidence: OBJECTIVE: The aim of this study was to investigate the role and mechanism of CD79A+ B cells in mediating the microenvironment of breast cancer and the relationship with the prognosis of breast cancer.,Association; Mechanism; Biomarker,Journal Article,
CD79A,Integrating single-cell biophysical and transcriptomic features to resolve functional heterogeneity in mantle cell lymphoma.,Science advances,2025,41348872,10.1126/sciadv.ady2963,D,Human single-cell/transcriptomic study,PubMed abstract evidence: Linked measurements reveal that buoyant mass and stiffness characterize B cell development states from naïve to plasma cell and correlate with expression of oncogenic B cell receptor signaling genes such as BLK and CD79A.,Association; Mechanism; Biomarker; Experimental evidence,Journal Article,"Lymphoma, Mantle-Cell; Humans; Single-Cell Analysis; Transcriptome; Gene Expression Regulation, Neoplastic; Cell Line, Tumor; Agammaglobulinaemia Tyrosine Kinase; B-Lymphocytes; Gene Expression Profiling; Genetic Heterogeneity; Signal Transduction; Receptors, Antigen, B-Cell"
CD79B,CD79: a review.,Applied immunohistochemistry & molecular morphology : AIMM,2001,11396639,10.1097/00129039-200106000-00001,E,Review,PubMed abstract evidence: CD79 is composed of CD79a and CD79b components expressed almost exclusively on B cells and B-cell neoplasms.,Review; Biomarker,Journal Article; Review,"Animals; Antigens, CD; B-Lymphocytes; Biomarkers, Tumor; Bone Marrow Cells; CD79 Antigens; Female; Hodgkin Disease; Humans; Leukemia; Leukemia, Myeloid; Lymph Nodes; Lymphoma, B-Cell; Lymphoma, T-Cell; Lymphoproliferative Disorders; Male; Receptors, Antigen, B-Cell"
CD79B,Safety and activity of the anti-CD79B antibody-drug conjugate polatuzumab vedotin in relapsed or refractory B-cell non-Hodgkin lymphoma and chronic lymphocytic leukaemia: a phase 1 study.,The Lancet. Oncology,2015,25925619,10.1016/S1470-2045(15)70128-2,E,Human study,PubMed abstract evidence: Polatuzumab vedotin is an antibody-drug conjugate containing an anti-CD79B monoclonal antibody conjugated to the microtubule-disrupting agent monomethyl auristatin E.,Association; Mechanism; Biomarker; Experimental evidence,"Clinical Trial, Phase I; Journal Article; Research Support, Non-U.S. Gov't","Adult; Aged; Aged, 80 and over; Antibodies, Monoclonal; Antibodies, Monoclonal, Murine-Derived; Antineoplastic Combined Chemotherapy Protocols; CD79 Antigens; Drug Administration Schedule; Female; Humans; Immunoconjugates; Leukemia, Lymphocytic, Chronic, B-Cell; Lymphoma, Non-Hodgkin; Male; Middle Aged; Prognosis; Rituximab"
CD79B,B-Cell Receptor Signaling and Beyond: The Role of Igα (CD79a)/Igβ (CD79b) in Normal and Malignant B Cells.,International journal of molecular sciences,2023,38203179,10.3390/ijms25010010,E,Review,"PubMed abstract evidence: Igα (CD79a)/Igβ (CD79b) are essential components of BCR that are indispensable for its functionality, signal initiation, and signal transduction.",Review; Mechanism,Journal Article; Review,"Receptors, Antigen, B-Cell; Signal Transduction; Cell Membrane; Cognition; Mutation"
CD8A,Lung single-cell RNA profiling reveals response of pulmonary capillary to sepsis-induced acute lung injury.,Frontiers in immunology,2024,38348045,10.3389/fimmu.2024.1308915,A,Human single-cell/transcriptomic study,PubMed abstract evidence: Cd74+ Capillary cells expressing high levels of major histocompatibility complex (MHC) and mainly interacted with Cd8a+ T cells in the sham group.,Association; Biomarker; Experimental evidence,Journal Article,Mice; Animals; Humans; RNA; Capillaries; Endothelial Cells; Endotoxemia; Lung; Acute Lung Injury; Sepsis
CD8A,Single-cell RNA sequencing of chronic idiopathic erythroderma defines disease-specific markers.,The Journal of allergy and clinical immunology,2025,39694280,10.1016/j.jaci.2024.11.037,A,Human single-cell/transcriptomic study,"PubMed abstract evidence: In contrast, CIE exhibited a pattern of low-level, but consistent, expansion of CD8A+KLRK1+ T-cell clones, both in blood and in skin.",Association; Mechanism; Biomarker; Experimental evidence,Journal Article,"Humans; Dermatitis, Exfoliative; Male; Single-Cell Analysis; Female; Middle Aged; Adult; Sequence Analysis, RNA; Chronic Disease; Biomarkers; Aged; Lymphoma, T-Cell, Cutaneous; Psoriasis; Skin"
CD8A,BCAP31 promotes colorectal cancer metastasis via oxidative phosphorylation-dependent macrophage immunosuppression: A single-cell transcriptomic study.,Free radical biology & medicine,2025,40769312,10.1016/j.freeradbiomed.2025.08.002,A,Human single-cell/transcriptomic study,"PubMed abstract evidence: Through single-cell RNA sequencing (scRNA-seq) analysis of CRC tissues, we identified macrophages as a dominant immune subset (16 % of TME) that interacts with NK cells and fibroblasts via HLA-CD8A and COL1A1/2-CD44 signaling, promoting immunosuppression.",Association; Mechanism; Biomarker; Experimental evidence,Journal Article,"Humans; Colorectal Neoplasms; Tumor Microenvironment; Oxidative Phosphorylation; Single-Cell Analysis; Macrophages; Transcriptome; Gene Expression Regulation, Neoplastic; Prognosis; Male; Cell Line, Tumor; Female; Cell Movement"
CD9,Distinctive CD39+CD9+ lung interstitial macrophages suppress IL-23/Th17-mediated neutrophilic asthma by inhibiting NETosis.,Nature communications,2024,39366998,10.1038/s41467-024-53038-2,A,Human single-cell/transcriptomic study,"PubMed abstract evidence: In our neutrophil-dominant asthma (NDA) model, single-cell RNA-seq analysis identifies a subpopulation of CD39+CD9+ interstitial macrophages (IMs) suppressed by IL-23 in NDA conditions but increased by an IL-23 inhibitor αIL-23p19.",Association; Mechanism; Biomarker; Experimental evidence,"Journal Article; Research Support, Non-U.S. Gov't","Asthma; Neutrophils; Th17 Cells; Interleukin-23; Humans; Animals; Apyrase; Extracellular Traps; Tetraspanin 29; Mice; Female; Male; Lung; Macrophages; Mice, Inbred C57BL; Antigens, CD"
CD9,CCN5 suppresses injury-induced vascular restenosis by inhibiting smooth muscle cell proliferation and facilitating endothelial repair via thymosin β4 and Cd9 pathway.,European heart journal,2025,39873228,10.1093/eurheartj/ehae911,A,Human single-cell/transcriptomic study,"PubMed abstract evidence: Also, CCN5rp promoted EC repair to suppress neointimal hyperplasia via interaction with Cd9 extracellular domain.",Association; Mechanism; Biomarker; Experimental evidence,Journal Article,"Animals; Thymosin; Mice; Cell Proliferation; Swine; Muscle, Smooth, Vascular; Coronary Restenosis; Myocytes, Smooth Muscle; Femoral Artery; Humans; Neointima; CCN Intercellular Signaling Proteins; Male; Percutaneous Coronary Intervention; Signal Transduction; Disease Models, Animal; Mice, Inbred C57BL; Endothelial Cells; Thymosin beta(4)"
CD9,Diversity and immune dynamics of choroid plexus macrophages are shaped by distinct developmental origins.,Nature neuroscience,2026,41566006,10.1038/s41593-025-02158-z,A,Human single-cell/transcriptomic study,"PubMed abstract evidence: Using single-cell transcriptomics combined with lineage and spatial tracing methods, we identified three biologically distinct populations of choroid plexus macrophages, defined by differential expression of CD163, MHCII or CD9.",Association; Biomarker; Experimental evidence,Journal Article,"Animals; Choroid Plexus; Macrophages; Mice; Humans; Receptor, Transforming Growth Factor-beta Type II; Mice, Inbred C57BL; Female; Signal Transduction"
CDKN1C,"Beckwith-Wiedemann spectrum (BWSp): an update on diagnosis, management, and follow-up from the scientific committee of the Italian BWSp association.",Italian journal of pediatrics,2025,41126215,10.1186/s13052-025-02131-3,C,Review,"PubMed abstract evidence: The disorder is primarily associated with loss or gain of methylation at imprinting control regions IC2 and IC1, paternal uniparental disomy of 11p15, or pathogenic variants in CDKN1C.",Review,Journal Article; Review,Humans; Beckwith-Wiedemann Syndrome; Italy
CDKN1C,A low-level Cdkn1c/p57kip2 expression in spinal progenitors drives the transition from proliferative to neurogenic modes of division.,EMBO reports,2026,41361693,10.1038/s44319-025-00653-9,C,Laboratory/animal study,"PubMed abstract evidence: Using single-cell RNA-seq data from the chick embryonic neural tube, we identify the cell cycle regulator Cdkn1c as a key regulator of this transition.",Association; Mechanism; Biomarker; Experimental evidence,Journal Article,"Animals; Cyclin-Dependent Kinase Inhibitor p57; Neurogenesis; Chick Embryo; Cell Proliferation; Neural Stem Cells; Gene Expression Regulation, Developmental; Cell Differentiation; Neurons; Spinal Cord; Neural Tube; Cell Cycle; Cell Division"
CDKN1C,Single-cell RNA-seq and in vitro study reveal Fusobacterium nucleatum impairs β-cell identity in type 2 diabetes via the NF-κB-CDKN1C axis.,Journal of translational medicine,2026,41803883,10.1186/s12967-026-07981-x,C,Human single-cell/transcriptomic study,PubMed abstract evidence: Integrated Pearson correlation and in vitro analyses identified the cell cycle regulator CDKN1C as a central mediator through which F.,Association; Mechanism; Biomarker; Experimental evidence,Journal Article,"Insulin-Secreting Cells; Humans; NF-kappa B; Fusobacterium nucleatum; Diabetes Mellitus, Type 2; RNA-Seq; Single-Cell Analysis; Signal Transduction; Single-Cell Gene Expression Analysis; Cell Differentiation"
CFD,Complement factor D targeting protects endotheliopathy in organoid and monkey models of COVID-19.,Cell stem cell,2023,37802037,10.1016/j.stem.2023.09.001,A,Human and laboratory/animal study,PubMed abstract evidence: Longitudinal serum proteome analysis identified aberrant complement signature in critically ill patients driven by the amplification cycle regulated by complement factor B and D (CFD).,Association; Mechanism; Experimental evidence,"Journal Article; Research Support, Non-U.S. Gov't; Research Support, N.I.H., Extramural",Animals; Humans; COVID-19; SARS-CoV-2; Complement Factor D; Endothelial Cells; Haplorhini
CFD,FOS-driven inflammatory CAFs promote colorectal cancer liver metastasis via the SFRP1-FGFR2-HIF1 axis.,Theranostics,2025,40225580,10.7150/thno.111625,A,Human single-cell/transcriptomic study,"PubMed abstract evidence: Results: We identified an inflammatory CAF subtype (CFD+ iCAFs) associated with poor clinical outcomes, advanced staging, and metastasis.",Association; Mechanism; Biomarker; Experimental evidence,Journal Article,"Humans; Animals; Colorectal Neoplasms; Mice; Liver Neoplasms; Cancer-Associated Fibroblasts; Membrane Proteins; Cell Line, Tumor; Intercellular Signaling Peptides and Proteins; Receptor, Fibroblast Growth Factor, Type 2; Hypoxia-Inducible Factor 1, alpha Subunit; Signal Transduction; Epithelial-Mesenchymal Transition; Male; Mice, Inbred BALB C; Gene Expression Regulation, Neoplastic; Female; Secreted Frizzled-Related Proteins"
CFD,Transcriptome-wide analysis reveals potential roles of CFD and ANGPTL4 in fibroblasts regulating B cell lineage for extracellular matrix-driven clustering and novel avenues for immunotherapy in breast cancer.,"Molecular medicine (Cambridge, Mass.)",2025,40340806,10.1186/s10020-025-01237-y,A,Human single-cell/transcriptomic study,"PubMed abstract evidence: Single-cell RNA sequencing data further revealed that angiopoietin like 4 (ANGPTL4)+ fibroblasts were specifically linked to the C2 phenotype, while complement factor D (CFD)+ fibroblasts characterized the other ECM clusters.",Association; Mechanism; Biomarker; Experimental evidence,Journal Article,"Humans; Breast Neoplasms; Female; Extracellular Matrix; Angiopoietin-Like Protein 4; Gene Expression Regulation, Neoplastic; Immunotherapy; B-Lymphocytes; Gene Expression Profiling; Transcriptome; Tumor Microenvironment; Fibroblasts; Cell Lineage; Gene Regulatory Networks; Prognosis"
CST3,CST3 alleviates bilirubin-induced neurocytes' damage by promoting autophagy.,Translational neuroscience,2023,37854583,10.1515/tnsci-2022-0314,B,Other PubMed-indexed study,PubMed abstract evidence: It has been reported that cystatin C (CST3) concentrations have a significant positive correlation with total bilirubin (TB) levels and a negative correlation with albumin levels.,Association; Mechanism,Journal Article,
CST3,The ferroptosis-associated gene TIMP1 facilitates skin scar formation through the interaction with CST3 in fibroblasts.,International immunopharmacology,2025,40925202,10.1016/j.intimp.2025.115496,B,Human single-cell/transcriptomic study,"PubMed abstract evidence: Further mechanistic studies demonstrated that in human dermal fibroblast cells, the ferroptosis regulator TIMP metallopeptidase inhibitor 1 (TIMP1) significantly promotes fibroblast differentiation toward a mature phenotype through interactions with cystatin C (CST3), characterized by upregulated expression of myofibroblast differentiation markers such as α-smooth muscle actin (α-SMA) and connective tissue growth...",Association; Mechanism; Biomarker; Experimental evidence,Journal Article,"Humans; Fibroblasts; Cicatrix; Tissue Inhibitor of Metalloproteinase-1; Ferroptosis; Skin; Macrophages; Cells, Cultured; Cell Differentiation; Wound Healing; Cell Communication"
CST3,"Multi-Omics discovery and clinical validation of IGFBP2, B2M, and CST3 as a serum biomarker panel for diabetic kidney disease progression.",Gene,2026,41167578,10.1016/j.gene.2025.149858,B,Human single-cell/transcriptomic study,"PubMed abstract evidence: Integration with proteomics prioritized three candidate biomarkers-IGFBP2, B2M, and CST3- which were further assessed in murine DKD models (STZ/HFD-induced) and clinical serum samples (n = 139).",Association; Mechanism; Biomarker; Experimental evidence,Journal Article,Humans; Insulin-Like Growth Factor Binding Protein 2; Diabetic Nephropathies; Animals; Mice; Biomarkers; Disease Progression; Male; Female; Proteomics; Middle Aged; Single-Cell Analysis; Multiomics
CST7,Cystatin F is a cathepsin C-directed protease inhibitor regulated by proteolysis.,The EMBO journal,2008,18256700,10.1038/sj.emboj.7601979,B,Human laboratory study,Biochemical and human immune-cell experiments identify cystatin F as a cathepsin C-directed inhibitor enriched in cytotoxic lymphocytes.,Mechanism; Experimental evidence,"Comparative Study; Journal Article; Research Support, Non-U.S. Gov't","Amino Acid Sequence; Animals; Biomarkers, Tumor; CHO Cells; Cathepsin C; Cell Line; Cricetinae; Cricetulus; Cystatins; Endocytosis; Humans; Mice; Mice, Inbred C57BL; Molecular Sequence Data; Peptide Hydrolases; Protease Inhibitors; U937 Cells"
CST7,Cystatin F acts as a mediator of immune suppression in glioblastoma.,"Cellular oncology (Dordrecht, Netherlands)",2021,34189679,10.1007/s13402-021-00618-9,B,Human and laboratory study,Glioblastoma study reports cystatin F expression and transfer in tumor and immune cells alongside reduced NK-cell cytotoxic susceptibility.,Association; Mechanism; Experimental evidence,Journal Article,"Biomarkers, Tumor; Brain Neoplasms; CCAAT-Enhancer-Binding Protein-alpha; Cell Line, Tumor; Cells, Cultured; Cystatins; Cytotoxicity, Immunologic; Gene Expression Regulation, Neoplastic; Glioblastoma; Humans; Immunohistochemistry; Killer Cells, Natural; Microglia; Monocytes; Neoplastic Stem Cells; Reverse Transcriptase Polymerase Chain Reaction; Tumor Cells, Cultured"
CST7,Cystatin F attenuates neuroinflammation and demyelination following murine coronavirus infection of the central nervous system.,Journal of neuroinflammation,2024,38879499,10.1186/s12974-024-03153-0,B,Laboratory/animal study,Mouse coronavirus study reports altered neuroinflammation and immune-cell transcription after Cst7 deletion.,Mechanism; Experimental evidence,Journal Article,"Animals; Mice; Demyelinating Diseases; Murine hepatitis virus; Cystatins; Mice, Knockout; Coronavirus Infections; Mice, Inbred C57BL; Neuroinflammatory Diseases"
CTSW,Characterization of murine cathepsin W and its role in cell-mediated cytotoxicity.,The Journal of biological chemistry,2004,15087452,10.1074/jbc.M400304200,C,Laboratory/animal study,Mouse knockout study characterizes cathepsin W expression and tests its contribution to cell-mediated cytotoxicity.,Mechanism; Experimental evidence,"Journal Article; Research Support, Non-U.S. Gov't; Research Support, U.S. Gov't, P.H.S.","Alternative Splicing; Amino Acid Sequence; Animals; Base Sequence; Binding Sites; COS Cells; Cathepsin W; Cathepsins; Cell Death; Chlorocebus aethiops; Concanavalin A; Cysteine Endopeptidases; Cytotoxicity, Immunologic; Gene Expression; Interleukin-2; Killer Cells, Lymphokine-Activated; Killer Cells, Natural; Mice; Mice, Inbred BALB C; Mice, Inbred C57BL; Mice, Knockout; Molecular Sequence Data; Recombinant Proteins; Sequence Alignment; Spleen; T-Lymphocytes, Cytotoxic"
CTSW,"Cathepsin W expressed exclusively in CD8+ T cells and NK cells, is secreted during target cell killing but is not essential for cytotoxicity in human CTLs.",Experimental hematology,2009,19100676,10.1016/j.exphem.2008.10.011,C,Human laboratory study,Human cytotoxic-lymphocyte study reports cathepsin W secretion during target-cell contact but finds it nonessential in tested CTL killing assays.,Mechanism; Experimental evidence,"Journal Article; Research Support, Non-U.S. Gov't","CD8-Positive T-Lymphocytes; Cathepsin W; Cathepsins; Cells, Cultured; Cysteine Endopeptidases; Gene Expression Regulation, Enzymologic; Humans; Immunity, Cellular; Interferon-gamma; Killer Cells, Natural; RNA, Small Interfering"
CTSW,Unveiling the Roles of Cysteine Proteinases F and W: From Structure to Pathological Implications and Therapeutic Targets.,Cells,2024,38891048,10.3390/cells13110917,C,Review,"Review summarizes cysteine proteases F and W, including immune expression, proposed roles, pathology, and unresolved therapeutic questions.",Association; Review,"Journal Article; Review; Research Support, Non-U.S. Gov't",Humans; Animals; Cathepsin F; Neoplasms; Cysteine Proteases; Cathepsins; Substrate Specificity
FCER1G,Fc Fragment of IgE Receptor Ig (FCER1G) acts as a key gene involved in cancer immune infiltration and tumour microenvironment.,Immunology,2023,36054819,10.1111/imm.13557,B,Human single-cell/transcriptomic study,"PubMed abstract evidence: Although recent studies have revealed the relationship between Fc Fragment of IgE Receptor Ig (FCER1G) and human tumours, there is still a lack of a more comprehensive pan-cancer analysis of FCER1G as an immune-related gene.",Association; Mechanism; Biomarker; Experimental evidence,"Journal Article; Research Support, Non-U.S. Gov't","Humans; Receptors, IgE; Immunoglobulin Fc Fragments; Tumor Microenvironment; Neoplasms; Carcinogenesis; Prognosis; Biomarkers, Tumor"
FCER1G,Peripheral immune mapping and multi-omics analysis in Pd-1 inhibitor-induced myocarditis.,Journal of leukocyte biology,2023,37202883,10.1093/jleuko/qiad056,B,Review,"PubMed abstract evidence: Besides, reduced γδ T cells characterized with effector functions, increased natural killer T cells with high levels of FCER1G in patients may suggest an association with disease development.",Review; Mechanism; Biomarker,"Journal Article; Research Support, Non-U.S. Gov't; Review",Humans; Disease Progression; Exocytosis; Immune Checkpoint Inhibitors; Multiomics; Myocarditis
FCER1G,Fcer1g and St3gal1: Macrophage-associated angiogenesis biomarkers and therapeutic targets in sepsis-induced acute lung injury.,PloS one,2026,41758834,10.1371/journal.pone.0343449,B,Human single-cell/transcriptomic study,"PubMed abstract evidence: RESULTS: Two macrophage-associated angiogenesis-related genes, Fcer1g (FCER1G) and St3gal1 (ST3GAL1), were identified as key biomarkers.",Association; Mechanism; Biomarker; Experimental evidence,Journal Article,"Acute Lung Injury; Animals; Macrophages; Sepsis; Biomarkers; Mice; Sialyltransferases; Humans; beta-Galactoside alpha-2,3-Sialyltransferase; Male; Neovascularization, Pathologic; Angiogenesis; Gene Expression Profiling"
FCER2,FCER2 (CD23) asthma-related single nucleotide polymorphisms yields increased IgE binding and Egr-1 expression in human B cells.,American journal of respiratory cell and molecular biology,2014,24010859,10.1165/rcmb.2013-0112OC,A,Human laboratory study,"PubMed abstract evidence: Polymorphisms within FCER2, the gene encoding CD23, have been associated with atopy, increased risk of exacerbations in patients with asthma, and high serum IgE levels.",Association; Mechanism; Biomarker; Experimental evidence,"Journal Article; Research Support, Non-U.S. Gov't","Asthma; B-Lymphocytes; Cells, Cultured; Early Growth Response Protein 1; Humans; Immunoglobulin E; Lectins, C-Type; Polymorphism, Single Nucleotide; Receptors, IgE; Signal Transduction"
FCER2,"Correlations between exhaled nitric oxide, rs28364072 polymorphism of FCER2 gene, asthma control, and inhaled corticosteroid responsiveness in children with asthma.",Journal of breath research,2020,33108776,10.1088/1752-7163/abc4ec,A,Human study,"PubMed abstract evidence: This study aimed to describe the clinical and biological characteristics, and its correlation with polymorphism of rs28364072 in FCER2 of asthmatic children.",Association; Experimental evidence,"Journal Article; Research Support, Non-U.S. Gov't","Administration, Inhalation; Adolescent; Adrenal Cortex Hormones; Asthma; Breath Tests; Child; Child, Preschool; Exhalation; Female; Humans; Immunoglobulin E; Lectins, C-Type; Male; Nitric Oxide; Polymorphism, Single Nucleotide; Prospective Studies; Receptors, IgE"
FCER2,IgG memory B cells expressing IL4R and FCER2 are associated with atopic diseases.,Allergy,2023,36445014,10.1111/all.15601,A,Human single-cell/transcriptomic study,"PubMed abstract evidence: RESULTS: We identified a novel population of IgG memory B cells characterized by the expression of IL-4/IL-13 regulated genes FCER2/CD23, IL4R, IL13RA1, and IGHE, denoting a history of differentiation during type 2 immune responses.",Association; Mechanism; Biomarker; Experimental evidence,"Journal Article; Research Support, N.I.H., Extramural; Research Support, Non-U.S. Gov't","Humans; Memory B Cells; Receptors, IgE; Interleukin-13; Interleukin-4; Immunoglobulin E; Immunoglobulin G; Interleukin-4 Receptor alpha Subunit; Lectins, C-Type"
FCGR3A,Differential effects of tofacitinib on macrophage activation contribute to lack of response in ulcerative colitis patients.,Journal of Crohn's & colitis,2025,40320713,10.1093/ecco-jcc/jjaf076,A,Human single-cell/transcriptomic study,"PubMed abstract evidence: Response was associated with significant changes in the abundance and/or activation of immune, epithelial, and stromal cells and the downregulation of S100A9, FCGR3A, MMP12 in resident macrophages.",Association; Mechanism; Biomarker; Experimental evidence,Journal Article,"Humans; Piperidines; Pyrimidines; Colitis, Ulcerative; Female; Male; Adult; Middle Aged; Macrophage Activation; Fibroblasts; Macrophages; Pyrroles; Protein Kinase Inhibitors; Janus Kinase Inhibitors; NF-kappa B; Signal Transduction"
FCGR3A,Spatial transcriptomics reveals distinct role of monocytes/macrophages with high FCGR3A expression in kidney transplant rejections.,Frontiers in immunology,2025,41030449,10.3389/fimmu.2025.1654741,A,Human single-cell/transcriptomic study,"PubMed abstract evidence: Subclusters of monocytes/macrophages with high Fc gamma receptor IIIA (FCGR3A) expression were identified in C4d-positive active AMR and acute TCMR, and the spatial distribution of these cells corresponded to the characteristic histopathological features.",Association; Mechanism; Biomarker; Experimental evidence,Journal Article,"Humans; Kidney Transplantation; Graft Rejection; Macrophages; Monocytes; Receptors, IgG; Transcriptome; Male; Female; Middle Aged; Gene Expression Profiling; Adult; Immunity, Innate"
FCGR3A,"Single-cell spatial transcriptomics reveal intraglomerular cell activation and ligand-receptor relationships in chronic, active antibody mediated rejection.",Kidney international,2026,41173191,10.1016/j.kint.2025.08.042,A,Human single-cell/transcriptomic study,"PubMed abstract evidence: Proximity of NK cells and macrophages with GEC revealed several potential ligand receptor interactions previously unappreciated, including GEC IL33→NK cell IL1RL1 and GEC HLA-DQA1→Macrophage FCGR3A, implicating NK cell and macrophage activation in endothelial injury.",Association; Mechanism; Biomarker; Experimental evidence,Journal Article,"Humans; Graft Rejection; Kidney Transplantation; Single-Cell Analysis; Macrophages; Endothelial Cells; Killer Cells, Natural; Kidney Glomerulus; Transcriptome; Male; Female; Gene Expression Profiling; Ligands; Middle Aged; Adult; Biopsy"
FCN1,Sputum Transcriptomics Reveals FCN1+ Macrophage Activation in Mild Eosinophilic Asthma Compared to Non-Asthmatic Eosinophilic Bronchitis.,"Allergy, asthma & immunology research",2024,38262391,10.4168/aair.2024.16.1.55,C,Other PubMed-indexed study,"PubMed abstract evidence: FABP4+ macrophages, SPP1+ macrophages, FCN1+ macrophages, dendritic cells, T cells, B cells, mast cells, and epithelial cells were identified based on gene expression profiling.",Association; Mechanism; Biomarker,Journal Article,
FCN1,Multi-omics evaluation of the prognostic value and immune signature of FCN1 in pan-cancer and its relationship with proliferation and apoptosis in acute myeloid leukemia.,Frontiers in genetics,2024,39139822,10.3389/fgene.2024.1425075,C,Laboratory or other primary study,"PubMed abstract evidence: BACKGROUND: The FCN1 gene encodes the ficolin-1 protein, implicated in the pathogenesis of various diseases, though its precise role in tumorigenesis remains elusive.",Association; Mechanism; Biomarker; Experimental evidence,Journal Article,
FCN1,Cross-tissue organization of myeloid cells in scleroderma and related fibrotic diseases.,Current opinion in rheumatology,2024,39171604,10.1097/BOR.0000000000001047,C,Review,"PubMed abstract evidence: DC3 express similar inflammatory genes to monocytes, including FCN1 , IL1B, VCAN, S100A8, S100A9 , and S100A12 .",Review; Mechanism; Biomarker,Journal Article; Review,"Humans; Scleroderma, Systemic; Myeloid Cells; Fibrosis; Skin; Single-Cell Analysis; Liver Cirrhosis; Macrophages; Dendritic Cells; COVID-19; Pulmonary Fibrosis"
FGFBP2,Discovery of specialized NK cell populations infiltrating human melanoma metastases.,JCI insight,2019,31801909,10.1172/jci.insight.133103,A,Human single-cell/transcriptomic study,Human melanoma single-cell study identifies specialized blood and tumor NK populations using FGFBP2 and CD16-related markers.,Association; Biomarker,"Journal Article; Research Support, N.I.H., Extramural; Research Support, Non-U.S. Gov't","Cell Line, Tumor; Chemokines; Chemokines, C; Cross-Priming; Gene Expression Regulation, Neoplastic; Humans; Immunity, Innate; Killer Cells, Natural; Lymphocytes, Tumor-Infiltrating; Melanoma; Neoplasm Metastasis"
FGFBP2,Delineating the early dissemination mechanisms of acral melanoma by integrating single-cell and spatial transcriptomic analyses.,Nature communications,2023,38065972,10.1038/s41467-023-43980-y,A,Human single-cell/transcriptomic study,Human single-cell and spatial melanoma analysis reports FGFBP2-positive cytotoxic lymphocyte states across clinical tissue groups.,Association; Biomarker,"Journal Article; Research Support, Non-U.S. Gov't",Humans; Melanoma; Skin Neoplasms; Lymphatic Metastasis; Gene Expression Profiling; Transcriptome; Tumor Microenvironment
FGFBP2,Single-cell data revealed exhaustion of characteristic NK cell subpopulations and T cell subpopulations in hepatocellular carcinoma.,Aging,2024,38604154,10.18632/aging.205723,A,Human single-cell/transcriptomic study,Single-cell analysis of human hepatocellular carcinoma labels an FGFBP2-positive NK subset and reports disease-associated state differences.,Association; Computational evidence,Journal Article,"Humans; Carcinoma, Hepatocellular; Liver Neoplasms; Single-Cell Analysis; Killer Cells, Natural; Tumor Microenvironment; CTLA-4 Antigen; Lymphocytes, Tumor-Infiltrating; Prognosis; Gene Expression Regulation, Neoplastic; T-Lymphocyte Subsets"
GNG11,Assessment of Significant Pathway Signaling and Prognostic Value of GNG11 in Ovarian Serous Cystadenocarcinoma.,International journal of general medicine,2021,34113163,10.2147/IJGM.S314911,B,Computational study,PubMed abstract evidence: BACKGROUND: GNG11 (G protein subunit gamma 11) is a member of guanine nucleotide-binding protein (G protein) gamma family.,Association; Mechanism; Biomarker,Journal Article,
GNG11,Identification of hub biomarkers in coronary artery disease patients using machine learning and bioinformatic analyses.,Scientific reports,2025,40383719,10.1038/s41598-025-02123-7,B,Human and laboratory/animal study,"PubMed abstract evidence: Eleven hub biomarkers (ITM2B, GNA15, PLAU, GNG11, HIST1H2BH, SLC11A1, RPS7, DDIT4, CD83, GNLY, and S100A12) were identified and associated with CD8 + T cells and NK cells.",Association; Biomarker; Experimental evidence,Journal Article,Humans; Machine Learning; Biomarkers; Coronary Artery Disease; Computational Biology; Animals; Gene Expression Profiling; Gene Regulatory Networks; Signal Transduction; Male
GNG11,Identification of key genes related to macrophages and metabolic reprogramming in myocardial infarct based on single-cell and bulk transcriptomics data and experimental validation.,BMC cardiovascular disorders,2026,42135635,10.1186/s12872-026-05822-9,B,Human single-cell/transcriptomic study,"PubMed abstract evidence: The key genes (ABCG1, GNG11, and RPL24) were successfully identified.",Association; Mechanism; Biomarker; Experimental evidence,Journal Article; Validation Study,"Macrophages; Myocardial Infarction; Gene Expression Profiling; Metabolic Reprogramming; Humans; Transcriptome; Single-Cell Gene Expression Analysis; Single-Cell Analysis; Reproducibility of Results; Energy Metabolism; ATP Binding Cassette Transporter, Subfamily G, Member 1; Gene Regulatory Networks; Animals"
GNLY,Granulysin.,Current opinion in immunology,2003,14499265,10.1016/s0952-7915(03)00097-9,B,Review,"Review summarizes granulysin structure, processing, antimicrobial activity, and cytotoxic activity.",Mechanism; Review,Journal Article; Review,"Amino Acid Sequence; Antigens, Differentiation, T-Lymphocyte; Apoptosis; Communicable Diseases; Cytoplasmic Granules; Humans; Jurkat Cells; Killer Cells, Natural; Models, Molecular; Neoplasms; Receptors, Immunologic; Sequence Homology, Amino Acid; T-Lymphocytes, Cytotoxic"
GNLY,Granulysin species segregate to different lysosome-related effector vesicles (LREV) and get mobilized by either classical or non-classical degranulation.,Molecular immunology,2019,30658247,10.1016/j.molimm.2018.12.031,B,Human laboratory study,Human lymphocyte experiments report that granulysin forms occupy different effector vesicles and can follow different release routes.,Mechanism; Experimental evidence,"Journal Article; Research Support, Non-U.S. Gov't","Antigens, Differentiation, T-Lymphocyte; CD4-Positive T-Lymphocytes; CD8-Positive T-Lymphocytes; Cell Degranulation; Cytoplasmic Vesicles; Fas Ligand Protein; Humans; Lymphocyte Activation; Lymphocyte Subsets; Lysosomes; Molecular Weight; Protein Transport"
GNLY,Decidual NK Cells Transfer Granulysin to Selectively Kill Bacteria in Trophoblasts.,Cell,2020,32822574,10.1016/j.cell.2020.07.019,B,Human ex vivo/laboratory study,Human decidual and peripheral NK-cell experiments report granulysin transfer that kills intracellular bacteria while sparing host cells.,Mechanism; Experimental evidence,"Journal Article; Research Support, N.I.H., Extramural","Animals; Antigens, Differentiation, T-Lymphocyte; Bacteria; Cell Line; Cell Line, Tumor; Cell Movement; Dendritic Cells; Female; HeLa Cells; Humans; Killer Cells, Natural; Macrophages; Male; Mice; Mice, Inbred BALB C; Mice, Inbred C57BL; Mice, Transgenic; Placenta; Pregnancy; Rats; THP-1 Cells; Trophoblasts"
GP9,Spectrum of the mutations in Bernard-Soulier syndrome.,Human mutation,2014,24934643,10.1002/humu.22607,B,Review,"PubMed abstract evidence: Most of the mutations identified in the genes encoding for the GP1BA (GPIbα), GP1BB (GPIbβ), and GP9 (GPIX) subunits prevent expression of the complex at the platelet membrane or more rarely its interaction with VWF.",Review; Biomarker,Journal Article; Review,"Alleles; Bernard-Soulier Syndrome; Databases, Nucleic Acid; Founder Effect; Genetic Variation; Humans; Mutation; Platelet Glycoprotein GPIb-IX Complex; Polymorphism, Single Nucleotide; Web Browser; von Willebrand Diseases"
GP9,Two novel variants of uncertain significance in GP9 associated with Bernard-Soulier syndrome: Are they true mutations?,Platelets,2018,29119855,10.1080/09537104.2017.1371288,B,Human study,"PubMed abstract evidence: A large number of mutations, sometimes involving the GP9 gene, have been described as possibly responsible for the disease.",Association; Biomarker; Experimental evidence,Case Reports; Journal Article,"Alleles; Bernard-Soulier Syndrome; Biomarkers; Child, Preschool; Computational Biology; Female; Genetic Association Studies; Genetic Variation; Genotype; Humans; Models, Molecular; Mutation; Phenotype; Platelet Glycoprotein GPIb-IX Complex; Protein Conformation; Sequence Analysis, DNA; Structure-Activity Relationship"
GP9,Bernard-Soulier syndrome: first human case due to a homozygous deletion of GP9 gene.,British journal of haematology,2020,32030720,10.1111/bjh.16374,B,Human study,PubMed abstract evidence: The publication title identifies GP9 as its subject: Bernard-Soulier syndrome: first human case due to a homozygous deletion of GP9 gene.,Association; Experimental evidence,Case Reports; Journal Article,"Bernard-Soulier Syndrome; Bone Marrow; Humans; Infant, Newborn; Male; Pedigree; Platelet Glycoprotein GPIb-IX Complex; Sequence Deletion"
GZMA,Granzymes and Mitochondria.,Biochemistry. Biokhimiia,2020,32093590,10.1134/S0006297920020017,B,Review,Review compares granzyme effects involving mitochondria and emphasizes distinct mechanisms among granzyme family members.,Mechanism; Review,Journal Article; Review,Animals; Cell Death; Granzymes; Humans; Mitochondria; Reactive Oxygen Species
GZMA,Granzyme A from cytotoxic lymphocytes cleaves GSDMB to trigger pyroptosis in target cells.,"Science (New York, N.Y.)",2020,32299851,10.1126/science.aaz7548,B,Human and laboratory/animal study,Human-cell and mouse experiments report granzyme A cleavage of GSDMB and target-cell pyroptosis under specified conditions.,Mechanism; Experimental evidence,"Journal Article; Research Support, Non-U.S. Gov't","Animals; Granzymes; HEK293 Cells; Humans; Interferon-gamma; Killer Cells, Natural; Mice; Mice, Inbred BALB C; Mice, Transgenic; Neoplasm Proteins; Neoplasms; Pore Forming Cytotoxic Proteins; Protein Domains; Proteolysis; Pyroptosis; T-Lymphocytes, Cytotoxic; Gasdermins"
GZMA,Butyrate limits human natural killer cell effector function.,Scientific reports,2023,36792800,10.1038/s41598-023-29731-5,B,Human ex vivo study,Ex vivo human blood NK-cell study reports reduced granzyme A and other effector outputs after butyrate exposure.,Mechanism; Experimental evidence,"Journal Article; Research Support, Non-U.S. Gov't","Humans; Interleukin-15; Butyrates; Proteomics; Cytokines; Killer Cells, Natural; Interleukin-12; Inflammation; Vesicular Transport Proteins; Methionine Adenosyltransferase"
GZMB,Single-cell transcriptomics of blood reveals a natural killer cell subset depletion in tuberculosis.,EBioMedicine,2020,32114394,10.1016/j.ebiom.2020.102686,B,Human single-cell/transcriptomic study,Human blood single-cell study reports depletion of a cytotoxic NK-cell subset in tuberculosis and uses cytotoxic-effector genes to define it.,Association; Biomarker,Journal Article,"Adolescent; Adult; Biomarkers; Female; Humans; Killer Cells, Natural; Latent Tuberculosis; Lymphocyte Count; Male; Middle Aged; Single-Cell Analysis; Transcriptome; Tuberculosis, Pulmonary"
GZMB,Pretreatment with IL-15 and IL-18 rescues natural killer cells from granzyme B-mediated apoptosis after cryopreservation.,Nature communications,2024,38729924,10.1038/s41467-024-47574-0,B,Human ex vivo/laboratory study,Human NK-cell cryopreservation experiments report granzyme B-associated apoptosis and test cytokine pretreatment as a protective intervention.,Mechanism; Experimental evidence,"Journal Article; Research Support, Non-U.S. Gov't; Research Support, N.I.H., Extramural","Animals; Humans; Mice; Apoptosis; Cell Line, Tumor; CRISPR-Cas Systems; Cryopreservation; Granzymes; Interleukin-15; Interleukin-18; Killer Cells, Natural"
GZMB,Reassessing granzyme B: unveiling perforin-independent versatility in immune responses and therapeutic potentials.,Frontiers in immunology,2024,38846935,10.3389/fimmu.2024.1392535,B,Review,Review describes perforin-dependent and perforin-independent granzyme B activity across immune and pathological contexts.,Mechanism; Association,"Journal Article; Review; Research Support, N.I.H., Extramural","Granzymes; Humans; Perforin; Animals; T-Lymphocytes, Cytotoxic; Killer Cells, Natural; Autoimmune Diseases; Neoplasms"
GZMB,Natural Killer cells at the frontline in the fight against cancer.,Cell death & disease,2024,39179536,10.1038/s41419-024-06976-0,B,Review,Review organizes granzyme B with perforin and granulysin in the cytotoxic arsenal used by NK cells.,Mechanism; Review,Journal Article; Review,"Humans; Killer Cells, Natural; Neoplasms; Tumor Microenvironment; Animals; Cytotoxicity, Immunologic"
GZMH,Intrathecally expanded GZMK+/GZMH+ CD8 T cells targeting EBV antigens may reduce severity of Multiple Sclerosis.,medRxiv : the preprint server for health sciences,2025,40970118,10.1101/2025.08.05.25333071,B,Laboratory or other primary study,"PubMed abstract evidence: Combining cerebrospinal fluid B cell receptor and T cell receptor repertoire analysis with transcriptional/ flow cytometry cellular profiles in hundreds of deeply-phenotyped people with Multiple Sclerosis (pwMS) and controls, we identified intrathecal expansion of anti-viral, cytotoxic, granzymes H/K (GZMH+/GZMK+) double positive (DP) CD8+ T cells that recognize EBV epitopes in pwMS.",Association; Mechanism; Experimental evidence,Journal Article; Preprint,
GZMH,Single-cell profiling of peripheral and local immune compartments reveal unique genotype-independent prognostic immune signatures across isocitrate dehydrogenase-stratified glioma.,Neuro-oncology,2026,40974256,10.1093/neuonc/noaf206,B,Human single-cell/transcriptomic study,"PubMed abstract evidence: RESULTS: Our analyses revealed unique intratumoral and peripheral immune cellular ontogenies, including naïve CD4+ T cell enrichment in the IDH-Mut peripheral immune compartment, monocyte enrichment in IDH-WT glioma PBMCs, and emergence of a unique population of GZMH+ CD8+ T cells preferentially in the IDH-Mut microenvironment.",Association; Mechanism; Biomarker; Experimental evidence,Journal Article,"Humans; Isocitrate Dehydrogenase; Glioma; Brain Neoplasms; Prognosis; Single-Cell Analysis; Tumor Microenvironment; Male; Mutation; Female; Biomarkers, Tumor; Middle Aged; Genotype; Adult; Leukocytes, Mononuclear; Aged"
GZMH,Comprehensive single-cell transcriptomic profiling of the scalp from patients with moderate-to-severe alopecia areata.,The Journal of allergy and clinical immunology,2026,41740930,10.1016/j.jaci.2026.02.014,B,Human single-cell/transcriptomic study,"PubMed abstract evidence: LS AA samples demonstrated robust TH1 activation and cytotoxicity, with upregulated IFNG, GZMH/K, and XCL1/2.",Association; Mechanism; Biomarker; Experimental evidence,Journal Article,Humans; Alopecia Areata; Scalp; Female; Male; Adult; Transcriptome; Single-Cell Gene Expression Analysis; Gene Expression Profiling; Single-Cell Analysis; Middle Aged; Th1 Cells
GZMK,Comprehensive Profiling of an Aging Immune System Reveals Clonal GZMK+ CD8+ T Cells as Conserved Hallmark of Inflammaging.,Immunity,2021,33271118,10.1016/j.immuni.2020.11.005,B,Human single-cell/transcriptomic study,PubMed abstract evidence: We defined organ-specific and common immune alterations and identified a subpopulation of age-associated granzyme K (GZMK)-expressing CD8+ T (Taa) cells that are distinct from T effector memory (Tem) cells.,Association; Biomarker; Experimental evidence,"Journal Article; Research Support, N.I.H., Extramural; Research Support, Non-U.S. Gov't","Aging; Animals; CD8-Positive T-Lymphocytes; Cells, Cultured; Clone Cells; Cytotoxicity, Immunologic; Female; Gene Expression Profiling; Granzymes; Humans; Immune System; Immunologic Memory; Inflammation; Mice; Mice, Inbred C57BL; Receptors, Antigen, B-Cell; Receptors, Antigen, T-Cell; Sequence Analysis, RNA; Single-Cell Analysis; Transcriptome"
GZMK,GZMK-expressing CD8+ T cells promote recurrent airway inflammatory diseases.,Nature,2025,39814882,10.1038/s41586-024-08395-9,B,Human and laboratory/animal study,"PubMed abstract evidence: By comparing T cell repertoires in nasal polyp tissues obtained from consecutive surgeries, here we report that persistent CD8+ T cell clones carrying effector memory-like features colonize the mucosal tissue during disease recurrence, and these cells characteristically express the tryptase Granzyme K (GZMK).",Association; Mechanism; Biomarker; Experimental evidence,"Journal Article; Research Support, Non-U.S. Gov't","CD8-Positive T-Lymphocytes; Animals; Mice; Humans; Recurrence; Nasal Polyps; Female; Male; Granzymes; Asthma; Sinusitis; Immunologic Memory; Inflammation; Mice, Inbred C57BL; Chronic Disease"
GZMK,GZMK+CD8+ T cells: multifaceted roles beyond cytotoxicity.,Trends in immunology,2025,40651883,10.1016/j.it.2025.06.003,B,Review,"PubMed abstract evidence: Among these, granzyme-K-expressing (GZMK+) CD8+ T cells represent a distinct subset characterized by low cytotoxicity but heightened proinflammatory activity, by contrast with their granzyme-B-expressing (GZMB+) counterparts with high cytotoxicity.",Review; Mechanism; Biomarker,"Journal Article; Review; Research Support, Non-U.S. Gov't","Humans; Animals; CD8-Positive T-Lymphocytes; Granzymes; Cytotoxicity, Immunologic; Neoplasms; Inflammation"
HIST1H2AC,Messenger RNA and MicroRNA transcriptomic signatures of cardiometabolic risk factors.,BMC genomics,2017,28178938,10.1186/s12864-017-3533-9,C,Human study,"PubMed abstract evidence: Four mRNAs (FAM13A, CSF2RB, HIST1H2AC, WNK1) were associated with all 6 CM traits (FDR < 0.001) and four miRNAs (miR-197-3p, miR-328, miR-505-5p, miR-145-5p) were associated with four CM traits (FDR < 0.05).",Association; Biomarker; Experimental evidence,"Journal Article; Research Support, N.I.H., Intramural; Research Support, N.I.H., Extramural","Adult; Aged; Cardiovascular Diseases; Cohort Studies; Databases, Genetic; Female; Gene Expression Profiling; Humans; Logistic Models; Male; MicroRNAs; Middle Aged; Phenotype; Prospective Studies; RNA, Messenger; Risk Factors; Transcriptome"
HIST1H2AC,The global clonal complexity of the murine blood system declines throughout life and after serial transplantation.,Blood,2019,30782612,10.1182/blood-2018-09-873059,C,Laboratory/animal study,"PubMed abstract evidence: Whole-exome sequencing of serially transplanted aged and young hematopoietic clones confirmed oligoclonal hematopoiesis and revealed mutations in at least 27 genes, including nonsense, missense, and deletion mutations in Bcl11b, Hist1h2ac, Npy2r, Notch3, Ptprr, and Top2b.",Association; Experimental evidence,"Journal Article; Research Support, N.I.H., Extramural; Research Support, Non-U.S. Gov't",Aging; Animals; Clone Cells; Hematopoiesis; Hematopoietic Stem Cell Transplantation; Hematopoietic Stem Cells; Mice
HLA-DQA1,Genetic Determinants of Colonic Diverticulosis-A Systematic Review.,Genes,2025,40428403,10.3390/genes16050581,B,Review,"PubMed abstract evidence: Identified in GWAS studies, gene candidates may be grouped into blood group and immune system-related genes (ABO, HLA-DQA1, HLA-H, OAS1, TNFSF13, FADD), extracellular matrix and connective tissue genes (COL6A1, COLQ, EFEMP1, ELN, HAS2, TIMP2), signaling and cell communication (BMPR1B, WNT4, RHOU, PHGR1, PCSK5), nervous system and neurodevelopment (BDNF, CACNB2, GPR158, SIRT1, SCAPER, TRPS1), metabolism and...",Review; Mechanism,Journal Article; Systematic Review,"Humans; Diverticulosis, Colonic; Genetic Predisposition to Disease; Genome-Wide Association Study; Tissue Inhibitor of Metalloproteinase-1; Extracellular Matrix; Matrix Metalloproteinase 9; Polymorphism, Single Nucleotide; Collagen Type III"
HLA-DQA1,"Single-cell spatial transcriptomics reveal intraglomerular cell activation and ligand-receptor relationships in chronic, active antibody mediated rejection.",Kidney international,2026,41173191,10.1016/j.kint.2025.08.042,B,Human single-cell/transcriptomic study,"PubMed abstract evidence: Proximity of NK cells and macrophages with GEC revealed several potential ligand receptor interactions previously unappreciated, including GEC IL33→NK cell IL1RL1 and GEC HLA-DQA1→Macrophage FCGR3A, implicating NK cell and macrophage activation in endothelial injury.",Association; Mechanism; Biomarker; Experimental evidence,Journal Article,"Humans; Graft Rejection; Kidney Transplantation; Single-Cell Analysis; Macrophages; Endothelial Cells; Killer Cells, Natural; Kidney Glomerulus; Transcriptome; Male; Female; Gene Expression Profiling; Ligands; Middle Aged; Adult; Biopsy"
HLA-DQA1,Population and single-cell analyses reveal immune cell-specific expression profiles associated with Alzheimer's disease risk.,Alzheimer's & dementia : the journal of the Alzheimer's Association,2026,41866337,10.1002/alz.71282,B,Human single-cell/transcriptomic study,"PubMed abstract evidence: Expression of BIN1, CTSW, CTSH, HLA-DRB1, TSTD1, PLEKHA1, and SCIMP increased AD risk, while EPHA1-AS1, FCER1G, FIBP, KAT8, STX4, and HLA-DQA1 reduced it.",Association; Mechanism; Biomarker; Experimental evidence,Journal Article,Alzheimer Disease; Humans; Genome-Wide Association Study; Brain; Single-Cell Analysis; Genetic Predisposition to Disease; Mendelian Randomization Analysis; Quantitative Trait Loci; Transcriptome
HLA-DQB1,Association of HLA-DRB1 and HLA-DQB1 with red-blood-cell alloimmunization in the Czech population.,Vox sanguinis,2017,28052334,10.1111/vox.12478,B,Human study,PubMed abstract evidence: HLA-DRB1 and HLA-DQB1 variants were determined by PCR-SSO and their frequencies compared between the patients (patient subgroups) and 375 ethnically and regionally matched controls.,Association; Experimental evidence,Journal Article,Adult; Alleles; Czech Republic; Erythrocytes; Female; Gene Frequency; Genotype; HLA-DQ beta-Chains; HLA-DRB1 Chains; Haplotypes; Humans; Isoantibodies; Male; Pregnancy
HLA-DQB1,Unraveling the pathophysiology of narcolepsy type 1 through hypothesis-driven and hypothesis-generating approaches.,Seminars in immunology,2025,40373365,10.1016/j.smim.2025.101962,B,Review,"PubMed abstract evidence: Given the genetic association with the HLA-DQB1 * 06:02 allele and environmental links with the 2009 influenza pandemic, many lines of evidence point towards an immune mechanism, notably autoimmunity, underlying the disease pathophysiology.",Review; Mechanism,"Journal Article; Review; Research Support, Non-U.S. Gov't","Humans; Narcolepsy; Animals; Autoimmunity; Orexins; HLA-DQ beta-Chains; T-Lymphocytes; Neurons; Disease Models, Animal"
HLA-DQB1,HLA-DQB1*03:01 strongly affects age of onset of type 1 narcolepsy independently of DQA1 and ethnicity.,Proceedings of the National Academy of Sciences of the United States of America,2025,41364757,10.1073/pnas.2513989122,B,Human single-cell/transcriptomic study,"PubMed abstract evidence: In contrast, HLA-DQB1*06:02-positive heterodimer (DQ0602) dosage did not strongly affect onset, and other known narcolepsy-associated genetic loci had minor effects.",Association; Biomarker; Experimental evidence,Journal Article,"Adult; Female; Humans; Male; Age of Onset; Alleles; Ethnicity; Genetic Predisposition to Disease; Genome-Wide Association Study; HLA-DQ alpha-Chains; HLA-DQ beta-Chains; Narcolepsy; Polymorphism, Single Nucleotide"
HLA-DRA,Early peripheral blood MCEMP1 and HLA-DRA expression predicts COVID-19 prognosis.,EBioMedicine,2023,36801619,10.1016/j.ebiom.2023.104472,B,Review,"PubMed abstract evidence: FINDINGS: The most consistent differentially regulated genes in peripheral blood of severe COVID-19 patients were MCEMP1, HLA-DRA and ETS1 across the 7 transcriptomics datasets.",Review; Mechanism; Biomarker,Systematic Review; Journal Article,"Humans; Aged; HLA-DR alpha-Chains; COVID-19; SARS-CoV-2; Leukocytes, Mononuclear; Prognosis"
HLA-DRA,Single-cell RNA sequencing of chronic idiopathic erythroderma defines disease-specific markers.,The Journal of allergy and clinical immunology,2025,39694280,10.1016/j.jaci.2024.11.037,B,Human single-cell/transcriptomic study,"PubMed abstract evidence: While patients with CIE and eCTCL lacked the strong type 2 or type 17 immune skewing typically found in atopic dermatitis or psoriasis, respectively, they were characterized by upregulation of MHC II genes (HLA-DRB1, HLA-DRA, and CD74) in keratinocytes and fibroblasts, most likely in an IFN-γ-dependent fashion.",Association; Mechanism; Biomarker; Experimental evidence,Journal Article,"Humans; Dermatitis, Exfoliative; Male; Single-Cell Analysis; Female; Middle Aged; Adult; Sequence Analysis, RNA; Chronic Disease; Biomarkers; Aged; Lymphoma, T-Cell, Cutaneous; Psoriasis; Skin"
HLA-DRA,A spatially resolved transcriptome landscape during thyroid cancer progression.,Cell reports. Medicine,2025,40157360,10.1016/j.xcrm.2025.102043,B,Human single-cell/transcriptomic study,"PubMed abstract evidence: Our integrative analysis reveals extensive molecular and cellular heterogeneity during thyroid cancer progression, enabling the identification of three distinct thyrocyte meta-clusters, including TG+IYG+ subpopulation in PT, HLA-DRB1+HLA-DRA+ subpopulation in early cancerous stages, and APOE+APOC1+ subpopulation in late-stage progression.",Association; Biomarker; Experimental evidence,Journal Article,"Humans; Thyroid Neoplasms; Disease Progression; Tumor Microenvironment; Transcriptome; Gene Expression Regulation, Neoplastic; Thyroid Cancer, Papillary; Thyroid Carcinoma, Anaplastic; Plasminogen Activator Inhibitor 1; Prognosis"
IFITM3,Immune system disturbances in schizophrenia.,Biological psychiatry,2014,23890736,10.1016/j.biopsych.2013.06.010,C,Review,PubMed abstract evidence: Recent data suggest that IFITM3 expression is a critical mediator of maternal immune activation.,Review; Mechanism; Biomarker,"Journal Article; Research Support, N.I.H., Extramural; Review","Animals; Anti-Inflammatory Agents; Brain; Female; Genetic Predisposition to Disease; Humans; Maternal Exposure; Membrane Proteins; Pregnancy; Pregnancy Complications, Infectious; RNA-Binding Proteins; Schizophrenia; Serpins; Transcriptome"
IFITM3,IFITM3 enhances immunosensitivity via MHC-I regulation and is associated with the efficacy of anti-PD-1/-L1 therapy in SCLC.,Molecular cancer,2025,40611157,10.1186/s12943-025-02383-x,C,Human single-cell/transcriptomic study,PubMed abstract evidence: Clinical data from SCLC patients treated with PD-1/PD-L1 inhibitors were used to investigate the associations between treatment efficacy and IFITM3 expression.,Association; Mechanism; Biomarker; Experimental evidence,Journal Article,"Humans; Small Cell Lung Carcinoma; Lung Neoplasms; Animals; Membrane Proteins; RNA-Binding Proteins; Mice; Gene Expression Regulation, Neoplastic; Programmed Cell Death 1 Receptor; Immune Checkpoint Inhibitors; B7-H1 Antigen; Cell Line, Tumor; Histocompatibility Antigens Class I; Xenograft Model Antitumor Assays; Female; Male; Biomarkers, Tumor"
IFITM3,Periodontitis-induced neuroinflammation triggers IFITM3-Aβ axis to cause alzheimer's disease-like pathology and cognitive decline.,Alzheimer's research & therapy,2025,40684176,10.1186/s13195-025-01818-3,C,Laboratory/animal study,"PubMed abstract evidence: Recently, interferon-induced transmembrane protein 3 (IFITM3), an inflammation-induced innate immunity protein, was identified as a novel γ-secretase modulatory protein for Aβ production in AD.",Association; Mechanism; Biomarker; Experimental evidence,Journal Article,"Animals; Alzheimer Disease; Mice; Amyloid beta-Peptides; Periodontitis; Cognitive Dysfunction; Membrane Proteins; Mice, Inbred C57BL; Neuroinflammatory Diseases; Astrocytes; Porphyromonas gingivalis; RNA-Binding Proteins; Male; Mice, Transgenic; Disease Models, Animal; Brain; Microglia; Antigens, Differentiation"
IL32,Pericytes Modulate Third-Generation Tyrosine Kinase Inhibitor Sensitivity in EGFR-Mutated Lung Cancer Cells Through IL32-β5-Integrin Paracrine Signaling.,"Advanced science (Weinheim, Baden-Wurttemberg, Germany)",2024,39435643,10.1002/advs.202405130,A,Human single-cell/transcriptomic study,"PubMed abstract evidence: The study shows that PCs isolated from EGFR-mutated patients have a unique secretome profile, notably secreting IL32 and affecting signaling pathways and biological processes linked to TKI sensitivity.",Association; Mechanism; Biomarker; Experimental evidence,"Journal Article; Research Support, Non-U.S. Gov't","Humans; Lung Neoplasms; Pericytes; ErbB Receptors; Paracrine Communication; Protein Kinase Inhibitors; Animals; Mice; Interleukins; Cell Line, Tumor; Mutation; Signal Transduction; Disease Models, Animal; Tyrosine Kinase Inhibitors; Integrins"
IL32,"Advancing personalized, predictive, and preventive medicine in bladder cancer: a multi-omics and machine learning approach for novel prognostic modeling, immune profiling, and therapeutic target discovery.",Frontiers in immunology,2025,40330458,10.3389/fimmu.2025.1572034,A,Human single-cell/transcriptomic study,"PubMed abstract evidence: RESULTS: The ICDRS, based on eight key genes (IL32, AHNAK, ANXA5, FN1, GSN, CNN3, FXYD3, CTSS), effectively stratified BLCA patients into high- and low-risk groups with significant differences in overall survival (OS, P < 0.001).",Association; Mechanism; Biomarker; Experimental evidence,Journal Article,"Humans; Urinary Bladder Neoplasms; Machine Learning; Tumor Microenvironment; Prognosis; Precision Medicine; Biomarkers, Tumor; Gene Expression Profiling; Single-Cell Analysis; Gene Expression Regulation, Neoplastic; Female; Male; Computational Biology; Multiomics"
IL32,Acute Respiratory Distress Syndrome Molecular Phenotypes Have Distinct Lower Respiratory Tract Transcriptomes.,American journal of respiratory and critical care medicine,2025,40997225,10.1164/rccm.202407-1454OC,A,Human single-cell/transcriptomic study,"PubMed abstract evidence: Eighteen genes were reproducibly differentially expressed between phenotypes in both cohorts, including greater expression of IL32, HSPA8, and PPP3CC in hyperinflammatory ARDS.",Association; Mechanism; Biomarker; Experimental evidence,"Journal Article; Research Support, N.I.H., Extramural; Research Support, Non-U.S. Gov't",Humans; Respiratory Distress Syndrome; Phenotype; Transcriptome; COVID-19; Male; Female; Middle Aged; Aged; SARS-CoV-2; Adult
IL7R,Lrp10 suppresses IL7R limiting CD8 T cell homeostatic expansion and anti-tumor immunity.,EMBO reports,2024,38956225,10.1038/s44319-024-00191-w,A,Human and laboratory/animal study,"PubMed abstract evidence: T-cell activation induces Lrp10 expression, which post-translationally suppresses IL7 receptor (IL7R) levels.",Association; Mechanism; Biomarker; Experimental evidence,Journal Article,"Animals; CD8-Positive T-Lymphocytes; Mice; Homeostasis; Receptors, Interleukin-7; LDL-Receptor Related Proteins; Signal Transduction; Lymphocyte Activation; Mice, Knockout; Mice, Inbred C57BL; Immunologic Memory; Neoplasms; Humans"
IL7R,Single-Cell Transcriptomic Profile of Innate Cell Populations in Mesenteric Lymph Nodes of Inflammatory Bowel Disease Patients.,Inflammatory bowel diseases,2025,39982469,10.1093/ibd/izaf017,A,Human single-cell/transcriptomic study,"PubMed abstract evidence: Among NK/ILC clusters, we identified a cytotoxic ILC subset (IL7R, KLRD1, GNLY), previously not reported in MLNs, reminiscent of cytotoxic ILC1-like cells found in inflamed gut mucosa.",Association; Biomarker; Experimental evidence,Journal Article,"Humans; Immunity, Innate; Lymph Nodes; Dendritic Cells; Female; Transcriptome; Male; Single-Cell Analysis; Adult; Middle Aged; Mesentery; Macrophages; Inflammatory Bowel Diseases; Monocytes; Crohn Disease; Killer Cells, Natural; Colitis, Ulcerative; Gene Expression Profiling"
IL7R,A single-cell and spatial genomics atlas of human skin fibroblasts reveals shared disease-related fibroblast subtypes across tissues.,Nature immunology,2025,40993240,10.1038/s41590-025-02267-8,A,Human single-cell/transcriptomic study,"PubMed abstract evidence: The second, F6: inflammatory myofibroblasts (IL11+MMP1+CXCL8+IL7R+), characterizes early human skin wounds, inflammatory diseases with scarring risk and cancer.",Association; Biomarker; Experimental evidence,Journal Article,Humans; Fibroblasts; Skin; Single-Cell Analysis; Skin Diseases; Genomics; Myofibroblasts
ITGA2B,Identification of ITGA2B and ITGB3 Single-Nucleotide Polymorphisms and Their Influences on the Platelet Function.,BioMed research international,2016,27965976,10.1155/2016/5675084,B,Human study,PubMed abstract evidence: The aim of the study was to investigate ITGA2B and ITGB3 genetic polymorphisms and to evaluate the variability in the platelet function in healthy Chinese subjects.,Association; Experimental evidence,Journal Article,"Adolescent; Adult; Alleles; Asian People; Bleeding Time; Blood Coagulation; Blood Platelets; Fibrinogen; Genotype; Humans; Integrin alpha2; Integrin beta3; Mean Platelet Volume; Middle Aged; Open Reading Frames; Platelet Aggregation; Polymorphism, Single Nucleotide; Prothrombin Time; Young Adult"
ITGA2B,ITGA2B/ITGB3-Related Macrothrombocytopenia Associated With Gain-of-Function Mutations in ITGA2B or ITGB3 Genes.,Journal of cellular and molecular medicine,2026,41503871,10.1111/jcmm.70988,B,Review,"PubMed abstract evidence: While classical GT typically exhibits normal platelet counts and morphology, very rare mutations in ITGA2B (encoding αIIb) and/or ITGB3 (encoding β3) cause macrothrombocytopenia or increased platelet anisotropy (heterogeneity of platelet size and morphology).",Review,Journal Article; Review,Humans; Integrin alpha2; Thrombocytopenia; Integrin beta3; Gain of Function Mutation; Blood Platelets; Thrombasthenia; Animals; Platelet Glycoprotein GPIIb-IIIa Complex
ITGA2B,A CREM-ITGA2B-MAPK axis drives proliferation and invasiveness in gastric cancer: insights from single-cell analysis.,"Cellular oncology (Dordrecht, Netherlands)",2026,41944931,10.1007/s13402-026-01189-3,B,Human single-cell/transcriptomic study,PubMed abstract evidence: CREM activation promotes aggressive tumor phenotypes and correlates with poorer patient outcomes by regulating the ITGA2B promoter and MAPK signaling pathway.,Association; Mechanism; Biomarker; Experimental evidence,Journal Article,"Humans; Stomach Neoplasms; Cell Proliferation; Single-Cell Analysis; Neoplasm Invasiveness; Tumor Microenvironment; Gene Expression Regulation, Neoplastic; Integrin alpha2; Cell Line, Tumor; MAP Kinase Signaling System; Single-Cell Gene Expression Analysis"
KLRG1,KLRG1 Cell Depletion as a Novel Therapeutic Strategy in Patients with Mature T-Cell Lymphoma Subtypes.,Clinical cancer research : an official journal of the American Association for Cancer Research,2024,38252421,10.1158/1078-0432.CCR-23-3504,B,Human and laboratory/animal study,"PubMed abstract evidence: EXPERIMENTAL DESIGN: Primary specimens, cell lines, patient-derived xenograft models, commercially available, and proprietary anti-KLRG1 antibodies were used for screening, target, and functional validation.",Association; Mechanism; Experimental evidence,Journal Article,"Animals; Humans; Mice; Antibodies, Monoclonal; Cell Line, Tumor; Killer Cells, Natural; Lectins, C-Type; Lymphoma, T-Cell; Receptors, Immunologic; Xenograft Model Antitumor Assays"
KLRG1,T cell dynamics with neoadjuvant immunotherapy in head and neck cancer.,Nature reviews. Clinical oncology,2025,39658611,10.1038/s41571-024-00969-w,B,Review,"PubMed abstract evidence: Analyses of systemic responses have defined a PD-1+KLRG1- circulating CD8+ T cell subpopulation that is highly predictive of response, and revealed the interrelationships between intratumoural clones and circulating CD8+ T cells.",Review; Mechanism,Journal Article; Review,Humans; Neoadjuvant Therapy; Head and Neck Neoplasms; Immune Checkpoint Inhibitors; Squamous Cell Carcinoma of Head and Neck; CD8-Positive T-Lymphocytes; Immunotherapy; T-Lymphocytes
KLRG1,KLRG1 identifies regulatory T cells with mitochondrial alterations that accumulate with aging.,Nature aging,2025,40307497,10.1038/s43587-025-00855-9,B,Human single-cell/transcriptomic study,PubMed abstract evidence: Our analysis identifies a subpopulation of regulatory T (Treg) cells that is characterized by the extracellular expression of the co-inhibitory molecule killer cell lectin-like receptor subfamily G member 1 (KLRG1) and accumulates with aging in humans and mice.,Association; Mechanism; Biomarker; Experimental evidence,Journal Article,"Animals; T-Lymphocytes, Regulatory; Aging; Mice; Lectins, C-Type; Receptors, Immunologic; Mitochondria; Humans; Cellular Senescence; Mice, Inbred C57BL; Male; Female; Flow Cytometry; Single-Cell Analysis"
LDHB,"Identify metabolism-related genes IDO1, ALDH2, NCOA2, SLC7A5, SLC3A2, LDHB, and HPRT1 as potential prognostic markers and correlate with immune infiltrates in head and neck squamous cell carcinoma.",Frontiers in immunology,2022,36090994,10.3389/fimmu.2022.955614,A,Human study,"PubMed abstract evidence: Overall survival analysis showed that upregulated genes CD276, LDHB, SLC3A2, EGFR, SLC7A5, and HPRT1 are potential unfavorable prognostic markers in HNSCC, while downregulated genes EEA1, IDO1, NCOA2, REST, CCL19, and ALDH2 are potential favorable prognostic markers in HNSCC.",Association; Mechanism; Biomarker; Experimental evidence,"Journal Article; Research Support, Non-U.S. Gov't","Aldehyde Dehydrogenase, Mitochondrial; B7 Antigens; Carcinoma, Squamous Cell; Fusion Regulatory Protein 1, Heavy Chain; Head and Neck Neoplasms; Humans; Large Neutral Amino Acid-Transporter 1; Nuclear Receptor Coactivator 2; Prognosis; Squamous Cell Carcinoma of Head and Neck; Tumor Microenvironment"
LDHB,1-Pyrroline-5-carboxylate inhibit T cell glycolysis in prostate cancer microenvironment by SHP1/PKM2/LDHB axis.,Cell communication and signaling : CCS,2024,38326896,10.1186/s12964-024-01493-1,A,Human and laboratory/animal study,"PubMed abstract evidence: RESULT: PKM2 and LDHB bind SHP1 in T cells, and P5C could increase the levels of p-PKM2 while having no effect on the levels of PKM2 and LDHB.",Association; Mechanism; Biomarker; Experimental evidence,"Journal Article; Research Support, Non-U.S. Gov't","Humans; Male; Animals; T-Lymphocytes; Prostate; Tumor Microenvironment; Prostatic Neoplasms; Cell Proliferation; Glycolysis; Cell Line, Tumor; Pyrroles"
LDHB,HMOX1-LDHB interaction promotes ferroptosis by inducing mitochondrial dysfunction in foamy macrophages during advanced atherosclerosis.,Developmental cell,2025,39731912,10.1016/j.devcel.2024.12.011,A,Human single-cell/transcriptomic study,"PubMed abstract evidence: Mechanically, upregulated heme oxygenase 1 (HMOX1)-lactate dehydrogenase B (LDHB) interaction enables Lon peptidase 1 (LONP1) to degrade mitochondrial transcription factor A (TFAM), leading to mitochondrial dysfunction and ferroptosis.",Association; Mechanism; Biomarker; Experimental evidence,"Journal Article; Research Support, Non-U.S. Gov't","Ferroptosis; Atherosclerosis; Animals; Mitochondria; Heme Oxygenase-1; Mice; Humans; Reactive Oxygen Species; L-Lactate Dehydrogenase; Foam Cells; Mice, Inbred C57BL; Macrophages; Male; Membrane Proteins"
LEF1,TCF1 in T cell immunity: a broadened frontier.,Nature reviews. Immunology,2022,34127847,10.1038/s41577-021-00563-6,B,Review,PubMed abstract evidence: TCF1 and its homologue LEF1 are historically known as effector transcription factors downstream of the WNT signalling pathway and are essential for early T cell development.,Review; Mechanism; Biomarker,Journal Article; Review,"CD8-Positive T-Lymphocytes; Cell Differentiation; Epigenesis, Genetic; Gene Expression Regulation; Hepatocyte Nuclear Factor 1-alpha; Humans"
LEF1,TCF1-LEF1 co-expression identifies a multipotent progenitor cell (TH2-MPP) across human allergic diseases.,Nature immunology,2024,38589618,10.1038/s41590-024-01803-2,B,Human single-cell/transcriptomic study,"PubMed abstract evidence: To understand these divergent outcomes, we employed bioinformatic, immunophenotyping and functional approaches with human diseased tissues, identifying an abundant population of type 2 helper T (TH2) cells with co-expression of TCF7 and LEF1, and features of chronic activation.",Association; Mechanism; Biomarker; Experimental evidence,"Journal Article; Research Support, Non-U.S. Gov't; Research Support, N.I.H., Extramural","Humans; Lymphoid Enhancer-Binding Factor 1; Th2 Cells; Hepatocyte Nuclear Factor 1-alpha; Hypersensitivity; Multipotent Stem Cells; T-Lymphocytes, Regulatory; Cell Differentiation; Cytokines; Thymic Stromal Lymphopoietin; Animals; Cells, Cultured; Mice; T Cell Transcription Factor 1"
LEF1,LEF1 and niche factors determine T cell stemness across chronic diseases.,Cell,2026,42385703,10.1016/j.cell.2026.06.022,B,Human and laboratory/animal study,"PubMed abstract evidence: Using preclinical models of autoimmune type 1 diabetes and chronic infection, we discover that a small subset of TCF1hi T cells express the TF LEF1.",Association; Mechanism; Experimental evidence,Journal Article,"Lymphoid Enhancer-Binding Factor 1; Animals; Mice; Diabetes Mellitus, Type 1; Chronic Disease; Stem Cell Niche; T-Lymphocytes; Hepatocyte Nuclear Factor 1-alpha; Cell Differentiation; Stem Cells; Humans"
LGALS2,Galectin-2 (LGALS2) 3279C/T polymorphism may be independently associated with diastolic blood pressure in patients with rheumatoid arthritis.,"Clinical and experimental hypertension (New York, N.Y. : 1993)",2009,19330599,10.1080/10641960802621267,B,Human study,PubMed abstract evidence: The galectin-2 (LGALS2) 3279 C/T single nucleotide polymorphism (SNP) has recently been associated with myocardial infarction (MI).,Association; Mechanism; Biomarker; Experimental evidence,"Journal Article; Research Support, Non-U.S. Gov't","Aged; Arthritis, Rheumatoid; Blood Pressure; Female; Galectin 2; Genotype; Humans; Hypertension; Male; Middle Aged; Myocardial Infarction; Polymorphism, Single Nucleotide; Prevalence; Risk Factors"
LGALS2,Identification of Risk Genes Associated with Myocardial Infarction-Big Data Analysis and Literature Review.,International journal of molecular sciences,2022,36499335,10.3390/ijms232315008,B,Review,"PubMed abstract evidence: The most important genes increasing the risk for AMI are lymphotoxin-a gene (LTA), LGALS2, LDLR, and APOA5.",Review,Journal Article; Review,Humans; Myocardial Infarction; Lymphotoxin-alpha; Galectin 2; Data Analysis; Risk Factors
LGALS2,Deciphering the role of LGALS2: insights into tertiary lymphoid structure-associated dendritic cell activation and immunotherapeutic potential in breast cancer patients.,Molecular cancer,2024,39350165,10.1186/s12943-024-02126-4,B,Human single-cell/transcriptomic study,"PubMed abstract evidence: Here, we performed an integrated analysis of bulk transcriptome data from over 6000 BRCA samples using biological network-based computational strategies and machine learning (ML) methods, and identified LGALS2 as a key marker within TLSs.",Association; Mechanism; Biomarker; Experimental evidence,Journal Article,"Animals; Female; Humans; Mice; Biomarkers, Tumor; Breast Neoplasms; Dendritic Cells; Galectin 2; Gene Expression Regulation, Neoplastic; Immunotherapy; Prognosis; Single-Cell Analysis; Tertiary Lymphoid Structures; Tumor Microenvironment"
LINC00926,Long non-coding RNA LINC00926 regulates WNT10B signaling pathway thereby altering inflammatory gene expression in PTSD.,Translational psychiatry,2022,35551428,10.1038/s41398-022-01971-5,A,Human study,"PubMed abstract evidence: Increased H3K4me3 resulted from LINC00926, which we found to be upregulated in the PTSD sample, bringing in histone methyltransferase, MLL1, onto WNT10B promotor leading to the introduction of H3K4 trimethylation.",Association; Mechanism; Biomarker; Experimental evidence,"Journal Article; Research Support, N.I.H., Extramural","Gene Expression; Humans; Inflammation; Leukocytes, Mononuclear; Proto-Oncogene Proteins; RNA, Long Noncoding; Signal Transduction; Stress Disorders, Post-Traumatic; Wnt Proteins"
LINC00926,Ferroptosis and WDFY4 as novel targets for immunotherapy of lung adenocarcinoma.,Aging,2023,37728413,10.18632/aging.205042,A,Human single-cell/transcriptomic study,"PubMed abstract evidence: During the later phases of B cell differentiation in LUAD, there was a decrease in the expression levels of ACAP1, LINC00926, TLR10, MS4A1, WDFY4, and TRIM22 genes, whereas the expression levels of TMEM59, TP53INP1, and METTL7A genes were elevated.",Association; Mechanism; Biomarker; Experimental evidence,"Journal Article; Research Support, Non-U.S. Gov't","Ferroptosis; Humans; Lung Neoplasms; Adenocarcinoma of Lung; Immunotherapy; Animals; Mice; Gene Expression Regulation, Neoplastic; Prognosis; Cell Line, Tumor"
LINC00926,YY1-activated LINC00926 promotes the survival of mycobacteria and regulates inflammatory response in Mycobacterium tuberculosis-infected macrophages.,Archives of microbiology,2026,42274770,10.1007/s00203-026-04953-z,A,Human laboratory study,"PubMed abstract evidence: Notably, lncRNA LINC00926 is upregulated in peripheral blood mononuclear cells from tuberculosis patients.",Association; Mechanism; Biomarker; Experimental evidence,Journal Article,"Macrophages; Humans; YY1 Transcription Factor; Mycobacterium tuberculosis; RNA, Long Noncoding; Tuberculosis; Apoptosis; Cytokines; THP-1 Cells; Inflammation; Autophagy"
LST1,"LST1 and NCR3 expression in autoimmune inflammation and in response to IFN-gamma, LPS and microbial infection.",Immunogenetics,2006,16362817,10.1007/s00251-005-0057-2,A,Human laboratory study,"PubMed abstract evidence: The specific function of LST1 is not known, although expression analysis and functional data suggest an immunomodulatory role.",Association; Mechanism; Biomarker; Experimental evidence,"Journal Article; Research Support, Non-U.S. Gov't","Arthritis, Rheumatoid; Base Sequence; Blood Proteins; Case-Control Studies; Dendritic Cells; Gene Expression; Genetic Variation; Humans; In Vitro Techniques; Interferon-gamma; Intracellular Signaling Peptides and Proteins; Killer Cells, Natural; Lipopolysaccharides; Membrane Proteins; Natural Cytotoxicity Triggering Receptor 3; Pseudomonas aeruginosa; RNA, Messenger; Receptors, Immunologic; Recombinant Proteins; Staphylococcus aureus; Synovial Membrane; U937 Cells"
LST1,An upstream open reading frame regulates LST1 expression during monocyte differentiation.,PloS one,2014,24816991,10.1371/journal.pone.0096245,A,Human laboratory study,PubMed abstract evidence: The main objective of the present study was to assess whether uORFs regulate the expression of the MHC class III gene LST1.,Association; Mechanism; Biomarker; Experimental evidence,"Journal Article; Research Support, Non-U.S. Gov't","5' Untranslated Regions; Amino Acid Sequence; Base Sequence; Blotting, Western; Cell Differentiation; Cell Line, Tumor; Flow Cytometry; Gene Expression Regulation; Green Fluorescent Proteins; HEK293 Cells; HeLa Cells; Humans; Intracellular Signaling Peptides and Proteins; Major Histocompatibility Complex; Membrane Proteins; Molecular Sequence Data; Monocytes; Open Reading Frames; Reverse Transcriptase Polymerase Chain Reaction; Sequence Homology, Amino Acid; Sequence Homology, Nucleic Acid; Transcription Initiation, Genetic; U937 Cells"
LST1,LST1: a novel biomarker for efferocytosis in the co-occurrence of type 2 diabetes mellitus and clear cell renal cell carcinoma.,Frontiers in immunology,2025,41488617,10.3389/fimmu.2025.1737749,A,Human single-cell/transcriptomic study,"PubMed abstract evidence: Integrating machine learning and transcriptome analysis, we identified LST1 as a pivotal regulatory gene in both T2DM and ccRCC (AUC> 0.745).",Association; Mechanism; Biomarker; Experimental evidence,Journal Article,"Humans; Biomarkers; Carcinoma, Renal Cell; Comorbidity; Datasets as Topic; Diabetes Mellitus, Type 2; Efferocytosis; Intracellular Signaling Peptides and Proteins; Kidney Neoplasms; Membrane Proteins; Prediction Algorithms; Prognosis; Reproducibility of Results; Single-Cell Analysis; Transcriptome; Machine Learning"
LTB,Identifying CNS-colonizing T cells as potential therapeutic targets to prevent progression of multiple sclerosis.,"Med (New York, N.Y.)",2021,33748804,10.1016/j.medj.2021.01.006,A,Human single-cell/transcriptomic study,PubMed abstract evidence: FINDINGS: We identify a specific pathogenic CD161+/lymphotoxin beta (LTB)+ T cell population that resides in brains of progressive MS patients.,Association; Biomarker; Experimental evidence,"Journal Article; Research Support, Non-U.S. Gov't","Central Nervous System; Humans; Multiple Sclerosis; Multiple Sclerosis, Chronic Progressive; Multiple Sclerosis, Relapsing-Remitting; Natalizumab; T-Lymphocytes"
LTB,Single-Cell Transcriptomic Profile of Innate Cell Populations in Mesenteric Lymph Nodes of Inflammatory Bowel Disease Patients.,Inflammatory bowel diseases,2025,39982469,10.1093/ibd/izaf017,A,Human single-cell/transcriptomic study,"PubMed abstract evidence: DC clusters included 3 newly characterized DC clusters such as CD1c/CD163/VCAN/CD64-expressing DC3; AXL-expressing DCs; and a CD103+ DC subset, expressing LTB, S100B, and IL22RA2 (encoding IL22BP).",Association; Biomarker; Experimental evidence,Journal Article,"Humans; Immunity, Innate; Lymph Nodes; Dendritic Cells; Female; Transcriptome; Male; Single-Cell Analysis; Adult; Middle Aged; Mesentery; Macrophages; Inflammatory Bowel Diseases; Monocytes; Crohn Disease; Killer Cells, Natural; Colitis, Ulcerative; Gene Expression Profiling"
LTB,Single-cell transcriptomic analysis reveals T cell heterogeneity and metabolic reprogramming in human immune-mediated glomerulonephritis.,Autoimmunity,2025,41241792,10.1080/08916934.2025.2582720,A,Human single-cell/transcriptomic study,"PubMed abstract evidence: Notably, LTB⁺ memory T cells (LTB⁺ Tm) were selectively elevated in IgAN and LN patients.",Association; Mechanism; Biomarker; Experimental evidence,"Journal Article; Research Support, Non-U.S. Gov't","Humans; Single-Cell Analysis; Gene Expression Profiling; Glomerulonephritis; Transcriptome; T-Lymphocytes; Lupus Nephritis; Male; Female; Glomerulonephritis, IGA; T-Lymphocyte Subsets; Metabolic Reprogramming"
LYAR,"LYAR, a novel nucleolar protein with zinc finger DNA-binding motifs, is involved in cell growth regulation.",Genes & development,1993,8491376,10.1101/gad.7.5.735,A,Human and laboratory/animal study,PubMed abstract evidence: The cDNA is therefore named Ly-1 antibody reactive clone (LYAR).,Association; Mechanism; Biomarker; Experimental evidence,"Journal Article; Research Support, Non-U.S. Gov't; Research Support, U.S. Gov't, P.H.S.","Amino Acid Sequence; Animals; Base Sequence; Cell Division; Cell Line; DNA-Binding Proteins; Gene Expression Regulation, Leukemic; Humans; Leukemia, B-Cell; Leukemia, T-Cell; Male; Mice; Mice, Inbred C57BL; Mice, Inbred DBA; Mice, Nude; Molecular Sequence Data; Neoplasms, Radiation-Induced; Nuclear Proteins; Sequence Homology, Amino Acid; Testis; Thymus Gland; Tumor Cells, Cultured; Zinc Fingers"
LYAR,A Comprehensive Analysis of LYAR in Colorectal Cancer: Prognostic Marker and Therapeutic Target.,Cancer biotherapy & radiopharmaceuticals,2024,39159060,10.1089/cbr.2023.0181,A,Human single-cell/transcriptomic study,PubMed abstract evidence: This work investigated the biological mechanisms and clinical value of Ly1 antibody reactive (LYAR) in CRC.,Association; Mechanism; Biomarker; Experimental evidence,Journal Article,"Humans; Colorectal Neoplasms; Prognosis; Biomarkers, Tumor; Tumor Microenvironment; Male; Female; Gene Expression Regulation, Neoplastic"
LYAR,Spatiotemporal profiling of endocytic regulators in the immunosuppressive TAM microenvironment of glioma.,Brain research,2026,41352636,10.1016/j.brainres.2025.150086,A,Human single-cell/transcriptomic study,"PubMed abstract evidence: Among them, FCGR2B, CLEC7A, and LYAR emerged as key modulators associated with the spatiotemporal heterogeneity of tumor-associated macrophages (TAMs) and malignant cells.",Association; Mechanism; Biomarker; Experimental evidence,Journal Article,"Glioma; Tumor Microenvironment; Humans; Endocytosis; Brain Neoplasms; Tumor-Associated Macrophages; Macrophages; Lectins, C-Type"
MALAT1,An intersegmental single-cell profile reveals aortic heterogeneity and identifies a novel Malat1+ vascular smooth muscle subtype involved in abdominal aortic aneurysm formation.,Signal transduction and targeted therapy,2022,35473929,10.1038/s41392-022-00943-x,C,Laboratory/animal study,"PubMed abstract evidence: More importantly, vascular smooth muscle cells (VSMCs) demonstrated a novel composition in which VSMC 4 marked with the gene Malat1 were mainly distributed in the abdominal segment.",Association; Mechanism; Biomarker; Experimental evidence,"Journal Article; Research Support, Non-U.S. Gov't","Angiotensin II; Animals; Aorta; Aortic Aneurysm, Abdominal; Muscle, Smooth, Vascular; Myocytes, Smooth Muscle"
MALAT1,LncRNA MALAT1 and Ischemic Stroke: Pathogenesis and Opportunities.,Molecular neurobiology,2024,38087169,10.1007/s12035-023-03853-3,C,Review,"PubMed abstract evidence: Among these lncRNAs, MALAT1 (metastasis-associated lung adenocarcinoma transcript 1) has been extensively studied due to its involvement in the pathophysiological processes of IS.",Review; Mechanism; Biomarker,Journal Article; Review,"RNA, Long Noncoding; Humans; Animals; Ischemic Stroke; Oxidative Stress; Signal Transduction"
MALAT1,Long noncoding RNA Malat1 protects against osteoporosis and bone metastasis.,Nature communications,2024,38493144,10.1038/s41467-024-46602-3,C,Human single-cell/transcriptomic study,"PubMed abstract evidence: MALAT1, one of the few highly conserved nuclear long noncoding RNAs (lncRNAs), is abundantly expressed in normal tissues.",Association; Mechanism; Biomarker; Experimental evidence,Journal Article,"Animals; Humans; Mice; Macrophages; Osteoclasts; Osteogenesis; Osteoporosis; RNA, Long Noncoding"
MS4A1,"The regulation and function of CD20: an ""enigma"" of B-cell biology and targeted therapy.",Haematologica,2020,32482755,10.3324/haematol.2019.243543,B,Review,"PubMed abstract evidence: Several epigenetic (EZH2, HDAC1/2, HDAC1/4, HDAC6, complex Sin3A-HDAC1) and transcription factors (USF, OCT1/2, PU.1, PiP, ELK1, ETS1, SP1, NFκB, FOXO1, CREM, SMAD2/3) regulating CD20 expression (encoded by MS4A1) have been characterized.",Review; Mechanism; Biomarker,"Journal Article; Research Support, Non-U.S. Gov't; Review","Antibodies, Monoclonal; Antigens, CD20; B-Lymphocytes; Humans; Leukemia, Lymphocytic, Chronic, B-Cell; Pyrimidines; Rituximab"
MS4A1,"Novel cell subtypes of SPP1 + S100P+, MS4A1-SPP1 + S100P+ were key subpopulations in intrahepatic cholangiocarcinoma.",Biochimica et biophysica acta. General subjects,2023,37433400,10.1016/j.bbagen.2023.130420,B,Human single-cell/transcriptomic study,"PubMed abstract evidence: RESULTS: iCCA presented a unique immune ecosystem, with increased proportions of Epi (epithelial)-SPP1-2, Epi-S100P-1, Epi-DN (double negative for SPP1 and S100P expression)-1, Epi-DN-2, Epi-DP (double positive for SPP1 and S100P expression)-1, Plasma B-3, Plasma B-2, B-HSPA1A-1, B-HSPA1A-2 cells, and decreased proportions of B-MS4A1.",Association; Biomarker; Experimental evidence,"Journal Article; Research Support, Non-U.S. Gov't","Humans; Bile Duct Neoplasms; Bile Ducts, Intrahepatic; Biomarkers, Tumor; Calcium-Binding Proteins; Cholangiocarcinoma; Ecosystem; Neoplasm Proteins; Osteopontin; Glycoproteins"
MS4A1,MS4A1-PTGS2 axis induces taurine metabolic reprogramming to exacerbate abdominal aortic aneurysm progression.,International journal of medical sciences,2024,39239552,10.7150/ijms.99659,B,Human single-cell/transcriptomic study,PubMed abstract evidence: The publication title identifies MS4A1 as its subject: MS4A1-PTGS2 axis induces taurine metabolic reprogramming to exacerbate abdominal aortic aneurysm progression.,Association; Mechanism; Biomarker; Experimental evidence,Journal Article,"Aortic Aneurysm, Abdominal; Taurine; Animals; Humans; Mice; Disease Progression; Disease Models, Animal; Myocytes, Smooth Muscle; Male; Single-Cell Analysis; Extracellular Matrix; Metabolomics; Metabolic Reprogramming"
MS4A6A,Genetics of Alzheimer's Disease.,Dementia and neurocognitive disorders,2018,30906402,10.12779/dnd.2018.17.4.131,B,Review,"PubMed abstract evidence: Genome-wide association studies have found risk genes such as ABCA7, BIN1, CASS4, CD33, CD2AP, CELF1, CLU, CR1, DSG2, EPHA1, FERMT2, HLA-DRB5-HLA-DRB1, INPP5D, MEF2C, MS4A6A/MS4A4E, NME8, PICALM, PTK2B, SLC24A4, SORL1, and ZCWPW1.",Review; Biomarker,Journal Article; Review,
MS4A6A,MS4A6A regulates ox-LDL-induced endothelial dysfunction and monocyte adhesion in atherosclerosis via the IKK/NF-kappaB pathway.,International immunopharmacology,2025,40090082,10.1016/j.intimp.2025.114404,B,Human and laboratory/animal study,PubMed abstract evidence: Membrane Spanning 4-Domains A6A (MS4A6A) is associated with inflammation and primarily regulates immunity and cell signaling.,Association; Mechanism; Biomarker; Experimental evidence,Journal Article,"Humans; Animals; NF-kappa B; Lipoproteins, LDL; Atherosclerosis; Cell Adhesion; Monocytes; I-kappa B Kinase; Human Umbilical Vein Endothelial Cells; Signal Transduction; Mice; Male; Mice, Inbred C57BL; Mice, Knockout, ApoE"
MS4A6A,The Myeloid Biomarker MS4A6A Drives an Immunosuppressive Microenvironment in Glioblastoma via Activation of the PGE2 Signaling Axis.,International journal of molecular sciences,2025,41515934,10.3390/ijms27010058,B,Human single-cell/transcriptomic study,"PubMed abstract evidence: We integrated bulk- and single-cell transcriptomic datasets (TCGA, CGGA, Ivy GAP, and Brain Immune Atlas) to systematically characterize the expression, prognostic relevance, and immune contexture of the myeloid biomarker membrane-spanning 4-domain A6A, MS4A6A, in GBM.",Association; Mechanism; Biomarker; Experimental evidence,Journal Article,"Glioblastoma; Tumor Microenvironment; Humans; Signal Transduction; Dinoprostone; Biomarkers, Tumor; Tumor-Associated Macrophages; Brain Neoplasms; Gene Expression Regulation, Neoplastic; Myeloid Cells"
MS4A7,"The short isoform of MS4A7 is a novel player in glioblastoma microenvironment, M2 macrophage polarization, and tumor progression.",Journal of neuroinflammation,2023,36944954,10.1186/s12974-023-02766-1,A,Human single-cell/transcriptomic study,PubMed abstract evidence: The short isoform of MS4A7 (MS4A7-s) was selected for evaluation by RT-PCR and western blotting in clinical specimens.,Association; Mechanism; Biomarker; Experimental evidence,Journal Article,"Humans; Brain Neoplasms; Cell Line, Tumor; Gene Expression Regulation, Neoplastic; Glioblastoma; Macrophages; Membrane Proteins; Phosphatidylinositol 3-Kinases; Protein Isoforms; Transcription Factors; Tumor Microenvironment"
MS4A7,Hepatic danger signaling triggers TREM2+ macrophage induction and drives steatohepatitis via MS4A7-dependent inflammasome activation.,Science translational medicine,2024,38478630,10.1126/scitranslmed.adk1866,A,Human and laboratory/animal study,"PubMed abstract evidence: Here, we identify membrane-spanning 4-domains a7 (MS4A7) as a NAM-specific pathogenic factor that exacerbates MASH progression in mice.",Association; Mechanism; Biomarker; Experimental evidence,"Journal Article; Research Support, N.I.H., Extramural; Research Support, Non-U.S. Gov't","Animals; Humans; Male; Mice; Inflammasomes; Liver; Macrophages; Membrane Glycoproteins; NLR Family, Pyrin Domain-Containing 3 Protein; Non-alcoholic Fatty Liver Disease; Receptors, Immunologic; Membrane Proteins"
MS4A7,Lipid droplet efferocytosis attenuates proinflammatory signaling in macrophages via TREM2- and MS4A7-dependent mechanisms.,Cell reports,2025,39954254,10.1016/j.celrep.2025.115310,A,Human and laboratory/animal study,"PubMed abstract evidence: Additionally, MS4A7 downregulation contributes to LD efferocytosis-mediated dampening of inflammatory response.",Association; Mechanism; Experimental evidence,Journal Article,"Macrophages; Animals; Receptors, Immunologic; Signal Transduction; Membrane Glycoproteins; Mice; Lipid Droplets; Inflammation; Mice, Inbred C57BL; Phagocytosis; Inflammasomes; NLR Family, Pyrin Domain-Containing 3 Protein; Humans; Lysosomes; Male; Liver; Efferocytosis"
NKG7,The NK cell granule protein NKG7 regulates cytotoxic granule exocytosis and inflammation.,Nature immunology,2020,32839608,10.1038/s41590-020-0758-6,B,Human and laboratory/animal study,"Human and experimental models report that NKG7 regulates cytotoxic-granule exocytosis, target killing, and inflammatory responses.",Mechanism; Experimental evidence,"Journal Article; Research Support, N.I.H., Extramural; Research Support, Non-U.S. Gov't","Animals; CD4-Positive T-Lymphocytes; CD8-Positive T-Lymphocytes; Cells, Cultured; Cytotoxicity, Immunologic; Disease Models, Animal; Exocytosis; Humans; Inflammation; Killer Cells, Natural; Leishmania donovani; Leishmaniasis, Visceral; Malaria; Membrane Proteins; Mice; Mice, Inbred C57BL; Plasmodium; Secretory Vesicles"
NKG7,NKG7 Is a T-cell-Intrinsic Therapeutic Target for Improving Antitumor Cytotoxicity and Cancer Immunotherapy.,Cancer immunology research,2022,34911739,10.1158/2326-6066.CIR-21-0539,B,Human and laboratory study,Human-tumor analyses and laboratory experiments examine NKG7 as a target for improving T-cell cytotoxic function.,Association; Experimental evidence,"Journal Article; Research Support, N.I.H., Extramural; Research Support, Non-U.S. Gov't","Animals; CD8-Positive T-Lymphocytes; Humans; Immunotherapy; Membrane Proteins; Mice; Neoplasms; RNA, Messenger; T-Lymphocytes, Cytotoxic"
NKG7,NKG7 Is Required for Optimal Antitumor T-cell Immunity.,Cancer immunology research,2022,35013002,10.1158/2326-6066.CIR-20-0649,B,Laboratory/animal study,Experimental cancer models report that NKG7 is required for optimal antitumor T-cell activity.,Mechanism; Experimental evidence,"Journal Article; Research Support, Non-U.S. Gov't","Animals; CD8-Positive T-Lymphocytes; Humans; Immune Checkpoint Inhibitors; Immunotherapy; Killer Cells, Natural; Melanoma; Membrane Proteins; Mice; Tumor Microenvironment"
NOSIP,Modular genome-wide gene expression architecture shared by early traits of osteoporosis and atherosclerosis in the Young Finns Study.,Scientific reports,2021,33782480,10.1038/s41598-021-86536-0,B,Human study,"PubMed abstract evidence: The three most significant member genes from the significant modules were NOSIP, GXYLT2, and TRIM63 (p.adj ≤ 0.18).",Association; Biomarker; Experimental evidence,"Journal Article; Research Support, Non-U.S. Gov't","Adult; Atherosclerosis; Biomarkers; Bone Density; Cohort Studies; Female; Finland; Gene Expression; Genome, Human; Humans; Life Style; Male; Middle Aged; Osteoporosis; Reproducibility of Results"
NOSIP,"Peptide vaccine-treated, long-term surviving cancer patients harbor self-renewing tumor-specific CD8+ T cells.",Nature communications,2022,35660746,10.1038/s41467-022-30861-z,B,Human single-cell/transcriptomic study,"PubMed abstract evidence: Tracking TCR clonotypes at the single cell level reveals in two patients that peptide-specific long-lasting CD8+ T cells acquire an effector memory phenotype that associates with cell cycle-related genes (CCNA2 and CDK1), and are characterized by high expression of IL7R, SELL, and NOSIP along with a later stage promotion of the AP-1 transcription factor network (5 years or more past vaccination).",Association; Biomarker; Experimental evidence,"Journal Article; Research Support, Non-U.S. Gov't","CD8-Positive T-Lymphocytes; Cancer Vaccines; Humans; Neoplasms; Peptides; Vaccines, Subunit"
NOSIP,NOSIP overexpression promotes long-term persistence of CD8+ T cells during chronic infection.,Frontiers in immunology,2026,42440569,10.3389/fimmu.2026.1755657,B,Laboratory/animal study,"PubMed abstract evidence: In this study, we demonstrate that overexpression of nitric oxide synthase-interacting protein (NOSIP) enhances the persistence of antigen-specific CD8+ T cells under chronic antigen stimulation.",Association; Mechanism; Biomarker; Experimental evidence,Journal Article,"Animals; CD8-Positive T-Lymphocytes; Mice; T-Cell Exhaustion; Persistent Infection; CX3C Chemokine Receptor 1; B7-H1 Antigen; Mice, Inbred C57BL; Apoptosis"
NRGN,"NRGN, S100B and GFAP levels are significantly increased in patients with structural lesions resulting from mild traumatic brain injuries.",Clinical neurology and neurosurgery,2019,31234132,10.1016/j.clineuro.2019.105380,B,Human study,"PubMed abstract evidence: OBJECTIVE: To determine whether serum neurogranin (NRGN), glial fibrillary acidic protein (GFAP), and calcium-binding protein S100 beta (S100B) levels are associated with traumatic intracranial lesions compared to computed tomography (CT) findings of patients with mild traumatic brain injury (mTBI).",Association; Experimental evidence,Journal Article,Adolescent; Adult; Biomarkers; Brain Concussion; Brain Injuries; Child; Female; Glial Fibrillary Acidic Protein; Humans; Male; Middle Aged; Neurogranin; S100 Calcium Binding Protein beta Subunit; Sensitivity and Specificity
NRGN,"Single-cell characterization of the adult male hippocampus suggests a prominent, and cell-type specific, role for Nrgn and Sgk1 in response to a social stressor.",Molecular psychiatry,2026,41554902,10.1038/s41380-025-03417-y,B,Laboratory/animal study,"PubMed abstract evidence: We found previously unknown, cell-type specific, molecular signatures of a single prolonged social defeat stress response and identified Nrgn and SgK1 as key regulators in stress-responsive glutamatergic neurons, oligodendrocytes, astrocytes, and endothelial cells.",Association; Mechanism; Biomarker; Experimental evidence,Journal Article,"Animals; Male; Serum-Glucocorticoid Regulated Kinases; Hippocampus; Stress, Psychological; Mice; Protein Serine-Threonine Kinases; Immediate-Early Proteins; Mice, Knockout; Neurons; Receptors, Glucocorticoid; Receptors, Mineralocorticoid; Mice, Inbred C57BL; Social Defeat; Single-Cell Analysis"
NRGN,Identification of common genes and biomarkers between Dermatomyositis and rheumatoid arthritis through integrated bioinformatics.,PloS one,2026,41637423,10.1371/journal.pone.0340617,B,Human single-cell/transcriptomic study,"PubMed abstract evidence: Four core genes (JUNB, NRGN, HCP5, RARRES3) were prioritised; HCP5 and RARRES3 showed significant differential expression and diagnostic performance in external datasets (AUC 0.634-0.846).",Association; Mechanism; Biomarker; Experimental evidence,Journal Article,"Arthritis, Rheumatoid; Dermatomyositis; Humans; Computational Biology; Biomarkers; Gene Regulatory Networks; Gene Expression Profiling"
PF4,Platelet factor 4(PF4) and its multiple roles in diseases.,Blood reviews,2024,38008700,10.1016/j.blre.2023.101155,C,Review,PubMed abstract evidence: Platelet factor 4 (PF4) combines with heparin to form an antigen that could produce IgG antibodies and participate in heparin-induced thrombocytopenia (HIT).,Review; Mechanism,"Journal Article; Review; Research Support, Non-U.S. Gov't",Humans; Platelet Factor 4; COVID-19 Vaccines; Heparin; Thrombocytopenia; Immunoglobulin G; Immunologic Factors
PF4,Proteomic screening identifies PF4/Cxcl4 as a critical driver of myelofibrosis.,Leukemia,2024,39025985,10.1038/s41375-024-02354-z,C,Human and laboratory/animal study,PubMed abstract evidence: The chemokine Platelet Factor 4 (PF4)/Cxcl4 was up-regulated in all proteomes and increased in plasma and BM fluids of fibrotic mice.,Association; Mechanism; Biomarker; Experimental evidence,"Journal Article; Research Support, Non-U.S. Gov't","Platelet Factor 4; Animals; Mice; Primary Myelofibrosis; Humans; Proteomics; Megakaryocytes; Mice, Inbred C57BL; Cell Differentiation"
PF4,"Anti-PF4 disorders: Pathogenesis, diagnosis and treatment.",British journal of haematology,2025,40589323,10.1111/bjh.20216,C,Review,"PubMed abstract evidence: Platelet factor 4 (PF4) is a cationic protein, able to form complexes with negatively charged molecules upon its self-assembly into PF4 tetramers.",Review; Mechanism,Journal Article; Review,Humans; Platelet Factor 4; Heparin; SARS-CoV-2; COVID-19; Thrombosis; Thrombocytopenia; COVID-19 Vaccines; Immunoglobulin G; Autoantibodies; Platelet Activation
PIK3IP1,Inhibition of T-cell activation by PIK3IP1.,European journal of immunology,2012,22706993,10.1002/eji.201141653,B,Human laboratory study,PubMed abstract evidence: PIK3IP1 (PI3K interacting protein 1) is a recently described transmembrane protein that has the ability to bind the catalytic protein p110 and prevent its activation by the p85 family adaptor proteins.,Association; Mechanism; Biomarker; Experimental evidence,"Journal Article; Research Support, N.I.H., Extramural","Humans; Immunosuppression Therapy; Interleukin-2; Intracellular Signaling Peptides and Proteins; Jurkat Cells; Lymphocyte Activation; Membrane Proteins; NFATC Transcription Factors; Oncogene Protein v-akt; Phosphorylation; RNA, Small Interfering; T-Lymphocytes; Transcription Factor AP-1; Transcriptional Activation; Transgenes"
PIK3IP1,Control of T lymphocyte fate decisions by PI3K signaling.,F1000Research,2020,33024547,10.12688/f1000research.26928.1,B,Review,PubMed abstract evidence: Here we review recent key findings regarding both the triggering/enhancement of PI3K signals (via BCAP and ICOS) as well as their regulation (via PIK3IP1 and PHLPP) and how these signals integrate and determine cellular processes.,Review; Mechanism; Biomarker,"Journal Article; Research Support, N.I.H., Extramural; Review",Cell Differentiation; Humans; Phosphatidylinositol 3-Kinases; Signal Transduction; T-Lymphocytes
PIK3IP1,GANT61 suppresses proliferation and induces apoptosis in ALK-Positive anaplastic large cell lymphoma via modulating the Hh-PIK3IP1-Akt signaling axis.,Annals of hematology,2026,41571844,10.1007/s00277-026-06827-2,B,Human laboratory study,"PubMed abstract evidence: Protein expression levels of apoptosis-related markers (Bcl-2, Bax, caspase-3, cleaved caspase-3) and signaling molecules (Gli1, PIK3IP1, Akt, phosphorylated Akt) were quantitatively examined by western blotting.",Association; Mechanism; Biomarker; Experimental evidence,Journal Article,"Lymphoma, Large-Cell, Anaplastic; Apoptosis; Pyrimidines; Anaplastic Lymphoma Kinase; Signal Transduction; Pyridines; Humans; Cell Proliferation; Cell Line, Tumor; Proto-Oncogene Proteins c-akt; Hedgehog Proteins; Gene Expression Regulation, Neoplastic"
PPBP,PPBP and DEFA1/DEFA3 genes in hyperlipidaemia as feasible synergistic inflammatory biomarkers for coronary heart disease.,Lipids in health and disease,2017,28420383,10.1186/s12944-017-0471-0,A,Human study,"PubMed abstract evidence: RESULTS: α-defensin (DEFA1/DEFA3), pro-platelet basic protein (PPBP), and beta and alpha2 hemoglobin mRNA expression was significantly increased in H and CHD groups compared with controls, but only plasma PPBP and α-defensin proteins were correspondingly increased.",Association; Biomarker; Experimental evidence,Journal Article,"Adult; Aged; Atherosclerosis; Biomarkers; Case-Control Studies; Cholesterol, HDL; Cholesterol, LDL; Coronary Disease; Female; Gene Expression; Humans; Hyperlipidemias; Leukocytes, Mononuclear; Male; Middle Aged; Oligonucleotide Array Sequence Analysis; Triglycerides; alpha-Defensins; alpha-Globins; beta-Globins; beta-Thromboglobulin"
PPBP,PPBP gene as a biomarker for coronary heart disease risk in postmenopausal Thai women.,PeerJ,2022,35734636,10.7717/peerj.13615,A,Human study,PubMed abstract evidence: We recently reported that the PPBP and DEFA1/DEFA3 genes may be feasible synergistic biomarkers for CHD risk in Thai men with hyperlipidemia.,Association; Biomarker; Experimental evidence,"Journal Article; Research Support, Non-U.S. Gov't","Female; Humans; Male; Atherosclerosis; Biomarkers; Coronary Disease; Cross-Sectional Studies; Estrogens; Hyperlipidemias; Leukocytes, Mononuclear; Postmenopause; RNA, Messenger; Southeast Asian People; beta-Thromboglobulin"
PPBP,Migration of CD8 + TSCM cells into intestine via PPBP-CXCR2 axis increases host stress susceptibility by inhibiting gut microbiome-derived homovanillic acid.,Nature communications,2025,41258106,10.1038/s41467-025-65112-4,A,Human and laboratory/animal study,PubMed abstract evidence: The publication title identifies PPBP as its subject: Migration of CD8 + TSCM cells into intestine via PPBP-CXCR2 axis increases host stress susceptibility by inhibiting gut microbiome-derived homovanillic acid.,Association; Mechanism; Experimental evidence,Journal Article,"Animals; Gastrointestinal Microbiome; CD8-Positive T-Lymphocytes; Humans; Mice; Male; Mice, Inbred C57BL; Stress, Psychological; Female; Cell Movement; Memory T Cells; Intestines; Adoptive Transfer"
PRF1,Functional consequences of perforin gene mutations in 22 patients with familial haemophagocytic lymphohistiocytosis.,British journal of haematology,2002,12060139,10.1046/j.1365-2141.2002.03534.x,A,Human family study,Study of affected families links PRF1 variants to absent perforin expression and impaired cytotoxic function in familial HLH.,Association; Mechanism; Experimental evidence,"Journal Article; Research Support, Non-U.S. Gov't","Codon, Nonsense; Female; Fluorescent Antibody Technique; Genotype; Histiocytosis, Non-Langerhans-Cell; Humans; Infant; Infant, Newborn; Killer Cells, Natural; Lymphocyte Activation; Male; Membrane Glycoproteins; Mutation, Missense; Perforin; Phenotype; Pore Forming Cytotoxic Proteins"
PRF1,Characterisation of diverse PRF1 mutations leading to decreased natural killer cell activity in North American families with haemophagocytic lymphohistiocytosis.,Journal of medical genetics,2004,14757862,10.1136/jmg.2003.011528,A,Human multicenter family study,Multicenter family study characterizes diverse PRF1 mutations associated with reduced NK-cell activity in familial HLH.,Association; Experimental evidence,"Letter; Multicenter Study; Research Support, Non-U.S. Gov't","Amino Acid Sequence; Child; Child, Preschool; Cohort Studies; Female; Histiocytosis, Non-Langerhans-Cell; Humans; Infant; Infant, Newborn; Killer Cells, Natural; Male; Membrane Glycoproteins; Molecular Sequence Data; Mutation; North America; Perforin; Pore Forming Cytotoxic Proteins"
PRF1,Frequency and spectrum of disease-causing variants in 1892 patients with suspected genetic HLH disorders.,Blood advances,2020,32542393,10.1182/bloodadvances.2020001605,A,Human clinical cohort,Large clinical referral cohort reports PRF1 among the most frequent genes with pathogenic findings in suspected genetic HLH.,Association; Biomarker,Journal Article,"Amino Acid Transport System y+L; DNA Mutational Analysis; Genetic Testing; High-Throughput Nucleotide Sequencing; Humans; Lymphohistiocytosis, Hemophagocytic; Membrane Proteins; Mutation"
PRKCQ-AS1,Analysis of Immune and Prognostic-Related lncRNA PRKCQ-AS1 for Predicting Prognosis and Regulating Effect in Sepsis.,Journal of inflammation research,2024,38229689,10.2147/JIR.S433057,C,Other PubMed-indexed study,"PubMed abstract evidence: Subsequently, Subsequently, lncRNA PRKCQ-AS1 was identified as the regulator for further investigation in sepsis.",Association; Mechanism; Biomarker,Journal Article,
PRKCQ-AS1,Expression profile analysis of LncRNAs and mRNAs in pre-receptive endometrium of women with polycystic ovary syndrome undergoing in vitro fertilization-embryo transfer.,BMC medical genomics,2024,38243290,10.1186/s12920-024-01806-w,C,Human laboratory study,"PubMed abstract evidence: qRT-PCR was performed to detect the expression of 9 lncRNAs, and validated that the expression of these 7 lncRNAs IDH1-AS1, PCAT14, FTX, DANCR, PRKCQ-AS1, SNHG8, TPT1-AS1 were significantly enhanced among PCOS patients.",Association; Mechanism; Biomarker; Experimental evidence,"Journal Article; Research Support, Non-U.S. Gov't","Humans; Female; RNA, Messenger; RNA, Long Noncoding; Polycystic Ovary Syndrome; Janus Kinases; Phosphatidylinositol 3-Kinases; Signal Transduction; STAT Transcription Factors; Gene Expression Profiling; Embryo Transfer; Endometrium; Fertilization in Vitro; Gene Regulatory Networks; Rod Opsins"
PRKCQ-AS1,"Identification of PRKCQ-AS1 as a Keratinocyte-Derived Exosomal lncRNA That Promotes Th17 Differentiation and IL-17 secretion in Psoriasis Through Bioinformatics, Machine Learning Algorithms, and Cell Experiments.",Journal of inflammation research,2025,40433053,10.2147/JIR.S521553,C,Computational study,"PubMed abstract evidence: RESULTS: We identified 10 exosome-related ncRNAs, including PRKCQ-AS1, and constructed five machine learning models with excellent diagnostic performance, emphasizing PRKCQ-AS1's significance.",Association; Mechanism; Biomarker,Journal Article,
RPL13,Identifying CDCA4 as a Radiotherapy Resistance-Associated Gene in Colorectal Cancer by an Integrated Bioinformatics Analysis Approach.,Genes,2025,40565588,10.3390/genes16060696,A,Human single-cell/transcriptomic study,"PubMed abstract evidence: A gene signature, including CDCA4, FANCA, PBRM1, RPL13, and C12orf43, was developed to predict radiotherapy response.",Association; Mechanism; Biomarker; Experimental evidence,Journal Article,"Humans; Colorectal Neoplasms; Computational Biology; Cell Cycle Proteins; Tumor Microenvironment; Radiation Tolerance; Male; Female; Exome Sequencing; Nuclear Proteins; Gene Expression Regulation, Neoplastic; Biomarkers, Tumor; Mutation; Middle Aged; Transcriptome"
RPL13,Integrated single-cell and transcriptomic analysis of bone marrow-derived metastatic neuroblastoma reveals molecular mechanisms of metabolic reprogramming.,Scientific reports,2025,40764361,10.1038/s41598-025-13626-8,A,Human single-cell/transcriptomic study,"PubMed abstract evidence: Through integrated analyses, five core metabolic reprogramming genes (MRPL21, NHP2, RPL13, RPL18A, and RPL27A) were identified and shown to be significantly associated with poor prognosis.",Association; Mechanism; Biomarker; Experimental evidence,Journal Article,"Humans; Neuroblastoma; Single-Cell Analysis; Gene Expression Profiling; Gene Expression Regulation, Neoplastic; Transcriptome; Tumor Microenvironment; Bone Marrow Neoplasms; Cell Line, Tumor; Computational Biology; Bone Marrow; Prognosis; Metabolic Reprogramming"
RPL13,Single-cell transcriptomic profiling combined with Mendelian randomization illuminates molecular drivers of bladder cancer.,Molecular genetics and genomics : MGG,2026,41779063,10.1007/s00438-026-02371-w,A,Human single-cell/transcriptomic study,"PubMed abstract evidence: Mendelian randomization highlighted six bladder-cancer-related genes-ARHGEF18, HLA-DRB5, ISG20, NCF1, RPL13, and YPEL5.",Association; Mechanism; Biomarker; Experimental evidence,Journal Article,"Humans; Urinary Bladder Neoplasms; Gene Expression Regulation, Neoplastic; Mendelian Randomization Analysis; Gene Expression Profiling; Single-Cell Gene Expression Analysis; Transcriptome; Genome-Wide Association Study; Single-Cell Analysis; Quantitative Trait Loci; Cell Line, Tumor; Polymorphism, Single Nucleotide; Genetic Predisposition to Disease; Cell Proliferation"
RPL23A,[Identification of core pathogenic genes and pathways in elderly osteoporosis based on bioinformatics analysis].,Zhonghua yu fang yi xue za zhi [Chinese journal of preventive medicine],2023,37400220,10.3760/cma.j.cn112150-20230221-00140,A,Human study,"PubMed abstract evidence: Gene UBA52, UBB, RPS27A, RPS15, RPS12, RPL13A, RPL23A, RPL10A, RPS25 and RPS6 were selected and seven of them could encode ribosome proteins.",Association; Mechanism; Biomarker; Experimental evidence,English Abstract; Journal Article,Female; Humans; Male; Aged; Gene Expression Profiling; Transcriptome; Protein Interaction Maps; Computational Biology; Osteoporosis
RPL23A,Comparative analysis of peripheral blood immunoinflammatory landscapes in patients with acute cholangitis and its secondary septic shock using single-cell RNA sequencing.,Biochemical and biophysical research communications,2023,37864923,10.1016/j.bbrc.2023.149121,A,Human single-cell/transcriptomic study,"PubMed abstract evidence: Neutrophils-7 (CCL5, RPL23A, RPL13, RPS19 and RPS18) were mainly involved in the regulation of cellular functions.",Association; Mechanism; Biomarker; Experimental evidence,"Journal Article; Research Support, Non-U.S. Gov't","Humans; Shock, Septic; Leukocytes, Mononuclear; Neutrophils; Cholangitis; Sequence Analysis, RNA; Neoplasm Proteins; Ribosomal Proteins"
RPL23A,Swimming ameliorates intervertebral disc degeneration accompanied by Rpl23a downregulation and changes in its immune-inflammatory pathway.,Frontiers in immunology,2026,42311670,10.3389/fimmu.2026.1819987,A,Human single-cell/transcriptomic study,"PubMed abstract evidence: Ribosomal protein L23a (Rpl23a) participates in various inflammatory diseases, but its role in the intervertebral disc immune microenvironment has not been studied.",Association; Mechanism; Biomarker; Experimental evidence,Journal Article,"Animals; Rats; Ribosomal Proteins; Intervertebral Disc Degeneration; Signal Transduction; Down-Regulation; Male; Disease Models, Animal; NF-kappa B; Physical Conditioning, Animal; Humans; Inflammation; Rats, Sprague-Dawley"
RPS12,Haploinsufficiency of the essential gene Rps12 causes defects in erythropoiesis and hematopoietic stem cell maintenance.,eLife,2023,37272618,10.7554/eLife.69322,B,Laboratory/animal study,PubMed abstract evidence: We generated a conditional knockout mouse to partially delete Rps12.,Association; Mechanism; Experimental evidence,"Journal Article; Research Support, N.I.H., Extramural; Research Support, Non-U.S. Gov't","Animals; Mice; Anemia, Diamond-Blackfan; Erythropoiesis; Genes, Essential; Haploinsufficiency; Hematopoietic Stem Cells; Mice, Knockout; Pancytopenia; Ribosomal Proteins; Mitochondrial Proteins"
RPS12,[Identification of core pathogenic genes and pathways in elderly osteoporosis based on bioinformatics analysis].,Zhonghua yu fang yi xue za zhi [Chinese journal of preventive medicine],2023,37400220,10.3760/cma.j.cn112150-20230221-00140,B,Human study,"PubMed abstract evidence: Gene UBA52, UBB, RPS27A, RPS15, RPS12, RPL13A, RPL23A, RPL10A, RPS25 and RPS6 were selected and seven of them could encode ribosome proteins.",Association; Mechanism; Biomarker; Experimental evidence,English Abstract; Journal Article,Female; Humans; Male; Aged; Gene Expression Profiling; Transcriptome; Protein Interaction Maps; Computational Biology; Osteoporosis
RPS12,Unveiling the role of gastric cancer-associated mesenchymal stem cells and neutrophil extracellular traps through multi-omics analysis.,Stem cell research & therapy,2025,41261408,10.1186/s13287-025-04768-7,B,Human single-cell/transcriptomic study,"PubMed abstract evidence: MR analysis confirmed EIF1 and RPS12 as key genes with causal links to GC progression, demonstrating robust associations with immune cell infiltration and critical signaling pathways.",Association; Mechanism; Biomarker; Experimental evidence,Journal Article,Humans; Stomach Neoplasms; Mesenchymal Stem Cells; Extracellular Traps; Tumor Microenvironment; Neutrophils; Single-Cell Analysis; Multiomics
RPS14,New insights into 5q- syndrome as a ribosomopathy.,"Cell cycle (Georgetown, Tex.)",2010,20980806,10.4161/cc.9.21.13742,B,Review,"PubMed abstract evidence: Recently, two novel mouse models have provided evidence for the involvement of both RPS14 and the p53 pathway, and specific miRNAs in 5q- syndrome.",Review; Mechanism,"Journal Article; Research Support, Non-U.S. Gov't; Review","Anemia, Macrocytic; Animals; Antigens, Differentiation, B-Lymphocyte; Chromosome Deletion; Chromosomes, Human, Pair 5; Disease Models, Animal; Histocompatibility Antigens Class II; Humans; Membrane Proteins; Mice; MicroRNAs; Neoplasm Proteins; RNA Interference; Ribosomal Proteins; Tumor Suppressor Protein p53"
RPS14,The effect of miR-223 on cellular behaviour in non-5q myelodysplastic syndromes through targeting RPS14.,Pathology,2020,32571542,10.1016/j.pathol.2020.03.010,B,Human laboratory study,PubMed abstract evidence: A decrease in RPS14 expression in non-5q MDS patients was confirmed by immunohistochemical analyses of MDS bone marrow biopsies.,Association; Mechanism; Biomarker; Experimental evidence,Journal Article,Apoptosis; Bone Marrow Cells; Cell Line; Cell Proliferation; Cell Survival; Computational Biology; Humans; MicroRNAs; Myelodysplastic Syndromes; Ribosomal Proteins
RPS14,TLR7 ligation augments hematopoiesis in Rps14 (uS11) deficiency via paradoxical suppression of inflammatory signaling.,Blood advances,2021,34432872,10.1182/bloodadvances.2020003055,B,Human and laboratory/animal study,"PubMed abstract evidence: We developed a model of MDS in zebrafish with knockout of Rps14, the primary mediator of the anemia associated with del(5q) MDS.",Association; Mechanism; Experimental evidence,"Journal Article; Research Support, Non-U.S. Gov't",Animals; Hematopoiesis; Humans; Myelodysplastic Syndromes; Signal Transduction; Toll-Like Receptor 7; Zebrafish
RPS25,HBZ-mediated shift of JunD from growth suppressor to tumor promoter in leukemic cells by inhibition of ribosomal protein S25 expression.,Leukemia,2017,28260789,10.1038/leu.2017.74,A,Human laboratory study,"PubMed abstract evidence: To decipher the mechanisms for Δ JunD production, we looked into the translational machinery and observed that HBZ induces nuclear retention of RPS25 mRNA and loss of RPS25 protein expression, a component of the small ribosomal subunit.",Association; Mechanism; Biomarker; Experimental evidence,"Journal Article; Research Support, Non-U.S. Gov't","Basic-Leucine Zipper Transcription Factors; Biological Transport; Cell Line; Cell Nucleus; Cell Transformation, Viral; Culture Media, Serum-Free; Gene Expression Regulation, Leukemic; Gene Expression Regulation, Viral; HEK293 Cells; HTLV-I Infections; Humans; Protein Biosynthesis; Protein Isoforms; Proto-Oncogene Proteins; Proto-Oncogene Proteins c-jun; RNA, Messenger; Retroviridae Proteins; Ribosomal Proteins; Ribosomes; T-Lymphocytes; Transfection"
RPS25,Upregulation of ribosome complexes at the blood-brain barrier in Alzheimer's disease patients.,Journal of cerebral blood flow and metabolism : official journal of the International Society of Cerebral Blood Flow and Metabolism,2022,35766008,10.1177/0271678X221111602,A,Human study,"PubMed abstract evidence: Of the 29 ribosomal proteins that were quantified, 28 (RPLP0, RPL4, RPL6, RPL7A, RPL8, RPL10A, RPL11, RPL12, RPL14, RPL15, RPL18, RPL23, RPL27, RPL27A, RPL31, RPL35A, RPS2, RPS3, RPS3A, RPS4X, RPS7, RPS8, RPS14, RPS16, RPS20, RPS24, RPS25, and RPSA) were significantly upregulated in AD patients.",Association; Mechanism; Biomarker; Experimental evidence,"Journal Article; Research Support, Non-U.S. Gov't",Alzheimer Disease; Blood-Brain Barrier; Hexosyltransferases; Humans; Proteasome Endopeptidase Complex; Ribosomal Proteins; Ribosomes; Up-Regulation
RPS25,[Identification of core pathogenic genes and pathways in elderly osteoporosis based on bioinformatics analysis].,Zhonghua yu fang yi xue za zhi [Chinese journal of preventive medicine],2023,37400220,10.3760/cma.j.cn112150-20230221-00140,A,Human study,"PubMed abstract evidence: Gene UBA52, UBB, RPS27A, RPS15, RPS12, RPL13A, RPL23A, RPL10A, RPS25 and RPS6 were selected and seven of them could encode ribosome proteins.",Association; Mechanism; Biomarker; Experimental evidence,English Abstract; Journal Article,Female; Humans; Male; Aged; Gene Expression Profiling; Transcriptome; Protein Interaction Maps; Computational Biology; Osteoporosis
RPS3,Latexin and hematopoiesis.,Current opinion in hematology,2018,29608488,10.1097/MOH.0000000000000428,C,Review,"PubMed abstract evidence: It inhibits nuclear translocation of ribosomal protein subunit 3 (Rps3), a novel latexin-binding protein, and sensitizes hematopoietic cells to radiation-induced cell death.",Review; Mechanism,"Journal Article; Research Support, N.I.H., Extramural; Review",Animals; Apoptosis; Cell Proliferation; Hematopoiesis; Hematopoietic Stem Cells; Humans; Mice; Nerve Tissue Proteins; Tumor Suppressor Proteins
RPS3,RNA binding protein RPS3 mediates microglial polarization by activating NLRP3 inflammasome via SIRT1 in ischemic stroke.,Journal of stroke and cerebrovascular diseases : the official journal of National Stroke Association,2023,37087770,10.1016/j.jstrokecerebrovasdis.2023.107132,C,Laboratory/animal study,"PubMed abstract evidence: Here, we focused on function and mechanism of RNA binding protein RPS3 in microglial polarization after ischemic stroke.",Association; Mechanism; Biomarker; Experimental evidence,Journal Article,"Animals; Rats; Brain Ischemia; Glucose; Infarction, Middle Cerebral Artery; Inflammasomes; Ischemic Stroke; Microglia; NLR Family, Pyrin Domain-Containing 3 Protein; Rats, Sprague-Dawley; Sirtuin 1; Stroke; Ribosomal Proteins"
RPS3,Centromere protein U mediates the ubiquitination and degradation of RPS3 to facilitate temozolomide resistance in glioblastoma.,Drug resistance updates : reviews and commentaries in antimicrobial and anticancer chemotherapy,2025,40023134,10.1016/j.drup.2025.101214,C,Human single-cell/transcriptomic study,"PubMed abstract evidence: Mechanistically, CENPU cooperates with TRIM5α to promote the ubiquitination and degradation of RPS3 by inducing its polyubiquitination at the K214 residue.",Association; Mechanism; Biomarker; Experimental evidence,Journal Article,"Temozolomide; Humans; Drug Resistance, Neoplasm; Glioblastoma; Animals; Ubiquitination; Mice; Antineoplastic Agents, Alkylating; Brain Neoplasms; Cell Line, Tumor; Ribosomal Proteins; Xenograft Model Antitumor Assays; DNA Repair; Organoids; Gene Expression Regulation, Neoplastic; Proteolysis"
S100A8,S100A8/A9: From basic science to clinical application.,Pharmacology & therapeutics,2016,27492899,10.1016/j.pharmthera.2016.07.015,B,Review,PubMed abstract evidence: Both cells contain huge amounts of the heterodimeric protein S100A8/A9 in their cytoplasm.,Review; Mechanism; Biomarker,Journal Article; Review,Animals; Autoimmune Diseases; Calcium; Calgranulin A; Calgranulin B; Humans; Inflammation; Molecular Targeted Therapy; Monocytes; Neutrophils; Receptor for Advanced Glycation End Products; Toll-Like Receptor 4
S100A8,Alarmin S100A8 imparts chemoresistance of esophageal cancer by reprogramming cancer-associated fibroblasts.,Cell reports. Medicine,2024,38776909,10.1016/j.xcrm.2024.101576,B,Human and laboratory/animal study,"PubMed abstract evidence: Mechanistically, we reveal that cancer-cell-derived S100A8 triggers the intracellular RhoA-ROCK-MLC2-MRTF-A pathway by binding to the CD147 receptor of CAFs, inducing CAF polarization and leading to chemoresistance.",Association; Mechanism; Experimental evidence,Journal Article,"Cancer-Associated Fibroblasts; Humans; Esophageal Neoplasms; Drug Resistance, Neoplasm; Calgranulin A; Animals; Mice; Tumor Microenvironment; Cell Line, Tumor; Cellular Reprogramming; Signal Transduction; Basigin; rhoA GTP-Binding Protein; Esophageal Squamous Cell Carcinoma; Xenograft Model Antitumor Assays; Female"
S100A8,Inhibition of S100A8/A9 ameliorates neuroinflammation by blocking NET formation following traumatic brain injury.,Redox biology,2025,39929053,10.1016/j.redox.2025.103532,B,Human and laboratory/animal study,"PubMed abstract evidence: S100A8/A9, also known as calprotectin or myeloid-related protein-8/14 (MRP8/14), is an alarmin primarily secreted by activated neutrophils with potent pro-inflammatory property.",Association; Mechanism; Experimental evidence,"Journal Article; Research Support, Non-U.S. Gov't","Brain Injuries, Traumatic; Animals; Calgranulin A; Calgranulin B; Mice; Humans; Neuroinflammatory Diseases; Neutrophils; Disease Models, Animal; Male; Reactive Oxygen Species; Mice, Inbred C57BL"
S100A9,S100A9 Links Inflammation and Repair in Myocardial Infarction.,Circulation research,2020,32434457,10.1161/CIRCRESAHA.120.315865,B,Human and laboratory/animal study,PubMed abstract evidence: RATIONALE: The alarmin S100A9 has been identified as a potential therapeutic target in myocardial infarction.,Association; Mechanism; Experimental evidence,"Journal Article; Research Support, Non-U.S. Gov't","Animals; Anti-Inflammatory Agents; Apoptosis; Calgranulin A; Calgranulin B; Cell Proliferation; Disease Models, Animal; Hematopoiesis; Hematopoietic Stem Cells; Humans; Inflammation; Macrophages; Mice; Mice, Inbred C57BL; Mice, Knockout; Monocytes; Myocardial Infarction; Myocardium; Neutrophils; Phagocytosis; Phenotype; RAW 264.7 Cells; Signal Transduction; Ventricular Function, Left; Ventricular Remodeling"
S100A9,"Roles of S100A8, S100A9 and S100A12 in infection, inflammation and immunity.",Immunology,2024,38013255,10.1111/imm.13722,B,Review,"PubMed abstract evidence: As members of the S100 protein subfamily of myeloid-related proteins, S100A8, S100A9 and S100A12 play a crucial role in resisting microbial infection and maintaining immune homeostasis.",Review; Mechanism; Biomarker,"Journal Article; Review; Research Support, Non-U.S. Gov't",Animals; Humans; S100A12 Protein; Inflammation; Calgranulin B; Calgranulin A; S100 Proteins
S100A9,S100A9 and HMGB1 orchestrate MDSC-mediated immunosuppression in melanoma through TLR4 signaling.,Journal for immunotherapy of cancer,2024,39266214,10.1136/jitc-2024-009552,B,Human single-cell/transcriptomic study,"PubMed abstract evidence: Damage-associated molecular patterns S100A8, S100A9, and HMGB1, acting as toll like receptor 4 (TLR4) and receptor for advanced glycation endproducts (RAGE) ligands, are highly expressed in the tumor microenvironment and drive MDSC activation.",Association; Mechanism; Biomarker; Experimental evidence,Journal Article,Humans; Calgranulin B; Toll-Like Receptor 4; HMGB1 Protein; Melanoma; Myeloid-Derived Suppressor Cells; Signal Transduction; Male; Female; Tumor Microenvironment; Middle Aged; Immune Tolerance
SDPR,The platelet protein kinase C substrate pleckstrin binds directly to SDPR protein.,Platelets,2009,19852682,10.3109/09537100903137314,A,Human and laboratory/animal study,"PubMed abstract evidence: Our recent studies have led to the identification of a novel pleckstrin-binding protein, serum deprivation response protein (SDPR), by co-immunoprecipitation, GST-pulldowns and nanospray quadruple time of flight mass spectrometry.",Association; Mechanism; Experimental evidence,"Journal Article; Research Support, Non-U.S. Gov't","Animals; Blood Platelets; Blood Proteins; Carrier Proteins; Humans; Immunoblotting; Immunoprecipitation; Mass Spectrometry; Mice; Mice, Knockout; Phosphate-Binding Proteins; Phosphoproteins; Phosphorylation; Protein Binding; Protein Kinase C; Signal Transduction"
SDPR,"Temporal dynamics of cortisol-associated changes in mRNA expression of glucocorticoid responsive genes FKBP5, GILZ, SDPR, PER1, PER2 and PER3 in healthy humans.",Psychoneuroendocrinology,2019,30522007,10.1016/j.psyneuen.2018.11.033,A,Human laboratory study,"PubMed abstract evidence: The current study aims to investigate the temporal association between unstimulated, diurnal cortisol secretion and the expression of selected GR-target genes (PER1, PER2, PER3, FKBP5, GILZ and SDPR) in vivo to determine the timing of the most pronounced coupling between cortisol and mRNA expression.",Association; Mechanism; Biomarker; Experimental evidence,"Journal Article; Research Support, Non-U.S. Gov't","Adult; Circadian Rhythm; Gene Expression; Gene Expression Regulation; Glucocorticoids; Humans; Hydrocortisone; Male; Period Circadian Proteins; Phosphate-Binding Proteins; RNA, Messenger; Receptors, Glucocorticoid; Saliva; Tacrolimus Binding Proteins; Transcription Factors; Transcriptome; Tacrolimus Binding Protein 5"
SDPR,Exploring the molecular mechanism of comorbidity of autism spectrum disorder and inflammatory bowel disease by combining multiple data sets.,Journal of translational medicine,2023,37291580,10.1186/s12967-023-04218-z,A,Human single-cell/transcriptomic study,"PubMed abstract evidence: A total of 98 common genes related to ASD and IBD were identified by weighted gene coexpression network analysis (WGCNA), and 4 hub genes were obtained by intersection with the 7 intersecting DEGs, which were PDGFC, CA2, GUCY1B3 and SDPR.",Association; Mechanism; Biomarker; Experimental evidence,"Journal Article; Research Support, Non-U.S. Gov't",Humans; Autism Spectrum Disorder; Comorbidity; Inflammatory Bowel Diseases; Autophagy; Computational Biology
SERPINA1,Regulation of epidermal barrier function and pathogenesis of psoriasis by serine protease inhibitors.,Frontiers in immunology,2024,39737188,10.3389/fimmu.2024.1498067,B,Review,"PubMed abstract evidence: Only a small number, such as the mutation of SerpinA1/A3/B3, are involved in the pathogenesis of GPP.",Review; Mechanism; Biomarker,"Journal Article; Review; Research Support, Non-U.S. Gov't",Animals; Humans; Epidermis; Keratinocytes; Psoriasis; Serpins
SERPINA1,Air pollution exacerbates cardiovascular-kidney-metabolic syndrome and sarcopenia comorbidity via shared genetic-epigenetic mechanisms: A multi-omics and Mendelian Randomization study.,Metabolism: clinical and experimental,2026,41270966,10.1016/j.metabol.2025.156452,B,Human study,"PubMed abstract evidence: Proteomics (F-statistics > 10) revealed potential targets linking CKM/sarcopenia (HP, FCGR3B, GALNT2) and CKM-events/sarcopenia (SERPINA1, FER).",Association; Mechanism; Biomarker; Experimental evidence,Journal Article,"Humans; Mendelian Randomization Analysis; Cardiovascular Diseases; Metabolic Syndrome; Sarcopenia; Genome-Wide Association Study; Epigenesis, Genetic; Air Pollution; Comorbidity; Male; Renal Insufficiency, Chronic; Multiomics"
SERPINA1,SERPINA1 as a Shared Biomarker in Periodontitis and Oral Squamous Cell Carcinoma.,International dental journal,2026,41558114,10.1016/j.identj.2025.109378,B,Human single-cell/transcriptomic study,"PubMed abstract evidence: At the cellular level, we evaluated SERPINA1 expression in an LPS-induced periodontal inflammation model and conducted siRNA-mediated knockdown in CAL27 oral cancer cells to examine its effects on proliferation, migration and invasion.",Association; Mechanism; Biomarker; Experimental evidence,Journal Article,"Humans; alpha 1-Antitrypsin; Mouth Neoplasms; Periodontitis; Carcinoma, Squamous Cell; Machine Learning; Biomarkers, Tumor; Gene Expression Profiling; Cell Line, Tumor; Computational Biology; Biomarkers; Cell Proliferation"
SPARC,Sparcl1 and Atherosclerosis.,Journal of inflammation research,2023,37220502,10.2147/JIR.S406907,E,Review,PubMed abstract evidence: Sparcl-1 is a cysteine-rich secretory stromal cell protein present in the extracellular matrix and belongs to the Sparc family of proteins.,Review; Mechanism,Journal Article; Review,
SPARC,Single-cell transcriptomics reveals novel chondrocyte and osteoblast subtypes and their role in knee osteoarthritis pathogenesis.,Signal transduction and targeted therapy,2025,39904988,10.1038/s41392-025-02136-8,E,Human single-cell/transcriptomic study,"PubMed abstract evidence: Sparc+ osteoblasts have negatively regulated bone mineralization and osteoblastic differentiation, aggravated the pathological remodeling of subchondral bone, and promoted the progression of KOA.",Association; Mechanism; Biomarker; Experimental evidence,Journal Article,"Animals; Osteoarthritis, Knee; Osteoblasts; Mice; Chondrocytes; Humans; Transcriptome; Single-Cell Analysis; Female; Disease Models, Animal; Osteogenesis; Signal Transduction; Cell Differentiation"
SPARC,Single-cell RNA sequencing-guided engineering of mitochondrial therapies for intervertebral disc degeneration by regulating mtDNA/SPARC-STING signaling.,Bioactive materials,2025,40104024,10.1016/j.bioactmat.2025.02.036,E,Other PubMed-indexed study,"PubMed abstract evidence: The obtained multi-bioactive biotherapy exhibited significantly enhanced benefits in IVDD treatment, in terms of reversing IVDD progression and restoring structural integrity through the mtDNA/SPARC-STING signaling pathways.",Association; Mechanism; Biomarker,Journal Article,
SPOCK2,Integrated bulk and single-cell RNA-sequencing reveals SPOCK2 as a novel biomarker gene in the development of congenital pulmonary airway malformation.,Respiratory research,2023,37165378,10.1186/s12931-023-02436-z,A,Human single-cell/transcriptomic study,"PubMed abstract evidence: By combining the analysis of the expression dataset from RNA-seq and scRNA-seq, SPOCK2, STX11, and ZNF331 were highlighted in CPAM.",Association; Mechanism; Biomarker; Experimental evidence,Journal Article,"Humans; Cystic Adenomatoid Malformation of Lung, Congenital; Lung; Biomarkers; Epithelium; RNA; Proteoglycans"
SPOCK2,Spock2 Functions as a Key Time-Series Gene of Endothelial Cells in Sepsis-Induced Cardiomyopathy.,Journal of cardiovascular pharmacology,2024,39115722,10.1097/FJC.0000000000001577,A,Human single-cell/transcriptomic study,"PubMed abstract evidence: The study highlighted Spock2, S100a9, S100a8, and Xdh as differential genes specific to endothelial cells in a time-dependent manner.",Association; Biomarker; Experimental evidence,Journal Article,"Animals; Sepsis; Humans; Human Umbilical Vein Endothelial Cells; Disease Models, Animal; Cardiomyopathies; Mice, Inbred C57BL; Male; Apoptosis; Time Factors; Transcriptome; Cells, Cultured; Mice, Knockout; Endothelial Cells; Gene Regulatory Networks; Necrosis; Databases, Genetic; Signal Transduction; Gene Expression Profiling; Gene Expression Regulation; Lipopolysaccharides; Up-Regulation; Single-Cell Analysis; Mice; Calgranulin B"
SPOCK2,SPOCK2 controls the proliferation and function of immature pancreatic β-cells through MMP2.,Experimental & molecular medicine,2025,39741186,10.1038/s12276-024-01380-2,A,Human single-cell/transcriptomic study,"PubMed abstract evidence: Through bidirectional expression modulation and single-cell RNA-seq, we identified SPOCK2, an ECM protein, as an inhibitor of immature β-cell proliferation.",Association; Mechanism; Biomarker; Experimental evidence,Journal Article,"Insulin-Secreting Cells; Humans; Cell Proliferation; Matrix Metalloproteinase 2; Animals; Mice; Signal Transduction; Cell Differentiation; Cells, Cultured"
SPON2,The extracellular matrix protein mindin is a pattern-recognition molecule for microbial pathogens.,Nature immunology,2004,14691481,10.1038/ni1021,C,Laboratory/animal study,Mouse experiments report mindin as an extracellular pattern-recognition molecule needed for normal responses to microbial challenge.,Mechanism; Experimental evidence,"Journal Article; Research Support, Non-U.S. Gov't; Research Support, U.S. Gov't, P.H.S.","Amino Acid Sequence; Animals; Cytokines; Extracellular Matrix; Extracellular Matrix Proteins; Female; Gram-Negative Bacteria; Gram-Negative Bacterial Infections; Gram-Positive Bacteria; Gram-Positive Bacterial Infections; Humans; Lipopolysaccharides; Macrophages, Peritoneal; Male; Mice; Mice, Inbred C57BL; Mice, Knockout; Molecular Sequence Data; Teichoic Acids"
SPON2,"Structure of the F-spondin domain of mindin, an integrin ligand and pattern recognition molecule.",The EMBO journal,2009,19153605,10.1038/emboj.2008.288,C,Structural laboratory study,Structural study examines the mindin domain involved in integrin binding and pattern recognition.,Mechanism; Experimental evidence,"Journal Article; Research Support, N.I.H., Extramural; Research Support, U.S. Gov't, Non-P.H.S.","Amino Acid Sequence; Animals; Binding Sites; Calcium; Cell Adhesion; Cell Line; Crystallography, X-Ray; Extracellular Matrix Proteins; Humans; Integrins; Lipopolysaccharides; Mannose; Mass Spectrometry; Mice; Models, Molecular; Molecular Sequence Data; Protein Binding; Protein Structure, Secondary; Protein Structure, Tertiary; Receptors, Pattern Recognition; Repetitive Sequences, Amino Acid; Static Electricity"
SPON2,The pattern-recognition molecule mindin binds integrin Mac-1 to promote macrophage phagocytosis via Syk activation and NF-κB p65 translocation.,Journal of cellular and molecular medicine,2019,30869196,10.1111/jcmm.14236,C,Laboratory/animal study,Experimental macrophage study reports mindin binding to Mac-1 and promotion of phagocytosis-related signaling.,Mechanism; Experimental evidence,"Journal Article; Research Support, Non-U.S. Gov't","Animals; Base Sequence; Cell Nucleus; Extracellular Matrix Proteins; HEK293 Cells; Humans; Macrophage-1 Antigen; Macrophages; Mice; Mice, Knockout; Phagocytosis; Phosphorylation; Protein Binding; Protein Domains; Protein Transport; RAW 264.7 Cells; Receptors, Pattern Recognition; Syk Kinase; Transcription Factor RelA"
TCL1A,"TCL1A, B Cell Regulation and Tolerance in Renal Transplantation.",Cells,2021,34206047,10.3390/cells10061367,B,Review,"PubMed abstract evidence: Among proposed biomarkers, T-cell Leukemia/Lymphoma protein 1A (TCL1A) has been observed as overexpressed in the peripheral blood of operational tolerant patients in several studies.",Review; Mechanism; Biomarker,"Journal Article; Research Support, Non-U.S. Gov't; Review",B-Lymphocytes; Cell Differentiation; Humans; Interleukin-10; Kidney Transplantation; Proto-Oncogene Proteins; Proto-Oncogene Proteins c-akt; T-Lymphocytes; Transplantation Tolerance
TCL1A,TCL1A-expressing B cells are critical for tertiary lymphoid structure formation and the prognosis of oral squamous cell carcinoma.,Journal of translational medicine,2024,38764038,10.1186/s12967-024-05292-7,B,Human single-cell/transcriptomic study,PubMed abstract evidence: We utilized tissue microarray data for 146 OSCC clinical samples and RNA sequencing data of 359 OSCC samples from The Cancer Genome Atlas (TCGA) to investigate the role of T-cell leukemia 1 A (TCL1A) in OSCC prognosis.,Association; Mechanism; Biomarker; Experimental evidence,"Journal Article; Research Support, Non-U.S. Gov't","Humans; Prognosis; Mouth Neoplasms; Tertiary Lymphoid Structures; B-Lymphocytes; Carcinoma, Squamous Cell; Female; Proto-Oncogene Proteins; Male; Gene Expression Regulation, Neoplastic; Middle Aged; Cell Line, Tumor; Cell Proliferation"
TCL1A,TCL1A in naïve B cells as a therapeutic target for type 1 diabetes.,EBioMedicine,2025,39946833,10.1016/j.ebiom.2025.105593,B,Human single-cell/transcriptomic study,"PubMed abstract evidence: Specifically, the population of naïve B cells increased in patients with newly diagnosed T1D who expressed elevated levels of the AKT kinase coactivator TCL1A.",Association; Mechanism; Biomarker; Experimental evidence,Journal Article,"Diabetes Mellitus, Type 1; Animals; Humans; B-Lymphocytes; Mice; Proto-Oncogene Proteins; Mice, Inbred NOD; Female; Disease Models, Animal; Male; Single-Cell Analysis; RNA, Small Interfering; Phosphorylation; Proto-Oncogene Proteins c-akt"
TRAT1,The Roles and Mechanisms of TRAT1 in the Progression of Non-Small Cell Lung Cancer.,Current medical science,2022,36184729,10.1007/s11596-022-2625-1,A,Human study,PubMed abstract evidence: OBJECTIVE: T cell receptor-associated transmembrane adaptor 1 (TRAT1) is one of the hub genes regulating T cell receptors (TCRs).,Association; Mechanism; Biomarker; Experimental evidence,Journal Article,"Humans; Carcinoma, Non-Small-Cell Lung; Down-Regulation; Lung Neoplasms; Phosphatidylinositol 3-Kinases; Smoking; Tumor Microenvironment; Membrane Proteins; Adaptor Proteins, Signal Transducing"
TRAT1,T cell receptor associated transmembrane adaptor 1 (TRAT1) modulates human Th17 and Treg responses via PI3-kinase and STAT dependent mechanisms.,Cell communication and signaling : CCS,2025,41074026,10.1186/s12964-025-02429-z,A,Human laboratory study,"PubMed abstract evidence: T cell Receptor Associated Transmembrane Adaptor 1 (TRAT1) has been implicated in modulating TCR complex stability, but its functional role in human effector and regulatory CD4⁺ T cell subsets remains poorly understood.",Association; Mechanism; Biomarker; Experimental evidence,Journal Article,"Humans; T-Lymphocytes, Regulatory; Th17 Cells; Signal Transduction; Phosphatidylinositol 3-Kinases; STAT Transcription Factors; Adaptor Proteins, Signal Transducing; CRISPR-Cas Systems"
TRAT1,The BET degrader BETd-246 demonstrated significant anti-tumor efficacy in T-cell acute lymphoblastic leukemia by inhibiting TRAT1.,Experimental cell research,2025,41076046,10.1016/j.yexcr.2025.114791,A,Human and laboratory/animal study,PubMed abstract evidence: RNA sequencing analysis indicated significant downregulation of T-cell receptor (TCR)-associated transmembrane adaptor 1 (TRAT1) expression in T-ALL cells treated with BETd-246.,Association; Mechanism; Biomarker; Experimental evidence,Journal Article,"Humans; Precursor T-Cell Lymphoblastic Leukemia-Lymphoma; Animals; Cell Proliferation; Mice; Apoptosis; Xenograft Model Antitumor Assays; Antineoplastic Agents; Cell Line, Tumor; Transcription Factors"
TYROBP,Microglial TYROBP/DAP12 in Alzheimer's disease: Transduction of physiological and pathological signals across TREM2.,Molecular neurodegeneration,2022,36002854,10.1186/s13024-022-00552-w,B,Review,PubMed abstract evidence: TYROBP (also known as DAP12 or KARAP) is a transmembrane adaptor protein initially described as a receptor-activating subunit component of natural killer (NK) cells.,Review; Biomarker,"Journal Article; Review; Research Support, Non-U.S. Gov't; Research Support, N.I.H., Extramural","Adaptor Proteins, Signal Transducing; Alzheimer Disease; Amyloidosis; Animals; Brain; Disease Models, Animal; Membrane Glycoproteins; Membrane Proteins; Mice; Microglia; Receptors, Immunologic; Tauopathies"
TYROBP,Trem2/Tyrobp Signaling Protects Against Aortic Dissection and Rupture by Inhibiting Macrophage Activation in Mice.,"Arteriosclerosis, thrombosis, and vascular biology",2025,39508103,10.1161/ATVBAHA.124.321429,B,Human single-cell/transcriptomic study,"PubMed abstract evidence: The Trem2 (triggering receptor expressed on myeloid cells 2)/Tyrobp (TYRO protein tyrosine kinase-binding protein) signaling pathway critically regulates innate immunity and has emerged as an important target in cardiovascular diseases; however, its role in AD remains unclear.",Association; Mechanism; Biomarker; Experimental evidence,Journal Article,"Animals; Aortic Dissection; Membrane Glycoproteins; Signal Transduction; Mice, Knockout; Mice; Humans; Disease Models, Animal; Receptors, Immunologic; Macrophage Activation; Adaptor Proteins, Signal Transducing; Macrophages; Mice, Inbred C57BL; Male; Membrane Proteins; Aortic Aneurysm"
TYROBP,Monoallelic TYROBP deletion is a novel risk factor for Alzheimer's disease.,Molecular neurodegeneration,2025,40301889,10.1186/s13024-025-00830-3,B,Human study,"PubMed abstract evidence: Biallelic loss-of-function variants in TYROBP and TREM2 cause autosomal recessive presenile dementia with bone cysts known as Nasu-Hakola disease (NHD, alternatively polycystic lipomembranous osteodysplasia with sclerosing leukoencephalopathy, PLOSL).",Association; Mechanism; Biomarker; Experimental evidence,"Journal Article; Research Support, N.I.H., Extramural","Humans; Alzheimer Disease; Risk Factors; Male; Female; Membrane Proteins; Adaptor Proteins, Signal Transducing; Middle Aged; Genetic Predisposition to Disease; Aged; Alleles; Osteochondrodysplasias; Finland; Subacute Sclerosing Panencephalitis; Lipodystrophy"
VPREB3,The pre-B-cell receptor associated protein VpreB3 is a useful diagnostic marker for identifying c-MYC translocated lymphomas.,Haematologica,2010,20823132,10.3324/haematol.2010.025767,A,Human laboratory study,"PubMed abstract evidence: Recent profiling studies unexpectedly revealed abundant transcripts of one member of the VpreB family, VpreB3, in a subset of mature B cells and Burkitt lymphoma.",Association; Biomarker; Experimental evidence,"Journal Article; Research Support, Non-U.S. Gov't","B-Lymphocytes; Biomarkers, Tumor; Blotting, Western; Burkitt Lymphoma; Cell Line, Tumor; Gene Expression Profiling; Germinal Center; Humans; Immunohistochemistry; Lymphoma, B-Cell; Lymphoma, Large B-Cell, Diffuse; Pre-B Cell Receptors; Proto-Oncogene Proteins c-myc; Survival Analysis"
VPREB3,The combined expression of VPREB3 and ID3 represents a new helpful tool for the routine diagnosis of mature aggressive B-cell lymphomas.,Hematological oncology,2014,24493312,10.1002/hon.2094,A,Human laboratory study,"PubMed abstract evidence: In particular, mutations in the transcription factors ID3 and TCF3, leading to overexpression of B-cell receptor components such as VPREB3, have been shown to be specific for Burkitt lymphoma (BL) and play an important tumourigenic role by mediating the activation of the pro-survival phosphatidylinositol-3-OH kinase pathway.",Association; Mechanism; Biomarker; Experimental evidence,"Journal Article; Research Support, Non-U.S. Gov't","Biomarkers, Tumor; Cell Line, Tumor; DNA-Binding Proteins; Disease Progression; Gene Expression; Gene Expression Profiling; Genes, myc; Humans; Immunohistochemistry; Inhibitor of Differentiation Proteins; Lymphoid Tissue; Lymphoma, B-Cell; Neoplasm Grading; Neoplasm Proteins; Pre-B Cell Receptors; Proto-Oncogene Proteins c-bcl-2; Proto-Oncogene Proteins c-bcl-6"
VPREB3,Pre-B Lymphocyte Protein 3 (VPREB3) Expression in the Adrenal Cortex: Precedent for non-Immunological Roles in Normal and Neoplastic Human Tissues.,Endocrine pathology,2015,25861052,10.1007/s12022-015-9366-7,A,Human laboratory study,PubMed abstract evidence: The pre-B lymphocyte protein 3 (VPREB3) is expressed during B cell differentiation and in subsets of mature B lymphocytes and is mainly found in bone marrow and lymphoid tissue germinative centers.,Association; Biomarker; Experimental evidence,Journal Article,"Adenoma; Adrenal Cortex; Adrenal Cortex Neoplasms; Aldosterone; Angiotensin II; G Protein-Coupled Inwardly-Rectifying Potassium Channels; Gene Expression Regulation, Neoplastic; Humans; Metabolic Networks and Pathways; Mutation; Pre-B Cell Receptors; Tumor Cells, Cultured"
