group,names,scores,logfoldchanges,pvals,pvals_adj,pct_nz_group,pct_nz_reference,fraction_expressing_in_cluster,fraction_expressing_outside_cluster,expression_fraction_gap
0,CCL5,22.841082,5.365429,1.7923105041084847e-115,2.4475792244105465e-111,0.945054945054945,0.24397463002114164,0.945054945054945,0.24397463002114164,0.7010803150338034
0,NKG7,22.09292,5.149965,3.6970278356304015e-108,2.5243306061684382e-104,0.9597069597069597,0.22241014799154335,0.9597069597069597,0.22241014799154335,0.7372968117154164
0,B2M,18.235882,0.759635,2.678993765212696e-74,1.2194779619248193e-70,1.0,0.9995771670190274,1.0,0.9995771670190274,0.00042283298097256505
0,GZMA,17.877789,4.028471,1.7566997993867344e-71,5.997373115106311e-68,0.7875457875457875,0.12938689217758986,0.7875457875457875,0.12938689217758986,0.6581588953681976
0,CST7,17.803852,4.0548916,6.597007166699847e-71,1.8017745973690622e-67,0.7765567765567766,0.12938689217758986,0.7765567765567766,0.12938689217758986,0.6471698843791867
0,CTSW,17.605967,3.3651931,2.2169419475245786e-69,5.045759872565941e-66,0.8205128205128205,0.23932346723044398,0.8205128205128205,0.23932346723044398,0.5811893532823765
0,HLA-C,17.18342,1.0569992,3.5344507391727886e-66,6.895208470591943e-63,1.0,0.9792811839323468,1.0,0.9792811839323468,0.020718816067653245
0,IL32,16.455149,2.5705843,7.70333520012309e-61,1.3149593186610113e-57,0.945054945054945,0.5069767441860465,0.945054945054945,0.5069767441860465,0.4380782008688985
0,HLA-A,15.53415,1.0366544,2.037565270993299e-54,3.091665704520499e-51,1.0,0.961522198731501,1.0,0.961522198731501,0.03847780126849898
0,GZMK,14.678485,4.834554,8.85472433025149e-49,1.2092011545391433e-45,0.5860805860805861,0.05835095137420719,0.5860805860805861,0.05835095137420719,0.5277296347063789
0,CD3D,13.183462,2.0511441,1.092590277276618e-39,1.3564011660444996e-36,0.8827838827838828,0.47822410147991545,0.8827838827838828,0.47822410147991545,0.4045597813039673
0,LYAR,13.001436,3.0814345,1.200668990976609e-38,1.3663613117313813e-35,0.5897435897435898,0.13530655391120508,0.5897435897435898,0.13530655391120508,0.4544370358323847
0,HLA-B,12.569869,0.8707016,3.0923519262875714e-36,3.016368421813077e-33,0.9963369963369964,0.9424947145877378,0.9963369963369964,0.9424947145877378,0.053842281749258536
0,PTPRCAP,12.461358,1.6766397,1.21286774607256e-35,1.1041947960244586e-32,0.9194139194139194,0.6097251585623679,0.9194139194139194,0.6097251585623679,0.3096887608515515
0,GZMM,12.361324,2.5237823,4.231302440470365e-35,3.6114166329414566e-32,0.6190476190476191,0.20126849894291754,0.6190476190476191,0.20126849894291754,0.41777912010470153
0,HCST,12.341644,1.7026004,5.404087036723213e-35,4.3410713278524825e-32,0.8095238095238095,0.509090909090909,0.8095238095238095,0.509090909090909,0.3004329004329005
0,CD8A,12.114301,3.730852,8.871780259942486e-34,6.730723957209699e-31,0.5091575091575091,0.07272727272727272,0.5091575091575091,0.07272727272727272,0.4364302364302364
0,MALAT1,10.644287,0.61874706,1.8539849303466864e-26,1.2659009104407174e-23,1.0,0.9995771670190274,1.0,0.9995771670190274,0.00042283298097256505
0,KLRG1,10.436077,3.3307934,1.6967818671325062e-25,1.1033930084553097e-22,0.45054945054945056,0.07610993657505286,0.45054945054945056,0.07610993657505286,0.3744395139743977
0,PRF1,9.914714,2.485643,3.59284156599313e-23,2.230174746600099e-20,0.4908424908424908,0.1175475687103594,0.4908424908424908,0.1175475687103594,0.37329492213213145
0,GZMH,9.892895,3.8941712,4.469162893227227e-23,2.653516889996131e-20,0.4175824175824176,0.06342494714587738,0.4175824175824176,0.06342494714587738,0.3541574704365402
0,CD3E,9.478657,1.4872571,2.5757662080148904e-21,1.3528716667942825e-18,0.7692307692307693,0.4528541226215645,0.7692307692307693,0.4528541226215645,0.3163766466092048
0,LCK,9.370357,1.5868306,7.22881969213855e-21,3.656176359846076e-18,0.6446886446886447,0.3285412262156448,0.6446886446886447,0.3285412262156448,0.31614741847299993
0,CD99,9.228151,1.3206916,2.7534394680674146e-20,1.342891763426022e-17,0.7435897435897436,0.4790697674418605,0.7435897435897436,0.4790697674418605,0.26451997614788314
0,HOPX,8.956412,2.5529938,3.3541315387237727e-19,1.5268006764270613e-16,0.4432234432234432,0.11458773784355179,0.4432234432234432,0.11458773784355179,0.3286357053798914
0,MYL12A,8.920578,0.8206746,4.638607553830644e-19,2.043381443713267e-16,0.967032967032967,0.8634249471458774,0.967032967032967,0.8634249471458774,0.10360801988708968
0,CD8B,8.701375,2.7779715,3.2788775105109893e-18,1.3568591298041839e-15,0.41025641025641024,0.09471458773784355,0.41025641025641024,0.09471458773784355,0.31554182251856666
0,APOBEC3G,8.349869,2.0105917,6.83388171984212e-17,2.7448084931224705e-14,0.4652014652014652,0.18816067653276955,0.4652014652014652,0.18816067653276955,0.27704078866869564
0,DUSP2,8.068438,1.7854218,7.120346284421457e-16,2.62798510432593e-13,0.4908424908424908,0.23255813953488372,0.4908424908424908,0.23255813953488372,0.2582843513076071
0,RARRES3,7.943604,1.2009449,1.9638971737818046e-15,6.876661488503672e-13,0.6776556776556777,0.44820295983086683,0.6776556776556777,0.44820295983086683,0.22945271782481086
0,CD2,7.419849,1.4342524,1.172538766721535e-13,3.335872791322767e-11,0.5201465201465202,0.29513742071881605,0.5201465201465202,0.29513742071881605,0.22500909942770414
0,ID2,7.115549,1.302548,1.1146811147810738e-12,2.927324096817374e-10,0.5787545787545788,0.3653276955602537,0.5787545787545788,0.3653276955602537,0.21342688319432512
0,IL2RG,6.88338,1.0911338,5.844887841093551e-12,1.4003120764556759e-09,0.6153846153846154,0.42029598308668076,0.6153846153846154,0.42029598308668076,0.19508863229793466
0,SAMD3,6.800759,2.3578713,1.0406936895991858e-11,2.382457563152746e-09,0.3333333333333333,0.09217758985200845,0.3333333333333333,0.09217758985200845,0.24115574348132485
0,HLA-E,6.6974936,0.6186163,2.1202475051564183e-11,4.67001611780904e-09,0.9523809523809523,0.8799154334038055,0.9523809523809523,0.8799154334038055,0.07246551897714681
0,DDX5,6.6134458,0.71106094,3.754752602943893e-11,8.011703366531532e-09,0.9157509157509157,0.8021141649048625,0.9157509157509157,0.8021141649048625,0.11363675084605318
0,PFN1,6.596074,0.55301625,4.2218792172558785e-11,8.869843475514811e-09,0.9816849816849816,0.9412262156448203,0.9816849816849816,0.9412262156448203,0.0404587660401613
0,CCL4,6.4598694,2.213654,1.0479346762387129e-10,2.0739994114080962e-08,0.326007326007326,0.08921775898520085,0.326007326007326,0.08921775898520085,0.23678956702212517
0,MYL12B,6.3567715,0.70243037,2.0603809323561283e-10,3.9628960580641255e-08,0.8021978021978022,0.6896405919661733,0.8021978021978022,0.6896405919661733,0.1125572102316289
0,UBC,6.269577,0.5595332,3.6203040944436873e-10,6.772448316948356e-08,0.9157509157509157,0.8460887949260042,0.9157509157509157,0.8460887949260042,0.06966212082491152
0,MT-ND2,6.0087485,0.6004906,1.869609691621512e-09,3.3372834594352926e-07,0.9487179487179487,0.8871035940803382,0.9487179487179487,0.8871035940803382,0.06161435463761045
0,C12orf75,5.9335127,1.9042907,2.9652111714253616e-09,5.191400481664709e-07,0.32967032967032966,0.11543340380549683,0.32967032967032966,0.11543340380549683,0.21423692586483284
0,HLA-F,5.9302397,1.10039,3.0249273034389283e-09,5.22891231085595e-07,0.48717948717948717,0.3145877378435518,0.48717948717948717,0.3145877378435518,0.17259174933593535
0,NCR3,5.8542485,2.5558143,4.791712460074564e-09,7.883810283708222e-07,0.28205128205128205,0.07230443974630021,0.28205128205128205,0.07230443974630021,0.20974684230498183
0,SEPT7,5.844178,1.0759492,5.090755191605345e-09,8.276113440066975e-07,0.4945054945054945,0.321353065539112,0.4945054945054945,0.321353065539112,0.1731524289663825
0,FGFBP2,5.7925663,2.0996826,6.931896907749572e-09,1.1007207461886996e-06,0.304029304029304,0.08752642706131078,0.304029304029304,0.08752642706131078,0.21650287696799322
0,CD247,5.779516,1.1545584,7.491563852270628e-09,1.162554499620542e-06,0.45054945054945056,0.24693446088794926,0.45054945054945056,0.24693446088794926,0.2036149896615013
0,MATK,5.753585,2.7718792,8.737067328160233e-09,1.3257043492595128e-06,0.2600732600732601,0.04778012684989429,0.2600732600732601,0.04778012684989429,0.2122931332233658
0,HSP90AA1,5.721988,0.7711533,1.0528466166593502e-08,1.5627905866413137e-06,0.6410256410256411,0.5251585623678647,0.6410256410256411,0.5251585623678647,0.11586707865777635
0,ANXA1,5.690014,0.79968685,1.2702896688436678e-08,1.8454335869924605e-06,0.7106227106227107,0.5797040169133192,0.7106227106227107,0.5797040169133192,0.13091869370939146
0,CALM1,5.620149,0.7128345,1.9079260867105542e-08,2.7140248583457634e-06,0.7875457875457875,0.6651162790697674,0.7875457875457875,0.6651162790697674,0.12242950847602008
0,GIMAP7,5.592245,0.7960712,2.2415188267782326e-08,3.1556887730395407e-06,0.684981684981685,0.5234672304439746,0.684981684981685,0.5234672304439746,0.1615144545377104
0,RPS27A,5.571223,0.59210247,2.5295746490759027e-08,3.455219342143315e-06,1.0,0.9708245243128965,1.0,0.9708245243128965,0.029175475687103547
0,BIN2,5.5577955,0.9655486,2.732033289575499e-08,3.6939254061824763e-06,0.5054945054945055,0.35391120507399576,0.5054945054945055,0.35391120507399576,0.15158330042050971
0,TPST2,5.521667,1.7651386,3.3579815700900505e-08,4.452096730208711e-06,0.31868131868131866,0.12346723044397463,0.31868131868131866,0.12346723044397463,0.19521408823734404
0,PTPRC,5.474377,0.80204153,4.390527322898251e-08,5.656324634103633e-06,0.5824175824175825,0.44101479915433406,0.5824175824175825,0.44101479915433406,0.1414027832632484
0,UBB,5.4335494,0.545146,5.524397621463689e-08,6.921208616395242e-06,0.8498168498168498,0.774630021141649,0.8498168498168498,0.774630021141649,0.07518682867520077
0,CXCR4,5.3262978,0.7598521,1.0023488898635323e-07,1.1935698937919428e-05,0.7216117216117216,0.586892177589852,0.7216117216117216,0.586892177589852,0.13471954402186959
0,CD7,5.325794,0.9681276,1.0051298900561908e-07,1.1935698937919428e-05,0.5201465201465202,0.3501057082452431,0.5201465201465202,0.3501057082452431,0.17004081190127707
0,CD53,5.264909,0.69304764,1.4025892835327864e-07,1.609559601338129e-05,0.6446886446886447,0.5365750528541227,0.6446886446886447,0.5365750528541227,0.10811359183452207
0,CHST12,5.256978,1.9162471,1.4644162054191078e-07,1.6665056417669446e-05,0.2857142857142857,0.09725158562367865,0.2857142857142857,0.09725158562367865,0.18846270009060706
0,GZMB,5.2091846,1.6458576,1.896720534375544e-07,2.105822407921336e-05,0.30036630036630035,0.09978858350951374,0.30036630036630035,0.09978858350951374,0.2005777168567866
0,LITAF,4.9619517,1.0300795,6.978835860945427e-07,7.330998655159289e-05,0.43956043956043955,0.29725158562367865,0.43956043956043955,0.29725158562367865,0.1423088539367609
0,HSPA8,4.9418526,0.5770728,7.738377360455645e-07,8.05756604239303e-05,0.7509157509157509,0.666384778012685,0.7509157509157509,0.666384778012685,0.08453097290306588
0,DHRS7,4.9405937,0.95042276,7.788508476829818e-07,8.05756604239303e-05,0.4468864468864469,0.30528541226215644,0.4468864468864469,0.30528541226215644,0.14160103462429047
0,CTSC,4.922005,1.0921816,8.566203603496289e-07,8.729856448458606e-05,0.41025641025641024,0.25158562367864695,0.41025641025641024,0.25158562367864695,0.1586707865777633
0,SLC9A3R1,4.9182286,1.465441,8.733093553190397e-07,8.785982928402897e-05,0.315018315018315,0.146723044397463,0.315018315018315,0.146723044397463,0.168295270620852
0,GNLY,4.8703933,1.801539,1.1137641273559616e-06,0.00011021422408096385,0.326007326007326,0.16321353065539113,0.326007326007326,0.16321353065539113,0.1627937953519349
0,RAP1B,4.824698,0.8368057,1.402156910186298e-06,0.0001358003884078304,0.48717948717948717,0.3492600422832981,0.48717948717948717,0.3492600422832981,0.13791944489618907
0,YWHAQ,4.7898283,1.0352522,1.6692402586027507e-06,0.00016052918993999412,0.4139194139194139,0.2748414376321353,0.4139194139194139,0.2748414376321353,0.13907797628727858
0,PPP2R5C,4.7843733,1.1329478,1.7152151055590356e-06,0.00016379704532527403,0.38095238095238093,0.22748414376321352,0.38095238095238093,0.22748414376321352,0.1534682371891674
0,PSME1,4.7821493,0.5278863,1.7343058100509378e-06,0.00016447000098649726,0.8278388278388278,0.7281183932346723,0.8278388278388278,0.7281183932346723,0.09972043460415547
0,FYN,4.6921434,1.4228586,2.703572920076157e-06,0.0002511564067793197,0.3076923076923077,0.14968287526427063,0.3076923076923077,0.14968287526427063,0.15800943242803708
0,ZAP70,4.621062,1.5029511,3.817807865232471e-06,0.0003499059342792928,0.2893772893772894,0.12684989429175475,0.2893772893772894,0.12684989429175475,0.16252739508553465
0,GIMAP4,4.5818286,0.6736825,4.6092772439473e-06,0.0004155223705773682,0.5567765567765568,0.44820295983086683,0.5567765567765568,0.44820295983086683,0.10857359694568997
0,APMAP,4.5784717,1.6438334,4.683855490917497e-06,0.00041805706264032245,0.27106227106227104,0.10570824524312897,0.27106227106227104,0.10570824524312897,0.16535402581914208
0,ANXA6,4.500886,0.9450797,6.767075704617404e-06,0.0005848809229256663,0.4175824175824176,0.2816067653276956,0.4175824175824176,0.2816067653276956,0.13597565225472202
0,IL7R,4.4589252,0.83027685,8.237162339038875e-06,0.0006943622771723141,0.5091575091575091,0.39027484143763214,0.5091575091575091,0.39027484143763214,0.11888266771987699
0,SRGN,4.4542675,0.67867386,8.418003961852696e-06,0.0007052531417365669,0.7509157509157509,0.5813953488372093,0.7509157509157509,0.5813953488372093,0.16952040207854158
0,MYO1F,4.3782763,1.0655428,1.1962148294008195e-05,0.0009723517684700947,0.3626373626373626,0.22283298097251586,0.3626373626373626,0.22283298097251586,0.13980438166484677
0,IFITM1,4.323182,0.6826676,1.537947461673469e-05,0.0012281994465855493,0.5860805860805861,0.4642706131078224,0.5860805860805861,0.4642706131078224,0.12180997297276369
0,STK17A,4.142918,0.8092943,3.429141244139186e-05,0.0025872018138102058,0.4468864468864469,0.3035940803382664,0.4468864468864469,0.3035940803382664,0.1432923665481805
0,PPP1R18,4.124959,0.87253904,3.708006912045226e-05,0.0027223947521983656,0.39194139194139194,0.2723044397463002,0.39194139194139194,0.2723044397463002,0.11963695219509174
0,LAT,4.054381,1.0230712,5.0267239850167314e-05,0.0035939760596538474,0.34065934065934067,0.20591966173361523,0.34065934065934067,0.20591966173361523,0.13473967892572544
0,GUK1,4.0430937,0.5698567,5.275057294270293e-05,0.0037518845005497462,0.5677655677655677,0.4710359408033827,0.5677655677655677,0.4710359408033827,0.09672962696218507
0,ARPC5L,4.0132174,1.1672932,5.989670389715211e-05,0.004173211165405659,0.304029304029304,0.17251585623678647,0.304029304029304,0.17251585623678647,0.13151344779251753
0,PDIA3,3.991314,0.7686224,6.570825723076155e-05,0.00450910533036824,0.4358974358974359,0.32684989429175476,0.4358974358974359,0.32684989429175476,0.10904754160568114
0,ITGB2,3.957955,0.60182416,7.559420073046812e-05,0.005110467352352834,0.5824175824175825,0.45835095137420717,0.5824175824175825,0.45835095137420717,0.12406663104337529
0,SUN2,3.9047487,0.9267482,9.432336663324537e-05,0.006192691801651917,0.3626373626373626,0.23805496828752643,0.3626373626373626,0.23805496828752643,0.1245823943498362
0,HSP90B1,3.8979928,0.9018433,9.699323576899281e-05,0.006337510180197923,0.3553113553113553,0.23424947145877378,0.3553113553113553,0.23424947145877378,0.12106188385258154
0,ZFP36L2,3.8825934,0.50604594,0.00010334832695381077,0.006657192230571886,0.7106227106227107,0.6456659619450317,0.7106227106227107,0.6456659619450317,0.06495674867767898
0,TMBIM6,3.8736558,0.5153926,0.00010721486358694187,0.006873831817574076,0.5934065934065934,0.5078224101479916,0.5934065934065934,0.5078224101479916,0.08558418325860184
0,XBP1,3.8502414,0.83327836,0.00011800139627986385,0.00749500961673405,0.39194139194139194,0.2735729386892178,0.39194139194139194,0.2735729386892178,0.11836845325217416
0,CD3G,3.8180995,1.0416543,0.0001344836636713484,0.008463174705511216,0.32234432234432236,0.20718816067653276,0.32234432234432236,0.20718816067653276,0.11515616166778961
0,SRSF7,3.7153375,0.55828553,0.0002029326636192779,0.012141750414247834,0.5641025641025641,0.47653276955602536,0.5641025641025641,0.47653276955602536,0.08756979454653874
0,ARL4C,3.7144983,1.0221552,0.00020360726749141432,0.012141750414247834,0.31135531135531136,0.18520084566596196,0.31135531135531136,0.18520084566596196,0.1261544656893494
0,HSPA5,3.7120225,1.0906025,0.00020560964328225338,0.012207849081141097,0.304029304029304,0.18816067653276955,0.304029304029304,0.18816067653276955,0.11586862749653445
0,CLIC1,3.668845,0.5223138,0.00024364884637591684,0.014158589983444768,0.7509157509157509,0.6329809725158563,0.7509157509157509,0.6329809725158563,0.11793477839989464
0,PLEK,3.6309123,1.1769092,0.00028242115077704405,0.016069763479213805,0.2783882783882784,0.15771670190274842,0.2783882783882784,0.15771670190274842,0.12067157648552998
0,TUBA4A,3.6167715,0.8436776,0.0002983004145507802,0.016902864983840058,0.34798534798534797,0.240169133192389,0.34798534798534797,0.240169133192389,0.10781621479295897
0,SNRPB,3.6134565,0.67220795,0.0003021419560921481,0.017042972211738876,0.43223443223443225,0.33742071881606767,0.43223443223443225,0.33742071881606767,0.09481371341836459
0,C9orf142,3.4550126,0.95044464,0.0005502672865440136,0.02981924628986131,0.336996336996337,0.23128964059196616,0.336996336996337,0.23128964059196616,0.10570669640437086
0,SEC61B,3.3546002,0.676437,0.0007947974740902699,0.04142654315334628,0.4065934065934066,0.3090909090909091,0.4065934065934066,0.3090909090909091,0.09750249750249751
0,TERF2IP,3.3068068,0.79769844,0.0009436592723413216,0.04844590610185371,0.326007326007326,0.21818181818181817,0.326007326007326,0.21818181818181817,0.10782550782550784
1,CD74,29.041664,4.0666666,1.9608902602162084e-185,2.677791739351254e-181,1.0,0.8205240174672489,1.0,0.8205240174672489,0.1794759825327511
1,CD79A,27.66601,7.7044845,1.7912876623417732e-168,1.2230912158469628e-164,0.9252873563218391,0.04148471615720524,0.9252873563218391,0.04148471615720524,0.8838026401646338
1,HLA-DRA,27.625597,4.8644876,5.482893485131317e-168,2.4958131144317758e-164,1.0,0.49344978165938863,1.0,0.49344978165938863,0.5065502183406114
1,CD79B,26.348255,5.473424,5.37415499509585e-153,1.8347365153257232e-149,0.9051724137931034,0.14192139737991266,0.9051724137931034,0.14192139737991266,0.7632510164131907
1,HLA-DPB1,25.873842,4.026195,1.312144307719981e-147,3.5837285332448117e-144,0.985632183908046,0.44759825327510916,0.985632183908046,0.44759825327510916,0.5380339306329368
1,HLA-DQA1,25.172134,5.323151,8.09010101420513e-140,1.8413069908330876e-136,0.8850574712643678,0.11703056768558952,0.8850574712643678,0.11703056768558952,0.7680269035787783
1,MS4A1,24.880522,6.358171,1.2091563027193133e-136,2.358891209990706e-133,0.8419540229885057,0.05327510917030567,0.8419540229885057,0.05327510917030567,0.7886789138182001
1,HLA-DRB1,24.334724,3.8717346,8.413875337402842e-131,1.4362485200946653e-127,0.9827586206896551,0.3803493449781659,0.9827586206896551,0.3803493449781659,0.6024092757114892
1,HLA-DQB1,24.114191,4.9287853,1.774419322327976e-128,2.692385585078982e-125,0.8563218390804598,0.14716157205240174,0.8563218390804598,0.14716157205240174,0.709160267028058
1,CD37,23.9607,2.4442728,7.147911935630649e-127,9.761188539297214e-124,0.9626436781609196,0.7406113537117904,0.9626436781609196,0.7406113537117904,0.22203232444912913
1,HLA-DPA1,23.815704,3.6854224,2.2964347270169518e-125,2.850919330194863e-122,0.9798850574712644,0.4196506550218341,0.9798850574712644,0.4196506550218341,0.5602344024494303
1,HLA-DRB5,20.05476,3.300552,1.8342865029032607e-89,1.789215463117638e-86,0.8563218390804598,0.27467248908296943,0.8563218390804598,0.27467248908296943,0.5816493499974904
1,TCL1A,18.281324,6.973357,1.1656205035894214e-74,9.948570998135712e-72,0.617816091954023,0.021397379912663755,0.617816091954023,0.021397379912663755,0.5964187120413592
1,RPL18A,17.07748,0.713637,2.1834704283029934e-65,1.7539689511120987e-62,1.0,0.9930131004366812,1.0,0.9930131004366812,0.006986899563318771
1,HLA-DMA,16.899967,3.1511145,4.5016153075988046e-64,3.235476770556278e-61,0.7011494252873564,0.19956331877729258,0.7011494252873564,0.19956331877729258,0.5015861065100637
1,LINC00926,16.522015,7.3965635,2.547478178289434e-61,1.5812891819418414e-58,0.5545977011494253,0.00960698689956332,0.5545977011494253,0.00960698689956332,0.544990714249862
1,RPS23,15.23674,0.7958681,2.0168391755977087e-52,1.0200724363689745e-49,1.0,0.9799126637554585,1.0,0.9799126637554585,0.02008733624454151
1,RPS11,15.134198,0.9081696,9.634795463329404e-52,4.699027387400941e-49,0.9913793103448276,0.9427947598253276,0.9913793103448276,0.9427947598253276,0.04858455051950006
1,RPS5,15.085741,0.79788464,2.0100618595267397e-51,9.465311984033504e-49,1.0,0.9755458515283842,1.0,0.9755458515283842,0.024454148471615755
1,VPREB3,14.389774,7.4475465,5.999127829981492e-47,2.5601278014446017e-44,0.4827586206896552,0.006550218340611353,0.4827586206896552,0.006550218340611353,0.4762084023490438
1,HLA-DQA2,14.094536,4.1739845,4.1033928544986686e-45,1.6980585703343582e-42,0.514367816091954,0.06550218340611354,0.514367816091954,0.06550218340611354,0.4488656326858405
1,BANK1,13.764096,4.820834,4.190942178965008e-43,1.5467974701607068e-40,0.4827586206896552,0.036244541484716154,0.4827586206896552,0.036244541484716154,0.446514079204939
1,HLA-DMB,13.737998,3.1884303,6.011548487239316e-43,2.160360687940529e-40,0.5488505747126436,0.12532751091703057,0.5488505747126436,0.12532751091703057,0.4235230637956131
1,LTB,13.625069,1.7979507,2.8414224400936313e-42,9.67689764218982e-40,0.9310344827586207,0.6694323144104803,0.9310344827586207,0.6694323144104803,0.2616021683481403
1,HVCN1,13.43426,3.968875,3.808529148332968e-41,1.2383160488008337e-38,0.4942528735632184,0.06724890829694323,0.4942528735632184,0.06724890829694323,0.42700396526627515
1,RPL13A,12.506771,0.5060303,6.85543495383851e-36,2.0351699941221454e-33,1.0,0.9991266375545852,1.0,0.9991266375545852,0.0008733624454148048
1,RPS8,12.364458,0.59379166,4.069444710273613e-35,1.157757020072843e-32,1.0,0.985589519650655,1.0,0.985589519650655,0.014410480349345
1,CXCR4,12.252701,1.5733938,1.6249337807874386e-34,4.52859096131291e-32,0.8045977011494253,0.5698689956331878,0.8045977011494253,0.5698689956331878,0.23472870551623748
1,LAPTM5,12.16013,1.067944,5.06785384176018e-34,1.3841322412615404e-31,0.8706896551724138,0.7807860262008733,0.8706896551724138,0.7807860262008733,0.08990362897154047
1,ISG20,11.870404,1.6670991,1.6865046226365437e-32,4.3454541748537056e-30,0.6925287356321839,0.42663755458515285,0.6925287356321839,0.42663755458515285,0.265891181047031
1,RPL8,11.400598,0.53759694,4.152575080391977e-30,1.0501400981080155e-27,1.0,0.985589519650655,1.0,0.985589519650655,0.014410480349345
1,FCER2,11.122846,6.4800057,9.712360953712297e-29,2.3268772137525458e-26,0.3764367816091954,0.008733624454148471,0.3764367816091954,0.008733624454148471,0.3677031571550469
1,RPL18,10.711317,0.50917673,9.007156285014668e-27,1.9524083528279414e-24,0.9942528735632183,0.9820960698689957,0.9942528735632183,0.9820960698689957,0.012156803694222673
1,RPL10A,10.308588,0.52012855,6.444139864553151e-25,1.2753793331933018e-22,0.9971264367816092,0.9851528384279477,0.9971264367816092,0.9851528384279477,0.011973598353661519
1,LY86,9.986231,2.3341906,1.751145299290326e-23,3.321338917653985e-21,0.45977011494252873,0.15109170305676856,0.45977011494252873,0.15109170305676856,0.3086784118857602
1,SNX2,9.975769,2.2280273,1.9458892032340274e-23,3.640145610871765e-21,0.46264367816091956,0.17641921397379912,0.46264367816091956,0.17641921397379912,0.28622446418712044
1,RPS27,9.926594,0.5430992,3.189662501147873e-23,5.88622042103721e-21,0.9971264367816092,0.9930131004366812,0.9971264367816092,0.9930131004366812,0.0041133363449279425
1,SNHG7,9.864048,1.9044315,5.959684606016655e-23,1.07086122341794e-20,0.5028735632183908,0.22969432314410482,0.5028735632183908,0.22969432314410482,0.273179240074286
1,PTPRCAP,9.801314,1.2412273,1.1113002868815537e-22,1.945630348417243e-20,0.8448275862068966,0.6109170305676855,0.8448275862068966,0.6109170305676855,0.23391055563921104
1,IRF8,9.711651,3.3240511,2.6894449438280635e-22,4.534204957150128e-20,0.3764367816091954,0.0703056768558952,0.3764367816091954,0.0703056768558952,0.3061311047533002
1,TSPAN13,9.369012,6.528764,7.321441625692399e-21,1.136154623186993e-18,0.3160919540229885,0.005676855895196507,0.3160919540229885,0.005676855895196507,0.310415098127792
1,EAF2,9.28679,3.6007872,1.590121967412989e-20,2.439854560336155e-18,0.3505747126436782,0.05589519650655022,0.3505747126436782,0.05589519650655022,0.29467951613712795
1,CD52,9.27882,0.73449415,1.7136525848237995e-20,2.6001821887059784e-18,0.9482758620689655,0.8868995633187773,0.9482758620689655,0.8868995633187773,0.06137629875018824
1,RPSA,9.113204,0.6772744,7.99842150884691e-20,1.2002905947781693e-17,0.9885057471264368,0.9541484716157205,0.9885057471264368,0.9541484716157205,0.03435727551071632
1,PDLIM1,8.85683,4.231856,8.232254323655398e-19,1.1589656190086404e-16,0.3160919540229885,0.024017467248908297,0.3160919540229885,0.024017467248908297,0.2920744867740802
1,FCRLA,8.684188,6.450597,3.814580040674749e-18,5.008837022639844e-16,0.29310344827586204,0.005676855895196507,0.29310344827586204,0.005676855895196507,0.28742659238066554
1,LIMD2,8.5536585,0.87688094,1.192471072127024e-17,1.5219051365389383e-15,0.7557471264367817,0.6427947598253275,0.7557471264367817,0.6427947598253275,0.11295236661145414
1,CYB561A3,8.470379,3.258234,2.445969946298874e-17,3.0092041069060742e-15,0.3275862068965517,0.05720524017467249,0.3275862068965517,0.05720524017467249,0.2703809667218792
1,NCF1,8.45308,2.2096956,2.837162996240261e-17,3.4593123104158036e-15,0.3936781609195402,0.13100436681222707,0.3936781609195402,0.13100436681222707,0.2626737941073132
1,HLA-DOB,8.287162,5.419541,1.1598275409028226e-16,1.3893513068920127e-14,0.28448275862068967,0.010917030567685589,0.28448275862068967,0.010917030567685589,0.27356572805300405
1,GNG7,8.20679,4.753704,2.2718081952837426e-16,2.6744666133443784e-14,0.28735632183908044,0.017467248908296942,0.28735632183908044,0.017467248908296942,0.2698890729307835
1,PPAPDC1B,8.188736,3.578509,2.6398326442889227e-16,3.081158512000814e-14,0.3074712643678161,0.044978165938864625,0.3074712643678161,0.044978165938864625,0.26249309842895147
1,BLK,8.095372,4.911419,5.708974606297026e-16,6.496813101966016e-14,0.28160919540229884,0.014410480349344978,0.28160919540229884,0.014410480349344978,0.26719871505295384
1,PKIG,8.004009,5.7038035,1.2043266515564618e-15,1.326313286585084e-13,0.27298850574712646,0.008296943231441048,0.27298850574712646,0.008296943231441048,0.26469156251568543
1,SMIM14,8.002499,2.9667625,1.2191999247221468e-15,1.331951533760451e-13,0.3218390804597701,0.06899563318777292,0.3218390804597701,0.06899563318777292,0.2528434472719972
1,CD40,7.9862576,4.1549397,1.3909691354486194e-15,1.49567515855798e-13,0.28735632183908044,0.026200873362445413,0.28735632183908044,0.026200873362445413,0.261155448476635
1,FAIM3,7.9848223,1.8755074,1.4072482237917133e-15,1.501357948757784e-13,0.4109195402298851,0.17729257641921398,0.4109195402298851,0.17729257641921398,0.2336269638106711
1,RPS21,7.859052,0.59020895,3.870511307498791e-15,4.0973412724963947e-13,0.9080459770114943,0.8589519650655022,0.9080459770114943,0.8589519650655022,0.049094011945992055
1,RPL9,7.8065534,0.5320431,5.8773048585184516e-15,6.08033902635818e-13,0.9971264367816092,0.9746724890829694,0.9971264367816092,0.9746724890829694,0.02245394769863973
1,EEF2,7.7291274,0.5714221,1.0828630784470426e-14,1.1035506118860309e-12,0.867816091954023,0.8323144104803494,0.867816091954023,0.8323144104803494,0.03550168147367361
1,P2RX5,7.6265473,4.484035,2.4112467676152222e-14,2.3519989898966766e-12,0.27011494252873564,0.020087336244541485,0.27011494252873564,0.020087336244541485,0.2500276062841941
1,RPS13,7.601091,0.5345847,2.936445172721628e-14,2.8239503717384896e-12,0.9971264367816092,0.9633187772925764,0.9971264367816092,0.9633187772925764,0.03380765948903275
1,CD72,7.550594,5.230578,4.332773076192338e-14,4.1089131339224e-12,0.2614942528735632,0.013100436681222707,0.2614942528735632,0.013100436681222707,0.2483938161923405
1,PLEKHF2,7.3335366,3.0005436,2.2415724889123467e-13,2.0272128416282784e-11,0.29310344827586204,0.05982532751091703,0.29310344827586204,0.05982532751091703,0.23327812076494503
1,MARCH1,7.2777143,3.4151192,3.3952352764783227e-13,2.991311802295999e-11,0.27873563218390807,0.045414847161572056,0.27873563218390807,0.045414847161572056,0.233320785022336
1,SNX3,7.240474,0.9738643,4.4711870152574466e-13,3.8644639164782085e-11,0.5862068965517241,0.448471615720524,0.5862068965517241,0.448471615720524,0.13773528083120007
1,EEF1B2,7.2111654,0.53150123,5.547495213151774e-13,4.734787164425039e-11,0.9137931034482759,0.8838427947598253,0.9137931034482759,0.8838427947598253,0.02995030868845061
1,MEF2C,7.004306,3.4191692,2.4821367881671134e-12,2.0056840224384678e-10,0.2672413793103448,0.04192139737991266,0.2672413793103448,0.04192139737991266,0.22531998193043215
1,QRSL1,7.0,3.4879677,2.559624708024539e-12,2.0561314713401827e-10,0.26436781609195403,0.03711790393013101,0.26436781609195403,0.03711790393013101,0.22724991216182303
1,GLTSCR2,6.8785734,0.5821435,6.045497502208648e-12,4.698222721879777e-10,0.8908045977011494,0.8248908296943231,0.8908045977011494,0.8248908296943231,0.06591376800682625
1,PLAC8,6.85138,0.98908985,7.3141112016091e-12,5.611320369054712e-10,0.5804597701149425,0.4397379912663755,0.5804597701149425,0.4397379912663755,0.14072177884856701
1,RPS3A,6.683837,0.51233447,2.3276551385262697e-11,1.7275249223758011e-09,0.9913793103448276,0.9790393013100437,0.9913793103448276,0.9790393013100437,0.012340009034783939
1,TPD52,6.130977,2.7986007,8.734106807135341e-10,5.521896414733343e-08,0.25,0.05327510917030567,0.25,0.05327510917030567,0.19672489082969433
1,POLD4,6.095021,1.0492228,1.0942308122865974e-09,6.854502739718246e-08,0.4827586206896552,0.32838427947598253,0.4827586206896552,0.32838427947598253,0.15437434121367266
1,SYPL1,5.8079777,1.7894046,6.3231870271492835e-09,3.658874662828416e-07,0.2988505747126437,0.12139737991266375,0.2988505747126437,0.12139737991266375,0.17745319479997995
1,HMGN1,5.7199388,0.69187766,1.065624769066947e-08,5.988548084929312e-07,0.6235632183908046,0.5161572052401747,0.6235632183908046,0.5161572052401747,0.10740601315062992
1,RPSAP58,5.7104964,0.5923041,1.1264704403061285e-08,6.304541120008399e-07,0.8218390804597702,0.722707423580786,0.8218390804597702,0.722707423580786,0.09913165687898418
1,LAT2,5.686287,2.3974218,1.2983137070427216e-08,7.207224383485939e-07,0.25,0.0685589519650655,0.25,0.0685589519650655,0.1814410480349345
1,STX7,5.6636252,2.0393412,1.4820777511430186e-08,8.16098942322946e-07,0.27298850574712646,0.10218340611353711,0.27298850574712646,0.10218340611353711,0.17080509963358936
1,PNISR,5.6260076,0.91062474,1.8442818616570393e-08,1.0074205241115411e-06,0.47988505747126436,0.3567685589519651,0.47988505747126436,0.3567685589519651,0.12311649851929929
1,FAM26F,5.5616117,1.3223004,2.672943932148334e-08,1.431440091663437e-06,0.3649425287356322,0.20873362445414848,0.3649425287356322,0.20873362445414848,0.15620890428148373
1,RPS27A,5.1318026,0.5198871,2.869806156008509e-07,1.4097148513112304e-05,0.9942528735632183,0.9707423580786027,0.9942528735632183,0.9707423580786027,0.02351051548461569
1,EIF4A2,5.099019,0.5295898,3.4141809536235463e-07,1.659219042800112e-05,0.7011494252873564,0.6314410480349345,0.7011494252873564,0.6314410480349345,0.06970837725242185
1,SELL,5.054452,0.7448019,4.3162856036916816e-07,2.090184262553674e-05,0.5718390804597702,0.4576419213973799,0.5718390804597702,0.4576419213973799,0.11419715906239025
1,ATP6V1G1,5.023595,0.51775223,5.071318905707016e-07,2.4214661180536715e-05,0.6609195402298851,0.6013100436681222,0.6609195402298851,0.6013100436681222,0.05960949656176284
1,CD69,4.90636,0.8784676,9.278202508740508e-07,4.2805112655189316e-05,0.46551724137931033,0.34497816593886466,0.46551724137931033,0.34497816593886466,0.12053907544044568
1,RPL22L1,4.860962,1.2756469,1.1681659059168873e-06,5.282276030199011e-05,0.32471264367816094,0.1812227074235808,0.32471264367816094,0.1812227074235808,0.14348993625458015
1,BIRC3,4.842229,1.6927948,1.2839079886432915e-06,5.7572902938519964e-05,0.25862068965517243,0.11091703056768559,0.25862068965517243,0.11091703056768559,0.14770365908748684
1,RCSD1,4.833504,1.1873773,1.3415044293079048e-06,5.92866811865008e-05,0.33045977011494254,0.19825327510917032,0.33045977011494254,0.19825327510917032,0.13220649500577222
1,SEC62,4.795962,1.1768286,1.6189598252530942e-06,7.040928462947851e-05,0.33620689655172414,0.20480349344978166,0.33620689655172414,0.20480349344978166,0.13140340310194248
1,PRKCB,4.746976,1.6194719,2.0648063557462318e-06,8.729719998164255e-05,0.26436781609195403,0.12096069868995633,0.26436781609195403,0.12096069868995633,0.14340711740199769
1,CD53,4.659994,0.5583901,3.1621831458833683e-06,0.00013046154997034223,0.6120689655172413,0.5379912663755458,0.6120689655172413,0.5379912663755458,0.07407769914169549
1,UCP2,4.2990375,0.50188345,1.7154148998858186e-05,0.0006180925032411804,0.5948275862068966,0.5567685589519651,0.5948275862068966,0.5567685589519651,0.03805902725493149
1,RNASEH2B,4.201254,1.2223573,2.654406476886061e-05,0.0009294506371373346,0.27586206896551724,0.1497816593886463,0.27586206896551724,0.1497816593886463,0.12608040957687094
1,ANAPC16,4.1732297,0.54667956,3.0031220923859038e-05,0.001041397059524213,0.5344827586206896,0.474235807860262,0.5344827586206896,0.474235807860262,0.06024695076042763
1,TMEM243,4.147962,1.071322,3.354478922183154e-05,0.001139521496550576,0.3045977011494253,0.18908296943231442,0.3045977011494253,0.18908296943231442,0.11551473171711088
1,SP100,4.045571,0.85658795,5.219578570044093e-05,0.001730062256129178,0.3620689655172414,0.2554585152838428,0.3620689655172414,0.2554585152838428,0.1066104502333986
1,BLOC1S2,3.964179,1.2563815,7.364898454611763e-05,0.0023532347060378086,0.2614942528735632,0.14716157205240174,0.2614942528735632,0.14716157205240174,0.11433268082116146
1,DRAM2,3.8305907,1.1753193,0.00012783604773256488,0.003819976078415549,0.25862068965517243,0.1467248908296943,0.25862068965517243,0.1467248908296943,0.11189579882547812
1,POU2F2,3.7533157,1.1707535,0.00017451093499919402,0.0050383114764249335,0.25862068965517243,0.14497816593886462,0.25862068965517243,0.14497816593886462,0.11364252371630781
1,ZFP36L1,3.7434957,0.86849356,0.00018147772510074313,0.0052173890820542065,0.3218390804597701,0.23013100436681222,0.3218390804597701,0.23013100436681222,0.09170807609295789
1,PTPN6,3.6974177,0.7508137,0.00021780379695098234,0.0061708063302128935,0.3764367816091954,0.28296943231441046,0.3764367816091954,0.28296943231441046,0.09346734929478495
1,SPINT2,3.6654274,1.1453001,0.0002469257584375241,0.006867654088030202,0.25,0.14148471615720523,0.25,0.14148471615720523,0.10851528384279477
1,HERPUD1,3.5152965,0.9256332,0.0004392634518553198,0.011664309095063937,0.29310344827586204,0.2,0.29310344827586204,0.2,0.09310344827586203
1,PAPOLA,3.5149188,0.94759005,0.0004398886338574932,0.011664309095063937,0.29310344827586204,0.20655021834061135,0.29310344827586204,0.20655021834061135,0.08655322993525069
1,SP110,3.4925218,0.7293166,0.00047848257091509625,0.012565688439262604,0.3563218390804598,0.27292576419213976,0.3563218390804598,0.27292576419213976,0.08339607488832002
1,DCK,3.333515,0.9814881,0.0008575604952072267,0.02129244749554525,0.2672413793103448,0.1794759825327511,0.2672413793103448,0.1794759825327511,0.08776539677759371
1,EZR,3.2519343,0.9600796,0.0011462250814821022,0.02726977301867524,0.27298850574712646,0.185589519650655,0.27298850574712646,0.185589519650655,0.08739898609647145
1,FAM65B,3.1543775,0.6478904,0.001608409321479017,0.03636496306973089,0.3563218390804598,0.2938864628820961,0.3563218390804598,0.2938864628820961,0.0624353761983637
1,STK17A,3.128468,0.63037217,0.0017572014537489413,0.03914230760823537,0.3735632183908046,0.31004366812227074,0.3735632183908046,0.31004366812227074,0.06351955026853384
1,TAF7,3.1075819,0.7883957,0.0018862475577472626,0.04154612362676874,0.2959770114942529,0.21528384279475982,0.2959770114942529,0.21528384279475982,0.08069316869949306
1,RHOH,3.0617304,0.6868653,0.002200615091296485,0.04754999950434304,0.3218390804597701,0.23930131004366811,0.3218390804597701,0.23930131004366811,0.082537770416102
2,LTB,22.1138,2.4414456,2.3281345109220816e-108,3.1793004881151947e-104,0.9800664451827242,0.6222986247544204,0.9800664451827242,0.6222986247544204,0.3577678204283038
2,LDHB,20.875423,1.9900601,8.957285999532766e-97,6.116034880480973e-93,0.9584717607973422,0.5913555992141454,0.9584717607973422,0.5913555992141454,0.3671161615831968
2,IL32,20.626577,2.5212312,1.5847597401970154e-94,7.213826337376814e-91,0.9335548172757475,0.4395874263261297,0.9335548172757475,0.4395874263261297,0.49396739094961784
2,IL7R,18.70562,2.4253447,4.45524859547133e-78,1.521021870493912e-74,0.7641196013289037,0.2956777996070727,0.7641196013289037,0.2956777996070727,0.468441801721831
2,CD3D,18.566198,2.2394993,6.032623838037095e-77,1.6476302226446915e-73,0.9069767441860465,0.4056974459724951,0.9069767441860465,0.4056974459724951,0.5012792982135514
2,TPT1,17.177435,0.68350565,3.918585374318258e-66,6.689025233961266e-63,0.9966777408637874,0.9828094302554028,0.9966777408637874,0.9828094302554028,0.01386831060838456
2,CD3E,16.751192,1.9740841,5.550336785110982e-63,8.421711015275063e-60,0.8239202657807309,0.3855599214145383,0.8239202657807309,0.3855599214145383,0.43836034436619253
2,JUNB,15.542689,1.1487235,1.7833896145506844e-54,1.8733821981772422e-51,0.9800664451827242,0.8845776031434185,0.9800664451827242,0.8845776031434185,0.09548884203930574
2,RPS25,14.712374,0.71522564,5.369056675334099e-49,4.887989197224163e-46,1.0,0.9754420432220039,1.0,0.9754420432220039,0.024557956777996104
2,RPS12,14.614431,0.5940173,2.2724343226300985e-48,1.939522694364789e-45,1.0,0.9916502946954814,1.0,0.9916502946954814,0.008349705304518618
2,CD2,14.5289755,2.0757544,7.939883048885937e-48,5.706686469241388e-45,0.6245847176079734,0.22789783889980353,0.6245847176079734,0.22789783889980353,0.3966868787081699
2,JUN,13.975523,1.3147063,2.1989204612089357e-44,1.3055851225334445e-41,0.9036544850498339,0.6949901768172888,0.9036544850498339,0.6949901768172888,0.20866430823254511
2,RPS3,13.732922,0.5096472,6.448031564787855e-43,3.6689299603642897e-40,1.0,0.9945972495088409,1.0,0.9945972495088409,0.005402750491159125
2,RPSA,13.673565,0.82390857,1.460601006781487e-42,7.978386939443195e-40,0.9983388704318937,0.9469548133595285,0.9983388704318937,0.9469548133595285,0.05138405707236526
2,RPS29,13.623072,0.8482381,2.920237133207442e-42,1.5337983958108012e-39,0.9900332225913622,0.9081532416502947,0.9900332225913622,0.9081532416502947,0.08187998094106752
2,RPL30,13.240561,0.6182476,5.116541255560571e-40,2.5878328661457465e-37,1.0,0.9803536345776032,1.0,0.9803536345776032,0.01964636542239684
2,RPLP0,13.140578,0.74263114,1.9274867420670247e-39,9.400628196309746e-37,0.9900332225913622,0.9395874263261297,0.9900332225913622,0.9395874263261297,0.05044579626523249
2,RPL36,13.113321,0.6740498,2.7623180202138954e-39,1.300766030484171e-36,0.9966777408637874,0.9474459724950884,0.9966777408637874,0.9474459724950884,0.049231768368698914
2,RPL23A,12.952612,0.5666162,2.2709392076970614e-38,9.397559339488204e-36,1.0,0.9887033398821218,1.0,0.9887033398821218,0.011296660117878221
2,RPS15A,12.891368,0.57771695,5.034309992542691e-38,2.0220158017106766e-35,0.9983388704318937,0.9833005893909627,0.9983388704318937,0.9833005893909627,0.015038281040931079
2,RPS27A,12.797902,0.8083201,1.6844023353211362e-37,6.389499525318177e-35,0.9983388704318937,0.9666011787819253,0.9983388704318937,0.9666011787819253,0.031737691649968425
2,TMEM66,12.73879,1.1192931,3.599353189328146e-37,1.3284531663098693e-34,0.9086378737541528,0.68713163064833,0.9086378737541528,0.68713163064833,0.2215062431058228
2,RPS27,12.696397,0.57700294,6.191535461178332e-37,2.225042322575034e-34,1.0,0.9916502946954814,1.0,0.9916502946954814,0.008349705304518618
2,HINT1,12.516775,1.2192227,6.044131170913535e-36,2.116375776153724e-33,0.8421926910299004,0.5825147347740668,0.8421926910299004,0.5825147347740668,0.25967795625583356
2,RPS10,12.256662,0.5940056,1.5474406752022001e-34,5.031392823943154e-32,1.0,0.9666011787819253,1.0,0.9666011787819253,0.03339882121807469
2,RPL31,12.055935,0.6284527,1.8047228488007242e-33,5.601203459823338e-31,0.9966777408637874,0.9651277013752456,0.9966777408637874,0.9651277013752456,0.03155003948854174
2,MYL12A,12.013695,0.87141657,3.010866911743347e-33,8.93834751016677e-31,0.9750830564784053,0.8443025540275049,0.9750830564784053,0.8443025540275049,0.13078050245090045
2,GIMAP7,11.858071,1.3071263,1.9542496413010224e-32,5.5598402295014094e-30,0.7591362126245847,0.47544204322200395,0.7591362126245847,0.47544204322200395,0.2836941694025808
2,AES,11.600912,1.3537071,4.077095596887537e-31,1.050505990020683e-28,0.7342192691029901,0.4219056974459725,0.7342192691029901,0.4219056974459725,0.31231357165701756
2,AQP3,11.527243,2.5294793,9.617527059193632e-31,2.4321657318583008e-28,0.4069767441860465,0.0962671905697446,0.4069767441860465,0.0962671905697446,0.3107095536163019
2,RPS20,11.395039,0.66384697,4.4263394616353844e-30,1.0990198488744146e-27,0.9966777408637874,0.9420432220039293,0.9966777408637874,0.9420432220039293,0.05463451885985804
2,HSPA8,11.359498,1.117363,6.65258240042636e-30,1.6222797367896852e-27,0.8687707641196013,0.6178781925343811,0.8687707641196013,0.6178781925343811,0.25089257158522016
2,ANXA1,11.333581,1.2211437,8.94703681446059e-30,2.143521662074979e-27,0.792358803986711,0.5343811394891945,0.792358803986711,0.5343811394891945,0.25797766449751647
2,NOSIP,11.157797,1.3856874,6.559711484576272e-29,1.544472759196096e-26,0.6627906976744186,0.3600196463654224,0.6627906976744186,0.3600196463654224,0.3027710513089962
2,TRAT1,11.094329,2.327359,1.3365890681987841e-28,3.0420767192204325e-26,0.40863787375415284,0.10363457760314342,0.40863787375415284,0.10363457760314342,0.3050032961510094
2,ZFP36L2,10.956247,1.0861287,6.20177034103158e-28,1.3883832094611027e-25,0.8156146179401993,0.6041257367387033,0.8156146179401993,0.6041257367387033,0.211488881201496
2,FOS,10.943791,0.7804194,7.11600924192555e-28,1.5673584227054082e-25,0.9817275747508306,0.9012770137524558,0.9817275747508306,0.9012770137524558,0.08045056099837478
2,RPS21,10.838114,0.817744,2.2710421889532815e-27,4.922754306721589e-25,0.9700996677740864,0.8344793713163065,0.9700996677740864,0.8344793713163065,0.13562029645777995
2,SPOCK2,10.834734,2.0154731,2.356500958895951e-27,5.018825609506572e-25,0.43853820598006643,0.14145383104125736,0.43853820598006643,0.14145383104125736,0.29708437493880907
2,EVL,10.743095,1.1804285,6.386631922861672e-27,1.3017290378895371e-24,0.7325581395348837,0.47347740667976423,0.7325581395348837,0.47347740667976423,0.25908073285511946
2,NPM1,10.547241,0.82538885,5.231027682537241e-26,1.0352886091699791e-23,0.9368770764119602,0.7981335952848723,0.9368770764119602,0.7981335952848723,0.1387434811270879
2,HLA-A,10.429443,0.5870154,1.819517029683969e-25,3.4510172996339276e-23,0.9983388704318937,0.9557956777996071,0.9983388704318937,0.9557956777996071,0.042543192632286675
2,VIM,10.271993,0.94609207,9.423797827701007e-25,1.7158851084677994e-22,0.9302325581395349,0.7632612966601179,0.9302325581395349,0.7632612966601179,0.166971261479417
2,RPL36A,10.266846,0.6436831,9.940181781872833e-25,1.786093715963887e-22,0.96843853820598,0.8894891944990176,0.96843853820598,0.8894891944990176,0.07894934370696238
2,RPL9,10.243914,0.5746765,1.2603327584119589e-24,2.1786207783384443e-22,0.9983388704318937,0.9715127701375246,0.9983388704318937,0.9715127701375246,0.02682610029436916
2,LCK,10.230818,1.4009227,1.4429579191425902e-24,2.4631291679764014e-22,0.5880398671096345,0.29420432220039294,0.5880398671096345,0.29420432220039294,0.2938355449092416
2,CALM1,10.133271,0.9657116,3.932673817083423e-24,6.54934068854771e-22,0.8355481727574751,0.631139489194499,0.8355481727574751,0.631139489194499,0.20440868356297603
2,GSTK1,10.050221,1.0947526,9.16611079213609e-24,1.4726165762048289e-21,0.7325581395348837,0.5,0.7325581395348837,0.5,0.2325581395348837
2,RPS13,10.044222,0.5467515,9.741332574649155e-24,1.5468329958070799e-21,0.9916943521594684,0.9607072691552063,0.9916943521594684,0.9607072691552063,0.030987083004262117
2,RPS26,10.01395,0.6945333,1.323598087002595e-23,2.0775925834606253e-21,0.9883720930232558,0.8934184675834971,0.9883720930232558,0.8934184675834971,0.09495362543975872
2,PRDX2,10.01194,1.4959228,1.350772798187493e-23,2.0961537877327735e-21,0.5116279069767442,0.22544204322200392,0.5116279069767442,0.22544204322200392,0.2861858637547403
2,FXYD5,9.966532,0.9021041,2.1355537243680718e-23,3.276755242693302e-21,0.8820598006644518,0.6925343811394892,0.8820598006644518,0.6925343811394892,0.1895254195249626
2,PLP2,9.744122,1.3509297,1.9546166252661865e-22,2.9013309385472876e-20,0.5382059800664452,0.28536345776031435,0.5382059800664452,0.28536345776031435,0.2528425223061308
2,RPL17,9.57458,0.5040895,1.0227151360202246e-21,1.4857657337757647e-19,0.9916943521594684,0.9538310412573674,0.9916943521594684,0.9538310412573674,0.037863310902101044
2,IFITM1,9.345927,1.1158998,9.108799553510066e-21,1.2691825455395444e-18,0.6727574750830565,0.41895874263261296,0.6727574750830565,0.41895874263261296,0.25379873245044354
2,RPSAP58,9.3254,0.8294847,1.105651482459256e-20,1.4949283806399603e-18,0.8621262458471761,0.6984282907662083,0.8621262458471761,0.6984282907662083,0.16369795508096785
2,ARHGAP15,9.218413,1.44502,3.0152879236954114e-20,3.884601121319296e-18,0.4684385382059801,0.2200392927308448,0.4684385382059801,0.2200392927308448,0.24839924547513528
2,RPS3A,8.670565,0.55917376,4.299836456122148e-18,4.934333331496139e-16,1.0,0.974950884086444,1.0,0.974950884086444,0.025049115913555964
2,CD69,8.613066,1.2067853,7.11321125604612e-18,8.094834409380485e-16,0.5448504983388704,0.30648330058939094,0.5448504983388704,0.30648330058939094,0.2383671977494795
2,GIMAP5,8.580967,1.3531302,9.407904391460575e-18,1.0617714245436827e-15,0.4684385382059801,0.2318271119842829,0.4684385382059801,0.2318271119842829,0.23661142622169717
2,CD27,8.453331,1.4504174,2.8310688991333656e-17,3.0928861509252194e-15,0.42358803986710963,0.18516699410609036,0.42358803986710963,0.18516699410609036,0.23842104576101927
2,MAL,8.400158,2.232898,4.4588036864068184e-17,4.8044005897036246e-15,0.3073089700996678,0.0825147347740668,0.3073089700996678,0.0825147347740668,0.224794235325601
2,RGCC,8.385417,1.4753945,5.054607909437835e-17,5.39263481338149e-15,0.4069767441860465,0.17829076620825146,0.4069767441860465,0.17829076620825146,0.22868597797779505
2,CD40LG,8.245539,2.6019714,1.6441721104584692e-16,1.727139564647758e-14,0.27740863787375414,0.05353634577603143,0.27740863787375414,0.05353634577603143,0.2238722920977227
2,LAT,8.193675,1.4947649,2.5336897059701176e-16,2.6212171685399945e-14,0.4003322259136213,0.16650294695481335,0.4003322259136213,0.16650294695481335,0.23382927895880792
2,TRADD,8.166783,1.7580904,3.167208937253232e-16,3.2519853569270773e-14,0.34551495016611294,0.12819253438113948,0.34551495016611294,0.12819253438113948,0.21732241578497347
2,RPL38,8.13237,0.5883641,4.2097894418102865e-16,4.290215269952334e-14,0.9651162790697675,0.8718074656188605,0.9651162790697675,0.8718074656188605,0.09330881345090702
2,TMEM123,8.112879,1.0022529,4.943444699557654e-16,5.000568949419209e-14,0.5980066445182725,0.37721021611001965,0.5980066445182725,0.37721021611001965,0.2207964284082528
2,CD52,8.100727,0.66698873,5.463162939746613e-16,5.445617014976624e-14,0.9767441860465116,0.8708251473477406,0.9767441860465116,0.8708251473477406,0.10591903869877095
2,TNFAIP8,8.083703,1.3543302,6.282920945866618e-16,6.217360031648878e-14,0.43023255813953487,0.2043222003929273,0.43023255813953487,0.2043222003929273,0.22591035774660756
2,DDX5,8.020814,0.68297225,1.0504654575456485e-15,1.032025632247725e-13,0.915282392026578,0.7838899803536346,0.915282392026578,0.7838899803536346,0.13139241167294347
2,ACAP1,7.8549886,1.1792443,3.9980873750658e-15,3.6890460266147675e-13,0.4850498338870432,0.24901768172888017,0.4850498338870432,0.24901768172888017,0.23603215215816303
2,DNAJB1,7.8415885,1.2096754,4.448822881603594e-15,4.050208351411912e-13,0.4584717607973422,0.2431237721021611,0.4584717607973422,0.2431237721021611,0.2153479886951811
2,CD3G,7.8107076,1.4007478,5.6867874180621426e-15,5.142964833182558e-13,0.3953488372093023,0.16699410609037327,0.3953488372093023,0.16699410609037327,0.22835473111892904
2,PIK3IP1,7.7454433,1.3243836,9.52490945908401e-15,8.446244387873458e-13,0.4169435215946844,0.20284872298624754,0.4169435215946844,0.20284872298624754,0.21409479860843686
2,FYB,7.7029285,1.038145,1.3298288472679377e-14,1.156696989700061e-12,0.5282392026578073,0.3231827111984283,0.5282392026578073,0.3231827111984283,0.20505649145937904
2,SOD1,7.6852646,0.8907679,1.526809902195989e-14,1.31962759648028e-12,0.6710963455149501,0.4656188605108055,0.6710963455149501,0.4656188605108055,0.20547748500414464
2,ITM2B,7.679539,0.67586523,1.5966183555906992e-14,1.3712842933299742e-12,0.9086378737541528,0.7588408644400786,0.9086378737541528,0.7588408644400786,0.14979700931407425
2,PEBP1,7.648171,1.0257328,2.03858148745637e-14,1.7399292995440117e-12,0.5415282392026578,0.33398821218074654,0.5415282392026578,0.33398821218074654,0.20754002702191127
2,RARRES3,7.643237,0.91217184,2.118271393163232e-14,1.7967151642880184e-12,0.6362126245847176,0.42337917485265225,0.6362126245847176,0.42337917485265225,0.21283344973206536
2,ITM2A,7.6115947,2.0402727,2.7073407942011823e-14,2.28218801763033e-12,0.287375415282392,0.07956777996070727,0.287375415282392,0.07956777996070727,0.20780763532168475
2,FLT3LG,7.5988345,1.6069249,2.9880995213596496e-14,2.5034041143366487e-12,0.33554817275747506,0.12475442043222004,0.33554817275747506,0.12475442043222004,0.21079375232525502
2,TTC39C,7.4997654,1.9563689,6.393218199626932e-14,5.25938480325936e-12,0.292358803986711,0.0869351669941061,0.292358803986711,0.0869351669941061,0.2054236369926049
2,IL2RG,7.4492106,0.92437124,9.390037742485086e-14,7.542962083022137e-12,0.6162790697674418,0.3885068762278978,0.6162790697674418,0.3885068762278978,0.22777219353954403
2,EIF4A2,7.323494,0.7636378,2.4159685349149236e-13,1.9070789776183928e-11,0.7790697674418605,0.599705304518664,0.7790697674418605,0.599705304518664,0.17936446292319652
2,ARL6IP5,7.316215,0.87924254,2.550627308548889e-13,2.0018026738818178e-11,0.6079734219269103,0.4106090373280943,0.6079734219269103,0.4106090373280943,0.197364384598816
2,TRAF3IP3,7.2797914,0.8617085,3.3433697409019017e-13,2.608974696100364e-11,0.6411960132890365,0.4356581532416503,0.6411960132890365,0.4356581532416503,0.20553786004738622
2,BTG1,7.22811,0.5863184,4.897628937810095e-13,3.7786452415104325e-11,0.9501661129568106,0.8605108055009824,0.9501661129568106,0.8605108055009824,0.08965530745582828
2,TSC22D3,7.0320425,0.662355,2.035316019494319e-12,1.518812872252154e-10,0.8521594684385382,0.7239685658153242,0.8521594684385382,0.7239685658153242,0.12819090262321398
2,LEF1,7.02854,1.5554848,2.0870529235460937e-12,1.5489562349970357e-10,0.31561461794019935,0.12082514734774066,0.31561461794019935,0.12082514734774066,0.19478947059245869
2,TOMM7,6.968514,0.6502192,3.2030566605142273e-12,2.3557387625113057e-10,0.893687707641196,0.7450884086444007,0.893687707641196,0.7450884086444007,0.14859929899679525
2,GIMAP4,6.968271,0.8870572,3.2086072775856976e-12,2.3557387625113057e-10,0.5996677740863787,0.4179764243614931,0.5996677740863787,0.4179764243614931,0.1816913497248856
2,PBXIP1,6.7434545,1.5193886,1.546647082568364e-11,1.1058121758928575e-09,0.3089700996677741,0.11886051080550099,0.3089700996677741,0.11886051080550099,0.19010958886227314
2,ISG20,6.728714,0.8319536,1.7116890654808667e-11,1.2174388478232665e-09,0.6245847176079734,0.41355599214145383,0.6245847176079734,0.41355599214145383,0.21102872546651957
2,MZT2A,6.7140656,1.1164206,1.892752982222723e-11,1.332341996146057e-09,0.40863787375415284,0.2175834970530452,0.40863787375415284,0.2175834970530452,0.19105437670110764
2,CRIP1,6.710746,0.91300106,1.9363200457647093e-11,1.356019822818609e-09,0.5182724252491694,0.32662082514734775,0.5182724252491694,0.32662082514734775,0.19165160010182164
2,SIT1,6.666069,1.658299,2.6274588202353742e-11,1.8121503863199126e-09,0.2857142857142857,0.10216110019646366,0.2857142857142857,0.10216110019646366,0.18355318551782204
2,TCF7,6.655227,1.2227147,2.8286299000912732e-11,1.941093965610373e-09,0.37209302325581395,0.19204322200392926,0.37209302325581395,0.19204322200392926,0.1800498012518847
2,ALOX5AP,6.6104283,1.1104329,3.832097736131519e-11,2.616556334230601e-09,0.38870431893687707,0.18909626719056974,0.38870431893687707,0.18909626719056974,0.19960805174630733
2,EEF1B2,6.5283227,0.5083521,6.651037150977423e-11,4.4522825163601815e-09,0.9551495016611296,0.8678781925343811,0.9551495016611296,0.8678781925343811,0.08727130912674841
2,LEPROTL1,6.517846,1.1228925,7.132411785307934e-11,4.751230016593422e-09,0.39700996677740863,0.21905697445972494,0.39700996677740863,0.21905697445972494,0.1779529923176837
2,RPL34,6.505908,0.5011236,7.722555053226023e-11,5.119379213924979e-09,0.9435215946843853,0.899803536345776,0.9435215946843853,0.899803536345776,0.04371805833860931
2,YWHAQ,6.457607,0.99871856,1.0637170423610642e-10,7.0160988758648854e-09,0.42857142857142855,0.2480353634577603,0.42857142857142855,0.2480353634577603,0.18053606511366824
2,GLTSCR2,6.4569063,0.5631517,1.0686500923988695e-10,7.0160988758648854e-09,0.9235880398671097,0.8069744597249509,0.9235880398671097,0.8069744597249509,0.11661358014215883
2,CXCR4,6.456023,0.74092025,1.0749019100740192e-10,7.023378221995601e-09,0.739202657807309,0.5599214145383105,0.739202657807309,0.5599214145383105,0.17928124326899852
2,PPP2R5C,6.4337,1.160063,1.2453465963985452e-10,8.09831100972311e-09,0.3803986710963455,0.20284872298624754,0.3803986710963455,0.20284872298624754,0.17754994811009797
2,RPL36AL,6.432025,0.5742553,1.2591514783912734e-10,8.149276108488734e-09,0.8538205980066446,0.7264243614931237,0.8538205980066446,0.7264243614931237,0.12739623651352083
2,RPL22,6.428553,0.58499855,1.2882432171721905e-10,8.298230836652563e-09,0.9136212624584718,0.7819253438113949,0.9136212624584718,0.7819253438113949,0.13169591864707686
2,UBC,6.41628,0.52942824,1.3964470015009117e-10,8.952995423707254e-09,0.9385382059800664,0.8280943025540275,0.9385382059800664,0.8280943025540275,0.11044390342603894
2,CORO1B,6.2818527,1.4805429,3.345613220800439e-10,2.076713370147763e-08,0.29069767441860467,0.12917485265225934,0.29069767441860467,0.12917485265225934,0.16152282176634533
2,SKP1,6.2768583,0.77064055,3.4548258016736857e-10,2.1348009569075046e-08,0.6029900332225914,0.4268172888015717,0.6029900332225914,0.4268172888015717,0.17617274442101966
2,OPTN,6.254657,1.5744203,3.983907848767264e-10,2.43965226828546e-08,0.27740863787375414,0.10363457760314342,0.27740863787375414,0.10363457760314342,0.1737740602706107
2,RHOH,6.1586943,1.0520115,7.33471790357035e-10,4.4507732429801714e-08,0.3903654485049834,0.2087426326129666,0.3903654485049834,0.2087426326129666,0.1816228158920168
2,SOCS3,6.0729036,1.333702,1.2561797904552823e-09,7.523855797569006e-08,0.30398671096345514,0.137524557956778,0.30398671096345514,0.137524557956778,0.16646215300667713
2,KLF6,6.028013,0.6571678,1.6598740512601965e-09,9.81265802770963e-08,0.7691029900332226,0.6149312377210217,0.7691029900332226,0.6149312377210217,0.15417175231220093
2,COX6C,5.988757,0.7549651,2.1145051157159383e-09,1.2340034982998654e-07,0.5897009966777409,0.40962671905697445,0.5897009966777409,0.40962671905697445,0.18007427762076644
2,PIM1,5.9789205,1.211353,2.2462131464171875e-09,1.3052887969137495e-07,0.31893687707641194,0.14587426326129665,0.31893687707641194,0.14587426326129665,0.17306261381511528
2,CD7,5.905433,0.78502566,3.517211341197887e-09,2.026626079130732e-07,0.5282392026578073,0.32023575638506874,0.5282392026578073,0.32023575638506874,0.2080034462727386
2,SUSD3,5.8844194,1.5536515,3.9945337181540094e-09,2.2866058159307045e-07,0.26578073089701,0.10707269155206287,0.26578073089701,0.10707269155206287,0.15870803934494712
2,SLC2A3,5.884115,1.0895363,4.001895064495008e-09,2.2866058159307045e-07,0.37209302325581395,0.21660117878192534,0.37209302325581395,0.21660117878192534,0.1554918444738886
2,OCIAD2,5.6677957,1.0398779,1.4464642713143755e-08,8.01135457675683e-07,0.35714285714285715,0.1881139489194499,0.35714285714285715,0.1881139489194499,0.16902890822340724
2,PTPRCAP,5.667491,0.76892626,1.4490367460888526e-08,8.01135457675683e-07,0.8239202657807309,0.5879174852652259,0.8239202657807309,0.5879174852652259,0.23600278051550494
2,HMGN1,5.657228,0.6721364,1.5383755238550053e-08,8.436970342877089e-07,0.6661129568106312,0.4901768172888016,0.6661129568106312,0.4901768172888016,0.17593613952182963
2,BTG2,5.6553397,0.80367744,1.5553844749183282e-08,8.496132155793876e-07,0.4833887043189369,0.32612966601178783,0.4833887043189369,0.32612966601178783,0.15725903830714905
2,LDHA,5.489849,0.6426663,4.02277646757728e-08,2.145899821923255e-06,0.6079734219269103,0.4592337917485265,0.6079734219269103,0.4592337917485265,0.14873963017838376
2,MYL12B,5.452938,0.55188096,4.954437878715263e-08,2.622395491152544e-06,0.8073089700996677,0.6699410609037328,0.8073089700996677,0.6699410609037328,0.1373679091959349
2,PRKCQ-AS1,5.3949523,1.1688707,6.854179422821468e-08,3.586232727894635e-06,0.28903654485049834,0.13310412573673872,0.28903654485049834,0.13310412573673872,0.15593241911375963
2,SNRPD2,5.3734207,0.6040375,7.725676447195281e-08,4.011476713418204e-06,0.686046511627907,0.5343811394891945,0.686046511627907,0.5343811394891945,0.15166537213871245
2,CUTA,5.3659897,0.6853868,8.050648127232247e-08,4.164380713086499e-06,0.5631229235880398,0.39783889980353637,0.5631229235880398,0.39783889980353637,0.16528402378450346
2,SEPT1,5.33922,0.9468501,9.334722549566127e-08,4.79229214800282e-06,0.3521594684385382,0.19793713163064833,0.3521594684385382,0.19793713163064833,0.15422233680788985
2,LIMS1,5.293447,1.3137578,1.2003216218125865e-07,6.093528649618097e-06,0.26411960132890366,0.12328094302554027,0.26411960132890366,0.12328094302554027,0.1408386583033634
2,ANKRD12,5.292381,0.829897,1.2073409599146445e-07,6.10646227725718e-06,0.4152823920265781,0.25589390962671904,0.4152823920265781,0.25589390962671904,0.15938848239985903
2,MZT2B,5.2384152,0.7314879,1.6196133045916085e-07,7.991224503218294e-06,0.49335548172757476,0.3418467583497053,0.49335548172757476,0.3418467583497053,0.15150872337786947
2,RAN,5.238263,0.63412887,1.620949902893576e-07,7.991224503218294e-06,0.5946843853820598,0.4518664047151277,0.5946843853820598,0.4518664047151277,0.14281798066693213
2,HNRNPF,5.194987,0.73654515,2.0473426848701227e-07,9.914365852690211e-06,0.5,0.3462671905697446,0.5,0.3462671905697446,0.1537328094302554
2,TSTD1,5.1941648,0.94663125,2.056411277845042e-07,9.923092724470634e-06,0.3438538205980066,0.19106090373280943,0.3438538205980066,0.19106090373280943,0.1527929168651972
2,C12orf57,5.1822567,0.7945969,2.1921705892021752e-07,1.0540944213431304e-05,0.42524916943521596,0.26522593320235754,0.42524916943521596,0.26522593320235754,0.1600232362328584
2,TNFAIP3,5.146838,1.2302438,2.649138222518095e-07,1.2561330405106634e-05,0.2707641196013289,0.12868369351669942,0.2707641196013289,0.12868369351669942,0.14208042608462948
2,MIF,5.0992985,0.67025983,3.4091486093255326e-07,1.594360733183201e-05,0.5282392026578073,0.38163064833005894,0.5282392026578073,0.38163064833005894,0.14660855432774839
2,CD44,5.0512714,0.64588594,4.388791128242724e-07,2.0316383609248354e-05,0.579734219269103,0.42730844793713163,0.579734219269103,0.42730844793713163,0.15242577133197133
2,SRSF7,5.004219,0.6273544,5.608899845437991e-07,2.5531712096433733e-05,0.6046511627906976,0.45039292730844793,0.6046511627906976,0.45039292730844793,0.1542582354822497
2,BIN1,4.971023,0.84240097,6.660044531652896e-07,3.0115751034520513e-05,0.3637873754152824,0.21709233791748528,0.3637873754152824,0.21709233791748528,0.1466950374977971
2,TXN,4.9252195,0.94800055,8.426571643005212e-07,3.7853046827920785e-05,0.3073089700996678,0.16895874263261296,0.3073089700996678,0.16895874263261296,0.13835022746705483
2,XRCC6,4.904845,0.7108624,9.350099494850095e-07,4.172711068682121e-05,0.4335548172757475,0.2956777996070727,0.4335548172757475,0.2956777996070727,0.13787701766867483
2,SBDS,4.8971705,0.97321975,9.722635572757434e-07,4.3248309896278665e-05,0.3122923588039867,0.17534381139489194,0.3122923588039867,0.17534381139489194,0.13694854740909476
2,IER2,4.8704925,0.56866753,1.113204530739986e-06,4.8724105999311694e-05,0.7425249169435216,0.6046168958742633,0.7425249169435216,0.6046168958742633,0.13790802106925837
2,PPP1R15A,4.8415604,0.6488042,1.2882342549218115e-06,5.584802217527701e-05,0.5132890365448505,0.362475442043222,0.5132890365448505,0.362475442043222,0.15081359450162846
2,TECR,4.8399158,0.9066939,1.2989403823215245e-06,5.613395525627449e-05,0.3239202657807309,0.17681728880157171,0.3239202657807309,0.17681728880157171,0.1471029769791592
2,CCDC109B,4.80937,0.71907014,1.5140676700519615e-06,6.50192078686465e-05,0.42857142857142855,0.2966601178781925,0.42857142857142855,0.2966601178781925,0.13191131069323603
2,HSP90AA1,4.7702966,0.56548727,1.8395484260512068e-06,7.825817229331863e-05,0.6428571428571429,0.5058939096267191,0.6428571428571429,0.5058939096267191,0.1369632332304238
2,CD247,4.7461157,0.6713245,2.073602220306695e-06,8.794134136803797e-05,0.38870431893687707,0.23231827111984282,0.38870431893687707,0.23231827111984282,0.15638604781703425
2,YWHAZ,4.6349864,0.6387787,3.569606995168271e-06,0.00014771682765459972,0.47674418604651164,0.3344793713163065,0.47674418604651164,0.3344793713163065,0.14226481473020514
2,GTF3A,4.6008773,0.5503859,4.207151697619638e-06,0.00017099066542468387,0.6312292358803987,0.4906679764243615,0.6312292358803987,0.4906679764243615,0.1405612594560372
2,TUBA4A,4.5896397,0.78387654,4.440120720711373e-06,0.00017992370493185314,0.3538205980066445,0.22102161100196463,0.3538205980066445,0.22102161100196463,0.13279898700467987
2,RPL41,4.5833354,0.53964454,4.5761705566068e-06,0.00018488812165982978,0.6478405315614618,0.5112966601178782,0.6478405315614618,0.5112966601178782,0.1365438714435836
2,PPA1,4.5434093,0.6828857,5.5351608714529915e-06,0.00022078809304684088,0.4169435215946844,0.28585461689587427,0.4169435215946844,0.28585461689587427,0.13108890469881013
2,DDIT4,4.5430136,0.8700924,5.545570878373346e-06,0.00022078809304684088,0.32059800664451826,0.19302554027504912,0.32059800664451826,0.19302554027504912,0.12757246636946915
2,NDUFS5,4.4591107,0.59881103,8.230034609321511e-06,0.0003211124360711273,0.5049833887043189,0.3664047151277014,0.5049833887043189,0.3664047151277014,0.13857867357661752
2,ILF3-AS1,4.446655,1.0518827,8.72177795308009e-06,0.0003383653401342662,0.2574750830564784,0.13506876227897838,0.2574750830564784,0.13506876227897838,0.12240632077750005
2,SEPT9,4.4362392,0.6529851,9.154403252341898e-06,0.0003541431467818157,0.4418604651162791,0.30795677799607074,0.4418604651162791,0.30795677799607074,0.13390368712020834
2,PSIP1,4.415774,0.8950044,1.0064925529261484e-05,0.0003850045462957838,0.28903654485049834,0.15962671905697445,0.28903654485049834,0.15962671905697445,0.1294098257935239
2,SRP9,4.365219,0.6614491,1.269953805304583e-05,0.00048173581014553844,0.42857142857142855,0.30304518664047153,0.42857142857142855,0.30304518664047153,0.12552624193095702
2,OST4,4.355961,0.52141047,1.324844140764877e-05,0.0004984041759307207,0.6777408637873754,0.5333988212180747,0.6777408637873754,0.5333988212180747,0.14434204256930072
2,PPP1R2,4.305802,0.68434954,1.6638176145733733e-05,0.0006157477871169102,0.38205980066445183,0.25294695481335955,0.38205980066445183,0.25294695481335955,0.12911284585109228
2,RWDD1,4.2754083,0.7342043,1.9078728711811063e-05,0.0006943454700568005,0.3538205980066445,0.2288801571709234,0.3538205980066445,0.2288801571709234,0.12494044083572112
2,GPSM3,4.2532067,0.5095965,2.1073071747937943e-05,0.0007592978041948299,0.7774086378737541,0.6331041257367387,0.7774086378737541,0.6331041257367387,0.14430451213701545
2,CCNL1,4.194551,0.6898092,2.734123841001388e-05,0.0009647854049797146,0.3637873754152824,0.23722986247544203,0.3637873754152824,0.23722986247544203,0.12655751293984036
2,IDS,4.151732,0.7320098,3.299686063601565e-05,0.0011524427847709197,0.3338870431893688,0.21954813359528488,0.3338870431893688,0.21954813359528488,0.11433890959408391
2,DUSP2,4.1343117,0.70781296,3.5601973082688286e-05,0.0012402564908601816,0.3554817275747508,0.23084479371316308,0.3554817275747508,0.23084479371316308,0.12463693386158775
2,UBE2D2,4.127125,0.56027794,3.6732741698591765e-05,0.0012733216544914651,0.5232558139534884,0.39145383104125736,0.5232558139534884,0.39145383104125736,0.13180198291223105
2,ADD3,4.1058064,0.8404362,4.029069734759014e-05,0.0013824365903987211,0.2840531561461794,0.16650294695481335,0.2840531561461794,0.16650294695481335,0.11755020919136602
2,CDC42SE2,4.1033697,0.7515284,4.071753841693534e-05,0.0013935807133375164,0.32558139534883723,0.20579567779960709,0.32558139534883723,0.20579567779960709,0.11978571754923015
2,CMPK1,4.08263,0.56999016,4.452882697799028e-05,0.0015164230952903624,0.48006644518272423,0.3467583497053045,0.48006644518272423,0.3467583497053045,0.13330809547741973
2,DUT,4.078123,0.67399216,4.540074174070684e-05,0.001542269973161922,0.3538205980066445,0.2337917485265226,0.3538205980066445,0.2337917485265226,0.12002884948012191
2,SPCS1,4.0769353,0.5551975,4.56331844021392e-05,0.0015443105642894577,0.4867109634551495,0.3654223968565815,0.4867109634551495,0.3654223968565815,0.12128856659856802
2,SUB1,4.059363,0.64195,4.9206777050502796e-05,0.0016550929738957294,0.3920265780730897,0.27455795677799605,0.3920265780730897,0.27455795677799605,0.11746862129509367
2,DDX24,4.052602,0.7469595,5.065112446839459e-05,0.001695322930736266,0.3222591362126246,0.20923379174852652,0.3222591362126246,0.20923379174852652,0.11302534446409807
2,SIGIRR,4.022117,0.7459687,5.767741710809251e-05,0.0019210800195807592,0.31561461794019935,0.20039292730844793,0.31561461794019935,0.20039292730844793,0.11522169063175142
2,HSPE1,3.9784448,0.77262545,6.936747720453742e-05,0.002288121421993147,0.30066445182724255,0.18418467583497053,0.30066445182724255,0.18418467583497053,0.11647977599227202
2,HNRNPA0,3.9354124,0.53209275,8.305392811820675e-05,0.002687640858725667,0.5514950166112956,0.42534381139489197,0.5514950166112956,0.42534381139489197,0.12615120521640366
2,PSMC5,3.907181,0.65538764,9.337920170998272e-05,0.0029933952548157837,0.3803986710963455,0.26227897838899805,0.3803986710963455,0.26227897838899805,0.11811969270734746
2,NAP1L1,3.9023995,0.5081871,9.524373998835249e-05,0.003046015253585343,0.6960132890365448,0.5432220039292731,0.6960132890365448,0.5432220039292731,0.1527912851072717
2,ABRACL,3.8966131,0.6323966,9.754720948733828e-05,0.0031059198111221607,0.3687707641196013,0.25638506876227896,0.3687707641196013,0.25638506876227896,0.11238569535732235
2,PKM,3.8879945,0.503896,0.0001010758886669447,0.0032099821758972014,0.5182724252491694,0.39783889980353637,0.5182724252491694,0.39783889980353637,0.12043352544563302
2,KHDRBS1,3.8727064,0.7029952,0.00010763349068329012,0.003378949307519563,0.3272425249169435,0.2200392927308448,0.3272425249169435,0.2200392927308448,0.1072032321860987
2,ANP32B,3.8421602,0.5090918,0.00012195614075591312,0.0038110596296630425,0.5398671096345515,0.4120825147347741,0.5398671096345515,0.4120825147347741,0.12778459489977745
2,MYLIP,3.8411858,0.8178029,0.00012244141475776436,0.003817488492995503,0.26744186046511625,0.15766208251473476,0.26744186046511625,0.15766208251473476,0.10977977795038149
2,C9orf78,3.8058279,0.59678906,0.00014133064341997903,0.00434687222194422,0.38372093023255816,0.2676817288801572,0.38372093023255816,0.2676817288801572,0.11603920135240098
2,SIVA1,3.7752209,0.6911397,0.0001598658989471609,0.0048839568591105805,0.30398671096345514,0.19842829076620824,0.30398671096345514,0.19842829076620824,0.1055584201972469
2,ICAM2,3.766511,0.6802746,0.0001655448493470662,0.005001505448414903,0.3222591362126246,0.2156188605108055,0.3222591362126246,0.2156188605108055,0.10664027570181908
2,CIB1,3.7606332,0.50869966,0.00016948382087759184,0.0050979538720361105,0.5033222591362126,0.3840864440078585,0.5033222591362126,0.3840864440078585,0.11923581512835413
2,ARL4C,3.7595062,0.720631,0.00017024896130152887,0.005109713880293798,0.2857142857142857,0.17239685658153242,0.2857142857142857,0.17239685658153242,0.11331742913275328
2,CNN2,3.7060585,0.53140163,0.0002105097714587066,0.006158680275675033,0.43023255813953487,0.3231827111984283,0.43023255813953487,0.3231827111984283,0.10704984694110659
2,NDFIP1,3.6403372,0.54203296,0.000272281173650983,0.007778811103300887,0.41362126245847175,0.29862475442043224,0.41362126245847175,0.29862475442043224,0.11499650803803951
2,PDCD5,3.610309,0.8198786,0.0003058325035467869,0.008646891653074373,0.26245847176079734,0.16404715127701375,0.26245847176079734,0.16404715127701375,0.0984113204837836
2,BUB3,3.587468,0.6986152,0.00033390475879299295,0.009382311493985827,0.29401993355481726,0.1900785854616896,0.29401993355481726,0.1900785854616896,0.10394134809312766
2,IL10RA,3.5769916,0.72539824,0.0003475714086708716,0.00972630155083898,0.28903654485049834,0.18909626719056974,0.28903654485049834,0.18909626719056974,0.0999402776599286
2,SEPW1,3.571662,0.6266432,0.0003547230491821312,0.00986577995851565,0.3338870431893688,0.23084479371316308,0.3338870431893688,0.23084479371316308,0.10304224947620572
2,PCNP,3.5645356,0.61430407,0.00036450099319177857,0.01007616510734196,0.34053156146179403,0.23231827111984282,0.34053156146179403,0.23231827111984282,0.10821329034195121
2,DSTN,3.5569828,0.7263046,0.0003751386601963786,0.010286934826589851,0.27906976744186046,0.17485265225933203,0.27906976744186046,0.17485265225933203,0.10421711518252844
2,HNRNPH3,3.5520492,0.7497334,0.0003822434124216497,0.010439832080060097,0.2591362126245847,0.15717092337917485,0.2591362126245847,0.15717092337917485,0.10196528924540985
2,KARS,3.532467,0.72965914,0.000411701871575233,0.011177337491513681,0.2807308970099668,0.1832023575638507,0.2807308970099668,0.1832023575638507,0.09752853944611609
2,XBP1,3.4533153,0.53401375,0.0005537416469172514,0.014598254691702674,0.36710963455149503,0.26178781925343814,0.36710963455149503,0.26178781925343814,0.1053218152980569
2,EIF4B,3.435286,0.6254235,0.0005919287668640003,0.015455792046452749,0.31727574750830567,0.21611001964636542,0.31727574750830567,0.21611001964636542,0.10116572786194025
2,SSB,3.4330933,0.6123005,0.0005967367939850603,0.015551598585228974,0.3089700996677741,0.2111984282907662,0.3089700996677741,0.2111984282907662,0.0977716713770079
2,SSBP1,3.4160082,0.59067065,0.0006354633392706774,0.01640432393398936,0.32059800664451826,0.2175834970530452,0.32059800664451826,0.2175834970530452,0.10301450959147307
2,RBMX,3.393624,0.5210159,0.0006897431871184085,0.017638825773949412,0.39867109634551495,0.2868369351669941,0.39867109634551495,0.2868369351669941,0.11183416117852085
2,NSMCE1,3.370905,0.743963,0.0007492173235922072,0.01908826822943131,0.260797342192691,0.1694499017681729,0.260797342192691,0.1694499017681729,0.09134744042451812
2,MINOS1,3.3677375,0.5577607,0.0007578770257080172,0.019272939782250805,0.34053156146179403,0.2411591355599214,0.34053156146179403,0.2411591355599214,0.09937242590187262
2,CRBN,3.3573525,0.67986536,0.0007869271278647656,0.01990051270022452,0.2724252491694352,0.1719056974459725,0.2724252491694352,0.1719056974459725,0.10051955172346272
2,TRAM1,3.3275983,0.7046944,0.0008759807479313844,0.021869091579069442,0.2707641196013289,0.17730844793713163,0.2707641196013289,0.17730844793713163,0.09345567166419727
2,CAPN2,3.325832,0.6152142,0.0008815506380470708,0.0219679845130854,0.30066445182724255,0.19891944990176819,0.30066445182724255,0.19891944990176819,0.10174500192547437
2,IK,3.2905655,0.6291923,0.0009998624223971058,0.024689149521171568,0.30398671096345514,0.21267190569744598,0.30398671096345514,0.21267190569744598,0.09131480526600916
2,ANXA2R,3.2598672,0.64761394,0.0011146441425659603,0.027181393590858485,0.2574750830564784,0.15471512770137524,0.2574750830564784,0.15471512770137524,0.10275995535510318
2,RPS27L,3.2470763,0.6482205,0.0011659717568647712,0.02823140126195978,0.2956810631229236,0.20088408644400785,0.2956810631229236,0.20088408644400785,0.09479697667891573
2,KRTCAP2,3.2269762,0.5020065,0.001251059077386524,0.029867941889493654,0.38372093023255816,0.2824165029469548,0.38372093023255816,0.2824165029469548,0.10130442728560335
2,NDUFA12,3.2094648,0.6104823,0.001329823871898929,0.03158273877330744,0.2956810631229236,0.20039292730844793,0.2956810631229236,0.20039292730844793,0.09528813581447565
2,CITED2,3.1848574,0.6046714,0.0014482540158720137,0.034157783835489154,0.2956810631229236,0.20923379174852652,0.2956810631229236,0.20923379174852652,0.08644727137439706
2,KRT10,3.1492252,0.5611075,0.001637039061996849,0.03808416598062857,0.32059800664451826,0.21905697445972494,0.32059800664451826,0.21905697445972494,0.10154103218479332
2,C19orf60,3.1436827,0.50071126,0.0016683629043113136,0.038615531900466606,0.3554817275747508,0.2588408644400786,0.3554817275747508,0.2588408644400786,0.09664086313467224
2,MED10,3.1260798,0.55397046,0.001771534700862946,0.04086499641044661,0.3073089700996678,0.20923379174852652,0.3073089700996678,0.20923379174852652,0.09807517835114127
2,ATP1A1,3.092945,0.64558774,0.001981807729779091,0.0451059439297721,0.2591362126245847,0.17288801571709234,0.2591362126245847,0.17288801571709234,0.08624819690749236
2,MATR3,3.0844786,0.6689074,0.002039091863467758,0.04611654351938494,0.2574750830564784,0.17043222003929273,0.2574750830564784,0.17043222003929273,0.0870428630171857
2,ANXA11,3.0630996,0.52592874,0.0021905716497614305,0.049201392186088974,0.3388704318936877,0.25147347740667975,0.3388704318936877,0.25147347740667975,0.08739695448700796
2,MGST3,3.0619729,0.6050897,0.002198834770170795,0.04922506167451209,0.287375415282392,0.1949901768172888,0.287375415282392,0.1949901768172888,0.09238523846510321
3,LYZ,34.71371,6.325212,4.892996703825697e-264,6.681876298744372e-260,1.0,0.5117041198501873,1.0,0.5117041198501873,0.48829588014981273
3,S100A9,33.236126,7.1833234,3.238919075517526e-242,2.2115339447633668e-238,0.9760956175298805,0.21207865168539325,0.9760956175298805,0.21207865168539325,0.7640169658444873
3,S100A8,32.27299,7.360887,1.674346004567961e-228,7.62162301279336e-225,0.9422310756972112,0.1203183520599251,0.9422310756972112,0.1203183520599251,0.8219127236372861
3,CST3,32.15864,5.8571362,6.68801035275345e-227,2.2832867344300277e-223,0.9920318725099602,0.25842696629213485,0.9920318725099602,0.25842696629213485,0.7336049062178254
3,TYROBP,32.04126,5.471521,2.9057300263110446e-225,7.936129847860724e-222,0.9940239043824701,0.25749063670411987,0.9940239043824701,0.25749063670411987,0.7365332676783503
3,LGALS2,31.268995,7.0165505,1.2321414683960504e-214,2.4037319846309234e-211,0.9083665338645418,0.05056179775280899,0.9083665338645418,0.05056179775280899,0.8578047361117328
3,FTL,31.012192,3.338929,3.6922259106008384e-211,6.302629629395631e-208,1.0,0.9873595505617978,1.0,0.9873595505617978,0.012640449438202195
3,LGALS1,30.582169,4.489945,2.1131449420310815e-205,3.206345258708494e-202,0.9800796812749004,0.3586142322097378,0.9800796812749004,0.3586142322097378,0.6214654490651625
3,S100A6,30.573246,2.9655252,2.776713962516668e-205,3.7918805872127614e-202,0.9960159362549801,0.7326779026217228,0.9960159362549801,0.7326779026217228,0.26333803363325725
3,FCN1,30.534044,5.4703546,9.210379374197604e-205,1.1434267339458407e-201,0.9362549800796812,0.14606741573033707,0.9362549800796812,0.14606741573033707,0.7901875643493441
3,FTH1,30.438187,2.7701652,1.7170749602249412e-203,1.9540313047359833e-200,1.0,0.9873595505617978,1.0,0.9873595505617978,0.012640449438202195
3,GSTP1,29.625546,3.8102732,7.006722749122651e-193,7.360292758616841e-190,0.9462151394422311,0.3455056179775281,0.9462151394422311,0.3455056179775281,0.600709521464703
3,GPX1,28.838043,3.9644248,7.1566257803668545e-183,6.980777261192126e-180,0.9243027888446215,0.3052434456928839,0.9243027888446215,0.3052434456928839,0.6190593431517375
3,TYMP,28.322483,4.2882776,1.8271812803992818e-176,1.663465837675506e-173,0.9163346613545816,0.2153558052434457,0.9163346613545816,0.2153558052434457,0.700978856111136
3,AIF1,28.27273,4.549419,7.481212769173104e-176,6.385215098489244e-173,0.9581673306772909,0.23735955056179775,0.9581673306772909,0.23735955056179775,0.7208077801154931
3,LST1,28.098501,4.502578,1.0218255029506258e-173,8.208264157819851e-171,0.9581673306772909,0.2153558052434457,0.9581673306772909,0.2153558052434457,0.7428115254338452
3,S100A4,28.092508,2.7309587,1.209402340131272e-173,9.175332420462583e-171,0.99800796812749,0.7691947565543071,0.99800796812749,0.7691947565543071,0.2288132115731829
3,OAZ1,27.629534,1.9510281,4.917161477036905e-168,3.3574378565207983e-165,0.9960159362549801,0.8923220973782772,0.9960159362549801,0.8923220973782772,0.10369383887670292
3,CTSS,27.070507,3.4070473,2.1911909717794298e-161,1.4249001862199949e-158,0.9422310756972112,0.4241573033707865,0.9422310756972112,0.4241573033707865,0.5180737723264247
3,COTL1,26.429068,2.9816277,6.350878177511488e-154,3.770764886612908e-151,0.9741035856573705,0.548689138576779,0.9741035856573705,0.548689138576779,0.4254144470805915
3,S100A11,26.191183,3.193672,3.3489706921725385e-151,1.9055643238461744e-148,0.952191235059761,0.426498127340824,0.952191235059761,0.426498127340824,0.5256931077189371
3,SAT1,26.143482,3.1366181,1.1689307624162815e-150,6.385167396622697e-148,0.9681274900398407,0.5023408239700374,0.9681274900398407,0.5023408239700374,0.46578666606980323
3,FCER1G,25.848845,4.072396,2.507026244140125e-147,1.267998162591761e-144,0.9422310756972112,0.2209737827715356,0.9422310756972112,0.2209737827715356,0.7212572929256756
3,PSAP,25.569248,3.1177433,3.354537965561893e-144,1.6359380549641637e-141,0.9223107569721115,0.41245318352059923,0.9223107569721115,0.41245318352059923,0.5098575734515123
3,CYBA,25.56788,1.989073,3.4740922374019294e-144,1.6359380549641637e-141,0.9900398406374502,0.8136704119850188,0.9900398406374502,0.8136704119850188,0.17636942865243144
3,NPC2,24.745798,3.2562969,3.440597094886024e-135,1.3819057037577515e-132,0.8725099601593626,0.3113295880149813,0.8725099601593626,0.3113295880149813,0.5611803721443813
3,GABARAP,24.589119,2.8268647,1.651539224636651e-133,6.264838792121696e-131,0.8804780876494024,0.397940074906367,0.8804780876494024,0.397940074906367,0.48253801274303537
3,GRN,24.492577,4.332113,1.7722482274903416e-132,6.54103291746165e-130,0.7669322709163346,0.11938202247191011,0.7669322709163346,0.11938202247191011,0.6475502484444245
3,AP1S2,23.606415,3.7251608,3.3116265279032134e-123,1.1595787657704174e-120,0.7749003984063745,0.1858614232209738,0.7749003984063745,0.1858614232209738,0.5890389751854007
3,GAPDH,23.357328,1.744224,1.1609830200333447e-120,3.9635960303938385e-118,0.9701195219123506,0.8230337078651685,0.9701195219123506,0.8230337078651685,0.14708581404718213
3,MS4A6A,23.002487,5.8542123,4.4016226741714556e-117,1.4660624204508633e-114,0.6812749003984063,0.035580524344569285,0.6812749003984063,0.035580524344569285,0.6456943760538371
3,CFD,22.858017,4.1785064,1.2163017004841572e-115,3.862747912049221e-113,0.749003984063745,0.10814606741573034,0.749003984063745,0.10814606741573034,0.6408579166480147
3,RAC1,22.60968,2.7871382,3.4805567090338143e-113,1.0802382367855856e-110,0.8545816733067729,0.34269662921348315,0.8545816733067729,0.34269662921348315,0.5118850440932898
3,TSPO,22.252428,2.6480134,1.0684908853658265e-109,3.172024245772984e-107,0.8446215139442231,0.39185393258426965,0.8446215139442231,0.39185393258426965,0.4527675813599535
3,PYCARD,22.08842,2.9686856,4.08416863299648e-108,1.186668230897871e-105,0.8127490039840638,0.26779026217228463,0.8127490039840638,0.26779026217228463,0.5449587418117792
3,CD14,21.848452,6.178094,8.041215087561439e-106,2.1531535928576277e-103,0.6414342629482072,0.027153558052434457,0.6414342629482072,0.027153558052434457,0.6142807048957727
3,CEBPD,21.315374,3.9565022,8.17498899249559e-101,1.9935294585985675e-98,0.6932270916334662,0.11470037453183521,0.6932270916334662,0.11470037453183521,0.578526717101631
3,LGALS3,21.10865,3.6815445,6.62382616036895e-99,1.586929299052603e-96,0.7071713147410359,0.13810861423220974,0.7071713147410359,0.13810861423220974,0.5690627005088261
3,TKT,21.015137,2.9562674,4.76869689251838e-98,1.1037512671903559e-95,0.7749003984063745,0.25187265917602997,0.7749003984063745,0.25187265917602997,0.5230277392303445
3,CD68,20.301968,3.6820924,1.235366769300793e-91,2.6359638439955673e-89,0.6892430278884463,0.11282771535580524,0.6892430278884463,0.11282771535580524,0.576415312532641
3,NEAT1,20.297768,2.0340405,1.3455985569837702e-91,2.8269990606415947e-89,0.9183266932270916,0.574438202247191,0.9183266932270916,0.574438202247191,0.3438884909799006
3,SH3BGRL3,20.18892,1.4885685,1.2251638324059327e-90,2.4971398948261815e-88,0.9741035856573705,0.8314606741573034,0.9741035856573705,0.8314606741573034,0.14264291150006714
3,HLA-DRA,20.136204,3.0873413,3.555687554466379e-90,7.140657241734246e-88,0.9442231075697212,0.4700374531835206,0.9442231075697212,0.4700374531835206,0.4741856543862006
3,ARPC1B,19.973793,1.6636999,9.310754322576954e-89,1.8427197250595782e-86,0.9302788844621513,0.7050561797752809,0.9302788844621513,0.7050561797752809,0.22522270468687045
3,TALDO1,19.713116,2.6680746,1.6640154191007085e-86,3.2005344455266585e-84,0.7529880478087649,0.2804307116104869,0.7529880478087649,0.2804307116104869,0.47255733619827806
3,CFP,19.668474,3.760947,4.016816547783368e-86,7.6185620522957875e-84,0.649402390438247,0.10440074906367042,0.649402390438247,0.10440074906367042,0.5450016413745766
3,TMSB10,19.66421,0.7286158,4.369245231979878e-86,8.063028768637462e-84,1.0,0.9920411985018727,1.0,0.9920411985018727,0.007958801498127333
3,FCGRT,19.575516,3.472118,2.5009532595554135e-85,4.553735694998497e-83,0.6573705179282868,0.13389513108614232,0.6573705179282868,0.13389513108614232,0.5234753868421445
3,SERPINA1,19.546406,3.3120074,4.4262409294174426e-85,7.953256070016395e-83,0.6952191235059761,0.14138576779026218,0.6952191235059761,0.14138576779026218,0.553833355715714
3,VIM,19.261992,1.6075118,1.1198637153776156e-82,1.986085571064509e-80,0.9243027888446215,0.7724719101123596,0.9243027888446215,0.7724719101123596,0.15183087873226186
3,IFI6,18.604925,2.5277753,2.9310111437331027e-77,5.066568123901171e-75,0.7629482071713147,0.3188202247191011,0.7629482071713147,0.3188202247191011,0.44412798245221363
3,SRGN,18.32891,1.9966112,4.865453320493679e-75,8.102759822519716e-73,0.8764940239043825,0.5337078651685393,0.8764940239043825,0.5337078651685393,0.34278615873584317
3,NCF2,18.283913,3.9216247,1.111573488616891e-74,1.8288732000665374e-72,0.5876494023904383,0.07958801498127341,0.5876494023904383,0.07958801498127341,0.5080613874091648
3,AP2S1,18.20108,2.5240276,5.060061349644479e-74,8.129435034205294e-72,0.7091633466135459,0.2696629213483146,0.7091633466135459,0.2696629213483146,0.43950042526523125
3,ANXA2,18.184605,2.2860034,6.834718178656943e-74,1.0852896679969677e-71,0.7729083665338645,0.3586142322097378,0.7729083665338645,0.3586142322097378,0.4142941343241267
3,ARPC3,18.0865,1.3420547,4.071375854358536e-73,6.3180350758091094e-71,0.9442231075697212,0.7874531835205992,0.9442231075697212,0.7874531835205992,0.15676992404912193
3,SPI1,18.084448,3.3245282,4.225731776245443e-73,6.4838868692592995e-71,0.6334661354581673,0.1151685393258427,0.6334661354581673,0.1151685393258427,0.5182975961323246
3,ATP5G2,17.625217,1.2258825,1.5775914849728338e-69,2.316514980514948e-67,0.9362549800796812,0.7963483146067416,0.9362549800796812,0.7963483146067416,0.13990666547293962
3,S100A10,17.478111,1.7603378,2.1035423289683935e-68,3.0237867415149876e-66,0.850597609561753,0.5926966292134831,0.850597609561753,0.5926966292134831,0.2579009803482699
3,HLA-DRB1,17.420935,2.538583,5.7234414178214815e-68,8.141595416851058e-66,0.8386454183266933,0.3707865168539326,0.8386454183266933,0.3707865168539326,0.46785890147276066
3,BLVRB,17.264776,4.0032883,8.664006504365358e-67,1.2197492043671478e-64,0.547808764940239,0.07116104868913857,0.547808764940239,0.07116104868913857,0.4766477162511004
3,IFI30,17.10943,3.7131276,1.262279905764225e-65,1.741181251829925e-63,0.5617529880478087,0.07256554307116105,0.5617529880478087,0.07256554307116105,0.4891874449766477
3,IFITM3,16.9829,3.1584191,1.0991609227042347e-64,1.4861526297474285e-62,0.6175298804780877,0.13389513108614232,0.6175298804780877,0.13389513108614232,0.48363474939194534
3,C1orf162,16.852627,2.2471793,1.0035568730908595e-63,1.3177473710508441e-61,0.7370517928286853,0.30711610486891383,0.7370517928286853,0.30711610486891383,0.42993568795977144
3,BRI3,16.608881,3.1896946,6.010415244165855e-62,7.670862670498029e-60,0.5776892430278885,0.11750936329588015,0.5776892430278885,0.11750936329588015,0.46017987973200836
3,ACTB,16.501724,0.79569733,3.565607142477329e-61,4.50851214237689e-59,0.99800796812749,0.9915730337078652,0.99800796812749,0.9915730337078652,0.006434934419624838
3,NUP214,16.184458,4.0577717,6.491984466677167e-59,8.059503625176672e-57,0.5119521912350598,0.05805243445692884,0.5119521912350598,0.05805243445692884,0.4538997567781309
3,CD74,16.155153,1.5821021,1.0445918485007415e-58,1.2851302957771285e-56,0.9442231075697212,0.8206928838951311,0.9442231075697212,0.8206928838951311,0.1235302236745901
3,RNF130,16.152418,3.4429142,1.0919618445249456e-58,1.3314134775743444e-56,0.5398406374501992,0.09550561797752809,0.5398406374501992,0.09550561797752809,0.44433501947267107
3,SERF2,15.984765,1.1242721,1.6318149239220873e-57,1.9377447479200023e-55,0.9581673306772909,0.8323970037453183,0.9581673306772909,0.8323970037453183,0.12577032693197254
3,CDA,15.9714155,4.0053964,2.0214701181983286e-57,2.364350588610764e-55,0.5079681274900398,0.06179775280898876,0.5079681274900398,0.06179775280898876,0.4461703746810511
3,EIF4A1,15.784421,1.3610773,3.9828517273936666e-56,4.5705733772510854e-54,0.8466135458167331,0.647003745318352,0.8466135458167331,0.647003745318352,0.19960980049838106
3,PRELID1,15.779342,1.8902799,4.316651560618616e-56,4.9123494759839843e-54,0.7549800796812749,0.40308988764044945,0.7549800796812749,0.40308988764044945,0.35189019204082544
3,MT-ND1,15.595702,0.8464302,7.786303306458614e-55,8.644695768536493e-53,0.9800796812749004,0.9382022471910112,0.9800796812749004,0.9382022471910112,0.04187743408388922
3,CSF3R,15.315488,4.7082963,6.025808724251565e-53,6.47940503451806e-51,0.46613545816733065,0.033707865168539325,0.46613545816733065,0.033707865168539325,0.4324275929987913
3,CTSH,15.228877,3.2245393,2.274636127647493e-52,2.426752418683919e-50,0.5199203187250996,0.09691011235955056,0.5199203187250996,0.09691011235955056,0.42301020636554904
3,RGS2,15.210579,2.4996831,3.0087249545765982e-52,3.1850502309843433e-50,0.6075697211155379,0.1999063670411985,0.6075697211155379,0.1999063670411985,0.4076633540743394
3,NFKBIA,15.178181,1.9616698,4.932719510405643e-52,5.142077681992325e-50,0.7310756972111554,0.39185393258426965,0.7310756972111554,0.39185393258426965,0.33922176462688575
3,TNFSF13B,15.136113,3.5212028,9.358376260763267e-52,9.681665622498727e-50,0.50199203187251,0.08239700374531835,0.50199203187251,0.08239700374531835,0.4195950281271916
3,PFDN5,14.968395,0.89405406,1.1813805241963593e-50,1.1950320324759617e-48,0.9840637450199203,0.9105805243445693,0.9840637450199203,0.9105805243445693,0.07348322067535107
3,HLA-DRB5,14.925155,2.2457638,2.2610992518673827e-50,2.2704096605515427e-48,0.6892430278884463,0.2720037453183521,0.6892430278884463,0.2720037453183521,0.4172392825700942
3,ALDH2,14.828385,4.783022,9.60142801010556e-50,9.570591307007411e-48,0.450199203187251,0.031835205992509365,0.450199203187251,0.031835205992509365,0.4183639971947416
3,CTSB,14.825716,2.939597,9.990930360947317e-50,9.886677174572215e-48,0.5298804780876494,0.12312734082397003,0.5298804780876494,0.12312734082397003,0.40675313726367934
3,ATP6V0B,14.768182,2.1827238,2.3496693687803253e-49,2.291934635718866e-47,0.6374501992031872,0.26732209737827717,0.6374501992031872,0.26732209737827717,0.37012810182491007
3,CAPG,14.589784,2.6159978,3.262299943609558e-48,3.1373216922487413e-46,0.5517928286852589,0.15777153558052434,0.5517928286852589,0.15777153558052434,0.39402129310473455
3,CEBPB,14.57855,2.1535435,3.845962926428975e-48,3.672760120511475e-46,0.647410358565737,0.24812734082397003,0.647410358565737,0.24812734082397003,0.399283017741767
3,FKBP1A,14.4094,1.7184798,4.516187109488018e-47,4.2828507754978034e-45,0.7290836653386454,0.40402621722846443,0.7290836653386454,0.40402621722846443,0.325057448110181
3,MT-CO1,14.241193,0.5435796,5.085135578988956e-46,4.723987174603618e-44,0.9960159362549801,0.9943820224719101,0.9960159362549801,0.9943820224719101,0.0016339137830699846
3,HLA-DPA1,14.007606,1.9866356,1.4004768451380183e-44,1.2749941198136519e-42,0.7729083665338645,0.42790262172284643,0.7729083665338645,0.42790262172284643,0.3450057448110181
3,ALDOA,13.815533,1.1736411,2.0543007150375577e-43,1.845627010825848e-41,0.848605577689243,0.6741573033707865,0.848605577689243,0.6741573033707865,0.17444827431845655
3,LINC00936,13.743639,2.3120818,5.560884388239937e-43,4.931132286091207e-41,0.5756972111553785,0.21067415730337077,0.5756972111553785,0.21067415730337077,0.36502305385200773
3,SLC7A7,13.577874,3.533523,5.4175761056622065e-42,4.712256006300834e-40,0.44621513944223107,0.06460674157303371,0.44621513944223107,0.06460674157303371,0.38160839786919737
3,MNDA,13.520894,3.7666488,1.1773608018011146e-41,1.01759741198709e-39,0.4342629482071713,0.05383895131086142,0.4342629482071713,0.05383895131086142,0.3804239968963099
3,IGSF6,13.489181,4.2510242,1.8110263500894265e-41,1.5374675884458502e-39,0.41832669322709165,0.03604868913857678,0.41832669322709165,0.03604868913857678,0.38227800408851487
3,TIMP1,13.489116,1.9731983,1.8126265505256435e-41,1.5374675884458502e-39,0.6354581673306773,0.25702247191011235,0.6354581673306773,0.25702247191011235,0.37843569542056493
3,LAMTOR4,13.467821,1.5252305,2.4190049823996523e-41,2.039131607385781e-39,0.7689243027888446,0.46207865168539325,0.7689243027888446,0.46207865168539325,0.30684565110345136
3,FOSB,13.420088,1.5723608,4.611689665072768e-41,3.86363399179348e-39,0.7191235059760956,0.43352059925093633,0.7191235059760956,0.43352059925093633,0.2856029067251593
3,HLA-DPB1,13.354413,1.8748127,1.1163425156129842e-40,9.183598429645127e-39,0.7709163346613546,0.4592696629213483,0.7709163346613546,0.4592696629213483,0.31164667174000626
3,HLA-DMA,13.352981,2.2247179,1.1380258647886643e-40,9.305916891948503e-39,0.5756972111553785,0.19288389513108614,0.5756972111553785,0.19288389513108614,0.38281331602429236
3,LY86,13.31661,2.6690035,1.8533175478205583e-40,1.497568309647192e-38,0.49800796812749004,0.1198501872659176,0.49800796812749004,0.1198501872659176,0.3781577808615724
3,MYL6,13.223651,0.97038305,6.407646726604098e-40,5.117124192895062e-38,0.9442231075697212,0.8309925093632958,0.9442231075697212,0.8309925093632958,0.11323059820642534
3,FPR1,13.163545,4.2546477,1.4225207063477466e-39,1.1294152770863273e-37,0.40836653386454186,0.03838951310861423,0.40836653386454186,0.03838951310861423,0.36997702075592764
3,VAMP8,13.044048,1.4103276,6.870946550269211e-39,5.3925083960043876e-37,0.7250996015936255,0.45739700374531833,0.7250996015936255,0.45739700374531833,0.2677025978483072
3,C20orf24,12.900294,1.9520581,4.4837907493540025e-38,3.4988940841816146e-36,0.5816733067729084,0.24578651685393257,0.5816733067729084,0.24578651685393257,0.3358867899189758
3,ISG15,12.867116,1.7172104,6.892830253687927e-38,5.348209655929678e-36,0.6932270916334662,0.3904494382022472,0.6932270916334662,0.3904494382022472,0.302777653431219
3,CPVL,12.749312,3.9157987,3.145062338861191e-37,2.426495553643414e-35,0.4043824701195219,0.047752808988764044,0.4043824701195219,0.047752808988764044,0.35662966113075784
3,CNPY3,12.701058,2.066562,5.833552191704242e-37,4.4504462977605096e-35,0.5537848605577689,0.2144194756554307,0.5537848605577689,0.2144194756554307,0.33936538490233814
3,SERPINB1,12.64004,1.7609022,1.2698899548307517e-36,9.581003990700965e-35,0.6254980079681275,0.30430711610486894,0.6254980079681275,0.30430711610486894,0.32119089186325855
3,FGR,12.567007,2.308288,3.2063213442781815e-36,2.3926515998613578e-34,0.5059760956175299,0.14794007490636704,0.5059760956175299,0.14794007490636704,0.3580360207111628
3,TCEB2,12.525135,1.479754,5.43987819584886e-36,4.015512250946596e-34,0.7270916334661355,0.43164794007490637,0.7270916334661355,0.43164794007490637,0.2954436933912291
3,H2AFY,12.360738,1.9930766,4.262259928255366e-35,3.079651935463242e-33,0.5557768924302788,0.23735955056179775,0.5557768924302788,0.23735955056179775,0.3184173418684811
3,ZFP36,12.2757225,1.1594125,1.2229447607996264e-34,8.789754554462999e-33,0.8545816733067729,0.670880149812734,0.8545816733067729,0.670880149812734,0.1837015234940389
3,PGLS,12.189341,1.8798313,3.5427687057141062e-34,2.5329868819493106e-32,0.5657370517928287,0.23548689138576778,0.5657370517928287,0.23548689138576778,0.33025016040706096
3,ASGR1,12.179507,5.5129776,3.996892045032739e-34,2.8314489469741416e-32,0.3605577689243028,0.014044943820224719,0.3605577689243028,0.014044943820224719,0.3465128251040781
3,AMICA1,12.17941,2.044122,4.001681654701299e-34,2.8314489469741416e-32,0.5318725099601593,0.20037453183520598,0.5318725099601593,0.20037453183520598,0.33149797812495335
3,ODF3B,12.016836,3.4645286,2.898592848742686e-33,2.040370306310831e-31,0.3944223107569721,0.05758426966292135,0.3944223107569721,0.05758426966292135,0.33683804109405074
3,ATP6V1F,11.966497,1.6451856,5.322834698604782e-33,3.6897782052866447e-31,0.6195219123505976,0.3150749063670412,0.6195219123505976,0.3150749063670412,0.3044470059835564
3,APOBEC3A,11.906945,3.4387684,1.0889428859690987e-32,7.510406086259602e-31,0.39641434262948205,0.06179775280898876,0.39641434262948205,0.06179775280898876,0.3346165898204933
3,GLRX,11.804413,1.6471701,3.703684329045771e-32,2.5415835777612587e-30,0.6235059760956175,0.31788389513108617,0.6235059760956175,0.31788389513108617,0.30562208096453136
3,CTSD,11.537027,2.096878,8.584068368805514e-31,5.83204167385115e-29,0.49203187250996017,0.18352059925093633,0.49203187250996017,0.18352059925093633,0.30851127325902383
3,LY6E,11.528073,1.1335871,9.525158375683285e-31,6.439384295956977e-29,0.8326693227091634,0.6296816479400749,0.8326693227091634,0.6296816479400749,0.20298767476908852
3,GPX4,11.518338,1.2483481,1.066485400948282e-30,7.174347111009724e-29,0.7350597609561753,0.49953183520599254,0.7350597609561753,0.49953183520599254,0.23552792575018278
3,VCAN,11.472037,4.0027776,1.8231640059573026e-30,1.2204474345761238e-28,0.3605577689243028,0.03464419475655431,0.3605577689243028,0.03464419475655431,0.32591357416774847
3,TPI1,11.423099,1.307324,3.205949179559731e-30,2.1356313168813505e-28,0.7211155378486056,0.4583333333333333,0.7211155378486056,0.4583333333333333,0.2627822045152723
3,BLVRA,11.420299,2.4652872,3.31094162059031e-30,2.1948649888728774e-28,0.44223107569721115,0.1254681647940075,0.44223107569721115,0.1254681647940075,0.31676291090320363
3,LAMTOR1,11.31311,1.586983,1.1301125639545538e-29,7.4554672335088825e-28,0.5876494023904383,0.28698501872659177,0.5876494023904383,0.28698501872659177,0.3006643836638465
3,KLF4,11.253883,3.2838192,2.2161616123640936e-29,1.4411382370687648e-27,0.37649402390438247,0.060393258426966294,0.37649402390438247,0.060393258426966294,0.31610076547741617
3,STXBP2,11.230245,2.0155704,2.8967692059650335e-29,1.8693979290613443e-27,0.4940239043824701,0.1858614232209738,0.4940239043824701,0.1858614232209738,0.30816248116149636
3,C10orf54,11.226598,1.5350701,3.018811340024588e-29,1.935440735181961e-27,0.599601593625498,0.3192883895131086,0.599601593625498,0.3192883895131086,0.2803132041123894
3,TGFBI,11.208136,3.5727882,3.719448352187116e-29,2.3734947054891238e-27,0.36254980079681276,0.04728464419475655,0.36254980079681276,0.04728464419475655,0.31526515660205623
3,PLBD1,11.206671,4.401005,3.781517325846139e-29,2.4018790977560406e-27,0.34462151394422313,0.02762172284644195,0.34462151394422313,0.02762172284644195,0.3169997910977812
3,RHOG,11.141062,1.5013492,7.917003735534564e-29,5.0053056950212964e-27,0.6274900398406374,0.3352059925093633,0.6274900398406374,0.3352059925093633,0.29228404733127417
3,CLIC1,10.99708,1.0746219,3.947073906999561e-28,2.4612438937893155e-26,0.8167330677290837,0.6048689138576779,0.8167330677290837,0.6048689138576779,0.21186415387140578
3,AGTRAP,10.851893,2.6616044,1.9533630213094416e-27,1.2015822260811591e-25,0.39641434262948205,0.09550561797752809,0.39641434262948205,0.09550561797752809,0.30090872465195395
3,LILRA5,10.822101,3.0853722,2.7050486661496212e-27,1.6565087257820281e-25,0.36852589641434264,0.06132958801498127,0.36852589641434264,0.06132958801498127,0.30719630839936135
3,ANXA5,10.792374,1.6678247,3.740046958579433e-27,2.2800929136768187e-25,0.547808764940239,0.25140449438202245,0.547808764940239,0.25140449438202245,0.29640427055821655
3,STX11,10.724583,2.8284297,7.803856426044607e-27,4.71546298026837e-25,0.3804780876494024,0.075374531835206,0.3804780876494024,0.075374531835206,0.3051035558141964
3,CCL3,10.6245575,3.0094066,2.290963119297624e-26,1.3721663314529978e-24,0.3804780876494024,0.08380149812734082,0.3804780876494024,0.08380149812734082,0.29667658952206155
3,SMCO4,10.531923,3.4009638,6.156354782003724e-26,3.639445060737786e-24,0.3466135458167331,0.04868913857677903,0.3466135458167331,0.04868913857677903,0.29792440723995406
3,APLP2,10.477711,2.3964534,1.0935919247685226e-25,6.437108329585752e-24,0.4063745019920319,0.1100187265917603,0.4063745019920319,0.1100187265917603,0.2963557754002716
3,ASAH1,10.444792,1.8311378,1.5479440651252807e-25,9.072413799721388e-24,0.48406374501992033,0.19054307116104868,0.48406374501992033,0.19054307116104868,0.29352067385887165
3,SERP1,10.3896675,1.129135,2.7631506643150148e-25,1.612546387687429e-23,0.7450199203187251,0.5084269662921348,0.7450199203187251,0.5084269662921348,0.2365929540265903
3,SLC25A5,10.244221,1.2088025,1.2563347878638153e-24,7.239032853615301e-23,0.6952191235059761,0.4658239700374532,0.6952191235059761,0.4658239700374532,0.22939515346852296
3,ARPC2,10.16803,0.7993367,2.754243860335164e-24,1.5606619982048547e-22,0.8944223107569721,0.7804307116104869,0.8944223107569721,0.7804307116104869,0.11399159914648516
3,CLTA,10.154875,1.6258945,3.1521380490537253e-24,1.7714237529990812e-22,0.5179282868525896,0.23923220973782772,0.5179282868525896,0.23923220973782772,0.2786960771147619
3,GSTO1,10.148916,1.6020305,3.350626907835472e-24,1.875252502188574e-22,0.5119521912350598,0.2406367041198502,0.5119521912350598,0.2406367041198502,0.2713154871152096
3,HCK,10.036356,2.342777,1.0550025820872185e-23,5.809320669751232e-22,0.38645418326693226,0.0945692883895131,0.38645418326693226,0.0945692883895131,0.29188489487741914
3,CD63,10.033262,1.4688929,1.0885925094913568e-23,5.9702085580778985e-22,0.5657370517928287,0.29307116104868913,0.5657370517928287,0.29307116104868913,0.2726658907441396
3,PLAUR,10.003306,2.9658072,1.4739138879357977e-23,8.051107221460501e-22,0.3466135458167331,0.06741573033707865,0.3466135458167331,0.06741573033707865,0.27919781547965444
3,COX6B1,9.985692,1.0570328,1.760687855065788e-23,9.579264282381834e-22,0.7529880478087649,0.5341760299625468,0.7529880478087649,0.5341760299625468,0.21881201784621818
3,CD33,9.969705,4.5554285,2.068431749677778e-23,1.1208930148253865e-21,0.30278884462151395,0.019662921348314606,0.30278884462151395,0.019662921348314606,0.28312592327319935
3,RBP7,9.965015,5.2480087,2.1683920225514812e-23,1.1704174490103963e-21,0.2968127490039841,0.013576779026217229,0.2968127490039841,0.013576779026217229,0.28323596997776684
3,CARD16,9.9025,1.5921773,4.059964819135508e-23,2.1657374832075973e-21,0.5119521912350598,0.23361423220973782,0.5119521912350598,0.23361423220973782,0.27833795902532193
3,CTSZ,9.891918,3.01163,4.512972193256089e-23,2.398021333506037e-21,0.3386454183266932,0.05945692883895131,0.3386454183266932,0.05945692883895131,0.2791884894877419
3,FOLR3,9.888695,6.896627,4.660658005972467e-23,2.4668971213007756e-21,0.2868525896414343,0.004213483146067416,0.2868525896414343,0.004213483146067416,0.2826391064953669
3,SLC25A6,9.845454,0.66617954,7.171438862771085e-23,3.781203440540616e-21,0.8884462151394422,0.8197565543071161,0.8884462151394422,0.8197565543071161,0.06868966083232608
3,BRK1,9.823704,1.0538037,8.90113926638035e-23,4.675152223911156e-21,0.7270916334661355,0.5121722846441947,0.7270916334661355,0.5121722846441947,0.21491934882194075
3,BID,9.815792,1.9017882,9.627893580390339e-23,5.0374909859697496e-21,0.43824701195219123,0.15215355805243447,0.43824701195219123,0.15215355805243447,0.28609345389975677
3,BST1,9.768547,4.426327,1.5363960660288956e-22,7.977575923076273e-21,0.29880478087649404,0.02153558052434457,0.29880478087649404,0.02153558052434457,0.27726920035214947
3,RAB32,9.730191,3.794877,2.2417170228485234e-22,1.1552033080762052e-20,0.30876494023904383,0.033707865168539325,0.30876494023904383,0.033707865168539325,0.2750570750705045
3,FAM26F,9.696426,1.7586408,3.1224514215541487e-22,1.5985402141559157e-20,0.4601593625498008,0.1750936329588015,0.4601593625498008,0.1750936329588015,0.2850657295909993
3,IFNGR2,9.611899,2.335594,7.122283786929499e-22,3.6156842897512727e-20,0.37649402390438247,0.10580524344569288,0.37649402390438247,0.10580524344569288,0.2706887804586896
3,PGD,9.609164,2.853011,7.314016694393321e-22,3.699267110319822e-20,0.33665338645418325,0.06647940074906367,0.33665338645418325,0.06647940074906367,0.2701739857051196
3,C4orf48,9.581195,2.3017206,9.59284848734342e-22,4.8339460864635327e-20,0.3745019920318725,0.10861423220973783,0.3745019920318725,0.10861423220973783,0.2658877598221347
3,LGALS9,9.54388,2.073282,1.3758496277031673e-21,6.882271983851447e-20,0.39641434262948205,0.12312734082397003,0.39641434262948205,0.12312734082397003,0.273287001805512
3,MSRB1,9.542514,3.0143042,1.3941186150901296e-21,6.948205769222923e-20,0.32669322709163345,0.05664794007490637,0.32669322709163345,0.05664794007490637,0.2700452870167271
3,EIF4EBP1,9.534341,2.675561,1.508408964090531e-21,7.490484659498288e-20,0.3426294820717131,0.07209737827715355,0.3426294820717131,0.07209737827715355,0.27053210379455955
3,GLIPR2,9.517605,1.794582,1.7721654341626278e-21,8.76836636555248e-20,0.4442231075697211,0.17275280898876405,0.4442231075697211,0.17275280898876405,0.27147029858095706
3,FGL2,9.515521,2.6817935,1.808047928389578e-21,8.91361101447223e-20,0.34462151394422313,0.0749063670411985,0.34462151394422313,0.0749063670411985,0.2697151469030246
3,C19orf38,9.469448,3.1109064,2.8132624306460914e-21,1.3819392716871593e-19,0.3207171314741036,0.05337078651685393,0.3207171314741036,0.05337078651685393,0.2673463449572496
3,BST2,9.461797,1.2001133,3.026975390429022e-21,1.4815905351863343e-19,0.6454183266932271,0.40308988764044945,0.6454183266932271,0.40308988764044945,0.24232843905277762
3,SCO2,9.448056,2.5345733,3.451818698517298e-21,1.6835012909625793e-19,0.350597609561753,0.08239700374531835,0.350597609561753,0.08239700374531835,0.2682006058164347
3,CSTB,9.399248,1.3097413,5.495439732549094e-21,2.6706663696686983e-19,0.5717131474103586,0.323501872659176,0.5717131474103586,0.323501872659176,0.2482112747511826
3,PFN1,9.351417,0.527932,8.648127071369208e-21,4.18790153498645e-19,0.9641434262948207,0.9410112359550562,0.9641434262948207,0.9410112359550562,0.023132190339764547
3,RNASE6,9.340542,2.955637,9.584239248745519e-21,4.624818769642007e-19,0.3207171314741036,0.050093632958801496,0.3207171314741036,0.050093632958801496,0.2706234985153021
3,H3F3A,9.25315,1.268935,2.1797230800023437e-20,1.0444315221232284e-18,0.5876494023904383,0.33801498127340823,0.5876494023904383,0.33801498127340823,0.24963442111703005
3,IL1B,9.22772,4.0039687,2.764526572765108e-20,1.3154137588041923e-18,0.2908366533864542,0.02949438202247191,0.2908366533864542,0.02949438202247191,0.2613422713639823
3,S100A12,9.13463,6.295659,6.563054010835264e-20,3.101213341590532e-18,0.26693227091633465,0.006086142322097378,0.26693227091633465,0.006086142322097378,0.2608461285942373
3,NDUFA11,9.12115,1.2146332,7.433099958733376e-20,3.500221139188378e-18,0.601593625498008,0.3693820224719101,0.601593625498008,0.3693820224719101,0.2322116030260979
3,MPEG1,9.045513,2.9199913,1.489641809318504e-19,6.966626215086812e-18,0.3147410358565737,0.060393258426966294,0.3147410358565737,0.060393258426966294,0.2543477774296074
3,ATP5D,8.954148,0.98196316,3.423671563191038e-19,1.590260505678123e-17,0.703187250996016,0.5070224719101124,0.703187250996016,0.5070224719101124,0.19616477908590357
3,GNAI2,8.939822,1.7115722,3.8979718298179513e-19,1.8044306206099642e-17,0.4243027888446215,0.18445692883895132,0.4243027888446215,0.18445692883895132,0.2398458600056702
3,PILRA,8.889973,2.528349,6.112412865425571e-19,2.810475087213858e-17,0.3247011952191235,0.06928838951310862,0.3247011952191235,0.06928838951310862,0.2554128057060149
3,WDR83OS,8.84416,1.280702,9.221940949681343e-19,4.2118670772190105e-17,0.5378486055776892,0.301498127340824,0.5378486055776892,0.301498127340824,0.23635047823686522
3,GCA,8.82521,2.4107525,1.09254714384379e-18,4.973274598776932e-17,0.33266932270916333,0.08333333333333333,0.33266932270916333,0.08333333333333333,0.24933598937583
3,NOP10,8.805837,1.4645996,1.2988025229489663e-18,5.892507393153184e-17,0.49203187250996017,0.2495318352059925,0.49203187250996017,0.2495318352059925,0.24250003730396766
3,SUPT4H1,8.798674,1.4476337,1.3844315701656419e-18,6.260197855027153e-17,0.4860557768924303,0.24250936329588016,0.4860557768924303,0.24250936329588016,0.24354641359655013
3,SAT2,8.719454,2.015405,2.795464840076368e-18,1.2516350116748486e-16,0.3705179282868526,0.12453183520599251,0.3705179282868526,0.12453183520599251,0.24598609308086009
3,H3F3B,8.704248,0.54866964,3.196863076976184e-18,1.426678502587803e-16,0.9920318725099602,0.9545880149812734,0.9920318725099602,0.9545880149812734,0.03744385752868673
3,PKM,8.66065,1.1186161,4.690812840193605e-18,2.079796757976749e-16,0.6095617529880478,0.38202247191011235,0.6095617529880478,0.38202247191011235,0.22753928107793547
3,EFHD2,8.651826,1.7684994,5.06817591229264e-18,2.232613234137687e-16,0.3944223107569721,0.14653558052434457,0.3944223107569721,0.14653558052434457,0.24788673023262753
3,ARRB2,8.570328,1.5322843,1.0319085791167426e-17,4.487816419241477e-16,0.4541832669322709,0.21161048689138576,0.4541832669322709,0.21161048689138576,0.24257278004088514
3,IL8,8.549521,4.000189,1.2359953235683372e-17,5.358334012269591e-16,0.27091633466135456,0.0299625468164794,0.27091633466135456,0.0299625468164794,0.24095378784487517
3,HIGD2A,8.502342,0.9982467,1.8580359706943457e-17,8.004207954511668e-16,0.6553784860557769,0.45739700374531833,0.6553784860557769,0.45739700374531833,0.19798148231045853
3,NDUFS7,8.487234,1.3970965,2.1161352041811015e-17,9.087403254181485e-16,0.48406374501992033,0.24812734082397003,0.48406374501992033,0.24812734082397003,0.2359364041959503
3,COX4I1,8.435463,0.5140301,3.298940467730006e-17,1.4122360823611587e-15,0.9402390438247012,0.8960674157303371,0.9402390438247012,0.8960674157303371,0.044171628094364146
3,SAMHD1,8.42563,1.5718652,3.5881485636225504e-17,1.526472173982229e-15,0.42828685258964144,0.199438202247191,0.42828685258964144,0.199438202247191,0.22884865034245044
3,RHOA,8.404042,0.8946823,4.313670044842606e-17,1.81813204112255e-15,0.7091633466135459,0.5341760299625468,0.7091633466135459,0.5341760299625468,0.1749873166509991
3,ITGB2,8.38125,1.0319335,5.2368471626514915e-17,2.186984246274274e-15,0.6553784860557769,0.42790262172284643,0.6553784860557769,0.42790262172284643,0.22747586433293043
3,NCF1,8.369073,1.9836133,5.807346987173814e-17,2.4104902874421156e-15,0.35856573705179284,0.1203183520599251,0.35856573705179284,0.1203183520599251,0.23824738499186776
3,LAMTOR2,8.300273,1.5885634,1.0387271999400639e-16,4.298442012842883e-15,0.4103585657370518,0.1802434456928839,0.4103585657370518,0.1802434456928839,0.23011512004416793
3,COX8A,8.299654,1.1408772,1.0441502209452162e-16,4.307829431186669e-15,0.5617529880478087,0.34597378277153557,0.5617529880478087,0.34597378277153557,0.21577920527627314
3,TNFAIP2,8.222421,4.113058,1.994357050014372e-16,8.178660623122002e-15,0.2549800796812749,0.021067415730337078,0.2549800796812749,0.021067415730337078,0.23391266395093782
3,YBX1,8.150397,0.58558536,3.627297160773785e-16,1.478637911269457e-14,0.8685258964143426,0.8057116104868914,0.8685258964143426,0.8057116104868914,0.0628142859274512
3,TBXAS1,8.12907,2.4428256,4.325943609811523e-16,1.758187081416255e-14,0.30278884462151395,0.07209737827715355,0.30278884462151395,0.07209737827715355,0.23069146634436039
3,MAFB,8.08951,2.9735723,5.9905325090161935e-16,2.4274988707158797e-14,0.28087649402390436,0.0552434456928839,0.28087649402390436,0.0552434456928839,0.22563304833102046
3,MT2A,8.088956,1.27307,6.017815873980678e-16,2.4313400466000044e-14,0.4960159362549801,0.2752808988764045,0.4960159362549801,0.2752808988764045,0.22073503737857558
3,RNH1,8.048809,1.2614121,8.360330026119066e-16,3.348054745943752e-14,0.48406374501992033,0.2663857677902622,0.48406374501992033,0.2663857677902622,0.21767797722965815
3,DYNLT1,7.9891915,1.7027899,1.3582654236978402e-15,5.407717966769011e-14,0.37649402390438247,0.14887640449438203,0.37649402390438247,0.14887640449438203,0.22761761941000044
3,EMP3,7.9308763,0.7185304,2.1760538060789125e-15,8.638427551108613e-14,0.8306772908366534,0.7116104868913857,0.8306772908366534,0.7116104868913857,0.1190668039452677
3,TIMM13,7.7981277,1.5587412,6.283243070190857e-15,2.4727368117154564e-13,0.3884462151394422,0.16666666666666666,0.3884462151394422,0.16666666666666666,0.22177954847277556
3,JUND,7.7758565,2.0614214,7.493867134695834e-15,2.923892845468752e-13,0.32669322709163345,0.11329588014981273,0.32669322709163345,0.11329588014981273,0.21339734694182072
3,EIF3K,7.760846,0.6301376,8.436463438424516e-15,3.254473014551559e-13,0.8187250996015937,0.724250936329588,0.8187250996015937,0.724250936329588,0.09447416327200564
3,BNIP3L,7.751534,1.8375938,9.078912559375695e-15,3.4924402791784365e-13,0.34462151394422313,0.1254681647940075,0.34462151394422313,0.1254681647940075,0.21915334915021564
3,CPPED1,7.7185826,2.535771,1.1763020258797848e-14,4.487033649557078e-13,0.28087649402390436,0.06179775280898876,0.28087649402390436,0.06179775280898876,0.2190787412149156
3,FCGR2A,7.6959534,3.0900173,1.4044296319788931e-14,5.327469737306601e-13,0.26095617529880477,0.04400749063670412,0.26095617529880477,0.04400749063670412,0.21694868466210065
3,HLA-DMB,7.571996,1.576934,3.675317963752404e-14,1.3826485430579293e-12,0.3645418326693227,0.13810861423220974,0.3645418326693227,0.13810861423220974,0.22643321843711298
3,COX5B,7.5706286,0.89534223,3.7142191769403604e-14,1.3934444252829001e-12,0.6414342629482072,0.4714419475655431,0.6414342629482072,0.4714419475655431,0.16999231538266407
3,ATP5E,7.55526,0.65507126,4.1802282596565945e-14,1.5612663849167642e-12,0.852589641434263,0.7289325842696629,0.852589641434263,0.7289325842696629,0.12365705716460007
3,ATP6V0D1,7.545818,1.7461483,4.494578292736722e-14,1.6724240099621981e-12,0.34462151394422313,0.13295880149812733,0.34462151394422313,0.13295880149812733,0.2116627124460958
3,SOD2,7.504857,1.5916495,6.149569405717031e-14,2.269689724445183e-12,0.37250996015936255,0.16292134831460675,0.37250996015936255,0.16292134831460675,0.2095886118447558
3,SLC11A1,7.427201,2.834393,1.1092001450925907e-13,4.050063417482465e-12,0.2589641434262948,0.05056179775280899,0.2589641434262948,0.05056179775280899,0.2084023456734858
3,TMEM219,7.3913193,1.2845927,1.4537912067842405e-13,5.252109185144335e-12,0.4442231075697211,0.23595505617977527,0.4442231075697211,0.23595505617977527,0.20826805138994584
3,MIR24-2,7.3844166,2.4088078,1.5312348553730874e-13,5.517293716352211e-12,0.2788844621513944,0.07116104868913857,0.2788844621513944,0.07116104868913857,0.2077234134622558
3,TMEM205,7.3648477,2.2419658,1.7734922938468314e-13,6.356643245347068e-12,0.2848605577689243,0.07256554307116105,0.2848605577689243,0.07256554307116105,0.2122950146977633
3,C11orf31,7.3444324,0.9357674,2.066341175598527e-13,7.386899239260074e-12,0.5976095617529881,0.4110486891385768,0.5976095617529881,0.4110486891385768,0.1865608726144113
3,POLR2L,7.3410134,1.0752045,2.1198233959502174e-13,7.558305037884117e-12,0.5179282868525896,0.3211610486891386,0.5179282868525896,0.3211610486891386,0.19676723816345104
3,CASP1,7.3324504,1.2617791,2.2598246805470547e-13,8.015627490272877e-12,0.4402390438247012,0.23220973782771537,0.4402390438247012,0.23220973782771537,0.20802930599698582
3,UQCR11-1,7.3245053,0.80418503,2.3978126615243875e-13,8.483038783880062e-12,0.6992031872509961,0.5374531835205992,0.6992031872509961,0.5374531835205992,0.16175000373039683
3,LRRC25,7.300574,2.3376172,2.865433759632592e-13,1.0111205018486479e-11,0.2729083665338645,0.06320224719101124,0.2729083665338645,0.06320224719101124,0.20970611934285327
3,CYBB,7.2248383,2.3798134,5.016981068625882e-13,1.756715217260386e-11,0.2729083665338645,0.06882022471910113,0.2729083665338645,0.06882022471910113,0.2040881418147634
3,UQCRFS1,7.217382,1.1738282,5.299791669785873e-13,1.850996292649511e-11,0.45617529880478086,0.24859550561797752,0.45617529880478086,0.24859550561797752,0.20757979318680334
3,RHOB,7.204553,2.1606927,5.823443209355993e-13,2.0286974608919754e-11,0.2908366533864542,0.09176029962546817,0.2908366533864542,0.09176029962546817,0.19907635376098604
3,DUSP1,7.08662,0.59469306,1.3742715621442377e-12,4.751152519656129e-11,0.9442231075697212,0.8787453183520599,0.9442231075697212,0.8787453183520599,0.06547778921766123
3,COMT,7.0670185,1.7434762,1.5829774582853257e-12,5.458873780390002e-11,0.3187250996015936,0.11844569288389513,0.3187250996015936,0.11844569288389513,0.2002794067176985
3,C5AR1,7.029965,2.6037009,2.065853961517059e-12,7.106121334628957e-11,0.25697211155378485,0.06179775280898876,0.25697211155378485,0.06179775280898876,0.1951743587447961
3,PSMB3,7.006424,0.96675164,2.4448649106204483e-12,8.367688024920511e-11,0.5298804780876494,0.34784644194756553,0.5298804780876494,0.34784644194756553,0.18203403614008384
3,GLIPR1,6.9380145,1.3853179,3.976484273389504e-12,1.3508176427215687e-10,0.3705179282868526,0.1694756554307116,0.3705179282868526,0.1694756554307116,0.20104227285614099
3,RP11-290F20.3,6.9273024,2.0061755,4.289412596530545e-12,1.4535041791121867e-10,0.2788844621513944,0.07724719101123595,0.2788844621513944,0.07724719101123595,0.20163727114015845
3,SEC11A,6.8805785,1.0658182,5.961007143594352e-12,2.0099632976030735e-10,0.48406374501992033,0.2940074906367041,0.48406374501992033,0.2940074906367041,0.19005625438321622
3,MCL1,6.8061457,0.9385295,1.0024836766392327e-11,3.3553718353395495e-10,0.547808764940239,0.37687265917602997,0.547808764940239,0.37687265917602997,0.17093610576420903
3,SCPEP1,6.7133484,1.8379574,1.902079944416549e-11,6.274107178974008e-10,0.29282868525896416,0.10018726591760299,0.29282868525896416,0.10018726591760299,0.19264141934136117
3,C20orf27,6.6971335,1.9257835,2.1254737262266355e-11,6.977276251286282e-10,0.28286852589641437,0.09269662921348315,0.28286852589641437,0.09269662921348315,0.19017189668293122
3,BLOC1S1,6.6359854,1.0334679,3.223419819503056e-11,1.0505732948719267e-09,0.4701195219123506,0.2752808988764045,0.4701195219123506,0.2752808988764045,0.19483862303594612
3,SDCBP,6.6215935,1.2278359,3.5534680512003544e-11,1.1553847549331437e-09,0.398406374501992,0.20786516853932585,0.398406374501992,0.20786516853932585,0.19054120596266616
3,SNX3,6.61163,0.80613965,3.801106225466385e-11,1.2329669029683837e-09,0.599601593625498,0.4353932584269663,0.599601593625498,0.4353932584269663,0.16420833519853173
3,PSMA7,6.594601,0.7267989,4.264006276085863e-11,1.3701004636759659e-09,0.6772908366533864,0.5365168539325843,0.6772908366533864,0.5365168539325843,0.1407739827208021
3,NAGK,6.5910845,1.9620354,4.3662488004248325e-11,1.399659474615059e-09,0.2749003984063745,0.08895131086142322,0.2749003984063745,0.08895131086142322,0.18594908754495126
3,POLE4,6.574316,1.4591998,4.887730447814029e-11,1.5595057709193545e-09,0.3386454183266932,0.15636704119850187,0.3386454183266932,0.15636704119850187,0.18227837712819134
3,GMFG,6.5005994,0.58955747,8.000052810113532e-11,2.5347731131069697e-09,0.7928286852589641,0.6779026217228464,0.7928286852589641,0.6779026217228464,0.11492606353611767
3,CECR1,6.493762,2.0695102,8.371903513778394e-11,2.6464517218555033e-09,0.2589641434262948,0.07256554307116105,0.2589641434262948,0.07256554307116105,0.18639860035513378
3,TNFSF10,6.471491,1.315235,9.7040772073045e-11,3.0534303765656742e-09,0.3665338645418327,0.18117977528089887,0.3665338645418327,0.18117977528089887,0.1853540892609338
3,HSBP1,6.4527035,1.5771674,1.098723086262338e-10,3.425607868949427e-09,0.3107569721115538,0.12734082397003746,0.3107569721115538,0.12734082397003746,0.18341614814151633
3,ZNHIT1,6.4385724,1.1226202,1.206026127730211e-10,3.743066545519037e-09,0.42231075697211157,0.2406367041198502,0.42231075697211157,0.2406367041198502,0.18167405285226138
3,ARF5,6.415324,1.0350107,1.4052357008454326e-10,4.331805582560999e-09,0.4442231075697211,0.2640449438202247,0.4442231075697211,0.2640449438202247,0.1801781637494964
3,NDUFA13,6.3866057,0.81991434,1.6960796327767496e-10,5.2148470251099335e-09,0.5976095617529881,0.42930711610486894,0.5976095617529881,0.42930711610486894,0.16830244564811914
3,OAZ2,6.364237,1.518368,1.9626289996075896e-10,5.99589745383473e-09,0.3147410358565737,0.12734082397003746,0.3147410358565737,0.12734082397003746,0.18740021188653624
3,GNB2,6.343561,1.1025519,2.245137167038752e-10,6.813242922906933e-09,0.4103585657370518,0.23314606741573032,0.4103585657370518,0.23314606741573032,0.1772124983213215
3,ZYX,6.334021,1.6137854,2.388529280334799e-10,7.232318370787588e-09,0.2968127490039841,0.11610486891385768,0.2968127490039841,0.11610486891385768,0.1807078800901264
3,UBE2L6,6.314322,0.99029577,2.7134834598420567e-10,8.197222932755519e-09,0.4860557768924303,0.31320224719101125,0.4860557768924303,0.31320224719101125,0.17285352970141904
3,ID2,6.299214,0.8979169,2.991585967171008e-10,8.99847972856548e-09,0.5278884462151394,0.3544007490636704,0.5278884462151394,0.3544007490636704,0.173487697151469
3,ATG3,6.2396936,1.24851,4.3842816467853874e-10,1.3072434534607259e-08,0.3545816733067729,0.1793071161048689,0.3545816733067729,0.1793071161048689,0.17527455720190402
3,HMGB2,6.228558,0.966635,4.707471813394246e-10,1.4005497839588633e-08,0.4641434262948207,0.2902621722846442,0.4641434262948207,0.2902621722846442,0.1738812540101765
3,SPG21,6.1488833,1.3851879,7.803043752737672e-10,2.3014765764014182e-08,0.32270916334661354,0.14185393258426968,0.32270916334661354,0.14185393258426968,0.18085523076234386
3,MRPL23,6.103103,1.04125,1.0402852010168745e-09,3.061666962303112e-08,0.4302788844621514,0.25702247191011235,0.4302788844621514,0.25702247191011235,0.17325641255203905
3,POU2F2,6.081776,1.5215893,1.1885827871667605e-09,3.4756502230298244e-08,0.29880478087649404,0.12734082397003746,0.29880478087649404,0.12734082397003746,0.17146395690645658
3,NDUFS6,6.0650077,1.1662184,1.3194724480411411e-09,3.833769308606345e-08,0.3705179282868526,0.19803370786516855,0.3705179282868526,0.19803370786516855,0.17248422042168404
3,RILPL2,6.0642915,1.3679562,1.3253660577405232e-09,3.842717385245135e-08,0.3286852589641434,0.15870786516853932,0.3286852589641434,0.15870786516853932,0.1699773937956041
3,SERPINB6,6.0604496,1.301056,1.35741781913749e-09,3.922974708430335e-08,0.33266932270916333,0.16151685393258428,0.33266932270916333,0.16151685393258428,0.17115246877657905
3,THEMIS2,6.056933,1.8780481,1.3874147102835873e-09,3.9971593425385374e-08,0.25697211155378485,0.08380149812734082,0.25697211155378485,0.08380149812734082,0.17317061342644402
3,GNG5,6.0260005,1.0377524,1.6806659957405583e-09,4.831826281649066e-08,0.4243027888446215,0.26264044943820225,0.4243027888446215,0.26264044943820225,0.16166233940641928
3,ATOX1,5.9384785,1.8205341,2.876794334202749e-09,8.201566477635229e-08,0.2549800796812749,0.0852059925093633,0.2549800796812749,0.0852059925093633,0.16977408717191161
3,GNAS,5.9324875,0.95362574,2.983793528819376e-09,8.488892589491124e-08,0.4362549800796813,0.26779026217228463,0.4362549800796813,0.26779026217228463,0.16846471790739664
3,CAPNS1,5.866227,1.663106,4.458229429060655e-09,1.2527074296965497e-07,0.2649402390438247,0.09784644194756555,0.2649402390438247,0.09784644194756555,0.16709379709625916
3,CASP4,5.8497844,0.93188596,4.9221120588350925e-09,1.3773844728576233e-07,0.448207171314741,0.2860486891385768,0.448207171314741,0.2860486891385768,0.16215848217616424
3,REEP5,5.8402114,1.0342739,5.213460413572701e-09,1.455930785434536e-07,0.398406374501992,0.2308052434456929,0.398406374501992,0.2308052434456929,0.16760113105629912
3,WARS,5.8367925,1.6021022,5.321525797037091e-09,1.4830766588640514e-07,0.27091633466135456,0.10440074906367042,0.27091633466135456,0.10440074906367042,0.16651558559768415
3,GLUL,5.8211637,1.8253385,5.8439299774760656e-09,1.6220469059433568e-07,0.25298804780876494,0.09129213483146068,0.25298804780876494,0.09129213483146068,0.16169591297730426
3,PRDX5,5.813805,0.8829235,6.1068526466231095e-09,1.6847511059047512e-07,0.48406374501992033,0.32397003745318353,0.48406374501992033,0.32397003745318353,0.1600937075667368
3,RNF7,5.761155,1.0525337,8.354025295221258e-09,2.290814647219709e-07,0.3844621513944223,0.2200374531835206,0.3844621513944223,0.2200374531835206,0.1644246982109017
3,COPE,5.759234,0.77008563,8.44965036469831e-09,2.3077685076064023e-07,0.5717131474103586,0.40636704119850187,0.5717131474103586,0.40636704119850187,0.16534610621185675
3,NAPRT1,5.74227,1.7550765,9.341567449186321e-09,2.5412040853802474e-07,0.25697211155378485,0.0945692883895131,0.25697211155378485,0.0945692883895131,0.16240282316427174
3,NDUFB11,5.73273,0.7856278,9.882694272092016e-09,2.6830630811071287e-07,0.5378486055776892,0.37640449438202245,0.5378486055776892,0.37640449438202245,0.16144411119566676
3,FOS,5.72612,0.5200166,1.0275345356226161e-08,2.7841292893774694e-07,0.9741035856573705,0.9068352059925093,0.9741035856573705,0.9068352059925093,0.06726837966486121
3,LAP3,5.702807,1.4415569,1.1785040506177986e-08,3.1742902002439163e-07,0.2868525896414343,0.12453183520599251,0.2868525896414343,0.12453183520599251,0.16232075443544178
3,NDUFB1,5.69089,1.3089296,1.2637897094032179e-08,3.377360522820028e-07,0.3107569721115538,0.14794007490636704,0.3107569721115538,0.14794007490636704,0.16281689720518674
3,KLF6,5.677833,0.62664765,1.3641160798792625e-08,3.631261050064563e-07,0.7629482071713147,0.6235955056179775,0.7629482071713147,0.6235955056179775,0.13935270155333723
3,HSD17B11,5.547527,1.015456,2.8973860267823983e-08,7.594376887090294e-07,0.39243027888446214,0.2401685393258427,0.39243027888446214,0.2401685393258427,0.15226173955861944
3,GRB2,5.5239534,1.2301244,3.3145572084594345e-08,8.654606737805361e-07,0.31274900398406374,0.1544943820224719,0.31274900398406374,0.1544943820224719,0.15825462196159185
3,EPSTI1,5.5071845,1.2807025,3.6461769989338494e-08,9.50232692699249e-07,0.30677290836653387,0.15308988764044945,0.30677290836653387,0.15308988764044945,0.15368302072608442
3,NINJ1,5.4992723,1.4209234,3.813613351955208e-08,9.900894284087515e-07,0.28286852589641437,0.1254681647940075,0.28286852589641437,0.1254681647940075,0.15740036110240688
3,RNF181,5.4642053,1.0850137,4.649857354649669e-08,1.2003488097371623e-06,0.34462151394422313,0.18820224719101122,0.34462151394422313,0.18820224719101122,0.1564192667532119
3,PPP4C,5.443399,0.91809064,5.2273365278188716e-08,1.3392965783094653e-06,0.41832669322709165,0.26217228464419473,0.41832669322709165,0.26217228464419473,0.15615440858289692
3,CD97,5.431384,1.0609891,5.5918568727009736e-08,1.430007442951395e-06,0.35258964143426297,0.1956928838951311,0.35258964143426297,0.1956928838951311,0.15689675753913188
3,PPT1,5.3978148,1.2140974,6.74575144591011e-08,1.7218688176700647e-06,0.3207171314741036,0.16292134831460675,0.3207171314741036,0.16292134831460675,0.15779578315949683
3,PLSCR1,5.3930283,1.4781947,6.928005419476012e-08,1.765090335976948e-06,0.26693227091633465,0.11142322097378277,0.26693227091633465,0.11142322097378277,0.15550904994255188
3,VASP,5.3876233,0.9079251,7.13955176275016e-08,1.8088630588518773e-06,0.4103585657370518,0.24344569288389514,0.4103585657370518,0.24344569288389514,0.16691287285315667
3,SF3B5,5.334713,0.78695095,9.569592782439276e-08,2.4200436858701994e-06,0.5099601593625498,0.3661048689138577,0.5099601593625498,0.3661048689138577,0.1438552904486921
3,MYADM,5.3254004,1.2478787,1.0073084376816165e-07,2.537971222321062e-06,0.3107569721115538,0.16198501872659177,0.3107569721115538,0.16198501872659177,0.14877195338496202
3,VAMP5,5.292189,1.090492,1.2086089523897267e-07,3.0139644747013636e-06,0.34462151394422313,0.19709737827715357,0.34462151394422313,0.19709737827715357,0.14752413566706957
3,UQCRC1,5.292059,1.1942996,1.2094702197834997e-07,3.0139644747013636e-06,0.30876494023904383,0.1544943820224719,0.30876494023904383,0.1544943820224719,0.15427055821657193
3,CHMP4B,5.2546797,1.1771984,1.4828244644117894e-07,3.668378783696992e-06,0.30278884462151395,0.14700374531835206,0.30278884462151395,0.14700374531835206,0.1557850993031619
3,AHNAK,5.2209797,0.92194307,1.7797914112444316e-07,4.379248921072786e-06,0.3944223107569721,0.24672284644194756,0.3944223107569721,0.24672284644194756,0.14769946431502454
3,IER2,5.2111464,0.54467565,1.8767727790571057e-07,4.60956997676328e-06,0.7310756972111554,0.6137640449438202,0.7310756972111554,0.6137640449438202,0.1173116522673352
3,TNFRSF1B,5.11861,1.4393754,3.077956785916972e-07,7.452584728454285e-06,0.2589641434262948,0.11563670411985019,0.2589641434262948,0.11563670411985019,0.14332743930644462
3,ATP5I,5.110144,0.9014088,3.2191278978778236e-07,7.780603641313196e-06,0.398406374501992,0.26357677902621723,0.398406374501992,0.26357677902621723,0.13482959547577478
3,CHMP1B,5.0490937,0.92051625,4.4391083393128553e-07,1.0616543516927558e-05,0.37649402390438247,0.2340823970037453,0.37649402390438247,0.2340823970037453,0.14241162690063716
3,ATP5J2,4.992276,0.7903608,5.967189047715988e-07,1.4221279866598522e-05,0.4402390438247012,0.29775280898876405,0.4402390438247012,0.29775280898876405,0.14248623483593714
3,DYNLL1,4.9912014,0.75524384,6.000484590664552e-07,1.4275717346709951e-05,0.4581673306772908,0.31226591760299627,0.4581673306772908,0.31226591760299627,0.14590141307429455
3,COX5A,4.985992,0.77684885,6.16447289501112e-07,1.4640355105090756e-05,0.4760956175298805,0.3267790262172285,0.4760956175298805,0.3267790262172285,0.14931659131265201
3,PARVG,4.9653163,1.2906061,6.858926014528434e-07,1.6261370426111164e-05,0.2689243027888446,0.1254681647940075,0.2689243027888446,0.1254681647940075,0.1434561379948371
3,STX10,4.952422,1.3790392,7.329535595208688e-07,1.7316978907987864e-05,0.26095617529880477,0.1198501872659176,0.26095617529880477,0.1198501872659176,0.14110598803288715
3,UBL5,4.941775,0.6534853,7.741452484757692e-07,1.825859674125234e-05,0.5557768924302788,0.4199438202247191,0.5557768924302788,0.4199438202247191,0.13583307220555974
3,EIF4E2,4.9396586,1.2900269,7.825947566218579e-07,1.8426058614531193e-05,0.2689243027888446,0.12968164794007492,0.2689243027888446,0.12968164794007492,0.1392426548487697
3,LRRFIP1,4.9169316,0.7319581,8.791130017964491e-07,2.0627434969986788e-05,0.4581673306772908,0.33380149812734083,0.4581673306772908,0.33380149812734083,0.12436583254994998
3,UQCR10,4.9023447,0.74306923,9.469958439205028e-07,2.210628246936476e-05,0.46215139442231074,0.32256554307116103,0.46215139442231074,0.32256554307116103,0.1395858513511497
3,DOK2,4.87291,0.9402241,1.099663498461575e-06,2.5495763556861235e-05,0.350597609561753,0.21582397003745318,0.350597609561753,0.21582397003745318,0.13477363952429983
3,ANXA1,4.8648024,0.61320794,1.1457118760391558e-06,2.6428786113497822e-05,0.7131474103585658,0.5650749063670412,0.7131474103585658,0.5650749063670412,0.1480725039915246
3,IFI27L2,4.838038,1.1909819,1.3112715931629827e-06,3.0146001475140897e-05,0.2788844621513944,0.13670411985018727,0.2788844621513944,0.13670411985018727,0.14218034230120713
3,RGS19,4.796686,0.82140946,1.6131193696765452e-06,3.6837388147663716e-05,0.38645418326693226,0.24297752808988765,0.38645418326693226,0.24297752808988765,0.1434766551770446
3,LSMD1,4.7658515,1.1578544,1.8805756653276488e-06,4.28733577390891e-05,0.2868525896414343,0.1502808988764045,0.2868525896414343,0.1502808988764045,0.13657169076502979
3,TGFB1,4.738566,1.0511053,2.1523577405279268e-06,4.872582221800146e-05,0.30876494023904383,0.17462546816479402,0.30876494023904383,0.17462546816479402,0.1341394720742498
3,C14orf2,4.7383056,1.189451,2.1551257044283013e-06,4.872582221800146e-05,0.27689243027888444,0.14325842696629212,0.27689243027888444,0.14325842696629212,0.13363400331259231
3,SH3BGRL,4.7171087,0.615507,2.392196553249655e-06,5.372999363680476e-05,0.547808764940239,0.41853932584269665,0.547808764940239,0.41853932584269665,0.12926943909754235
3,CYC1,4.715741,0.99553466,2.408321959102905e-06,5.400335742776564e-05,0.3107569721115538,0.16666666666666666,0.3107569721115538,0.16666666666666666,0.14409030544488713
3,ARL6IP4,4.657947,0.56262076,3.1937866497900263e-06,7.06877641645585e-05,0.599601593625498,0.47846441947565543,0.599601593625498,0.47846441947565543,0.1211371741498426
3,PHPT1,4.6262984,1.1403512,3.7225919263033978e-06,8.17294458932463e-05,0.2729083665338645,0.13857677902621723,0.2729083665338645,0.13857677902621723,0.1343315875076473
3,FIBP,4.6126227,1.1485413,3.976193161596866e-06,8.71571329289997e-05,0.28087649402390436,0.14700374531835206,0.28087649402390436,0.14700374531835206,0.1338727487055523
3,CSNK2B,4.5755367,0.68043435,4.750006773815141e-06,0.000103454692987591,0.450199203187251,0.3169475655430712,0.450199203187251,0.3169475655430712,0.1332516376441798
3,NDUFB10,4.574169,0.7343756,4.781134199145995e-06,0.00010380153994203134,0.4362549800796813,0.30758426966292135,0.4362549800796813,0.30758426966292135,0.12867071041675993
3,ANAPC11,4.5663548,0.8576293,4.962787558351326e-06,0.0001075743284076916,0.3565737051792829,0.22144194756554308,0.3565737051792829,0.22144194756554308,0.1351317576137398
3,SDHB,4.5287476,0.96602637,5.9334339213498995e-06,0.00012700152606575897,0.32270916334661354,0.19147940074906367,0.32270916334661354,0.19147940074906367,0.13122976259754987
3,ARPC5,4.5077786,0.5048169,6.550984719617727e-06,0.00014000038705962392,0.6135458167330677,0.5074906367041199,0.6135458167330677,0.5074906367041199,0.10605518002894787
3,MT-ND3,4.4926705,0.9543679,7.033549017575216e-06,0.0001496108183551513,0.31274900398406374,0.18117977528089887,0.31274900398406374,0.18117977528089887,0.13156922870316487
3,LSP1,4.4560404,0.5097324,8.348731014316939e-06,0.00017648648720048317,0.6314741035856574,0.5262172284644194,0.6314741035856574,0.5262172284644194,0.10525687512123794
3,C19orf53,4.441388,0.6017504,8.938036037801522e-06,0.00018807060112822433,0.5219123505976095,0.3904494382022472,0.5219123505976095,0.3904494382022472,0.13146291239536234
3,SNF8,4.3797193,1.0205363,1.1883242425160422e-05,0.0002455031143086093,0.29282868525896416,0.16713483146067415,0.29282868525896416,0.16713483146067415,0.12569385379829
3,OXA1L,4.3581967,0.8946042,1.3113851292468434e-05,0.0002696179992317265,0.3107569721115538,0.17883895131086142,0.3107569721115538,0.17883895131086142,0.13191802080069237
3,CLTB,4.3553963,1.0013552,1.3282627351796142e-05,0.0002716593830980725,0.2948207171314741,0.16713483146067415,0.2948207171314741,0.16713483146067415,0.12768588567079997
3,METTL9,4.3025513,0.82863986,1.6884270151088795e-05,0.0003405784241998059,0.3466135458167331,0.2298689138576779,0.3466135458167331,0.2298689138576779,0.11674463195905518
3,SPINT2,4.241338,1.03744,2.22191488001974e-05,0.0004423100525007226,0.2589641434262948,0.13155430711610486,0.2589641434262948,0.13155430711610486,0.12740983631018996
3,OAS1,4.219457,0.89256555,2.4489118430334708e-05,0.00048257345062720165,0.29880478087649404,0.1704119850187266,0.29880478087649404,0.1704119850187266,0.12839279585776744
3,TMEM14C,4.2184153,1.1509271,2.4602536746927363e-05,0.0004841098585245534,0.250996015936255,0.1306179775280899,0.250996015936255,0.1306179775280899,0.12037803840816508
3,NAAA,4.1875806,0.99137515,2.8194380527557376e-05,0.0005516081095763947,0.27689243027888444,0.15823970037453183,0.27689243027888444,0.15823970037453183,0.1186527299043526
3,IFI35,4.1406612,1.0278636,3.463060118438507e-05,0.0006708021131545568,0.2749003984063745,0.1596441947565543,0.2749003984063745,0.1596441947565543,0.11525620364982017
3,MRPL54,4.11025,0.8246075,3.95231046026698e-05,0.0007591104310183668,0.32270916334661354,0.20318352059925093,0.32270916334661354,0.20318352059925093,0.1195256427473626
3,CKLF,4.1091104,0.8554515,3.9718626275403385e-05,0.0007617943264282425,0.31274900398406374,0.19335205992509363,0.31274900398406374,0.19335205992509363,0.11939694405897011
3,MYO1F,4.0968027,0.78267425,4.188958923476556e-05,0.0007980545392495699,0.3386454183266932,0.21348314606741572,0.3386454183266932,0.21348314606741572,0.12516227225927748
3,SSR3,4.077494,0.91555125,4.552364651518378e-05,0.0008610400509852489,0.28087649402390436,0.15777153558052434,0.28087649402390436,0.15777153558052434,0.12310495844338001
3,SMS,4.0483856,0.98098946,5.1572178775253173e-05,0.0009700684205989771,0.2649402390438247,0.1451310861423221,0.2649402390438247,0.1451310861423221,0.1198091529015026
3,COX17,4.020839,0.9059079,5.799114024088883e-05,0.001083347484445387,0.2848605577689243,0.17088014981273408,0.2848605577689243,0.17088014981273408,0.11398040795619024
3,FLNA,3.9916327,0.8330233,6.561993210999324e-05,0.0012158830297070119,0.30876494023904383,0.1900749063670412,0.30876494023904383,0.1900749063670412,0.11869003387200264
3,TMEM179B,3.928824,0.96382856,8.536230231902343e-05,0.0015522071910367295,0.25697211155378485,0.13904494382022473,0.25697211155378485,0.13904494382022473,0.11792716773356013
3,PCBP1,3.921856,0.5268895,8.786948740821529e-05,0.00159143994701139,0.549800796812749,0.4386704119850187,0.549800796812749,0.4386704119850187,0.11113038482773024
3,NEDD8,3.9103296,0.50813323,9.217022745903358e-05,0.0016583354758637186,0.5876494023904383,0.48174157303370785,0.5876494023904383,0.48174157303370785,0.10590782935673043
3,NDUFA2,3.8722017,0.71282,0.00010785669131394048,0.001925347681808067,0.3466135458167331,0.23689138576779026,0.3466135458167331,0.23689138576779026,0.10972216004894284
3,ZFAND5,3.8608055,0.9453581,0.00011301385318336037,0.002005109531168838,0.2649402390438247,0.1540262172284644,0.2649402390438247,0.1540262172284644,0.11091402181536028
3,CAST,3.8607078,0.9527853,0.00011305904649970746,0.002005109531168838,0.25697211155378485,0.14232209737827714,0.25697211155378485,0.14232209737827714,0.11465001417550771
3,BAG1,3.841302,0.9154422,0.00012238350712340604,0.0021564763526157843,0.2689243027888446,0.15589887640449437,0.2689243027888446,0.15589887640449437,0.11302542638435023
3,ATP5G3,3.8401947,0.50073946,0.00012293672127283297,0.00216343281662604,0.5079681274900398,0.4143258426966292,0.5079681274900398,0.4143258426966292,0.09364228479341064
3,ATP5EP2,3.825738,0.6817068,0.00013038088660403198,0.0022739225893546114,0.3745019920318725,0.2607677902621723,0.3745019920318725,0.2607677902621723,0.11373420176970023
3,FIS1,3.7737393,0.6064924,0.00016081886581968257,0.002783450483692757,0.42231075697211157,0.31086142322097376,0.42231075697211157,0.31086142322097376,0.1114493337511378
3,SRSF9,3.7178984,0.630253,0.00020088710668286913,0.003437737254212106,0.398406374501992,0.28558052434456926,0.398406374501992,0.28558052434456926,0.11282585015742275
3,IDH3G,3.70406,0.8750824,0.00021217589613572573,0.003617320895916942,0.2868525896414343,0.1793071161048689,0.2868525896414343,0.1793071161048689,0.10754547353656538
3,SHKBP1,3.6534941,0.90239555,0.0002586958182398535,0.00432405152250115,0.25298804780876494,0.14559925093632958,0.25298804780876494,0.14559925093632958,0.10738879687243535
3,PSMB4,3.641219,0.84884936,0.00027135041582491,0.004518977168908501,0.2649402390438247,0.1605805243445693,0.2649402390438247,0.1605805243445693,0.1043597146992554
3,PSMB7,3.6350648,0.63278097,0.0002779106797816167,0.004616968665569049,0.4063745019920319,0.2940074906367041,0.4063745019920319,0.2940074906367041,0.11236701135532778
3,PRDX6,3.6218128,0.6098119,0.0002925457457681549,0.004824884908466091,0.3745019920318725,0.26591760299625467,0.3745019920318725,0.26591760299625467,0.10858438903561785
3,HN1,3.5937133,0.6708119,0.0003259985391813673,0.00533154018091108,0.3346613545816733,0.22378277153558052,0.3346613545816733,0.22378277153558052,0.11087858304609277
3,ATF4,3.5798426,0.70563084,0.00034380121780001053,0.005589225512234457,0.32270916334661354,0.2205056179775281,0.32270916334661354,0.2205056179775281,0.10220354536908544
3,UQCRQ,3.5730376,0.6122026,0.0003528641959242564,0.005722937600405755,0.3804780876494024,0.272940074906367,0.3804780876494024,0.272940074906367,0.10753801274303537
3,JTB,3.5384583,0.5051627,0.000402470594893246,0.0064132303895707895,0.5099601593625498,0.40823970037453183,0.5099601593625498,0.40823970037453183,0.10172045898801796
3,PGAM1,3.5372212,0.7114901,0.00040436089220556283,0.0064358418927263,0.3187250996015936,0.21769662921348315,0.3187250996015936,0.21769662921348315,0.10102847038811047
3,HLA-DQB1,3.5180757,0.5069608,0.00043468831896831457,0.00684671705170854,0.34063745019920316,0.21722846441947566,0.34063745019920316,0.21722846441947566,0.1234089857797275
3,SQSTM1,3.4854178,0.7299099,0.0004913692967674213,0.007703948469180143,0.29282868525896416,0.18726591760299627,0.29282868525896416,0.18726591760299627,0.10556276765596789
3,ZNF706,3.441722,0.5752287,0.0005780243781530899,0.008929299669749542,0.39641434262948205,0.29353932584269665,0.39641434262948205,0.29353932584269665,0.1028750167867854
3,WASF2,3.4309444,0.7495476,0.000601483999846943,0.009249848538186771,0.27689243027888444,0.17696629213483145,0.27689243027888444,0.17696629213483145,0.09992613814405299
3,MIR142,3.4205902,0.80604106,0.0006248541886316805,0.009576889786705083,0.250996015936255,0.14794007490636704,0.250996015936255,0.14794007490636704,0.10305594102988794
3,RTN4,3.4113104,0.64272356,0.0006465142848363181,0.009875614176425906,0.3286852589641434,0.22237827715355804,0.3286852589641434,0.22237827715355804,0.10630698181058537
3,BAX,3.3976026,0.5355778,0.0006797909406358185,0.010349191845398816,0.3944223107569721,0.2860486891385768,0.3944223107569721,0.2860486891385768,0.10837362161839531
3,NDUFB7,3.3833737,0.5918778,0.000716011223381841,0.010864276962780469,0.3665338645418327,0.26825842696629215,0.3665338645418327,0.26825842696629215,0.09827543757554053
3,AURKAIP1,3.3737032,0.61201066,0.0007416425150226685,0.01124069942857887,0.3665338645418327,0.2696629213483146,0.3665338645418327,0.2696629213483146,0.09687094319351808
3,ENY2,3.3532555,0.7292217,0.0007986695547952348,0.012038224547774534,0.2788844621513944,0.17696629213483145,0.2788844621513944,0.17696629213483145,0.10191817001656295
3,ALKBH7,3.3526042,0.67786986,0.0008005508597802856,0.012053277333141764,0.3187250996015936,0.21769662921348315,0.3187250996015936,0.21769662921348315,0.10102847038811047
3,MRPL20,3.3205,0.6272586,0.0008985642666608977,0.013396062909957663,0.3346613545816733,0.23548689138576778,0.3346613545816733,0.23548689138576778,0.0991744631959055
3,ATP5H,3.311383,0.52067286,0.000928360835000346,0.013765141761959528,0.43227091633466136,0.3398876404494382,0.43227091633466136,0.3398876404494382,0.09238327588522316
3,C1orf43,3.2592864,0.6628242,0.0011169284413633667,0.01628578337723351,0.30677290836653387,0.20880149812734083,0.30677290836653387,0.20880149812734083,0.09797141023919304
3,SCAND1,3.256291,0.5726402,0.0011287804963061678,0.016416002617206632,0.37649402390438247,0.28370786516853935,0.37649402390438247,0.28370786516853935,0.09278615873584312
3,OSTF1,3.2427783,0.53132004,0.0011837026163864148,0.017141721027967,0.3904382470119522,0.29213483146067415,0.3904382470119522,0.29213483146067415,0.09830341555127803
3,XAF1,3.187035,0.6884835,0.0014373932784510547,0.020532471349924274,0.2868525896414343,0.19382022471910113,0.2868525896414343,0.19382022471910113,0.09303236492233316
3,HADHA,3.166522,0.70249873,0.001542736160455251,0.021764054759480275,0.28286852589641437,0.19147940074906367,0.28286852589641437,0.19147940074906367,0.0913891251473507
3,EIF6,3.1395297,0.61778563,0.0016921930581134663,0.023604278244736973,0.3047808764940239,0.20692883895131087,0.3047808764940239,0.20692883895131087,0.09785203754271304
3,ERGIC3,3.1031272,0.544023,0.0019148731750012833,0.026413131927421705,0.3386454183266932,0.23595505617977527,0.3386454183266932,0.23595505617977527,0.10269036214691793
3,POLR2J,3.0764604,0.55823225,0.002094741867062259,0.02860579493660221,0.3286852589641434,0.23735955056179775,0.3286852589641434,0.23735955056179775,0.09132570840234566
3,CHMP2A,2.993106,0.56261677,0.002761538768744979,0.037076398411328086,0.3346613545816733,0.24765917602996254,0.3346613545816733,0.24765917602996254,0.08700217855171075
3,RAB5C,2.9917383,0.51929,0.00277393853402251,0.03717458745889244,0.3565737051792829,0.2645131086142322,0.3565737051792829,0.2645131086142322,0.09206059656505067
3,MSN,2.9337485,0.5126739,0.003348954501016391,0.04359706641170623,0.3605577689243028,0.26825842696629215,0.3605577689243028,0.26825842696629215,0.09229934195801065
4,LST1,20.800634,5.176203,4.271308136515043e-96,5.8328983912249425e-92,1.0,0.3121199837859749,1.0,0.3121199837859749,0.6878800162140251
4,FCER1G,20.54466,4.8471103,8.590905356679723e-94,5.865870177540914e-90,1.0,0.3137413862991488,1.0,0.3137413862991488,0.6862586137008513
4,AIF1,20.249184,4.8821406,3.6117100401167623e-91,1.6440504102611504e-87,1.0,0.33117146331576813,1.0,0.33117146331576813,0.6688285366842319
4,COTL1,20.163738,3.6697845,2.0387796368462587e-90,6.960393680193127e-87,1.0,0.603972436157276,1.0,0.603972436157276,0.396027563842724
4,FCGR3A,19.75411,5.5800724,7.394721339793278e-87,2.01964629232434e-83,0.9590643274853801,0.13254965545196595,0.9590643274853801,0.13254965545196595,0.8265146720334141
4,FTH1,19.39904,2.9737444,7.862597392076729e-84,1.7895271664366637e-80,1.0,0.9890555330360762,1.0,0.9890555330360762,0.010944466963923816
4,IFITM3,19.313179,4.8395777,4.161481567007511e-83,8.11845603986494e-80,0.9824561403508771,0.1734900689096068,0.9824561403508771,0.1734900689096068,0.8089660714412703
4,SAT1,18.930077,3.6163049,6.446785268923011e-80,1.100466245405158e-76,0.9941520467836257,0.5630320226996351,0.9941520467836257,0.5630320226996351,0.4311200240839905
4,IFITM2,18.899502,2.9033,1.1513478080244653e-79,1.7469784073757886e-76,0.9941520467836257,0.6895014187271991,0.9941520467836257,0.6895014187271991,0.3046506280564266
4,SERPINA1,18.35345,4.2461824,3.097947227148939e-75,4.230556733394591e-72,0.9532163742690059,0.19781110660721524,0.9532163742690059,0.19781110660721524,0.7554052676617906
4,PSAP,18.279375,3.3923435,1.2080368360737013e-74,1.499722821220224e-71,0.9941520467836257,0.4758816376165383,0.9941520467836257,0.4758816376165383,0.5182704091670873
4,FTL,18.271536,3.1625996,1.3946951797250498e-74,1.5871631145271068e-71,1.0,0.9890555330360762,1.0,0.9890555330360762,0.010944466963923816
4,CTSS,18.091768,3.4930396,3.700198607248985e-73,3.886916321584011e-70,1.0,0.48966355897851643,1.0,0.48966355897851643,0.5103364410214836
4,S100A11,18.076195,3.3589263,4.9080123265850845e-73,4.787415452274708e-70,0.9883040935672515,0.4945277665180381,0.9883040935672515,0.4945277665180381,0.49377632704921337
4,OAZ1,17.747755,2.015903,1.793821842011764e-70,1.63309540496751e-67,1.0,0.905958654235914,1.0,0.905958654235914,0.09404134576408596
4,CD68,17.382095,4.025684,1.1275781715194257e-67,9.623879693918298e-65,0.935672514619883,0.17308471828131333,0.935672514619883,0.17308471828131333,0.7625877963385697
4,CEBPB,17.269917,3.6077309,7.925813971704006e-67,6.3667597410347e-64,0.9298245614035088,0.2821240372922578,0.9298245614035088,0.2821240372922578,0.647700524111251
4,CFD,17.240534,4.121818,1.3181335150085835e-66,1.0000239600531786e-63,0.9415204678362573,0.18078638021888935,0.9415204678362573,0.18078638021888935,0.7607340876173679
4,SPI1,16.832514,4.006416,1.4098495724952696e-63,9.168050362854954e-61,0.8888888888888888,0.16700445885691123,0.8888888888888888,0.16700445885691123,0.7218844300319776
4,TIMP1,16.751066,3.626944,5.562012672262394e-63,3.4524929569279655e-60,0.9122807017543859,0.28860964734495337,0.9122807017543859,0.28860964734495337,0.6236710544094326
4,S100A4,16.718155,2.55081,9.666573479473899e-63,5.524284345280325e-60,1.0,0.7997567896230239,1.0,0.7997567896230239,0.20024321037697612
4,RP11-290F20.3,16.717896,4.9943585,9.708759833533084e-63,5.524284345280325e-60,0.8187134502923976,0.06688285366842318,0.8187134502923976,0.06688285366842318,0.7518305966239744
4,CST3,16.696457,4.558225,1.3908373301384124e-62,7.597309832148063e-60,1.0,0.35630320226996354,1.0,0.35630320226996354,0.6436967977300365
4,MS4A7,16.512848,5.1441736,2.9655400334985714e-61,1.499904248053944e-58,0.8011695906432749,0.07053100932306446,0.8011695906432749,0.07053100932306446,0.7306385813202104
4,RHOC,16.45533,4.129711,7.680176621508635e-61,3.74573185511864e-58,0.8538011695906432,0.14187271990271585,0.8538011695906432,0.14187271990271585,0.7119284496879273
4,ACTB,16.448322,1.2649531,8.622363926131532e-61,4.060241440525938e-58,0.9941520467836257,0.9927036886907175,0.9941520467836257,0.9927036886907175,0.0014483580929082196
4,TYMP,16.245714,3.4528847,2.3953540882923212e-59,1.055192110636127e-56,0.9766081871345029,0.3052290231049858,0.9766081871345029,0.3052290231049858,0.6713791640295171
4,TYROBP,16.08858,4.2180924,3.0679333683933057e-58,1.269566608447848e-55,1.0,0.35589785164167004,1.0,0.35589785164167004,0.64410214835833
4,NPC2,16.080378,3.0764167,3.502348671745192e-58,1.4067080429809513e-55,0.9649122807017544,0.3802188893392785,0.9649122807017544,0.3802188893392785,0.5846933913624759
4,ARPC3,15.900455,1.8320365,6.290617872511974e-57,2.4544193619149574e-54,1.0,0.8046209971625456,1.0,0.8046209971625456,0.19537900283745435
4,STXBP2,15.743996,3.5229616,7.55206208992976e-56,2.8647488861133554e-53,0.8830409356725146,0.2002432103769761,0.8830409356725146,0.2002432103769761,0.6827977252955385
4,LGALS1,15.579283,3.4990757,1.0067849071989499e-54,3.715852619651043e-52,0.9941520467836257,0.44102148358329957,0.9941520467836257,0.44102148358329957,0.553130563200326
4,HCK,15.482261,4.130568,4.57119999310016e-54,1.642744923836205e-51,0.7953216374269005,0.1053911633563032,0.7953216374269005,0.1053911633563032,0.6899304740705974
4,YBX1,15.238955,1.6811727,1.9496421332662474e-52,6.82674691586766e-50,0.9941520467836257,0.8054316984191325,0.9941520467836257,0.8054316984191325,0.18872034836449314
4,IFI30,14.834414,3.811323,8.776777025475133e-50,2.9233089526802055e-47,0.7953216374269005,0.12201053911633564,0.7953216374269005,0.12201053911633564,0.6733110983105649
4,TMSB4X,14.795273,0.70934546,1.5714635184549892e-49,5.109501382862222e-47,1.0,1.0,1.0,1.0,0.0
4,S100A6,14.738119,2.241552,3.668624792986604e-49,1.1650869807680248e-46,0.9883040935672515,0.7685447912444264,0.9883040935672515,0.7685447912444264,0.21975930232282503
4,LY6E,14.400283,2.0645714,5.153221918548981e-47,1.436171398361324e-44,0.9590643274853801,0.6481556546412647,0.9590643274853801,0.6481556546412647,0.3109086728441154
4,NEAT1,14.230535,2.1788325,5.922754718421247e-46,1.5554065083607798e-43,0.9707602339181286,0.6169436562626672,0.9707602339181286,0.6169436562626672,0.3538165776554614
4,MYL6,14.104547,1.5361488,3.5607044239861697e-45,9.004625854436136e-43,1.0,0.8423186055938386,1.0,0.8423186055938386,0.15768139440616136
4,HLA-DPA1,13.830405,2.8925936,1.6707651754151735e-43,4.0742802206195733e-41,0.9766081871345029,0.4600729631130928,0.9766081871345029,0.4600729631130928,0.51653522402141
4,PILRA,13.821373,4.1009097,1.894226493005456e-43,4.538167892716229e-41,0.7076023391812866,0.07701661937576003,0.7076023391812866,0.07701661937576003,0.6305857198055266
4,PFN1,13.804502,1.2074677,2.3942211993552357e-43,5.637152534206051e-41,0.9941520467836257,0.9420348601540333,0.9941520467836257,0.9420348601540333,0.052117186629592416
4,FKBP1A,13.704678,2.3277223,9.518975469091825e-43,2.2032394746765756e-40,0.9181286549707602,0.43453587353060397,0.9181286549707602,0.43453587353060397,0.48359278144015627
4,BRI3,13.689675,3.1891925,1.1703166744517385e-42,2.663640751052157e-40,0.7953216374269005,0.1641670044588569,0.7953216374269005,0.1641670044588569,0.6311546329680436
4,BID,13.684743,3.2534063,1.2524853367135609e-42,2.8039245505180964e-40,0.7719298245614035,0.1674098094852047,0.7719298245614035,0.1674098094852047,0.6045200150761988
4,CFP,13.651313,3.2238872,1.982741757587843e-42,4.367148619616062e-40,0.8011695906432749,0.16700445885691123,0.8011695906432749,0.16700445885691123,0.6341651317863637
4,ABI3,13.425812,3.371203,4.268796607127181e-41,8.968413302604428e-39,0.7543859649122807,0.13700851236319417,0.7543859649122807,0.13700851236319417,0.6173774525490865
4,PYCARD,13.376289,2.6197584,8.31987457695448e-41,1.6639471150044498e-38,0.9005847953216374,0.3348196189704094,0.9005847953216374,0.3348196189704094,0.5657651763512279
4,ARPC2,13.37551,1.5643488,8.407465651384522e-41,1.6639471150044498e-38,0.9941520467836257,0.7888123226591002,0.9941520467836257,0.7888123226591002,0.2053397241245255
4,SRGN,13.319965,2.2254689,1.7718887380949505e-40,3.408015860200654e-38,0.9707602339181286,0.5731657884069721,0.9707602339181286,0.5731657884069721,0.3975944455111565
4,PRELID1,13.181831,2.3458982,1.116479712800462e-39,2.032886261067081e-37,0.9298245614035088,0.43818402918524524,0.9298245614035088,0.43818402918524524,0.49164053221826354
4,FGR,13.054131,3.004399,6.019362119177555e-39,1.0405115075884645e-36,0.783625730994152,0.1767328739359546,0.783625730994152,0.1767328739359546,0.6068928570581974
4,TKT,12.9834795,2.5801044,1.5182348683240162e-38,2.5596315261521934e-36,0.8654970760233918,0.31576813944061616,0.8654970760233918,0.31576813944061616,0.5497289365827756
4,LRRC25,12.977199,4.2232814,1.6479943653798737e-38,2.7169646128008303e-36,0.6549707602339181,0.06485610052695581,0.6549707602339181,0.06485610052695581,0.5901146597069623
4,FAM26F,12.973772,2.995474,1.7233594349767957e-38,2.8016900528622767e-36,0.7777777777777778,0.19132549655451966,0.7777777777777778,0.19132549655451966,0.5864522812232581
4,CYBA,12.880229,1.6226555,5.816293072216444e-38,8.924415527436828e-36,0.9941520467836257,0.8370490474260235,0.9941520467836257,0.8370490474260235,0.1571029993576022
4,LILRA5,12.787152,3.7869196,1.934320418611357e-37,2.902756004017219e-35,0.672514619883041,0.08147547628698824,0.672514619883041,0.08147547628698824,0.5910391435960527
4,ANXA2,12.770386,2.3449626,2.3996355896876946e-37,3.5235939368575436e-35,0.9064327485380117,0.4049452776651804,0.9064327485380117,0.4049452776651804,0.5014874708728313
4,C10orf54,12.7254305,2.3968003,4.271141113582165e-37,6.139652952324005e-35,0.8654970760233918,0.3384677746250507,0.8654970760233918,0.3384677746250507,0.5270293013983411
4,RHOG,12.615847,2.3215652,1.726916417401173e-36,2.4565386037531687e-34,0.8947368421052632,0.35589785164167004,0.8947368421052632,0.35589785164167004,0.5388389904635931
4,ARPC1B,12.396367,1.618762,2.7344074224994736e-35,3.771825026429577e-33,0.9883040935672515,0.7312525334414268,0.9883040935672515,0.7312525334414268,0.25705156012582464
4,VASP,12.300281,2.567949,9.026014811515824e-35,1.232592582660601e-32,0.8070175438596491,0.23834616943656262,0.8070175438596491,0.23834616943656262,0.5686713744230865
4,WARS,12.231239,3.5416317,2.116847853846693e-34,2.8340857149147494e-32,0.6608187134502924,0.09971625456019456,0.6608187134502924,0.09971625456019456,0.5611024588900979
4,ANXA5,12.228072,2.5288484,2.2009953053423093e-34,2.918135134927629e-32,0.7953216374269005,0.27401702472638834,0.7953216374269005,0.27401702472638834,0.5213046127005122
4,GABARAP,12.190281,2.1347792,3.5021012921215108e-34,4.59852838896263e-32,0.9298245614035088,0.45926226185650587,0.9298245614035088,0.45926226185650587,0.4705622995470029
4,LYN,12.160173,3.217024,5.0651270793646995e-34,6.525412773189088e-32,0.6842105263157895,0.1195784353465748,0.6842105263157895,0.1195784353465748,0.5646320909692147
4,HES4,12.124043,5.61791,7.877492960734244e-34,1.0053742417924003e-31,0.5730994152046783,0.018646128901499796,0.5730994152046783,0.018646128901499796,0.5544532863031786
4,ISG15,11.99681,2.274116,3.692577802868114e-33,4.626224080363942e-31,0.8888888888888888,0.41751114714227805,0.8888888888888888,0.41751114714227805,0.4713777417466108
4,HLA-DRB1,11.928651,2.6322649,8.392284969223955e-33,1.0418640321792938e-30,0.9532163742690059,0.42561815970814754,0.9532163742690059,0.42561815970814754,0.5275982145608583
4,CALM2,11.908613,1.9392996,1.0673797150071379e-32,1.3131655304628356e-30,0.9005847953216374,0.5160113498175922,0.9005847953216374,0.5160113498175922,0.38457344550404515
4,CSTB,11.905343,2.352361,1.1100644714860465e-32,1.3534857520190582e-30,0.8304093567251462,0.3388731252533441,0.8304093567251462,0.3388731252533441,0.49153623147180203
4,LYZ,11.885565,2.2955122,1.406812930400758e-32,1.7001272015533408e-30,0.9883040935672515,0.5780299959464937,0.9883040935672515,0.5780299959464937,0.4102740976207577
4,CASP1,11.834173,2.578903,2.598930641458876e-32,3.1132453368212637e-30,0.7602339181286549,0.23794081880826914,0.7602339181286549,0.23794081880826914,0.5222930993203858
4,ASAH1,11.728794,2.7624948,9.07425977374836e-32,1.0682594092267898e-29,0.7134502923976608,0.21402513173895418,0.7134502923976608,0.21402513173895418,0.49942516065870657
4,EMP3,11.705797,1.6084721,1.1903515593087183e-31,1.3893539225572526e-29,0.9883040935672515,0.7166599108228617,0.9883040935672515,0.7166599108228617,0.27164418274438973
4,DRAP1,11.688096,2.0368037,1.4663780258421553e-31,1.6970218916017348e-29,0.8888888888888888,0.4373733279286583,0.8888888888888888,0.4373733279286583,0.45151556096023054
4,LILRB2,11.685967,3.8511653,1.5035801223744208e-31,1.7254529538777387e-29,0.6023391812865497,0.06526145115524928,0.6023391812865497,0.06526145115524928,0.5370777301313004
4,CARD16,11.526549,2.426429,9.695265843306679e-31,1.0343636746577814e-28,0.7777777777777778,0.2525334414268342,0.7777777777777778,0.2525334414268342,0.5252443363509436
4,RGS2,11.3929825,2.5042784,4.532073728557001e-30,4.760769141321107e-28,0.7719298245614035,0.2432103769760843,0.7719298245614035,0.2432103769760843,0.5287194475853192
4,TPI1,11.3353615,1.8993291,8.766959670370204e-30,9.13905353118897e-28,0.9064327485380117,0.48074584515606,0.9064327485380117,0.48074584515606,0.4256869033819517
4,MT2A,11.29212,2.4261718,1.43533103439327e-29,1.4849151973995829e-27,0.7777777777777778,0.2853668423186056,0.7777777777777778,0.2853668423186056,0.4924109354591722
4,MT-CO1,11.044505,0.5970057,2.3304940623913744e-28,2.323009263942818e-26,0.9883040935672515,0.9951357924604783,0.9883040935672515,0.9951357924604783,-0.0068316988932268785
4,RNASET2,11.0280485,1.8625435,2.7987082639886737e-28,2.769504351668792e-26,0.8830409356725146,0.473044183218484,0.8830409356725146,0.473044183218484,0.4099967524540306
4,CSF1R,10.983665,4.3566446,4.579585144979061e-28,4.435376931903125e-26,0.543859649122807,0.03891366031617349,0.543859649122807,0.03891366031617349,0.5049459888066336
4,LILRA3,10.951636,4.7880626,6.525809666869606e-28,6.275806817659955e-26,0.5321637426900585,0.029185245237130116,0.5321637426900585,0.029185245237130116,0.5029784974529284
4,C5AR1,10.93326,3.5306833,7.992477450826702e-28,7.632536508285974e-26,0.5789473684210527,0.06566680178354277,0.5789473684210527,0.06566680178354277,0.5132805666375099
4,MAFB,10.930923,3.4669042,8.200935841442406e-28,7.777220822967882e-26,0.5789473684210527,0.06485610052695581,0.5789473684210527,0.06485610052695581,0.5140912678940969
4,C1orf162,10.884671,2.1184175,1.3639008646396353e-27,1.284512428104749e-25,0.847953216374269,0.3571139035265505,0.847953216374269,0.3571139035265505,0.49083931284771853
4,FCN1,10.862401,2.770806,1.741095925530996e-27,1.628520956099403e-25,0.7485380116959064,0.2650993109039319,0.7485380116959064,0.2650993109039319,0.4834387007919745
4,SLC7A7,10.831929,3.0566378,2.4298012461377317e-27,2.257235769881419e-25,0.6140350877192983,0.10417511147142278,0.6140350877192983,0.10417511147142278,0.5098599762478755
4,NINJ1,10.828659,2.9465766,2.518153051060923e-27,2.323506626032971e-25,0.6257309941520468,0.12282124037292258,0.6257309941520468,0.12282124037292258,0.5029097537791243
4,HMOX1,10.82378,4.5157943,2.655935409585364e-27,2.4341915404897806e-25,0.5321637426900585,0.03729225780299959,0.5321637426900585,0.03729225780299959,0.4948714848870589
4,CDKN1C,10.808674,6.3716245,3.131653718461068e-27,2.851057545286956e-25,0.5029239766081871,0.008107012565869477,0.5029239766081871,0.008107012565869477,0.4948169640423176
4,NAAA,10.8053,2.7244415,3.2489546778042156e-27,2.938259939079097e-25,0.6608187134502924,0.14754762869882448,0.6608187134502924,0.14754762869882448,0.5132710847514679
4,HLA-DRB5,10.774101,2.270525,4.562172226268122e-27,4.0987515738103605e-25,0.847953216374269,0.31698419132549654,0.847953216374269,0.31698419132549654,0.5309690250487724
4,FGL2,10.755309,3.1489296,5.594607191129794e-27,4.961036091043407e-25,0.5964912280701754,0.09363599513579246,0.5964912280701754,0.09363599513579246,0.502855232934383
4,S100A9,10.634617,2.0977323,2.0567326860556197e-26,1.8004321513317653e-24,0.8771929824561403,0.32144304823672476,0.8771929824561403,0.32144304823672476,0.5557499342194155
4,ARRB2,10.615876,2.3388338,2.5142326807500456e-26,2.1869020056256447e-24,0.7134502923976608,0.2261856505877584,0.7134502923976608,0.2261856505877584,0.48726464180990237
4,HSBP1,10.58852,2.8696678,3.368773115468765e-26,2.8933311738894e-24,0.6198830409356725,0.13052290231049857,0.6198830409356725,0.13052290231049857,0.4893601386251739
4,PTPN6,10.583848,2.248394,3.5411120583851176e-26,3.0223391418316976e-24,0.7426900584795322,0.26428860964734496,0.7426900584795322,0.26428860964734496,0.4784014488321872
4,APOBEC3A,10.486982,3.2907014,9.914483243631398e-26,8.30626890644358e-24,0.5789473684210527,0.09404134576408593,0.5789473684210527,0.09404134576408593,0.4849060226569667
4,HN1,10.447945,2.3783247,1.4973454657584144e-25,1.2468140049022504e-23,0.695906432748538,0.2136197811106607,0.695906432748538,0.2136197811106607,0.4822866516378773
4,CTSC,10.4363165,2.3577409,1.6925044145390567e-25,1.4007781990875974e-23,0.7076023391812866,0.23753546817997567,0.7076023391812866,0.23753546817997567,0.4700668710013109
4,TNFSF10,10.432838,2.5206223,1.7556313736817492e-25,1.4442712071685522e-23,0.672514619883041,0.1848398865018241,0.672514619883041,0.1848398865018241,0.48767473338121686
4,CDA,10.4110365,2.800479,2.2080475259759798e-25,1.8055746715405977e-23,0.6140350877192983,0.11430887717875962,0.6140350877192983,0.11430887717875962,0.4997262105405387
4,HLA-DRA,10.386742,2.45773,2.849196863184368e-25,2.3159900216455792e-23,0.9707602339181286,0.5318200243210377,0.9707602339181286,0.5318200243210377,0.4389402095970909
4,C19orf38,10.356374,3.3553283,3.915233964886704e-25,3.163694380147505e-23,0.5555555555555556,0.0729631130928253,0.5555555555555556,0.0729631130928253,0.48259244246273025
4,ATP6V0B,10.353571,2.031127,4.031618439366455e-25,3.238575376940489e-23,0.8070175438596491,0.3052290231049858,0.8070175438596491,0.3052290231049858,0.5017885207546633
4,RPS19,10.2022505,0.587123,1.9372992427673548e-24,1.5381254918157557e-22,1.0,0.993109039319011,1.0,0.993109039319011,0.0068909606809890445
4,LGALS3,10.19353,2.40423,2.1192672656120377e-24,1.6728736288553748e-22,0.7017543859649122,0.21483583299554115,0.7017543859649122,0.21483583299554115,0.4869185529693711
4,PGLS,10.186729,2.1404314,2.2728206803308025e-24,1.7837723684251401e-22,0.7309941520467836,0.2683421159302797,0.7309941520467836,0.2683421159302797,0.46265203611650396
4,LILRB1,10.090694,4.3305755,6.073835051000154e-24,4.739673797511892e-22,0.49707602339181284,0.031211998378597488,0.49707602339181284,0.031211998378597488,0.46586402501321533
4,AP2S1,10.063129,2.0146809,8.040095888597642e-24,6.203138387270587e-22,0.8070175438596491,0.32184839886501826,0.8070175438596491,0.32184839886501826,0.4851691449946308
4,TNFRSF1B,10.033281,2.7302392,1.0883869271327835e-23,8.350006672429939e-22,0.5964912280701754,0.1114714227807053,0.5964912280701754,0.1114714227807053,0.4850198052894701
4,SH3BGRL3,9.9692745,1.2007593,2.0774004748849774e-23,1.5760544936127361e-21,0.9883040935672515,0.8496149169031212,0.9883040935672515,0.8496149169031212,0.13868917666413028
4,SLC31A2,9.922971,3.5690074,3.307634820061051e-23,2.4955282377211994e-21,0.52046783625731,0.05877584110255371,0.52046783625731,0.05877584110255371,0.46169199515475623
4,PLAUR,9.873966,2.920862,5.398660952348549e-23,4.0286401073919004e-21,0.5614035087719298,0.0899878394811512,0.5614035087719298,0.0899878394811512,0.4714156692907786
4,ITGB2,9.850607,1.7641009,6.813153799268581e-23,5.056545015370203e-21,0.8713450292397661,0.4434535873530604,0.8713450292397661,0.4434535873530604,0.4278914418867057
4,RAC1,9.810116,1.7957469,1.0185131277571483e-22,7.460862199631529e-21,0.8654970760233918,0.410620186461289,0.8654970760233918,0.410620186461289,0.45487688956210276
4,SIGLEC10,9.809805,4.488896,1.0216617101135735e-22,7.460862199631529e-21,0.47953216374269003,0.029185245237130116,0.47953216374269003,0.029185245237130116,0.4503469185055599
4,CTSL,9.733496,4.5518703,2.17004675335928e-22,1.5762850246741663e-20,0.47368421052631576,0.0263477908390758,0.47368421052631576,0.0263477908390758,0.44733641968724
4,BLVRA,9.674681,2.4278257,3.8629583116761096e-22,2.791140672182484e-20,0.6140350877192983,0.15605999189298744,0.6140350877192983,0.15605999189298744,0.4579750958263108
4,BLOC1S1,9.5995655,2.0098412,8.028205080735492e-22,5.770166767501257e-20,0.7368421052631579,0.28293473854884477,0.7368421052631579,0.28293473854884477,0.4539073667143131
4,CHCHD10,9.57252,2.2052295,1.0433105192027322e-21,7.459397094362571e-20,0.6666666666666666,0.1937576003242805,0.6666666666666666,0.1937576003242805,0.47290906634238616
4,NAP1L1,9.545682,1.5077524,1.3521480529904759e-21,9.617153026894761e-20,0.8771929824561403,0.5573571139035266,0.8771929824561403,0.5573571139035266,0.3198358685526137
4,ALDOA,9.494186,1.317677,2.219373652986835e-21,1.570350601305089e-19,0.9415204678362573,0.6911228212403729,0.9415204678362573,0.6911228212403729,0.25039764659588437
4,OAS1,9.485881,2.407892,2.403445976037739e-21,1.6918277447820292e-19,0.6081871345029239,0.1661937576003243,0.6081871345029239,0.1661937576003243,0.44199337690259966
4,HLA-DPB1,9.471397,1.9600857,2.761239390881148e-21,1.933717185737075e-19,0.9415204678362573,0.48925820835022293,0.9415204678362573,0.48925820835022293,0.4522622594860344
4,RBX1,9.399345,1.9550245,5.490358307244651e-21,3.805905230646343e-19,0.7251461988304093,0.2626672071341711,0.7251461988304093,0.2626672071341711,0.46247899169623824
4,LYST,9.330927,2.8205333,1.049490809747905e-20,7.165923248958695e-19,0.5380116959064327,0.09566274827725983,0.5380116959064327,0.09566274827725983,0.4423489476291729
4,SH3BGRL,9.295679,1.7448622,1.4626905619233135e-20,9.88836748199246e-19,0.8128654970760234,0.41751114714227805,0.8128654970760234,0.41751114714227805,0.39535434993374535
4,RNH1,9.27668,1.9809749,1.7484161155007326e-20,1.1761758853831528e-18,0.7192982456140351,0.2792865828942035,0.7192982456140351,0.2792865828942035,0.4400116627198316
4,SOD2,9.2430935,2.3922865,2.394711990680766e-20,1.6030483796439482e-18,0.5964912280701754,0.1755168220510742,0.5964912280701754,0.1755168220510742,0.4209744060191012
4,RHOA,9.211947,1.4909408,3.202617799689296e-20,2.1334121303686355e-18,0.8947368421052632,0.5447912444264289,0.8947368421052632,0.5447912444264289,0.34994559767883426
4,CD74,9.193727,1.3934381,3.794628431180345e-20,2.5155070803979997e-18,0.9883040935672515,0.8342115930279692,0.9883040935672515,0.8342115930279692,0.15409250053928225
4,OAZ2,9.189003,2.531921,3.965008216622715e-20,2.604436811589814e-18,0.5672514619883041,0.13498175922172678,0.5672514619883041,0.13498175922172678,0.43226970276657734
4,FCGRT,9.151004,2.0190501,5.640695073461481e-20,3.685613967616745e-18,0.6842105263157895,0.20226996351844345,0.6842105263157895,0.20226996351844345,0.48194056279734604
4,TSPO,9.128734,1.6673024,6.930496415678875e-20,4.50680281202432e-18,0.8947368421052632,0.44912849614916905,0.8947368421052632,0.44912849614916905,0.4456083459560941
4,TNFSF13B,9.098937,2.4124987,9.122008250165044e-20,5.903798325320087e-18,0.5730994152046783,0.13376570733684637,0.5730994152046783,0.13376570733684637,0.439333707867832
4,NACA,9.0726185,0.70610607,1.161906500295127e-19,7.484431683033138e-18,1.0,0.9704094041345764,1.0,0.9704094041345764,0.029590595865423563
4,CFL1,9.056267,0.8481512,1.3499205942767466e-19,8.61425964273049e-18,0.9941520467836257,0.9104175111471423,0.9941520467836257,0.9104175111471423,0.08373453563648336
4,TBXAS1,9.046507,2.8761408,1.4761447917166013e-19,9.375922453805538e-18,0.5146198830409356,0.0883664369679773,0.5146198830409356,0.0883664369679773,0.42625344607295834
4,TESC,9.006484,3.568661,2.1276861199956602e-19,1.3389715048230753e-17,0.4678362573099415,0.053506282934738546,0.4678362573099415,0.053506282934738546,0.41432997437520297
4,MAPKAPK3,9.000306,2.7995596,2.2508833156183966e-19,1.4100028696369185e-17,0.52046783625731,0.09120389136603162,0.52046783625731,0.09120389136603162,0.42926394489127834
4,RHOB,8.972379,2.6691687,2.9017934164094963e-19,1.8012223133858217e-17,0.5321637426900585,0.10174300770166193,0.5321637426900585,0.10174300770166193,0.43042073498839656
4,H3F3A,8.968848,1.735913,2.996302303494652e-19,1.8514707808381432e-17,0.7953216374269005,0.3571139035265505,0.7953216374269005,0.3571139035265505,0.43820773390035006
4,ATG3,8.954313,2.1585746,3.418561253668072e-19,2.1028771387428465e-17,0.6198830409356725,0.1844345358735306,0.6198830409356725,0.1844345358735306,0.4354485050621419
4,CPPED1,8.892436,3.0840497,5.978372664902269e-19,3.644672192495776e-17,0.49122807017543857,0.07661126874746656,0.49122807017543857,0.07661126874746656,0.414616801427972
4,GMFG,8.870737,1.2089257,7.266337890350111e-19,4.4101826769164944e-17,0.9181286549707602,0.6846372111876773,0.9181286549707602,0.6846372111876773,0.23349144378308295
4,RGS19,8.855423,1.9380887,8.336683092004356e-19,5.037422314354491e-17,0.6783625730994152,0.2419943250912039,0.6783625730994152,0.2419943250912039,0.4363682480082113
4,GNG5,8.763852,1.8534945,1.8868864388379088e-18,1.1351242823246909e-16,0.695906432748538,0.26550466153222535,0.695906432748538,0.26550466153222535,0.4304017712163127
4,AP1S2,8.75809,1.8165226,1.985858509028618e-18,1.1894247280392458e-16,0.7251461988304093,0.2683421159302797,0.7251461988304093,0.2683421159302797,0.45680408290012964
4,NCF2,8.708619,2.2664928,3.0759832653875664e-18,1.8343068765123408e-16,0.5730994152046783,0.1487636805837049,0.5730994152046783,0.1487636805837049,0.4243357346209734
4,SERF2,8.671918,0.96441174,4.249002225046561e-18,2.5210575962690606e-16,0.9883040935672515,0.8471828131333603,0.9883040935672515,0.8471828131333603,0.14112128043389116
4,STX11,8.671503,2.5926433,4.264530643952497e-18,2.5210575962690606e-16,0.5146198830409356,0.10701256586947709,0.5146198830409356,0.10701256586947709,0.40760731717145854
4,SERP1,8.665378,1.4302121,4.5001893896677204e-18,2.6489045821251033e-16,0.8830409356725146,0.5306039724361573,0.8830409356725146,0.5306039724361573,0.3524369632363573
4,TUBA1B,8.65728,1.6585474,4.831569244002757e-18,2.8317557766567233e-16,0.783625730994152,0.4077827320632347,0.783625730994152,0.4077827320632347,0.3758429989309173
4,CTSB,8.626912,2.1222663,6.303082763030547e-18,3.678414453501929e-16,0.5964912280701754,0.17308471828131333,0.5964912280701754,0.17308471828131333,0.4234065097888621
4,CAMK1,8.611286,3.9131029,7.224519937871906e-18,4.198214649854415e-16,0.4327485380116959,0.03486015403323875,0.4327485380116959,0.03486015403323875,0.39788838397845716
4,UNC119,8.525738,2.8767676,1.5183942702270894e-17,8.712265611017284e-16,0.47953216374269003,0.07580056749087961,0.47953216374269003,0.07580056749087961,0.40373159625181043
4,RNF130,8.511566,2.1353421,1.7160025714744502e-17,9.804908416759454e-16,0.5730994152046783,0.15281718686663964,0.5730994152046783,0.15281718686663964,0.4202822283380387
4,IFI6,8.459759,1.6268111,2.6793145424081535e-17,1.5245299746302391e-15,0.7894736842105263,0.3765707336846372,0.7894736842105263,0.3765707336846372,0.4129029505258891
4,LAMTOR4,8.429962,1.4659501,3.45778042175951e-17,1.9593132547530235e-15,0.8596491228070176,0.4969598702877989,0.8596491228070176,0.4969598702877989,0.36268925251921863
4,SPN,8.403591,2.4031792,4.3302864090741114e-17,2.433514041247575e-15,0.52046783625731,0.11917308471828131,0.52046783625731,0.11917308471828131,0.40129475153902866
4,FCGR2A,8.314149,3.0650394,9.241324979755098e-17,5.130062354615269e-15,0.4502923976608187,0.05999189298743413,0.4502923976608187,0.05999189298743413,0.39030050467338456
4,H2AFZ,8.280407,1.5372796,1.2275542021753538e-16,6.759467816494609e-15,0.8011695906432749,0.38832590190514793,0.8011695906432749,0.38832590190514793,0.41284368873812693
4,LGALS9,8.259435,2.2454376,1.4636409342140229e-16,8.027100641617147e-15,0.543859649122807,0.14957438184029184,0.543859649122807,0.14957438184029184,0.39428526728251523
4,PSME2,8.170356,1.3724457,3.0748189726228537e-16,1.6795891156055077e-14,0.847953216374269,0.5334414268342116,0.847953216374269,0.5334414268342116,0.31451178954005743
4,ATP1B3,8.155197,2.2696016,3.486094943232926e-16,1.896657870310312e-14,0.5321637426900585,0.13984596676124847,0.5321637426900585,0.13984596676124847,0.39231777592881
4,POU2F2,8.1122675,2.304212,4.96838604620741e-16,2.692392057420968e-14,0.5263157894736842,0.1345764085934333,0.5263157894736842,0.1345764085934333,0.39173938088025084
4,FAM110A,8.106038,3.4402037,5.229710104925232e-16,2.8228032092039116e-14,0.4269005847953216,0.053506282934738546,0.4269005847953216,0.053506282934738546,0.3733943018605831
4,ARPC5,8.090361,1.4596986,5.948819997632598e-16,3.198310468018534e-14,0.8596491228070176,0.5046615322253749,0.8596491228070176,0.5046615322253749,0.35498759058164264
4,MSN,8.089582,1.7261342,5.986971871061659e-16,3.2061995243614906e-14,0.6783625730994152,0.2586137008512363,0.6783625730994152,0.2586137008512363,0.41974887224817886
4,ADA,8.088544,2.737078,6.038216306968622e-16,3.221011011248574e-14,0.4678362573099415,0.08877178759627077,0.4678362573099415,0.08877178759627077,0.3790644697136707
4,CXCL16,8.073697,4.2110767,6.820071014332294e-16,3.623925672051432e-14,0.39766081871345027,0.027158492095662748,0.39766081871345027,0.027158492095662748,0.37050232661778754
4,VMP1,8.073074,2.4864285,6.854970412674362e-16,3.6283517812201976e-14,0.49122807017543857,0.11106607215241183,0.49122807017543857,0.11106607215241183,0.38016199802302675
4,PGK1,8.0510645,1.4498582,8.20770818569986e-16,4.32758544339449e-14,0.8011695906432749,0.45358735306039727,0.8011695906432749,0.45358735306039727,0.3475822375828776
4,LSP1,8.049663,1.411164,8.302246790420038e-16,4.360595468076001e-14,0.8713450292397661,0.5237130117551683,0.8713450292397661,0.5237130117551683,0.3476320174845978
4,MPEG1,8.023552,2.6090775,1.0273079173951447e-15,5.375063954003102e-14,0.4678362573099415,0.08390758005674909,0.4678362573099415,0.08390758005674909,0.3839286772531924
4,PSMB3,7.9742365,1.5531483,1.5332595226829375e-15,7.961289749717945e-14,0.7719298245614035,0.3554925010133766,0.7719298245614035,0.3554925010133766,0.41643732354802687
4,PTP4A2,7.9222217,1.8358858,2.3330403771886146e-15,1.2022641279580273e-13,0.6140350877192983,0.2107823267126064,0.6140350877192983,0.2107823267126064,0.40325276100669183
4,SLC11A1,7.908569,2.9253173,2.6036424135567594e-15,1.3366669473507935e-13,0.43859649122807015,0.06607215241183624,0.43859649122807015,0.06607215241183624,0.3725243388162339
4,S100A10,7.900886,1.3426516,2.769273336043135e-15,1.4163744073784664e-13,0.9298245614035088,0.6218078638021889,0.9298245614035088,0.6218078638021889,0.3080166976013199
4,COX5B,7.8606033,1.4082822,3.822874111136657e-15,1.940712597088557e-13,0.8362573099415205,0.48074584515606,0.8362573099415205,0.48074584515606,0.3555114647854605
4,GSTO1,7.8337135,1.7208824,4.736672008788191e-15,2.395703442667094e-13,0.6491228070175439,0.26753141467369274,0.6491228070175439,0.26753141467369274,0.38159139234385114
4,PSMB9,7.8033977,1.2987967,6.026229773331423e-15,3.0366861175134284e-13,0.8947368421052632,0.564653425212809,0.8947368421052632,0.564653425212809,0.33008341689245413
4,SLC25A5,7.7038846,1.3684208,1.3199117754283271e-14,6.626733531341631e-13,0.8245614035087719,0.48763680583704905,0.8245614035087719,0.48763680583704905,0.3369245976717229
4,MS4A4A,7.6701427,5.314853,1.7180548376919916e-14,8.594050133158181e-13,0.36257309941520466,0.011349817592217268,0.36257309941520466,0.011349817592217268,0.3512232818229874
4,TCIRG1,7.651091,2.702549,1.9928105152132605e-14,9.932051239325652e-13,0.43859649122807015,0.07417916497770571,0.43859649122807015,0.07417916497770571,0.36441732625036444
4,CD300LF,7.645277,3.5691292,2.0849582002362162e-14,1.0353523339063915e-12,0.391812865497076,0.03729225780299959,0.391812865497076,0.03729225780299959,0.3545206076940764
4,NFKBIZ,7.6387362,2.3337023,2.193639930017716e-14,1.0853748871131134e-12,0.47953216374269003,0.11593027969193352,0.47953216374269003,0.11593027969193352,0.3636018840507565
4,LYL1,7.597623,2.4957309,3.016196523815532e-14,1.481625170116004e-12,0.45614035087719296,0.09323064450749899,0.45614035087719296,0.09323064450749899,0.362909706369694
4,CAP1,7.590978,1.4465833,3.174990293078957e-14,1.554038259580152e-12,0.7660818713450293,0.3895419537900284,0.7660818713450293,0.3895419537900284,0.3765399175550009
4,COX8A,7.5770144,1.514375,3.535977757382312e-14,1.724546866243316e-12,0.7602339181286549,0.3611674098094852,0.7602339181286549,0.3611674098094852,0.39906650831916973
4,PPP1CA,7.5705256,1.3489355,3.717175753089595e-14,1.8064680457007653e-12,0.8421052631578947,0.4969598702877989,0.8421052631578947,0.4969598702877989,0.34514539287009577
4,CYBB,7.5679817,2.5661948,3.7906700637652376e-14,1.8356521415169532e-12,0.4444444444444444,0.08431293068504256,0.4444444444444444,0.08431293068504256,0.3601315137594019
4,SUPT4H1,7.5536027,1.6538357,4.233809769076828e-14,2.0430002193114194e-12,0.6432748538011696,0.26428860964734496,0.6432748538011696,0.26428860964734496,0.3789862441538246
4,EIF4A1,7.5033007,1.1390234,6.223048518953153e-14,2.9818228271868163e-12,0.935672514619883,0.6676124847993514,0.935672514619883,0.6676124847993514,0.26806002982053156
4,CLIC1,7.492711,1.2256525,6.746531272443802e-14,3.2213507362409982e-12,0.9239766081871345,0.6258613700851237,0.9239766081871345,0.6258613700851237,0.2981152381020108
4,MYO1G,7.4878316,1.7896065,7.002087024106949e-14,3.3317247526552088e-12,0.5964912280701754,0.209566274827726,0.5964912280701754,0.209566274827726,0.3869249532424494
4,POLD4,7.484561,1.5298694,7.178665424650679e-14,3.4038838555218636e-12,0.695906432748538,0.32468585326307253,0.695906432748538,0.32468585326307253,0.3712205794854655
4,CKB,7.42829,6.2784815,1.1001083162320644e-13,5.162570160297275e-12,0.34502923976608185,0.00526955816781516,0.34502923976608185,0.00526955816781516,0.3397596815982667
4,ADRBK1,7.422735,2.6620796,1.147259950708109e-13,5.365404755777376e-12,0.4269005847953216,0.07620591811917309,0.4269005847953216,0.07620591811917309,0.3506946666761485
4,TPPP3,7.4097056,4.3034673,1.2658011020779992e-13,5.899583566545104e-12,0.36257309941520466,0.02229428455614106,0.36257309941520466,0.02229428455614106,0.3402788148590636
4,COX6B1,7.396053,1.2249892,1.4029200270977305e-13,6.516420370764152e-12,0.8654970760233918,0.5557357113903526,0.8654970760233918,0.5557357113903526,0.30976136463303916
4,KLF4,7.386294,2.3907318,1.509780117124893e-13,6.989002467612725e-12,0.4502923976608187,0.0976895014187272,0.4502923976608187,0.0976895014187272,0.3526028962420915
4,HIGD2A,7.372693,1.366517,1.672150883759643e-13,7.714490698858678e-12,0.8421052631578947,0.47101743007701663,0.8421052631578947,0.47101743007701663,0.37108783308087806
4,CAPZB,7.3224435,1.2074739,2.4349600632385696e-13,1.1195897179658555e-11,0.8421052631578947,0.5403323875152006,0.8421052631578947,0.5403323875152006,0.30177287564269406
4,ATP5B,7.3177714,1.4174113,2.5212280796374364e-13,1.1553654582392226e-11,0.7485380116959064,0.38305634373733277,0.7485380116959064,0.38305634373733277,0.3654816679585736
4,UBE2L6,7.3066626,1.4727511,2.738592444554765e-13,1.250776535880932e-11,0.7134502923976608,0.3206323469801378,0.7134502923976608,0.3206323469801378,0.39281794541752296
4,TUBA1A,7.291245,1.3673298,3.071037536308977e-13,1.3979362865278462e-11,0.7719298245614035,0.44102148358329957,0.7719298245614035,0.44102148358329957,0.3309083409781039
4,GLRX,7.2861576,1.4409976,3.1891961365959943e-13,1.4468990844303952e-11,0.7134502923976608,0.35265504661532227,0.7134502923976608,0.35265504661532227,0.3607952457823385
4,ARHGDIB,7.2543364,0.7428786,4.036359531274612e-13,1.825182972155169e-11,0.9941520467836257,0.9096068098905553,0.9941520467836257,0.9096068098905553,0.08454523689307036
4,GPBAR1,7.2489896,3.3205323,4.198923323939834e-13,1.8924256406509035e-11,0.38011695906432746,0.04377786785569518,0.38011695906432746,0.04377786785569518,0.33633909120863226
4,IFNGR2,7.2124963,1.9915128,5.493536761275901e-13,2.4677545398678854e-11,0.49122807017543857,0.13417105796513984,0.49122807017543857,0.13417105796513984,0.35705701221029873
4,AP2A1,7.190434,3.0935318,6.458565789598712e-13,2.8917434236970496e-11,0.38596491228070173,0.047426023510336444,0.38596491228070173,0.047426023510336444,0.3385388887703653
4,SEC11A,7.1879425,1.4933692,6.577502122079008e-13,2.935371535265063e-11,0.6783625730994152,0.3060397243615728,0.6783625730994152,0.3060397243615728,0.3723228487378424
4,THEMIS2,7.1742897,2.4419763,7.268350579834162e-13,3.233113860528186e-11,0.4327485380116959,0.09485204702067289,0.4327485380116959,0.09485204702067289,0.337896490991023
4,CAPZA2,7.1559134,1.7388668,8.311763872868769e-13,3.685241800256361e-11,0.5497076023391813,0.18686663964329145,0.5497076023391813,0.18686663964329145,0.36284096269588983
4,ZNF706,7.1277776,1.5308233,1.020023717273303e-12,4.50791064177483e-11,0.6549707602339181,0.2894203486015403,0.6549707602339181,0.2894203486015403,0.3655504116323778
4,ZFAND5,7.050742,1.9516494,1.7796630472181497e-12,7.83970276542292e-11,0.49707602339181284,0.15281718686663964,0.49707602339181284,0.15281718686663964,0.3442588365251732
4,RNF149,7.023385,2.0735695,2.1655656622834188e-12,9.508991859852851e-11,0.4678362573099415,0.12201053911633564,0.4678362573099415,0.12201053911633564,0.34582571819360586
4,C20orf27,7.0084863,2.2721815,2.4090990570807797e-12,1.0544441257530489e-10,0.43859649122807015,0.10741791649777058,0.43859649122807015,0.10741791649777058,0.33117857473029955
4,TALDO1,6.975731,1.3640358,3.042850700845362e-12,1.3275772898001363e-10,0.7309941520467836,0.3453587353060397,0.7309941520467836,0.3453587353060397,0.3856354167407439
4,MYD88,6.92709,2.0970652,4.295846047383761e-12,1.868282599460912e-10,0.4502923976608187,0.10985002026753142,0.4502923976608187,0.10985002026753142,0.34044237739328725
4,SYNGR2,6.9198747,2.1178348,4.520435476830654e-12,1.9597164086222036e-10,0.4502923976608187,0.11390352655046615,0.4502923976608187,0.11390352655046615,0.33638887111035254
4,TPM3,6.9013424,1.3214931,5.151338598105835e-12,2.2261607561940912e-10,0.7894736842105263,0.45358735306039727,0.7894736842105263,0.45358735306039727,0.33588633115012906
4,ATP6V0D1,6.8855095,1.8844984,5.7581020770393325e-12,2.480524983093032e-10,0.49707602339181284,0.15079043372517228,0.49707602339181284,0.15079043372517228,0.3462855896666406
4,LRRFIP1,6.8789167,1.4028015,6.03093071020265e-12,2.589886471022874e-10,0.695906432748538,0.33400891771382246,0.695906432748538,0.33400891771382246,0.36189751503471557
4,CPVL,6.8756466,2.2323942,6.17093259530185e-12,2.6417008000452057e-10,0.4269005847953216,0.09404134576408593,0.4269005847953216,0.09404134576408593,0.3328592390312357
4,DOK2,6.8750753,1.5943913,6.195701865901907e-12,2.644015771273639e-10,0.5789473684210527,0.21807863802188893,0.5789473684210527,0.21807863802188893,0.36086873039916373
4,RAB8A,6.846317,1.6883861,7.577551226605269e-12,3.2136347686497375e-10,0.543859649122807,0.19578435346574788,0.543859649122807,0.19578435346574788,0.3480752956570592
4,CD48,6.8413854,1.049489,7.843094209563675e-12,3.315953390891689e-10,0.9473684210526315,0.6822051074179165,0.9473684210526315,0.6822051074179165,0.265163313634715
4,NDUFA13,6.8163643,1.2572312,9.337331041402239e-12,3.93551212041324e-10,0.7426900584795322,0.4418321848398865,0.7426900584795322,0.4418321848398865,0.30085787363964567
4,SLC16A3,6.8053594,2.994022,1.0079738917462311e-11,4.2223593453026173e-10,0.3684210526315789,0.052290231049858124,0.3684210526315789,0.052290231049858124,0.3161308215817208
4,EIF4E2,6.752722,2.0147874,1.4509717912489192e-11,6.05947118694044e-10,0.4619883040935672,0.13498175922172678,0.4619883040935672,0.13498175922172678,0.32700654487184044
4,SMCO4,6.7371483,2.3966308,1.6152523393557397e-11,6.704524603720967e-10,0.40350877192982454,0.08471828131333603,0.40350877192982454,0.08471828131333603,0.3187904906164885
4,GNAI2,6.735799,1.6094012,1.6303189300592517e-11,6.746556154208831e-10,0.5555555555555556,0.2075395216862586,0.5555555555555556,0.2075395216862586,0.34801603386929697
4,COX17,6.730348,1.715695,1.692577388260291e-11,6.983032270115569e-10,0.52046783625731,0.16984191325496553,0.52046783625731,0.16984191325496553,0.3506259230023444
4,BAX,6.7115045,1.4490304,1.9262799613664126e-11,7.923276853138472e-10,0.6608187134502924,0.2821240372922578,0.6608187134502924,0.2821240372922578,0.3786946761580346
4,CUX1,6.6968656,3.151937,2.1293739845093766e-11,8.732351691429443e-10,0.3567251461988304,0.04539927036886907,0.3567251461988304,0.04539927036886907,0.3113258758299613
4,SNX3,6.674596,1.2411267,2.479145526253416e-11,1.0113189687009498e-09,0.8128654970760234,0.44264288609647345,0.8128654970760234,0.44264288609647345,0.37022261097954995
4,PCGF5,6.674492,2.142597,2.4809011021881823e-11,1.0113189687009498e-09,0.4269005847953216,0.09971625456019456,0.4269005847953216,0.09971625456019456,0.32718433023512705
4,NAMPT,6.6648364,2.5889227,2.6496012213117418e-11,1.0768736392331294e-09,0.38596491228070173,0.0713417105796514,0.38596491228070173,0.0713417105796514,0.31462320170105035
4,LINC00936,6.6629157,1.4856591,2.6844744475547484e-11,1.0878095862257461e-09,0.5964912280701754,0.25820835022294286,0.5964912280701754,0.25820835022294286,0.33828287784723254
4,SLC25A6,6.6605277,0.8058327,2.7284573145355106e-11,1.1023613339436963e-09,0.9649122807017544,0.8236724766923389,0.9649122807017544,0.8236724766923389,0.1412398040094155
4,TCEB2,6.6513395,1.1913251,2.9043707839373812e-11,1.169973080396722e-09,0.7719298245614035,0.4681799756789623,0.7719298245614035,0.4681799756789623,0.30374984888244116
4,PTP4A3,6.6112127,3.715403,3.811846003681743e-11,1.5310167360669966e-09,0.3333333333333333,0.026753141467369273,0.3333333333333333,0.026753141467369273,0.306580191865964
4,GDI2,6.591071,1.4453981,4.366644725983664e-11,1.7435935783050558e-09,0.6198830409356725,0.28293473854884477,0.6198830409356725,0.28293473854884477,0.3369483023868277
4,H2AFY,6.5701513,1.4439462,5.026423114842823e-11,1.9953730830317906e-09,0.6257309941520468,0.2752330766112687,0.6257309941520468,0.2752330766112687,0.3504979175407781
4,GRN,6.5486083,1.4734695,5.807581818011719e-11,2.2987923857034214e-09,0.5730994152046783,0.21970004053506284,0.5730994152046783,0.21970004053506284,0.35339937466961546
4,UNC93B1,6.524158,2.5586498,6.838456455171017e-11,2.6990162240409077e-09,0.3742690058479532,0.06526145115524928,0.3742690058479532,0.06526145115524928,0.3090075546927039
4,MARCKSL1,6.5198493,1.750439,7.037798822511619e-11,2.7696882051936214e-09,0.4853801169590643,0.16335630320226996,0.4853801169590643,0.16335630320226996,0.32202381375679434
4,UQCRC1,6.506301,1.7273391,7.702396059563518e-11,3.0225264537183733e-09,0.49122807017543857,0.16254560194568302,0.49122807017543857,0.16254560194568302,0.32868246822975555
4,RAB10,6.443852,1.8707372,1.1647871367775175e-10,4.54103308513977e-09,0.4502923976608187,0.13052290231049857,0.4502923976608187,0.13052290231049857,0.3197694953503201
4,DUSP6,6.443852,2.454141,1.1647871367775175e-10,4.54103308513977e-09,0.38011695906432746,0.07336846372111877,0.38011695906432746,0.07336846372111877,0.3067484953432087
4,EFHD2,6.4435406,1.6839998,1.167181175222656e-10,4.54103308513977e-09,0.5029239766081871,0.1722740170247264,0.5029239766081871,0.1722740170247264,0.3306499595834607
4,CORO1A,6.4105253,0.8983412,1.4501920786788606e-10,5.5943002899543846e-09,0.9824561403508771,0.7940818808269153,0.9824561403508771,0.7940818808269153,0.1883742595239618
4,BRK1,6.3789115,1.1188996,1.7835111563939783e-10,6.860740380765118e-09,0.8421052631578947,0.5330360762059181,0.8421052631578947,0.5330360762059181,0.3090691869519766
4,ARL6IP4,6.3744473,1.1833925,1.836241622044436e-10,7.043740334449106e-09,0.8304093567251462,0.4787190920145926,0.8304093567251462,0.4787190920145926,0.35169026471055354
4,RNF13,6.3694634,2.213501,1.8969034047533622e-10,7.256054032300256e-09,0.39766081871345027,0.08755573571139036,0.39766081871345027,0.08755573571139036,0.3101050830020599
4,MYO1F,6.364636,1.5154585,1.9575345492545901e-10,7.467064749894045e-09,0.543859649122807,0.21605188488042157,0.543859649122807,0.21605188488042157,0.32780776424238545
4,EPSTI1,6.3637533,1.7182705,1.968820514123647e-10,7.48919580525697e-09,0.49122807017543857,0.16092419943250913,0.49122807017543857,0.16092419943250913,0.33030387074292944
4,GNB2,6.324457,1.4383997,2.541246868343132e-10,9.639796453914948e-09,0.5789473684210527,0.2452371301175517,0.5789473684210527,0.2452371301175517,0.333710238303501
4,CD79B,6.231381,1.3080641,4.6234183780871574e-10,1.7489584867356847e-08,0.5614035087719298,0.22051074179164978,0.5614035087719298,0.22051074179164978,0.34089276698028004
4,CD300A,6.204387,2.013362,5.491047323739788e-10,2.0714293440052635e-08,0.4093567251461988,0.10782326712606405,0.4093567251461988,0.10782326712606405,0.30153345802013476
4,PRDX5,6.1878796,1.2645454,6.09789304002688e-10,2.2940172824960626e-08,0.6842105263157895,0.33157681394406163,0.6842105263157895,0.33157681394406163,0.35263371237172786
4,NANS,6.163533,2.0562916,7.113943034940367e-10,2.6689012660754304e-08,0.39766081871345027,0.09647344953384678,0.39766081871345027,0.09647344953384678,0.3011873691796035
4,PPDPF,6.158965,0.7991326,7.322186051045244e-10,2.7320156478981924e-08,0.9532163742690059,0.7997567896230239,0.9532163742690059,0.7997567896230239,0.15345958464598197
4,CD55,6.1499844,1.6320002,7.749051106818148e-10,2.8755717911605606e-08,0.49122807017543857,0.1860559383867045,0.49122807017543857,0.1860559383867045,0.30517213178873404
4,SNX2,6.136903,1.4596474,8.414573979965628e-10,3.105660061362449e-08,0.5263157894736842,0.19254154843940008,0.5263157894736842,0.19254154843940008,0.3337742410342841
4,INSIG1,6.132646,2.8133183,8.642917121963218e-10,3.181338981604574e-08,0.3391812865497076,0.052290231049858124,0.3391812865497076,0.052290231049858124,0.28689105549984945
4,FAM49A,6.1130757,3.335553,9.772886671817401e-10,3.587595171783291e-08,0.3157894736842105,0.032022699635184435,0.3157894736842105,0.032022699635184435,0.28376677404902606
4,POLE4,6.109131,1.5936697,1.0017529128037797e-09,3.66754364001298e-08,0.49122807017543857,0.17024726388325903,0.49122807017543857,0.17024726388325903,0.3209808062921795
4,MNDA,6.089924,1.9696339,1.1296455448910723e-09,4.1247164601691136e-08,0.40350877192982454,0.10701256586947709,0.40350877192982454,0.10701256586947709,0.29649620606034743
4,CYTIP,6.0893526,1.2635536,1.1336817175423994e-09,4.1284153426024015e-08,0.6491228070175439,0.3210376976084313,0.6491228070175439,0.3210376976084313,0.32808510940911256
4,PLEK,6.061165,1.5750632,1.3513909364586246e-09,4.908136869223132e-08,0.4678362573099415,0.14957438184029184,0.4678362573099415,0.14957438184029184,0.3182618754696497
4,TGFBI,6.060542,2.1251783,1.3566354459915659e-09,4.914115026647433e-08,0.38011695906432746,0.0883664369679773,0.38011695906432746,0.0883664369679773,0.29175052209635016
4,BATF3,6.059296,5.1623664,1.3671840490314615e-09,4.93922364380255e-08,0.28654970760233917,0.009323064450749898,0.28654970760233917,0.009323064450749898,0.2772266431515893
4,AGTRAP,6.0510426,1.7389092,1.4391156102485028e-09,5.1853727634705946e-08,0.43859649122807015,0.13295500608025942,0.43859649122807015,0.13295500608025942,0.30564148514781075
4,CTSZ,6.0362477,2.1074727,1.5773896481007827e-09,5.668640272227444e-08,0.38596491228070173,0.09363599513579246,0.38596491228070173,0.09363599513579246,0.2923289171449093
4,VAMP5,6.027527,1.5372578,1.6648767499371321e-09,5.967337768278603e-08,0.5029239766081871,0.20591811917308472,0.5029239766081871,0.20591811917308472,0.2970058574351024
4,ZYX,5.997055,1.7407436,2.009279048677005e-09,7.164155271209707e-08,0.4327485380116959,0.13092825293879207,0.4327485380116959,0.13092825293879207,0.3018202850729038
4,MTSS1,5.9953423,2.4849167,2.03057592931377e-09,7.221235648622094e-08,0.3508771929824561,0.06607215241183624,0.3508771929824561,0.06607215241183624,0.2848050405706199
4,CD300E,5.988334,2.9734519,2.1200127060539836e-09,7.519712601006025e-08,0.3216374269005848,0.04418321848398865,0.3216374269005848,0.04418321848398865,0.2774542084165961
4,ATP6V1F,5.9818454,1.203022,2.2062388328066048e-09,7.805284326633936e-08,0.695906432748538,0.3506282934738549,0.695906432748538,0.3506282934738549,0.34527813927468315
4,NOP10,5.965597,1.3909482,2.4374103304780957e-09,8.60084637545449e-08,0.5672514619883041,0.27685447912444267,0.5672514619883041,0.27685447912444267,0.29039698286386145
4,COX5A,5.9572916,1.1967564,2.56452782122983e-09,9.026080393483134e-08,0.6549707602339181,0.3344142683421159,0.6549707602339181,0.3344142683421159,0.3205564918918022
4,DYNLT1,5.950387,1.5187441,2.675088418266357e-09,9.391004483250738e-08,0.47953216374269003,0.1722740170247264,0.47953216374269003,0.1722740170247264,0.30725814671796364
4,SLC2A6,5.947013,3.46398,2.730797011920752e-09,9.561990767894819e-08,0.30409356725146197,0.029185245237130116,0.30409356725146197,0.029185245237130116,0.27490832201433185
4,BTK,5.92682,2.4376965,3.0885778596475086e-09,1.0759596747792444e-07,0.34502923976608185,0.06445074989866234,0.34502923976608185,0.06445074989866234,0.2805784898674195
4,CTSD,5.926093,1.3683473,3.1022705654068775e-09,1.0779798178421456e-07,0.543859649122807,0.22132144304823673,0.543859649122807,0.22132144304823673,0.3225382060745703
4,FLNA,5.914465,1.416163,3.3295622232047564e-09,1.154022886296552e-07,0.5087719298245614,0.1921361978111066,0.5087719298245614,0.1921361978111066,0.31663573201345485
4,SCIMP,5.9025254,2.5828419,3.5797897552701464e-09,1.2376103518473194e-07,0.3391812865497076,0.0636400486420754,0.3391812865497076,0.0636400486420754,0.2755412379076322
4,SELPLG,5.8960366,1.5995966,3.7233654575400643e-09,1.2839969365698767e-07,0.4619883040935672,0.15849209566274827,0.4619883040935672,0.15849209566274827,0.3034962084308189
4,NAPRT1,5.8888726,1.958966,3.8883846904290166e-09,1.3375259781485807e-07,0.391812865497076,0.10701256586947709,0.391812865497076,0.10701256586947709,0.2848002996275989
4,CCT5,5.8819685,1.6007183,4.054150252227514e-09,1.3910421066436917e-07,0.4619883040935672,0.16700445885691123,0.4619883040935672,0.16700445885691123,0.294983845236656
4,REEP5,5.8610487,1.4017749,4.5995327270292215e-09,1.574216013040377e-07,0.5497076023391813,0.24280502634779083,0.5497076023391813,0.24280502634779083,0.3069025759913904
4,CD86,5.8582973,3.1434877,4.676368176328574e-09,1.5925307684773817e-07,0.30994152046783624,0.03891366031617349,0.30994152046783624,0.03891366031617349,0.27102786015166275
4,CDKN2D,5.78448,1.3914943,7.27369386948129e-09,2.464753436268896e-07,0.5029239766081871,0.20226996351844345,0.5029239766081871,0.20226996351844345,0.30065401308974365
4,CNPY3,5.781625,1.2880399,7.398248358736954e-09,2.50075444522059e-07,0.5730994152046783,0.2586137008512363,0.5730994152046783,0.2586137008512363,0.314485714353442
4,MOB1A,5.775811,1.548885,7.65833144845685e-09,2.5822759076574504e-07,0.4619883040935672,0.17794892582083502,0.4619883040935672,0.17794892582083502,0.2840393782727322
4,LAMTOR5,5.763923,1.2931088,8.218073423070175e-09,2.7641874548139485e-07,0.5730994152046783,0.25942440210782325,0.5730994152046783,0.25942440210782325,0.3136750130968551
4,SH3BP1,5.7512054,2.1216178,8.860947548764091e-09,2.9658112677922164e-07,0.3684210526315789,0.0899878394811512,0.3684210526315789,0.0899878394811512,0.27843321315042774
4,ARHGEF40,5.73449,3.069338,9.780624182098347e-09,3.265628455519194e-07,0.30409356725146197,0.038508309687880014,0.30409356725146197,0.038508309687880014,0.265585257563582
4,M6PR,5.7217717,1.4976412,1.054188692395485e-08,3.511219703256767e-07,0.4853801169590643,0.20389136603161734,0.4853801169590643,0.20389136603161734,0.28148875092744696
4,IGSF6,5.7192802,2.0970752,1.069763633311453e-08,3.554426320316594e-07,0.36257309941520466,0.09120389136603162,0.36257309941520466,0.09120389136603162,0.271369208049173
4,SLC25A3,5.715231,1.0586791,1.0955510719492124e-08,3.631273164693797e-07,0.8304093567251462,0.5046615322253749,0.8304093567251462,0.5046615322253749,0.32574782449977124
4,C20orf24,5.708794,1.2109395,1.1377947625085835e-08,3.7621610839751127e-07,0.6198830409356725,0.2882042967166599,0.6198830409356725,0.2882042967166599,0.33167874421901256
4,RAP1B,5.706406,1.1895963,1.1538648853584559e-08,3.80608185373311e-07,0.6491228070175439,0.34373733279286584,0.6491228070175439,0.34373733279286584,0.30538547422467804
4,GRINA,5.689535,2.1374533,1.2738570013169775e-08,4.1917569180685893e-07,0.3567251461988304,0.08431293068504256,0.3567251461988304,0.08431293068504256,0.2724122155137878
4,SDCBP,5.672353,1.3829986,1.4084969012254362e-08,4.623661943061192e-07,0.5146198830409356,0.22537494933117147,0.5146198830409356,0.22537494933117147,0.2892449337097642
4,CHMP4B,5.662178,1.6013813,1.4946359601899034e-08,4.894663950204633e-07,0.43859649122807015,0.15849209566274827,0.43859649122807015,0.15849209566274827,0.28010439556532185
4,ENY2,5.652834,1.56183,1.5782360276565758e-08,5.156074448248373e-07,0.4619883040935672,0.17794892582083502,0.4619883040935672,0.17794892582083502,0.2840393782727322
4,ATP5J2,5.6478505,1.206076,1.624661945979565e-08,5.295079602457504e-07,0.631578947368421,0.3036076205918119,0.631578947368421,0.3036076205918119,0.3279713267766091
4,HCLS1,5.629007,1.1554159,1.8125000960834317e-08,5.879216463685354e-07,0.6783625730994152,0.36684231860559385,0.6783625730994152,0.36684231860559385,0.3115202544938213
4,EVI2B,5.621376,1.1846553,1.8944230377250778e-08,6.115896218244365e-07,0.6257309941520468,0.30644507498986623,0.6257309941520468,0.30644507498986623,0.3192859191621806
4,C4orf48,5.614887,1.667533,1.966904275527002e-08,6.334916223253947e-07,0.42105263157894735,0.1410620186461289,0.42105263157894735,0.1410620186461289,0.27999061293281846
4,PRR13,5.6129665,1.0537562,1.9888703052440844e-08,6.390591267861933e-07,0.7660818713450293,0.465342521280908,0.7660818713450293,0.465342521280908,0.3007393500641213
4,RXRA,5.595784,3.0657806,2.1962690703830738e-08,7.02394623539842e-07,0.2982456140350877,0.039319010944466964,0.2982456140350877,0.039319010944466964,0.25892660309062077
4,VPS29,5.5821314,1.5172445,2.3758860209286862e-08,7.580630724720126e-07,0.4619883040935672,0.17916497770571543,0.4619883040935672,0.17916497770571543,0.2828233263878518
4,CMTM6,5.5775633,1.5913639,2.439109554995918e-08,7.764214471567425e-07,0.4327485380116959,0.15322253749493311,0.4327485380116959,0.15322253749493311,0.2795260005167628
4,PSMA7,5.57611,1.0383216,2.4595663723036746e-08,7.811125204692786e-07,0.8596491228070176,0.5427644912849615,0.8596491228070176,0.5427644912849615,0.31688463152205604
4,CLTA,5.562042,1.2228907,2.6663608090979558e-08,8.448218842005031e-07,0.5789473684210527,0.27239562221321445,0.5789473684210527,0.27239562221321445,0.3065517462078382
4,MAP2K3,5.5449634,1.6787705,2.9401577487993957e-08,9.2941653281492e-07,0.40350877192982454,0.12444264288609648,0.40350877192982454,0.12444264288609648,0.2790661290437281
4,IFI35,5.542264,1.4598261,2.9858573190475974e-08,9.416828533236487e-07,0.4502923976608187,0.1629509525739765,0.4502923976608187,0.1629509525739765,0.28734144508684223
4,CTD-2006K23.1,5.5406027,4.398106,3.0143218729429024e-08,9.48469573661481e-07,0.26900584795321636,0.015403323875152006,0.26900584795321636,0.015403323875152006,0.25360252407806433
4,RNF181,5.531778,1.3928379,3.1700100115746554e-08,9.9288203481797e-07,0.49122807017543857,0.19902715849209565,0.49122807017543857,0.19902715849209565,0.29220091168334295
4,NUDT16,5.5257564,2.4072113,3.2806923308747356e-08,1.0228569513795752e-06,0.3216374269005848,0.060802594244021076,0.3216374269005848,0.060802594244021076,0.2608348326565637
4,GBP2,5.51065,1.4597937,3.5751048317327595e-08,1.1121100588187374e-06,0.4619883040935672,0.17794892582083502,0.4619883040935672,0.17794892582083502,0.2840393782727322
4,CASP4,5.509041,1.183676,3.60793845996334e-08,1.1197729002104403e-06,0.5964912280701754,0.2975273611674098,0.5964912280701754,0.2975273611674098,0.2989638669027656
4,ACAA1,5.507328,1.7623338,3.643211724772568e-08,1.1281564470180087e-06,0.391812865497076,0.12201053911633564,0.391812865497076,0.12201053911633564,0.26980232638074036
4,CLEC7A,5.503227,2.6488886,3.7290178730161157e-08,1.1505302267886876e-06,0.30994152046783624,0.052290231049858124,0.30994152046783624,0.052290231049858124,0.2576512894179781
4,CD300C,5.5030713,3.1930737,3.732314663645201e-08,1.1505302267886876e-06,0.28654970760233917,0.031211998378597488,0.28654970760233917,0.031211998378597488,0.25533770922374166
4,CSNK2B,5.5006833,1.1365277,3.783220810373392e-08,1.163596022217546e-06,0.6549707602339181,0.3206323469801378,0.6549707602339181,0.3206323469801378,0.3343384132537803
4,CSK,5.494973,1.3917196,3.907698259151733e-08,1.1991803916174398e-06,0.49122807017543857,0.20105391163356304,0.49122807017543857,0.20105391163356304,0.29017415854187556
4,TCF7L2,5.493935,4.102199,3.93075327131057e-08,1.2035508222649584e-06,0.26900584795321636,0.016214025131738953,0.26900584795321636,0.016214025131738953,0.2527918228214774
4,BST2,5.4805937,1.0990406,4.2390056778622744e-08,1.2950304594381927e-06,0.7660818713450293,0.4272395622213214,0.7660818713450293,0.4272395622213214,0.33884230912370783
4,NAGK,5.478154,1.829093,4.2978589634628387e-08,1.3100795090412618e-06,0.3742690058479532,0.10701256586947709,0.3742690058479532,0.10701256586947709,0.2672564399784761
4,PRAM1,5.4696407,2.5235004,4.5094890931838666e-08,1.3715274622832713e-06,0.30994152046783624,0.0526955816781516,0.30994152046783624,0.0526955816781516,0.25724593878968466
4,RAB24,5.4592586,2.1622174,4.7812722973681575e-08,1.4509567665079903e-06,0.3391812865497076,0.0790433725172274,0.3391812865497076,0.0790433725172274,0.2601379140324802
4,ITGAL,5.452977,1.9678402,4.953340165247105e-08,1.4998406495923386e-06,0.3508771929824561,0.08552898256992299,0.3508771929824561,0.08552898256992299,0.26534821041253315
4,ATP5G3,5.4301367,1.1070681,5.631096755502538e-08,1.7012888781668731e-06,0.7251461988304093,0.41183623834616945,0.7251461988304093,0.41183623834616945,0.31330996048423987
4,MT-CO2,5.412954,0.6681837,6.199342246484205e-08,1.8688348282116624e-06,0.9707602339181286,0.9063640048642075,0.9707602339181286,0.9063640048642075,0.06439622905392106
4,LYSMD2,5.4021564,1.4269421,6.584445162162174e-08,1.9762018271315745e-06,0.4678362573099415,0.1799756789623024,0.4678362573099415,0.1799756789623024,0.2878605783476391
4,CAPNS1,5.3852854,1.7415346,7.232974619635767e-08,2.1660855571435534e-06,0.38011695906432746,0.11228212403729226,0.38011695906432746,0.11228212403729226,0.2678348350270352
4,WSB1,5.3829494,1.5117381,7.327509654521713e-08,2.1895945698500766e-06,0.4327485380116959,0.16457235508715037,0.4327485380116959,0.16457235508715037,0.2681761829245455
4,SMS,5.3778105,1.524646,7.539718064376623e-08,2.2480871154394577e-06,0.42105263157894735,0.1503850830968788,0.42105263157894735,0.1503850830968788,0.27066754848206853
4,ACTR2,5.377239,1.396647,7.563660952626121e-08,2.2503127226375232e-06,0.4619883040935672,0.17430077016619375,0.4619883040935672,0.17430077016619375,0.28768753392737345
4,DYNLL1,5.373865,1.1415831,7.706651999593002e-08,2.287870428400914e-06,0.6140350877192983,0.3210376976084313,0.6140350877192983,0.3210376976084313,0.29299739011086695
4,EMR2,5.35336,3.6894975,8.633568804990962e-08,2.557484069435067e-06,0.26900584795321636,0.02310498581272801,0.26900584795321636,0.02310498581272801,0.24590086214048834
4,IRF7,5.34874,1.497281,8.856854857481115e-08,2.6179482669645477e-06,0.42105263157894735,0.14673692744223754,0.42105263157894735,0.14673692744223754,0.2743157041367098
4,COX6A1,5.337216,0.99864703,9.438455721493162e-08,2.7838348020023892e-06,0.7602339181286549,0.46128901499797326,0.7602339181286549,0.46128901499797326,0.29894490313068167
4,CTSH,5.334309,1.4591237,9.590906652418376e-08,2.822703044082443e-06,0.4327485380116959,0.1597081475476287,0.4327485380116959,0.1597081475476287,0.2730403904640672
4,DBNL,5.3083534,1.2500372,1.1061988844758939e-07,3.2416849713310747e-06,0.5146198830409356,0.22334819618970408,0.5146198830409356,0.22334819618970408,0.29127168685123156
4,PRDX1,5.3075233,1.2225862,1.1112497630110545e-07,3.249513225627186e-06,0.5672514619883041,0.2869882448317795,0.5672514619883041,0.2869882448317795,0.28026321715652464
4,ATOX1,5.303422,1.8633262,1.1365174065004716e-07,3.316299509224453e-06,0.3567251461988304,0.10093230644507499,0.3567251461988304,0.10093230644507499,0.2557928397537554
4,CHCHD2,5.28951,0.84026,1.2264451313211695e-07,3.571073499642194e-06,0.9239766081871345,0.6992298338062424,0.9239766081871345,0.6992298338062424,0.22474677438089208
4,EIF4EBP1,5.275338,1.8351326,1.3251142368870898e-07,3.85016170615534e-06,0.36257309941520466,0.10701256586947709,0.36257309941520466,0.10701256586947709,0.25556053354572755
4,LTA4H,5.271912,1.5128305,1.350096937001224e-07,3.914421182948772e-06,0.4152046783625731,0.14633157681394407,0.4152046783625731,0.14633157681394407,0.268873101548629
4,LSM6,5.252549,1.5905957,1.500082063738082e-07,4.340067936950688e-06,0.4093567251461988,0.14795297932711796,0.4093567251461988,0.14795297932711796,0.2614037458190809
4,WAS,5.2433095,1.2614962,1.5772183651493333e-07,4.553592810672155e-06,0.4853801169590643,0.2030806647750304,0.4853801169590643,0.2030806647750304,0.2822994521840339
4,FPR1,5.2329273,1.8936186,1.6684655604108201e-07,4.806870399360793e-06,0.34502923976608185,0.09241994325091205,0.34502923976608185,0.09241994325091205,0.25260929651516983
4,ODF3B,5.2124743,1.7314332,1.8633847377426951e-07,5.357133048129315e-06,0.36257309941520466,0.10498581272800973,0.36257309941520466,0.10498581272800973,0.25758728668719494
4,ATP5E,5.210657,0.8292233,1.8817272228182157e-07,5.398501461093604e-06,0.9532163742690059,0.7385488447507094,0.9532163742690059,0.7385488447507094,0.21466752951829648
4,RELT,5.199756,3.1431508,1.9955025380832267e-07,5.712910410914999e-06,0.27485380116959063,0.03445480340494528,0.27485380116959063,0.03445480340494528,0.24039899776464535
4,PFDN5,5.198095,0.526986,2.013413323037653e-07,5.752128104477446e-06,0.9883040935672515,0.9201459262261856,0.9883040935672515,0.9201459262261856,0.06815816734106583
4,LAPTM4A,5.190464,1.3450809,2.097706700493866e-07,5.980434802076041e-06,0.4678362573099415,0.2075395216862586,0.4678362573099415,0.2075395216862586,0.2602967356236829
4,UBE2F,5.184079,1.6180676,2.170849437274754e-07,6.1760666490466746e-06,0.38011695906432746,0.11714633157681395,0.38011695906432746,0.11714633157681395,0.26297062748751354
4,APLP2,5.161031,1.4510115,2.4559410058275265e-07,6.972625857709085e-06,0.4152046783625731,0.14916903121199837,0.4152046783625731,0.14916903121199837,0.2660356471505747
4,IMPDH1,5.140474,2.169624,2.7404647830758194e-07,7.764271177942612e-06,0.3157894736842105,0.0697203080664775,0.3157894736842105,0.0697203080664775,0.246069165617733
4,MPP1,5.1325836,2.4934072,2.857920394056315e-07,8.080281760089654e-06,0.29239766081871343,0.05026347790839076,0.29239766081871343,0.05026347790839076,0.24213418291032268
4,RAB32,5.106524,2.0554714,3.28138721945644e-07,9.258393361342385e-06,0.3157894736842105,0.07012565869477097,0.3157894736842105,0.07012565869477097,0.24566381498943954
4,C11orf31,5.097751,0.9950099,3.4371215951040596e-07,9.677800516029079e-06,0.7543859649122807,0.4252128090798541,0.7543859649122807,0.4252128090798541,0.3291731558324266
4,CBR1,5.0696673,1.7026795,3.9851146538085445e-07,1.1197680187738576e-05,0.3567251461988304,0.10336441021483583,0.3567251461988304,0.10336441021483583,0.25336073598399456
4,CAT,5.060012,1.6946044,4.192301088490867e-07,1.1755659890026957e-05,0.3684210526315789,0.12444264288609648,0.3684210526315789,0.12444264288609648,0.24397840974548246
4,CD97,5.0573125,1.3027407,4.2520586787756687e-07,1.1874460801096223e-05,0.47368421052631576,0.20835022294284555,0.47368421052631576,0.20835022294284555,0.2653339875834702
4,SCPEP1,5.054665,1.6446162,4.311464851706404e-07,1.2007634294598455e-05,0.3684210526315789,0.12079448723145521,0.3684210526315789,0.12079448723145521,0.24762656540012373
4,ARRB1,5.0544057,3.1630793,4.3173318970766267e-07,1.2007634294598455e-05,0.2631578947368421,0.02837454398054317,0.2631578947368421,0.02837454398054317,0.23478335075629891
4,PAK1,5.0507717,2.7038825,4.400283676966039e-07,1.2213470303383787e-05,0.27485380116959063,0.03769760843129307,0.27485380116959063,0.03769760843129307,0.23715619273829755
4,MRPL23,5.0494742,1.1339474,4.430280268034472e-07,1.2271786478758365e-05,0.5614035087719298,0.271179570328334,0.5614035087719298,0.271179570328334,0.2902239384435958
4,CEBPD,5.040701,1.1616912,4.63829310856616e-07,1.2821969775420947e-05,0.4853801169590643,0.20672882042967167,0.4853801169590643,0.20672882042967167,0.27865129652939263
4,FMNL1,5.0352507,1.2292992,4.772243232684318e-07,1.3139063222890533e-05,0.47953216374269003,0.2042967166599108,0.47953216374269003,0.2042967166599108,0.27523544708277925
4,RTN4,5.033226,1.3118684,4.822940178111123e-07,1.3251925769071528e-05,0.4853801169590643,0.22578029995946494,0.4853801169590643,0.22578029995946494,0.25959981699959933
4,CNIH4,5.030942,2.303659,4.880760350760729e-07,1.3383868142567974e-05,0.30409356725146197,0.06526145115524928,0.30409356725146197,0.06526145115524928,0.2388321160962127
4,RAB5C,5.0101776,1.1579616,5.437983933220942e-07,1.4881985689792622e-05,0.5497076023391813,0.263477908390758,0.5497076023391813,0.263477908390758,0.28622969394842324
4,RIN3,5.005298,1.9075494,5.577569418800962e-07,1.5203051493641904e-05,0.32748538011695905,0.08228617754357519,0.32748538011695905,0.08228617754357519,0.24519920257338385
4,EIF6,5.004779,1.2336315,5.59262062262892e-07,1.5213710602115646e-05,0.47368421052631576,0.20835022294284555,0.47368421052631576,0.20835022294284555,0.2653339875834702
4,COMMD9,4.99829,1.7327334,5.784096132848284e-07,1.5703303536814348e-05,0.3508771929824561,0.1053911633563032,0.3508771929824561,0.1053911633563032,0.2454860296261529
4,WDR83OS,4.988998,1.0549289,6.06932993522747e-07,1.644499396735443e-05,0.6198830409356725,0.32752330766112686,0.6198830409356725,0.32752330766112686,0.2923597332745456
4,GAPDH,4.982301,0.70986646,6.283245818311942e-07,1.699089205838968e-05,0.9707602339181286,0.8427239562221321,0.9707602339181286,0.8427239562221321,0.12803627769599646
4,ZFP36,4.9725423,0.8279773,6.608058821068467e-07,1.7833923174014027e-05,0.8830409356725146,0.6935549250101337,0.8830409356725146,0.6935549250101337,0.1894860106623809
4,IFIT3,4.9630423,1.8069009,6.939739292807706e-07,1.8692126189858388e-05,0.3333333333333333,0.09282529387920552,0.3333333333333333,0.09282529387920552,0.2405080394541278
4,RNPEP,4.9420705,1.9968064,7.729725360907737e-07,2.077896250562127e-05,0.3157894736842105,0.0774219700040535,0.3157894736842105,0.0774219700040535,0.23836750368015702
4,LAMTOR2,4.9351144,1.19808,8.010377617925995e-07,2.1491103487307934e-05,0.47368421052631576,0.20672882042967167,0.47368421052631576,0.20672882042967167,0.2669553900966441
4,ENO1,4.923175,0.90637684,8.515126580039419e-07,2.280050364255261e-05,0.7953216374269005,0.5496554519659506,0.7953216374269005,0.5496554519659506,0.24566618546094998
4,NAGA,4.9203715,2.897618,8.637998489262853e-07,2.3084248017489926e-05,0.2631578947368421,0.03364410214835833,0.2631578947368421,0.03364410214835833,0.22951379258848376
4,CD52,4.9054213,0.6117658,9.322695697860135e-07,2.486537743163633e-05,0.9766081871345029,0.8893392784758817,0.9766081871345029,0.8893392784758817,0.08726890865862125
4,DPEP2,4.8843975,2.0752373,1.0374558237437603e-06,2.7616952688196474e-05,0.30409356725146197,0.07093635995135793,0.30409356725146197,0.07093635995135793,0.23315720730010403
4,SEC14L1,4.8751054,2.6557808,1.0875033285568352e-06,2.878090204413206e-05,0.26900584795321636,0.040129712201053915,0.26900584795321636,0.040129712201053915,0.22887613575216245
4,AGPAT2,4.873652,2.2521636,1.0955391937020708e-06,2.8937491739256245e-05,0.29239766081871343,0.061207944872314554,0.29239766081871343,0.061207944872314554,0.23118971594639887
4,GLUL,4.8628545,1.675945,1.157048941268001e-06,3.0444432258103702e-05,0.34502923976608185,0.10660721524118362,0.34502923976608185,0.10660721524118362,0.23842202452489825
4,RILPL2,4.8527317,1.266949,1.217722668211201e-06,3.197927068671569e-05,0.4327485380116959,0.17430077016619375,0.4327485380116959,0.17430077016619375,0.25844776784550216
4,IFIT1,4.8345633,2.014807,1.3343838312115084e-06,3.497571132250357e-05,0.2982456140350877,0.06647750304012971,0.2982456140350877,0.06647750304012971,0.23176811099495798
4,ACTG1,4.8062196,0.6793141,1.5381083214657554e-06,4.023832804202367e-05,0.9824561403508771,0.8556951763275233,0.9824561403508771,0.8556951763275233,0.1267609640233538
4,VDAC1,4.804299,1.2540023,1.5529457727266154e-06,4.054880969857487e-05,0.4502923976608187,0.19781110660721524,0.4502923976608187,0.19781110660721524,0.25248129105360345
4,UQCR10,4.7999387,0.9979103,1.5871433207220577e-06,4.136265112171836e-05,0.6198830409356725,0.3303607620591812,0.6198830409356725,0.3303607620591812,0.2895222788764913
4,ATP5C1,4.794384,1.0867169,1.6317538966391662e-06,4.244424992857991e-05,0.5730994152046783,0.29266315362788814,0.5730994152046783,0.29266315362788814,0.2804362615767902
4,ICAM2,4.789089,1.1871837,1.6754002909282559e-06,4.349670413101951e-05,0.4853801169590643,0.2229428455614106,0.4853801169590643,0.2229428455614106,0.2624372713976537
4,SCO2,4.7865458,1.635825,1.696764581159133e-06,4.396777442183894e-05,0.3508771929824561,0.11836238346169436,0.3508771929824561,0.11836238346169436,0.23251480952076176
4,LCP1,4.785767,0.98882025,1.7033568480991889e-06,4.4055002116747205e-05,0.6432748538011696,0.3692744223753547,0.6432748538011696,0.3692744223753547,0.27400043142581487
4,RABGAP1L,4.766248,1.9388924,1.876878610689721e-06,4.845114235837208e-05,0.30994152046783624,0.08107012565869477,0.30994152046783624,0.08107012565869477,0.22887139480914148
4,WDR1,4.7585654,1.1528113,1.9497355368768556e-06,5.0142351208268063e-05,0.5029239766081871,0.24604783137413863,0.5029239766081871,0.24604783137413863,0.25687614523404845
4,LILRA2,4.7552433,2.9233253,1.9820758744579903e-06,5.087824838646299e-05,0.25146198830409355,0.029995946493717066,0.25146198830409355,0.029995946493717066,0.2214660418103765
4,ABRACL,4.75026,1.0995575,2.031554411164369e-06,5.205048224926945e-05,0.52046783625731,0.26550466153222535,0.52046783625731,0.26550466153222535,0.2549631747250846
4,ARF5,4.731157,1.0858696,2.232441755828734e-06,5.6983597416069515e-05,0.5380116959064327,0.2817186866639643,0.5380116959064327,0.2817186866639643,0.2562930092424684
4,ALOX5,4.725187,1.9773514,2.299038245315656e-06,5.857400425005709e-05,0.2982456140350877,0.07093635995135793,0.2982456140350877,0.07093635995135793,0.22730925408372976
4,ANXA4,4.7213974,1.9218386,2.3422978811408966e-06,5.956502768130369e-05,0.30994152046783624,0.08552898256992299,0.30994152046783624,0.08552898256992299,0.22441253789791327
4,LILRB4,4.7166214,2.7477818,2.3979308294725286e-06,6.086643755999415e-05,0.2573099415204678,0.03810295905958654,0.2573099415204678,0.03810295905958654,0.21920698246088127
4,HOTAIRM1,4.714182,2.4845831,2.4268394101484885e-06,6.148593503708304e-05,0.26900584795321636,0.04823672476692339,0.26900584795321636,0.04823672476692339,0.22076912318629296
4,ARHGDIA,4.7033324,1.0130932,2.559491989243422e-06,6.47267085279781e-05,0.5614035087719298,0.27036886907174706,0.5614035087719298,0.27036886907174706,0.29103463970018273
4,PPT1,4.6941442,1.3365154,2.677251583195868e-06,6.74548849079756e-05,0.42105263157894735,0.17713822456424808,0.42105263157894735,0.17713822456424808,0.24391440701469927
4,NUP214,4.6933136,1.46153,2.6881491110863877e-06,6.760472239594054e-05,0.36257309941520466,0.12930685042561815,0.36257309941520466,0.12930685042561815,0.2332662489895865
4,SDHB,4.691497,1.1304582,2.7121360610403184e-06,6.808259200287976e-05,0.4619883040935672,0.19943250912038912,0.4619883040935672,0.19943250912038912,0.2625557949731781
4,MMP24-AS1,4.6857867,1.626862,2.7888682132394447e-06,6.988033820183092e-05,0.3391812865497076,0.10660721524118362,0.3391812865497076,0.10660721524118362,0.23257407130852398
4,PSMB8,4.6840734,0.92079574,2.8122911949725194e-06,7.033818417315884e-05,0.7251461988304093,0.441426834211593,0.7251461988304093,0.441426834211593,0.2837193646188163
4,GLIPR1,4.6775327,1.1927698,2.9034727392158936e-06,7.24859665936604e-05,0.43859649122807015,0.19173084718281314,0.43859649122807015,0.19173084718281314,0.24686564404525702
4,SP110,4.6414027,1.0534068,3.4605189391570894e-06,8.607804486908781e-05,0.543859649122807,0.26591001216051885,0.543859649122807,0.26591001216051885,0.2779496369622882
4,SNX5,4.6409354,1.7289274,3.468353081304664e-06,8.611605396053907e-05,0.3216374269005848,0.09160924199432509,0.3216374269005848,0.09160924199432509,0.2300281849062597
4,SERPINB6,4.6376653,1.2674156,3.5236701832621645e-06,8.733074414270075e-05,0.42105263157894735,0.1783542764491285,0.42105263157894735,0.1783542764491285,0.24269835512981885
4,C7orf73,4.634966,1.270594,3.569965067537805e-06,8.831783145343526e-05,0.4093567251461988,0.16578840697203082,0.4093567251461988,0.16578840697203082,0.243568318174168
4,SEPT9,4.630138,0.9962866,3.6542196326584374e-06,9.023874015114579e-05,0.5847953216374269,0.32144304823672476,0.5847953216374269,0.32144304823672476,0.2633522734007021
4,TGFB1,4.6196003,1.2131083,3.844802139212719e-06,9.477367872398716e-05,0.4269005847953216,0.1844345358735306,0.4269005847953216,0.1844345358735306,0.24246604892179102
4,IDH3G,4.6154475,1.1941218,3.922495562118917e-06,9.651459350683953e-05,0.4327485380116959,0.18362383461694365,0.4327485380116959,0.18362383461694365,0.24912470339475223
4,FAM46A,4.6070375,2.3256543,4.084458794234214e-06,0.00010031900952169501,0.26900584795321636,0.052290231049858124,0.26900584795321636,0.052290231049858124,0.21671561690335822
4,NDUFB5,4.6018467,1.2606214,4.1876146482582656e-06,0.00010266798139428165,0.43859649122807015,0.19781110660721524,0.43859649122807015,0.19781110660721524,0.24078538462085491
4,SERPINB1,4.598161,0.954414,4.26236588985452e-06,0.00010431338457321385,0.6257309941520468,0.3473854884475071,0.6257309941520468,0.3473854884475071,0.2783455057045397
4,ATP5EP2,4.5962405,1.0510453,4.301825841833955e-06,0.00010509075795363951,0.5263157894736842,0.26550466153222535,0.5263157894736842,0.26550466153222535,0.26081112794145883
4,POMP,4.5948386,1.327992,4.330841599175667e-06,0.00010561066585418376,0.38011695906432746,0.14146736927442238,0.38011695906432746,0.14146736927442238,0.23864958978990508
4,FAM49B,4.5939045,0.991845,4.350289514803772e-06,0.00010589581749404689,0.5555555555555556,0.2853668423186056,0.5555555555555556,0.2853668423186056,0.27018871323695
4,SNAP29,4.593437,1.9413686,4.360044823752757e-06,0.00010594443436506699,0.29239766081871343,0.07012565869477097,0.29239766081871343,0.07012565869477097,0.22227200212394246
4,PGAM1,4.588869,1.1027434,4.456540998494938e-06,0.00010809684524946157,0.47953216374269003,0.2201053911633563,0.47953216374269003,0.2201053911633563,0.2594267725793337
4,ARRDC1,4.5791097,1.6764714,4.669592613395253e-06,0.00011306375306476166,0.3157894736842105,0.0899878394811512,0.3157894736842105,0.0899878394811512,0.22580163420305932
4,CD302,4.566755,2.4388328,4.953325852403792e-06,0.00011929914963038128,0.2631578947368421,0.05147952979327118,0.2631578947368421,0.05147952979327118,0.2116783649435709
4,FAM45A,4.5552826,2.023789,5.231519473729438e-06,0.00012577751748811482,0.28654970760233917,0.07093635995135793,0.28654970760233917,0.07093635995135793,0.21561334765098122
4,TMEM179B,4.551441,1.3720673,5.327968729089786e-06,0.00012770992847918922,0.38011695906432746,0.14633157681394407,0.38011695906432746,0.14633157681394407,0.2337853822503834
4,YWHAH,4.5513372,1.2734594,5.3305989479450685e-06,0.00012770992847918922,0.4093567251461988,0.1828131333603567,0.4093567251461988,0.1828131333603567,0.2265435917858421
4,SNX10,4.544485,1.7627101,5.506968956757136e-06,0.00013170432237035983,0.30409356725146197,0.08228617754357519,0.30409356725146197,0.08228617754357519,0.22180738970788677
4,ERP44,4.5439143,1.2877758,5.521915984742369e-06,0.00013183091728608706,0.39766081871345027,0.16092419943250913,0.39766081871345027,0.16092419943250913,0.23673661928094114
4,WASF2,4.5427203,1.1642126,5.553294458965928e-06,0.00013234867213200474,0.4327485380116959,0.1795703283340089,0.4327485380116959,0.1795703283340089,0.253178209677687
4,PPP4C,4.5281854,1.0273242,5.949244715258569e-06,0.00014129197535925393,0.5380116959064327,0.2748277259829753,0.5380116959064327,0.2748277259829753,0.26318396992345744
4,MTHFD2,4.5255375,2.1914234,6.02421458842869e-06,0.00014282408753399684,0.27485380116959063,0.061207944872314554,0.27485380116959063,0.061207944872314554,0.21364585629727606
4,MPC1,4.525122,1.4020398,6.03605629586513e-06,0.00014285681936973,0.3684210526315789,0.14146736927442238,0.3684210526315789,0.14146736927442238,0.22695368335715654
4,AKIRIN2,4.51936,1.4512343,6.20267631043948e-06,0.00014629317391254152,0.34502923976608185,0.11430887717875962,0.34502923976608185,0.11430887717875962,0.23072036258732223
4,NDUFS6,4.51936,1.1241461,6.20267631043948e-06,0.00014629317391254152,0.4619883040935672,0.21483583299554115,0.4619883040935672,0.21483583299554115,0.24715247109802607
4,TSPAN14,4.517076,1.6262329,6.269934440533233e-06,0.00014762452537917558,0.3216374269005848,0.09687880016214025,0.3216374269005848,0.09687880016214025,0.22475862673844454
4,SAP18,4.5064864,0.9128639,6.590991000006918e-06,0.0001549166490466342,0.7543859649122807,0.4600729631130928,0.7543859649122807,0.4600729631130928,0.2943130017991879
4,OSCAR,4.501503,2.6572971,6.7474628738991565e-06,0.0001583219123813864,0.25146198830409355,0.04094041345764086,0.25146198830409355,0.04094041345764086,0.2105215748464527
4,RNF135,4.5010877,2.4820821,6.760661385814093e-06,0.00015835950580562138,0.25146198830409355,0.03891366031617349,0.25146198830409355,0.03891366031617349,0.21254832798792006
4,UQCRFS1,4.4994783,1.0123341,6.812039262695245e-06,0.0001592897400194628,0.5380116959064327,0.2707742197000405,0.5380116959064327,0.2707742197000405,0.2672374762063922
4,PARVG,4.494391,1.3581707,6.976927693156033e-06,0.00016286653773972442,0.3684210526315789,0.1378192136197811,0.3684210526315789,0.1378192136197811,0.23060183901179782
4,GSTP1,4.487902,0.9032888,7.1927898442953705e-06,0.00016761900701996174,0.7134502923976608,0.44223753546817995,0.7134502923976608,0.44223753546817995,0.2712127569294808
4,CX3CR1,4.471187,2.0461516,7.778664271845975e-06,0.00018096326967006581,0.27485380116959063,0.06282934738548845,0.27485380116959063,0.06282934738548845,0.21202445378410217
4,SELK,4.4685917,1.0042633,7.873634703185589e-06,0.0001825506884663878,0.543859649122807,0.2756384272395622,0.543859649122807,0.2756384272395622,0.2682212218832448
4,ATP1A1,4.465165,1.2540067,8.000694119079068e-06,0.00018518216761041314,0.4152046783625731,0.17713822456424808,0.4152046783625731,0.17713822456424808,0.238066453798325
4,EPN1,4.4459066,2.4679832,8.75220489195121e-06,0.00020223368867087262,0.25146198830409355,0.04377786785569518,0.25146198830409355,0.04377786785569518,0.20768412044839837
4,SRI,4.438587,1.0575025,9.055139205982601e-06,0.00020888003546773378,0.49707602339181284,0.25172274017024726,0.49707602339181284,0.25172274017024726,0.24535328322156558
4,NCKAP1L,4.4330325,1.6851615,9.291684787838135e-06,0.00021397512219682559,0.30994152046783624,0.09323064450749899,0.30994152046783624,0.09323064450749899,0.21671087596033725
4,RALB,4.432513,1.9075615,9.314091025278599e-06,0.0002141300118538797,0.28654970760233917,0.0729631130928253,0.28654970760233917,0.0729631130928253,0.21358659450951387
4,SAMHD1,4.418809,1.0678071,9.924633752822877e-06,0.00022778285466983062,0.47368421052631576,0.22699635184434536,0.47368421052631576,0.22699635184434536,0.2466878586819704
4,GCH1,4.4126315,2.1082857,1.0212171004158579e-05,0.0002335969970398485,0.26900584795321636,0.05999189298743413,0.26900584795321636,0.05999189298743413,0.20901395496578223
4,PMVK,4.399498,1.3826252,1.0850153191993395e-05,0.0002477754046653207,0.3567251461988304,0.13092825293879207,0.3567251461988304,0.13092825293879207,0.22579689326003832
4,PTPN18,4.383717,1.4399167,1.1667121854443658e-05,0.00026554369340713767,0.34502923976608185,0.12809079854073774,0.34502923976608185,0.12809079854073774,0.21693844122534411
4,CRIP1,4.379253,0.9148377,1.190868938054965e-05,0.0002705907856585458,0.6023391812865497,0.35427644912849615,0.6023391812865497,0.35427644912849615,0.24806273215805358
4,PSMA4,4.373439,1.3521471,1.2230452330010961e-05,0.0002774402940508799,0.3508771929824561,0.12809079854073774,0.3508771929824561,0.12809079854073774,0.22278639444171838
4,SPG21,4.3648214,1.2714726,1.2722652944657228e-05,0.00028812694628895376,0.38596491228070173,0.16173490068909607,0.38596491228070173,0.16173490068909607,0.22423001159160566
4,COX7A2,4.3513765,0.9012796,1.3528538308419138e-05,0.0003058703959267744,0.6432748538011696,0.38346169436562627,0.6432748538011696,0.38346169436562627,0.2598131594355433
4,ATP6V0E1,4.3369975,0.87888503,1.4444232988195886e-05,0.00032603379452364136,0.8362573099415205,0.5460072963113093,0.8362573099415205,0.5460072963113093,0.2902500136302112
4,SH3GLB1,4.32864,1.3976415,1.5003311434403706e-05,0.00033809442400695877,0.34502923976608185,0.12768544791244427,0.34502923976608185,0.12768544791244427,0.21734379185363759
4,SNAP23,4.3002963,1.3774936,1.7056980332920433e-05,0.0003824796772189843,0.34502923976608185,0.12930685042561815,0.34502923976608185,0.12930685042561815,0.2157223893404637
4,ATP5F1,4.2845674,0.8966197,1.8309507644463362e-05,0.0004092219908228996,0.6081871345029239,0.356708552898257,0.6081871345029239,0.356708552898257,0.25147858160466696
4,ARF1,4.2839966,0.87826514,1.835658781306595e-05,0.00040960386139743236,0.7368421052631579,0.4353465747871909,0.7368421052631579,0.4353465747871909,0.30149553047596694
4,NDUFB7,4.2825427,0.934027,1.8476949190428158e-05,0.00041161699534174046,0.543859649122807,0.2691528171868666,0.543859649122807,0.2691528171868666,0.2747068319359404
4,GNAI3,4.2712784,1.3528701,1.943557314664055e-05,0.0004322674053591585,0.34502923976608185,0.1301175516822051,0.34502923976608185,0.1301175516822051,0.21491168808387676
4,RTN3,4.2678003,1.4344952,1.9741000150984486e-05,0.0004383465009135677,0.32748538011695905,0.11268747466558574,0.32748538011695905,0.11268747466558574,0.2147979054513733
4,CD44,4.2646856,0.82145375,2.001839153409398e-05,0.0004432711380320337,0.695906432748538,0.4458856911228212,0.695906432748538,0.4458856911228212,0.2500207416257168
4,RAB7A,4.2645817,0.94156045,2.0027701535278616e-05,0.0004432711380320337,0.5497076023391813,0.29671665991082286,0.5497076023391813,0.29671665991082286,0.2529909424283584
4,NMI,4.260221,1.2387309,2.0422466007955198e-05,0.0004492012536971609,0.38011695906432746,0.16092419943250913,0.38011695906432746,0.16092419943250913,0.21919275963181833
4,PLSCR1,4.2601695,1.4310541,2.0427209911096727e-05,0.0004492012536971609,0.3391812865497076,0.1272800972841508,0.3391812865497076,0.1272800972841508,0.2119011892655568
4,NDUFS7,4.249268,0.9989767,2.1447017072798812e-05,0.00047086891502594953,0.5146198830409356,0.2776651803810296,0.5146198830409356,0.2776651803810296,0.23695470265990604
4,TREX1,4.245686,1.4475291,2.1792546163583625e-05,0.00047768701510417016,0.3216374269005848,0.10863396838265099,0.3216374269005848,0.10863396838265099,0.21300345851793379
4,CCDC12,4.232449,1.0661076,2.3116043116058016e-05,0.0005058857128091157,0.47368421052631576,0.23226591001216051,0.47368421052631576,0.23226591001216051,0.24141830051415525
4,GNAS,4.2077394,0.9467011,2.579381499419036e-05,0.0005626842453045743,0.5263157894736842,0.28415079043372515,0.5263157894736842,0.28415079043372515,0.24216499903995903
4,LAP3,4.2048326,1.3363392,2.6127577416538935e-05,0.0005690561358855752,0.3508771929824561,0.14187271990271585,0.3508771929824561,0.14187271990271585,0.20900447307974027
4,KLF3,4.1897264,1.6355312,2.792911649717055e-05,0.0006070532559623493,0.2982456140350877,0.09404134576408593,0.2982456140350877,0.09404134576408593,0.20420426827100177
4,TMBIM4-1,4.1883245,0.9358769,2.8102128876085784e-05,0.000609147098304488,0.52046783625731,0.2752330766112687,0.52046783625731,0.2752330766112687,0.24523475964604124
4,LACTB,4.1703115,1.8930926,3.0418343403622513e-05,0.0006572672429111852,0.2631578947368421,0.06282934738548845,0.2631578947368421,0.06282934738548845,0.20032854735135364
4,RER1,4.1693773,1.0484425,3.054331210266621e-05,0.0006589249132290834,0.43859649122807015,0.21199837859748683,0.43859649122807015,0.21199837859748683,0.22659811263058333
4,UTRN,4.1656914,1.9187028,3.10410182806092e-05,0.0006686059079495256,0.27485380116959063,0.07417916497770571,0.27485380116959063,0.07417916497770571,0.20067463619188491
4,SHKBP1,4.1489244,1.2415633,3.3404120582687235e-05,0.0007172431928886429,0.36257309941520466,0.15241183623834617,0.36257309941520466,0.15241183623834617,0.2101612631768585
4,ZNHIT1,4.1454983,0.9535731,3.390756542015848e-05,0.0007269100680968355,0.49707602339181284,0.25982975273611675,0.49707602339181284,0.25982975273611675,0.2372462706556961
4,GPX4,4.1398916,0.7803147,3.4746962190119256e-05,0.0007437374853734616,0.7602339181286549,0.5293879205512768,0.7602339181286549,0.5293879205512768,0.23084599757737811
4,CD63,4.1318455,0.88241214,3.5986204665908886e-05,0.0007690572940808321,0.5614035087719298,0.3299554114308877,0.5614035087719298,0.3299554114308877,0.2314480973410421
4,CALHM2,4.1272254,1.9718446,3.6716617992403574e-05,0.0007813527648315178,0.2573099415204678,0.060397243615727604,0.2573099415204678,0.060397243615727604,0.19691269790474022
4,GNG2,4.127122,1.3713299,3.6733192371253254e-05,0.0007813527648315178,0.3216374269005848,0.11106607215241183,0.3216374269005848,0.11106607215241183,0.21057135474817296
4,UBC,4.120166,0.60754037,3.7860001773819156e-05,0.0008040687157438171,0.9649122807017544,0.8455614106201864,0.9649122807017544,0.8455614106201864,0.11935087008156797
4,TNFRSF14,4.112431,1.0424411,3.9151453391257574e-05,0.0008302053532779712,0.43859649122807015,0.20672882042967167,0.43859649122807015,0.20672882042967167,0.23186767079839848
4,PPCS,4.1119637,1.1120372,3.923078472521291e-05,0.0008305978235775311,0.39766081871345027,0.17632752330766113,0.39766081871345027,0.17632752330766113,0.22133329540578914
4,PSMD4,4.1050596,0.9709333,4.0421058408298277e-05,0.0008544736433803735,0.52046783625731,0.2691528171868666,0.52046783625731,0.2691528171868666,0.25131501907044335
4,GNB1,4.08035,1.427866,4.496792728139887e-05,0.0009449525769717698,0.30994152046783624,0.1053911633563032,0.30994152046783624,0.1053911633563032,0.20455035711153302
4,ARPC1A,4.080298,1.3609331,4.497797122375882e-05,0.0009449525769717698,0.3216374269005848,0.10985002026753142,0.3216374269005848,0.10985002026753142,0.21178740663305334
4,ICAM3,4.060572,0.8275701,4.895263271901954e-05,0.00102530238099836,0.672514619883041,0.40535062829347385,0.672514619883041,0.40535062829347385,0.2671639915895671
4,SELT,4.0551214,0.9216718,5.0108275146734215e-05,0.0010478998551359915,0.543859649122807,0.28415079043372515,0.543859649122807,0.28415079043372515,0.2597088586890819
4,VIM,4.0544467,0.7294644,5.025314058248647e-05,0.001049322458401277,0.9590643274853801,0.7904337251722741,0.9590643274853801,0.7904337251722741,0.168630602313106
4,C1orf43,4.041417,1.0359563,5.3129205406882915e-05,0.0011059945564579163,0.4327485380116959,0.21321443048236724,0.4327485380116959,0.21321443048236724,0.21953410752932864
4,PSMB6,4.036485,0.8965547,5.425790488727047e-05,0.001126057673465905,0.5146198830409356,0.26145115524929063,0.5146198830409356,0.26145115524929063,0.253168727791645
4,EMC7,4.033838,1.1261201,5.487317257177501e-05,0.001137098702033626,0.38011695906432746,0.1641670044588569,0.38011695906432746,0.1641670044588569,0.21594995460547056
4,CALM3,4.0313983,0.90248173,5.544603148256757e-05,0.001147228796857489,0.5906432748538012,0.34779083907580055,0.5906432748538012,0.34779083907580055,0.24285243577800064
4,IDH2,4.0291657,1.1625321,5.59750951473851e-05,0.0011564234483096686,0.38011695906432746,0.17024726388325903,0.38011695906432746,0.17024726388325903,0.20986969518106843
4,VMA21,4.0171747,1.7479753,5.89000999862514e-05,0.0012150147513780199,0.26900584795321636,0.07417916497770571,0.26900584795321636,0.07417916497770571,0.19482668297551065
4,SSR3,4.0153575,1.2006735,5.935571381456882e-05,0.0012225665578457796,0.3742690058479532,0.16781516011349817,0.3742690058479532,0.16781516011349817,0.20645384573445502
4,RASGRP2,4.0143714,0.9618027,5.960444263353428e-05,0.0012258407659691928,0.4502923976608187,0.22821240372922577,0.4502923976608187,0.22821240372922577,0.22207999393159292
4,NDUFA4,4.0021205,0.7460281,6.277734072227419e-05,0.0012891539321855283,0.7368421052631579,0.5127685447912445,0.7368421052631579,0.5127685447912445,0.2240735604719134
4,TNFRSF1A,4.000667,1.813619,6.31642237719577e-05,0.001293209355067248,0.27485380116959063,0.08025942440210783,0.27485380116959063,0.08025942440210783,0.1945943767674828
4,RNF213,3.99179,0.9993716,6.557639780545582e-05,0.0013405857611247076,0.43859649122807015,0.21280907985407377,0.43859649122807015,0.21280907985407377,0.22578741137399638
4,TBCB,3.990752,0.91838324,6.586415093236848e-05,0.0013444556728436832,0.5321637426900585,0.2914471017430077,0.5321637426900585,0.2914471017430077,0.2407166409470508
4,BIN2,3.9856126,0.83160913,6.73062128837331e-05,0.0013718412584182973,0.5964912280701754,0.35387109850020265,0.5964912280701754,0.35387109850020265,0.24262012956997275
4,AMICA1,3.9819272,0.923444,6.835876084762831e-05,0.0013912179405889899,0.47953216374269003,0.24847993514389946,0.47953216374269003,0.24847993514389946,0.23105222859879057
4,CMTM7,3.9745557,1.0177332,7.05107556084414e-05,0.0014307501910681662,0.4152046783625731,0.1876773408998784,0.4152046783625731,0.1876773408998784,0.22752733746269468
4,FAM32A,3.9669766,1.3198563,7.279009718676718e-05,0.0014726245439740631,0.32748538011695905,0.12971220105391162,0.32748538011695905,0.12971220105391162,0.19777317906304742
4,ARPC4,3.9595535,0.87580436,7.509003047459817e-05,0.0015169074795282733,0.5380116959064327,0.30117551682205107,0.5380116959064327,0.30117551682205107,0.23683617908438165
4,HLA-DQA1,3.9561274,0.7683795,7.617456229002812e-05,0.0015365433126035804,0.43859649122807015,0.2030806647750304,0.43859649122807015,0.2030806647750304,0.23551582645303976
4,FIBP,3.9547777,1.1550956,7.660585520556987e-05,0.0015423649619640937,0.36257309941520466,0.15930279691933522,0.36257309941520466,0.15930279691933522,0.20327030249586944
4,PLEKHO1,3.94642,1.8352655,7.932840290012152e-05,0.0015931009853000875,0.2573099415204678,0.06931495743818403,0.2573099415204678,0.06931495743818403,0.1879949840822838
4,RAP1A,3.9422152,0.8709017,8.073247397871287e-05,0.001618917275555511,0.5672514619883041,0.30928252938792056,0.5672514619883041,0.30928252938792056,0.25796893260038356
4,SRSF9,3.929653,0.83856386,8.50686008598156e-05,0.0017033677614980086,0.5380116959064327,0.29104175111471425,0.5380116959064327,0.29104175111471425,0.24696994479171847
4,DEDD2,3.9231122,1.3930455,8.741247451139743e-05,0.0017400943905650776,0.30409356725146197,0.10985002026753142,0.30409356725146197,0.10985002026753142,0.19424354698393054
4,MTHFS,3.9128857,1.324822,9.119974556703737e-05,0.0018102089032899162,0.30994152046783624,0.11268747466558574,0.30994152046783624,0.11268747466558574,0.1972540458022505
4,LSM10,3.8977277,0.96597826,9.709953819175737e-05,0.0019245156655248747,0.4152046783625731,0.19781110660721524,0.4152046783625731,0.19781110660721524,0.21739357175535784
4,TXNDC17,3.8803895,1.4013641,0.0001042893622016175,0.002058057124603018,0.29239766081871343,0.09850020267531415,0.29239766081871343,0.09850020267531415,0.1938974581433993
4,PFKL,3.874679,1.459992,0.0001067652527729564,0.002103876323041115,0.28654970760233917,0.09363599513579246,0.28654970760233917,0.09363599513579246,0.1929137124665467
4,COX6A1P2,3.8659582,1.094927,0.00011065390159110065,0.0021773626514813692,0.38011695906432746,0.17592217267936766,0.38011695906432746,0.17592217267936766,0.2041947863849598
4,PSMD9,3.8418195,1.0291909,0.00012212557375760905,0.0023893221135156293,0.38596491228070173,0.17105796513984597,0.38596491228070173,0.17105796513984597,0.21490694714085576
4,PLIN2,3.8405738,1.3910344,0.0001227470830334119,0.002398046017030433,0.29239766081871343,0.09931090393190109,0.29239766081871343,0.09931090393190109,0.19308675688681234
4,PKN1,3.8373034,1.4100935,0.0001243927619749829,0.0024267250821862377,0.2982456140350877,0.10985002026753142,0.2982456140350877,0.10985002026753142,0.18839559376755627
4,ID2,3.836369,0.7707697,0.00012486676251170553,0.002431599249104661,0.6198830409356725,0.37130117551682207,0.6198830409356725,0.37130117551682207,0.2485818654188504
4,YWHAE,3.8361094,1.263704,0.00012499873117102168,0.002431599249104661,0.32748538011695905,0.12971220105391162,0.32748538011695905,0.12971220105391162,0.19777317906304742
4,SMAP2,3.8210034,1.0830389,0.00013290983986679355,0.0025781488255979157,0.3508771929824561,0.14835832995541143,0.3508771929824561,0.14835832995541143,0.2025188630270447
4,CHCHD5,3.819394,1.1465377,0.00013377986454189258,0.0025913444399774254,0.3333333333333333,0.13417105796513984,0.3333333333333333,0.13417105796513984,0.19916227536819348
4,ANAPC11,3.8140473,0.8863157,0.00013670928170666258,0.002640596818933782,0.4678362573099415,0.23186055938386704,0.4678362573099415,0.23186055938386704,0.23597569792607445
4,HERPUD1,3.813009,0.9536523,0.00013728506211358493,0.0026442380934035485,0.4093567251461988,0.19862180786380218,0.4093567251461988,0.19862180786380218,0.21073491728239663
4,LMAN2,3.813009,0.88857764,0.00013728506211358493,0.0026442380934035485,0.47368421052631576,0.2464531820024321,0.47368421052631576,0.2464531820024321,0.22723102852388366
4,CECR1,3.81249,1.3899841,0.00013757380824484615,0.002646067500551576,0.28654970760233917,0.09566274827725983,0.28654970760233917,0.09566274827725983,0.19088695932507932
4,BUD31,3.8087523,0.84417015,0.0001396697310002963,0.002682601753220881,0.47953216374269003,0.24118362383461694,0.47953216374269003,0.24118362383461694,0.2383485399080731
4,ATP2B1,3.8067799,1.5244946,0.0001407880021678173,0.00270028224382544,0.27485380116959063,0.08796108633968383,0.27485380116959063,0.08796108633968383,0.1868927148299068
4,SRA1,3.8007061,1.4451443,0.00014428428753723605,0.0027518802103470605,0.2807017543859649,0.09282529387920552,0.2807017543859649,0.09282529387920552,0.18787646050675938
4,CLTB,3.7957227,1.0001608,0.00014721393551195768,0.0028038403115080808,0.38596491228070173,0.17794892582083502,0.38596491228070173,0.17794892582083502,0.20801598645986671
4,PSMB4,3.771065,1.025161,0.00016255225228593132,0.0030916623359563762,0.3742690058479532,0.16700445885691123,0.3742690058479532,0.16700445885691123,0.20726454699104196
4,PSMC3,3.7637458,1.0413,0.00016738712353832683,0.0031747757764435986,0.3684210526315789,0.16173490068909607,0.3684210526315789,0.16173490068909607,0.20668615194248285
4,MRPL18,3.7451096,1.031989,0.00018031498977935976,0.0034010794204791944,0.391812865497076,0.18119173084718282,0.391812865497076,0.18119173084718282,0.21062113464989318
4,CTSA,3.739711,1.1341017,0.00018423198991128058,0.0034653885044468977,0.3333333333333333,0.13903526550466153,0.3333333333333333,0.13903526550466153,0.1942980678286718
4,NDUFA2,3.7364924,0.90789896,0.0001866050366051966,0.0035051972212937622,0.4678362573099415,0.2432103769760843,0.4678362573099415,0.2432103769760843,0.2246258803338572
4,MTPN,3.7258508,1.3133261,0.0001946575722559051,0.003636448436014555,0.30409356725146197,0.11876773408998784,0.30409356725146197,0.11876773408998784,0.18532583316147413
4,NUDT3,3.7258508,1.7020624,0.0001946575722559051,0.003636448436014555,0.25146198830409355,0.07174706120794487,0.25146198830409355,0.07174706120794487,0.17971492709614867
4,MLX,3.7205558,1.4089059,0.00019878478927416854,0.0037084768884262918,0.29239766081871343,0.10660721524118362,0.29239766081871343,0.10660721524118362,0.18579044557752983
4,GPX1,3.714015,0.66955566,0.00020399664542689776,0.003800515948089653,0.6783625730994152,0.40535062829347385,0.6783625730994152,0.40535062829347385,0.2730119448059413
4,PTGES3,3.7036328,0.7613475,0.00021253376670217342,0.0039541704606061035,0.5906432748538012,0.396027563842724,0.5906432748538012,0.396027563842724,0.19461571101107722
4,SYTL1,3.6947043,1.1263615,0.00022014290144341928,0.004090165254573243,0.3508771929824561,0.15646534252128091,0.3508771929824561,0.15646534252128091,0.1944118504611752
4,TCF25,3.6933026,0.91605264,0.00022136033391619266,0.004107196630379792,0.4502923976608187,0.24118362383461694,0.4502923976608187,0.24118362383461694,0.20910877382620174
4,NDUFB3,3.6893573,1.1759702,0.00022482120304005885,0.00416010616357052,0.3157894736842105,0.12809079854073774,0.3157894736842105,0.12809079854073774,0.18769867514347277
4,PDCL3,3.6881115,1.2913066,0.00022592461869045584,0.004174866837397652,0.2982456140350877,0.1114714227807053,0.2982456140350877,0.1114714227807053,0.18677419125438238
4,OSTF1,3.6685412,0.8365354,0.0002439384461576114,0.0044834770130933255,0.5029239766081871,0.2975273611674098,0.5029239766081871,0.2975273611674098,0.2053966154407773
4,NEDD8,3.66335,0.7606542,0.0002489379688312424,0.004569216266612159,0.7543859649122807,0.4843940008107013,0.7543859649122807,0.4843940008107013,0.26999196410157944
4,NR4A1,3.6564977,1.4454516,0.00025568458730550203,0.004686749965428102,0.27485380116959063,0.0960680989055533,0.27485380116959063,0.0960680989055533,0.17878570226403734
4,UBE2J1,3.6471539,1.392785,0.0002651611587790663,0.004853942070089718,0.2807017543859649,0.10255370895824889,0.2807017543859649,0.10255370895824889,0.178148045427716
4,MIR142,3.6443508,1.0195473,0.00026806771839184057,0.004900579333813888,0.3508771929824561,0.154843940008107,0.3508771929824561,0.154843940008107,0.19603325297434912
4,DUSP1,3.642326,0.61485934,0.00027018544507691027,0.004932690425093966,0.9941520467836257,0.8840697203080665,0.9941520467836257,0.8840697203080665,0.11008232647555916
4,SFT2D1,3.631892,1.165127,0.00028135080245252206,0.00512695992987359,0.3216374269005848,0.13579246047831375,0.3216374269005848,0.13579246047831375,0.18584496642227102
4,C7orf50,3.6316843,1.0517673,0.00028157732479534213,0.00512695992987359,0.34502923976608185,0.1487636805837049,0.34502923976608185,0.1487636805837049,0.19626555918237695
4,MRPL21,3.6263895,1.0590409,0.0002874117118794819,0.005226224151033562,0.3391812865497076,0.14916903121199837,0.3391812865497076,0.14916903121199837,0.1900122553377092
4,ZNHIT3,3.6252995,1.1288304,0.0002886268842066995,0.0052413413972429365,0.3508771929824561,0.16051884880421566,0.3508771929824561,0.16051884880421566,0.19035834417824046
4,STX7,3.612789,1.2240323,0.000302921350343622,0.005493617477148077,0.2982456140350877,0.11268747466558574,0.2982456140350877,0.11268747466558574,0.18555813936950197
4,GUK1,3.6096742,0.72399473,0.00030658181340544825,0.005543481853336102,0.7134502923976608,0.46493717065261453,0.7134502923976608,0.46493717065261453,0.24851312174504625
4,CORO1B,3.6094146,1.0189594,0.0003068887142005048,0.005543481853336102,0.34502923976608185,0.15362788812322659,0.34502923976608185,0.15362788812322659,0.19140135164285527
4,POLR3K,3.6078572,1.4262955,0.0003087361683691021,0.005569486281702058,0.27485380116959063,0.09728415079043372,0.27485380116959063,0.09728415079043372,0.1775696503791569
4,AOAH,3.6068711,1.2322592,0.0003099116032013703,0.005583315109918091,0.2982456140350877,0.11430887717875962,0.2982456140350877,0.11430887717875962,0.18393673685632808
4,STX10,3.600382,1.1300277,0.000317749803743539,0.0057019596845226915,0.3216374269005848,0.1345764085934333,0.3216374269005848,0.1345764085934333,0.18706101830715147
4,NCOA4,3.5944643,1.1403635,0.0003250596753201842,0.005817843939937661,0.3157894736842105,0.13214430482367248,0.3157894736842105,0.13214430482367248,0.18364516886053803
4,ETFA,3.5938413,1.2346237,0.0003258382240346632,0.005824145009708587,0.30409356725146197,0.12160518848804215,0.30409356725146197,0.12160518848804215,0.18248837876341983
4,IL10RB,3.5846012,1.3332922,0.0003375935661624697,0.006026376130084557,0.27485380116959063,0.09566274827725983,0.27485380116959063,0.09566274827725983,0.17919105289233078
4,LRPAP1,3.5827844,1.0040373,0.0003399512021344174,0.0060605399691221985,0.3567251461988304,0.16822051074179165,0.3567251461988304,0.16822051074179165,0.18850463545703874
4,DNAJA1,3.5810714,0.77517146,0.00034218821689073643,0.006092467131499214,0.5146198830409356,0.2813133360356709,0.5146198830409356,0.2813133360356709,0.23330654700526476
4,LY86,3.5793583,0.8882145,0.00034443899698077715,0.006124555915064444,0.38011695906432746,0.17875962707742196,0.38011695906432746,0.17875962707742196,0.2013573319869055
4,GCA,3.5715716,1.305422,0.00035484546047941513,0.0063013909080713824,0.2982456140350877,0.11917308471828131,0.2982456140350877,0.11917308471828131,0.1790725293168064
4,TMEM134,3.5683012,1.2065204,0.0003593032530432131,0.006372266524101452,0.2982456140350877,0.11552492906364005,0.2982456140350877,0.11552492906364005,0.18272068497144767
4,TRAPPC1,3.5674708,0.7339266,0.0003604437006017165,0.006384201265132348,0.695906432748538,0.4333198216457235,0.695906432748538,0.4333198216457235,0.2625866111028145
4,PCMT1,3.5648232,0.8602681,0.0003641015078955531,0.006440634963499577,0.4269005847953216,0.21321443048236724,0.4269005847953216,0.21321443048236724,0.21368615431295437
4,TXN2,3.5409443,1.0963066,0.0003986978544449918,0.007025313419742978,0.3333333333333333,0.15160113498175923,0.3333333333333333,0.15160113498175923,0.1817321983515741
4,TWF2,3.5390754,0.98672867,0.0004015310993817137,0.007057025345117996,0.36257309941520466,0.17146331576813945,0.36257309941520466,0.17146331576813945,0.1911097836470652
4,LDHA,3.5385044,0.728137,0.000402400557791659,0.007063215960415033,0.7134502923976608,0.4779083907580057,0.7134502923976608,0.4779083907580057,0.2355419016396551
4,CHMP2A,3.535234,0.86458915,0.00040741416052226875,0.007142038223481518,0.4502923976608187,0.2513173895419538,0.4502923976608187,0.2513173895419538,0.19897500811886487
4,MYADM,3.5204914,0.95164996,0.0004307480591292223,0.007531748393685865,0.3684210526315789,0.17794892582083502,0.3684210526315789,0.17794892582083502,0.1904721268107439
4,MT-ND3,3.5175323,0.88238716,0.00043557913871879964,0.007606481737012695,0.39766081871345027,0.19294689906769355,0.39766081871345027,0.19294689906769355,0.20471391964575672
4,PTPRC,3.513795,0.70995474,0.00044175386281527997,0.00767129335222946,0.672514619883041,0.44061613295500607,0.672514619883041,0.44061613295500607,0.23189848692803489
4,CAPZA1,3.513691,0.9651873,0.0004419265435857377,0.00767129335222946,0.3508771929824561,0.15889744629104174,0.3508771929824561,0.15889744629104174,0.19197974669141438
4,NDUFA11,3.5036204,0.7490716,0.0004589792772779009,0.007933950646211411,0.6549707602339181,0.3968382650993109,0.6549707602339181,0.3968382650993109,0.2581324951346072
4,ADI1,3.4955742,1.1065247,0.0004730430470217913,0.008146123392344997,0.32748538011695905,0.14673692744223754,0.32748538011695905,0.14673692744223754,0.1807484526747215
4,MSRB1,3.4919922,1.3492708,0.00047943211770747946,0.008245749369538211,0.26900584795321636,0.09687880016214025,0.26900584795321636,0.09687880016214025,0.17212704779107613
4,CDC42,3.484569,0.7376798,0.0004929303156059933,0.0084566035049189,0.6081871345029239,0.3579246047831374,0.6081871345029239,0.3579246047831374,0.2502625297197865
4,UPP1,3.4734082,1.1018605,0.0005138931622319286,0.008794141633382477,0.3157894736842105,0.13579246047831375,0.3157894736842105,0.13579246047831375,0.17999701320589676
4,PSMB2,3.4627664,0.9074072,0.0005346522484129576,0.009126513880409186,0.39766081871345027,0.20510741791649778,0.39766081871345027,0.20510741791649778,0.1925534007969525
4,ATP6AP2,3.46178,0.8552433,0.0005366153154575232,0.009148587700234629,0.43859649122807015,0.23996757194973653,0.43859649122807015,0.23996757194973653,0.19862891927833362
4,POLR2F,3.4530072,0.94413435,0.0005543741864264765,0.009439568441196962,0.3567251461988304,0.1641670044588569,0.3567251461988304,0.1641670044588569,0.1925581417399735
4,NDUFV2,3.4504116,0.8007362,0.0005597323103143294,0.009518934532568472,0.47953216374269003,0.2683421159302797,0.47953216374269003,0.2683421159302797,0.21119004781241035
4,MT-ND5,3.4448571,0.70770055,0.0005713611486542276,0.009704611748783747,0.7426900584795322,0.5010133765707336,0.7426900584795322,0.5010133765707336,0.24167668190879854
4,RNF7,3.4436634,0.83733034,0.0005738900057179606,0.00972337706958371,0.4444444444444444,0.23794081880826914,0.4444444444444444,0.23794081880826914,0.20650362563617528
4,PAIP2,3.4378493,0.7537097,0.0005863540646322763,0.009922244246119412,0.5087719298245614,0.3040129712201054,0.5087719298245614,0.3040129712201054,0.20475895860445603
4,MRPL27,3.4329176,1.4412439,0.000597123315074283,0.010091975235958426,0.2573099415204678,0.09079854073773815,0.2573099415204678,0.09079854073773815,0.1665114007827297
4,SLIRP,3.4244561,1.1955093,0.0006160310666260984,0.010398665322430159,0.2807017543859649,0.1053911633563032,0.2807017543859649,0.1053911633563032,0.17531059102966168
4,NDUFB2,3.422224,0.768998,0.0006211110617565034,0.010471472418946678,0.5614035087719298,0.3344142683421159,0.5614035087719298,0.3344142683421159,0.2269892404298139
4,NDUFA7-1,3.41885,0.9795971,0.0006288641608096687,0.010589110949465888,0.3333333333333333,0.14957438184029184,0.3333333333333333,0.14957438184029184,0.18375895149304147
4,ARHGAP4,3.4121532,1.1118246,0.0006445184283520807,0.010812707196039328,0.29239766081871343,0.11349817592217268,0.29239766081871343,0.11349817592217268,0.17889948489654076
4,NDUFA12,3.4084678,0.8906324,0.0006532882267594349,0.010946385306290605,0.40350877192982454,0.209566274827726,0.40350877192982454,0.209566274827726,0.19394249710209854
4,MRPL54,3.401304,0.8741598,0.0006706520585748493,0.011223559450855566,0.40350877192982454,0.2136197811106607,0.40350877192982454,0.2136197811106607,0.18988899081916383
4,GRB2,3.397307,0.9350734,0.0006805261138822686,0.01134708743733365,0.3567251461988304,0.17267936765301986,0.3567251461988304,0.17267936765301986,0.18404577854581053
4,PHPT1,3.3962166,0.96320134,0.0006832423971524288,0.011378485579894595,0.3333333333333333,0.15241183623834617,0.3333333333333333,0.15241183623834617,0.18092149709498714
4,MYH9,3.393154,0.86649805,0.0006909278868579082,0.011478480806486124,0.3684210526315789,0.17713822456424808,0.3684210526315789,0.17713822456424808,0.19128282806733085
4,COPE,3.3900394,0.74289036,0.0006988259829637627,0.011595586419627149,0.6783625730994152,0.4211593027969193,0.6783625730994152,0.4211593027969193,0.25720327030249585
4,MIEN1,3.3846924,0.95268774,0.0007125803226589464,0.011795147740885543,0.3567251461988304,0.16943656262667206,0.3567251461988304,0.16943656262667206,0.18728858357215833
4,CD4,3.3822007,1.2701478,0.0007190756624247345,0.011888253324542585,0.27485380116959063,0.10620186461289015,0.27485380116959063,0.10620186461289015,0.16865193655670047
4,TXNL1,3.3804877,0.8979105,0.0007235730702827989,0.011938221631739632,0.36257309941520466,0.1690312119983786,0.36257309941520466,0.1690312119983786,0.19354188741682607
4,UBE2B,3.3787227,1.07184,0.0007282340838711223,0.01199609728509535,0.3216374269005848,0.13984596676124847,0.3216374269005848,0.13984596676124847,0.1817914601393363
4,ZFAND6,3.3742585,1.0000618,0.0007401484919764872,0.012177672055940853,0.3333333333333333,0.15281718686663964,0.3333333333333333,0.15281718686663964,0.18051614646669367
4,KDELR2,3.3683925,0.95752746,0.0007560787744911535,0.012424803543262567,0.34502923976608185,0.1674098094852047,0.34502923976608185,0.1674098094852047,0.17761943028087715
4,UBL5,3.3669908,0.72069764,0.0007599319625739354,0.012473114039554882,0.6608187134502924,0.4308877178759627,0.6608187134502924,0.4308877178759627,0.22993099557432972
4,SHFM1,3.3636167,0.8763193,0.0007692830645485829,0.012611440011375088,0.38596491228070173,0.19010944466963925,0.38596491228070173,0.19010944466963925,0.19585546761106248
4,MX2,3.3629937,1.2869121,0.000771021060393287,0.01262477649967713,0.26900584795321636,0.10255370895824889,0.26900584795321636,0.10255370895824889,0.16645213899496747
4,OTUB1,3.3403606,0.99508125,0.0008366966624055558,0.01363476088521512,0.32748538011695905,0.1503850830968788,0.32748538011695905,0.1503850830968788,0.17710029702008023
4,NDUFS3,3.3293035,1.0501494,0.000870634411884187,0.014154028010345784,0.32748538011695905,0.15403323875152006,0.32748538011695905,0.15403323875152006,0.173452141365439
4,MYL12B,3.3233337,0.69596124,0.0008894839000816418,0.014443272460778716,0.9122807017543859,0.6866639643291447,0.9122807017543859,0.6866639643291447,0.22561673742524124
4,DCTN3,3.3134708,0.8452242,0.0009214573063130362,0.014944680492886962,0.42105263157894735,0.22051074179164978,0.42105263157894735,0.22051074179164978,0.20054188978729756
4,MIDN,3.3083317,1.4086853,0.0009385360437476129,0.015185602148598817,0.2573099415204678,0.09687880016214025,0.2573099415204678,0.09687880016214025,0.1604311413583276
4,SSNA1,3.2933295,0.83234656,0.0009900841434687193,0.01596291506872353,0.40350877192982454,0.21199837859748683,0.40350877192982454,0.21199837859748683,0.19151039333233771
4,TMEM147,3.2891245,0.89007556,0.001004995240594355,0.01616515312786397,0.36257309941520466,0.1815970814754763,0.36257309941520466,0.1815970814754763,0.18097601793972837
4,LSMD1,3.2873597,0.9700903,0.0010113159443527467,0.016247682983624834,0.34502923976608185,0.16457235508715037,0.34502923976608185,0.16457235508715037,0.18045688467893148
4,FKBP8,3.268412,0.7266882,0.0010815274360538771,0.01731775862353253,0.5087719298245614,0.30158086745034457,0.5087719298245614,0.30158086745034457,0.20719106237421686
4,TLN1,3.2683601,1.1566625,0.001081725842550765,0.01731775862353253,0.2807017543859649,0.116335630320227,0.2807017543859649,0.116335630320227,0.16436612406573792
4,RHEB,3.262598,1.0965753,0.0011039594108421702,0.017624670565363668,0.2982456140350877,0.1301175516822051,0.2982456140350877,0.1301175516822051,0.1681280623528826
4,CAPG,3.2578743,0.8113569,0.0011225013524084702,0.017886672658681525,0.40350877192982454,0.22091609241994326,0.40350877192982454,0.22091609241994326,0.18259267950988128
4,ERICH1,3.2550712,1.2084273,0.001133639956828089,0.01804310868350161,0.26900584795321636,0.10458046209971625,0.26900584795321636,0.10458046209971625,0.1644253858535001
4,TMEM141,3.243495,1.2012792,0.0011807290764002504,0.018748879380606768,0.2631578947368421,0.09890555330360762,0.2631578947368421,0.09890555330360762,0.16425234143323447
4,SNRPD1,3.2392902,0.85079676,0.001198276026827285,0.018983361278832257,0.38011695906432746,0.2030806647750304,0.38011695906432746,0.2030806647750304,0.17703629428929707
4,ATP5G2,3.2335799,0.5096222,0.001222491071634041,0.019344540062844105,0.9532163742690059,0.8139440616132955,0.9532163742690059,0.8139440616132955,0.13927231265571038
4,SQRDL,3.2246513,1.0688953,0.001261261924927264,0.01993494542454481,0.2982456140350877,0.13376570733684637,0.2982456140350877,0.13376570733684637,0.16447990669824133
4,PFDN2,3.217799,0.8690945,0.0012917828125234875,0.020346696756425312,0.3567251461988304,0.1844345358735306,0.3567251461988304,0.1844345358735306,0.1722906103252998
4,RAB18,3.2168646,1.2056451,0.0012959971684996664,0.02038689775899596,0.27485380116959063,0.11511957843534658,0.27485380116959063,0.11511957843534658,0.15973422273424404
4,ADAR,3.2165532,0.96495813,0.0012974047713836066,0.02038689775899596,0.3391812865497076,0.17024726388325903,0.3391812865497076,0.17024726388325903,0.16893402266644855
4,TMEM9B,3.2162418,0.85511655,0.0012988137851732927,0.02038689775899596,0.36257309941520466,0.17916497770571543,0.36257309941520466,0.17916497770571543,0.18340812170948922
4,C19orf10,3.2071574,0.8123159,0.0013405365919164013,0.020969493355338348,0.391812865497076,0.2063234698013782,0.391812865497076,0.2063234698013782,0.1854893956956978
4,CHMP5,3.201499,0.8310041,0.0013671452729389797,0.02136125382981088,0.391812865497076,0.209566274827726,0.391812865497076,0.209566274827726,0.18224659066935
4,RBCK1,3.1999416,0.85246766,0.0013745537854005711,0.021452464563920227,0.38011695906432746,0.19659505472233482,0.38011695906432746,0.19659505472233482,0.18352190434199264
4,COMT,3.1938682,1.0065724,0.0014038021706908718,0.021858976559811342,0.3157894736842105,0.14552087555735713,0.3157894736842105,0.14552087555735713,0.17026859812685338
4,PRKCB,3.1894038,1.1321152,0.0014256657377919389,0.02214890934617374,0.29239766081871343,0.12930685042561815,0.29239766081871343,0.12930685042561815,0.16309081039309528
4,UBE2E3,3.185822,1.1435089,0.001443433936664536,0.022399470271694207,0.27485380116959063,0.11268747466558574,0.27485380116959063,0.11268747466558574,0.1621663265040049
4,CYTH4,3.1835897,1.207043,0.0014546098747756314,0.02252171479584583,0.2807017543859649,0.12119983785974868,0.2807017543859649,0.12119983785974868,0.1595019165262162
4,MCL1,3.1818767,0.6678412,0.0014632407852024356,0.022629689878510145,0.6491228070175439,0.39278475881637614,0.6491228070175439,0.39278475881637614,0.25633804820116773
4,UBXN1,3.177049,0.7137023,0.0014878188180670352,0.022983771243804785,0.7602339181286549,0.49371706526145115,0.7602339181286549,0.49371706526145115,0.2665168528672038
4,BSG,3.1686394,0.7395629,0.001531542487424143,0.023579193019463467,0.4269005847953216,0.2371301175516822,0.4269005847953216,0.2371301175516822,0.1897704672436394
4,STK17B,3.164227,0.83096963,0.001554954415622579,0.023858941010946,0.3684210526315789,0.18524523713011756,0.3684210526315789,0.18524523713011756,0.18317581550146136
4,GRK6,3.1588283,0.91226834,0.0015840477776516413,0.024278065602256805,0.3508771929824561,0.17794892582083502,0.3508771929824561,0.17794892582083502,0.1729282671616211
4,CDK2AP2,3.157323,0.91623163,0.0015922492423384716,0.024349110474103212,0.3216374269005848,0.14916903121199837,0.3216374269005848,0.14916903121199837,0.1724683956885864
4,BCAP31,3.1564405,0.73068374,0.0015970751536408814,0.024394370861666115,0.4619883040935672,0.2732063234698014,0.4619883040935672,0.2732063234698014,0.18878198062376583
4,POLR1D,3.156129,0.6945006,0.0015987816286753935,0.024394370861666115,0.5029239766081871,0.2809079854073774,0.5029239766081871,0.2809079854073774,0.22201599120080973
4,MTMR14,3.1510417,1.2036147,0.0016268927085570895,0.024761203026596592,0.2573099415204678,0.09850020267531415,0.2573099415204678,0.09850020267531415,0.15880973884515368
4,ATP5H,3.1506784,0.67491645,0.0016289179475029803,0.024761203026596592,0.5730994152046783,0.3425212809079854,0.5730994152046783,0.3425212809079854,0.23057813429669294
4,RPN1,3.1442933,1.0803505,0.001664884986587629,0.025177928435039496,0.26900584795321636,0.10579651398459668,0.26900584795321636,0.10579651398459668,0.1632093339686197
4,ATP5L,3.1419053,0.5783326,0.0016785227639025692,0.025356091663554743,0.8654970760233918,0.6878800162140252,0.8654970760233918,0.6878800162140252,0.1776170598093666
4,RALY,3.1399329,0.76724166,0.001689866187562254,0.025499240505359275,0.4093567251461988,0.21483583299554115,0.4093567251461988,0.21483583299554115,0.19452089215065765
4,CCDC115,3.1370258,0.91824156,0.0017067113857928678,0.025725000755394488,0.3157894736842105,0.15160113498175923,0.3157894736842105,0.15160113498175923,0.16418833870245128
4,FUNDC2,3.130485,0.89413124,0.0017451792477392609,0.026246880844853902,0.3157894736842105,0.14227807053100933,0.3157894736842105,0.14227807053100933,0.17351140315320118
4,ATRAID,3.120103,0.7579484,0.001807879322184983,0.02713010991621772,0.4678362573099415,0.26428860964734496,0.4678362573099415,0.26428860964734496,0.20354764766259653
4,ACTR3,3.105516,0.6446389,0.00189947440593157,0.02847335069967236,0.6140350877192983,0.40129712201053913,0.6140350877192983,0.40129712201053913,0.21273796570875914
4,SYF2,3.0918114,0.67766213,0.001989392137608332,0.02975590255331805,0.6023391812865497,0.36481556546412647,0.6023391812865497,0.36481556546412647,0.23752361582242326
4,NDUFB6,3.0905654,1.1164751,0.0019977572369675924,0.029848329133511424,0.2807017543859649,0.12119983785974868,0.2807017543859649,0.12119983785974868,0.1595019165262162
4,PSENEN,3.0787818,1.0057571,0.0020784888641149366,0.030952937762653843,0.29239766081871343,0.13052290231049857,0.29239766081871343,0.13052290231049857,0.16187475850821487
4,PDIA6,3.0775359,0.76257545,0.00208719702272745,0.031048760939396576,0.4093567251461988,0.22821240372922577,0.4093567251461988,0.22821240372922577,0.18114432141697304
4,BLVRB,3.073383,0.7817455,0.0021164664672769107,0.031415723996884234,0.3216374269005848,0.15079043372517228,0.3216374269005848,0.15079043372517228,0.1708469931754125
4,UBE2A,3.0696974,1.109307,0.0021427578685887633,0.0317714456606386,0.26900584795321636,0.1130928252938792,0.26900584795321636,0.1130928252938792,0.15591302265933715
4,UQCRQ,3.0490367,0.7085932,0.0022957633948268628,0.03385631200837542,0.4619883040935672,0.2817186866639643,0.4619883040935672,0.2817186866639643,0.1802696174296029
4,PRDX6,3.048362,0.69662833,0.0023009257986801534,0.03389583895013611,0.4678362573099415,0.27401702472638834,0.4678362573099415,0.27401702472638834,0.19381923258355316
4,PSMC2,3.0377722,0.99399287,0.0023833407466214104,0.03495907758954026,0.29239766081871343,0.131738954195379,0.29239766081871343,0.131738954195379,0.16065870662333442
4,NAPA,3.021005,1.0587732,0.002519372376374092,0.03675699697838098,0.27485380116959063,0.12160518848804215,0.27485380116959063,0.12160518848804215,0.1532486126815485
4,FIS1,3.0176826,0.6646959,0.00254715484369233,0.037122675075200055,0.5321637426900585,0.318200243210377,0.5321637426900585,0.318200243210377,0.21396349947968152
4,RAB2A,3.0164888,0.92310745,0.0025572074157752182,0.03722945039427119,0.3216374269005848,0.15889744629104174,0.3216374269005848,0.15889744629104174,0.16273998060954303
4,TADA3,3.0106747,1.0424701,0.0026066795599453715,0.03782870995814452,0.26900584795321636,0.11228212403729226,0.26900584795321636,0.11228212403729226,0.1567237239159241
4,FERMT3,3.009896,0.75291145,0.002613371329025106,0.037885561432236564,0.34502923976608185,0.17267936765301986,0.34502923976608185,0.17267936765301986,0.172349872113062
4,NUCB1,3.0066776,0.8628166,0.0026411975838870104,0.03820783284487395,0.3333333333333333,0.16578840697203082,0.3333333333333333,0.16578840697203082,0.1675449263613025
4,AHNAK,3.004601,0.6907009,0.0026592934555966915,0.03842890098373378,0.45614035087719296,0.2622618565058776,0.45614035087719296,0.2622618565058776,0.19387849437131538
4,GYG1,3.0038226,1.0761135,0.002666108571108044,0.03848665818927215,0.2573099415204678,0.10417511147142278,0.2573099415204678,0.10417511147142278,0.15313483004904505
4,COX7A2L,3.0004482,0.64020234,0.0026958255801183568,0.03883353810347709,0.6549707602339181,0.4276449128496149,0.6549707602339181,0.4276449128496149,0.22732584738430317
4,SNX17,3.000033,0.802806,0.002699503901842993,0.038845548244012554,0.38011695906432746,0.20713417105796514,0.38011695906432746,0.20713417105796514,0.17298278800636233
4,NDUFA1,2.9965549,0.66022134,0.002730490357316243,0.039250080336326966,0.5321637426900585,0.31901094446696393,0.5321637426900585,0.31901094446696393,0.21315279822309458
4,PRDX3,2.9960878,1.0038669,0.0027346773834152453,0.03926893201673879,0.2807017543859649,0.12484799351438995,0.2807017543859649,0.12484799351438995,0.15585376087157493
4,POLR2E,2.9905334,0.86935866,0.00278490786374183,0.03986446728224154,0.3157894736842105,0.15281718686663964,0.3157894736842105,0.15281718686663964,0.16297228681757087
4,SOD1,2.984252,0.6056248,0.002842724869263759,0.04064831456268573,0.6783625730994152,0.5010133765707336,0.6783625730994152,0.5010133765707336,0.17734919652868153
4,RAC2,2.9839406,0.5577304,0.002845620146596921,0.04064831456268573,0.8421052631578947,0.6388325901905147,0.8421052631578947,0.6388325901905147,0.20327267296737994
4,MDH2,2.9820719,0.69089806,0.00286304842258226,0.0408545342307036,0.4853801169590643,0.2857721929468991,0.4853801169590643,0.2857721929468991,0.1996079240121652
4,TMC6,2.9799953,0.9831326,0.0028825274252339754,0.041089555865339425,0.2807017543859649,0.12687474665585732,0.2807017543859649,0.12687474665585732,0.15382700773010757
4,MT-ATP6,2.9793725,0.58526635,0.0028883946723160065,0.041130258232687573,0.9181286549707602,0.7304418321848399,0.9181286549707602,0.7304418321848399,0.1876868227859203
4,XAF1,2.9763615,0.7314207,0.002916907008062933,0.04149300218969522,0.3742690058479532,0.2002432103769761,0.3742690058479532,0.2002432103769761,0.1740257954709771
4,TIMM8B,2.972053,1.1580776,0.002958156094802511,0.041955774082918916,0.25146198830409355,0.10133765707336846,0.25146198830409355,0.10133765707336846,0.1501243312307251
4,MKRN1,2.972001,0.8264333,0.00295865630066278,0.041955774082918916,0.3567251461988304,0.19862180786380218,0.3567251461988304,0.19862180786380218,0.1581033383350282
4,TUFM,2.964526,0.71548975,0.0030314969517618215,0.04287689548051772,0.4152046783625731,0.232671260640454,0.4152046783625731,0.232671260640454,0.1825334177221191
4,WBP2,2.9588158,0.86804694,0.003088237024660114,0.043612166296544484,0.30409356725146197,0.1438994730441832,0.30409356725146197,0.1438994730441832,0.16019409420727876
4,MAP1LC3B,2.9548705,0.72937083,0.0031280031166420193,0.04404273241216158,0.42105263157894735,0.23996757194973653,0.42105263157894735,0.23996757194973653,0.18108505962921082
4,TUBB4B,2.9495757,0.98584604,0.0031821071207074384,0.04466069356668117,0.2807017543859649,0.1252533441426834,0.2807017543859649,0.1252533441426834,0.1554484102432815
4,CHMP3,2.9408026,0.83484155,0.003273630153447347,0.04585096756459176,0.32748538011695905,0.16335630320226996,0.32748538011695905,0.16335630320226996,0.1641290769146891
4,DECR1,2.9378955,0.8592875,0.003304482243366241,0.04620381084167138,0.3333333333333333,0.17632752330766113,0.3333333333333333,0.17632752330766113,0.15700581002567218
4,NDUFA6,2.9377918,0.90835583,0.003305588985963162,0.04620381084167138,0.30994152046783624,0.15646534252128091,0.30994152046783624,0.15646534252128091,0.15347617794655533
4,AKR1A1,2.9358191,0.8812561,0.003326681346120573,0.04645108431760996,0.2982456140350877,0.13822456424807458,0.2982456140350877,0.13822456424807458,0.16002104978701312
4,HTATIP2,2.9328604,0.9943919,0.003358549779839056,0.04684816730692763,0.26900584795321636,0.11552492906364005,0.26900584795321636,0.11552492906364005,0.15348091888957632
4,SNRPD3,2.9305763,0.8594028,0.00338333982466789,0.04714580474047419,0.32748538011695905,0.16781516011349817,0.32748538011695905,0.16781516011349817,0.15967022000346087
4,UQCR11-1,2.9253852,0.6136307,0.00344030158167447,0.04789068134489966,0.7660818713450293,0.5545196595054722,0.7660818713450293,0.5545196595054722,0.21156221183955704
4,PMAIP1,2.9247622,0.96788013,0.0034471953346507313,0.04793696276283558,0.27485380116959063,0.12322659100121605,0.27485380116959063,0.12322659100121605,0.15162721016837458
4,LIMS1,2.9160411,0.9152929,0.003545037113118888,0.04914825057538226,0.2982456140350877,0.14552087555735713,0.2982456140350877,0.14552087555735713,0.15272473847773058
5,NKG7,20.367973,6.985301,3.217232073517072e-92,4.393452119594913e-88,1.0,0.25553319919517103,1.0,0.25553319919517103,0.744466800804829
5,GZMB,19.989693,7.890887,6.771054788994798e-89,4.623276209925648e-85,0.9738562091503268,0.06800804828973843,0.9738562091503268,0.06800804828973843,0.9058481608605884
5,PRF1,19.70005,6.527348,2.154025661709524e-86,9.805124812101754e-83,0.9673202614379085,0.1062374245472837,0.9673202614379085,0.1062374245472837,0.8610828368906248
5,CST7,18.872955,5.5199547,1.9035165622289427e-79,6.49860554344961e-76,0.9673202614379085,0.1488933601609658,0.9673202614379085,0.1488933601609658,0.8184269012769427
5,CTSW,18.838068,4.6893544,3.6815674585379e-79,1.0055097042758711e-75,0.9869281045751634,0.2571428571428571,0.9869281045751634,0.2571428571428571,0.7297852474323063
5,GZMA,18.654999,5.4791713,1.1500545848222846e-77,2.61752423505552e-74,0.954248366013072,0.15090543259557343,0.954248366013072,0.15090543259557343,0.8033429334174985
5,GNLY,18.412054,7.358587,1.0515905676611023e-75,2.0515029702828592e-72,0.9150326797385621,0.13480885311871227,0.9150326797385621,0.13480885311871227,0.7802238266198498
5,FGFBP2,18.183762,6.923403,6.940450555086123e-74,1.1847349097532011e-70,0.8954248366013072,0.061569416498993966,0.8954248366013072,0.061569416498993966,0.8338554201023133
5,B2M,18.090588,1.1070842,3.7803929384472946e-73,5.736116218604028e-70,1.0,0.9995975855130784,1.0,0.9995975855130784,0.0004024144869215762
5,HLA-C,17.920858,1.4981017,8.106684911846229e-72,1.1070488915617209e-68,1.0,0.9802816901408451,1.0,0.9802816901408451,0.019718309859154903
5,CD247,16.201159,4.0785785,4.948559780195619e-59,4.505168823890092e-56,0.8627450980392157,0.23138832997987926,0.8627450980392157,0.23138832997987926,0.6313567680593365
5,HLA-A,15.797617,1.419564,3.230998753218473e-56,2.481193772099688e-53,1.0,0.9633802816901409,1.0,0.9633802816901409,0.036619718309859106
5,FCGR3A,15.796852,4.4764495,3.270466307688517e-56,2.481193772099688e-53,0.869281045751634,0.14406438631790744,0.869281045751634,0.14406438631790744,0.7252166594337266
5,GZMM,15.228558,3.7528355,2.2857780027402816e-52,1.4864087812105374e-49,0.8366013071895425,0.2080482897384306,0.8366013071895425,0.2080482897384306,0.6285530174511119
5,SPON2,14.989495,6.3301244,8.600463619750935e-51,5.106431790926903e-48,0.738562091503268,0.03943661971830986,0.738562091503268,0.03943661971830986,0.6991254717849582
5,CCL4,14.515361,5.4314337,9.684662641152427e-48,4.8982871491695384e-45,0.7450980392156863,0.07484909456740442,0.7450980392156863,0.07484909456740442,0.6702489446482819
5,HLA-B,14.454775,1.2746925,2.3389295975397723e-47,1.1407293780001117e-44,1.0,0.9448692152917505,1.0,0.9448692152917505,0.0551307847082495
5,PLAC8,13.92186,2.7463782,4.666053698457069e-44,1.8741067442979334e-41,0.869281045751634,0.4329979879275654,0.869281045751634,0.4329979879275654,0.4362830578240686
5,CD7,13.474027,2.941051,2.2239914097956238e-41,7.787391459530523e-39,0.8431372549019608,0.338430583501006,0.8431372549019608,0.338430583501006,0.5047066714009547
5,UBB,13.44778,1.7499124,3.1725494696625357e-41,1.0831083889427897e-38,0.9477124183006536,0.7722334004024145,0.9477124183006536,0.7722334004024145,0.17547901789823905
5,PFN1,13.270506,1.3176707,3.43255331879695e-40,1.143291417597345e-37,0.9934640522875817,0.9424547283702214,0.9934640522875817,0.9424547283702214,0.05100932391736035
5,ITGB2,13.128719,2.4727123,2.2543610883757334e-39,7.159431400664888e-37,0.8431372549019608,0.4482897384305835,0.8431372549019608,0.4482897384305835,0.3948475164713773
5,SRGN,12.765313,2.228075,2.5611793874517863e-37,7.44158845000885e-35,0.9215686274509803,0.5790744466800805,0.9215686274509803,0.5790744466800805,0.3424941807708999
5,GZMH,12.387198,4.6818457,3.0656851044212854e-35,8.208822703132759e-33,0.6601307189542484,0.06559356136820925,0.6601307189542484,0.06559356136820925,0.5945371575860391
5,HLA-E,12.169352,1.302495,4.526661978186513e-34,1.1239290177111821e-31,0.9738562091503268,0.8820925553319919,0.9738562091503268,0.8820925553319919,0.09176365381833484
5,PTPRCAP,12.094494,1.9435803,1.1293639313068354e-33,2.754034615343954e-31,0.9150326797385621,0.6249496981891348,0.9150326797385621,0.6249496981891348,0.29008298154942724
5,RARRES3,12.086291,2.2593546,1.2479350189720423e-33,2.9897895822951244e-31,0.8235294117647058,0.45030181086519117,0.8235294117647058,0.45030181086519117,0.3732276008995147
5,APMAP,12.055561,4.110879,1.8129343509880405e-33,4.196174830015709e-31,0.6405228758169934,0.0909456740442656,0.6405228758169934,0.0909456740442656,0.5495772017727278
5,CD99,11.993663,2.1253033,3.8356084456758025e-33,8.586732612155535e-31,0.8431372549019608,0.4857142857142857,0.8431372549019608,0.4857142857142857,0.3574229691876751
5,MYL12A,11.97376,1.3540434,4.8767868587449287e-33,1.0741516345648507e-30,0.9803921568627451,0.8676056338028169,0.9803921568627451,0.8676056338028169,0.1127865230599282
5,CLIC3,11.7040205,5.8265214,1.21554578816211e-31,2.5537681974064267e-29,0.5816993464052288,0.02857142857142857,0.5816993464052288,0.02857142857142857,0.5531279178338002
5,CCL5,11.569343,3.6087792,5.893241108565929e-31,1.1835014790967106e-28,0.7516339869281046,0.289738430583501,0.7516339869281046,0.289738430583501,0.46189555634460355
5,CD63,11.332357,2.5521998,9.072913558014361e-30,1.674320372273569e-27,0.7320261437908496,0.3211267605633803,0.7320261437908496,0.3211267605633803,0.41089938322746933
5,CFL1,11.26439,1.119495,1.967096933396723e-29,3.581690096328753e-27,0.9934640522875817,0.9110663983903421,0.9934640522875817,0.9110663983903421,0.08239765389723963
5,HCST,11.261273,2.0147316,2.0379312011576916e-29,3.661840589869663e-27,0.8366013071895425,0.5219315895372233,0.8366013071895425,0.5219315895372233,0.3146697176523192
5,KLRD1,11.221466,5.3976493,3.1992347578966165e-29,5.6738636173813236e-27,0.5620915032679739,0.0289738430583501,0.5620915032679739,0.0289738430583501,0.5331176602096237
5,HOPX,11.050808,3.7505536,2.172504911156493e-28,3.7084658833441335e-26,0.6143790849673203,0.1199195171026157,0.6143790849673203,0.1199195171026157,0.4944595678647046
5,RAP1B,11.006024,2.2617457,3.574288246656099e-28,6.025985221769838e-26,0.738562091503268,0.3404426559356137,0.738562091503268,0.3404426559356137,0.39811943556765433
5,CLIC1,10.911701,1.7156708,1.0134208381618826e-27,1.6673825260167071e-25,0.8954248366013072,0.6297786720321932,0.8954248366013072,0.6297786720321932,0.26564616456911405
5,RAC2,10.798731,1.6613302,3.489926152562116e-27,5.673622802308126e-25,0.8823529411764706,0.6378269617706237,0.8823529411764706,0.6378269617706237,0.24452597940584686
5,CTSC,10.757557,2.5992944,5.459848120779784e-27,8.669730922949852e-25,0.6862745098039216,0.24225352112676057,0.6862745098039216,0.24225352112676057,0.444020988677161
5,ID2,10.562511,2.2900882,4.44603351380281e-26,6.821913894886649e-24,0.7712418300653595,0.3637826961770624,0.7712418300653595,0.3637826961770624,0.40745913388829713
5,IGFBP7,10.45922,4.7756715,1.3294504900828562e-25,1.952147945437794e-23,0.5359477124183006,0.05875251509054326,0.5359477124183006,0.05875251509054326,0.4771951973277574
5,CALM1,10.298406,1.5332204,7.163910698036736e-25,1.0085604586844296e-22,0.8758169934640523,0.6655935613682092,0.8758169934640523,0.6655935613682092,0.21022343209584304
5,IFITM2,10.227977,1.5717999,1.485912250994601e-24,2.070573234651252e-22,0.9215686274509803,0.6961770623742455,0.9215686274509803,0.6961770623742455,0.22539156507673486
5,IFITM1,10.023089,1.9310446,1.2067113310990888e-23,1.6155735232832507e-21,0.7843137254901961,0.4579476861167002,0.7843137254901961,0.4579476861167002,0.32636603937349584
5,XCL2,9.918923,5.35803,3.4445307424358274e-23,4.522933828721506e-21,0.49673202614379086,0.024949698189134808,0.49673202614379086,0.024949698189134808,0.4717823279546561
5,CD53,9.861454,1.6722078,6.115740949406776e-23,7.878920604254616e-21,0.8300653594771242,0.5303822937625755,0.8300653594771242,0.5303822937625755,0.2996830657145487
5,AKR1C3,9.58838,6.366969,8.94791750520827e-22,1.11084328591931e-19,0.47058823529411764,0.013279678068410463,0.47058823529411764,0.013279678068410463,0.4573085572257072
5,ACTB,9.565085,0.8223377,1.1210848832813427e-21,1.379237402350452e-19,1.0,0.9923541247484909,1.0,0.9923541247484909,0.00764587525150906
5,ARPC2,9.507999,1.1870848,1.9436443068229252e-21,2.3698577369619526e-19,0.9281045751633987,0.7943661971830986,0.9281045751633987,0.7943661971830986,0.13373837798030008
5,FCER1G,9.34456,2.3844337,9.227272599177342e-21,1.1151118107466e-18,0.803921568627451,0.33078470824949696,0.803921568627451,0.33078470824949696,0.47313686037795405
5,PDIA3,9.302838,2.053497,1.3674550543592095e-20,1.6238231497677708e-18,0.6470588235294118,0.31911468812877264,0.6470588235294118,0.31911468812877264,0.32794413540063916
5,TPST2,9.290699,3.102867,1.532779161381614e-20,1.804451054123045e-18,0.5359477124183006,0.11951710261569416,0.5359477124183006,0.11951710261569416,0.4164306098026065
5,TTC38,9.152631,5.3796344,5.556341227488961e-20,6.323116316882437e-18,0.45751633986928103,0.022937625754527163,0.45751633986928103,0.022937625754527163,0.43457871411475385
5,RHOC,9.062682,2.667333,1.2728184670933156e-19,1.4364966104649848e-17,0.5751633986928104,0.1641851106639839,0.5751633986928104,0.1641851106639839,0.4109782880288265
5,SERF2,8.776266,0.9747864,1.689923071712669e-18,1.817133028921906e-16,0.9411764705882353,0.8511066398390342,0.9411764705882353,0.8511066398390342,0.09006983074920105
5,APOBEC3G,8.747395,2.509195,2.1833547919604946e-18,2.3293666436728524e-16,0.5620915032679739,0.19557344064386317,0.5620915032679739,0.19557344064386317,0.3665180626241107
5,ARPC5L,8.596641,2.6859033,8.208365341244719e-18,8.622572084618297e-16,0.5294117647058824,0.16498993963782696,0.5294117647058824,0.16498993963782696,0.3644218250680554
5,BST2,8.562301,1.6257685,1.106367756019727e-17,1.1533250439851445e-15,0.7254901960784313,0.43219315895372235,0.7254901960784313,0.43219315895372235,0.293297037124709
5,PSMB10,8.55984,1.8613256,1.1302376979208694e-17,1.169282272939954e-15,0.6470588235294118,0.3380281690140845,0.6470588235294118,0.3380281690140845,0.3090306545153273
5,MATK,8.545952,4.0115705,1.2748135634290098e-17,1.3089363926456058e-15,0.45098039215686275,0.04627766599597585,0.45098039215686275,0.04627766599597585,0.40470272616088687
5,C12orf75,8.438832,2.981183,3.205225073678909e-17,3.148960691090589e-15,0.49673202614379086,0.11549295774647887,0.49673202614379086,0.11549295774647887,0.381239068397312
5,TXNIP,8.41182,1.13299,4.036951861187936e-17,3.937758186884461e-15,0.869281045751634,0.7525150905432596,0.869281045751634,0.7525150905432596,0.1167659552083744
5,PPP1R18,8.394596,2.070819,4.674980727115309e-17,4.4958828739075115e-15,0.5882352941176471,0.2659959758551308,0.5882352941176471,0.2659959758551308,0.3222393182625163
5,IL2RB,8.393722,4.2118764,4.709917721771652e-17,4.497806741854103e-15,0.43790849673202614,0.043058350100603625,0.43790849673202614,0.043058350100603625,0.39485014663142254
5,LITAF,8.298905,1.9565685,1.0507496165116422e-16,9.964608863252074e-15,0.6078431372549019,0.2937625754527163,0.6078431372549019,0.2937625754527163,0.31408056180218563
5,ALOX5AP,8.146785,2.3300436,3.7372900505091584e-16,3.4956460910789774e-14,0.5490196078431373,0.2152917505030181,0.5490196078431373,0.2152917505030181,0.3337278573401192
5,MYL6,8.088222,0.9651079,6.05421373627631e-16,5.521660432932486e-14,0.9477124183006536,0.8466800804828973,0.9477124183006536,0.8466800804828973,0.10103233781775622
5,TYROBP,8.071216,2.2245293,6.960141618012549e-16,6.294549267256912e-14,0.869281045751634,0.36861167002012074,0.869281045751634,0.36861167002012074,0.5006693757315133
5,CYBA,8.031518,1.1343058,9.627388854895438e-16,8.64944882910869e-14,0.9607843137254902,0.8402414486921529,0.9607843137254902,0.8402414486921529,0.12054286503333733
5,S1PR5,8.020363,4.905357,1.0543289520426641e-15,9.410402724898444e-14,0.40522875816993464,0.022132796780684104,0.40522875816993464,0.022132796780684104,0.38309596138925056
5,PRSS23,8.003576,5.4033766,1.2085667132427897e-15,1.0717004568859438e-13,0.39869281045751637,0.015694164989939637,0.39869281045751637,0.015694164989939637,0.3829986454675767
5,SH3BGRL3,8.000132,1.0447499,1.2428640799986377e-15,1.0950033468684773e-13,0.9738562091503268,0.8515090543259557,0.9738562091503268,0.8515090543259557,0.12234715482437108
5,EFHD2,7.9082685,2.4153495,2.6099373552661866e-15,2.270146784937264e-13,0.5098039215686274,0.17424547283702213,0.5098039215686274,0.17424547283702213,0.3355584487316053
5,UCP2,7.9070106,1.3472513,2.636429616695355e-15,2.2786761294678335e-13,0.7581699346405228,0.5496981891348088,0.7581699346405228,0.5496981891348088,0.208471745505714
5,CCND3,7.803938,1.5819681,6.000464627934305e-15,5.12139655994193e-13,0.6339869281045751,0.39959758551307845,0.6339869281045751,0.39959758551307845,0.23438934259149669
5,PLEK,7.7586627,2.573618,8.582960832930257e-15,7.280056716428298e-13,0.49019607843137253,0.1505030181086519,0.49019607843137253,0.1505030181086519,0.3396930603227206
5,DHRS7,7.7486014,1.8288397,9.29101165430297e-15,7.78392976387493e-13,0.5816993464052288,0.3038229376257545,0.5816993464052288,0.3038229376257545,0.2778764087794743
5,MYO1F,7.5292234,2.1096694,5.104293900142198e-14,4.14906175597273e-12,0.5294117647058824,0.2193158953722334,0.5294117647058824,0.2193158953722334,0.31009586933364897
5,PSME2,7.390773,1.2770544,1.4597803755470368e-13,1.172632988733549e-11,0.7581699346405228,0.5412474849094567,0.7581699346405228,0.5412474849094567,0.2169224497310661
5,PPIA,7.345935,0.93479997,2.043261415543354e-13,1.6317413971146223e-11,0.8496732026143791,0.7360160965794769,0.8496732026143791,0.7360160965794769,0.1136571060349022
5,XBP1,7.2374487,1.9121574,4.572036380558076e-13,3.629984233308203e-11,0.5490196078431373,0.26961770623742454,0.5490196078431373,0.26961770623742454,0.27940190160571277
5,BIN2,7.230559,1.6122923,4.810101318340846e-13,3.796921595564312e-11,0.6078431372549019,0.35492957746478876,0.6078431372549019,0.35492957746478876,0.25291355979011315
5,SEPT7,7.216615,1.6826379,5.329742123790493e-13,4.182928646119711e-11,0.5882352941176471,0.323943661971831,0.5882352941176471,0.323943661971831,0.2642916321458161
5,ANXA6,7.1590915,1.7186676,8.121340139626807e-13,6.301421644701345e-11,0.5620915032679739,0.27927565392354126,0.5620915032679739,0.27927565392354126,0.2828158493444326
5,ZAP70,7.068322,2.5518265,1.5681824434282183e-12,1.2098926241500423e-10,0.43790849673202614,0.1255533199195171,0.43790849673202614,0.1255533199195171,0.312355176812509
5,PPP1CA,7.0145164,1.216502,2.3074545966342203e-12,1.750588887313162e-10,0.6928104575163399,0.5086519114688128,0.6928104575163399,0.5086519114688128,0.18415854604752702
5,CHST12,6.9415727,2.8738103,3.877582809553961e-12,2.9173606734200946e-10,0.4117647058823529,0.09859154929577464,0.4117647058823529,0.09859154929577464,0.3131731565865783
5,PSME1,6.886455,0.84933704,5.719987234133937e-12,4.268423260619292e-10,0.8300653594771242,0.7327967806841046,0.8300653594771242,0.7327967806841046,0.09726857879301964
5,ANXA1,6.8607006,1.2341357,6.852372281766835e-12,5.08565194998956e-10,0.8104575163398693,0.5798792756539235,0.8104575163398693,0.5798792756539235,0.2305782406859458
5,PSMB8,6.83079,1.2923785,8.44481393258151e-12,6.23364211153152e-10,0.673202614379085,0.44668008048289737,0.673202614379085,0.44668008048289737,0.22652253389618765
5,GPR56,6.7670875,5.045158,1.3140059778232392e-11,9.595757023077088e-10,0.33986928104575165,0.016901408450704224,0.33986928104575165,0.016901408450704224,0.32296787259504744
5,ACTG1,6.741114,0.8964209,1.5717648392483214e-11,1.1417032257859083e-09,0.9281045751633987,0.8599597585513078,0.9281045751633987,0.8599597585513078,0.06814481661209093
5,HNRNPA2B1,6.6079125,0.9663071,3.8977627178166165e-11,2.8014656670791427e-09,0.738562091503268,0.6305835010060362,0.738562091503268,0.6305835010060362,0.1079785904972318
5,IL2RG,6.5559115,1.3356574,5.530296707779338e-11,3.9334235334080545e-09,0.6405228758169934,0.428169014084507,0.6405228758169934,0.428169014084507,0.21235386173248638
5,SAMD3,6.5414762,2.7205865,6.091460478969847e-11,4.310102813513587e-09,0.39869281045751637,0.09979879275653923,0.39869281045751637,0.09979879275653923,0.2988940177009771
5,PLEKHF1,6.529884,4.1689777,6.58207539194684e-11,4.633238224351859e-09,0.33986928104575165,0.0289738430583501,0.33986928104575165,0.0289738430583501,0.31089543798740155
5,DRAP1,6.5186195,1.207716,7.095735325097134e-11,4.969198030744947e-09,0.6601307189542484,0.45472837022132795,0.6601307189542484,0.45472837022132795,0.2054023487329204
5,ABI3,6.49374,2.2008505,8.373121091525771e-11,5.833843960503874e-09,0.43790849673202614,0.16096579476861167,0.43790849673202614,0.16096579476861167,0.2769427019634145
5,NDUFB2,6.464486,1.4909582,1.0164373903088153e-10,7.01033787982686e-09,0.5555555555555556,0.3364185110663984,0.5555555555555556,0.3364185110663984,0.21913704448915716
5,CALR,6.4219995,1.6997021,1.344960871391055e-10,9.229540532520726e-09,0.5098039215686274,0.2659959758551308,0.5098039215686274,0.2659959758551308,0.24380794571349662
5,CAP1,6.4137425,1.3375192,1.419899621479644e-10,9.695074615463009e-09,0.5947712418300654,0.4028169014084507,0.5947712418300654,0.4028169014084507,0.19195434042161463
5,CCL3,6.387605,2.7114978,1.6850363120895768e-10,1.144818700392799e-08,0.4117647058823529,0.12354124748490945,0.4117647058823529,0.12354124748490945,0.28822345839744345
5,MYL12B,6.3478527,0.86073256,2.1834117166371822e-10,1.4688014976550424e-08,0.8235294117647058,0.6937625754527162,0.8235294117647058,0.6937625754527162,0.1297668363119896
5,MALAT1,6.335112,0.51080847,2.3716888900165663e-10,1.587636445199325e-08,1.0,0.9995975855130784,1.0,0.9995975855130784,0.0004024144869215762
5,BSG,6.311053,1.7276819,2.7714391704596874e-10,1.8461840639901216e-08,0.48366013071895425,0.23501006036217303,0.48366013071895425,0.23501006036217303,0.24865007035678122
5,CD300A,6.278299,2.6240606,3.422970706825784e-10,2.2691304840977137e-08,0.38562091503267976,0.11146881287726358,0.38562091503267976,0.11146881287726358,0.2741521021554162
5,NCR3,6.238601,2.8047645,4.415014002293221e-10,2.8710205340626772e-08,0.37254901960784315,0.07686116700201208,0.37254901960784315,0.07686116700201208,0.2956878526058311
5,ARL4C,6.233461,1.9801172,4.562407399096391e-10,2.9388790302858637e-08,0.4444444444444444,0.18309859154929578,0.4444444444444444,0.18309859154929578,0.26134585289514867
5,UBC,6.1926694,0.746358,5.915369165819483e-10,3.79250147081835e-08,0.9281045751633987,0.848692152917505,0.9281045751633987,0.848692152917505,0.07941242224589373
5,CTSD,6.1881857,1.7184281,6.086061741853599e-10,3.88370369844639e-08,0.49019607843137253,0.22696177062374245,0.49019607843137253,0.22696177062374245,0.2632343078076301
5,CD164,6.1335053,1.3934008,8.596358920203629e-10,5.460087321595384e-08,0.5424836601307189,0.3319919517102616,0.5424836601307189,0.3319919517102616,0.21049170842045734
5,C9orf142,6.011732,1.7163012,1.8355171528666482e-09,1.1604547333123586e-07,0.47058823529411764,0.22816901408450704,0.47058823529411764,0.22816901408450704,0.2424192212096106
5,DBI,5.9881644,1.3296143,2.1222221192421144e-09,1.335532961307388e-07,0.5490196078431373,0.3440643863179074,0.5490196078431373,0.3440643863179074,0.20495522152522988
5,C1orf21,5.932008,4.7183666,2.9925239875378176e-09,1.8575412533552925e-07,0.3006535947712418,0.016498993963782696,0.3006535947712418,0.016498993963782696,0.28415460080745913
5,XCL1,5.9274693,4.6774983,3.076387909927904e-09,1.9009571628043192e-07,0.3006535947712418,0.01609657947686117,0.3006535947712418,0.01609657947686117,0.28455701529438066
5,HAVCR2,5.918119,4.3809342,3.256443880029489e-09,2.002805135429356e-07,0.30718954248366015,0.030181086519114688,0.30718954248366015,0.030181086519114688,0.2770084559645455
5,GLIPR2,5.889193,1.7604874,3.880859739915554e-09,2.365938420012804e-07,0.45098039215686275,0.21046277665995977,0.45098039215686275,0.21046277665995977,0.24051761549690298
5,LAMP1,5.8773274,1.8779896,4.16943173863159e-09,2.530567103233466e-07,0.43137254901960786,0.18953722334004025,0.43137254901960786,0.18953722334004025,0.24183532567956761
5,C5orf56,5.8699455,2.4415095,4.359384171513988e-09,2.6341482409820805e-07,0.37254901960784315,0.10945674044265594,0.37254901960784315,0.10945674044265594,0.2630922791651872
5,PSMB9,5.719465,0.9334926,1.0686003114762702e-08,6.372404302847137e-07,0.7254901960784313,0.5774647887323944,0.7254901960784313,0.5774647887323944,0.14802540734603697
5,TBX21,5.7170043,3.951574,1.084183725698621e-08,6.437223025278421e-07,0.3006535947712418,0.0289738430583501,0.3006535947712418,0.0289738430583501,0.2716797517128917
5,EMP3,5.6954603,0.8541563,1.2303958002277538e-08,7.2737164709568e-07,0.8627450980392157,0.7263581488933601,0.8627450980392157,0.7263581488933601,0.13638694914585558
5,AES,5.68354,1.1124144,1.3193494679613447e-08,7.732633619948552e-07,0.6862745098039216,0.48128772635814887,0.6862745098039216,0.48128772635814887,0.2049867834457727
5,PTGDR,5.66812,3.8500385,1.4437285258880788e-08,8.425451602362224e-07,0.3006535947712418,0.030985915492957747,0.3006535947712418,0.030985915492957747,0.26966767927828406
5,SELT,5.625032,1.3896668,1.854738052092767e-08,1.0732331711601198e-06,0.49019607843137253,0.2893360160965795,0.49019607843137253,0.2893360160965795,0.20086006233479303
5,AOAH,5.623337,2.3652544,1.8730381578318192e-08,1.0792493284114483e-06,0.35947712418300654,0.11187122736418512,0.35947712418300654,0.11187122736418512,0.24760589681882142
5,EVL,5.5978007,1.0127207,2.1708780751095334e-08,1.2352296247373243e-06,0.6928104575163399,0.5227364185110664,0.6928104575163399,0.5227364185110664,0.1700740390052734
5,CX3CR1,5.5460186,3.0062077,2.9224781779535716e-08,1.649147190005536e-06,0.3202614379084967,0.061569416498993966,0.3202614379084967,0.061569416498993966,0.25869202140950276
5,UBE2F,5.53295,2.1998658,3.1488937554967234e-08,1.76960054012606e-06,0.3660130718954248,0.1199195171026157,0.3660130718954248,0.1199195171026157,0.24609355479280912
5,PPIB,5.4928694,1.0317023,3.954557545382977e-08,2.2042219526428544e-06,0.6274509803921569,0.46720321931589537,0.6274509803921569,0.46720321931589537,0.16024776107626149
5,KLRF1,5.4165897,5.5684752,6.074643604433221e-08,3.3345960236957426e-06,0.2679738562091503,0.008450704225352112,0.2679738562091503,0.008450704225352112,0.2595231519837982
5,HNRNPA3,5.3245625,1.2740451,1.0119615499228472e-07,5.483867827677144e-06,0.5032679738562091,0.3006036217303823,0.5032679738562091,0.3006036217303823,0.20266435212582684
5,SUN2,5.3036747,1.4840809,1.1349439861918521e-07,6.1260059586703284e-06,0.4444444444444444,0.23903420523138832,0.4444444444444444,0.23903420523138832,0.2054102392130561
5,SH2D1B,5.2736554,5.54356,1.3373300266477542e-07,7.161795625059502e-06,0.26143790849673204,0.00925553319919517,0.26143790849673204,0.00925553319919517,0.25218237529753684
5,TMED9,5.2195764,1.4565469,1.7933290593806393e-07,9.455483256718923e-06,0.45098039215686275,0.24104627766599598,0.45098039215686275,0.24104627766599598,0.20993411449086677
5,PRDX5,5.204211,1.1707864,1.9482243121660927e-07,1.0232673541130831e-05,0.5163398692810458,0.344466800804829,0.5163398692810458,0.344466800804829,0.1718730684762168
5,FCRL6,5.1466875,4.0679617,2.6512674931098847e-07,1.3818972857217017e-05,0.2679738562091503,0.021327967806841045,0.2679738562091503,0.021327967806841045,0.24664588840230928
5,ARPC4,5.1309395,1.2803239,2.882998452243089e-07,1.4969668009061454e-05,0.48366013071895425,0.3062374245472837,0.48366013071895425,0.3062374245472837,0.17742270617167055
5,BZW1,5.049192,1.8045291,4.436825066681058e-07,2.2777925981427266e-05,0.37254901960784315,0.1517102615694165,0.37254901960784315,0.1517102615694165,0.22083875803842665
5,EIF3G,5.036178,0.7846688,4.749186743555454e-07,2.4290222535578004e-05,0.673202614379085,0.571830985915493,0.673202614379085,0.571830985915493,0.10137162846359205
5,CD160,4.9846144,4.501033,6.208548539067456e-07,3.163579807817357e-05,0.2549019607843137,0.015694164989939637,0.2549019607843137,0.015694164989939637,0.23920779579437407
5,ARL6IP1,4.9134207,1.6591656,8.950102442807411e-07,4.526762924406593e-05,0.38562091503267976,0.17987927565392353,0.38562091503267976,0.17987927565392353,0.20574163937875622
5,FAM49B,4.8422813,1.248992,1.2835689866929714e-06,6.420665964204841e-05,0.45751633986928103,0.29336016096579476,0.45751633986928103,0.29336016096579476,0.16415617890348627
5,PRMT2,4.8348446,1.5731922,1.3324960473638495e-06,6.592958703913307e-05,0.39869281045751637,0.206841046277666,0.39869281045751637,0.206841046277666,0.19185176417985036
5,ITGB7,4.8130274,1.9401691,1.4866102563737182e-06,7.328934895682128e-05,0.33986928104575165,0.12877263581488935,0.33986928104575165,0.12877263581488935,0.2110966452308623
5,GHITM,4.800888,1.0102898,1.5796346709793089e-06,7.759529160753036e-05,0.5163398692810458,0.36498993963782694,0.5163398692810458,0.36498993963782694,0.15134992964321886
5,HSP90B1,4.7831717,1.4403659,1.725506054961588e-06,8.406154138199758e-05,0.41830065359477125,0.23621730382293762,0.41830065359477125,0.23621730382293762,0.18208334977183363
5,SERPINB1,4.7826796,1.0759052,1.7297373409740274e-06,8.406154138199758e-05,0.5294117647058824,0.3553319919517103,0.5294117647058824,0.3553319919517103,0.17407977275417208
5,TRAPPC1,4.756761,0.93228465,1.967237929544165e-06,9.526454314133021e-05,0.5882352941176471,0.441851106639839,0.5882352941176471,0.441851106639839,0.14638418747780807
5,HSPA5,4.733194,1.5585765,2.2101429767304243e-06,0.00010664916074286458,0.38562091503267976,0.18873239436619718,0.38562091503267976,0.18873239436619718,0.19688852066648257
5,ENSA,4.679607,1.1706587,2.874253993614801e-06,0.0001377221492519429,0.46405228758169936,0.3030181086519115,0.46405228758169936,0.3030181086519115,0.16103417892978789
5,GIMAP7,4.665718,0.8394251,3.0754106866901754e-06,0.00014684548369734628,0.6601307189542484,0.5327967806841046,0.6601307189542484,0.5327967806841046,0.12733393827014372
5,ARPC5,4.6444473,0.7831802,3.4098786833097926e-06,0.00016224844355149312,0.6405228758169934,0.5207243460764588,0.6405228758169934,0.5207243460764588,0.11979852974053462
5,YWHAQ,4.6377215,1.2077252,3.5227061800668865e-06,0.0001670349847048382,0.45098039215686275,0.27927565392354126,0.45098039215686275,0.27927565392354126,0.1717047382333215
5,ASCL2,4.6367373,2.9342604,3.5395148262784133e-06,0.00016725126113376475,0.2679738562091503,0.05311871227364185,0.2679738562091503,0.05311871227364185,0.21485514393550847
5,GNG2,4.5802526,2.084282,4.644147168193901e-06,0.00021793977226410968,0.3137254901960784,0.11307847082494969,0.3137254901960784,0.11307847082494969,0.20064701937112872
5,ENO1,4.544109,0.72818565,5.516815613750495e-06,0.00025625045585502297,0.6928104575163399,0.5577464788732395,0.6928104575163399,0.5577464788732395,0.13506397864310038
5,SCP2,4.532079,1.2608343,5.840596597884614e-06,0.0002703701259007196,0.43790849673202614,0.2647887323943662,0.43790849673202614,0.2647887323943662,0.17311976433765996
5,TMEM50A,4.430647,1.1665435,9.395082267127202e-06,0.0004290944596651808,0.43137254901960786,0.2563380281690141,0.43137254901960786,0.2563380281690141,0.1750345208505938
5,SDF4,4.402377,1.9741918,1.070712416702089e-05,0.0004841605550491301,0.30718954248366015,0.11509054325955734,0.30718954248366015,0.11509054325955734,0.1920989992241028
5,ABHD17A,4.3901286,2.8946657,1.1328360067044706e-05,0.0005088818588011925,0.2549019607843137,0.04949698189134809,0.2549019607843137,0.04949698189134809,0.2054049788929656
5,POLR2G,4.378536,1.2755196,1.1947897013992317e-05,0.0005349523987641938,0.40522875816993464,0.23420523138833,0.40522875816993464,0.23420523138833,0.17102352678160465
5,WDR1,4.300781,1.2674689,1.7019732006692797e-05,0.0007473358851556169,0.4117647058823529,0.2535211267605634,0.4117647058823529,0.2535211267605634,0.15824357912178955
5,TAP1,4.289079,1.2947147,1.79415368880202e-05,0.0007802854386713498,0.39215686274509803,0.22293762575452716,0.39215686274509803,0.22293762575452716,0.16921923699057087
5,CAPZB,4.244077,0.7112512,2.194947607642664e-05,0.0009469426815957789,0.6666666666666666,0.5533199195171026,0.6666666666666666,0.5533199195171026,0.11334674714956405
5,ACTR3,4.2414527,0.8549842,2.2207783115524823e-05,0.0009536776296402736,0.5424836601307189,0.4072434607645875,0.5424836601307189,0.4072434607645875,0.1352401993661314
5,LCP1,4.2223144,0.9575747,2.418064854905377e-05,0.0010319091768308697,0.5098039215686274,0.379476861167002,0.5098039215686274,0.379476861167002,0.1303270604016254
5,LYAR,4.204871,1.6306928,2.612307080176858e-05,0.0011044478478914913,0.35294117647058826,0.17183098591549295,0.35294117647058826,0.17183098591549295,0.1811101905550953
5,KLF2,4.1514487,0.6904434,3.303775347994427e-05,0.0013839373052825735,0.7189542483660131,0.6048289738430583,0.7189542483660131,0.6048289738430583,0.11412527452295473
5,SYTL1,4.121866,1.5504577,3.758150866489312e-05,0.0015646740314871357,0.3333333333333333,0.158953722334004,0.3333333333333333,0.158953722334004,0.1743796109993293
5,CISD3,4.1039314,1.8608294,4.061882160688106e-05,0.0016808806904956598,0.3006535947712418,0.11790744466800805,0.3006535947712418,0.11790744466800805,0.18274615010323375
5,IRF1,4.088402,1.1709317,4.3435496325465746e-05,0.0017866118609053017,0.41830065359477125,0.27645875251509056,0.41830065359477125,0.27645875251509056,0.1418419010796807
5,GSTP1,4.029675,0.8084535,5.5853971949245604e-05,0.0022768413162355164,0.6601307189542484,0.44748490945674047,0.6601307189542484,0.44748490945674047,0.2126458094975079
5,LSP1,3.9984527,0.66923565,6.375792518911178e-05,0.0025913042451860433,0.6601307189542484,0.5392354124748491,0.6601307189542484,0.5392354124748491,0.12089530647939928
5,KLRG1,3.985767,1.86674,6.726254544668639e-05,0.0027175660373371284,0.2875816993464052,0.10422535211267606,0.2875816993464052,0.10422535211267606,0.18335634723372915
5,OSTF1,3.9835248,1.0786783,6.790054901728477e-05,0.0027352504347493826,0.4444444444444444,0.30261569416498996,0.4444444444444444,0.30261569416498996,0.14182875027945446
5,DOK2,3.9793692,1.2205982,6.909836326829986e-05,0.0027753154376232436,0.39215686274509803,0.23219315895372233,0.39215686274509803,0.23219315895372233,0.1599637037913757
5,BTN3A2,3.9731903,1.2651441,7.091634287522464e-05,0.0028399811680471193,0.3660130718954248,0.206841046277666,0.3660130718954248,0.206841046277666,0.1591720256177588
5,TBC1D10C,3.9529586,1.0156869,7.7190813275936e-05,0.003063806502392883,0.43790849673202614,0.29336016096579476,0.43790849673202614,0.29336016096579476,0.14454833576623138
5,FLNA,3.9523025,1.3784871,7.740284441458295e-05,0.003063806502392883,0.35947712418300654,0.20362173038229375,0.35947712418300654,0.20362173038229375,0.15585539380071278
5,FKBP11,3.9431708,1.8013068,8.041136133515693e-05,0.003161936770651067,0.29411764705882354,0.12434607645875252,0.29411764705882354,0.12434607645875252,0.16977157060007103
5,RALY,3.9426787,1.2170707,8.057659608864758e-05,0.003161936770651067,0.37254901960784315,0.21851106639839035,0.37254901960784315,0.21851106639839035,0.1540379532094528
5,CDC42,3.920697,0.8722291,8.829319106335636e-05,0.003454341156795391,0.47058823529411764,0.3682092555331992,0.47058823529411764,0.3682092555331992,0.10237897976091842
5,TBCB,3.8948333,0.95507765,9.826631201844579e-05,0.0038231474556236346,0.43790849673202614,0.29899396378269616,0.43790849673202614,0.29899396378269616,0.13891453294932998
5,TPI1,3.8667276,0.67307746,0.0001103055677579968,0.004219419701129424,0.6078431372549019,0.5022132796780684,0.6078431372549019,0.5022132796780684,0.10562985757683352
5,SLC9A3R1,3.8637202,1.6328157,0.00011167319289974854,0.004259802017427279,0.3137254901960784,0.15492957746478872,0.3137254901960784,0.15492957746478872,0.1587959127312897
5,ATP6AP2,3.8603845,1.1355089,0.00011320871589135076,0.004306346028446479,0.39215686274509803,0.2442655935613682,0.39215686274509803,0.2442655935613682,0.14789126918372983
5,TMBIM6,3.842723,0.6320219,0.00012167688269341717,0.004615609750170291,0.5816993464052288,0.5126760563380282,0.5816993464052288,0.5126760563380282,0.06902329006720065
5,SRSF3,3.8304198,0.75786203,0.00012792488818062824,0.00483917527145335,0.5555555555555556,0.469215291750503,0.5555555555555556,0.469215291750503,0.08634026380505255
5,PTGER2,3.8030794,1.6753207,0.000142908495227919,0.005376193969235432,0.29411764705882354,0.12877263581488935,0.29411764705882354,0.12877263581488935,0.1653450112439342
5,PSMC4,3.8004,1.5212106,0.00014446264150891097,0.005410848400530276,0.3202614379084967,0.15935613682092556,0.3202614379084967,0.15935613682092556,0.16090530108757115
5,LIMD2,3.796846,0.572982,0.0001465488342400533,0.0054679532250878895,0.738562091503268,0.6527162977867204,0.738562091503268,0.6527162977867204,0.08584579371654766
5,SKAP1,3.7904482,1.6435559,0.000150375647632764,0.005595449166411513,0.29411764705882354,0.13158953722334005,0.29411764705882354,0.13158953722334005,0.1625281098354835
5,HSP90AA1,3.7762313,0.63720024,0.00015921910957545607,0.0059084134792457286,0.6209150326797386,0.5319919517102616,0.6209150326797386,0.5319919517102616,0.08892308096947699
5,CMC1,3.7689588,2.089005,0.00016392990188944333,0.006066739133339399,0.2549019607843137,0.08289738430583501,0.2549019607843137,0.08289738430583501,0.1720045764784787
5,PSMD8,3.7645297,0.9426693,0.00016686280680463058,0.006141583606377991,0.43137254901960786,0.2925553319919517,0.43137254901960786,0.2925553319919517,0.13881721702765615
5,RNF126,3.7638736,1.5087368,0.00016730148664122823,0.006141583606377991,0.3137254901960784,0.1517102615694165,0.3137254901960784,0.1517102615694165,0.16201522862666193
5,BAX,3.756273,1.0323895,0.00017246256088968766,0.0063140716662455085,0.41830065359477125,0.29979879275653926,0.41830065359477125,0.29979879275653926,0.118501860838232
5,MRPS6,3.7506409,1.5574905,0.00017638314827850924,0.006440342975645247,0.3137254901960784,0.15412474849094568,0.3137254901960784,0.15412474849094568,0.15960074170513275
5,CDC42SE1,3.7481804,1.2073623,0.00017812220109755017,0.0064864980751683865,0.35947712418300654,0.21006036217303822,0.35947712418300654,0.21006036217303822,0.1494167620099683
5,DDX5,3.747032,0.5429616,0.00017893926496969105,0.006498921814963035,0.9019607843137255,0.8084507042253521,0.9019607843137255,0.8084507042253521,0.09351008008837336
5,CYB5B,3.7327604,2.120962,0.00018939273058135895,0.006860337211721586,0.2549019607843137,0.08611670020120725,0.2549019607843137,0.08611670020120725,0.16878526058310644
5,JAK1,3.7072246,1.2907178,0.00020954305932444363,0.007550184744418475,0.33986928104575165,0.19154929577464788,0.33986928104575165,0.19154929577464788,0.14831998527110377
5,HMGN3,3.6983664,1.1330966,0.00021699150441974033,0.007797989432515721,0.37254901960784315,0.23018108651911467,0.37254901960784315,0.23018108651911467,0.14236793308872847
5,SPCS2,3.6916406,0.93585587,0.0002228120691994087,0.007963255224164318,0.41830065359477125,0.2981891348088531,0.41830065359477125,0.2981891348088531,0.12011151878591814
5,TPM3,3.673104,0.6554579,0.0002396218599918187,0.008477399274736466,0.5555555555555556,0.4704225352112676,0.5555555555555556,0.4704225352112676,0.08513302034428799
5,SUMO2,3.6559343,0.5512923,0.00025624689778552784,0.00901883411381229,0.6601307189542484,0.5947686116700202,0.6601307189542484,0.5947686116700202,0.0653621072842282
5,SRSF2,3.6418815,0.8057303,0.00027065264958920965,0.00950136910742994,0.49673202614379086,0.38832997987927564,0.49673202614379086,0.38832997987927564,0.10840204626451522
5,GYPC,3.6355932,0.9513555,0.0002773416347451008,0.009711224010459221,0.42483660130718953,0.28450704225352114,0.42483660130718953,0.28450704225352114,0.1403295590536684
5,MIEN1,3.6222513,1.3618933,0.00029205027214706906,0.010171818548158107,0.3202614379084967,0.17303822937625754,0.3202614379084967,0.17303822937625754,0.14722320853223916
5,PRKCH,3.6216497,1.6721408,0.00029273027895621967,0.010171818548158107,0.27450980392156865,0.11750503018108652,0.27450980392156865,0.11750503018108652,0.15700477374048213
5,HLA-F,3.6113153,0.94709367,0.00030464819574622584,0.01047928403302383,0.43790849673202614,0.32595573440643866,0.43790849673202614,0.32595573440643866,0.11195276232558748
5,RASSF5,3.6021287,1.376891,0.0003156218706166294,0.01076239957603708,0.3202614379084967,0.17464788732394365,0.3202614379084967,0.17464788732394365,0.14561355058455305
5,NDUFB7,3.5844123,1.0439984,0.00033783797052054073,0.011447928847217133,0.39869281045751637,0.2800804828973843,0.39869281045751637,0.2800804828973843,0.11861232756013207
5,PSMA5,3.5827172,1.0148731,0.0003400385813421287,0.01149397739308938,0.39215686274509803,0.2619718309859155,0.39215686274509803,0.2619718309859155,0.13018503175918256
5,PSMB1,3.5778508,0.6700776,0.00034643121317278684,0.01168114727675945,0.5490196078431373,0.462374245472837,0.5490196078431373,0.462374245472837,0.0866453623703003
5,FDPS,3.5752807,1.6033691,0.00034985228675721183,0.01176309184458709,0.28104575163398693,0.1283702213279678,0.28104575163398693,0.1283702213279678,0.15267553030601913
5,DSTN,3.574734,1.2330028,0.0003505842399492491,0.01176309184458709,0.3333333333333333,0.1903420523138833,0.3333333333333333,0.1903420523138833,0.14299128101945002
5,RBM39,3.5157883,0.82510275,0.0004384502580393435,0.014427654756109095,0.45751633986928103,0.3468812877263581,0.45751633986928103,0.3468812877263581,0.11063505214292291
5,CD47,3.5087347,1.0409734,0.0004502438951456073,0.014744677774840318,0.37254901960784315,0.2398390342052314,0.37254901960784315,0.2398390342052314,0.13270998540261175
5,ARL6IP5,3.5039775,0.6346869,0.0004583641959737719,0.014974692488559399,0.5359477124183006,0.4507042253521127,0.5359477124183006,0.4507042253521127,0.08524348706618795
5,GOLGA7,3.5013528,1.4114736,0.00046290265521633085,0.015086870309389532,0.29411764705882354,0.14808853118712273,0.29411764705882354,0.14808853118712273,0.1460291158717008
5,RAB7A,3.493096,0.8995045,0.00047745478320583427,0.015487226887075708,0.4117647058823529,0.30704225352112674,0.4117647058823529,0.30704225352112674,0.10472245236122618
5,RBM8A,3.4749422,0.9171259,0.000510963587260581,0.016534878548887428,0.43137254901960786,0.3090543259557344,0.43137254901960786,0.3090543259557344,0.12231822306387347
5,SEPW1,3.4729736,1.0020797,0.0005147259375117363,0.01661525149704802,0.37254901960784315,0.2470824949698189,0.37254901960784315,0.2470824949698189,0.12546652463802424
5,OPTN,3.4710598,1.438072,0.0005184085207068088,0.01665738060887572,0.2875816993464052,0.13440643863179075,0.2875816993464052,0.13440643863179075,0.15317526071461446
5,DDOST,3.4648263,1.3422465,0.0005305741736187609,0.017008265058539432,0.3202614379084967,0.18108651911468812,0.3202614379084967,0.18108651911468812,0.13917491879380858
5,STK17A,3.4555852,0.91098684,0.0005490995340201497,0.017560897509553076,0.4444444444444444,0.31066398390342054,0.4444444444444444,0.31066398390342054,0.13378046054102388
5,SRI,3.4101458,0.9535038,0.0006492816053212325,0.020481218278394654,0.38562091503267976,0.2603621730382294,0.38562091503267976,0.2603621730382294,0.12525874199445036
5,C11orf58,3.4033654,0.6999799,0.0006656119456348833,0.020943771266336328,0.477124183006536,0.3839034205231388,0.477124183006536,0.3839034205231388,0.09322076248339717
5,TMEM59,3.3952181,0.7068858,0.0006857396687822026,0.02152749636066611,0.48366013071895425,0.393158953722334,0.48366013071895425,0.393158953722334,0.09050117699662025
5,C9orf16,3.3855944,0.7297601,0.0007102430788707439,0.02224559514921761,0.47058823529411764,0.35774647887323946,0.47058823529411764,0.35774647887323946,0.11284175642087818
5,CD97,3.3692994,1.1248965,0.0007535949393794469,0.02338884657310392,0.35294117647058826,0.21770623742454728,0.35294117647058826,0.21770623742454728,0.13523493904604098
5,MAP1LC3B,3.3296561,0.9891703,0.0008695328178296632,0.02668391047254355,0.3660130718954248,0.24466800804828973,0.3660130718954248,0.24466800804828973,0.12134506384713509
5,DEF6,3.3246803,1.3551948,0.0008851998783298517,0.027025152139598357,0.2875816993464052,0.14808853118712273,0.2875816993464052,0.14808853118712273,0.13949316815928248
5,SUB1,3.3242428,0.90444714,0.0008865896425410123,0.027025152139598357,0.40522875816993464,0.2949698189134809,0.40522875816993464,0.2949698189134809,0.11025893925645375
5,HMOX2,3.3101354,1.323434,0.0009325089521291926,0.028235792129215644,0.30718954248366015,0.17585513078470824,0.30718954248366015,0.17585513078470824,0.1313344116989519
5,SIGIRR,3.283998,1.1092699,0.0010234564331620265,0.030852805852672485,0.3464052287581699,0.2193158953722334,0.3464052287581699,0.2193158953722334,0.12708933338593653
5,C19orf10,3.2712574,1.122163,0.0010707038171340166,0.03220601613828663,0.33986928104575165,0.2108651911468813,0.33986928104575165,0.2108651911468813,0.12900408989887036
5,HDDC2,3.2609775,1.4364487,0.001110288311570276,0.033250213120183524,0.27450980392156865,0.1352112676056338,0.27450980392156865,0.1352112676056338,0.13929853631593486
5,PAIP2,3.2270756,0.8030109,0.0012506238017301538,0.03728934200093227,0.41830065359477125,0.31106639839034206,0.41830065359477125,0.31106639839034206,0.1072342552044292
5,RHOA,3.2210062,0.54264086,0.0012774140909558175,0.03800515648386197,0.6470588235294118,0.5625754527162978,0.6470588235294118,0.5625754527162978,0.08448337081311397
5,SKP1,3.2183268,0.5649145,0.0012894081536123012,0.038278603795064314,0.5424836601307189,0.462374245472837,0.5424836601307189,0.462374245472837,0.0801094146578819
5,IMP3,3.1865027,1.0477277,0.0014400410094335292,0.04201965817270144,0.33986928104575165,0.20724346076458752,0.33986928104575165,0.20724346076458752,0.13262582028116413
5,PIM1,3.1803238,1.1949054,0.0014711052349217343,0.04274343210232171,0.3137254901960784,0.17746478873239438,0.3137254901960784,0.17746478873239438,0.13626070146368405
5,RCN2,3.1561005,1.4671587,0.0015989377923159025,0.04583598856368135,0.26143790849673204,0.12474849094567404,0.26143790849673204,0.12474849094567404,0.136689417551058
5,LCK,3.1557176,0.72752714,0.0016010373861215586,0.04583598856368135,0.477124183006536,0.35412474849094566,0.477124183006536,0.35412474849094566,0.12299943451559031
5,POLR2L,3.1505778,0.725453,0.001629478879640664,0.046552643473583497,0.45098039215686275,0.3529175050301811,0.45098039215686275,0.3529175050301811,0.09806288712668165
5,WIPF1,3.1493747,1.1583766,0.0016362022028284752,0.04664713420005357,0.3202614379084967,0.2012072434607646,0.3202614379084967,0.2012072434607646,0.1190541944477321
5,MSN,3.139423,0.8664682,0.0016928093959402693,0.04816042731450065,0.39215686274509803,0.27927565392354126,0.39215686274509803,0.27927565392354126,0.11288120882155678
5,SEC61B,3.132205,0.75467455,0.0017349862284721951,0.04905377212425734,0.41830065359477125,0.3130784708249497,0.41830065359477125,0.3130784708249497,0.10522218276982154
5,FGR,3.1270103,1.1396048,0.0017659364168546977,0.04982567708381767,0.33986928104575165,0.2084507042253521,0.33986928104575165,0.2084507042253521,0.13141857682039954
5,CFLAR,3.125534,1.1189002,0.0017748249606617877,0.049973215799582214,0.3137254901960784,0.1903420523138833,0.3137254901960784,0.1903420523138833,0.12338343788219513
6,MALAT1,9.954206,0.90225136,2.4174412491454928e-23,3.301257769833085e-19,1.0,0.999601593625498,1.0,0.999601593625498,0.00039840637450194727
6,RPS29,6.339313,0.54480875,2.3079178389169167e-10,2.626410500687451e-07,0.9140625,0.9274900398406375,0.9140625,0.9274900398406375,-0.013427539840637492
6,CD3D,6.1319523,1.3333517,8.680707967973261e-10,6.311239606536858e-07,0.71875,0.5099601593625498,0.71875,0.5099601593625498,0.2087898406374502
6,IL32,5.917156,1.3779407,3.2755557413649968e-09,2.0332267820036543e-06,0.765625,0.5414342629482072,0.765625,0.5414342629482072,0.22419073705179282
6,CCL5,5.3678823,2.067858,7.966650569834617e-08,3.022016116157265e-05,0.5234375,0.30597609561752986,0.5234375,0.30597609561752986,0.21746140438247014
7,RPS12,22.99103,0.93394107,5.731420900315372e-117,7.826828381470672e-113,1.0,0.9922303473491774,1.0,0.9922303473491774,0.007769652650822634
7,RPS6,22.389702,0.8378398,4.958892044516905e-111,3.178206120408654e-107,1.0,0.9954296160877514,1.0,0.9954296160877514,0.004570383912248621
7,RPL32,22.374445,0.7654572,6.98199938578351e-111,3.178206120408654e-107,1.0,0.9949725776965265,1.0,0.9949725776965265,0.005027422303473528
7,RPS27,22.108934,0.93327326,2.593242852551312e-108,8.85333109861018e-105,1.0,0.9922303473491774,1.0,0.9922303473491774,0.007769652650822634
7,RPS3A,21.443012,1.1617001,5.306505670802604e-102,1.4493128288096073e-98,1.0,0.976691042047532,1.0,0.976691042047532,0.023308957952468012
7,RPL9,21.170399,1.0739774,1.7903641579074293e-99,4.074868823397309e-96,1.0,0.9730347349177331,1.0,0.9730347349177331,0.02696526508226693
7,RPS14,20.847971,0.73230666,1.5902190085043222e-96,2.714503847516878e-93,1.0,0.9949725776965265,1.0,0.9949725776965265,0.005027422303473528
7,RPL21,20.785416,0.9195248,5.865335676869407e-96,8.899669333703181e-93,1.0,0.9913162705667276,1.0,0.9913162705667276,0.008683729433272447
7,RPL31,20.672571,1.0329967,6.11682784786634e-95,8.353140109046274e-92,1.0,0.966636197440585,1.0,0.966636197440585,0.03336380255941496
7,RPS25,20.610594,0.9968301,2.2050852856705793e-94,2.7375131510106754e-91,1.0,0.9771480804387569,1.0,0.9771480804387569,0.022851919561243106
7,RPL13,20.503935,0.70380646,1.985730514146138e-93,2.259761325098305e-90,1.0,0.996800731261426,1.0,0.996800731261426,0.0031992687385740126
7,RPS13,20.219835,1.0474012,6.550148550397119e-91,6.880679123401773e-88,0.9977777777777778,0.9616087751371115,0.9977777777777778,0.9616087751371115,0.03616900264066625
7,RPLP2,19.902946,0.78648585,3.836937536162143e-88,3.742658499559302e-85,1.0,0.9908592321755028,1.0,0.9908592321755028,0.009140767824497242
7,RPL3,19.760948,0.7824839,6.457989303935364e-87,5.879353462302755e-84,1.0,0.9949725776965265,1.0,0.9949725776965265,0.005027422303473528
7,RPS15A,19.300634,0.85331434,5.3053796091005946e-83,4.26178023187516e-80,1.0,0.9840036563071298,1.0,0.9840036563071298,0.015996343692870174
7,RPS3,19.251297,0.7334276,1.3767301273654613e-82,1.04447925662793e-79,1.0,0.9949725776965265,1.0,0.9949725776965265,0.005027422303473528
7,RPL30,18.986872,0.8849865,2.189904141724145e-80,1.5739647873360486e-77,1.0,0.9817184643510055,1.0,0.9817184643510055,0.018281535648994485
7,RPS27A,18.98011,1.1230474,2.4907281848041974e-80,1.700669204584306e-77,1.0,0.9684643510054844,1.0,0.9684643510054844,0.03153564899451555
7,RPS23,18.603657,0.84778374,3.0012100514562665e-77,1.9516440220327038e-74,1.0,0.9789762340036563,1.0,0.9789762340036563,0.021023765996343702
7,EEF1A1,18.552315,0.6784145,7.811525216816751e-77,4.848826743674979e-74,1.0,0.9899451553930531,1.0,0.9899451553930531,0.010054844606946944
7,LDHB,18.493666,1.8959795,2.322155864753822e-76,1.3787548038729649e-73,0.9533333333333334,0.6179159049360147,0.9533333333333334,0.6179159049360147,0.3354174283973187
7,RPL11,17.600765,0.55518824,2.4301776664174037e-69,1.2764040850998488e-66,1.0,0.9958866544789763,1.0,0.9958866544789763,0.004113345521023715
7,RPS28,17.367193,0.82676923,1.4620409854144903e-67,7.394678406229733e-65,1.0,0.9693784277879341,1.0,0.9693784277879341,0.03062157221206585
7,RPS4X,17.215511,0.65459186,2.0314639087321994e-66,9.907739692016756e-64,1.0,0.9917733089579525,1.0,0.9917733089579525,0.00822669104204754
7,MALAT1,17.186085,0.7870324,3.375704366576998e-66,1.5896075458612236e-63,1.0,0.9995429616087751,1.0,0.9995429616087751,0.0004570383912249065
7,RPL35A,17.129951,0.72788346,8.872805008635475e-66,3.90861371606213e-63,1.0,0.9821755027422303,1.0,0.9821755027422303,0.01782449725776969
7,RPS16,16.91031,0.6882361,3.777067196883872e-64,1.6118634262701925e-61,0.9977777777777778,0.9830895795246801,0.9977777777777778,0.9830895795246801,0.01468819825309764
7,RPL19,16.877352,0.56802565,6.604164044052475e-64,2.7329231571388062e-61,1.0,0.993601462522852,1.0,0.993601462522852,0.006398537477148025
7,RPS18,16.840689,0.6275207,1.227995961966321e-63,4.932209663709435e-61,1.0,0.996800731261426,1.0,0.996800731261426,0.0031992687385740126
7,RPL5,16.808578,0.842715,2.1117583061590087e-63,8.239477551116406e-61,1.0,0.9684643510054844,1.0,0.9684643510054844,0.03153564899451555
7,RPL13A,16.798317,0.56908864,2.510692863411712e-63,9.523894928541761e-61,1.0,0.9990859232175503,1.0,0.9990859232175503,0.000914076782449702
7,RPL27A,16.751425,0.6873306,5.528553059109673e-63,2.0404843398703162e-60,1.0,0.9885740402193784,1.0,0.9885740402193784,0.011425959780621553
7,RPS5,16.64174,0.8132541,3.473689850757969e-62,1.2483344368934428e-59,1.0,0.9744058500914077,1.0,0.9744058500914077,0.025594149908592323
7,RPL10A,16.536814,0.7434484,1.9928773626340736e-61,6.97813673439254e-59,0.9977777777777778,0.9844606946983546,0.9977777777777778,0.9844606946983546,0.013317083079423142
7,TPT1,15.978845,0.73984724,1.7944230396036044e-57,5.445475784183738e-55,1.0,0.9830895795246801,1.0,0.9830895795246801,0.016910420475319876
7,RPS20,15.95686,0.9138328,2.552552753717477e-57,7.577752261905622e-55,0.9955555555555555,0.9460694698354661,0.9955555555555555,0.9460694698354661,0.04948608572008939
7,NPM1,15.632768,1.203185,4.354697253697164e-55,1.2389113686768433e-52,0.9555555555555556,0.8039305301645339,0.9555555555555556,0.8039305301645339,0.15162502539102174
7,RPSA,15.568989,0.96069825,1.1826150283833308e-54,3.295875679102605e-52,1.0,0.95018281535649,1.0,0.95018281535649,0.04981718464351004
7,RPL23A,15.435078,0.6925709,9.508580063999542e-54,2.4970994106534182e-51,1.0,0.9894881170018281,1.0,0.9894881170018281,0.010511882998171851
7,RPS10,15.248397,0.7500787,1.687248893494194e-52,4.189285616283038e-50,1.0,0.9689213893967094,1.0,0.9689213893967094,0.031078610603290646
7,RPL7,15.195525,0.8620139,3.7861488516109235e-52,9.070815564491011e-50,0.9977777777777778,0.9643510054844607,0.9977777777777778,0.9643510054844607,0.03342677229331703
7,RPL18,15.012855,0.6738656,6.048779121324204e-51,1.4000360623864972e-48,1.0,0.9803473491773309,1.0,0.9803473491773309,0.019652650822669093
7,RPS29,15.011223,1.0003184,6.199376328170571e-51,1.4109780522916217e-48,0.9977777777777778,0.9122486288848263,0.9977777777777778,0.9122486288848263,0.08552914889295149
7,CCR7,14.367626,2.8966832,8.261443849113137e-47,1.7627855813045156e-44,0.54,0.1256855575868373,0.54,0.1256855575868373,0.41431444241316273
7,RPS15,14.26501,0.53094923,3.615415735800286e-46,7.595710352013647e-44,1.0,0.9899451553930531,1.0,0.9899451553930531,0.010054844606946944
7,EEF1B2,14.216862,1.0072916,7.201086940708558e-46,1.4899703524593344e-43,0.9755555555555555,0.8697440585009141,0.9755555555555555,0.8697440585009141,0.10581149705464143
7,RPL36,13.850805,0.7683092,1.257938373048462e-43,2.4896241191811303e-41,0.9977777777777778,0.9506398537477148,0.9977777777777778,0.9506398537477148,0.047137924030063005
7,TMEM66,13.635616,1.2369337,2.459053209498222e-42,4.729694454775736e-40,0.9044444444444445,0.703382084095064,0.9044444444444445,0.703382084095064,0.20106236034938052
7,RPS8,13.585667,0.615693,4.8707505371482705e-42,9.238190185457887e-40,1.0,0.9849177330895795,1.0,0.9849177330895795,0.015082266910420472
7,CD3D,13.548867,1.829257,8.046180766919766e-42,1.505186911685703e-39,0.86,0.45018281535648996,0.86,0.45018281535648996,0.40981718464351
7,RPL14,13.221275,0.5379758,6.613265372582124e-40,1.1728669081556037e-37,1.0,0.9849177330895795,1.0,0.9849177330895795,0.015082266910420472
7,RPL22,13.212475,1.0628277,7.433910358371266e-40,1.3015061519733077e-37,0.9422222222222222,0.7851919561243145,0.9422222222222222,0.7851919561243145,0.1570302660979077
7,RPL4,13.123383,0.6870314,2.418935505331604e-39,4.181390286178276e-37,0.9955555555555555,0.9597806215722121,0.9955555555555555,0.9597806215722121,0.035774933983343415
7,RPL17,13.069152,0.69454,4.94135279069553e-39,8.33075477898002e-37,0.9955555555555555,0.9556672760511883,0.9955555555555555,0.9556672760511883,0.03988827950436724
7,RPS19,12.827255,0.5227629,1.1538024411559153e-37,1.8757531114791881e-35,1.0,0.9922303473491774,1.0,0.9922303473491774,0.007769652650822634
7,NOSIP,12.8068,1.7067536,1.50202948504147e-37,2.4131428997325073e-35,0.6911111111111111,0.37522851919561245,0.6911111111111111,0.37522851919561245,0.31588259191549867
7,RPLP0,12.723109,0.78548974,4.3999754485589405e-37,6.986751712269871e-35,0.9933333333333333,0.9424131627056673,0.9933333333333333,0.9424131627056673,0.05092017062766596
7,RPL24,12.719746,0.6887452,4.593554555330828e-37,7.210296667539975e-35,0.9977777777777778,0.9437842778793418,0.9977777777777778,0.9437842778793418,0.05399349989843594
7,GLTSCR2,12.590931,1.0216451,2.3686394060024484e-36,3.6756976964056175e-34,0.9555555555555556,0.8085009140767825,0.9555555555555556,0.8085009140767825,0.14705464147877312
7,BTG1,12.448457,0.9809107,1.425755500350564e-35,2.1876536081783486e-33,0.9733333333333334,0.8619744058500914,0.9733333333333334,0.8619744058500914,0.11135892748324194
7,RPL36A,12.301158,0.8096099,8.928537067613768e-35,1.3253054586449308e-32,0.9777777777777777,0.8930530164533821,0.9777777777777777,0.8930530164533821,0.08472476132439566
7,RPL34,11.94679,0.89144003,6.748150424479456e-33,9.70028865228331e-31,0.9466666666666667,0.9021937842778793,0.9466666666666667,0.9021937842778793,0.04447288238878733
7,RPS26,11.931908,0.79034984,8.07028842897228e-33,1.147998529021307e-30,0.9822222222222222,0.9012797074954296,0.9822222222222222,0.9012797074954296,0.08094251472679259
7,CD3E,11.847028,1.5500287,2.2295932129629634e-32,3.138899475899199e-30,0.7644444444444445,0.4282449725776965,0.7644444444444445,0.4282449725776965,0.336199471866748
7,C6orf48,11.751308,1.3390005,6.953344824397545e-32,9.591401709290189e-30,0.7555555555555555,0.5022851919561243,0.7555555555555555,0.5022851919561243,0.2532703635994312
7,CD7,11.113896,1.6040039,1.073702766913533e-28,1.4235422315506024e-26,0.6422222222222222,0.31124314442413165,0.6422222222222222,0.31124314442413165,0.3309790777980906
7,RPS4Y1,10.949845,0.7745943,6.6561156630857565e-28,8.575086367462178e-26,0.96,0.8729433272394881,0.96,0.8729433272394881,0.08705667276051188
7,RPL38,10.655077,0.7418372,1.6510754580576385e-26,2.0685400417646893e-24,0.9711111111111111,0.8770566727605119,0.9711111111111111,0.8770566727605119,0.09405443835059923
7,RPSAP58,10.497788,1.0020715,8.842768165799091e-26,1.0592705444925648e-23,0.8933333333333333,0.703382084095064,0.8933333333333333,0.703382084095064,0.18995124923826934
7,RPL37A,10.053852,0.55930334,8.834487008223878e-24,1.0138130637336579e-21,0.9911111111111112,0.9483546617915904,0.9911111111111112,0.9483546617915904,0.04275644931952072
7,PIK3IP1,9.839785,1.7662108,7.58733159698225e-23,8.355854861966903e-21,0.4866666666666667,0.20338208409506398,0.4866666666666667,0.20338208409506398,0.2832845825716027
7,RPL27,9.672472,0.53002554,3.9472797357803923e-22,4.211254068110706e-20,0.9888888888888889,0.9515539305301646,0.9888888888888889,0.9515539305301646,0.03733495835872436
7,RPL37,9.653035,0.5593765,4.772176565520204e-22,5.0129879368264535e-20,0.9911111111111112,0.946526508226691,0.9911111111111112,0.946526508226691,0.04458460288442012
7,PRKCQ-AS1,9.537847,2.2133627,1.4582877417031529e-21,1.5086649545983527e-19,0.3977777777777778,0.12157221206581353,0.3977777777777778,0.12157221206581353,0.27620556571196425
7,JUNB,9.067339,0.5934699,1.2195903953118936e-19,1.2068642346651608e-17,0.9177777777777778,0.9040219378427788,0.9177777777777778,0.9040219378427788,0.013755839934998959
7,AES,8.772571,1.1097202,1.746325674849397e-18,1.6005250614592861e-16,0.6955555555555556,0.4515539305301645,0.6955555555555556,0.4515539305301645,0.24400162502539108
7,SELL,8.738286,1.1158403,2.3667370542737777e-18,2.1546774142108472e-16,0.6622222222222223,0.4337294332723949,0.6622222222222223,0.4337294332723949,0.22849278894982739
7,CD27,8.532917,1.5636358,1.4270340459672315e-17,1.2492036494697764e-15,0.45111111111111113,0.1960694698354662,0.45111111111111113,0.1960694698354662,0.25504164127564494
7,RPS21,8.526563,0.6658708,1.507605413841851e-17,1.3113286325747974e-15,0.9444444444444444,0.8491773308957953,0.9444444444444444,0.8491773308957953,0.09526711354864914
7,NDFIP1,8.456702,1.3392872,2.7504618397717378e-17,2.3622834518190473e-15,0.5088888888888888,0.2870201096892139,0.5088888888888888,0.2870201096892139,0.22186877919967496
7,LEF1,8.316233,2.0014858,9.08036574149154e-17,7.65441201023509e-15,0.36444444444444446,0.12431444241316271,0.36444444444444446,0.12431444241316271,0.24013000203128176
7,TOMM7,8.291767,0.72404045,1.1157783807474996e-16,9.338802297550417e-15,0.8777777777777778,0.7586837294332724,0.8777777777777778,0.7586837294332724,0.11909404834450532
7,RPL23,8.111882,0.6378123,4.984147325679575e-16,4.003736228204722e-14,0.94,0.8409506398537477,0.94,0.8409506398537477,0.09904936014625221
7,TMEM123,8.098664,1.0625422,5.556570560732242e-16,4.437457753061959e-14,0.6,0.3921389396709324,0.6,0.3921389396709324,0.2078610603290676
7,RGS10,7.906955,1.0720701,2.637609531415379e-15,2.0700687218970353e-13,0.5888888888888889,0.3811700182815356,0.5888888888888889,0.3811700182815356,0.20771887060735328
7,TCF7,7.806275,1.4832292,5.890293208325957e-15,4.544510963440636e-13,0.4177777777777778,0.19515539305301646,0.4177777777777778,0.19515539305301646,0.22262238472476134
7,LEPROTL1,7.791868,1.4043684,6.6025693606126085e-15,5.06543186452392e-13,0.4444444444444444,0.2216636197440585,0.4444444444444444,0.2216636197440585,0.22278082470038593
7,EVL,7.710828,0.9511677,1.2500403902338e-14,9.483639760573762e-13,0.7022222222222222,0.4977148080438757,0.7022222222222222,0.4977148080438757,0.2045074141783465
7,GYPC,7.516128,1.259705,5.6422253582032884e-14,4.1203331278943375e-12,0.4711111111111111,0.25594149908592323,0.4711111111111111,0.25594149908592323,0.21516961202518786
7,C12orf57,7.484256,1.261863,7.195368374877319e-14,5.1989391813399294e-12,0.4711111111111111,0.26691042047531993,0.4711111111111111,0.26691042047531993,0.20420069063579116
7,PABPC1,7.3033514,0.54120547,2.806867676480462e-13,1.935888130808949e-11,0.9244444444444444,0.8473491773308958,0.9244444444444444,0.8473491773308958,0.07709526711354864
7,IL7R,7.1392326,1.0433636,9.385332920475673e-13,6.282652272647833e-11,0.5844444444444444,0.36517367458866545,0.5844444444444444,0.36517367458866545,0.21927076985577898
7,FHIT,6.91069,2.840085,4.823028963580864e-12,3.092172935523957e-10,0.2511111111111111,0.047074954296160876,0.2511111111111111,0.047074954296160876,0.20403615681495024
7,EIF4A2,6.8752494,0.76557714,6.188141359945967e-12,3.9304771354149825e-10,0.7755555555555556,0.6128884826325411,0.7755555555555556,0.6128884826325411,0.1626670729230144
7,COX7C,6.8433433,0.67756104,7.736595248857565e-12,4.84637361093573e-10,0.8044444444444444,0.6759597806215722,0.8044444444444444,0.6759597806215722,0.12848466382287216
7,EIF3E,6.678817,0.9661011,2.4087903336432465e-11,1.4364384627175621e-09,0.5111111111111111,0.34780621572212067,0.5111111111111111,0.34780621572212067,0.1633048953889904
7,LCK,6.652449,1.0114374,2.8825556481975863e-11,1.711486083990706e-09,0.5311111111111111,0.3263254113345521,0.5311111111111111,0.3263254113345521,0.20478569977655897
7,ST13,6.6049466,0.91358525,3.976612180578679e-11,2.3207100828197622e-09,0.5355555555555556,0.3756855575868373,0.5355555555555556,0.3756855575868373,0.15986999796871826
7,SRSF5,6.5351534,0.64509887,6.354435284020493e-11,3.6308020183507894e-09,0.8355555555555556,0.7129798903107861,0.8355555555555556,0.7129798903107861,0.12257566524476948
7,AAK1,6.2662773,1.7103044,3.6978143042223894e-10,2.0118466987434642e-08,0.29555555555555557,0.11425959780621572,0.29555555555555557,0.11425959780621572,0.18129595774933985
7,GIMAP5,6.2025666,1.0634214,5.554963536832434e-10,2.998362927232558e-08,0.4311111111111111,0.25594149908592323,0.4311111111111111,0.25594149908592323,0.17516961202518788
7,SOD1,5.973514,0.7348928,2.3219682314228187e-09,1.2010908397087127e-07,0.6311111111111111,0.48811700182815354,0.6311111111111111,0.48811700182815354,0.14299410928295753
7,RHOH,5.8263507,1.1160975,5.6652459241701195e-09,2.865355494091376e-07,0.39111111111111113,0.22120658135283364,0.39111111111111113,0.22120658135283364,0.1699045297582775
7,LTB,5.8139143,0.93549544,6.102859347474713e-09,3.075300636498697e-07,0.9,0.6636197440585009,0.9,0.6636197440585009,0.23638025594149914
7,CD8B,5.722851,1.8047969,1.0475131950846516e-08,5.220744595648176e-07,0.26666666666666666,0.09872029250457039,0.26666666666666666,0.09872029250457039,0.1679463741620963
7,CD3G,5.7212195,1.1283172,1.0576203028448877e-08,5.232921324510792e-07,0.36444444444444446,0.18921389396709323,0.36444444444444446,0.18921389396709323,0.17523055047735123
7,LDLRAP1,5.7139144,1.7222482,1.1040667672051254e-08,5.443009304315232e-07,0.2644444444444444,0.09872029250457039,0.2644444444444444,0.09872029250457039,0.16572415193987405
7,RGCC,5.7039924,1.1589874,1.1703334634520783e-08,5.728341855520281e-07,0.3711111111111111,0.20155393053016454,0.3711111111111111,0.20155393053016454,0.16955718058094657
7,NUCB2,5.6924057,1.819168,1.2526194574173269e-08,6.109204039461077e-07,0.25555555555555554,0.0872943327239488,0.25555555555555554,0.0872943327239488,0.16826122283160672
7,COMMD6,5.676028,0.63908374,1.378585580894156e-08,6.699631563235087e-07,0.7088888888888889,0.579981718464351,0.7088888888888889,0.579981718464351,0.12890717042453792
7,TRAF3IP3,5.5410967,0.7303808,3.005829174475966e-08,1.4009420889639519e-06,0.5844444444444444,0.4616087751371115,0.5844444444444444,0.4616087751371115,0.12283566930733292
7,PPA1,5.3615856,0.8798576,8.249460894271876e-08,3.717974850566889e-06,0.43777777777777777,0.2906764168190128,0.43777777777777777,0.2906764168190128,0.14710136095876497
7,OCIAD2,5.355945,1.0810463,8.511035424376441e-08,3.7982581619374074e-06,0.35777777777777775,0.19972577696526508,0.35777777777777775,0.19972577696526508,0.15805200081251267
7,GIMAP7,5.3368487,0.6693077,9.457580265530029e-08,4.206928863390165e-06,0.6488888888888888,0.5178244972577697,0.6488888888888888,0.5178244972577697,0.13106439163111916
7,MAL,5.2177186,1.5173928,1.8114059072569118e-07,7.877885053981015e-06,0.26222222222222225,0.10740402193784278,0.26222222222222225,0.10740402193784278,0.15481820028437948
7,RSL1D1,5.1710653,0.84023577,2.3276336217857937e-07,9.933176480970874e-06,0.4488888888888889,0.3030164533820841,0.4488888888888889,0.3030164533820841,0.1458724355068048
7,MYC,5.16009,1.449529,2.468312261865819e-07,1.0500707865432905e-05,0.27111111111111114,0.12202925045703839,0.27111111111111114,0.12202925045703839,0.14908186065407275
7,UXT,5.043304,0.706448,4.5756140833719116e-07,1.8934723006826313e-05,0.5155555555555555,0.38711151736745886,0.5155555555555555,0.38711151736745886,0.1284440381880967
7,DDX5,5.0153394,0.5033919,5.293996664400965e-07,2.1645155224269335e-05,0.8955555555555555,0.7970749542961609,0.8955555555555555,0.7970749542961609,0.09848060125939462
7,SNRPD2,4.957813,0.57372344,7.129121869811848e-07,2.871837411626861e-05,0.6577777777777778,0.5507312614259597,0.6577777777777778,0.5507312614259597,0.10704651635181806
7,CXCR4,4.7910776,0.60858923,1.658879094164666e-06,6.43569684940701e-05,0.7155555555555555,0.5772394881170019,0.7155555555555555,0.5772394881170019,0.13831606743855362
7,FLT3LG,4.756453,1.2213717,1.9702407200450233e-06,7.600454031902497e-05,0.28444444444444444,0.14990859232175502,0.28444444444444444,0.14990859232175502,0.13453585212268943
7,HINT1,4.575005,0.5065341,4.762086708611044e-06,0.00017481466691610863,0.7311111111111112,0.623400365630713,0.7311111111111112,0.623400365630713,0.10771074548039816
7,VAMP2,4.5730343,0.585014,4.8071165877252426e-06,0.0001759516614032684,0.5422222222222223,0.4382998171846435,0.5422222222222223,0.4382998171846435,0.10392240503757877
7,CD2,4.516221,0.73870105,6.295289142609309e-06,0.00022156821786462045,0.44222222222222224,0.2929616087751371,0.44222222222222224,0.2929616087751371,0.14926061344708513
7,CYTIP,4.513877,0.7043303,6.365323428964254e-06,0.00022345721528518216,0.4488888888888889,0.3203839122486289,0.4488888888888889,0.3203839122486289,0.12850497664026
7,PEBP1,4.492028,0.6448168,7.054808721052847e-06,0.0002451411396811646,0.4866666666666667,0.3596892138939671,0.4866666666666667,0.3596892138939671,0.12697745277269962
7,PRDX2,4.481019,0.7975424,7.428750763950617e-06,0.0002574797472906336,0.3888888888888889,0.27056672760511885,0.3888888888888889,0.27056672760511885,0.11832216128377004
7,NAP1L1,4.4587626,0.52764904,8.243412085756449e-06,0.00028213542717566434,0.6777777777777778,0.5575868372943327,0.6777777777777778,0.5575868372943327,0.12019094048344514
7,SLC2A3,4.3098326,0.8350417,1.6337816986950595e-05,0.0005363202614754744,0.35333333333333333,0.2312614259597806,0.35333333333333333,0.2312614259597806,0.12207190737355272
7,CCDC109B,4.267155,0.7144915,1.979816656870962e-05,0.000646803259957652,0.42,0.3075868372943327,0.42,0.3075868372943327,0.11241316270566726
7,FYB,4.262262,0.65980834,2.0236802157331035e-05,0.0006595555376145885,0.4577777777777778,0.35191956124314444,0.4577777777777778,0.35191956124314444,0.10585821653463334
7,EEF1G,4.2351465,0.8478345,2.2840256100554004e-05,0.0007373677004944811,0.34,0.22577696526508226,0.34,0.22577696526508226,0.11422303473491777
7,BTG2,3.9505384,0.6318662,7.797561663215784e-05,0.002294903061915404,0.44666666666666666,0.3446069469835466,0.44666666666666666,0.3446069469835466,0.10205971968312005
7,RPL39,3.9453735,0.7863987,7.967568957094382e-05,0.0023371927589902982,0.36,0.2573126142595978,0.36,0.2573126142595978,0.1026873857404022
7,ACAP1,3.8761241,0.6815961,0.00010613351476223662,0.0030384890515578688,0.4,0.2829067641681901,0.4,0.2829067641681901,0.11709323583180992
7,SNHG8,3.7267523,0.7555701,0.0001939628354609142,0.005255469208440961,0.3377777777777778,0.23308957952468007,0.3377777777777778,0.23308957952468007,0.10468819825309772
7,PNISR,3.6406834,0.5676988,0.0002719152289113584,0.007233810008513149,0.46444444444444444,0.35420475319926875,0.46444444444444444,0.35420475319926875,0.11023969124517569
7,DNAJB1,3.5949478,0.6656542,0.00032445672091732045,0.008407554043352805,0.37555555555555553,0.27513711151736747,0.37555555555555553,0.27513711151736747,0.10041844403818806
7,TRAT1,3.5820696,0.90972286,0.0003408828491924266,0.008799803759114893,0.2577777777777778,0.15585009140767825,0.2577777777777778,0.15585009140767825,0.10192768637009952
7,FAIM3,3.5796232,0.8099928,0.00034409002525412466,0.008849140084501557,0.29555555555555557,0.19012797074954296,0.29555555555555557,0.19012797074954296,0.10542758480601261
7,CMPK1,3.547275,0.5483427,0.0003892378610746938,0.009808335572344663,0.4577777777777778,0.36060329067641683,0.4577777777777778,0.36060329067641683,0.09717448710136095
7,PSIP1,3.5159464,0.89040303,0.00043818932058309893,0.010919549930443063,0.2688888888888889,0.17276051188299818,0.2688888888888889,0.17276051188299818,0.09612837700589072
7,LAT,3.4734726,0.7392551,0.0005137696656218352,0.012618774377215435,0.30666666666666664,0.2020109689213894,0.30666666666666664,0.2020109689213894,0.10465569774527725
7,STK17A,3.4506047,0.586752,0.0005593319778239549,0.013615396593875093,0.4066666666666667,0.30027422303473494,0.4066666666666667,0.30027422303473494,0.10639244363193173
7,C1QBP,3.4448283,0.50307065,0.0005714221281505859,0.013839025851564896,0.44222222222222224,0.3587751371115174,0.44222222222222224,0.3587751371115174,0.08344708511070487
7,SEPT6,3.408233,0.76756245,0.0006538505336523537,0.01574776523378579,0.2911111111111111,0.1910420475319927,0.2911111111111111,0.1910420475319927,0.1000690635791184
7,IL32,3.3685794,0.6112423,0.0007555662983503618,0.017851234204623773,0.7422222222222222,0.5132541133455211,0.7422222222222222,0.5132541133455211,0.22896810887670116
7,TOMM20,3.0734375,0.58248335,0.0021160799160100125,0.04494119336397003,0.3377777777777778,0.2573126142595978,0.3377777777777778,0.2573126142595978,0.08046516351818
7,PPP1R2,3.0697677,0.5763805,0.00214225261469369,0.0453559716376078,0.3466666666666667,0.26919561243144424,0.3466666666666667,0.26919561243144424,0.07747105423522244
7,GIMAP1,3.064739,0.5169424,0.0021786010776714986,0.046054142905080475,0.3888888888888889,0.31215722120658135,0.3888888888888889,0.31215722120658135,0.07673166768230755
7,ANXA2R,3.0389829,0.77791405,0.002373784197100647,0.04924579337365533,0.2511111111111111,0.16316270566727606,0.2511111111111111,0.16316270566727606,0.08794840544383506
8,GNG11,5.731487,12.698402,9.955398390113731e-09,5.940329795290688e-06,1.0,0.010277883517320136,1.0,0.010277883517320136,0.9897221164826798
8,PF4,5.731487,12.977622,9.955398390113731e-09,5.940329795290688e-06,1.0,0.011419870574800152,1.0,0.011419870574800152,0.9885801294251998
8,SPARC,5.731487,11.213252,9.955398390113731e-09,5.940329795290688e-06,1.0,0.009135896459840122,1.0,0.009135896459840122,0.9908641035401599
8,PPBP,5.731487,13.376807,9.955398390113731e-09,5.940329795290688e-06,1.0,0.024743052912066996,1.0,0.024743052912066996,0.975256947087933
8,CD9,5.7310905,10.211339,9.978711696612446e-09,5.940329795290688e-06,1.0,0.025504377617053674,1.0,0.025504377617053674,0.9744956223829463
8,SDPR,5.7310905,12.011179,9.978711696612446e-09,5.940329795290688e-06,1.0,0.011800532927293491,1.0,0.011800532927293491,0.9881994670727066
8,GPX1,5.7299004,6.694823,1.0048970453625543e-08,5.940329795290688e-06,1.0,0.42063189950513896,1.0,0.42063189950513896,0.579368100494861
8,TPM4,5.72871,7.2094445,1.0119709933546873e-08,5.940329795290688e-06,1.0,0.12637990102778834,1.0,0.12637990102778834,0.8736200989722116
8,HIST1H2AC,5.7279167,9.829602,1.016713822875117e-08,5.940329795290688e-06,1.0,0.03197563760944042,1.0,0.03197563760944042,0.9680243623905596
8,RGS18,5.72752,8.767569,1.0190933324699785e-08,5.940329795290688e-06,1.0,0.029691663494480394,1.0,0.029691663494480394,0.9703083365055196
8,TAGLN2,5.7259336,5.1403866,1.0286656146003068e-08,5.940329795290688e-06,1.0,0.5100875523410735,1.0,0.5100875523410735,0.4899124476589265
8,NRGN,5.72395,9.031865,1.040753915606646e-08,5.940329795290688e-06,1.0,0.027788351732013702,1.0,0.027788351732013702,0.9722116482679863
8,RGS10,5.7172065,5.2844353,1.0828957043532193e-08,5.940329795290688e-06,1.0,0.41416063951275217,1.0,0.41416063951275217,0.5858393604872478
8,CALM3,5.714826,5.0831394,1.0981615716503908e-08,5.940329795290688e-06,1.0,0.3608679101636848,1.0,0.3608679101636848,0.6391320898363152
8,OAZ1,5.6759515,3.4500372,1.379200549072777e-08,5.940329795290688e-06,1.0,0.9116863342215454,1.0,0.9116863342215454,0.08831366577845456
8,ACTB,5.6319194,2.8347163,1.7821503389743423e-08,5.940329795290688e-06,1.0,0.9927674153026266,1.0,0.9927674153026266,0.007232584697373423
8,MYL12A,5.626564,3.026127,1.8383448427574758e-08,5.940329795290688e-06,1.0,0.8736200989722116,1.0,0.8736200989722116,0.1263799010277884
8,MYL6,5.6124816,3.0686781,1.9944515738077586e-08,5.940329795290688e-06,1.0,0.8519223448800913,1.0,0.8519223448800913,0.14807765511990867
8,SH3BGRL3,5.548616,3.350221,2.8794026384527926e-08,7.281689339020617e-06,1.0,0.8580129425199847,1.0,0.8580129425199847,0.14198705748001528
8,CCL5,5.471659,5.972858,4.458419450924437e-08,9.355436671379882e-06,1.0,0.3136657784545108,1.0,0.3136657784545108,0.6863342215454892
8,ARPC5,5.412355,3.4359994,6.220128267907292e-08,1.179750994813083e-05,1.0,0.5256947087933004,1.0,0.5256947087933004,0.4743052912066996
8,ITM2B,5.3274646,2.9826972,9.959325524267025e-08,1.766292848823253e-05,1.0,0.7921583555386372,1.0,0.7921583555386372,0.20784164446136277
8,ITGA2B,5.2086577,12.441929,1.902117048054368e-07,3.0956055496800995e-05,0.9090909090909091,0.001903311762466692,0.9090909090909091,0.001903311762466692,0.9071875973284423
8,GP9,5.2084594,12.469261,1.9041510411037518e-07,3.0956055496800995e-05,0.9090909090909091,0.0022839741149600305,0.9090909090909091,0.0022839741149600305,0.906806934975949
8,CLU,5.2023106,11.210452,1.9682580257301145e-07,3.132090658864998e-05,0.9090909090909091,0.015607156452226875,0.9090909090909091,0.015607156452226875,0.8934837526386822
8,TUBB1,5.201914,10.781377,1.9724648261745009e-07,3.132090658864998e-05,0.9090909090909091,0.015607156452226875,0.9090909090909091,0.015607156452226875,0.8934837526386822
8,ARPC1B,5.1912036,3.555889,2.089390474762547e-07,3.279622565903143e-05,1.0,0.74685953559193,1.0,0.74685953559193,0.25314046440807003
8,NGFRAP1,5.1592703,6.682431,2.479139078035477e-07,3.803946432545222e-05,0.9090909090909091,0.08755234107346783,0.9090909090909091,0.08755234107346783,0.8215385680174412
8,GRAP2,5.141023,6.4623632,2.7324653557387845e-07,4.11785189624078e-05,0.9090909090909091,0.10734678340312143,0.9090909090909091,0.10734678340312143,0.8017441256877876
8,NCOA4,5.1342793,6.936691,2.8322705356575107e-07,4.204074612493366e-05,0.9090909090909091,0.14084507042253522,0.9090909090909091,0.14084507042253522,0.7682458386683738
8,CTSA,5.1315026,6.1623816,2.8743820778354443e-07,4.220705554292562e-05,0.9090909090909091,0.14845831747240198,0.9090909090909091,0.14845831747240198,0.760632591618507
8,TMSB4X,5.108693,1.961228,3.24394410126676e-07,4.58615035244773e-05,1.0,1.0,1.0,1.0,0.0
8,SAT1,5.1079,3.8701394,3.257590686785514e-07,4.58615035244773e-05,1.0,0.5892653216596878,1.0,0.5892653216596878,0.4107346783403122
8,CDKN2D,5.0809255,5.5263834,3.7560053895361457e-07,5.181011070657132e-05,0.9090909090909091,0.21888085268366958,0.9090909090909091,0.21888085268366958,0.6902100564072395
8,TUBA4A,5.0547442,5.5200906,4.3096777770842303e-07,5.713879584840995e-05,0.9090909090909091,0.24857251617815,0.9090909090909091,0.24857251617815,0.660518392912759
8,PRDX6,4.8843684,4.7193346,1.0376082344531167e-06,0.00012602709414243548,0.9090909090909091,0.28397411496003044,0.9090909090909091,0.28397411496003044,0.6251167941308786
8,H3F3A,4.8365684,4.001236,1.3209998335796412e-06,0.0001555135666152033,0.9090909090909091,0.38332698896079176,0.9090909090909091,0.38332698896079176,0.5257639201301173
8,OST4,4.8288326,3.2897453,1.3733563677965162e-06,0.00016029533810794208,0.9090909090909091,0.5649029311001142,0.9090909090909091,0.5649029311001142,0.3441879779907948
8,FKBP1A,4.813362,3.5890896,1.4841197824558726e-06,0.00017098982522396376,0.9090909090909091,0.4640274076893795,0.9090909090909091,0.4640274076893795,0.44506350140152956
8,AP001189.4,4.687415,11.543342,2.7667751399179165e-06,0.0002998657246882466,0.8181818181818182,0.001903311762466692,0.8181818181818182,0.001903311762466692,0.8162785064193515
8,CA2,4.6727376,9.4544115,2.9721119660672755e-06,0.0003170871953798025,0.8181818181818182,0.015226494099733536,0.8181818181818182,0.015226494099733536,0.8029553240820847
8,NAP1L1,4.6517134,3.0039525,3.2918824834086293e-06,0.0003457995937956018,0.9090909090909091,0.5767034640274077,0.9090909090909091,0.5767034640274077,0.3323874450635014
8,PGRMC1,4.6493335,7.6859612,3.330095792608362e-06,0.0003471434209454946,0.8181818181818182,0.03730491054434716,0.8181818181818182,0.03730491054434716,0.7808769076374711
8,RUFY1,4.628706,7.163609,3.679580460089027e-06,0.00037780714859380265,0.8181818181818182,0.05671869052150742,0.8181818181818182,0.05671869052150742,0.7614631276603108
8,MPP1,4.619582,7.1657867,3.845137349290199e-06,0.0003918596689694549,0.8181818181818182,0.06280928816140084,0.8181818181818182,0.06280928816140084,0.7553725300204174
8,ACTN1,4.6120453,6.1877613,3.987264644345987e-06,0.00040333397024584295,0.8181818181818182,0.07080319756376094,0.8181818181818182,0.07080319756376094,0.7473786206180573
8,ILK,4.570393,6.073491,4.868097638469426e-06,0.0004888142746392536,0.8181818181818182,0.1100114198705748,0.8181818181818182,0.1100114198705748,0.7081703983112434
8,SRGN,4.5067253,3.497811,6.583570626318302e-06,0.000656242631189801,0.9090909090909091,0.5976398934145413,0.9090909090909091,0.5976398934145413,0.3114510156763678
8,FERMT3,4.4712224,5.567915,7.777379656506068e-06,0.000764085586972999,0.8181818181818182,0.1811952797868291,0.8181818181818182,0.1811952797868291,0.6369865383949891
8,ASAH1,4.359754,4.1106524,1.302086498260993e-05,0.001243447078339309,0.8181818181818182,0.24400456794822992,0.8181818181818182,0.24400456794822992,0.5741772502335883
8,HMGB1,4.3395233,2.3690224,1.4279214656612421e-05,0.0013541455232687445,0.9090909090909091,0.6322801674914351,0.9090909090909091,0.6322801674914351,0.27681074159947394
8,LAMTOR1,4.320879,4.275714,1.5540879046881642e-05,0.0014636292707876945,0.8181818181818182,0.34221545489151123,0.8181818181818182,0.34221545489151123,0.475966363290307
8,RAP1B,4.2272615,4.0949664,2.3655245153235833e-05,0.002168027032299252,0.8181818181818182,0.3616292348686715,0.8181818181818182,0.3616292348686715,0.45655258331314674
8,TALDO1,4.1760893,4.1083837,2.9656315869727047e-05,0.0026643858520854773,0.8181818181818182,0.36848115721355157,0.8181818181818182,0.36848115721355157,0.44970066096826666
8,TREML1,4.162999,11.188852,3.1409481948960385e-05,0.0028034502319934838,0.7272727272727273,0.0034259611724400457,0.7272727272727273,0.0034259611724400457,0.7238467661002872
8,TMEM40,4.161214,10.593046,3.165604513789428e-05,0.0028071100805395085,0.7272727272727273,0.0022839741149600305,0.7272727272727273,0.0022839741149600305,0.7249887531577672
8,PTCRA,4.15923,10.798952,3.193216084150301e-05,0.002813326377106872,0.7272727272727273,0.004567948229920061,0.7272727272727273,0.004567948229920061,0.7227047790428073
8,F13A1,4.1467347,8.702282,3.3725015294806444e-05,0.002952235954268441,0.7272727272727273,0.010277883517320136,0.7272727272727273,0.010277883517320136,0.7169948437554071
8,MMD,4.1384044,8.286249,3.497293200825312e-05,0.0030419768121318766,0.7272727272727273,0.017891130567186907,0.7272727272727273,0.017891130567186907,0.7093815967055404
8,SNCA,4.132256,7.7748885,3.592200990681991e-05,0.0031047529575160297,0.7272727272727273,0.018271792919680244,0.7272727272727273,0.018271792919680244,0.709000934353047
8,TIMP1,4.0874305,3.5334673,4.361769701190698e-05,0.0037227704399662603,0.8181818181818182,0.3269889607917777,0.8181818181818182,0.3269889607917777,0.49119285739004054
8,PDLIM1,4.0646214,5.996027,4.8110504245430694e-05,0.004030656723776696,0.7272727272727273,0.05976398934145413,0.7272727272727273,0.05976398934145413,0.6675087379312732
8,ODC1,4.001747,5.759931,6.287652463651552e-05,0.005141567787043448,0.7272727272727273,0.09821088694328131,0.7272727272727273,0.09821088694328131,0.629061840329446
8,CAPN1,3.9698138,4.809392,7.192879062360736e-05,0.005812186773704037,0.7272727272727273,0.12219261515036163,0.7272727272727273,0.12219261515036163,0.6050801121223657
8,RSU1,3.9150715,4.744451,9.037741283568575e-05,0.007134069073318639,0.7272727272727273,0.11610201751046821,0.7272727272727273,0.11610201751046821,0.6111707097622591
8,PPDPF,3.9081295,1.8273469,9.30134284541979e-05,0.007299950453853601,0.9090909090909091,0.8092881614008375,0.9090909090909091,0.8092881614008375,0.09980274769007158
8,PKM,3.8750064,3.3351548,0.00010662187512929833,0.008272888220259646,0.8181818181818182,0.42367719832508566,0.8181818181818182,0.42367719832508566,0.3945046198567326
8,HLA-E,3.8662794,1.715668,0.00011050832773963681,0.008525998438488589,0.9090909090909091,0.8873239436619719,0.9090909090909091,0.8873239436619719,0.02176696542893719
8,GPX4,3.8345447,2.3324363,0.00012579709733117844,0.009543806450858738,0.8181818181818182,0.5432051770079939,0.8181818181818182,0.5432051770079939,0.27497664117382437
8,YWHAH,3.8309746,4.225556,0.00012763671366493567,0.009629872717173268,0.7272727272727273,0.1952797868290826,0.7272727272727273,0.1952797868290826,0.5319929404436448
8,DNAJB6,3.7716703,4.353382,0.00016215842725793208,0.012034975449099568,0.7272727272727273,0.18195660449181575,0.7272727272727273,0.18195660449181575,0.5453161227809116
8,ACTG1,3.7595716,1.5250232,0.0001702046690681598,0.012563864652944812,0.9090909090909091,0.8637228778073849,0.9090909090909091,0.8637228778073849,0.04536803128352418
8,WDR1,3.7107794,3.7399735,0.00020662216606326554,0.014929271427301345,0.7272727272727273,0.2607537114579368,0.7272727272727273,0.2607537114579368,0.4665190158147905
8,ARHGDIB,3.6558385,1.5046337,0.00025634259827062825,0.01776961686286142,1.0,0.9147316330414922,1.0,0.9147316330414922,0.08526836695850781
8,SEPT5,3.643343,10.552151,0.00026911976057257,0.018561108335247555,0.6363636363636364,0.001903311762466692,0.6363636363636364,0.001903311762466692,0.6344603246011696
8,MYL9,3.6278725,9.443264,0.00028576642776171696,0.01947478645104052,0.6363636363636364,0.007613247049866768,0.6363636363636364,0.007613247049866768,0.6287503893137696
8,PTGS1,3.627079,8.146494,0.0002866455826493222,0.01947478645104052,0.6363636363636364,0.00951655881233346,0.6363636363636364,0.00951655881233346,0.6268470775513029
8,ACRBP,3.623509,8.892647,0.0002906332292995855,0.019647957323342274,0.6363636363636364,0.00951655881233346,0.6363636363636364,0.00951655881233346,0.6268470775513029
8,DYNLL1,3.6016912,3.5924037,0.0003161536997694678,0.021163700608097316,0.7272727272727273,0.33840883136657784,0.7272727272727273,0.33840883136657784,0.38886389590614945
8,TPM1,3.5945508,7.358508,0.0003249515528679811,0.021623642517418263,0.6363636363636364,0.025123715264560333,0.6363636363636364,0.025123715264560333,0.611239921099076
8,SERF2,3.5935593,1.6434324,0.00032619144395050985,0.021623642517418263,0.9090909090909091,0.8561096307575181,0.9090909090909091,0.8561096307575181,0.052981278333390947
8,SNX3,3.581857,2.3569324,0.0003411604445562126,0.022398495340671343,0.8181818181818182,0.46516939474685953,0.8181818181818182,0.46516939474685953,0.3530124234349587
8,SNN,3.509264,6.040762,0.00044934878325695313,0.029220509448366436,0.6363636363636364,0.06509326227636086,0.6363636363636364,0.06509326227636086,0.5712703740872755
8,HIST1H2BK,3.4842727,5.663193,0.0004934761729672737,0.031685005477653766,0.6363636363636364,0.07651313285116101,0.6363636363636364,0.07651313285116101,0.5598505035124753
