group,names,scores,logfoldchanges,pvals,pvals_adj,pct_nz_group,pct_nz_reference,fraction_expressing_in_cluster,fraction_expressing_outside_cluster,expression_fraction_gap
0,NKG7,31.115158,6.977185,1.5022685387758554e-212,2.0514979165523083e-208,0.9354838709677419,0.16244822825586747,0.9354838709677419,0.16244822825586747,0.7730356427118744
0,CST7,27.06081,6.259276,2.849777258027139e-161,1.9458279117809305e-157,0.8172043010752689,0.06350667280257709,0.8172043010752689,0.06350667280257709,0.7536976282726918
0,CCL5,26.985039,5.5338135,2.2144315543718827e-160,1.008009243550081e-156,0.8602150537634409,0.20018407731247123,0.8602150537634409,0.20018407731247123,0.6600309764509696
0,GZMA,26.780167,6.081553,5.5010071012526026e-158,1.8780438243676385e-154,0.8150537634408602,0.06534744592728946,0.8150537634408602,0.06534744592728946,0.7497063175135708
0,CTSW,26.325308,4.5475545,9.843649543772243e-153,2.6884975633950747e-149,0.8387096774193549,0.18407731247123793,0.8387096774193549,0.18407731247123793,0.6546323649481169
0,B2M,26.090483,0.9117354,4.675235131135048e-150,1.0640835158463371e-146,1.0,0.9995398067188219,1.0,0.9995398067188219,0.00046019328117807845
0,HLA-C,24.431513,1.197987,7.912899752263875e-132,1.5436937002416498e-128,0.9913978494623656,0.9792913023469857,0.9913978494623656,0.9792913023469857,0.012106547115379951
0,HLA-A,22.254894,1.1984677,1.0113348552083518e-109,1.7263485978406567e-106,0.9935483870967742,0.9595029912563277,0.9935483870967742,0.9595029912563277,0.034045395840446524
0,PRF1,20.004784,5.4529877,5.003435004285594e-89,7.591878713169342e-86,0.6193548387096774,0.057063966866083754,0.6193548387096774,0.057063966866083754,0.5622908718435937
0,HLA-B,18.574938,0.9478882,5.1265242944544415e-77,7.000781576506985e-74,0.9698924731182795,0.9433962264150944,0.9698924731182795,0.9433962264150944,0.026496246703185178
0,GZMM,18.53405,3.3503175,1.0971070114195837e-76,1.362008486176894e-73,0.6365591397849463,0.1606074551311551,0.6365591397849463,0.1606074551311551,0.4759516846537912
0,PTPRCAP,17.541317,1.8342547,6.930238571415258e-69,7.886611494270564e-66,0.8774193548387097,0.5913483663138518,0.8774193548387097,0.5913483663138518,0.2860709885248579
0,HCST,16.420288,1.8494331,1.3691615218139605e-60,1.2464846494594296e-57,0.7677419354838709,0.49148642429820527,0.7677419354838709,0.49148642429820527,0.27625551118566566
0,GZMB,16.29642,5.9486737,1.0464765785151068e-59,8.931677597626437e-57,0.5032258064516129,0.038656235618959964,0.5032258064516129,0.038656235618959964,0.4645695708326529
0,FGFBP2,15.831732,6.032561,1.8797460082655222e-56,1.3510427099407352e-53,0.4838709677419355,0.02991256327657616,0.4838709677419355,0.02991256327657616,0.45395840446535934
0,GZMH,15.549076,6.3642383,1.6141662856526148e-54,1.1021527398436054e-51,0.47096774193548385,0.020708697653014266,0.47096774193548385,0.020708697653014266,0.4502590442824696
0,GNLY,15.492894,5.0511293,3.8744872995398064e-54,2.5195237410721714e-51,0.513978494623656,0.10860561435803037,0.513978494623656,0.10860561435803037,0.40537288026562557
0,IL32,15.058161,1.919326,3.051593608909061e-51,1.811850535794006e-48,0.7849462365591398,0.5025310630464795,0.7849462365591398,0.5025310630464795,0.2824151735126602
0,MALAT1,14.856508,0.7157297,6.313098156199623e-50,3.5921528508775855e-47,1.0,0.9995398067188219,1.0,0.9995398067188219,0.00046019328117807845
0,CD99,14.341107,1.643641,1.2110806913910808e-46,6.125377008013555e-44,0.7268817204301076,0.4592728946157386,0.7268817204301076,0.4592728946157386,0.26760882581436896
0,CCL4,13.905769,4.768281,5.843477859512428e-44,2.751673574120749e-41,0.44086021505376344,0.04371836171191901,0.44086021505376344,0.04371836171191901,0.39714185334184443
0,HOPX,13.772106,3.658273,3.751150436657669e-43,1.652442269774101e-40,0.4666666666666667,0.08053382420616659,0.4666666666666667,0.08053382420616659,0.38613284246050006
0,MYL12A,13.734707,0.9352594,6.2909798679722305e-43,2.6846756586571493e-40,0.9354838709677419,0.8610216290842154,0.9354838709677419,0.8610216290842154,0.07446224188352646
0,RARRES3,13.620531,1.6611255,3.0235931529569996e-42,1.2512178211145694e-39,0.6881720430107527,0.42567878508973767,0.6881720430107527,0.42567878508973767,0.2624932579210151
0,CD247,13.4472885,2.4896433,3.193688487355584e-41,1.2460859995236528e-38,0.5419354838709678,0.20938794293603313,0.5419354838709678,0.20938794293603313,0.33254754093493466
0,PFN1,13.217964,0.81712574,6.9108988018482184e-40,2.5506820010280885e-37,0.9720430107526882,0.9397146801656696,0.9720430107526882,0.9397146801656696,0.03232833058701856
0,HLA-E,13.174595,0.84652305,1.2288499546951142e-39,4.302865379824738e-37,0.9268817204301075,0.878969167050161,0.9268817204301075,0.878969167050161,0.04791255337994649
0,LYAR,12.954494,2.9168584,2.2159047132670729e-38,7.380584088871988e-36,0.4731182795698925,0.12011044638748274,0.4731182795698925,0.12011044638748274,0.35300783318240975
0,GZMK,12.26404,4.168402,1.4127752121605307e-34,4.01934547859671e-32,0.4021505376344086,0.051081454210768526,0.4021505376344086,0.051081454210768526,0.35106908342364007
0,APOBEC3G,12.165896,2.5044568,4.722313829146301e-34,1.3160799520575896e-31,0.4752688172043011,0.16152784169351128,0.4752688172043011,0.16152784169351128,0.31374097551078983
0,ID2,11.747665,1.7435846,7.259667374568279e-32,1.8705286352283852e-29,0.6064516129032258,0.34054302807179015,0.6064516129032258,0.34054302807179015,0.26590858483143565
0,CD7,11.389173,1.7326324,4.734655656130796e-30,1.0599419285265927e-27,0.578494623655914,0.32259549010584443,0.578494623655914,0.32259549010584443,0.25589913355006955
0,UBB,11.200399,0.83068013,4.0589729807816926e-29,8.79830714691346e-27,0.8193548387096774,0.7745052922227336,0.8193548387096774,0.7745052922227336,0.044849546486943836
0,APMAP,11.130969,3.354844,8.866672874557213e-29,1.862819765768512e-26,0.38064516129032255,0.06764841233317993,0.38064516129032255,0.06764841233317993,0.31299674895714263
0,KLRG1,11.10437,3.4630513,1.1945666915092487e-28,2.471667081704591e-26,0.3741935483870968,0.05936493327197423,0.3741935483870968,0.05936493327197423,0.31482861511512256
0,SRGN,10.684328,1.2086717,1.205189169465084e-26,2.1944084397620247e-24,0.7612903225806451,0.5641969627243443,0.7612903225806451,0.5641969627243443,0.19709335985630083
0,CD8A,10.512092,3.2983215,7.598941415066923e-26,1.347677194339661e-23,0.3634408602150538,0.06534744592728946,0.3634408602150538,0.06534744592728946,0.2980934142877643
0,CALM1,10.415022,0.95112705,2.1174903759578145e-25,3.569931922725916e-23,0.7677419354838709,0.6585365853658537,0.7677419354838709,0.6585365853658537,0.10920535011801724
0,SPON2,10.324326,4.771886,5.4702106069885865e-25,9.00014410229351e-23,0.3247311827956989,0.02761159687068569,0.3247311827956989,0.02761159687068569,0.2971195859250132
0,CFL1,10.083529,0.589895,6.533607204754917e-24,1.0138970453196948e-21,0.946236559139785,0.9093419236079153,0.946236559139785,0.9093419236079153,0.03689463553186967
0,CTSC,9.99659,1.7716744,1.5773595683200325e-23,2.4202721646043108e-21,0.4731182795698925,0.22411412793373217,0.4731182795698925,0.22411412793373217,0.24900415163616033
0,TPST2,9.98542,2.6939936,1.7655144976416594e-23,2.6788739977549444e-21,0.36989247311827955,0.09526000920386563,0.36989247311827955,0.09526000920386563,0.2746324639144139
0,ITGB2,9.929606,1.2529323,3.0947326526294573e-23,4.544265495086867e-21,0.6172043010752688,0.43994477680625865,0.6172043010752688,0.43994477680625865,0.17725952426901015
0,FCGR3A,9.90321,2.2620823,4.0312569248432487e-23,5.856472826133979e-21,0.421505376344086,0.13575701794753797,0.421505376344086,0.13575701794753797,0.28574835839654805
0,IFITM1,9.724332,1.2294976,2.3745909341568465e-22,3.3242210537361044e-20,0.6279569892473118,0.4445467096180396,0.6279569892473118,0.4445467096180396,0.1834102796292722
0,MATK,9.723863,4.642434,2.3855716407889444e-22,3.3242210537361044e-20,0.3032258064516129,0.019788311090658078,0.3032258064516129,0.019788311090658078,0.2834374953609548
0,RAP1B,9.699276,1.3773875,3.036447911823994e-22,4.1884578468554004e-20,0.5290322580645161,0.3281178094799816,0.5290322580645161,0.3281178094799816,0.20091444858453456
0,SAMD3,9.644067,3.0351245,5.20828004721197e-22,6.972967874973202e-20,0.33978494623655914,0.06948918545789232,0.33978494623655914,0.06948918545789232,0.2702957607786668
0,KLRD1,9.637459,5.6726274,5.5545888076087655e-22,7.364414054049058e-20,0.2924731182795699,0.010124252185918085,0.2924731182795699,0.010124252185918085,0.28234886609365184
0,C12orf75,9.603045,2.6730502,7.7616668026732555e-22,1.0094602081648188e-19,0.35913978494623655,0.09019788311090658,0.35913978494623655,0.09019788311090658,0.26894190183532996
0,CD53,9.516977,1.0140127,1.7828944063233222e-21,2.275439814275821e-19,0.6666666666666666,0.5223193741371376,0.6666666666666666,0.5223193741371376,0.14434729252952905
0,CLIC1,9.379121,0.9253427,6.6524941052701984e-21,8.258769045597256e-19,0.7548387096774194,0.6217211228716061,0.7548387096774194,0.6217211228716061,0.13311758680581331
0,LITAF,8.695642,1.4442589,3.448723237091071e-18,3.828923945180136e-16,0.47096774193548385,0.27795674183156927,0.47096774193548385,0.27795674183156927,0.1930110001039146
0,LCK,8.6084,1.2273375,7.408685976116446e-18,8.093841255187695e-16,0.535483870967742,0.3239760699493787,0.535483870967742,0.3239760699493787,0.21150780101836325
0,XCL2,8.597969,5.80419,8.113899778580253e-18,8.793921855261265e-16,0.26021505376344084,0.007823285780027611,0.26021505376344084,0.007823285780027611,0.25239176798341323
0,PDIA3,8.532329,1.3195736,1.434313806820021e-17,1.5422826256641106e-15,0.4817204301075269,0.30740911182696734,0.4817204301075269,0.30740911182696734,0.17431131828055957
0,MYO1F,8.519146,1.6929963,1.6073357449802908e-17,1.7148263229258478e-15,0.410752688172043,0.20018407731247123,0.410752688172043,0.20018407731247123,0.2105686108595718
0,CLIC3,8.499893,4.9130135,1.8976475774842322e-17,2.0088585517926106e-15,0.2645161290322581,0.017027151403589506,0.2645161290322581,0.017027151403589506,0.24748897762866856
0,ARPC5L,8.472557,2.0202885,2.4006409940060623e-17,2.521781031857445e-15,0.3655913978494624,0.14772204325816843,0.3655913978494624,0.14772204325816843,0.21786935459129395
0,CD63,8.435326,1.3518527,3.3028150861071603e-17,3.442995634799953e-15,0.4924731182795699,0.3133916244822826,0.4924731182795699,0.3133916244822826,0.17908149379728733
0,NCR3,8.413389,3.2295053,3.9832942519422944e-17,4.059393007800296e-15,0.2924731182795699,0.05154164749194662,0.2924731182795699,0.05154164749194662,0.24093147078762328
0,BIN2,8.279324,1.2226986,1.2387699285234608e-16,1.2530846032530654e-14,0.5032258064516129,0.34100322135296823,0.5032258064516129,0.34100322135296823,0.16222258509864462
0,IL2RG,8.277982,1.0778751,1.2528033642237572e-16,1.2579619663117376e-14,0.567741935483871,0.4132535664979291,0.567741935483871,0.4132535664979291,0.15448836898594187
0,UBC,8.190505,0.5110857,2.601319875311761e-16,2.5374017298041005e-14,0.875268817204301,0.8485964104924069,0.875268817204301,0.8485964104924069,0.026672406711894192
0,SEPT7,8.139689,1.2574097,3.9629270831791843e-16,3.811107904781334e-14,0.4838709677419355,0.3083294983893235,0.4838709677419355,0.3083294983893235,0.175541469352612
0,MYL12B,7.9334755,0.6227201,2.1309677155004506e-15,1.96624967046447e-13,0.7526881720430108,0.6902899217671422,0.7526881720430108,0.6902899217671422,0.06239825027586854
0,PPP1R18,7.9321003,1.3926386,2.1547046883516397e-15,1.9748085385322143e-13,0.43010752688172044,0.2535664979291302,0.43010752688172044,0.2535664979291302,0.17654102895259022
0,ANXA6,7.8828945,1.3344154,3.1988293054774297e-15,2.873895591815775e-13,0.44516129032258067,0.26369075011504833,0.44516129032258067,0.26369075011504833,0.18147054020753234
0,CHST12,7.8548536,2.5841289,4.0023889025772994e-15,3.535682610712009e-13,0.2967741935483871,0.07823285780027611,0.2967741935483871,0.07823285780027611,0.21854133574811097
0,ZAP70,7.83919,2.1983442,4.534627143938511e-15,3.9192954606091334e-13,0.31827956989247314,0.1063046479521399,0.31827956989247314,0.1063046479521399,0.21197492194033324
0,ANXA1,7.723404,0.84379417,1.1326348490867757e-14,9.547692283412969e-13,0.6946236559139785,0.5715600552231938,0.6946236559139785,0.5715600552231938,0.1230636006907847
0,RAC2,7.531009,0.6834687,5.034971974207088e-14,4.142022727697107e-12,0.7096774193548387,0.6396686608375518,0.7096774193548387,0.6396686608375518,0.07000875851728694
0,DUSP2,7.5159154,1.482434,5.651415805485183e-14,4.62130145147938e-12,0.4064516129032258,0.22779567418315694,0.4064516129032258,0.22779567418315694,0.17865593872006885
0,IFITM2,7.4977694,0.6706493,6.491306282524655e-14,5.276504678223613e-12,0.7849462365591398,0.6930510814542108,0.7849462365591398,0.6930510814542108,0.09189515510492896
0,PLEK,7.487271,1.9480548,7.032058905753695e-14,5.6157775682440035e-12,0.3333333333333333,0.13529682466635987,0.3333333333333333,0.13529682466635987,0.19803650866697345
0,DHRS7,7.3380103,1.1953691,2.167925471291306e-13,1.6726096178505126e-11,0.443010752688172,0.2936033133916245,0.443010752688172,0.2936033133916245,0.14940743929654754
0,SH3BGRL3,7.3101707,0.5795338,2.668032603280847e-13,2.024147401689069e-11,0.9096774193548387,0.8476760239300506,0.9096774193548387,0.8476760239300506,0.06200139542478811
0,CCND3,7.1787543,0.9575919,7.034936487208522e-13,5.165004982221482e-11,0.5161290322580645,0.39116428900138056,0.5161290322580645,0.39116428900138056,0.12496474325668394
0,XBP1,6.8984466,1.2741191,5.257418254328928e-12,3.7393387333914506e-10,0.4150537634408602,0.25816843074091117,0.4150537634408602,0.25816843074091117,0.15688533269994903
0,DDX5,6.863832,0.5289839,6.703757163079663e-12,4.718892155619375e-10,0.8602150537634409,0.8039576622181316,0.8602150537634409,0.8039576622181316,0.05625739154530929
0,PLAC8,6.850482,0.9470065,7.3601474700493e-12,5.154367889794525e-10,0.5376344086021505,0.4413253566497929,0.5376344086021505,0.4413253566497929,0.09630905195235762
0,GIMAP7,6.8492074,0.7720486,7.426016246110897e-12,5.173963155963797e-10,0.6365591397849463,0.519558214450069,0.6365591397849463,0.519558214450069,0.11700092533487727
0,C9orf142,6.7678356,1.4385501,1.3072323135156853e-11,8.970635413753869e-10,0.3720430107526882,0.21445006902899216,0.3720430107526882,0.21445006902899216,0.15759294172369603
0,TXNIP,6.724701,0.52229244,1.75953432140708e-11,1.1880254907884086e-09,0.7763440860215054,0.7556373676944317,0.7763440860215054,0.7556373676944317,0.020706718327073714
0,ARL4C,6.5001397,1.491184,8.024555431252392e-11,5.2684292773645516e-09,0.33548387096774196,0.1688909341923608,0.33548387096774196,0.1688909341923608,0.16659293677538117
0,CD3D,6.4713273,0.83418953,9.71457923358456e-11,6.3172520958967025e-09,0.610752688172043,0.5006902899217671,0.610752688172043,0.5006902899217671,0.11006239825027586
0,YWHAQ,6.18676,1.109391,6.141344827357792e-10,3.812100225563546e-08,0.3978494623655914,0.2659917165209388,0.3978494623655914,0.2659917165209388,0.1318577458446526
0,ALOX5AP,6.1066623,1.2994365,1.017361973008709e-09,6.202274599735236e-08,0.35913978494623655,0.20800736309249884,0.35913978494623655,0.20800736309249884,0.1511324218537377
0,CD8B,6.0985117,1.9463794,1.0706059940534983e-09,6.469113033094945e-08,0.2709677419354839,0.0966405890473999,0.2709677419354839,0.0966405890473999,0.17432715288808398
0,SUN2,6.0626893,1.2033803,1.3386423359767314e-09,8.017763043902738e-08,0.3655913978494624,0.22641509433962265,0.3655913978494624,0.22641509433962265,0.13917630350983973
0,HSPA5,5.949587,1.4223976,2.6882048155306487e-09,1.5489504202905713e-07,0.3204301075268817,0.17441325356649792,0.3204301075268817,0.17441325356649792,0.1460168539603838
0,CALR,5.9207745,1.117794,3.2042922132138535e-09,1.830870898060602e-07,0.3870967741935484,0.257248044178555,0.3870967741935484,0.257248044178555,0.12984873001499336
0,SLC9A3R1,5.797542,1.5958873,6.729380960536608e-09,3.797372991615203e-07,0.28817204301075267,0.13759779107225034,0.28817204301075267,0.13759779107225034,0.15057425193850232
0,HLA-F,5.746358,0.9384069,9.118628847249114e-09,5.041457309232141e-07,0.4236559139784946,0.31293143120110445,0.4236559139784946,0.31293143120110445,0.11072448277739017
0,HSP90AA1,5.684708,0.59380084,1.3103623973899516e-08,7.072849367097699e-07,0.5870967741935483,0.5264611136677404,0.5870967741935483,0.5264611136677404,0.06063566052580793
0,AES,5.6662602,0.689018,1.4594781501036026e-08,7.815934752084234e-07,0.5806451612903226,0.47445927289461576,0.5806451612903226,0.47445927289461576,0.10618588839570686
0,CD3E,5.622388,0.73542345,1.8833595640536362e-08,9.891983925660174e-07,0.5913978494623656,0.46295444086516335,0.5913978494623656,0.46295444086516335,0.12844340859720227
0,STK17A,5.6191344,0.93088764,1.919167516397831e-08,1.0022547165959565e-06,0.4258064516129032,0.29544408651633686,0.4258064516129032,0.29544408651633686,0.13036236509656635
0,RHOC,5.5332675,1.3165781,3.143194721206781e-08,1.5956679224089144e-06,0.3139784946236559,0.16106764841233318,0.3139784946236559,0.16106764841233318,0.15291084621132273
0,PPIB,5.5136123,0.6642586,3.515428988965709e-08,1.7780258619746563e-06,0.5311827956989247,0.4647952139898757,0.5311827956989247,0.4647952139898757,0.06638758170904896
0,PSMB9,5.3811226,0.50716066,7.402277560240104e-08,3.6101965129513876e-06,0.632258064516129,0.5761619880349746,0.632258064516129,0.5761619880349746,0.05609607648115433
0,HSP90B1,5.378808,1.0927832,7.498054459111429e-08,3.6309727550931093e-06,0.34623655913978496,0.22549470777726646,0.34623655913978496,0.22549470777726646,0.1207418513625185
0,PSME2,5.240717,0.55519676,1.5995373203495606e-07,7.404502253116474e-06,0.6193548387096774,0.5398067188219052,0.6193548387096774,0.5398067188219052,0.07954811988777222
0,ABI3,5.1664896,1.3638593,2.385316564861676e-07,1.0930833224748675e-05,0.2860215053763441,0.15370455591348367,0.2860215053763441,0.15370455591348367,0.1323169494628604
0,HNRNPA3,5.1655836,0.85565025,2.3968957351648695e-07,1.0947159919535603e-05,0.3978494623655914,0.29406350667280257,0.3978494623655914,0.29406350667280257,0.10378595569278881
0,PSMB8,5.117317,0.61821425,3.0991189418832125e-07,1.3921568509985905e-05,0.535483870967742,0.4436263230556834,0.535483870967742,0.4436263230556834,0.09185754791205858
0,PTPRC,4.9069443,0.5721967,9.250640142684318e-07,3.997681702167628e-05,0.5096774193548387,0.44408651633686147,0.5096774193548387,0.44408651633686147,0.06559090301797721
0,CAP1,4.8523383,0.6768036,1.2201429690910832e-06,5.206960120596197e-05,0.47096774193548385,0.40174873446847675,0.47096774193548385,0.40174873446847675,0.0692190074670071
0,LCP1,4.7506065,0.68518674,2.0280757594764242e-06,8.418055492829803e-05,0.44946236559139785,0.37367694431661297,0.44946236559139785,0.37367694431661297,0.07578542127478488
0,PIM1,4.743462,1.2039611,2.1009637186369046e-06,8.667903486920112e-05,0.2838709677419355,0.16428900138057984,0.2838709677419355,0.16428900138057984,0.11958196636135565
0,PPP1CA,4.740745,0.5017589,2.12933663223392e-06,8.758500316200726e-05,0.5505376344086022,0.5126553152323976,0.5505376344086022,0.5126553152323976,0.03788231917620455
0,FYN,4.732561,1.3167913,2.2170469294354897e-06,9.091889750261575e-05,0.2645161290322581,0.14496088357109987,0.2645161290322581,0.14496088357109987,0.1195552454611582
0,PPP2R5C,4.690164,0.9814422,2.7298576638619384e-06,0.00010964393016970185,0.3333333333333333,0.22411412793373217,0.3333333333333333,0.22411412793373217,0.10921920539960114
0,BTN3A2,4.612448,1.0373154,3.979536202617794e-06,0.00015706516295649881,0.30752688172043013,0.1965025310630465,0.30752688172043013,0.1965025310630465,0.11102435065738364
0,SELT,4.4785833,0.78381294,7.513998407409193e-06,0.0002866233582446367,0.36989247311827955,0.28624022089277495,0.36989247311827955,0.28624022089277495,0.0836522522255046
0,LAT,4.433839,0.9787879,9.256980636134454e-06,0.0003482460814519342,0.3096774193548387,0.20064427059364934,0.3096774193548387,0.20064427059364934,0.10903314876118939
0,TMED9,4.36102,0.8999676,1.2945755826906127e-05,0.00048040011296801653,0.3311827956989247,0.23653934652554073,0.3311827956989247,0.23653934652554073,0.09464344917338399
0,SRSF7,4.3328786,0.5078264,1.4717234016873543e-05,0.0005446573109334014,0.5290322580645161,0.4763000460193281,0.5290322580645161,0.4763000460193281,0.05273221204518802
0,BST2,4.2692165,0.5324482,1.961608664722632e-05,0.0007124395724854326,0.4967741935483871,0.43902439024390244,0.4967741935483871,0.43902439024390244,0.05774980330448465
0,TAP1,4.2423496,0.9199941,2.2119181990870422e-05,0.0007969908951644498,0.3096774193548387,0.21629084215370456,0.3096774193548387,0.21629084215370456,0.09338657720113416
0,CCDC107,4.2398677,1.1501517,2.2365179406080222e-05,0.0008037339209721882,0.26021505376344084,0.15186378278877127,0.26021505376344084,0.15186378278877127,0.10835127097466957
0,PRMT2,4.225109,1.0299304,2.388250088806337e-05,0.0008537681469303492,0.2989247311827957,0.20064427059364934,0.2989247311827957,0.20064427059364934,0.09828046058914638
0,FAM49B,4.211827,0.7292139,2.533139271260438e-05,0.0008985077893073388,0.36989247311827955,0.28854118729866546,0.36989247311827955,0.28854118729866546,0.0813512858196141
0,CD2,4.197169,0.7347866,2.7027233522303834e-05,0.000946368976873285,0.3827956989247312,0.30464795213989876,0.3827956989247312,0.30464795213989876,0.07814774678483244
0,TMEM50A,4.1353183,0.79971504,3.54463285849538e-05,0.0012192822749524663,0.33763440860215055,0.25126553152323977,0.33763440860215055,0.25126553152323977,0.08636887707891078
0,BZW1,4.0847707,1.1453049,4.412034174931648e-05,0.0014950555506914787,0.25161290322580643,0.14588127013345606,0.25161290322580643,0.14588127013345606,0.10573163309235037
0,TMEM59,4.0770564,0.5582436,4.5609464981355025e-05,0.00154169023214204,0.44516129032258067,0.38840312931431203,0.44516129032258067,0.38840312931431203,0.05675816100826864
0,C11orf58,4.0608554,0.54176307,4.889320362747308e-05,0.00163648428611954,0.432258064516129,0.3801196502531063,0.432258064516129,0.3801196502531063,0.052138414263022737
0,BSG,4.0572667,0.843302,4.965038344827781e-05,0.0016577643921019114,0.31827956989247314,0.23469857340082834,0.31827956989247314,0.23469857340082834,0.0835809964916448
0,TERF2IP,3.9958518,0.828966,6.446203366291486e-05,0.0021110156635509958,0.30752688172043013,0.2126092959042798,0.30752688172043013,0.2126092959042798,0.09491758581615034
0,PSMB10,3.994007,0.64055026,6.496592307750834e-05,0.002122427381690081,0.4064516129032258,0.3451449608835711,0.4064516129032258,0.3451449608835711,0.061306652019654684
0,ARL6IP1,3.936349,1.0171483,8.273064940758436e-05,0.002677179498364863,0.26881720430107525,0.1753336401288541,0.26881720430107525,0.1753336401288541,0.09348356417222115
0,EFHD2,3.90378,1.0322268,9.470187083409387e-05,0.003035795183357713,0.2709677419354839,0.1771744132535665,0.2709677419354839,0.1771744132535665,0.09379332868191739
0,RPA2,3.8731565,0.9858562,0.00010743480560090187,0.003427873143191392,0.2623655913978495,0.16474919466175794,0.2623655913978495,0.16474919466175794,0.09761639673609154
0,WIPF1,3.8615847,0.9401388,0.00011265399381355789,0.003561117915550802,0.2817204301075269,0.19236079153244362,0.2817204301075269,0.19236079153244362,0.08935963857508328
0,RASSF5,3.8387427,1.0099702,0.00012366592907468092,0.003882257304468604,0.26021505376344084,0.1665899677864703,0.26021505376344084,0.1665899677864703,0.09362508597697053
0,DSTN,3.7419078,0.9185266,0.00018262842401541,0.00559186941335076,0.26881720430107525,0.18361711919005982,0.26881720430107525,0.18361711919005982,0.08520008511101543
0,ARPC4,3.7139006,0.6508755,0.00020408894435051576,0.006193419164556986,0.3634408602150538,0.30648872526461113,0.3634408602150538,0.30648872526461113,0.05695213495044266
0,SPCS2,3.626055,0.61050093,0.0002877840487486873,0.008580740108541646,0.35913978494623655,0.2936033133916245,0.35913978494623655,0.2936033133916245,0.06553647155461206
0,LAMP1,3.6025088,0.90845436,0.00031516074582885954,0.009275506778101092,0.2709677419354839,0.18913943856419696,0.2709677419354839,0.18913943856419696,0.08182830337128694
0,C9orf16,3.578929,0.50953084,0.00034500517850970003,0.010002952691567863,0.4064516129032258,0.35526921306948916,0.4064516129032258,0.35526921306948916,0.051182399833736625
0,SRSF2,3.515267,0.50328875,0.0004393122009998233,0.012524524878608742,0.432258064516129,0.3865623561895996,0.432258064516129,0.3865623561895996,0.045695708326529416
0,SEC61B,3.4495587,0.5675689,0.0005615034281523276,0.015680758312572977,0.36989247311827955,0.3083294983893235,0.36989247311827955,0.3083294983893235,0.061562974728956055
0,P4HB,3.448888,0.7786825,0.0005629001926488204,0.015687683736351616,0.3010752688172043,0.22411412793373217,0.3010752688172043,0.22411412793373217,0.07696114088347214
0,TBC1D10C,3.3600698,0.627901,0.0007792282681427104,0.02098844424015158,0.35053763440860214,0.291302346985734,0.35053763440860214,0.291302346985734,0.059235287422868155
0,IRF1,3.2791336,0.66049,0.001041263237172592,0.02724040376787149,0.3311827956989247,0.2747353888633226,0.3311827956989247,0.2747353888633226,0.05644740683560212
0,WDR1,3.186022,0.64065164,0.0014424365096659627,0.03647761662221924,0.3118279569892473,0.25218591808559593,0.3118279569892473,0.25218591808559593,0.059642038903651384
1,CD74,28.729652,4.0331664,1.6266712438304777e-181,2.2213822505749003e-177,1.0,0.8206023570493235,1.0,0.8206023570493235,0.1793976429506765
1,CD79A,27.618233,7.6818485,6.721777163097594e-168,4.5896294469630375e-164,0.9250720461095101,0.041903099083369706,0.9250720461095101,0.041903099083369706,0.8831689470261403
1,HLA-DRA,27.42201,4.834592,1.4989385933801754e-165,6.823168477066559e-162,0.9971181556195965,0.49410737669140115,0.9971181556195965,0.49410737669140115,0.5030107789281953
1,CD79B,26.404636,5.485796,1.2120897592304414e-153,4.138074438012727e-150,0.9077809798270894,0.14185945002182454,0.9077809798270894,0.14185945002182454,0.7659215298052648
1,HLA-DPB1,25.64501,3.9983866,4.8062948751866325e-145,1.312695256310973e-141,0.9798270893371758,0.4487123526844173,0.9798270893371758,0.4487123526844173,0.5311147366527584
1,HLA-DQA1,25.12373,5.3158903,2.738016144041836e-139,6.231724743839219e-136,0.8847262247838616,0.11741597555652554,0.8847262247838616,0.11741597555652554,0.7673102492273361
1,MS4A1,24.83993,6.351767,3.3223681902214613e-136,6.481465715094897e-133,0.8414985590778098,0.053688345700567436,0.8414985590778098,0.053688345700567436,0.7878102133772423
1,HLA-DRB1,24.20324,3.855721,2.0567387961262215e-129,3.51085312498746e-126,0.9798270893371758,0.38105630728939327,0.9798270893371758,0.38105630728939327,0.5987707820477826
1,HLA-DQB1,23.996277,4.917655,3.0411221000678063e-127,4.614395933169551e-124,0.8530259365994236,0.14797031863814927,0.8530259365994236,0.14797031863814927,0.7050556179612744
1,CD37,23.887484,2.4367423,4.132548043978171e-126,5.64340760885659e-123,0.9596541786743515,0.7411610650371017,0.9596541786743515,0.7411610650371017,0.21849311363724988
1,HLA-DPA1,23.546316,3.6503704,1.3693030820451765e-122,1.6999275353099025e-119,0.9740634005763689,0.42077695329550413,0.9740634005763689,0.42077695329550413,0.5532864472808647
1,HLA-DRB5,20.00714,3.2967618,4.772638029946761e-89,4.655367495496641e-86,0.8559077809798271,0.2749890877346137,0.8559077809798271,0.2749890877346137,0.5809186932452134
1,TCL1A,18.107391,6.8497624,2.7864369753394306e-73,2.3782239584522042e-70,0.6138328530259366,0.022261021388040158,0.6138328530259366,0.022261021388040158,0.5915718316378964
1,RPL18A,17.154152,0.7170354,5.851823799197557e-66,4.700735635402462e-63,1.0,0.9930161501527717,1.0,0.9930161501527717,0.0069838498472283295
1,HLA-DMA,16.807161,3.135575,2.1628207005867333e-63,1.4767739743606214e-60,0.7002881844380403,0.19991270187690965,0.7002881844380403,0.19991270187690965,0.5003754825611306
1,LINC00926,16.458054,7.3400536,7.342326784532294e-61,4.557582480435137e-58,0.553314121037464,0.01003928415539066,0.553314121037464,0.01003928415539066,0.5432748368820733
1,RPS23,15.365655,0.8018511,2.78210947078033e-53,1.4071291456657846e-50,1.0,0.9799214316892186,1.0,0.9799214316892186,0.020078568310781364
1,RPS11,15.089682,0.90842026,1.893532411445593e-51,8.916578831276214e-49,0.9913544668587896,0.9428197293758184,0.9913544668587896,0.9428197293758184,0.04853473748297121
1,RPS5,15.059467,0.7978529,2.9918641273281885e-51,1.3618965507597913e-48,1.0,0.975556525534701,1.0,0.975556525534701,0.024443474465299042
1,VPREB3,14.4142685,7.4549165,4.2087280398306596e-47,1.796074690997734e-44,0.484149855907781,0.006547359231776516,0.484149855907781,0.006547359231776516,0.47760249667600446
1,HLA-DQA2,14.018763,4.153864,1.196840412734469e-44,4.6697293360862595e-42,0.5129682997118156,0.06591008293321693,0.5129682997118156,0.06591008293321693,0.44705821677859864
1,BANK1,13.698734,4.8045077,1.0330970733377877e-42,3.812965846892116e-40,0.4812680115273775,0.036665211697948494,0.4812680115273775,0.036665211697948494,0.444602799829429
1,LTB,13.599507,1.7938931,4.031380448121309e-42,1.3581042459773773e-39,0.930835734870317,0.6695766041030118,0.930835734870317,0.6695766041030118,0.2612591307673052
1,HLA-DMB,13.598676,3.1702733,4.077495173189255e-42,1.3581042459773773e-39,0.5446685878962536,0.12614578786556088,0.5446685878962536,0.12614578786556088,0.41852280003069275
1,HVCN1,13.190388,3.9262028,9.967144805694195e-40,3.09343930605818e-37,0.48703170028818443,0.06852902662592754,0.48703170028818443,0.06852902662592754,0.4185026736622569
1,RPL13A,12.72515,0.5154962,4.2865002374169655e-37,1.2725314617862191e-34,1.0,0.9991270187690965,1.0,0.9991270187690965,0.0008729812309035134
1,RPS8,12.371278,0.5946525,3.738268067971526e-35,1.0861657177918971e-32,1.0,0.9855958096900916,1.0,0.9855958096900916,0.01440419030990836
1,CXCR4,12.142081,1.5604736,6.319779013341392e-34,1.726058044123801e-31,0.8011527377521613,0.5704932343954605,0.8011527377521613,0.5704932343954605,0.23065950335670082
1,LAPTM5,12.048867,1.0553805,1.9663319095778847e-33,5.265142854352077e-31,0.8674351585014409,0.7813182016586644,0.8674351585014409,0.7813182016586644,0.08611695684277654
1,ISG20,11.737536,1.6512915,8.183525092006073e-32,2.108570163328961e-29,0.6887608069164265,0.42732431252728065,0.6887608069164265,0.42732431252728065,0.26143649438914585
1,RPL8,11.549786,0.55109495,7.400486316821269e-31,1.8715007618983564e-28,1.0,0.9855958096900916,1.0,0.9855958096900916,0.01440419030990836
1,FCER2,11.047452,6.4165435,2.2552609642145047e-28,5.219973513103945e-26,0.3746397694524496,0.009166302924487123,0.3746397694524496,0.009166302924487123,0.3654734665279625
1,RPL18,10.782671,0.5118177,4.156372238451751e-27,9.009431633063034e-25,0.9942363112391931,0.9821038847664775,0.9942363112391931,0.9821038847664775,0.012132426472715618
1,RPL10A,10.352866,0.523071,4.061406149897425e-25,8.038052519275251e-23,0.9971181556195965,0.9851593190746399,0.9971181556195965,0.9851593190746399,0.011958836544956553
1,LY86,10.017561,2.3413522,1.2761300818768348e-23,2.4315287723454184e-21,0.4610951008645533,0.15102575294631165,0.4610951008645533,0.15102575294631165,0.31006934791824164
1,SNHG7,10.006217,1.9269816,1.431214557842236e-23,2.645210817587015e-21,0.5072046109510087,0.22915757311217808,0.5072046109510087,0.22915757311217808,0.27804703783883056
1,SNX2,10.006065,2.2338345,1.4334036357750374e-23,2.645210817587015e-21,0.46397694524495675,0.17634220864251418,0.46397694524495675,0.17634220864251418,0.28763473660244254
1,RPS27,9.9676075,0.5453157,2.112560951995966e-23,3.846550981394255e-21,0.9971181556195965,0.9930161501527717,0.9971181556195965,0.9930161501527717,0.004102005466824821
1,GNB2L1,9.618538,0.5027069,6.677364356872329e-22,1.1257541686104758e-19,0.9971181556195965,0.9777389786119598,0.9971181556195965,0.9777389786119598,0.019379177007636694
1,PTPRCAP,9.559924,1.2114632,1.1784262252078067e-21,1.9157843489806914e-19,0.8386167146974063,0.6119598428633785,0.8386167146974063,0.6119598428633785,0.22665687183402783
1,IRF8,9.513715,3.2498982,1.8397311498969056e-21,2.9213219282549005e-19,0.37175792507204614,0.07114797031863815,0.37175792507204614,0.07114797031863815,0.300609954753408
1,CD52,9.272569,0.7257267,1.8171607438526006e-20,2.8199030815967175e-18,0.9452449567723343,0.8873854212134439,0.9452449567723343,0.8873854212134439,0.05785953555889045
1,EAF2,9.212632,3.5849504,3.1822469845196053e-20,4.828529424511081e-18,0.34870317002881845,0.056307289393278045,0.34870317002881845,0.056307289393278045,0.2923958806355404
1,TSPAN13,9.187712,6.2888737,4.012861211679311e-20,6.021937660076118e-18,0.3112391930835735,0.006547359231776516,0.3112391930835735,0.006547359231776516,0.304691833851797
1,RPSA,9.146796,0.6814969,5.864708498288498e-20,8.705267310068232e-18,0.9884726224783862,0.9541684853775644,0.9884726224783862,0.9541684853775644,0.03430413710082181
1,PDLIM1,8.779878,4.210136,1.6365278669255859e-18,2.1910220147780198e-16,0.31412103746397696,0.024443474465298997,0.31412103746397696,0.024443474465298997,0.289677562998678
1,FCRLA,8.699142,6.456701,3.344011785962001e-18,4.3491261856282936e-16,0.29394812680115273,0.005674378000872981,0.29394812680115273,0.005674378000872981,0.2882737488002797
1,NCF1,8.384182,2.1987123,5.107981143134249e-17,6.284197341499216e-15,0.3919308357348703,0.1313836752509821,0.3919308357348703,0.1313836752509821,0.2605471604838882
1,LIMD2,8.333888,0.84389627,7.823001987649759e-17,9.538474566370099e-15,0.7492795389048992,0.6438236577913575,0.7492795389048992,0.6438236577913575,0.10545588111354165
1,HLA-DOB,8.301972,5.425596,1.0239730667452228e-16,1.2374669203073242e-14,0.28530259365994237,0.010912265386294195,0.28530259365994237,0.010912265386294195,0.2743903282736482
1,CYB561A3,8.277695,3.1932647,1.2558255226572835e-16,1.4912655076006838e-14,0.3227665706051873,0.058053251855085114,0.3227665706051873,0.058053251855085114,0.2647133187501022
1,GNG7,8.126095,4.7131667,4.4334284814682453e-16,5.130754181604268e-14,0.28530259365994237,0.01789611523352248,0.28530259365994237,0.01789611523352248,0.2674064784264199
1,PKIG,8.116603,5.8106017,4.794134245399653e-16,5.50157119791409e-14,0.276657060518732,0.00785683107813182,0.276657060518732,0.00785683107813182,0.26880022944060017
1,PPAPDC1B,8.113087,3.5603263,4.934998998547081e-16,5.5974269777927497e-14,0.30547550432276654,0.04539502400698385,0.30547550432276654,0.04539502400698385,0.2600804803157827
1,SMIM14,8.022482,2.9730465,1.036298677089609e-15,1.159974978224238e-13,0.3227665706051873,0.06896551724137931,0.3227665706051873,0.06896551724137931,0.253801053363808
1,CD40,8.002062,4.1609654,1.223531537853659e-15,1.3584184293438675e-13,0.2881844380403458,0.026189436927106065,0.2881844380403458,0.026189436927106065,0.26199500111323976
1,BLK,7.9138017,4.8009357,2.496462822952669e-15,2.6843855362395e-13,0.276657060518732,0.015277171540811872,0.276657060518732,0.015277171540811872,0.26137988897792014
1,RPS21,7.906276,0.5858178,2.6520221335736283e-15,2.8117080810016505e-13,0.9048991354466859,0.8594500218245308,0.9048991354466859,0.8594500218245308,0.04544911362215509
1,RPL9,7.8718266,0.5350576,3.4949961224768238e-15,3.6713590037341156e-13,0.9971181556195965,0.9746835443037974,0.9971181556195965,0.9746835443037974,0.022434611315799047
1,EEF2,7.8445244,0.5776982,4.345971669788594e-15,4.4622999340325593e-13,0.8674351585014409,0.8323876036665212,0.8674351585014409,0.8323876036665212,0.035047554834919725
1,FAIM3,7.8243313,1.8499341,5.103625031904376e-15,5.162600254495271e-13,0.40634005763688763,0.17808817110432126,0.40634005763688763,0.17808817110432126,0.22825188653256637
1,RPS13,7.7461677,0.54120076,9.470737393285253e-15,9.304488477892333e-13,0.9971181556195965,0.9633347883020515,0.9971181556195965,0.9633347883020515,0.03378336731754494
1,P2RX5,7.6411557,4.4900584,2.152806872182588e-14,2.0558552899668127e-12,0.27089337175792505,0.02007856831078132,0.27089337175792505,0.02007856831078132,0.25081480344714374
1,CD72,7.564391,5.2366047,3.8968522405604615e-14,3.670028565316805e-12,0.2622478386167147,0.013094718463553033,0.2622478386167147,0.013094718463553033,0.24915312015316166
1,MARCH1,7.2942033,3.4211993,3.0043139676394066e-13,2.6814974864107016e-11,0.27953890489913547,0.04539502400698385,0.27953890489913547,0.04539502400698385,0.2341438808921516
1,PLEKHF2,7.2590356,2.987308,3.89860348541132e-13,3.4347954320501285e-11,0.2910662824207493,0.06023570493234395,0.2910662824207493,0.06023570493234395,0.23083057748840533
1,SNX3,7.135229,0.9595735,9.662597658621736e-13,8.29889519661248e-11,0.5821325648414986,0.44914884329986904,0.5821325648414986,0.44914884329986904,0.13298372154162952
1,EEF1B2,7.112011,0.52638435,1.1436425390307448e-12,9.700361809319162e-11,0.9135446685878963,0.8838934962898297,0.9135446685878963,0.8838934962898297,0.029651172298066575
1,QRSL1,7.0152426,3.4939287,2.29550655765104e-12,1.8439669147813295e-10,0.26512968299711814,0.037101702313400264,0.26512968299711814,0.037101702313400264,0.22802798068371788
1,MEF2C,6.9244866,3.397476,4.375598279428103e-12,3.414466863078296e-10,0.26512968299711814,0.04233958969882148,0.26512968299711814,0.04233958969882148,0.22279009329829666
1,GLTSCR2,6.835243,0.57833153,8.186604103815103e-12,6.245601432497153e-10,0.8904899135446686,0.8249672632038412,0.8904899135446686,0.8249672632038412,0.06552265034082738
1,RPS3A,6.8281717,0.52037054,8.60035726227396e-12,6.524804376311845e-10,0.9913544668587896,0.9790484504583151,0.9913544668587896,0.9790484504583151,0.012306016400474462
1,PLAC8,6.550837,0.94486314,5.721553911725001e-11,3.926308553694302e-09,0.5763688760806917,0.4404190309908337,0.5763688760806917,0.4404190309908337,0.13594984508985797
1,POLD4,6.0128055,1.0380363,1.8233965329758817e-09,1.1116206720677965e-07,0.4812680115273775,0.32867743343518113,0.4812680115273775,0.32867743343518113,0.1525905780921964
1,SYPL1,5.9342637,1.819602,2.951666970683363e-09,1.775681240160881e-07,0.3025936599423631,0.12090790048013968,0.3025936599423631,0.12090790048013968,0.18168575946222343
1,HMGN1,5.898302,0.71124095,3.672615534391475e-09,2.1900977178013091e-07,0.6253602305475504,0.5159319074639895,0.6253602305475504,0.5159319074639895,0.10942832308356087
1,RPSAP58,5.875651,0.6035346,4.2118550908952206e-09,2.4791850483303937e-07,0.8213256484149856,0.7228284591881274,0.8213256484149856,0.7228284591881274,0.09849718922685813
1,LAT2,5.7024584,2.4033601,1.1809186368245183e-08,6.636471154105194e-07,0.2507204610951009,0.06852902662592754,0.2507204610951009,0.06852902662592754,0.18219143446917335
1,FAM26F,5.692059,1.3470811,1.2551638744199772e-08,6.99612974248131e-07,0.3688760806916426,0.20820602357049323,0.3688760806916426,0.20820602357049323,0.1606700571211494
1,PNISR,5.597522,0.9078693,2.174376405212364e-08,1.1690269365976394e-06,0.4812680115273775,0.3566128328240943,0.4812680115273775,0.3566128328240943,0.12465517870328324
1,STX7,5.4692535,1.9895285,4.51935342343319e-08,2.382868353297438e-06,0.2680115273775216,0.1030117852466172,0.2680115273775216,0.1030117852466172,0.1649997421309044
1,RPS27A,5.1876454,0.5251425,2.129696935299963e-07,1.0537370053788513e-05,0.9942363112391931,0.9707551287647316,0.9942363112391931,0.9707551287647316,0.023481182474461515
1,EIF4A2,5.1127715,0.52959657,3.17465848621254e-07,1.5428162379970976e-05,0.7002881844380403,0.631601920558708,0.7002881844380403,0.631601920558708,0.0686862638793323
1,SELL,5.0368395,0.7426293,4.73281836859846e-07,2.2519640293233648e-05,0.5706051873198847,0.4578786556089044,0.5706051873198847,0.4578786556089044,0.11272653171098035
1,ATP6V1G1,5.018159,0.5152258,5.216907594259075e-07,2.4651242251626963e-05,0.659942363112392,0.601484068092536,0.659942363112392,0.601484068092536,0.058458295019856
1,PRKCB,4.8699617,1.6501703,1.1161978928945373e-06,5.030626543025677e-05,0.2680115273775216,0.1204714098646879,0.2680115273775216,0.1204714098646879,0.1475401175128337
1,BIRC3,4.8611507,1.6988277,1.167051999599334e-06,5.208255590368792e-05,0.25936599423631124,0.11086861632474902,0.25936599423631124,0.11086861632474902,0.1484973779115622
1,CD69,4.847727,0.87112427,1.2488430485720694e-06,5.537078140032526e-05,0.46397694524495675,0.34526407682234833,0.46397694524495675,0.34526407682234833,0.11871286842260842
1,SEC62,4.845231,1.18796,1.264645278386779e-06,5.5889954438996295e-05,0.3371757925072046,0.2047140986468791,0.3371757925072046,0.2047140986468791,0.1324616938603255
1,RPL22L1,4.770887,1.2573853,1.8341672415813306e-06,7.827308703448329e-05,0.3227665706051873,0.1815800960279354,0.3227665706051873,0.1815800960279354,0.14118647457725192
1,RCSD1,4.670677,1.1598241,3.002086430514635e-06,0.00012385647219065817,0.3256484149855908,0.1990397206460061,0.3256484149855908,0.1990397206460061,0.12660869433958466
1,CD53,4.462354,0.5309535,8.106400641566145e-06,0.0003127147094949923,0.6051873198847262,0.5390659100829333,0.6051873198847262,0.5390659100829333,0.06612140980179293
1,ANAPC16,4.2814474,0.5633993,1.8568142080969632e-05,0.0006708109742267758,0.5389048991354467,0.473592317765168,0.5389048991354467,0.473592317765168,0.06531258137027868
1,SP100,4.118843,0.87244916,3.8077895700611074e-05,0.001290302093517481,0.3631123919308357,0.2553470100392842,0.3631123919308357,0.2553470100392842,0.10776538189155155
1,TMEM243,4.0886292,1.0613217,4.33929929863801e-05,0.0014523890005441339,0.3025936599423631,0.18943692710606722,0.3025936599423631,0.18943692710606722,0.11315673283629588
1,BLOC1S2,3.9852052,1.2623814,6.742182599647229e-05,0.002146182880670922,0.2622478386167147,0.14709733740724573,0.2622478386167147,0.14709733740724573,0.11515050120946896
1,RNASEH2B,3.9355543,1.1627141,8.30049309492941e-05,0.0025820394921265612,0.2680115273775216,0.15102575294631165,0.2680115273775216,0.15102575294631165,0.11698577443120994
1,ZFP36L1,3.7722313,0.874896,0.0001617941134387557,0.0047210692588026655,0.3227665706051873,0.23003055434308162,0.3227665706051873,0.23003055434308162,0.0927360162621057
1,POU2F2,3.6878283,1.1606221,0.00022617610363083454,0.006434710148297242,0.2564841498559078,0.14535137494543868,0.2564841498559078,0.14535137494543868,0.1111327749104691
1,DRAM2,3.6700175,1.142241,0.00024253382647655076,0.0068430618478590435,0.25360230547550433,0.14753382802269752,0.25360230547550433,0.14753382802269752,0.10606847745280681
1,PTPN6,3.6477823,0.7433192,0.00026451356767687943,0.0073718311840723786,0.3746397694524496,0.28328240942819727,0.3746397694524496,0.28328240942819727,0.09135736002425232
1,PAPOLA,3.622106,0.9678578,0.0002922143454439147,0.008077892917777527,0.2968299711815562,0.2060235704932344,0.2968299711815562,0.2060235704932344,0.0908064006883218
1,SP110,3.3706744,0.71036977,0.0007498445010777581,0.018584167888780152,0.3515850144092219,0.2736796158882584,0.3515850144092219,0.2736796158882584,0.07790539852096351
1,DCK,3.3566449,0.98754436,0.000788943506037633,0.01948248195018068,0.2680115273775216,0.17939764295067656,0.2680115273775216,0.17939764295067656,0.08861388442684504
1,HERPUD1,3.300263,0.8641601,0.000965943100884106,0.02342969624453526,0.2881844380403458,0.2007856831078132,0.2881844380403458,0.2007856831078132,0.08739875493253263
1,FAM65B,3.1714652,0.6499829,0.001516720910185172,0.034500068126308125,0.3573487031700288,0.2937581841990397,0.3573487031700288,0.2937581841990397,0.06359051897098911
1,STK17A,3.1640534,0.637227,0.0015558826209489671,0.03506127569584009,0.3746397694524496,0.30990833697075515,0.3746397694524496,0.30990833697075515,0.06473143248169444
1,EZR,3.1062343,0.9347925,0.001894865144982757,0.04180335770579084,0.2680115273775216,0.18638149279790484,0.2680115273775216,0.18638149279790484,0.08163003457961676
1,TAF7,3.066037,0.7826822,0.002169164764934507,0.047093980969706885,0.29394812680115273,0.21562636403317328,0.29394812680115273,0.21562636403317328,0.07832176276797945
2,LDHB,33.1746,2.8178155,2.503054122978202e-241,3.4181707103390325e-237,0.9429824561403509,0.4712950600801068,0.9429824561403509,0.4712950600801068,0.4716873960602441
2,RPS12,32.125,1.0448462,1.9740459783468765e-226,1.3478785940152472e-222,1.0,0.9886515353805073,1.0,0.9886515353805073,0.011348464619492682
2,RPS25,30.251656,1.174621,4.9620654500430685e-201,1.3552393157157627e-197,0.9991228070175439,0.9672897196261683,0.9991228070175439,0.9672897196261683,0.03183308739137558
2,RPS6,29.243956,0.8712719,5.3596415630946965e-188,1.219854419760353e-184,1.0,0.9933244325767691,1.0,0.9933244325767691,0.006675567423230944
2,RPS27,29.206467,1.0198027,1.6051247556173633e-187,3.131369094672959e-184,1.0,0.9886515353805073,1.0,0.9886515353805073,0.011348464619492682
2,RPS3,28.68586,0.8674557,5.727241904632201e-181,8.690135049961926e-178,1.0,0.992656875834446,1.0,0.992656875834446,0.007343124165554049
2,TPT1,28.142933,0.9683651,2.9244321412267405e-174,3.630549574599306e-171,0.9973684210526316,0.9773030707610146,0.9973684210526316,0.9773030707610146,0.020065350291616935
2,RPS14,28.10062,0.77982277,9.62655230142016e-174,1.0955016519016142e-170,1.0,0.992656875834446,1.0,0.992656875834446,0.007343124165554049
2,CD3D,28.05405,3.2067623,3.5650096662894036e-173,3.744905538680623e-170,0.881578947368421,0.24499332443257676,0.881578947368421,0.24499332443257676,0.6365856229358442
2,RPL31,27.701096,1.1325119,6.773170269527497e-169,6.606743800047678e-166,0.9982456140350877,0.9526034712950601,0.9982456140350877,0.9526034712950601,0.04564214274002765
2,RPL3,27.569511,0.87657946,2.582891097461563e-167,2.351464055129007e-164,1.0,0.992656875834446,1.0,0.992656875834446,0.007343124165554049
2,RPS27A,27.163666,1.3307178,1.746120889016877e-162,1.3247237144674706e-159,0.9991228070175439,0.9546061415220294,0.9991228070175439,0.9546061415220294,0.044516665495514474
2,RPS15A,27.023207,0.9612576,7.889310882382927e-161,5.670338389990592e-158,0.9982456140350877,0.9779706275033377,0.9982456140350877,0.9779706275033377,0.020274986531749972
2,RPL30,26.985254,1.0138465,2.201667153487671e-160,1.5032983324013818e-157,1.0,0.9732977303070761,1.0,0.9732977303070761,0.026702269692923886
2,EEF1A1,26.705496,0.786365,4.063531492369313e-157,2.6424564790378734e-154,1.0,0.9853137516688919,1.0,0.9853137516688919,0.014686248331108098
2,RPL32,26.344233,0.73296267,5.975858710840665e-153,3.709378479783642e-150,1.0,0.992656875834446,1.0,0.992656875834446,0.007343124165554049
2,RPL9,26.100056,1.0959852,3.6405694347301166e-150,2.1615485304641074e-147,0.9991228070175439,0.9612817089452603,0.9991228070175439,0.9612817089452603,0.03784109807228353
2,RPLP2,25.883766,0.83254343,1.0145199751898412e-147,5.772618658830197e-145,1.0,0.986648865153538,1.0,0.986648865153538,0.013351134846461998
2,RPS18,25.863745,0.75350165,1.7044044732251245e-147,9.31013899454492e-145,0.9991228070175439,0.9959946595460614,0.9991228070175439,0.9959946595460614,0.0031281474714824897
2,RPS29,25.29022,1.3075653,4.0922977399495364e-141,2.1494006898750336e-138,0.9921052631578947,0.87716955941255,0.9921052631578947,0.87716955941255,0.11493570374534468
2,RPL13,25.141273,0.70356804,1.760601420964682e-139,8.904730742479148e-137,1.0,0.9953271028037384,1.0,0.9953271028037384,0.004672897196261627
2,LTB,25.0793,2.5729408,8.366925939403931e-139,4.0806693081607176e-136,0.9412280701754386,0.5233644859813084,0.9412280701754386,0.5233644859813084,0.4178635841941303
2,RPL27A,25.05399,0.80832136,1.57957934542842e-138,7.438184669369141e-136,0.9991228070175439,0.9839786381842457,0.9991228070175439,0.9839786381842457,0.015144168833298166
2,RPS3A,24.86265,1.1432301,1.8872433846126253e-136,8.313611503312906e-134,1.0,0.9659546061415221,1.0,0.9659546061415221,0.034045393858477935
2,RPL13A,24.678408,0.686369,1.8242413670425634e-134,7.784950033854139e-132,1.0,0.9986648865153538,1.0,0.9986648865153538,0.001335113484646211
2,RPL23A,24.429585,0.87101835,8.295250883903197e-132,3.3317631197230016e-129,1.0,0.9846461949265688,1.0,0.9846461949265688,0.015353805073431204
2,RPL21,24.391657,0.8943659,2.0969235754750867e-131,8.181596670482223e-129,1.0,0.9873164218958611,1.0,0.9873164218958611,0.012683578104138893
2,RPSA,24.380356,1.1990447,2.763541431287614e-131,1.0483033829351015e-128,0.9973684210526316,0.9292389853137517,0.9973684210526316,0.9292389853137517,0.06812943573887986
2,RPS13,24.331257,1.0257987,9.155588394723135e-131,3.3791544626578145e-128,0.993859649122807,0.9479305740987984,0.993859649122807,0.9479305740987984,0.04592907502400856
2,CD3E,24.118633,2.6880455,1.5938686540647475e-128,5.580992394848254e-126,0.781578947368421,0.260347129506008,0.781578947368421,0.260347129506008,0.521231817862413
2,RPS20,23.675789,1.1009643,6.404725902277239e-124,2.133242363938975e-121,0.9956140350877193,0.9232309746328438,0.9956140350877193,0.9232309746328438,0.07238306045487553
2,RPL35A,23.594774,0.80260354,4.360840798712101e-123,1.4178962368383918e-120,0.9991228070175439,0.9746328437917223,0.9991228070175439,0.9746328437917223,0.02448996322582153
2,RPL11,23.565285,0.58975947,8.752090965397417e-123,2.7795012610108636e-120,1.0,0.9939919893190922,1.0,0.9939919893190922,0.006008010680907838
2,RPS4X,23.44157,0.6966904,1.6113721142376796e-121,5.001113089097671e-119,1.0,0.9879839786381842,1.0,0.9879839786381842,0.012016021361815787
2,RPS28,23.276651,0.8744008,7.643723605167206e-120,2.319615323381408e-117,0.993859649122807,0.9599465954606141,0.993859649122807,0.9599465954606141,0.03391305366219288
2,RPLP0,22.923258,1.0916758,2.724134676883054e-116,8.08712677119891e-114,0.9921052631578947,0.9198931909212283,0.9921052631578947,0.9198931909212283,0.07221207223666637
2,RPS10,22.630522,0.8820652,2.1701648863861153e-113,6.305483337976339e-111,0.9973684210526316,0.9566088117489987,0.9973684210526316,0.9566088117489987,0.04075960930363287
2,RPL36,22.415447,0.9620899,2.782306014656364e-111,7.7541165175810835e-109,0.9947368421052631,0.9312416555407209,0.9947368421052631,0.9312416555407209,0.06349518656454223
2,IL32,22.380049,2.5859125,6.1577064087744704e-111,1.6817927743644833e-108,0.8526315789473684,0.32376502002670227,0.8526315789473684,0.32376502002670227,0.5288665589206661
2,RPL14,22.17932,0.69586897,5.439612869719986e-109,1.4285260259403101e-106,0.9973684210526316,0.9799732977303071,0.9973684210526316,0.9799732977303071,0.017395123322324513
2,IL7R,22.069021,2.822195,6.273571544500735e-108,1.6164508115415477e-105,0.6728070175438596,0.19692923898531375,0.6728070175438596,0.19692923898531375,0.47587777855854585
2,RPL5,22.013498,0.88935894,2.1384297920185857e-107,5.407851340704779e-105,0.9973684210526316,0.9559412550066756,0.9973684210526316,0.9559412550066756,0.041427166045955977
2,NPM1,21.525373,1.3490782,9.009323214488147e-103,2.1584441722289495e-100,0.9350877192982456,0.7496662216288384,0.9350877192982456,0.7496662216288384,0.1854214976694072
2,RPS23,21.474777,0.8366362,2.680010845340329e-102,6.310039328270265e-100,1.0,0.9692923898531375,1.0,0.9692923898531375,0.03070761014686252
2,RPL10A,20.95951,0.7626362,1.5365987217274803e-97,3.497298690651745e-95,0.9982456140350877,0.9779706275033377,0.9982456140350877,0.9779706275033377,0.020274986531749972
2,JUNB,20.92726,1.1979918,3.0239034596233476e-97,6.769577974527284e-95,0.9447368421052632,0.87716955941255,0.9447368421052632,0.87716955941255,0.06756728269271317
2,TMEM66,20.92241,1.5389932,3.347708635711296e-97,7.373598246657009e-95,0.887719298245614,0.6234979973297731,0.887719298245614,0.6234979973297731,0.26422130091584095
2,RPS16,20.893126,0.69528854,6.183786101064559e-97,1.3404092539069462e-94,0.9982456140350877,0.9759679572763685,0.9982456140350877,0.9759679572763685,0.022277656758719178
2,RPL19,20.83239,0.5843575,2.201949731728159e-96,4.6984102400749595e-94,1.0,0.9906542056074766,1.0,0.9906542056074766,0.009345794392523366
2,NOSIP,19.560953,2.2852187,3.3279280123324725e-85,6.492312133773177e-83,0.6552631578947369,0.2570093457943925,0.6552631578947369,0.2570093457943925,0.3982538121003444
2,RPL36A,19.447844,1.0020714,3.0394828067432167e-84,5.846081297026109e-82,0.968421052631579,0.8611481975967957,0.968421052631579,0.8611481975967957,0.10727285503478323
2,RPL17,18.886574,0.79448086,1.4708874659724635e-79,2.7143836804486436e-77,0.9912280701754386,0.9405874499332443,0.9912280701754386,0.9405874499332443,0.05064062024219429
2,MALAT1,18.789486,0.7538046,9.206806661065288e-79,1.6328331397858128e-76,1.0,0.9993324432576769,1.0,0.9993324432576769,0.0006675567423231055
2,RPL18,18.722713,0.681438,3.2326022778918617e-78,5.659540603447597e-76,0.9991228070175439,0.9719626168224299,0.9991228070175439,0.9719626168224299,0.027160190195113953
2,RPS5,18.617756,0.780439,2.306828498192392e-77,3.9876012621918106e-75,0.9991228070175439,0.9632843791722296,0.9991228070175439,0.9632843791722296,0.035838427845314214
2,RPS15,18.294962,0.5448889,9.076445688380413e-75,1.5302215101299129e-72,0.9991228070175439,0.985981308411215,0.9991228070175439,0.985981308411215,0.01314149860632885
2,RPS26,18.248314,1.0070782,2.1339334544037414e-74,3.553779908943597e-72,0.9824561403508771,0.8638184245660881,0.9824561403508771,0.8638184245660881,0.11863771578478899
2,RPS8,17.842339,0.66132516,3.3152282072054155e-71,5.144631408817858e-69,0.9991228070175439,0.9786381842456608,0.9991228070175439,0.9786381842456608,0.02048462277188301
2,RPL7,17.829878,0.7830022,4.143290576262777e-71,6.357390574094885e-69,0.9894736842105263,0.9552736982643525,0.9894736842105263,0.9552736982643525,0.034199985946173794
2,RPL4,17.80805,0.74226636,6.1205389660547654e-71,9.28689779116043e-69,0.9912280701754386,0.9465954606141522,0.9912280701754386,0.9465954606141522,0.04463260956128634
2,RPS21,17.051622,1.0508951,3.399607092910907e-65,4.991939189332402e-63,0.9535087719298245,0.7983978638184246,0.9535087719298245,0.7983978638184246,0.15511090811139994
2,BTG1,16.944422,1.067178,2.116076512315613e-64,3.0741639204448947e-62,0.9543859649122807,0.8251001335113485,0.9543859649122807,0.8251001335113485,0.1292858314009322
2,EEF1B2,16.719799,0.96792966,9.403522050915933e-63,1.3376510117427916e-60,0.956140350877193,0.835781041388518,0.956140350877193,0.835781041388518,0.1203593094886749
2,RPSAP58,16.424097,1.22734,1.2858412771199816e-60,1.7736816646818655e-58,0.862280701754386,0.6395193591455274,0.862280701754386,0.6395193591455274,0.2227613426088586
2,RPL22,16.363516,1.1104407,3.4841411545648524e-60,4.710834812548279e-58,0.9201754385964912,0.7296395193591455,0.9201754385964912,0.7296395193591455,0.1905359192373457
2,AES,16.26679,1.7070206,1.698318106813397e-59,2.2737482418278187e-57,0.6929824561403509,0.3411214953271028,0.6929824561403509,0.3411214953271028,0.35186096081324814
2,RPL38,16.189465,0.9158398,5.9846987698516e-59,7.858369846258986e-57,0.9631578947368421,0.8397863818424566,0.9631578947368421,0.8397863818424566,0.12337151289438553
2,CD2,16.119957,2.3012218,1.8473661437472325e-58,2.4026316246678294e-56,0.531578947368421,0.15620827770360482,0.531578947368421,0.15620827770360482,0.37537066966481625
2,RPL24,16.088377,0.71602714,3.0779964778455806e-58,3.9653886699489855e-56,0.9885964912280701,0.9259012016021362,0.9885964912280701,0.9259012016021362,0.06269528962593396
2,RPL35,15.988967,0.6563764,1.5253970399012777e-57,1.9468057922328827e-55,0.9956140350877193,0.9532710280373832,0.9956140350877193,0.9532710280373832,0.04234300705033611
2,GLTSCR2,15.933366,1.0468796,3.7179136007393514e-57,4.6579658836418886e-55,0.9271929824561403,0.7623497997329773,0.9271929824561403,0.7623497997329773,0.164843182723163
2,RPL18A,15.844405,0.50233257,1.5366809057422415e-56,1.9077194953469135e-54,1.0,0.9893190921228304,1.0,0.9893190921228304,0.010680907877169576
2,RPL27,15.3279,0.64058393,4.978246943161079e-53,5.963415811912956e-51,0.9824561403508771,0.9392523364485982,0.9824561403508771,0.9392523364485982,0.04320380390227896
2,RPL37A,15.142805,0.7087627,8.453007417053588e-52,9.866176862161008e-50,0.9912280701754386,0.9285714285714286,0.9912280701754386,0.9285714285714286,0.06265664160400997
2,RPS19,15.09995,0.51135874,1.6205647930311434e-51,1.875460407935025e-49,0.9991228070175439,0.9893190921228304,0.9991228070175439,0.9893190921228304,0.009803714894713433
2,RPS7,14.870426,0.51076823,5.128574127633385e-50,5.648049055400121e-48,1.0,0.9813084112149533,1.0,0.9813084112149533,0.01869158878504673
2,GIMAP7,14.85381,1.4631144,6.5724072328240415e-50,7.180223453715609e-48,0.7008771929824561,0.417890520694259,0.7008771929824561,0.417890520694259,0.28298667228819707
2,HINT1,14.837273,1.2630253,8.410695622446258e-50,9.115592017470326e-48,0.7833333333333333,0.5340453938584779,0.7833333333333333,0.5340453938584779,0.2492879394748554
2,EVL,14.671735,1.4412622,9.781224391600753e-49,1.0354449635015495e-46,0.6964912280701754,0.40787716955941256,0.6964912280701754,0.40787716955941256,0.2886140585107628
2,LCK,14.643535,1.8959916,1.4816180506528362e-48,1.5445019923446666e-46,0.5570175438596491,0.21228304405874499,0.5570175438596491,0.21228304405874499,0.3447344998009041
2,RPL7A,14.639509,0.5541908,1.5719833553708824e-48,1.6262882349200585e-46,0.993859649122807,0.9659546061415221,0.993859649122807,0.9659546061415221,0.027905042981284933
2,RPL37,14.335809,0.6678835,1.3071511795149641e-46,1.3222560375893592e-44,0.987719298245614,0.9285714285714286,0.987719298245614,0.9285714285714286,0.059147869674185394
2,CD27,14.098777,2.480822,3.8640837779440524e-45,3.796253818101006e-43,0.4245614035087719,0.09879839786381843,0.4245614035087719,0.09879839786381843,0.3257630056449535
2,RPL34,14.054941,0.83563864,7.184127866361153e-45,7.00760358164485e-43,0.9385964912280702,0.8878504672897196,0.9385964912280702,0.8878504672897196,0.05074602393835059
2,CD7,14.008087,1.7457678,1.391010437083958e-44,1.3472084062991866e-42,0.5649122807017544,0.21762349799732977,0.5649122807017544,0.21762349799732977,0.3472887827044246
2,PIK3IP1,13.825856,2.395393,1.7798139818215576e-43,1.6312174319298787e-41,0.4280701754385965,0.11748998664886515,0.4280701754385965,0.11748998664886515,0.31058018878973137
2,RPS4Y1,13.568752,0.78881985,6.135797941688391e-42,5.586030446113111e-40,0.9473684210526315,0.842456608811749,0.9473684210526315,0.842456608811749,0.10491181224088253
2,CCR7,13.5165825,3.0015879,1.2484162764933607e-41,1.1290313027677705e-39,0.37105263157894736,0.06341789052069426,0.37105263157894736,0.06341789052069426,0.3076347410582531
2,JUN,13.225808,1.0633434,6.226444871382478e-40,5.415817271566823e-38,0.8307017543859649,0.6755674232309746,0.8307017543859649,0.6755674232309746,0.1551343311549903
2,HSPA8,12.939833,1.1017904,2.6821408509070173e-38,2.3036047459110838e-36,0.8061403508771929,0.57543391188251,0.8061403508771929,0.57543391188251,0.2307064389946829
2,ZFP36L2,12.855903,1.137018,7.96903357053528e-38,6.75932437510744e-36,0.7763157894736842,0.5580774365821095,0.7763157894736842,0.5580774365821095,0.21823835289157467
2,TMEM123,12.8378935,1.4194778,1.0057388028708998e-37,8.47800561234877e-36,0.5780701754385965,0.3130841121495327,0.5780701754385965,0.3130841121495327,0.2649860632890638
2,LEF1,12.649213,3.4383092,1.1300172953567407e-36,9.352434051752516e-35,0.32719298245614037,0.04205607476635514,0.32719298245614037,0.04205607476635514,0.2851369076897852
2,TOMM7,12.448457,0.8921558,1.4257527891775778e-35,1.165873059222096e-33,0.8728070175438597,0.7076101468624834,0.8728070175438597,0.7076101468624834,0.16519687068137634
2,AQP3,12.409704,3.291347,2.3150696956694492e-35,1.881820938337024e-33,0.32719298245614037,0.04539385847797063,0.32719298245614037,0.04539385847797063,0.28179912397816975
2,PRDX2,12.312564,1.8098861,7.752053730930743e-35,6.227179161740601e-33,0.44912280701754387,0.17022696929238984,0.44912280701754387,0.17022696929238984,0.278895837725154
2,GIMAP5,12.217901,1.841525,2.494417496428575e-34,1.9920330603057672e-32,0.4412280701754386,0.16755674232309747,0.4412280701754386,0.16755674232309747,0.2736713278523411
2,TCF7,12.171718,2.2162347,4.397298971691991e-34,3.4912508579898737e-32,0.3850877192982456,0.11748998664886515,0.3850877192982456,0.11748998664886515,0.26759773264938047
2,RGCC,12.106623,2.2025163,9.742383522951098e-34,7.602399393681154e-32,0.38596491228070173,0.11214953271028037,0.38596491228070173,0.11214953271028037,0.27381537957042135
2,TRAT1,11.885742,2.8893235,1.4038272371817074e-32,1.0830884040086665e-30,0.32719298245614037,0.056074766355140186,0.32719298245614037,0.056074766355140186,0.2711182161010002
2,PRKCQ-AS1,11.846267,3.009834,2.2499228000472402e-32,1.7164774166170453e-30,0.3219298245614035,0.0520694259012016,0.3219298245614035,0.0520694259012016,0.2698603986602019
2,EIF4A2,11.782926,1.032411,4.7804271132918267e-32,3.606713406580839e-30,0.7640350877192983,0.5467289719626168,0.7640350877192983,0.5467289719626168,0.21730611575668146
2,C6orf48,11.550152,1.1246333,7.369041368865959e-31,5.381370531188959e-29,0.6728070175438596,0.4485981308411215,0.6728070175438596,0.4485981308411215,0.22420888670273814
2,MYL12A,11.520997,0.7722285,1.0340792323831222e-30,7.471632802869797e-29,0.9491228070175438,0.8170894526034713,0.9491228070175438,0.8170894526034713,0.1320333544140725
2,SOD1,11.34648,1.1341519,7.720850796123205e-30,5.549259919571499e-28,0.6394736842105263,0.4158878504672897,0.6394736842105263,0.4158878504672897,0.2235858337432366
2,HNRNPA1,11.334663,0.6100446,8.837107861999292e-30,6.318300783427348e-28,0.9736842105263158,0.8958611481975968,0.9736842105263158,0.8958611481975968,0.07782306232871905
2,CD3G,11.229344,2.0230713,2.926405318659724e-29,2.0599479913204737e-27,0.37105263157894736,0.10347129506008011,0.37105263157894736,0.10347129506008011,0.26758133651886723
2,MAL,11.195288,3.971862,4.3000375571952446e-29,2.995985351074401e-27,0.2771929824561403,0.024699599465954607,0.2771929824561403,0.024699599465954607,0.2524933829901857
2,LEPROTL1,10.973144,1.8071012,5.145207231510634e-28,3.4783638590846146e-26,0.39824561403508774,0.1542056074766355,0.39824561403508774,0.1542056074766355,0.24404000655845223
2,DDX5,10.679711,0.78750086,1.2666527174509584e-26,8.479122308583475e-25,0.8973684210526316,0.7503337783711616,0.8973684210526316,0.7503337783711616,0.14703464268147004
2,SPOCK2,10.616447,2.0629168,2.498906313283006e-26,1.65655653466955e-24,0.3482456140350877,0.10347129506008011,0.3482456140350877,0.10347129506008011,0.24477431897500757
2,TRAF3IP3,10.579037,1.1065681,3.7277183097864075e-26,2.4473904441559223e-24,0.6043859649122807,0.38985313751668893,0.6043859649122807,0.38985313751668893,0.21453282739559176
2,C12orf57,10.407074,1.5077072,2.301871880046613e-25,1.4827529431092711e-23,0.43508771929824563,0.20026702269692923,0.43508771929824563,0.20026702269692923,0.2348206966013164
2,FYB,10.329956,1.2750334,5.1584302852630805e-25,3.276442975607099e-23,0.4921052631578947,0.27703604806408544,0.4921052631578947,0.27703604806408544,0.21506921509380927
2,FLT3LG,10.247135,2.416869,1.2190279114628414e-24,7.601390483532677e-23,0.3043859649122807,0.07276368491321762,0.3043859649122807,0.07276368491321762,0.2316222799990631
2,IFITM1,10.160394,1.0888232,2.978725543060517e-24,1.8406097744811954e-22,0.6096491228070176,0.3758344459279039,0.6096491228070176,0.3758344459279039,0.23381467687911367
2,CD69,10.138592,1.3065444,3.724301928922653e-24,2.2909489703318802e-22,0.49298245614035086,0.260347129506008,0.49298245614035086,0.260347129506008,0.23263532663434283
2,RHOH,10.097078,1.6778682,5.6912618239728696e-24,3.4542165096966007e-22,0.38333333333333336,0.14886515353805074,0.38333333333333336,0.14886515353805074,0.23446817979528262
2,PEBP1,10.072129,1.2085838,7.337247538927346e-24,4.433515592548312e-22,0.5070175438596491,0.2857142857142857,0.5070175438596491,0.2857142857142857,0.22130325814536345
2,CXCR4,10.022926,0.9855884,1.2086960900742302e-23,7.239453423707758e-22,0.7263157894736842,0.5053404539385847,0.7263157894736842,0.5053404539385847,0.22097533553509952
2,ACAP1,9.998623,1.4159458,1.5453166981331978e-23,9.215216082841462e-22,0.4394736842105263,0.19893190921228304,0.4394736842105263,0.19893190921228304,0.24054177499824325
2,LAT,9.727843,1.7683281,2.294048179279667e-22,1.333086039840133e-20,0.35,0.12082777036048065,0.35,0.12082777036048065,0.22917222963951933
2,DNAJB1,9.36382,1.3889989,7.690449605898728e-21,4.339701645378224e-19,0.40964912280701754,0.20293724966622162,0.40964912280701754,0.20293724966622162,0.20671187314079592
2,NDFIP1,9.249369,1.2587497,2.2582351156251835e-20,1.248520596719737e-18,0.43859649122807015,0.2383177570093458,0.43859649122807015,0.2383177570093458,0.20027873421872436
2,COX7C,9.147326,0.73562926,5.836009546241014e-20,3.2006645125890474e-18,0.7868421052631579,0.630173564753004,0.7868421052631579,0.630173564753004,0.1566685405101539
2,FOS,9.141083,0.57091475,6.183034037692482e-20,3.3774205127491415e-18,0.9552631578947368,0.8925233644859814,0.9552631578947368,0.8925233644859814,0.06273979340875546
2,RGS10,9.057926,1.0104636,1.3295376982913226e-19,7.148097168451299e-18,0.5280701754385965,0.3317757009345794,0.5280701754385965,0.3317757009345794,0.19629447450401705
2,SNRPD2,8.949796,0.8270192,3.561414893866403e-19,1.899792257446859e-17,0.6657894736842105,0.4953271028037383,0.6657894736842105,0.4953271028037383,0.17046237088047217
2,COMMD6,8.937617,0.7818748,3.9765060341357407e-19,2.104773891556499e-17,0.6885964912280702,0.5360480640854473,0.6885964912280702,0.5360480640854473,0.15254842714262296
2,ARHGAP15,8.922602,1.3600633,4.554611552373799e-19,2.401458508077861e-17,0.3912280701754386,0.18958611481975968,0.3912280701754386,0.18958611481975968,0.20164195535567891
2,OCIAD2,8.839472,1.5740217,9.61724945660848e-19,5.03192178465308e-17,0.3456140350877193,0.13618157543391188,0.3456140350877193,0.13618157543391188,0.20943245965380744
2,FXYD5,8.42764,0.7183533,3.527073621910978e-17,1.7019688120429793e-15,0.8271929824561404,0.6662216288384513,0.8271929824561404,0.6662216288384513,0.1609713536176891
2,GIMAP4,8.417655,0.93159527,3.8409586479019884e-17,1.8469060315404775e-15,0.5561403508771929,0.38584779706275035,0.5561403508771929,0.38584779706275035,0.17029255381444258
2,SELL,8.343761,0.87451494,7.196416642798964e-17,3.412300891460509e-15,0.5710526315789474,0.3978638184245661,0.5710526315789474,0.3978638184245661,0.17318881315438128
2,SLC2A3,8.328359,1.4243661,8.197113412288043e-17,3.873348815162821e-15,0.35526315789473684,0.17356475300400534,0.35526315789473684,0.17356475300400534,0.1816984048907315
2,RARRES3,8.302171,0.8767231,1.0222637220538349e-16,4.7972623327722234e-15,0.5850877192982457,0.38584779706275035,0.5850877192982457,0.38584779706275035,0.1992399222354953
2,IL2RG,8.226135,0.9108405,1.933500775989408e-16,8.950470032851307e-15,0.5578947368421052,0.35113484646194926,0.5578947368421052,0.35113484646194926,0.20675989038015596
2,BTG2,8.218034,1.0505911,2.0686600733610887e-16,9.543791203317239e-15,0.46228070175438596,0.2857142857142857,0.46228070175438596,0.2857142857142857,0.17656641604010026
2,PPA1,8.137949,1.122407,4.0203141915816924e-16,1.8300470200079863e-14,0.41578947368421054,0.23965287049399198,0.41578947368421054,0.23965287049399198,0.17613660319021857
2,PABPC1,8.063127,0.52269506,7.43675670350987e-16,3.362793031229496e-14,0.9096491228070176,0.8230974632843792,0.9096491228070176,0.8230974632843792,0.08655165952263844
2,SRSF5,8.036706,0.61761385,9.228543676986786e-16,4.118463805651357e-14,0.8035087719298246,0.6809078771695594,0.8035087719298246,0.6809078771695594,0.12260089476026526
2,GYPC,7.852231,1.1598939,4.0870106617009135e-15,1.8003941160060542e-13,0.3929824561403509,0.2162883845126836,0.3929824561403509,0.2162883845126836,0.1766940716276673
2,ITM2B,7.4971867,0.6095502,6.520213658927585e-14,2.7229369335264557e-12,0.8763157894736842,0.7296395193591455,0.8763157894736842,0.7296395193591455,0.14667627011453865
2,CALM1,7.287891,0.6368011,3.148450625572852e-13,1.2834400520245631e-11,0.7614035087719299,0.6141522029372497,0.7614035087719299,0.6141522029372497,0.14725130583468016
2,MZT2A,7.180121,1.142878,6.964976390490771e-13,2.7811028534661396e-11,0.35526315789473684,0.18958611481975968,0.35526315789473684,0.18958611481975968,0.16567704307497716
2,RPL41,7.053878,0.6738094,1.7399917264095405e-12,6.788950575956767e-11,0.6210526315789474,0.4826435246995995,0.6210526315789474,0.4826435246995995,0.13840910687934793
2,TSC22D3,6.9803457,0.5618117,2.9445472829040808e-12,1.1295151038016328e-10,0.8140350877192982,0.7069425901201603,0.8140350877192982,0.7069425901201603,0.10709249759913797
2,SOCS3,6.975547,1.6145066,3.046836549024855e-12,1.1654789891732052e-10,0.2631578947368421,0.10881174899866489,0.2631578947368421,0.10881174899866489,0.1543461457381772
2,ST13,6.8976283,0.80455154,5.287785010916824e-12,1.9837909920076965e-10,0.4885964912280702,0.3377837116154873,0.4885964912280702,0.3377837116154873,0.15081277961258288
2,COX6C,6.886405,0.7657957,5.721992074218809e-12,2.1291423369354783e-10,0.5350877192982456,0.38651535380507346,0.5350877192982456,0.38651535380507346,0.14857236549317215
2,GSTK1,6.8331523,0.67844284,8.306869979298527e-12,3.049425173045717e-10,0.6359649122807017,0.48998664886515353,0.6359649122807017,0.48998664886515353,0.1459782634155482
2,NBEAL1,6.81326,0.6065767,9.541155392959783e-12,3.483797273964139e-10,0.7684210526315789,0.62283044058745,0.7684210526315789,0.62283044058745,0.14559061204412893
2,CCDC109B,6.784905,0.92573357,1.1616305529043193e-11,4.2189433059737726e-10,0.4087719298245614,0.2643524699599466,0.4087719298245614,0.2643524699599466,0.1444194598646148
2,PTPRCAP,6.7825313,0.84549904,1.1808837620731626e-11,4.277493011902151e-10,0.7947368421052632,0.5253671562082777,0.7947368421052632,0.5253671562082777,0.2693696858969855
2,ANKRD12,6.7441397,0.9622811,1.539364530618389e-11,5.47728388654066e-10,0.3815789473684211,0.22429906542056074,0.3815789473684211,0.22429906542056074,0.15727988194786033
2,RPL36AL,6.7440624,0.5272737,1.5401852756529096e-11,5.47728388654066e-10,0.8149122807017544,0.7102803738317757,0.8149122807017544,0.7102803738317757,0.1046319068699787
2,PSIP1,6.588148,1.3498731,4.453460229697788e-11,1.5357690125442677e-09,0.27456140350877195,0.12416555407209613,0.27456140350877195,0.12416555407209613,0.15039584943667583
2,MZT2B,6.54003,0.8081693,6.150659023876984e-11,2.1050977350893256e-09,0.45789473684210524,0.3144192256341789,0.45789473684210524,0.3144192256341789,0.14347551120792634
2,EIF3E,6.5160093,0.810181,7.220252287776345e-11,2.4466442988058005e-09,0.4517543859649123,0.3177570093457944,0.4517543859649123,0.3177570093457944,0.13399737661911792
2,TNFAIP8,6.5047345,1.049378,7.783081128867108e-11,2.6308355419754756e-09,0.34210526315789475,0.19025367156208278,0.34210526315789475,0.19025367156208278,0.15185159159581196
2,HMGN1,6.4535456,0.6606823,1.092631053703319e-10,3.648158843367365e-09,0.6175438596491228,0.46395193591455275,0.6175438596491228,0.46395193591455275,0.1535919237345701
2,BIN1,6.2947936,1.0121188,3.078093779445017e-10,9.984429608575095e-09,0.33596491228070174,0.1855807743658211,0.33596491228070174,0.1855807743658211,0.15038413791488064
2,CMPK1,6.1929836,0.7572226,5.903585025047775e-10,1.879239093287935e-08,0.45964912280701753,0.3144192256341789,0.45964912280701753,0.3144192256341789,0.14522989717283863
2,SEPT1,6.173736,1.0435417,6.669474933402621e-10,2.1131867677620926e-08,0.3157894736842105,0.17022696929238984,0.3157894736842105,0.17022696929238984,0.14556250439182067
2,NAP1L1,6.0788155,0.62107706,1.2107373973881252e-09,3.766248268503927e-08,0.6692982456140351,0.5086782376502003,0.6692982456140351,0.5086782376502003,0.1606200079638348
2,CUTA,6.070817,0.6795051,1.2726111291767544e-09,3.940765891165024e-08,0.5114035087719299,0.37783711615487314,0.5114035087719299,0.37783711615487314,0.13356639261705672
2,CD247,6.0415072,0.7570795,1.5268103589581679e-09,4.695973482417284e-08,0.36140350877192984,0.19692923898531375,0.36140350877192984,0.19692923898531375,0.16447426978661608
2,TRADD,5.917767,1.3620361,3.2634203898888705e-09,9.794564581169761e-08,0.25087719298245614,0.12216288384512683,0.25087719298245614,0.12216288384512683,0.1287143091373293
2,VAMP2,5.7783914,0.6087383,7.541830932716432e-09,2.2244328988590844e-07,0.5298245614035088,0.3998664886515354,0.5298245614035088,0.3998664886515354,0.12995807275197335
2,CYTIP,5.775063,0.761258,7.692436350190283e-09,2.263963594788761e-07,0.41403508771929826,0.287716955941255,0.41403508771929826,0.287716955941255,0.12631813177804324
2,ANXA2R,5.574307,1.1328373,2.48517010134061e-08,7.099891820901124e-07,0.2543859649122807,0.12016021361815754,0.2543859649122807,0.12016021361815754,0.13422575129412317
2,ISG20,5.4375887,0.5969374,5.4006424970507954e-08,1.5143978221709581e-06,0.5552631578947368,0.39052069425901204,0.5552631578947368,0.39052069425901204,0.16474246363572476
2,SBDS,5.4362473,1.0275041,5.4414450803636655e-08,1.5227125823247177e-06,0.2771929824561403,0.15287049399198932,0.2771929824561403,0.15287049399198932,0.124322488464151
2,SKP1,5.394914,0.57527065,6.855623963141845e-08,1.9028536756232733e-06,0.5350877192982456,0.4152202937249666,0.5350877192982456,0.4152202937249666,0.11986742557327901
2,CDC42SE2,5.3803368,0.9161951,7.434655575892511e-08,2.0552157195220266e-06,0.30526315789473685,0.17823765020026702,0.30526315789473685,0.17823765020026702,0.12702550769446982
2,PIM1,5.3402944,1.0753013,9.279589283267263e-08,2.5600418434807623e-06,0.2578947368421053,0.130173564753004,0.2578947368421053,0.130173564753004,0.12772117208910128
2,TSTD1,5.2799206,0.89536005,1.292400521702944e-07,3.52275878730048e-06,0.29912280701754385,0.17022696929238984,0.29912280701754385,0.17022696929238984,0.128895837725154
2,NDUFS5,5.178678,0.6114059,2.234636144889853e-07,6.007124250908628e-06,0.46578947368421053,0.3464619492656876,0.46578947368421053,0.3464619492656876,0.11932752441852296
2,TECR,5.133114,0.9255528,2.8498717309804854e-07,7.586325216036941e-06,0.27982456140350875,0.157543391188251,0.27982456140350875,0.157543391188251,0.12228117021525775
2,PLP2,5.1217875,0.68010753,3.0265291395342114e-07,8.040910881221633e-06,0.4043859649122807,0.2963951935914553,0.4043859649122807,0.2963951935914553,0.10799077132082541
2,PPP1R2,5.113944,0.7561881,3.1550087977952585e-07,8.365980610231466e-06,0.3473684210526316,0.232977303070761,0.3473684210526316,0.232977303070761,0.1143911179818706
2,ADD3,5.1039076,1.0260849,3.327108950176132e-07,8.78820112642268e-06,0.2596491228070175,0.14285714285714285,0.2596491228070175,0.14285714285714285,0.11679197994987467
2,PPP2R5C,5.095161,0.8695717,3.4844487778826424e-07,9.186029442232697e-06,0.30964912280701756,0.19292389853137518,0.30964912280701756,0.19292389853137518,0.11672522427564239
2,MIF,4.994332,0.5768205,5.903985792077655e-07,1.5212232071058953e-05,0.4763157894736842,0.3684913217623498,0.4763157894736842,0.3684913217623498,0.10782446771133442
2,STK17A,4.8367405,0.65415114,1.3198549050385477e-06,3.277079742401165e-05,0.3929824561403509,0.2616822429906542,0.3929824561403509,0.2616822429906542,0.1313002131496967
2,RWDD1,4.765195,0.77036923,1.8867102472249445e-06,4.617368303961262e-05,0.3175438596491228,0.2116154873164219,0.3175438596491228,0.2116154873164219,0.10592837233270089
2,TOMM20,4.641764,0.7103246,3.454469375889346e-06,8.105538453117683e-05,0.3298245614035088,0.22630173564753003,0.3298245614035088,0.22630173564753003,0.10352282575597876
2,HNRNPA0,4.6237555,0.51948214,3.768544528151872e-06,8.782123562532757e-05,0.5149122807017544,0.40787716955941256,0.5149122807017544,0.40787716955941256,0.10703511114234188
2,C9orf78,4.556338,0.6505745,5.205318234588209e-06,0.00011926816411331643,0.35350877192982455,0.24899866488651534,0.35350877192982455,0.24899866488651534,0.10451010704330921
2,EEF1G,4.5165787,0.748907,6.28467093773113e-06,0.0001420918316649939,0.3026315789473684,0.20160213618157544,0.3026315789473684,0.20160213618157544,0.10102944276579298
2,RSL1D1,4.4371643,0.5849937,9.115178932665403e-06,0.00020273108062618687,0.3850877192982456,0.28437917222963954,0.3850877192982456,0.28437917222963954,0.10070854706860605
2,DDX24,4.262441,0.7405033,2.022055815758875e-05,0.00042612954043214817,0.29035087719298247,0.19292389853137518,0.29035087719298247,0.19292389853137518,0.0974269786616073
2,SEPT9,4.2511406,0.56049347,2.126845810724793e-05,0.00044546328820947506,0.39210526315789473,0.2977303070761015,0.39210526315789473,0.2977303070761015,0.09437495608179325
2,SON,4.2165675,0.5943857,2.4804896866735807e-05,0.0005109135318433547,0.3684210526315789,0.27369826435246997,0.3684210526315789,0.27369826435246997,0.09472278827910896
2,EIF4B,4.180498,0.7198483,2.9087122343761252e-05,0.0005910918790571483,0.2912280701754386,0.19959946595460615,0.2912280701754386,0.19959946595460615,0.09162860422083247
2,HSPE1,4.1750283,0.7725304,2.9794894392091926e-05,0.0006036781570006044,0.2657894736842105,0.16889185580774366,0.2657894736842105,0.16889185580774366,0.09689761787646686
2,UXT,4.134263,0.5013834,3.560952877466246e-05,0.000719354622702353,0.46228070175438596,0.3684913217623498,0.46228070175438596,0.3684913217623498,0.09378937999203618
2,CITED2,4.0506687,0.7289796,5.107148258850938e-05,0.00101077125540389,0.2789473684210526,0.1909212283044059,0.2789473684210526,0.1909212283044059,0.08802614011664672
2,PCNP,4.0454054,0.6691994,5.223267669684829e-05,0.0010292776810565084,0.3078947368421053,0.21829105473965288,0.3078947368421053,0.21829105473965288,0.0896036821024524
2,RPL39,4.0149603,0.6546748,5.945577657733192e-05,0.0011549474892461518,0.3219298245614035,0.2389853137516689,0.3219298245614035,0.2389853137516689,0.08294451080973461
2,FUS,3.985625,0.6188883,6.73027545030092e-05,0.0012926672510451386,0.32894736842105265,0.24032042723631508,0.32894736842105265,0.24032042723631508,0.08862694118473757
2,SF1,3.9576826,0.5683239,7.568039766289862e-05,0.0014374012663206446,0.356140350877193,0.2690253671562083,0.356140350877193,0.2690253671562083,0.0871149837209847
2,TUBA4A,3.8537056,0.5769387,0.00011634347268334636,0.002147008733734835,0.3043859649122807,0.2109479305740988,0.3043859649122807,0.2109479305740988,0.0934380343381819
2,GIMAP1,3.838741,0.5151712,0.00012366670969127797,0.002276000791838399,0.3736842105263158,0.2883845126835781,0.3736842105263158,0.2883845126835781,0.08529969784273767
2,KRT10,3.7647703,0.6007475,0.00016670220561491351,0.003003278786117756,0.2964912280701754,0.20093457943925233,0.2964912280701754,0.20093457943925233,0.09555664863092309
2,CCNL1,3.7306876,0.5875618,0.0001909579200204225,0.003422206503673084,0.31491228070175437,0.22897196261682243,0.31491228070175437,0.22897196261682243,0.08594031808493194
2,SSBP1,3.685949,0.5840214,0.0002278519521987514,0.00400972456085844,0.29035087719298247,0.20360480640854473,0.29035087719298247,0.20360480640854473,0.08674607078443775
2,C19orf60,3.681305,0.53589606,0.00023204332020463063,0.004072986607602103,0.32894736842105265,0.24432576769025366,0.32894736842105265,0.24432576769025366,0.084621600730799
2,TBC1D10C,3.6467319,0.5076471,0.0002655968166615646,0.004585322538976392,0.3543859649122807,0.2616822429906542,0.3543859649122807,0.2616822429906542,0.09270372192162651
2,SNHG8,3.6209826,0.5936981,0.00029348613767278715,0.005016078468159676,0.2982456140350877,0.21495327102803738,0.2982456140350877,0.21495327102803738,0.08329234300705032
2,DDIT4,3.6115139,0.64304614,0.000304414856139841,0.005196361594307086,0.2710526315789474,0.184913217623498,0.2710526315789474,0.184913217623498,0.08613941395544938
2,DUSP2,3.4232972,0.51158357,0.0006186638818734117,0.009927701493376392,0.3087719298245614,0.22162883845126835,0.3087719298245614,0.22162883845126835,0.08714309137329307
2,ARHGEF1,3.3468754,0.56529,0.0008172794687540379,0.01280857933844512,0.2824561403508772,0.20627503337783712,0.2824561403508772,0.20627503337783712,0.07618110697304006
2,NSA2,3.3291502,0.62469244,0.0008711140025487906,0.013579831984938682,0.2675438596491228,0.19225634178905207,0.2675438596491228,0.19225634178905207,0.07528751786007074
2,SEPT6,3.2991698,0.5993719,0.0009697125360390453,0.015014052598808617,0.25263157894736843,0.17423230974632845,0.25263157894736843,0.17423230974632845,0.07839926920103998
2,MRPS21,3.2633324,0.58765143,0.0011011025722200134,0.016850630317559845,0.26842105263157895,0.19359145527369825,0.26842105263157895,0.19359145527369825,0.0748295973578807
2,HAX1,2.9825428,0.57141244,0.0028586472362250774,0.03880485751281278,0.25263157894736843,0.1855807743658211,0.25263157894736843,0.1855807743658211,0.06705080458154733
2,IK,2.9312508,0.518699,0.003376000768633792,0.04497821121606153,0.2692982456140351,0.20627503337783712,0.2692982456140351,0.20627503337783712,0.06302321223619797
3,LYZ,35.245205,6.3068237,4.0633272569508605e-272,5.548879702092095e-268,0.9980952380952381,0.5068622811168955,0.9980952380952381,0.5068622811168955,0.4912329569783427
3,S100A9,33.67153,7.1912327,1.5094915272414277e-248,1.0306808148004469e-244,0.9714285714285714,0.2049219119734974,0.9714285714285714,0.2049219119734974,0.766506659455074
3,CST3,33.145287,5.9868965,6.621797879190585e-241,3.0142423946075544e-237,0.9923809523809524,0.2503549455750118,0.9923809523809524,0.2503549455750118,0.7420260068059406
3,TYROBP,32.892136,5.5639963,2.8473009550460104e-237,9.720685460527079e-234,0.9942857142857143,0.24940842404164695,0.9942857142857143,0.24940842404164695,0.7448772902440673
3,S100A8,32.06591,7.2895474,1.3175821024256613e-225,2.9988168651208054e-222,0.9219047619047619,0.11642214860388074,0.9219047619047619,0.11642214860388074,0.8054826133008811
3,FTL,31.91443,3.3772895,1.6841077759900576e-223,3.285453684131461e-220,1.0,0.987221959299574,1.0,0.987221959299574,0.012778040700425985
3,LGALS2,31.572222,7.232404,8.885776795335766e-219,1.5168020989638153e-215,0.8990476190476191,0.04353999053478467,0.8990476190476191,0.04353999053478467,0.8555076285128345
3,FTH1,31.482492,2.825521,1.5084039453765922e-217,2.288751586451416e-214,1.0,0.987221959299574,1.0,0.987221959299574,0.012778040700425985
3,FCN1,31.358927,5.615404,7.351628247409725e-216,1.0039383534662719e-212,0.9352380952380952,0.13771888310459063,0.9352380952380952,0.13771888310459063,0.7975192121335046
3,LGALS1,31.162054,4.520668,3.4826901541788393e-213,4.3236015223151113e-210,0.9771428571428571,0.3525792711784193,0.9771428571428571,0.3525792711784193,0.6245635859644378
3,S100A6,30.79923,2.9378793,2.6833191174785505e-208,3.0536171556905907e-205,0.9904761904761905,0.7311878845243729,0.9904761904761905,0.7311878845243729,0.2592883059518176
3,GSTP1,30.301893,3.853636,1.0823426564754055e-201,1.1369593320637029e-198,0.9466666666666667,0.3388547089446285,0.9466666666666667,0.3388547089446285,0.6078119577220382
3,TYMP,29.283627,4.402445,1.6763236785772553e-188,1.6351340110465e-185,0.9180952380952381,0.20728821580690962,0.9180952380952381,0.20728821580690962,0.7108070222883285
3,GPX1,29.218548,3.9693387,1.1273891439523262e-187,1.0263750766541977e-184,0.92,0.2995740653099858,0.92,0.2995740653099858,0.6204259346900143
3,AIF1,29.177988,4.659851,3.689700638546269e-187,3.1491594949992405e-184,0.9561904761904761,0.23000473260766682,0.9561904761904761,0.23000473260766682,0.7261857435828093
3,LST1,28.954897,4.6120963,2.434905972569417e-184,1.9559456447887037e-181,0.9561904761904761,0.20776147657359204,0.9561904761904761,0.20776147657359204,0.7484289996168841
3,OAZ1,28.604654,1.9857701,5.88026748875826e-180,4.4611629348046e-177,0.9961904761904762,0.8911500236630383,0.9961904761904762,0.8911500236630383,0.10504045252743788
3,S100A4,28.579014,2.7334023,1.2251341514751344e-179,8.805490511865492e-177,0.9961904761904762,0.7671557027922385,0.9961904761904762,0.7671557027922385,0.22903477339823763
3,CTSS,27.958942,3.4710712,5.132527567144696e-172,3.337609355091808e-169,0.9447619047619048,0.4178892569805963,0.9447619047619048,0.4178892569805963,0.5268726477813085
3,COTL1,27.486862,3.0656388,2.5205793236171312e-166,1.5645923292416156e-163,0.9733333333333334,0.5442498816848084,0.9733333333333334,0.5442498816848084,0.429083451648525
3,S100A11,27.06165,3.2559104,2.7857349293232765e-161,1.5850831747849445e-158,0.9523809523809523,0.42072882158069097,0.9523809523809523,0.42072882158069097,0.5316521308002613
3,SAT1,27.039593,3.2047136,5.062998355578218e-161,2.7656122217510456e-158,0.9676190476190476,0.49739706578324655,0.9676190476190476,0.49739706578324655,0.47022198183580105
3,FCER1G,26.943876,4.212783,6.729092409283756e-160,3.5343263823530375e-157,0.9447619047619048,0.21249408424041646,0.9447619047619048,0.21249408424041646,0.7322678205214883
3,PSAP,26.643381,3.209305,2.1354046567444887e-156,1.0414673568750978e-153,0.9238095238095239,0.4065309985802177,0.9238095238095239,0.4065309985802177,0.5172785252293062
3,CYBA,26.354282,2.0109012,4.5840347705685487e-153,2.1586061664442796e-150,0.9885714285714285,0.8121154756270705,0.9885714285714285,0.8121154756270705,0.176455952944358
3,NPC2,25.823011,3.3677726,4.891402604436756e-147,2.0874060614433857e-144,0.8761904761904762,0.30430667297681024,0.8761904761904762,0.30430667297681024,0.5718838032136659
3,GABARAP,25.205278,2.8602104,3.5059825532084883e-140,1.3299360485170866e-137,0.88,0.39280643634642687,0.88,0.39280643634642687,0.48719356365357314
3,GRN,25.064459,4.4344826,1.2145664452836918e-138,4.3647682570510774e-136,0.7657142857142857,0.1126360624704212,0.7657142857142857,0.1126360624704212,0.6530782232438644
3,AP1S2,24.082716,3.77149,3.7934004712458296e-128,1.3282737650085396e-125,0.7733333333333333,0.17983909133932796,0.7733333333333333,0.17983909133932796,0.5934942419940054
3,CFD,23.701902,4.3396134,3.4463771909635346e-124,1.1478957785316593e-121,0.7523809523809524,0.10033128253667771,0.7523809523809524,0.10033128253667771,0.6520496698442747
3,GAPDH,23.496162,1.7229854,4.4643244733484044e-122,1.4515432144772812e-119,0.9676190476190476,0.8220539517274018,0.9676190476190476,0.8220539517274018,0.1455650958916458
3,MS4A6A,23.201174,6.0449615,4.430745340238636e-119,1.3751422355977002e-116,0.6723809523809524,0.03076194983435873,0.6723809523809524,0.03076194983435873,0.6416190025465937
3,RAC1,23.062817,2.8045588,1.0939493667258054e-117,3.3197716782239104e-115,0.8533333333333334,0.3374349266445812,0.8533333333333334,0.3374349266445812,0.5158984066887522
3,PYCARD,22.992872,3.0561779,5.493285210235071e-117,1.6307891919776115e-114,0.8171428571428572,0.26076668244202555,0.8171428571428572,0.26076668244202555,0.5563761747008316
3,TSPO,22.471685,2.6452546,7.855256898368358e-112,2.1033605530219274e-109,0.8457142857142858,0.38665404637955514,0.8457142857142858,0.38665404637955514,0.4590602393347306
3,CD14,21.996054,6.404349,3.141575952952125e-107,8.25026177182966e-105,0.6323809523809524,0.022716516800757217,0.6323809523809524,0.022716516800757217,0.6096644355801951
3,LGALS3,21.919512,3.8206694,1.6926069334483278e-106,4.2025891423946115e-104,0.7104761904761905,0.13109323237103643,0.7104761904761905,0.13109323237103643,0.5793829581051541
3,CEBPD,21.425888,3.9531026,7.665786012875864e-102,1.7161307178988985e-99,0.6857142857142857,0.110269758637009,0.6857142857142857,0.110269758637009,0.5754445270772768
3,CD68,21.361353,3.8696377,3.0582543572635135e-101,6.736051855288796e-99,0.699047619047619,0.10411736867013724,0.699047619047619,0.10411736867013724,0.5949302503774818
3,TKT,21.298834,2.960141,1.1638331002963307e-100,2.522746796451856e-98,0.7714285714285715,0.24704212020823474,0.7714285714285715,0.24704212020823474,0.5243864512203367
3,HLA-DRA,21.043026,3.181413,2.6491890477730474e-98,5.565742405598266e-96,0.9447619047619048,0.4647420728821581,0.9447619047619048,0.4647420728821581,0.48001983187974673
3,NEAT1,20.787699,2.0519383,5.5928669979987276e-96,1.1572150261313731e-93,0.9161904761904762,0.5712257453857075,0.9161904761904762,0.5712257453857075,0.34496473080476875
3,SH3BGRL3,20.657923,1.4950204,8.285190919005336e-95,1.663861282204954e-92,0.9733333333333334,0.8300993847610033,0.9733333333333334,0.8300993847610033,0.14323394857233007
3,SERPINA1,20.607153,3.4796257,2.3675745819288384e-94,4.685738911713075e-92,0.7047619047619048,0.1329862754377662,0.7047619047619048,0.1329862754377662,0.5717756293241386
3,CFP,20.570402,3.9387283,5.054472001344291e-94,9.860552807193948e-92,0.6571428571428571,0.09654519640321817,0.6571428571428571,0.09654519640321817,0.560597660739639
3,FCGRT,20.312963,3.570892,9.876313371037152e-92,1.8475470602038817e-89,0.6647619047619048,0.12636062470421203,0.6647619047619048,0.12636062470421203,0.5384012800576927
3,TMSB10,20.305056,0.7403759,1.1601204186417105e-91,2.1408924914825945e-89,1.0,0.9919545669663985,1.0,0.9919545669663985,0.008045433033601501
3,ARPC1B,20.250187,1.6687883,3.538905369625617e-91,6.443638897014323e-89,0.9314285714285714,0.702318977756744,0.9314285714285714,0.702318977756744,0.22910959367182737
3,TALDO1,19.76543,2.6459866,5.90912928161518e-87,1.0479879151913882e-84,0.7466666666666667,0.2768575485092286,0.7466666666666667,0.2768575485092286,0.4698091181574381
3,VIM,19.456036,1.6082076,2.590636717449922e-84,4.535607053012325e-82,0.9276190476190476,0.7699952673923331,0.9276190476190476,0.7699952673923331,0.15762378022671442
3,SRGN,19.413748,2.0882785,5.905745026759181e-84,1.0208715707015617e-81,0.8819047619047619,0.5286322763842878,0.8819047619047619,0.5286322763842878,0.3532724855204741
3,IFI6,19.143375,2.5624535,1.0991253695445302e-81,1.8530439563580376e-79,0.7638095238095238,0.31377188831045905,0.7638095238095238,0.31377188831045905,0.4500376354990648
3,SPI1,18.999771,3.495333,1.7129203737571405e-80,2.8182699547021096e-78,0.64,0.10790345480359678,0.64,0.10790345480359678,0.5320965451964033
3,ARPC3,18.971792,1.3821806,2.9178796682307934e-80,4.743638660638061e-78,0.9466666666666667,0.7851396119261713,0.9466666666666667,0.7851396119261713,0.16152705474049533
3,ANXA2,18.770565,2.3248746,1.3147925496007435e-78,2.0637709261319257e-76,0.7752380952380953,0.3535257927117842,0.7752380952380953,0.3535257927117842,0.4217123025263111
3,AP2S1,18.719858,2.565586,3.4105705081002134e-78,5.292585324842785e-76,0.7123809523809523,0.2640795078088026,0.7123809523809523,0.2640795078088026,0.4483014445721497
3,NCF2,18.666302,3.9962904,9.307807082542054e-78,1.4281731856089246e-75,0.5866666666666667,0.0743019403691434,0.5866666666666667,0.0743019403691434,0.5123647262975233
3,HLA-DRB1,18.354538,2.6388547,3.036562625645322e-75,4.5073151321535345e-73,0.8419047619047619,0.3648840511121628,0.8419047619047619,0.3648840511121628,0.4770207107925991
3,IFITM3,18.111216,3.3731792,2.599428282744107e-73,3.816966949371347e-71,0.6285714285714286,0.12588736393752958,0.6285714285714286,0.12588736393752958,0.502684064633899
3,IFI30,17.806303,3.8596416,6.314591052489164e-71,8.982505772165836e-69,0.5676190476190476,0.06578324656885944,0.5676190476190476,0.06578324656885944,0.5018358010501881
3,ATP5G2,17.724928,1.2093714,2.6925633699473146e-70,3.790685090721704e-68,0.9333333333333333,0.795551348793185,0.9333333333333333,0.795551348793185,0.13778198454014834
3,S100A10,17.699575,1.7574621,4.2248443102589564e-70,5.887191214377174e-68,0.8495238095238096,0.5901561760530052,0.8495238095238096,0.5901561760530052,0.2593676334708044
3,ACTB,17.690002,0.840228,5.00724902589546e-70,6.83789926976284e-68,0.9980952380952381,0.9914813061997161,0.9980952380952381,0.9914813061997161,0.006613931895522063
3,BRI3,17.50283,3.3422413,1.3632490435971286e-68,1.807429994112853e-66,0.5885714285714285,0.10979649787032655,0.5885714285714285,0.10979649787032655,0.478774930701102
3,C1orf162,17.458014,2.2995138,2.9916719397402224e-68,3.9282953854896615e-66,0.7390476190476191,0.301940369143398,0.7390476190476191,0.301940369143398,0.43710724990422106
3,BLVRB,17.439125,4.0372,4.163930296842521e-68,5.41548877463633e-66,0.5428571428571428,0.06720302886890676,0.5428571428571428,0.06720302886890676,0.47565411398823604
3,CD74,16.95885,1.6433103,1.6554907864815166e-64,2.055216561835599e-62,0.9447619047619048,0.8192143871273071,0.9447619047619048,0.8192143871273071,0.1255475176345977
3,EIF4A1,16.743252,1.4217219,6.342723691646261e-63,7.733592386885835e-61,0.8533333333333334,0.6431613819214387,0.8533333333333334,0.6431613819214387,0.2101719514118947
3,RNF130,16.649233,3.522092,3.065093461392626e-62,3.6397318529371915e-60,0.5428571428571428,0.08991954566966398,0.5428571428571428,0.08991954566966398,0.45293759718747884
3,SERF2,16.646223,1.1436874,3.223128685712798e-62,3.794400459663273e-60,0.9580952380952381,0.8310459062943681,0.9580952380952381,0.8310459062943681,0.12704933180086997
3,PRELID1,16.555662,1.9582902,1.4573110987672012e-61,1.6865288444716017e-59,0.758095238095238,0.3984855655466162,0.758095238095238,0.3984855655466162,0.35960967254862186
3,CDA,16.413912,4.092756,1.5208084163446722e-60,1.7452235070254493e-58,0.5104761904761905,0.0563180312352106,0.5104761904761905,0.0563180312352106,0.4541581592409799
3,NUP214,16.378508,4.1338577,2.7234411165075104e-60,3.0992759905855466e-58,0.5066666666666667,0.054424988168480834,0.5066666666666667,0.054424988168480834,0.45224167849818586
3,CTSH,15.903258,3.3533416,6.01525989762604e-57,6.624547513063001e-55,0.5257142857142857,0.09086606720302887,0.5257142857142857,0.09086606720302887,0.4348482185112568
3,TNFSF13B,15.855881,3.6610675,1.2801932713406923e-56,1.3985855450742795e-54,0.5104761904761905,0.07572172266919072,0.5104761904761905,0.07572172266919072,0.4347544678069998
3,CTSB,15.745856,3.1016173,7.33317765757763e-56,7.823583913428134e-54,0.540952380952381,0.1159488878371983,0.540952380952381,0.1159488878371983,0.42500349311518265
3,HLA-DRB5,15.727706,2.3320615,9.76874092352788e-56,1.034123457765091e-53,0.6971428571428572,0.26549929010885,0.6971428571428572,0.26549929010885,0.4316435670340072
3,RGS2,15.649053,2.547746,3.372040561163374e-55,3.515159229255499e-53,0.6095238095238096,0.1949834358731661,0.6095238095238096,0.1949834358731661,0.41454037365064345
3,CEBPB,15.5571785,2.2697918,1.422330939343047e-54,1.4604023539600487e-52,0.6552380952380953,0.24183625177472787,0.6552380952380953,0.24183625177472787,0.4134018434633674
3,ATP6V0B,15.478557,2.2473936,4.8421377327504046e-54,4.934644244659666e-52,0.6476190476190476,0.26076668244202555,0.6476190476190476,0.26076668244202555,0.3868523651770221
3,MT-ND1,15.446833,0.82115024,7.924241039958199e-54,8.015810047531049e-52,0.9771428571428571,0.9384761003312825,0.9771428571428571,0.9384761003312825,0.03866675681157461
3,HLA-DPA1,15.247271,2.1276598,1.716596341434986e-52,1.7236646793114831e-50,0.7828571428571428,0.42167534311405586,0.7828571428571428,0.42167534311405586,0.36118179974308695
3,CSF3R,15.227039,4.723197,2.339485215698827e-52,2.331971540553517e-50,0.4552380952380952,0.03170847136772362,0.4552380952380952,0.03170847136772362,0.42352962387037163
3,FKBP1A,15.206039,1.7832658,3.2247123283385544e-52,3.191063156216761e-50,0.7371428571428571,0.3984855655466162,0.7371428571428571,0.3984855655466162,0.3386572915962409
3,NFKBIA,15.178733,1.9387012,4.8913655866538056e-52,4.771177746524597e-50,0.7257142857142858,0.3894936109796498,0.7257142857142858,0.3894936109796498,0.33622067473463596
3,CAPG,15.167689,2.6976736,5.7878898701722455e-52,5.605632912558311e-50,0.5561904761904762,0.15238996687174633,0.5561904761904762,0.15238996687174633,0.4038005093187299
3,ALDH2,15.084843,4.933923,2.0376063543097403e-51,1.9458428233883784e-49,0.44761904761904764,0.027922385234264078,0.44761904761904764,0.027922385234264078,0.41969666238478354
3,PFDN5,14.811588,0.86118764,1.2329136100962016e-49,1.1531964561283377e-47,0.979047619047619,0.9110269758637008,0.979047619047619,0.9110269758637008,0.0680206431839182
3,HLA-DPB1,14.352314,1.9809363,1.0304101662859402e-46,9.318729291921059e-45,0.7790476190476191,0.4538570752484619,0.7790476190476191,0.4538570752484619,0.3251905437991572
3,SLC7A7,14.35129,3.7484548,1.0457447962219564e-46,9.395191406057261e-45,0.4552380952380952,0.05821107430194037,0.4552380952380952,0.05821107430194037,0.39702702093615483
3,MT-CO1,14.336116,0.516187,1.3013776117879842e-46,1.1615433115409614e-44,0.9923809523809524,0.9952673923331756,0.9923809523809524,0.9952673923331756,-0.002886439952223263
3,TIMP1,14.238576,2.0614345,5.279211933417948e-46,4.68135832225685e-44,0.64,0.25177472787505917,0.64,0.25177472787505917,0.38822527212494085
3,ALDOA,14.089656,1.1811532,4.3969663745481076e-45,3.800314734862592e-43,0.8495238095238096,0.6720302886890677,0.8495238095238096,0.6720302886890677,0.1774935208347419
3,MYL6,14.064527,1.0074565,6.274102805962666e-45,5.38862565523435e-43,0.9466666666666667,0.8291528632276385,0.9466666666666667,0.8291528632276385,0.11751380343902817
3,IGSF6,14.052747,4.500363,7.410339625832322e-45,6.324724870647887e-43,0.4228571428571429,0.03076194983435873,0.4228571428571429,0.03076194983435873,0.39209519302278417
3,LY86,13.924859,2.7531483,4.474238412933315e-44,3.7716172695689725e-42,0.5047619047619047,0.11405584477046853,0.5047619047619047,0.11405584477046853,0.3907060599914362
3,ISG15,13.913175,1.8260671,5.268795377697212e-44,4.414151513977493e-42,0.7047619047619048,0.38428774254614295,0.7047619047619048,0.38428774254614295,0.32047416221576186
3,LAMTOR4,13.864452,1.545306,1.0401674048918015e-43,8.661296390977098e-42,0.7714285714285715,0.4581164221486039,0.7714285714285715,0.4581164221486039,0.3133121492799676
3,HLA-DMA,13.833657,2.2719557,1.5969101954009358e-43,1.3216609471754655e-41,0.579047619047619,0.1878845243729295,0.579047619047619,0.1878845243729295,0.39116309467468957
3,LINC00936,13.774627,2.2861547,3.622487774114785e-43,2.944565062101875e-41,0.5714285714285714,0.20776147657359204,0.5714285714285714,0.20776147657359204,0.3636670948549794
3,MNDA,13.767937,3.8360744,3.974021111083487e-43,3.211197177097994e-41,0.43238095238095237,0.050165641268338855,0.43238095238095237,0.050165641268338855,0.38221531111261353
3,FPR1,13.624651,4.438016,2.857719276062696e-42,2.2821645867784897e-40,0.4114285714285714,0.03360151443445338,0.4114285714285714,0.03360151443445338,0.37782705699411806
3,FOSB,13.53505,1.5642056,9.71163738103932e-42,7.710588376480986e-40,0.7180952380952381,0.43066729768102224,0.7180952380952381,0.43066729768102224,0.2874279404142159
3,CPVL,13.490425,4.1855,1.780701642680705e-41,1.4056220596790582e-39,0.41333333333333333,0.0416469474680549,0.41333333333333333,0.0416469474680549,0.3716863858652784
3,FGR,13.26932,2.4060192,3.487347862118778e-40,2.690577537010962e-38,0.5142857142857142,0.14197823000473261,0.5142857142857142,0.14197823000473261,0.3723074842809816
3,VAMP8,13.257923,1.4166026,4.059852407152133e-40,3.1146822737117714e-38,0.7257142857142858,0.45433033601514433,0.7257142857142858,0.45433033601514433,0.2713839496991414
3,CNPY3,13.21826,2.1163301,6.883784737538508e-40,5.222498020879215e-38,0.56,0.20918125887363936,0.56,0.20918125887363936,0.3508187411263607
3,PGLS,13.059897,1.9752369,5.580304273837796e-39,4.21020083776403e-37,0.579047619047619,0.2285849503076195,0.579047619047619,0.2285849503076195,0.35046266873999954
3,C20orf24,12.980732,1.940014,1.5736970318388284e-38,1.1743391621197289e-36,0.579047619047619,0.24278277330809275,0.579047619047619,0.24278277330809275,0.3362648457395263
3,SERPINB1,12.801817,1.7587494,1.601588206522105e-37,1.1758757284013905e-35,0.6228571428571429,0.3014671083767156,0.6228571428571429,0.3014671083767156,0.3213900344804273
3,H2AFY,12.782194,2.020329,2.061704228879689e-37,1.4975868590202676e-35,0.5619047619047619,0.23237103644107904,0.5619047619047619,0.23237103644107904,0.32953372546368287
3,APOBEC3A,12.663494,3.6741765,9.42112269767504e-37,6.807135003145521e-35,0.4057142857142857,0.055844770468528156,0.4057142857142857,0.055844770468528156,0.34986951524575755
3,ZFP36,12.577862,1.1705287,2.794920260329256e-36,2.008812161845069e-34,0.8571428571428571,0.6682442025556081,0.8571428571428571,0.6682442025556081,0.18889865458724897
3,AMICA1,12.505003,2.068091,7.009727944022086e-36,5.011771979244273e-34,0.5333333333333333,0.19640321817321343,0.5333333333333333,0.19640321817321343,0.3369301151601199
3,ASGR1,12.467933,5.905465,1.1168546539335878e-35,7.943628726102643e-34,0.36,0.010411736867013724,0.36,0.010411736867013724,0.34958826313298624
3,LY6E,12.448406,1.1925172,1.4266630512555156e-35,1.0094565092199648e-33,0.8361904761904762,0.6265972550875533,0.8361904761904762,0.6265972550875533,0.2095932211029229
3,ATP6V1F,12.393441,1.675379,2.8360632022248347e-35,1.9963545922465124e-33,0.6247619047619047,0.310459062943682,0.6247619047619047,0.310459062943682,0.31430284181822277
3,ODF3B,12.276438,3.5093043,1.2121891455015412e-34,8.445742332127065e-33,0.3942857142857143,0.05395172740179839,0.3942857142857143,0.05395172740179839,0.3403339868839159
3,TCEB2,12.234502,1.4303465,2.0334748106374977e-34,1.4096006098510491e-32,0.72,0.43019403691433983,0.72,0.43019403691433983,0.28980596308566015
3,GLRX,12.140035,1.6649796,6.479819909503463e-34,4.446654305737652e-32,0.6247619047619047,0.3142451490771415,0.6247619047619047,0.3142451490771415,0.3105167556847632
3,C10orf54,12.074347,1.6198474,1.44305726445951e-33,9.853195001729535e-32,0.6114285714285714,0.31329862754377663,0.6114285714285714,0.31329862754377663,0.2981299438847948
3,TPI1,11.998383,1.3472948,3.6230796252037926e-33,2.4372795744720687e-31,0.7238095238095238,0.4548035967818268,0.7238095238095238,0.4548035967818268,0.269005927027697
3,RHOG,11.9503,1.590367,6.469084102706224e-33,4.330481005223343e-31,0.638095238095238,0.32938949361097963,0.638095238095238,0.32938949361097963,0.3087057444842584
3,CTSD,11.927988,2.12657,8.459311448186446e-33,5.635139372508981e-31,0.49714285714285716,0.17889256980596308,0.49714285714285716,0.17889256980596308,0.3182502873368941
3,BLVRA,11.894728,2.519307,1.260631961601049e-32,8.356888382341712e-31,0.44761904761904764,0.12068149550402271,0.44761904761904764,0.12068149550402271,0.32693755211502495
3,STXBP2,11.744688,2.0613544,7.519942286318511e-32,4.89011104104598e-30,0.5009523809523809,0.18078561287269285,0.5009523809523809,0.18078561287269285,0.3201667680796881
3,TGFBI,11.611038,3.6926997,3.6219016036231053e-31,2.3441084501932287e-29,0.3657142857142857,0.043066729768102226,0.3657142857142857,0.043066729768102226,0.3226475559461835
3,LAMTOR1,11.590487,1.5988709,4.605080304962559e-31,2.9524402180548684e-29,0.5923809523809523,0.28253667770941787,0.5923809523809523,0.28253667770941787,0.30984427467153447
3,ANXA5,11.506167,1.757627,1.2281616117227282e-30,7.837278023217558e-29,0.5542857142857143,0.2465688594415523,0.5542857142857143,0.2465688594415523,0.307716854844162
3,VCAN,11.482991,4.016997,1.6062637016463126e-30,1.010835811506085e-28,0.35428571428571426,0.0326549929010885,0.35428571428571426,0.0326549929010885,0.3216307213846258
3,CLIC1,11.443007,1.1042073,2.5489238221644888e-30,1.596702005297168e-28,0.8228571428571428,0.6010411736867014,0.8228571428571428,0.6010411736867014,0.22181596917044144
3,GPX4,11.427194,1.2297795,3.058324174261123e-30,1.9070536494844704e-28,0.7352380952380952,0.49692380501656414,0.7352380952380952,0.49692380501656414,0.2383142902215311
3,LILRA5,11.402129,3.2306502,4.0801864447176756e-30,2.521222899957673e-28,0.37523809523809526,0.0563180312352106,0.37523809523809526,0.0563180312352106,0.31892006400288464
3,KLF4,11.389132,3.3100312,4.736854856931109e-30,2.913805852533839e-28,0.37333333333333335,0.05773781353525793,0.37333333333333335,0.05773781353525793,0.31559551979807543
3,PLBD1,11.260732,4.4770436,2.0504810119243299e-29,1.2500611026267254e-27,0.33904761904761904,0.02555608140085187,0.33904761904761904,0.02555608140085187,0.3134915376467672
3,ASAH1,11.13659,1.9327067,8.324607816835674e-29,5.00796671130872e-27,0.49333333333333335,0.18504495977283483,0.49333333333333335,0.18504495977283483,0.30828837356049854
3,HCK,11.129547,2.582273,9.009185399455099e-29,5.396027886621001e-27,0.4038095238095238,0.08707998106956934,0.4038095238095238,0.08707998106956934,0.31672954273995446
3,STX11,11.105314,2.900583,1.1820074420614177e-28,7.048687174144419e-27,0.38285714285714284,0.07146237576904875,0.38285714285714284,0.07146237576904875,0.3113947670880941
3,AGTRAP,10.923999,2.6632895,8.851104750902181e-28,5.232497250143731e-26,0.3923809523809524,0.09323237103644108,0.3923809523809524,0.09323237103644108,0.2991485813445113
3,SMCO4,10.899158,3.5196853,1.1632923050157548e-27,6.847379188489288e-26,0.3485714285714286,0.04495977283483199,0.3485714285714286,0.04495977283483199,0.3036116557365966
3,CLTA,10.887345,1.7066596,1.3244488034728213e-27,7.762520540869034e-26,0.5276190476190477,0.23379081874112637,0.5276190476190477,0.23379081874112637,0.29382822887792126
3,ARPC2,10.843809,0.8299464,2.1339695089690684e-27,1.2453627185675895e-25,0.8952380952380953,0.7789872219592996,0.8952380952380953,0.7789872219592996,0.11625087327879569
3,GSTO1,10.740026,1.6679232,6.602546656180578e-27,3.8367820058213605e-25,0.518095238095238,0.23615712257453858,0.518095238095238,0.23615712257453858,0.2819381155206995
3,APLP2,10.677635,2.4089522,1.295291691340315e-26,7.463503517697612e-25,0.4057142857142857,0.1069569332702319,0.4057142857142857,0.1069569332702319,0.29875735244405377
3,CCL3,10.662397,2.9937177,1.5261162428743113e-26,8.75657286247546e-25,0.37523809523809526,0.08187411263606247,0.37523809523809526,0.08187411263606247,0.2933639826020328
3,SLC25A5,10.655003,1.2349836,1.6523964014198433e-26,9.441475003259155e-25,0.699047619047619,0.46237576904874583,0.699047619047619,0.46237576904874583,0.2366718499988732
3,CD63,10.590499,1.5218215,3.298294577212661e-26,1.8612194523312436e-24,0.5714285714285714,0.28868906767628966,0.5714285714285714,0.28868906767628966,0.28273950375228174
3,PLAUR,10.574268,3.089667,3.922249951138742e-26,2.1951739890471582e-24,0.35428571428571426,0.06247042120208235,0.35428571428571426,0.06247042120208235,0.2918152930836319
3,FAM26F,10.562201,1.8807324,4.4608103535753694e-26,2.4864010689153163e-24,0.4742857142857143,0.16848083293894936,0.4742857142857143,0.16848083293894936,0.305804881346765
3,FGL2,10.548211,2.9316342,5.177342559355772e-26,2.8740565036813995e-24,0.3619047619047619,0.0676762896355892,0.3619047619047619,0.0676762896355892,0.2942284722691727
3,BID,10.516295,2.0010698,7.267525826047391e-26,4.018029663178266e-24,0.44761904761904764,0.14671083767155702,0.44761904761904764,0.14671083767155702,0.3009082099474906
3,CTSZ,10.466037,3.1389468,1.2371499824506262e-25,6.812306516268448e-24,0.3466666666666667,0.054424988168480834,0.3466666666666667,0.054424988168480834,0.29224167849818583
3,COX6B1,10.456657,1.0952522,1.3658996784068534e-25,7.461090403329596e-24,0.758095238095238,0.5305253194510176,0.758095238095238,0.5305253194510176,0.2275699186442205
3,SERP1,10.355627,1.1153485,3.9459061066443007e-25,2.1298535095784413e-23,0.7466666666666667,0.5054424988168481,0.7466666666666667,0.5054424988168481,0.2412241678498186
3,BRK1,10.279759,1.0878208,8.694449077367474e-25,4.637945179708212e-23,0.7352380952380952,0.5078088026502603,0.7352380952380952,0.5078088026502603,0.22742929258783495
3,CARD16,10.244354,1.6175892,1.2546002893677246e-24,6.666467529807645e-23,0.5161904761904762,0.22953147184098438,0.5161904761904762,0.22953147184098438,0.2866590043494918
3,CD33,10.238848,4.8171067,1.328081732271611e-24,7.029567494535318e-23,0.3028571428571429,0.01656412683388547,0.3028571428571429,0.01656412683388547,0.2862930160232574
3,EIF4EBP1,10.222714,2.8400419,1.568856862249444e-24,8.27193409686425e-23,0.3523809523809524,0.06672976810222432,0.3523809523809524,0.06672976810222432,0.2856511842787281
3,LGALS9,10.200113,2.1782112,1.9804063238655277e-24,1.0401703368733709e-22,0.4057142857142857,0.11784193090392807,0.4057142857142857,0.11784193090392807,0.2878723548103576
3,BST1,10.1938715,4.7221646,2.11183211540774e-24,1.1049494010731071e-22,0.3028571428571429,0.017510648367250355,0.3028571428571429,0.017510648367250355,0.2853464944898925
3,PFN1,10.092298,0.56088096,5.975427279585237e-24,3.114520417176183e-22,0.9657142857142857,0.9403691433980123,0.9657142857142857,0.9403691433980123,0.025345142316273495
3,BST2,10.037782,1.2496051,1.0398675837366909e-23,5.399403697151426e-22,0.6533333333333333,0.3984855655466162,0.6533333333333333,0.3984855655466162,0.25484776778671714
3,H3F3A,10.02456,1.3512825,1.188875213700626e-23,6.149727241778693e-22,0.5980952380952381,0.33270231897775676,0.5980952380952381,0.33270231897775676,0.26539291911748136
3,RAB32,9.957399,3.880329,2.3410637825593067e-23,1.2063987552690526e-21,0.30857142857142855,0.03076194983435873,0.30857142857142855,0.03076194983435873,0.27780947873706985
3,SCO2,9.9317255,2.624346,3.0296574541894296e-23,1.5380298213535632e-21,0.35619047619047617,0.07808802650260294,0.35619047619047617,0.07808802650260294,0.27810244968787323
3,PGD,9.872215,2.9079127,5.49374589207984e-23,2.7683613986067268e-21,0.33714285714285713,0.06341694273544723,0.33714285714285713,0.06341694273544723,0.2737259144074099
3,CSTB,9.830953,1.3498548,8.283172032267738e-23,4.158639605612068e-21,0.5752380952380952,0.31992427827733083,0.5752380952380952,0.31992427827733083,0.2553138169607644
3,RBP7,9.824518,5.236094,8.829543505042773e-23,4.400592923535186e-21,0.2876190476190476,0.012778040700425935,0.2876190476190476,0.012778040700425935,0.2748410069186217
3,SLC25A6,9.789817,0.6475651,1.2452099176692344e-22,6.138839940682695e-21,0.8857142857142857,0.8196876478939896,0.8857142857142857,0.8196876478939896,0.06602663782029605
3,IFNGR2,9.76981,2.3472123,1.5173695167319197e-22,7.453668388665861e-21,0.37523809523809526,0.10317084713677237,0.37523809523809526,0.10317084713677237,0.2720672481013229
3,C4orf48,9.742951,2.3109758,1.9772616176906309e-22,9.677951487879304e-21,0.37333333333333335,0.10601041173686701,0.37333333333333335,0.10601041173686701,0.2673229215964663
3,MSRB1,9.737798,3.0615966,2.0801343194752245e-22,1.0145112238126309e-20,0.32571428571428573,0.05395172740179839,0.32571428571428573,0.05395172740179839,0.27176255831248736
3,MPEG1,9.724896,3.0812986,2.3614449183315284e-22,1.1476118079976994e-20,0.32571428571428573,0.05489824893516328,0.32571428571428573,0.05489824893516328,0.27081603677912247
3,FOLR3,9.691893,6.983719,3.264227700557208e-22,1.5807196269081288e-20,0.2761904761904762,0.003786086133459536,0.2761904761904762,0.003786086133459536,0.27240439005701667
3,C19orf38,9.685426,3.1770787,3.4775495542524e-22,1.6780712619388965e-20,0.32,0.0506389020350213,0.32,0.0506389020350213,0.2693610979649787
3,PILRA,9.660937,2.7023718,4.41803800847071e-22,2.1243917973125358e-20,0.33714285714285713,0.06341694273544723,0.33714285714285713,0.06341694273544723,0.2737259144074099
3,GLIPR2,9.604148,1.7837403,7.679037169051475e-22,3.666605999320522e-20,0.4419047619047619,0.17037387600567913,0.4419047619047619,0.17037387600567913,0.2715308858990828
3,IL1B,9.584589,4.1933303,9.28267364571252e-22,4.4168707772073224e-20,0.29333333333333333,0.02602934216753431,0.29333333333333333,0.02602934216753431,0.267303991165799
3,RNASE6,9.306853,2.9363945,1.3167542161391519e-20,6.179242465840639e-19,0.3142857142857143,0.048745858968291526,0.3142857142857143,0.048745858968291526,0.26553985531742275
3,NDUFA11,9.274905,1.2264929,1.7777649367670518e-20,8.314095197428377e-19,0.6038095238095238,0.3663038334122101,0.6038095238095238,0.3663038334122101,0.23750569039731367
3,SAT2,9.273977,2.0744896,1.7933129156797507e-20,8.358184701884872e-19,0.38095238095238093,0.11926171320397538,0.38095238095238093,0.11926171320397538,0.26169066774840555
3,SUPT4H1,9.218181,1.4856821,3.021843144121503e-20,1.3988572873262117e-18,0.49142857142857144,0.23852342640795077,0.49142857142857144,0.23852342640795077,0.25290514502062067
3,RHOA,9.192443,0.95886236,3.840193973685574e-20,1.7716786792111552e-18,0.7180952380952381,0.530052058684335,0.7180952380952381,0.530052058684335,0.1880431794109031
3,GNAI2,9.159215,1.7217243,5.2276433940841576e-20,2.4036598717041502e-18,0.4266666666666667,0.1812588736393753,0.4266666666666667,0.1812588736393753,0.2454077930272914
3,YBX1,9.142248,0.6478096,6.116725916877077e-20,2.803020440297764e-18,0.8742857142857143,0.8035967818267865,0.8742857142857143,0.8035967818267865,0.07068893245892782
3,ITGB2,9.111133,1.101454,8.152634523398197e-20,3.7110792350508585e-18,0.6647619047619048,0.42309512541410316,0.6647619047619048,0.42309512541410316,0.24166677934780162
3,EFHD2,9.089909,1.8254945,9.912222422655554e-20,4.4970534685642605e-18,0.4,0.14245149077141506,0.4,0.14245149077141506,0.25754850922858497
3,NOP10,8.974538,1.4637213,2.845438531169151e-19,1.2824194251368293e-17,0.49333333333333335,0.2465688594415523,0.49333333333333335,0.2465688594415523,0.24676447389178105
3,ATP5D,8.972233,0.97104084,2.905630503272601e-19,1.3052398076542974e-17,0.7028571428571428,0.5049692380501657,0.7028571428571428,0.5049692380501657,0.19788790480697716
3,MT2A,8.954146,1.3896035,3.4237474393080864e-19,1.527931210169648e-17,0.5104761904761905,0.2692853762423095,0.5104761904761905,0.2692853762423095,0.241190814233881
3,S100A12,8.952514,6.2863917,3.4747794933478555e-19,1.5456543570409873e-17,0.2571428571428571,0.005679129200189304,0.2571428571428571,0.005679129200189304,0.2514637279426678
3,GCA,8.890507,2.4001808,6.083093557491207e-19,2.6797008264870944e-17,0.3295238095238095,0.08140085186938002,0.3295238095238095,0.08140085186938002,0.2481229576544295
3,ARRB2,8.854045,1.5524963,8.440332225290655e-19,3.7061471661919356e-17,0.45714285714285713,0.20823473734027448,0.45714285714285713,0.20823473734027448,0.24890811980258265
3,NDUFS7,8.837367,1.4289805,9.800096518173688e-19,4.275722621475395e-17,0.4876190476190476,0.24467581637482252,0.4876190476190476,0.24467581637482252,0.2429432312442251
3,SAMHD1,8.8359585,1.6203794,9.924380799629428e-19,4.316157458590429e-17,0.43238095238095237,0.195929957406531,0.43238095238095237,0.195929957406531,0.23645099497442137
3,WDR83OS,8.823505,1.2578624,1.109310879842055e-18,4.809126785753366e-17,0.5352380952380953,0.2995740653099858,0.5352380952380953,0.2995740653099858,0.23566402992810948
3,NCF1,8.788293,2.0402682,1.5185010972721396e-18,6.541530278974239e-17,0.3638095238095238,0.11642214860388074,0.3638095238095238,0.11642214860388074,0.24738737520564308
3,H3F3B,8.781634,0.53952515,1.6111652278889346e-18,6.918890676745689e-17,0.9904761904761905,0.9545669663984856,0.9904761904761905,0.9545669663984856,0.035909224077704915
3,HIGD2A,8.756633,1.018775,2.011697108484034e-18,8.584917410455615e-17,0.660952380952381,0.4538570752484619,0.660952380952381,0.4538570752484619,0.20709530570391904
3,MAFB,8.754488,3.1624315,2.0503213936504894e-18,8.722488769997222e-17,0.2914285714285714,0.050165641268338855,0.2914285714285714,0.050165641268338855,0.24126293016023256
3,LAMTOR2,8.717707,1.634447,2.838942071656036e-18,1.1928797824779947e-16,0.41523809523809524,0.1765262659725509,0.41523809523809524,0.1765262659725509,0.23871182926554435
3,EMP3,8.709255,0.77544963,3.0587802536831163e-18,1.2813099124017372e-16,0.8361904761904762,0.7089446284902982,0.8361904761904762,0.7089446284902982,0.127245847700178
3,TBXAS1,8.708487,2.5460887,3.079579804315809e-18,1.2860777311234462e-16,0.31238095238095237,0.06720302886890676,0.31238095238095237,0.06720302886890676,0.2451779235120456
3,PKM,8.569587,1.0947758,1.0385663750598493e-17,4.2977764902476675e-16,0.6076190476190476,0.38002839564600094,0.6076190476190476,0.38002839564600094,0.22759065197304668
3,COX8A,8.530533,1.1536328,1.4567535700053476e-17,5.92230139946275e-16,0.5657142857142857,0.34264079507808803,0.5657142857142857,0.34264079507808803,0.2230734906361977
3,IL8,8.50678,3.999416,1.7883061893875812e-17,7.246619976936739e-16,0.26476190476190475,0.028868906767628964,0.26476190476190475,0.028868906767628964,0.2358929979942758
3,RNH1,8.471502,1.3034809,2.4224729003690365e-17,9.758492603964472e-16,0.4895238095238095,0.2626597255087553,0.4895238095238095,0.2626597255087553,0.2268640840150542
3,DYNLT1,8.405206,1.7457693,4.2711093176967e-17,1.7054464573820509e-15,0.38285714285714284,0.14481779460482727,0.38285714285714284,0.14481779460482727,0.23803934825231557
3,JUND,8.33526,2.1274512,7.732803525889947e-17,3.0786928556721026e-15,0.33714285714285713,0.10837671557027923,0.33714285714285713,0.10837671557027923,0.2287661415725779
3,CPPED1,8.312788,2.7099898,9.347966109533622e-17,3.7001688461388735e-15,0.2895238095238095,0.057264552768575484,0.2895238095238095,0.057264552768575484,0.23225925675523404
3,TNFAIP2,8.289419,4.200651,1.1380296773903916e-16,4.491599212266817e-15,0.25142857142857145,0.019403691433980123,0.25142857142857145,0.019403691433980123,0.23202487999459132
3,TIMM13,8.188133,1.5945466,2.6530878295412857e-16,1.0381251404073295e-14,0.3942857142857143,0.16280170373876005,0.3942857142857143,0.16280170373876005,0.23148401054695425
3,FCGR2A,8.151416,3.2531614,3.596884027287241e-16,1.3994030848044036e-14,0.26666666666666666,0.040227165168007575,0.26666666666666666,0.040227165168007575,0.2264395014986591
3,ATP6V0D1,8.059638,1.8248415,7.652099086029926e-16,2.960256802232993e-14,0.3523809523809524,0.12872692853762424,0.3523809523809524,0.12872692853762424,0.22365402384332816
3,CASP1,7.960753,1.3396806,1.7099573693859905e-15,6.522675373277956e-14,0.4514285714285714,0.22716516800757217,0.4514285714285714,0.22716516800757217,0.22426340342099924
3,LRRC25,7.9136953,2.5196931,2.4985942965414755e-15,9.451746181044429e-14,0.2819047619047619,0.05868433506862281,0.2819047619047619,0.05868433506862281,0.22322042683613907
3,HLA-DMB,7.8708634,1.6053982,3.5220218415895485e-15,1.324978795282283e-13,0.3676190476190476,0.13487931850449597,0.3676190476190476,0.13487931850449597,0.23273972911455165
3,SOD2,7.8608437,1.6523944,3.815548937145898e-15,1.4314597880677027e-13,0.37523809523809526,0.15996213913866542,0.37523809523809526,0.15996213913866542,0.21527595609942984
3,RHOB,7.8034782,2.2737937,6.022377207399032e-15,2.2470377908262617e-13,0.30095238095238097,0.08707998106956934,0.30095238095238097,0.08707998106956934,0.21387239988281165
3,SLC11A1,7.7748594,2.921387,7.553110685907355e-15,2.802860856705186e-13,0.26285714285714284,0.047326076668244205,0.26285714285714284,0.047326076668244205,0.21553106618889864
3,ATP5E,7.7528996,0.6711867,8.981772074987412e-15,3.3150021474602187e-13,0.8571428571428571,0.7264552768575485,0.8571428571428571,0.7264552768575485,0.13068758028530858
3,COX5B,7.740831,0.901144,9.876912416897776e-15,3.6355556863923457e-13,0.6438095238095238,0.46900141978230003,0.6438095238095238,0.46900141978230003,0.1748081040272238
3,EIF3K,7.702961,0.6215719,1.3294905007155342e-14,4.867432246051297e-13,0.819047619047619,0.7231424514907714,0.819047619047619,0.7231424514907714,0.09590516755684764
3,CYBB,7.7015524,2.477763,1.3442305518751887e-14,4.895149977708687e-13,0.28,0.06483672503549456,0.28,0.06483672503549456,0.21516327496450546
3,C5AR1,7.7012,2.7769685,1.3479406176166003e-14,4.895605604833057e-13,0.26857142857142857,0.05679129200189304,0.26857142857142857,0.05679129200189304,0.21178013656953554
3,PSMB3,7.698447,1.0451494,1.3772959879013684e-14,4.988953318509573e-13,0.5447619047619048,0.34216753431140556,0.5447619047619048,0.34216753431140556,0.20259437045049922
3,BNIP3L,7.693037,1.8080086,1.4368270458804685e-14,5.190822787974517e-13,0.33904761904761904,0.12446758163748226,0.33904761904761904,0.12446758163748226,0.2145800374101368
3,RP11-290F20.3,7.6813207,2.1960583,1.5745656094684856e-14,5.673421626095419e-13,0.2914285714285714,0.07193563653573119,0.2914285714285714,0.07193563653573119,0.21949293489284022
3,MIR24-2,7.528432,2.421211,5.135325351649276e-14,1.8215065714837017e-12,0.2780952380952381,0.06909607193563654,0.2780952380952381,0.06909607193563654,0.20899916615960157
3,UQCR11-1,7.477149,0.81407285,7.595233371575047e-14,2.68011645793873e-12,0.7047619047619048,0.5343114055844771,0.7047619047619048,0.5343114055844771,0.17045049917742772
3,POLR2L,7.461495,1.0758712,8.554614862392746e-14,3.010871663939055e-12,0.52,0.3185044959772835,0.52,0.3185044959772835,0.20149550402271654
3,C11orf31,7.418279,0.9327944,1.1865193616805815e-13,4.154643180284621e-12,0.6019047619047619,0.40795078088026504,0.6019047619047619,0.40795078088026504,0.1939539810244969
3,TMEM205,7.342795,2.2201993,2.091788820869854e-13,7.250118816700184e-12,0.28,0.07146237576904875,0.28,0.07146237576904875,0.2085376242309513
3,SEC11A,7.295001,1.1044837,2.986564806517448e-13,1.0325197214633487e-11,0.49142857142857144,0.29010884997633696,0.49142857142857144,0.29010884997633696,0.20131972145223448
3,C20orf27,7.283957,2.0662155,3.2416822338004397e-13,1.1178892066863334e-11,0.2914285714285714,0.08849976336961665,0.2914285714285714,0.08849976336961665,0.20292880805895477
3,UQCRFS1,7.2637258,1.1633011,3.7657171647502906e-13,1.2953308212047851e-11,0.4552380952380952,0.2465688594415523,0.4552380952380952,0.2465688594415523,0.20866923579654292
3,TMEM219,7.2378597,1.2410738,4.55819866216654e-13,1.5600691962542924e-11,0.4380952380952381,0.2352106010411737,0.4380952380952381,0.2352106010411737,0.2028846370540644
3,ARF5,7.190482,1.1320446,6.456284784749033e-13,2.1932095776251942e-11,0.45904761904761904,0.25840037860861337,0.45904761904761904,0.25840037860861337,0.20064724043900567
3,TNFSF10,7.1483865,1.4190573,8.78037133300182e-13,2.9606111339129096e-11,0.37714285714285717,0.1765262659725509,0.37714285714285717,0.1765262659725509,0.20061659117030628
3,OAZ2,7.123225,1.6718662,1.0543027846336306e-12,3.5461967554080934e-11,0.32761904761904764,0.12210127780407004,0.32761904761904764,0.12210127780407004,0.2055177698149776
3,COMT,7.0998564,1.7250584,1.2488641030570593e-12,4.190291938905947e-11,0.3161904761904762,0.11689540937056318,0.3161904761904762,0.11689540937056318,0.199295066819913
3,NAGK,7.0729666,2.0621629,1.516560092017648e-12,5.076015837400245e-11,0.2819047619047619,0.08518693800283957,0.2819047619047619,0.08518693800283957,0.19671782390192233
3,DUSP1,7.0635233,0.5897687,1.6233322422880362e-12,5.420103936597903e-11,0.9447619047619048,0.8778987221959299,0.9447619047619048,0.8778987221959299,0.0668631825659749
3,GLIPR1,7.0187383,1.3843398,2.238804651602745e-12,7.42065930152599e-11,0.3676190476190476,0.16800757217226692,0.3676190476190476,0.16800757217226692,0.1996114754467807
3,UBE2L6,6.9971304,1.0657591,2.612581343355376e-12,8.63859826267821e-11,0.4990476190476191,0.30809275911026973,0.4990476190476191,0.30809275911026973,0.19095485993734934
3,BLOC1S1,6.9944096,1.0712394,2.6637870157063183e-12,8.765463972647105e-11,0.4723809523809524,0.2725982016090866,0.4723809523809524,0.2725982016090866,0.1997827507718658
3,SNX3,6.931794,0.83368546,4.1553652080123606e-12,1.3575518488185835e-10,0.6095238095238096,0.43114055844770466,0.6095238095238096,0.43114055844770466,0.17838325107610492
3,SDCBP,6.9049363,1.2575407,5.022603180044729e-12,1.6330635482545434e-10,0.40190476190476193,0.2049219119734974,0.40190476190476193,0.2049219119734974,0.19698284993126453
3,SCPEP1,6.8873296,1.8480636,5.6849424752138246e-12,1.8353090884520092e-10,0.29333333333333333,0.0979649787032655,0.29333333333333333,0.0979649787032655,0.19536835463006785
3,MCL1,6.886497,0.93573385,5.71828695402568e-12,1.8417199680229877e-10,0.5485714285714286,0.3748225272124941,0.5485714285714286,0.3748225272124941,0.1737489013589345
3,PSMA7,6.8656893,0.74150366,6.617085994720489e-12,2.12119545408223e-10,0.68,0.5343114055844771,0.68,0.5343114055844771,0.14568859441552295
3,NDUFA13,6.8534927,0.85544425,7.206819792481048e-12,2.2994469879934856e-10,0.6,0.4268812115475627,0.6,0.4268812115475627,0.17311878845243728
3,SERPINB6,6.7899814,1.4202718,1.1214804683135101e-11,3.545124369279929e-10,0.3466666666666667,0.15617605300520587,0.3466666666666667,0.15617605300520587,0.1904906136614608
3,POLE4,6.7772408,1.4661411,1.224928029219454e-11,3.8631910316445413e-10,0.34095238095238095,0.15380974917179366,0.34095238095238095,0.15380974917179366,0.1871426317805873
3,ZYX,6.7715106,1.668334,1.2744473313293658e-11,4.010104321805028e-10,0.3047619047619048,0.11216280170373875,0.3047619047619048,0.11216280170373875,0.19259910305816602
3,GNB2,6.737514,1.14073,1.6111961053932274e-11,5.046443581479338e-10,0.41904761904761906,0.22905821107430194,0.41904761904761906,0.22905821107430194,0.18998940797331712
3,NDUFS6,6.719107,1.2524098,1.8284163397872627e-11,5.713696461358092e-10,0.38285714285714284,0.19309039280643633,0.38285714285714284,0.19309039280643633,0.1897667500507065
3,ZNHIT1,6.702397,1.1471815,2.0502841521099393e-11,6.377831521916477e-10,0.4247619047619048,0.23805016564126835,0.4247619047619048,0.23805016564126835,0.18671173912063643
3,HSBP1,6.6999316,1.5928301,2.0851675937876774e-11,6.471601968355572e-10,0.3142857142857143,0.12446758163748226,0.3142857142857143,0.12446758163748226,0.18981813264823202
3,ATG3,6.6728497,1.3070362,2.5088316741112423e-11,7.733770957486032e-10,0.3619047619047619,0.175579744439186,0.3619047619047619,0.175579744439186,0.1863250174655759
3,LAP3,6.6531305,1.6345776,2.869236752911106e-11,8.805010583764958e-10,0.3047619047619048,0.11831519167061051,0.3047619047619048,0.11831519167061051,0.1864467130912943
3,CECR1,6.6458316,2.079964,3.015095616253005e-11,9.231871241154941e-10,0.259047619047619,0.07051585423568386,0.259047619047619,0.07051585423568386,0.18853176481193518
3,ID2,6.639365,0.9257805,3.150366932433817e-11,9.624476695596468e-10,0.5333333333333333,0.351159488878372,0.5333333333333333,0.351159488878372,0.18217384445496132
3,THEMIS2,6.561128,2.00745,5.340217351558335e-11,1.6169846597091048e-09,0.26476190476190475,0.07998106956933271,0.26476190476190475,0.07998106956933271,0.18478083519257205
3,ATOX1,6.5215297,1.9537873,6.959403000563907e-11,2.097960427719663e-09,0.26476190476190475,0.08092759110269758,0.26476190476190475,0.08092759110269758,0.18383431365920716
3,PRDX5,6.4814186,0.9546926,9.08641975122699e-11,2.727124134566061e-09,0.49714285714285716,0.31897775674396595,0.49714285714285716,0.31897775674396595,0.17816510039889122
3,POU2F2,6.4758487,1.5863503,9.428060327680578e-11,2.817277720674091e-09,0.3047619047619048,0.12399432087079981,0.3047619047619048,0.12399432087079981,0.18076758389110498
3,WARS,6.4651566,1.750966,1.0119400151334606e-10,3.0172604468695496e-09,0.2819047619047619,0.09985802176999527,0.2819047619047619,0.09985802176999527,0.18204674013476663
3,SPG21,6.424053,1.420438,1.3269275378989737e-10,3.939244012510518e-09,0.32571428571428573,0.13913866540463796,0.32571428571428573,0.13913866540463796,0.18657562030964778
3,MRPL23,6.4031496,1.0650864,1.5220405082079827e-10,4.508673574856445e-09,0.4361904761904762,0.25366777094178894,0.4361904761904762,0.25366777094178894,0.18252270524868724
3,CASP4,6.3097067,0.98367375,2.795647296637593e-10,8.210184835028596e-09,0.4552380952380952,0.28253667770941787,0.4552380952380952,0.28253667770941787,0.17270141752867735
3,REEP5,6.262009,1.0787867,3.8004905083615325e-10,1.1089636406449804e-08,0.4076190476190476,0.22669190724088972,0.4076190476190476,0.22669190724088972,0.18092714037815788
3,RILPL2,6.246547,1.3816041,4.1962517844797183e-10,1.2218339950715358e-08,0.3295238095238095,0.15664931377188832,0.3295238095238095,0.15664931377188832,0.17287449575192118
3,NINJ1,6.24293,1.558776,4.294494481217671e-10,1.2451298648727922e-08,0.29714285714285715,0.12020823473734027,0.29714285714285715,0.12020823473734027,0.17693462240551688
3,HMGB2,6.216712,0.9469468,5.076798962340352e-10,1.4657244530596162e-08,0.46285714285714286,0.28868906767628966,0.46285714285714286,0.28868906767628966,0.1741680751808532
3,MS4A7,6.205956,1.6935982,5.436534323928076e-10,1.562975004790775e-08,0.26285714285714284,0.08187411263606247,0.26285714285714284,0.08187411263606247,0.18098303022108037
3,VASP,6.1876454,1.0088979,6.106954062176333e-10,1.74835565352369e-08,0.42857142857142855,0.23710364410790347,0.42857142857142855,0.23710364410790347,0.19146778446352508
3,EPSTI1,6.1475663,1.3750386,7.86807588619934e-10,2.2338138108511057e-08,0.32,0.14813061997160434,0.32,0.14813061997160434,0.17186938002839566
3,NAPRT1,6.1322646,1.8229045,8.663678094496012e-10,2.4495069991394934e-08,0.26285714285714284,0.09133932796971131,0.26285714285714284,0.09133932796971131,0.17151781488743154
3,RNF7,6.11405,1.0893205,9.71338804261153e-10,2.7349696311320216e-08,0.3904761904761905,0.21675343114055845,0.3904761904761905,0.21675343114055845,0.17372275933563203
3,GNG5,6.1071353,1.0285348,1.014351982884861e-09,2.8443512686397665e-08,0.4266666666666667,0.26029342167534314,0.4266666666666667,0.26029342167534314,0.16637324499132355
3,COPE,6.095067,0.7981517,1.0939170056152794e-09,3.0611743091561996e-08,0.579047619047619,0.40274491244675814,0.579047619047619,0.40274491244675814,0.1763027066008609
3,GMFG,6.0773964,0.54615605,1.221496091421192e-09,3.411196446717341e-08,0.7866666666666666,0.6781826786559394,0.7866666666666666,0.6781826786559394,0.10848398801072723
3,GLUL,6.039686,1.8476652,1.544141428200818e-09,4.277240434789121e-08,0.25523809523809526,0.0889730241362991,0.25523809523809526,0.0889730241362991,0.16626507110179617
3,GNAS,6.0376053,0.9524906,1.5641787892603087e-09,4.323972782619185e-08,0.4380952380952381,0.26549929010885,0.4380952380952381,0.26549929010885,0.1725959479863881
3,PLSCR1,6.0316834,1.6218144,1.6226052020730697e-09,4.476423563537341e-08,0.2780952380952381,0.1069569332702319,0.2780952380952381,0.1069569332702319,0.17113830482500622
3,UQCRC1,5.9222665,1.2996578,3.1753425357747292e-09,8.637943758673248e-08,0.32,0.15002366303833412,0.32,0.15002366303833412,0.1699763369616659
3,NDUFB11,5.894,0.79544514,3.769569211355461e-09,1.0193512306984194e-07,0.5428571428571428,0.37340274491244674,0.5428571428571428,0.37340274491244674,0.16945439794469608
3,RNF181,5.886125,1.1393533,3.9535491496168404e-09,1.0669894701021258e-07,0.3523809523809524,0.1845716990061524,0.3523809523809524,0.1845716990061524,0.16780925337480002
3,CAPNS1,5.850592,1.6640811,4.8982653942906535e-09,1.3141593757256023e-07,0.26095238095238094,0.09701845716990061,0.26095238095238094,0.09701845716990061,0.16393392378248034
3,VAMP5,5.8121777,1.1679816,6.1665338642328975e-09,1.644730204100868e-07,0.3523809523809524,0.19356365357311878,0.3523809523809524,0.19356365357311878,0.15881729880783363
3,PPP4C,5.8067675,0.9564292,6.3690418654988045e-09,1.692132990569099e-07,0.4247619047619048,0.2588736393752958,0.4247619047619048,0.2588736393752958,0.165888265386609
3,GRB2,5.724433,1.256228,1.037797273533103e-08,2.714973097196945e-07,0.3142857142857143,0.15238996687174633,0.3142857142857143,0.15238996687174633,0.16189574741396795
3,FOS,5.7149577,0.5128026,1.0973143371590862e-08,2.865186345744643e-07,0.9733333333333334,0.9062943681968765,0.9733333333333334,0.9062943681968765,0.06703896513645691
3,KLF6,5.713901,0.63210666,1.1041516842409918e-08,2.8775372900753785e-07,0.7676190476190476,0.620918125887364,0.7676190476190476,0.620918125887364,0.1467009217316837
3,PPT1,5.670525,1.2613257,1.4236059928839583e-08,3.6750025404202903e-07,0.3238095238095238,0.16043539990534786,0.3238095238095238,0.16043539990534786,0.16337412390417597
3,EIF4E2,5.577883,1.3965753,2.434639584464694e-08,6.202880254748109e-07,0.2819047619047619,0.1249408424041647,0.2819047619047619,0.1249408424041647,0.15696391950059718
3,HSD17B11,5.566582,0.9950613,2.5978406190354187e-08,6.569650276582904e-07,0.3923809523809524,0.23852342640795077,0.3923809523809524,0.23852342640795077,0.15385752597300162
3,NDUFB1,5.5541935,1.2617793,2.7889604250600398e-08,7.001110949378659e-07,0.3047619047619048,0.1476573592049219,0.3047619047619048,0.1476573592049219,0.1571045455569829
3,DYNLL1,5.5376754,0.81770617,3.0651234742220756e-08,7.666176953109278e-07,0.4704761904761905,0.3076194983435873,0.4704761904761905,0.3076194983435873,0.16285669213260318
3,CD97,5.524839,1.0598719,3.297882463095037e-08,8.218226809493764e-07,0.3523809523809524,0.19403691433980122,0.3523809523809524,0.19403691433980122,0.15834403804115119
3,CHMP4B,5.520613,1.206649,3.3781860680322906e-08,8.40300709381584e-07,0.30666666666666664,0.14434453383814483,0.30666666666666664,0.14434453383814483,0.16232213282852181
3,SF3B5,5.509857,0.79291457,3.591248474105436e-08,8.916743484069788e-07,0.5142857142857142,0.36346426881211547,0.5142857142857142,0.36346426881211547,0.15082144547359877
3,MYADM,5.498909,1.2560788,3.821479173487992e-08,9.471165080426864e-07,0.31238095238095237,0.15996213913866542,0.31238095238095237,0.15996213913866542,0.15241881324228695
3,COX5A,5.4721794,0.8281632,4.4453491977739265e-08,1.099740736318854e-06,0.4857142857142857,0.3227638428774255,0.4857142857142857,0.3227638428774255,0.16295044283686022
3,TNFRSF1B,5.463088,1.487162,4.679229049080519e-08,1.1555072675270084e-06,0.26476190476190475,0.1126360624704212,0.26476190476190475,0.1126360624704212,0.15212584229148357
3,DOK2,5.441992,1.0077666,5.26880434077749e-08,1.2947770005779554e-06,0.3638095238095238,0.21107430194036914,0.3638095238095238,0.21107430194036914,0.15273522186915467
3,UQCR10,5.441896,0.80290794,5.271646253085407e-08,1.2947770005779554e-06,0.47619047619047616,0.3175579744439186,0.47619047619047616,0.3175579744439186,0.15863250174655757
3,RGS19,5.3782244,0.89985895,7.522407251549657e-08,1.834392739770752e-06,0.3980952380952381,0.23852342640795077,0.3980952380952381,0.23852342640795077,0.15957181168728735
3,SH3BGRL,5.3310065,0.68392235,9.766980504831774e-08,2.3690565856835296e-06,0.5619047619047619,0.41362991008045435,0.5619047619047619,0.41362991008045435,0.14827485182430755
3,PARVG,5.3119597,1.3476784,1.0845262945474487e-07,2.612044281894173e-06,0.2742857142857143,0.12257453857075248,0.2742857142857143,0.12257453857075248,0.15171117571496182
3,UBL5,5.306902,0.68982506,1.1150423752865962e-07,2.6808131473439714e-06,0.5657142857142857,0.41599621391386654,0.5657142857142857,0.41599621391386654,0.14971807180041918
3,LSP1,5.19534,0.58725053,2.0434573536394132e-07,4.844696809253442e-06,0.6457142857142857,0.5215333648840511,0.6457142857142857,0.5215333648840511,0.12418092083023458
3,NAAA,5.191179,1.1960921,2.0896692865395488e-07,4.945671365161885e-06,0.29714285714285715,0.1519167061050639,0.29714285714285715,0.1519167061050639,0.14522615103779327
3,STX10,5.1390634,1.3954295,2.761113373737491e-07,6.512221801685522e-06,0.26285714285714284,0.11784193090392807,0.26285714285714284,0.11784193090392807,0.14501521195321476
3,IFI27L2,5.1368546,1.2277992,2.793750733933325e-07,6.577837934929911e-06,0.2838095238095238,0.13393279697113109,0.2838095238095238,0.13393279697113109,0.1498767268383927
3,AHNAK,5.1295238,0.88820827,2.9047607324972076e-07,6.815706625941902e-06,0.3923809523809524,0.2456223379081874,0.3923809523809524,0.2456223379081874,0.14675861447276498
3,ATP5J2,5.1125894,0.7942967,3.177723720652457e-07,7.417947885338454e-06,0.4438095238095238,0.2953147184098438,0.4438095238095238,0.2953147184098438,0.14849480539968002
3,CSNK2B,5.095367,0.7401971,3.4806616392163953e-07,8.111248352412814e-06,0.45904761904761904,0.31329862754377663,0.45904761904761904,0.31329862754377663,0.1457489915038424
3,ATP5I,5.0718064,0.881897,3.940573423768867e-07,9.151780727038716e-06,0.3961904761904762,0.2626597255087553,0.3961904761904762,0.2626597255087553,0.13353075068172088
3,CHMP1B,5.070622,0.907736,3.965178925548426e-07,9.193290901067794e-06,0.37523809523809526,0.23284429720776148,0.37523809523809526,0.23284429720776148,0.14239379803033378
3,CALM2,5.0327516,0.5615745,4.834889513836634e-07,1.1115362155042606e-05,0.6247619047619047,0.5201135825840038,0.6247619047619047,0.5201135825840038,0.10464832217790099
3,PHPT1,5.0276937,1.1972897,4.964134134034592e-07,1.1374197270868523e-05,0.28,0.1353525792711784,0.28,0.1353525792711784,0.1446474207288216
3,IER2,5.027278,0.51928663,4.974915287372344e-07,1.1379806225185382e-05,0.7276190476190476,0.6133459536204449,0.7276190476190476,0.6133459536204449,0.11427309399860275
3,ANAPC11,5.0157533,0.91469467,5.282603022616749e-07,1.2063415865694702e-05,0.3657142857142857,0.21769995267392334,0.3657142857142857,0.21769995267392334,0.14801433304036238
3,LRRFIP1,4.9991074,0.73096037,5.759635315125247e-07,1.3065378714842255e-05,0.46285714285714286,0.3312825366777094,0.46285714285714286,0.3312825366777094,0.13157460617943345
3,CYC1,4.9783955,1.0266224,6.411351867640975e-07,1.4495599520613435e-05,0.3142857142857143,0.16422148603880737,0.3142857142857143,0.16422148603880737,0.1500642282469069
3,NDUFB10,4.9546747,0.78199875,7.245137683425504e-07,1.632666670047173e-05,0.4438095238095238,0.30430667297681024,0.4438095238095238,0.30430667297681024,0.13950285083271358
3,ARPC5,4.928297,0.5503955,8.294948300794152e-07,1.855460383356124e-05,0.6228571428571429,0.5040227165168008,0.6228571428571429,0.5040227165168008,0.11883442634034214
3,SDHB,4.926312,1.0091733,8.379607175453981e-07,1.8698025422875745e-05,0.3314285714285714,0.1878845243729295,0.3314285714285714,0.1878845243729295,0.14354404705564192
3,ARL6IP4,4.888506,0.5851069,1.0160402796887437e-06,2.2597794885064306e-05,0.6076190476190476,0.4751538097491718,0.6076190476190476,0.4751538097491718,0.1324652378698758
3,PSME2,4.8652334,0.52982587,1.1432176598205163e-06,2.538500871952678e-05,0.6285714285714286,0.5352579271178419,0.6285714285714286,0.5352579271178419,0.09331350145358663
3,FIBP,4.812766,1.1623871,1.488555665950736e-06,3.2576468227921877e-05,0.2838095238095238,0.14481779460482727,0.2838095238095238,0.14481779460482727,0.13899172920469652
3,OAS1,4.782963,0.99406326,1.7273002524807626e-06,3.7680530747407813e-05,0.30857142857142855,0.1665877898722196,0.30857142857142855,0.1665877898722196,0.14198363869920896
3,TGFB1,4.751207,1.0396497,2.022059212666673e-06,4.355400726841654e-05,0.30666666666666664,0.17368670137245623,0.30666666666666664,0.17368670137245623,0.1329799652942104
3,SNF8,4.7468534,1.0576515,2.0660552461315193e-06,4.443157549790871e-05,0.30095238095238097,0.16374822527212493,0.30095238095238097,0.16374822527212493,0.13720415568025604
3,CLTB,4.7309117,1.0436499,2.2351392155805713e-06,4.799223447793755e-05,0.3028571428571429,0.16374822527212493,0.3028571428571429,0.16374822527212493,0.13910891758501795
3,OXA1L,4.7178507,0.9382736,2.3834933373193733e-06,5.1097307714966025e-05,0.3180952380952381,0.175579744439186,0.3180952380952381,0.175579744439186,0.1425154936560521
3,LSMD1,4.7168584,1.1252439,2.3951437687891223e-06,5.126658825483425e-05,0.2838095238095238,0.14955040227165167,0.2838095238095238,0.14955040227165167,0.13425912153787212
3,C14orf2,4.7034774,1.158803,2.5576751143247086e-06,5.4659798687352453e-05,0.2742857142857143,0.14245149077141506,0.2742857142857143,0.14245149077141506,0.13183422351429924
3,AKR1A1,4.614132,1.1793752,3.947413185086166e-06,8.357499915587082e-05,0.25523809523809526,0.12210127780407004,0.25523809523809526,0.12210127780407004,0.13313681743402522
3,MYO1F,4.595181,0.84133494,4.323736884217683e-06,9.09783526823986e-05,0.3504761904761905,0.20918125887363936,0.3504761904761905,0.20918125887363936,0.14129493160255113
3,MT-ND3,4.559488,0.9457852,5.127854206042004e-06,0.00010707335938487708,0.31238095238095237,0.17983909133932796,0.31238095238095237,0.17983909133932796,0.1325418610416244
3,IFI35,4.5041714,1.0738652,6.6632475178498285e-06,0.00013703811461409225,0.2819047619047619,0.15664931377188832,0.2819047619047619,0.15664931377188832,0.12525544813287356
3,SPINT2,4.4969687,1.0690098,6.89291885273356e-06,0.00014112398778550148,0.26285714285714284,0.12920018930430668,0.26285714285714284,0.12920018930430668,0.13365695355283616
3,SSR3,4.4895096,0.9709617,7.138728094670864e-06,0.00014593783062997803,0.2895238095238095,0.1542830099384761,0.2895238095238095,0.1542830099384761,0.13524079958533342
3,COX17,4.4753923,0.9896169,7.627106830111309e-06,0.00015453378467655793,0.29333333333333333,0.16753431140558447,0.29333333333333333,0.16753431140558447,0.12579902192774886
3,ZFAND5,4.4206843,1.0461209,9.838889792349076e-06,0.00019758805735929261,0.2761904761904762,0.15002366303833412,0.2761904761904762,0.15002366303833412,0.1261668131521421
3,MRPL54,4.416843,0.86638176,1.0015304903768549e-05,0.00020048472985786201,0.32761904761904764,0.20066256507335542,0.32761904761904764,0.20066256507335542,0.12695648254569222
3,BAG1,4.3430552,0.9859547,1.4051476028186182e-05,0.00027530409848050287,0.28,0.1519167061050639,0.28,0.1519167061050639,0.12808329389493614
3,IDH3G,4.3221197,0.97791976,1.5453745108916488e-05,0.00030062157152046094,0.29904761904761906,0.17510648367250356,0.29904761904761906,0.17510648367250356,0.1239411353751155
3,C19orf53,4.314469,0.57749575,1.59987237391597e-05,0.00030989868281129765,0.52,0.3894936109796498,0.52,0.3894936109796498,0.13050638902035022
3,ANXA1,4.293245,0.5466328,1.7608071776287203e-05,0.00034010725343278363,0.7085714285714285,0.5646000946521533,0.7085714285714285,0.5646000946521533,0.1439713339192752
3,NDUFA2,4.278231,0.78232527,1.8838432610032136e-05,0.00036233469820084346,0.35619047619047617,0.23331755797444392,0.35619047619047617,0.23331755797444392,0.12287291821603225
3,HLA-DQB1,4.274326,0.6086303,1.9171660028351255e-05,0.00036770813110556847,0.3580952380952381,0.21154756270705158,0.3580952380952381,0.21154756270705158,0.1465476753881865
3,FLNA,4.259664,0.8577026,2.047341940808027e-05,0.0003904818651351175,0.3142857142857143,0.18741126360624705,0.3142857142857143,0.18741126360624705,0.12687445067946723
3,ATP5EP2,4.248076,0.7313374,2.1561430082176747e-05,0.00040894845722528564,0.38476190476190475,0.256980596308566,0.38476190476190475,0.256980596308566,0.12778130845333874
3,NEDD8,4.2093096,0.5360345,2.5615226903951284e-05,0.0004798375015094084,0.5942857142857143,0.4789398958826313,0.5942857142857143,0.4789398958826313,0.115345818403083
3,ATP5G3,4.197209,0.5420051,2.70224497006854e-05,0.0005034359796897132,0.518095238095238,0.4107903454803597,0.518095238095238,0.4107903454803597,0.10730489261487836
3,SMS,4.197209,0.9904845,2.70224497006854e-05,0.0005034359796897132,0.26666666666666666,0.14339801230477994,0.26666666666666666,0.14339801230477994,0.12326865436188672
3,SRSF9,4.1773934,0.68392086,2.948684384206568e-05,0.0005463668107289673,0.4076190476190476,0.28206341694273546,0.4076190476190476,0.28206341694273546,0.12555563067631215
3,CAST,4.153897,0.9876255,3.2686045653847387e-05,0.0006027977535009409,0.26285714285714284,0.1396119261713204,0.26285714285714284,0.1396119261713204,0.12324521668582245
3,TMEM179B,4.084431,0.9751537,4.4184936016787376e-05,0.00080131405875863,0.259047619047619,0.13724562233790819,0.259047619047619,0.13724562233790819,0.12180199670971084
3,HN1,4.081486,0.7356637,4.474867470929752e-05,0.0008093879494439298,0.34476190476190477,0.22006625650733555,0.34476190476190477,0.22006625650733555,0.12469564825456922
3,PRDX6,4.065032,0.66388386,4.802589800504053e-05,0.0008640865127231008,0.38476190476190475,0.26218646474207286,0.38476190476190475,0.26218646474207286,0.1225754400198319
3,METTL9,4.0480657,0.7711619,5.164268172310242e-05,0.000923079138233883,0.33904761904761904,0.23047799337434927,0.33904761904761904,0.23047799337434927,0.10856962567326978
3,CKLF,4.0075064,0.8181119,6.13631785826899e-05,0.0010826557709628078,0.30857142857142855,0.19309039280643633,0.30857142857142855,0.19309039280643633,0.11548103576499222
3,PSMB7,3.9531822,0.67799294,7.711864442371598e-05,0.0013449964345469546,0.4114285714285714,0.2915286322763843,0.4114285714285714,0.2915286322763843,0.11989993915218711
3,PCBP1,3.8908231,0.51742655,9.990475732985204e-05,0.001724777959666826,0.5542857142857143,0.43634642688121156,0.5542857142857143,0.43634642688121156,0.11793928740450271
3,SHKBP1,3.8733766,0.92107344,0.0001073377696375366,0.0018368478473310774,0.2571428571428571,0.14339801230477994,0.2571428571428571,0.14339801230477994,0.11374484483807717
3,RTN4,3.8601878,0.71041876,0.00011329996608876462,0.001931615901258639,0.33904761904761904,0.21864647420728822,0.33904761904761904,0.21864647420728822,0.12040114484033082
3,PSMB4,3.8574026,0.87162155,0.00011459829640193028,0.0019488846023222415,0.26857142857142857,0.1585423568386181,0.26857142857142857,0.1585423568386181,0.11002907173281049
3,ATP5B,3.8177078,0.52964807,0.00013469727390987365,0.002268096143666134,0.49142857142857144,0.38570752484619025,0.49142857142857144,0.38570752484619025,0.10572104658238118
3,WASF2,3.7843194,0.78693736,0.00015412973696503937,0.002566824009749485,0.2857142857142857,0.17368670137245623,0.2857142857142857,0.17368670137245623,0.11202758434182947
3,FIS1,3.7692099,0.59353006,0.0001637651583992916,0.0027107600037584558,0.4228571428571429,0.3095125414103171,0.4228571428571429,0.3095125414103171,0.11334460144682579
3,PGAM1,3.7522755,0.7314,0.00017523669825004394,0.0028901356899789857,0.3238095238095238,0.21533364884051112,0.3238095238095238,0.21533364884051112,0.1084758749690127
3,ENY2,3.713509,0.8074942,0.00020440508261438203,0.0033389423542846903,0.2857142857142857,0.17415996213913867,0.2857142857142857,0.17415996213913867,0.11155432357514702
3,ATP5H,3.6912608,0.5719871,0.00022314513582836373,0.003619085480845766,0.4419047619047619,0.3364884051112163,0.4419047619047619,0.3364884051112163,0.10541635679354561
3,BAX,3.6876435,0.56745744,0.00022634044072127312,0.0036665540432855347,0.40190476190476193,0.28300993847610034,0.40190476190476193,0.28300993847610034,0.11889482342866159
3,EIF6,3.6544151,0.6948823,0.0002577688831599006,0.004126719658184763,0.3161904761904762,0.20302886890676763,0.3161904761904762,0.20302886890676763,0.11316160728370855
3,ZNF706,3.6491013,0.5981818,0.0002631594469603609,0.004203164219521273,0.4,0.2915286322763843,0.4,0.2915286322763843,0.10847136772361571
3,XAF1,3.627045,0.74552,0.00028668337086437456,0.004559824551218955,0.29714285714285715,0.1902508282063417,0.29714285714285715,0.1902508282063417,0.10689202893651545
3,ALKBH7,3.6233635,0.7074958,0.0002907965755057741,0.004617579110589362,0.3238095238095238,0.21533364884051112,0.3238095238095238,0.21533364884051112,0.1084758749690127
3,MIR142,3.5949051,0.8266302,0.00032450993854109055,0.005115713346440908,0.25333333333333335,0.14623757690487457,0.25333333333333335,0.14623757690487457,0.10709575642845878
3,C1orf43,3.5936246,0.71212596,0.0003261096561731005,0.005130591549193387,0.31238095238095237,0.20634169427354473,0.31238095238095237,0.20634169427354473,0.10603925810740764
3,NDUFB7,3.5748975,0.609375,0.00035036502043753854,0.005480623962308163,0.37142857142857144,0.2659725508755324,0.37142857142857144,0.2659725508755324,0.10545602055303904
3,SQSTM1,3.5615807,0.7317063,0.00036862886377367533,0.005733480368671197,0.29333333333333333,0.18599148130619972,0.29333333333333333,0.18599148130619972,0.10734185202713362
3,ATF4,3.5267518,0.6752897,0.0004206911257250377,0.006462269980766158,0.3219047619047619,0.2195929957406531,0.3219047619047619,0.2195929957406531,0.10231176616410881
3,RBX1,3.5106497,0.60107285,0.00044701305526051764,0.006828199421294887,0.38285714285714284,0.2702318977756744,0.38285714285714284,0.2702318977756744,0.11262524508146843
3,OSTF1,3.5072885,0.55982155,0.0004526981641203116,0.006907314110868129,0.3961904761904762,0.28963558920965454,0.3961904761904762,0.28963558920965454,0.10655488698082166
3,UQCRQ,3.484336,0.5846173,0.0004933598920634652,0.00742813967587506,0.379047619047619,0.2721249408424042,0.379047619047619,0.2721249408424042,0.10692267820521484
3,SCAND1,3.4821272,0.5898475,0.0004974475595128072,0.007481435983157373,0.38285714285714284,0.28111689540937057,0.38285714285714284,0.28111689540937057,0.10174024744777227
3,MSN,3.4670815,0.58874434,0.0005261423679533526,0.007861050521631273,0.37142857142857144,0.2645527685754851,0.37142857142857144,0.2645527685754851,0.10687580285308634
3,RAB5C,3.447298,0.5769395,0.0005662233884679015,0.0084047245575192,0.3676190476190476,0.26076668244202555,0.3676190476190476,0.26076668244202555,0.10685236517702207
3,AURKAIP1,3.40962,0.60356885,0.0006505342489137905,0.009562643383387217,0.3676190476190476,0.26833885470894464,0.3676190476190476,0.26833885470894464,0.09928019291010298
3,MRPL20,3.3465886,0.6155023,0.0008181250942595818,0.011785143762878533,0.3352380952380952,0.2342640795078088,0.3352380952380952,0.2342640795078088,0.10097401573028641
3,NMI,3.306926,0.7750251,0.0009432583379567201,0.013488100380248136,0.25333333333333335,0.15570279223852343,0.25333333333333335,0.15570279223852343,0.09763054109480993
3,POLR2J,3.2868545,0.5787847,0.0010131318259949606,0.014396803554409136,0.3333333333333333,0.2352106010411737,0.3333333333333333,0.2352106010411737,0.09812273229215962
3,HADHA,3.2027593,0.6880654,0.00136117756229188,0.018820283442709636,0.2838095238095238,0.1902508282063417,0.2838095238095238,0.1902508282063417,0.09355869560318208
3,PSMB2,3.1729882,0.61326206,0.0015087870643278882,0.020624620771232876,0.29523809523809524,0.1982962612399432,0.29523809523809524,0.1982962612399432,0.09694183399815204
3,NDUFS8,3.1256425,0.5846808,0.0017741709226772925,0.023988196158496147,0.3180952380952381,0.22006625650733555,0.3180952380952381,0.22006625650733555,0.09802898158790255
3,ERGIC3,3.1149504,0.52834755,0.0018397576928604247,0.02480131397206511,0.33904761904761904,0.23473734027449125,0.33904761904761904,0.23473734027449125,0.10431027877312779
3,RER1,3.0927343,0.5970387,0.0019832164036958115,0.02638217166961156,0.3028571428571429,0.20776147657359204,0.3028571428571429,0.20776147657359204,0.09509566628355084
3,YWHAH,2.9889836,0.6053936,0.002799070924258747,0.03612865079553634,0.2723809523809524,0.17889256980596308,0.2723809523809524,0.17889256980596308,0.09348838257498931
3,ABI3,2.9773953,0.6338294,0.002907088625630558,0.03741677876683403,0.25142857142857145,0.1585423568386181,0.25142857142857145,0.1585423568386181,0.09288621458995336
3,CHMP2A,2.9288013,0.5387043,0.003402718830794341,0.04334657495646224,0.3333333333333333,0.24704212020823474,0.3333333333333333,0.24704212020823474,0.08629121312509858
3,LSM10,2.9181733,0.5469771,0.003520885727553445,0.044726712088809156,0.2895238095238095,0.1926171320397539,0.2895238095238095,0.1926171320397539,0.09690667748405563
4,LST1,19.71878,5.2119207,1.4877462847125548e-86,2.031666326403465e-82,1.0,0.3179260450160772,1.0,0.3179260450160772,0.6820739549839228
4,FCER1G,19.363127,4.83067,1.5799597300018166e-83,1.0787965036452404e-79,1.0,0.3195337620578778,1.0,0.3195337620578778,0.6804662379421222
4,AIF1,19.037996,4.8680215,8.262944986996075e-81,3.761292558080614e-77,1.0,0.33681672025723475,1.0,0.33681672025723475,0.6631832797427653
4,FCGR3A,18.973753,5.6769085,2.8110115762716617e-80,9.596793521391453e-77,0.9733333333333334,0.13866559485530547,0.9733333333333334,0.13866559485530547,0.8346677384780279
4,COTL1,18.71783,3.616008,3.5428344946611936e-78,9.676189571818652e-75,1.0,0.6073151125401929,1.0,0.6073151125401929,0.3926848874598071
4,IFITM2,18.642607,3.0374663,1.450020871399556e-77,3.3002475033053898e-74,1.0,0.6917202572347267,1.0,0.6917202572347267,0.30827974276527326
4,FTH1,18.087492,2.9406767,3.998724630129482e-73,7.800940507006886e-70,1.0,0.9891479099678456,1.0,0.9891479099678456,0.010852090032154371
4,IFITM3,18.029377,4.7410736,1.1457733621644908e-72,1.9558351292147857e-69,0.9866666666666667,0.18006430868167203,0.9866666666666667,0.18006430868167203,0.8066023579849947
4,SAT1,17.878428,3.6238532,1.73664842451463e-71,2.635074542796865e-68,1.0,0.5663183279742765,1.0,0.5663183279742765,0.4336816720257235
4,SERPINA1,17.162764,4.1930857,5.045490551506415e-66,6.89012189713716e-63,0.9533333333333334,0.20418006430868169,0.9533333333333334,0.20418006430868169,0.7491532690246516
4,PSAP,17.031076,3.3484023,4.830694674520389e-65,5.997087861386402e-62,1.0,0.47990353697749194,1.0,0.47990353697749194,0.520096463022508
4,CTSS,16.986427,3.48857,1.0350485035654446e-64,1.177885197057476e-61,1.0,0.49397106109324757,1.0,0.49397106109324757,0.5060289389067525
4,FTL,16.97815,3.1261833,1.1918699640297574e-64,1.1879992819295367e-61,1.0,0.9891479099678456,1.0,0.9891479099678456,0.010852090032154371
4,S100A11,16.97688,3.3514657,1.2179254501327997e-64,1.1879992819295367e-61,0.9933333333333333,0.4983922829581994,0.9933333333333333,0.4983922829581994,0.4949410503751339
4,OAZ1,16.557756,2.0060885,1.4074400519781648e-61,1.2813334233209211e-58,1.0,0.9067524115755627,1.0,0.9067524115755627,0.09324758842443726
4,CD68,16.307907,3.9751165,8.671452385157686e-60,7.401084610732085e-57,0.94,0.17926045016077172,0.94,0.17926045016077172,0.7607395498392282
4,RP11-290F20.3,16.239525,5.005288,2.6497101937026598e-59,2.1284966120707957e-56,0.8466666666666667,0.07154340836012862,0.8466666666666667,0.07154340836012862,0.775123258306538
4,CEBPB,16.156296,3.582934,1.0254082524061914e-58,7.369986892031026e-56,0.9333333333333333,0.28737942122186494,0.9333333333333333,0.28737942122186494,0.6459539121114684
4,CFD,16.14432,4.063601,1.2451436951605556e-58,8.501841150556274e-56,0.9466666666666667,0.18689710610932475,0.9466666666666667,0.18689710610932475,0.7597695605573419
4,MS4A7,16.055407,5.1961856,5.239468885399616e-58,3.407151766619865e-55,0.8266666666666667,0.07516077170418006,0.8266666666666667,0.07516077170418006,0.7515058949624867
4,TIMP1,16.029963,3.673895,7.892955055400176e-58,4.899372465297491e-55,0.9266666666666666,0.2930064308681672,0.9266666666666666,0.2930064308681672,0.6336602357984995
4,RHOC,15.996076,4.2282987,1.360871690591368e-57,8.080027742050314e-55,0.8733333333333333,0.1467041800643087,0.8733333333333333,0.1467041800643087,0.7266291532690246
4,S100A4,15.9453,2.5779388,3.071625619765659e-57,1.6778447785407935e-54,1.0,0.8014469453376206,1.0,0.8014469453376206,0.19855305466237938
4,SPI1,15.730717,3.9288464,9.31513329328739e-56,4.892594625120485e-53,0.8933333333333333,0.17282958199356913,0.8933333333333333,0.17282958199356913,0.7205037513397642
4,STXBP2,15.45465,3.6521633,7.019212647804017e-54,3.4233702828004165e-51,0.9066666666666666,0.20458199356913184,0.9066666666666666,0.20458199356913184,0.7020846730975348
4,CST3,15.272795,4.432498,1.1608946592695559e-52,5.466612919650019e-50,1.0,0.3617363344051447,1.0,0.3617363344051447,0.6382636655948553
4,ACTB,15.090609,1.2283194,1.867129041437507e-51,7.967973184334561e-49,0.9933333333333333,0.9927652733118971,0.9933333333333333,0.9927652733118971,0.0005680600214361675
4,TYMP,14.932651,3.3497534,2.020701342575252e-50,8.362029555820497e-48,0.98,0.31069131832797425,0.98,0.31069131832797425,0.6693086816720257
4,ARPC3,14.912451,1.8333958,2.7352472269141615e-50,1.098604003845288e-47,1.0,0.8062700964630225,1.0,0.8062700964630225,0.1937299035369775
4,TYROBP,14.837888,4.141937,8.333909841007512e-50,3.251653508251388e-47,1.0,0.36133440514469456,1.0,0.36133440514469456,0.6386655948553055
4,TMSB4X,14.829995,0.7538253,9.373950699124484e-50,3.5558519652012207e-47,1.0,1.0,1.0,1.0,0.0
4,NPC2,14.807422,2.9886959,1.3117539990865695e-49,4.841435840953025e-47,0.9666666666666667,0.385048231511254,0.9666666666666667,0.385048231511254,0.5816184351554127
4,LGALS1,14.614087,3.4796188,2.2839494736500302e-48,8.207793161096004e-46,1.0,0.4453376205787781,1.0,0.4453376205787781,0.5546623794212219
4,S100A6,14.297345,2.3132904,2.2731869301611052e-46,7.959651466225654e-44,1.0,0.7696945337620579,1.0,0.7696945337620579,0.23030546623794212
4,YBX1,14.255234,1.6677818,4.159071285566477e-46,1.4199069368923952e-43,0.9933333333333333,0.8070739549839229,0.9933333333333333,0.8070739549839229,0.18625937834941042
4,HCK,14.240719,3.9936912,5.119794694951539e-46,1.7052662525428834e-43,0.7866666666666666,0.11173633440514469,0.7866666666666666,0.11173633440514469,0.6749303322615219
4,IFI30,14.025307,3.8066745,1.0913867900091322e-44,3.5485661915154073e-42,0.8,0.12741157556270097,0.8,0.12741157556270097,0.672588424437299
4,NEAT1,13.56319,2.2027247,6.619272563752486e-42,1.9232507687362543e-39,0.98,0.6193729903536977,0.98,0.6193729903536977,0.36062700964630223
4,MYL6,13.325482,1.5495714,1.645659701446376e-40,4.4946257765903423e-38,1.0,0.8436495176848875,1.0,0.8436495176848875,0.1563504823151125
4,LY6E,13.2438545,2.0357256,4.896971105163506e-40,1.2617554228700533e-37,0.96,0.6507234726688103,0.96,0.6507234726688103,0.3092765273311897
4,BID,13.15897,3.2928612,1.5113151577289367e-39,3.821948109990067e-37,0.7866666666666666,0.17162379421221866,0.7866666666666666,0.17162379421221866,0.615042872454448
4,PFN1,13.136562,1.2193155,2.0325187689492086e-39,5.046559328867344e-37,0.9933333333333333,0.942524115755627,0.9933333333333333,0.942524115755627,0.05080921757770629
4,PILRA,13.073092,4.071802,4.6918482922213515e-39,1.1441407192602638e-36,0.7133333333333334,0.0819935691318328,0.7133333333333334,0.0819935691318328,0.6313397642015006
4,ARPC2,12.733611,1.5889586,3.846282163613282e-37,8.337274480365554e-35,1.0,0.7901929260450161,1.0,0.7901929260450161,0.20980707395498388
4,FKBP1A,12.731569,2.294386,3.9482260828128465e-37,8.424527404201911e-35,0.9133333333333333,0.43890675241157556,0.9133333333333333,0.43890675241157556,0.47442658092175777
4,TKT,12.602256,2.6532042,2.0518954111927923e-36,4.182191602275936e-34,0.88,0.3195337620578778,0.88,0.3195337620578778,0.5604662379421221
4,BRI3,12.589893,3.0852118,2.3999710087594866e-36,4.819706484649934e-34,0.7866666666666666,0.170016077170418,0.7866666666666666,0.170016077170418,0.6166505894962486
4,LRRC25,12.498166,4.192636,7.639374158508346e-36,1.4489346320637495e-33,0.6733333333333333,0.06872990353697749,0.6733333333333333,0.06872990353697749,0.6046034297963558
4,CFP,12.444243,3.0819647,1.5030113727967314e-35,2.773665311744887e-33,0.7933333333333333,0.17282958199356913,0.7933333333333333,0.17282958199356913,0.6205037513397642
4,HLA-DPA1,12.375365,2.7421649,3.552749847171711e-35,6.300824923763233e-33,0.9733333333333334,0.4646302250803859,0.9733333333333334,0.4646302250803859,0.5087031082529475
4,LILRA5,12.246052,3.7839904,1.7637499797074806e-34,3.0488316104918174e-32,0.6866666666666666,0.08561093247588425,0.6866666666666666,0.08561093247588425,0.6010557341907824
4,ARPC1B,12.240754,1.6721284,1.8827609941797976e-34,3.189341257400892e-32,0.9933333333333333,0.7331189710610932,0.9933333333333333,0.7331189710610932,0.26021436227224004
4,FGR,12.240367,2.9728107,1.8917445946797907e-34,3.189341257400892e-32,0.7866666666666666,0.18167202572347266,0.7866666666666666,0.18167202572347266,0.604994640943194
4,ABI3,12.234793,3.2729647,2.026206269096735e-34,3.3743747330225623e-32,0.74,0.14308681672025725,0.74,0.14308681672025725,0.5969131832797427
4,PYCARD,12.208467,2.5374107,2.8011797492336585e-34,4.6087844163294986e-32,0.9,0.3396302250803859,0.9,0.3396302250803859,0.5603697749196141
4,PRELID1,12.160616,2.289427,5.03773565337282e-34,8.093566833230497e-32,0.94,0.4417202572347267,0.94,0.4417202572347267,0.49827974276527326
4,FAM26F,12.089695,2.9567938,1.1972995856384202e-33,1.8579912660770755e-31,0.7733333333333333,0.19654340836012862,0.7733333333333333,0.19654340836012862,0.5767899249732047
4,HES4,12.073966,5.6383133,1.4497549060956624e-33,2.224477864903637e-31,0.6066666666666667,0.02130225080385852,0.6066666666666667,0.02130225080385852,0.5853644158628082
4,LYN,12.011158,3.3095524,3.10466293514376e-33,4.6083996785133895e-31,0.7133333333333334,0.12258842443729903,0.7133333333333334,0.12258842443729903,0.5907449088960344
4,SRGN,12.005805,2.1269116,3.3122674742679697e-33,4.863690820279934e-31,0.9666666666666667,0.5767684887459807,0.9666666666666667,0.5767684887459807,0.38989817792068593
4,ANXA2,12.003818,2.3412142,3.3927759533918124e-33,4.928909406331765e-31,0.9133333333333333,0.4087620578778135,0.9133333333333333,0.4087620578778135,0.5045712754555198
4,CYBA,11.851876,1.6086273,2.10425909584691e-32,2.9624497126685985e-30,1.0,0.8380225080385852,1.0,0.8380225080385852,0.16197749196141475
4,WARS,11.711691,3.5185406,1.110432312595463e-31,1.547353434775882e-29,0.6733333333333333,0.10369774919614148,0.6733333333333333,0.10369774919614148,0.5696355841371918
4,RHOG,11.672395,2.2532034,1.763878797811297e-31,2.408752886291107e-29,0.8933333333333333,0.3605305466237942,0.8933333333333333,0.3605305466237942,0.5328027867095391
4,C10orf54,11.633485,2.332466,2.784924132603597e-31,3.7285219563563454e-29,0.8533333333333334,0.34364951768488744,0.8533333333333334,0.34364951768488744,0.509683815648446
4,DRAP1,11.630559,2.1343753,2.8820266871610505e-31,3.8210637320263403e-29,0.9066666666666666,0.44011254019292606,0.9066666666666666,0.44011254019292606,0.46655412647374056
4,VASP,11.582599,2.5728734,5.0492113919910445e-31,6.630002958560548e-29,0.8,0.24356913183279744,0.8,0.24356913183279744,0.5564308681672026
4,CSTB,11.532485,2.4037251,9.049377404827792e-31,1.1769361699078887e-28,0.8466666666666667,0.3420418006430868,0.8466666666666667,0.3420418006430868,0.5046248660235799
4,ANXA5,11.367131,2.4706297,6.095798305849035e-30,7.853228458931549e-28,0.8,0.27813504823151125,0.8,0.27813504823151125,0.5218649517684888
4,CARD16,11.294555,2.5053024,1.3960913463612097e-29,1.7652799468433963e-27,0.7933333333333333,0.25602893890675243,0.7933333333333333,0.25602893890675243,0.537304394426581
4,GABARAP,11.261992,2.0950775,2.0213638248813997e-29,2.509431308416399e-27,0.94,0.46262057877813506,0.94,0.46262057877813506,0.4773794212218649
4,CASP1,11.206691,2.5840824,3.7806546460671853e-29,4.568904411211813e-27,0.76,0.24236334405144694,0.76,0.24236334405144694,0.517636655948553
4,CALM2,11.078868,1.9082351,1.5886874737259433e-28,1.8542834308719214e-26,0.9,0.5192926045016077,0.9,0.5192926045016077,0.3807073954983923
4,MT-CO1,11.076385,0.69766736,1.6333634052423188e-28,1.8902720899990766e-26,1.0,0.9943729903536977,1.0,0.9943729903536977,0.00562700964630225
4,LILRB2,11.028865,3.813437,2.773444210742634e-28,3.1561795118251174e-26,0.6066666666666667,0.06953376205787781,0.6066666666666667,0.06953376205787781,0.5371329046087889
4,RGS2,10.999227,2.5286584,3.854221790583943e-28,4.3498556010094486e-26,0.7866666666666666,0.24678456591639872,0.7866666666666666,0.24678456591639872,0.5398821007502679
4,ASAH1,10.902201,2.7074015,1.125028566251453e-27,1.2389830726395032e-25,0.7066666666666667,0.21864951768488747,0.7066666666666667,0.21864951768488747,0.48801714898177917
4,RPS19,10.8772545,0.6561293,1.4795264424565393e-27,1.6163530478549202e-25,1.0,0.9931672025723473,1.0,0.9931672025723473,0.006832797427652748
4,CDKN1C,10.7473345,6.1994596,6.099921755882398e-27,6.559096968372443e-25,0.5333333333333333,0.01045016077170418,0.5333333333333333,0.01045016077170418,0.5228831725616292
4,HLA-DRB1,10.7289,2.5055585,7.447728918692896e-27,7.945795790130484e-25,0.96,0.4296623794212219,0.96,0.4296623794212219,0.5303376205787781
4,RNASET2,10.716372,1.9143393,8.528347729676793e-27,9.02814857336948e-25,0.9066666666666666,0.47508038585209006,0.9066666666666666,0.47508038585209006,0.43158628081457656
4,EMP3,10.704726,1.5636882,9.671591152854748e-27,1.0159634521798802e-24,0.9866666666666667,0.7190514469453376,0.9866666666666667,0.7190514469453376,0.26761521972132907
4,LYZ,10.660739,2.0841284,1.5535800448918132e-26,1.6195182513772978e-24,0.9866666666666667,0.5815916398713826,0.9866666666666667,0.5815916398713826,0.40507502679528407
4,ISG15,10.621995,2.131405,2.354746312421976e-26,2.4360920941238264e-24,0.88,0.4220257234726688,0.88,0.4220257234726688,0.4579742765273312
4,HMOX1,10.599256,4.560485,3.0036022244355776e-26,3.0839993967588155e-24,0.5533333333333333,0.04019292604501608,0.5533333333333333,0.04019292604501608,0.5131404072883172
4,HSBP1,10.596772,3.0044897,3.0844209615468233e-26,3.143347212752494e-24,0.6466666666666666,0.13303858520900322,0.6466666666666666,0.13303858520900322,0.5136280814576634
4,TPI1,10.580105,1.8876368,3.6854648528337393e-26,3.6736283233793825e-24,0.9133333333333333,0.48392282958199356,0.9133333333333333,0.48392282958199356,0.42941050375133977
4,LILRA3,10.523699,4.663493,6.718298506660743e-26,6.648194522243414e-24,0.5466666666666666,0.03255627009646302,0.5466666666666666,0.03255627009646302,0.5141103965702036
4,ARRB2,10.47364,2.4237123,1.1416587265382852e-25,1.1136065406862015e-23,0.7333333333333333,0.22909967845659163,0.7333333333333333,0.22909967845659163,0.5042336548767417
4,CTSC,10.447314,2.4796207,1.5073298268658958e-25,1.4598649727433102e-23,0.7333333333333333,0.23995176848874597,0.7333333333333333,0.23995176848874597,0.4933815648445873
4,C19orf38,10.333124,3.433693,4.990825579974062e-25,4.7996277549384366e-23,0.5866666666666667,0.07516077170418006,0.5866666666666667,0.07516077170418006,0.5115058949624867
4,C5AR1,10.233945,3.4634094,1.3970927493863225e-24,1.3249096240013625e-22,0.58,0.06993569131832797,0.58,0.06993569131832797,0.510064308681672
4,MAFB,10.211703,3.3846862,1.757524297693802e-24,1.6552242627107973e-22,0.58,0.06913183279742766,0.58,0.06913183279742766,0.5108681672025723
4,LILRB1,10.206846,4.4304633,1.847730032530656e-24,1.7282603646738796e-22,0.5333333333333333,0.03295819935691318,0.5333333333333333,0.03295819935691318,0.5003751339764202
4,HN1,10.20486,2.4500546,1.8859408806531246e-24,1.7520005895373517e-22,0.7133333333333334,0.21663987138263666,0.7133333333333334,0.21663987138263666,0.49669346195069675
4,PTPN6,10.195312,2.2892036,2.080767880981439e-24,1.9199301474785493e-22,0.7533333333333333,0.26768488745980706,0.7533333333333333,0.26768488745980706,0.48564844587352624
4,MT2A,10.186757,2.3181682,2.2721843371261176e-24,2.0685966205196174e-22,0.76,0.29059485530546625,0.76,0.29059485530546625,0.46940514469453376
4,NINJ1,10.025874,2.8890908,1.17316728490438e-23,1.0269725924778342e-21,0.62,0.12741157556270097,0.62,0.12741157556270097,0.492588424437299
4,CSF1R,10.017154,4.139343,1.2813965754336108e-23,1.1145701677784323e-21,0.5333333333333333,0.043810289389067524,0.5333333333333333,0.043810289389067524,0.4895230439442658
4,C1orf162,9.926144,2.0456874,3.2040824815769613e-23,2.751883670969496e-21,0.8466666666666667,0.36133440514469456,0.8466666666666667,0.36133440514469456,0.4853322615219721
4,TNFRSF1B,9.88315,2.8029525,4.9259757460715524e-23,4.20432029927207e-21,0.62,0.11414790996784566,0.62,0.11414790996784566,0.5058520900321544
4,NAP1L1,9.8456745,1.6289825,7.155736794171251e-23,6.032021090197692e-21,0.8933333333333333,0.5590836012861736,0.8933333333333333,0.5590836012861736,0.3342497320471597
4,GMFG,9.813168,1.4018723,9.881730583407269e-23,8.278829009018998e-21,0.9533333333333334,0.6844855305466238,0.9533333333333334,0.6844855305466238,0.2688478027867096
4,HLA-DRB5,9.808421,2.1803362,1.035768021333529e-22,8.624663475201628e-21,0.8466666666666667,0.3215434083601286,0.8466666666666667,0.3215434083601286,0.525123258306538
4,CDA,9.799535,2.816802,1.1310514391705506e-22,9.360993002007903e-21,0.6133333333333333,0.11856913183279742,0.6133333333333333,0.11856913183279742,0.49476420150053585
4,SLC7A7,9.748759,2.8895135,1.8673692324176937e-22,1.5269936669398818e-20,0.6,0.10932475884244373,0.6,0.10932475884244373,0.49067524115755623
4,SLC31A2,9.713437,3.632844,2.6427319122138333e-22,2.1354524848042667e-20,0.54,0.0614951768488746,0.54,0.0614951768488746,0.4785048231511254
4,TNFSF10,9.674141,2.4708025,3.883409849374935e-22,3.101277479711352e-20,0.6733333333333333,0.18890675241157556,0.6733333333333333,0.18890675241157556,0.4844265809217578
4,NACA,9.621323,0.7719919,6.499014109247351e-22,5.159914923016385e-20,1.0,0.9706591639871383,1.0,0.9706591639871383,0.02934083601286175
4,SIGLEC10,9.590415,4.455381,8.773109031458354e-22,6.885377984689384e-20,0.5,0.0317524115755627,0.5,0.0317524115755627,0.4682475884244373
4,NAAA,9.583571,2.5509124,9.374572667489846e-22,7.315380819842363e-20,0.64,0.15313504823151125,0.64,0.15313504823151125,0.48686495176848876
4,ATP6V0B,9.554045,1.983171,1.2472970655358223e-21,9.677891322134767e-20,0.8,0.30988745980707394,0.8,0.30988745980707394,0.4901125401929261
4,S100A9,9.486766,1.8825432,2.3831248294603496e-21,1.8386413938480528e-19,0.8666666666666667,0.3267684887459807,0.8666666666666667,0.3267684887459807,0.539898177920686
4,APOBEC3A,9.463034,3.1111739,2.9913503977010107e-21,2.2821162587153633e-19,0.5666666666666667,0.09887459807073955,0.5666666666666667,0.09887459807073955,0.4677920685959271
4,TESC,9.400613,3.7609665,5.424624059644501e-21,4.1154814532502947e-19,0.5133333333333333,0.0542604501607717,0.5133333333333333,0.0542604501607717,0.4590728831725616
4,FGL2,9.341448,2.910856,9.502577145429022e-21,7.169458204308217e-19,0.5666666666666667,0.09967845659163987,0.5666666666666667,0.09967845659163987,0.4669882100750268
4,AP2S1,9.335652,1.97684,1.0037095297546181e-20,7.531130405675311e-19,0.8066666666666666,0.3259646302250804,0.8066666666666666,0.3259646302250804,0.48070203644158627
4,BLOC1S1,9.30458,2.050096,1.345229698225627e-20,1.0038500961185335e-18,0.76,0.2853697749196141,0.76,0.2853697749196141,0.4746302250803859
4,FCN1,9.257833,2.499914,2.0862311942782547e-20,1.5483463689708613e-18,0.72,0.2709003215434084,0.72,0.2709003215434084,0.4490996784565916
4,OAS1,9.233217,2.4479783,2.6262157890182783e-20,1.938573125126141e-18,0.6266666666666667,0.16881028938906753,0.6266666666666667,0.16881028938906753,0.4578563772775992
4,ALDOA,9.227533,1.3588418,2.769364937114311e-20,2.033249869958765e-18,0.9533333333333334,0.692524115755627,0.9533333333333334,0.692524115755627,0.26080921757770636
4,PLAUR,9.187961,2.8707273,4.0035837137297166e-20,2.923686587951498e-18,0.56,0.09405144694533762,0.56,0.09405144694533762,0.46594855305466243
4,SH3BGRL3,9.160476,1.1941147,5.1669060303970326e-20,3.753152593143717e-18,0.9933333333333333,0.8504823151125402,0.9933333333333333,0.8504823151125402,0.14285101822079305
4,PGLS,9.15882,2.0548077,5.246791372170623e-20,3.791014972400107e-18,0.7133333333333334,0.2733118971061093,0.7133333333333334,0.2733118971061093,0.44002143622722406
4,RAC1,9.099103,1.7712241,9.108092765290783e-20,6.546321831726891e-18,0.8733333333333333,0.4139871382636656,0.8733333333333333,0.4139871382636656,0.4593461950696677
4,BLVRA,9.08238,2.425075,1.0622610693740389e-19,7.594888567210407e-18,0.6133333333333333,0.159967845659164,0.6133333333333333,0.159967845659164,0.4533654876741693
4,HLA-DRA,9.064719,2.2658145,1.2492598477110274e-19,8.866211867679236e-18,0.9733333333333334,0.5353697749196141,0.9733333333333334,0.5353697749196141,0.43796355841371926
4,SOD2,9.064387,2.4228966,1.2530601131093238e-19,8.866211867679236e-18,0.62,0.17765273311897106,0.62,0.17765273311897106,0.44234726688102893
4,GNG5,9.035192,2.0022051,1.6371543726100805e-19,1.1524216552764567e-17,0.7266666666666667,0.26728295819935693,0.7266666666666667,0.26728295819935693,0.45938370846730975
4,CHCHD10,9.016426,2.1982095,1.943246368892751e-19,1.360870380184585e-17,0.6666666666666666,0.1977491961414791,0.6666666666666666,0.1977491961414791,0.4689174705251875
4,SERP1,8.954722,1.5477314,3.40590485347941e-19,2.373012075465042e-17,0.9,0.532556270096463,0.9,0.532556270096463,0.367443729903537
4,RBX1,8.9464445,1.9657683,3.67117903626083e-19,2.5448538537653753e-17,0.7333333333333333,0.26607717041800644,0.7333333333333333,0.26607717041800644,0.46725616291532684
4,CTSL,8.9438505,4.343123,3.7584236739918947e-19,2.5921734187895613e-17,0.4666666666666667,0.03054662379421222,0.4666666666666667,0.03054662379421222,0.4361200428724544
4,ITGB2,8.913109,1.6989993,4.962136113619734e-19,3.405172400381462e-17,0.8666666666666667,0.44734726688102894,0.8666666666666667,0.44734726688102894,0.41931939978563776
4,UNC119,8.831315,3.0418785,1.0345206659464232e-18,7.028564285653908e-17,0.52,0.0767684887459807,0.52,0.0767684887459807,0.44323151125401933
4,RNH1,8.810784,1.9929689,1.2427362535671358e-18,8.401389246887527e-17,0.7266666666666667,0.282556270096463,0.7266666666666667,0.282556270096463,0.4441103965702037
4,LGALS3,8.754986,2.1640153,2.0412944258315115e-18,1.366466503880153e-16,0.68,0.2202572347266881,0.68,0.2202572347266881,0.4597427652733119
4,SH3BGRL,8.73749,1.7420199,2.383467074120976e-18,1.5877378714241975e-16,0.8066666666666666,0.4212218649517685,0.8066666666666666,0.4212218649517685,0.38544480171489814
4,TSPO,8.620375,1.6592125,6.673564458214376e-18,4.4239901088046366e-16,0.8933333333333333,0.4529742765273312,0.8933333333333333,0.4529742765273312,0.4403590568060021
4,ATG3,8.530247,2.1635892,1.4603564227781307e-17,9.451482137183958e-16,0.6266666666666667,0.1877009646302251,0.6266666666666667,0.1877009646302251,0.4389657020364416
4,LYST,8.480464,2.7198129,2.2429675647122542e-17,1.4380265288127015e-15,0.5266666666666666,0.10008038585209003,0.5266666666666666,0.10008038585209003,0.4265862808145766
4,RHOA,8.356781,1.445824,6.445284967870767e-17,4.093805187034567e-15,0.8933333333333333,0.5478295819935691,0.8933333333333333,0.5478295819935691,0.3455037513397642
4,TBXAS1,8.349385,2.8494902,6.861916473810083e-17,4.338256081775486e-15,0.5066666666666667,0.09244372990353698,0.5066666666666667,0.09244372990353698,0.4142229367631297
4,RGS19,8.3163805,1.9245584,9.069003019172798e-17,5.6810231756799874e-15,0.68,0.24557877813504822,0.68,0.24557877813504822,0.4344212218649518
4,CFL1,8.293587,0.82937026,1.0988356704657207e-16,6.820772689036309e-15,0.9933333333333333,0.9111736334405145,0.9933333333333333,0.9111736334405145,0.0821596998928188
4,NCF2,8.272393,2.2711573,1.3129613378834543e-16,8.113031687844548e-15,0.58,0.15192926045016078,0.58,0.15192926045016078,0.4280707395498392
4,RHOB,8.2598095,2.6009834,1.4590465660544333e-16,8.975108065783487e-15,0.5266666666666666,0.10570739549839228,0.5266666666666666,0.10570739549839228,0.42095927116827436
4,OAZ2,8.2288475,2.3881578,1.8902306467176132e-16,1.1575331709226783e-14,0.5533333333333333,0.13946945337620578,0.5533333333333333,0.13946945337620578,0.4138638799571276
4,TNFSF13B,8.220182,2.317983,2.0319358678171288e-16,1.2387551879870854e-14,0.56,0.1382636655948553,0.56,0.1382636655948553,0.42173633440514474
4,STX11,8.212787,2.5859413,2.1611278281894913e-16,1.3116605165224753e-14,0.52,0.11012861736334405,0.52,0.11012861736334405,0.40987138263665596
4,CD74,8.177134,1.295702,2.906760909067109e-16,1.7564038484168336e-14,0.9933333333333333,0.8352090032154341,0.9933333333333333,0.8352090032154341,0.15812433011789917
4,CPPED1,8.175643,2.9717772,2.942915314856353e-16,1.7704163673867116e-14,0.4866666666666667,0.08038585209003216,0.4866666666666667,0.08038585209003216,0.40628081457663456
4,SPN,8.132814,2.4433246,4.1943496803052847e-16,2.5121947032565334e-14,0.5333333333333333,0.12178456591639872,0.5333333333333333,0.12178456591639872,0.4115487674169346
4,HLA-DPB1,8.116423,1.7732427,4.801248568668035e-16,2.8631375743987195e-14,0.94,0.49316720257234725,0.94,0.49316720257234725,0.4468327974276527
4,MAPKAPK3,8.110187,2.682856,5.054214501693213e-16,3.000884923266196e-14,0.5066666666666667,0.09565916398713827,0.5066666666666667,0.09565916398713827,0.41100750267952846
4,FCGRT,8.092139,1.8890724,5.862598888952099e-16,3.465785732793501e-14,0.6666666666666666,0.20739549839228297,0.6666666666666666,0.20739549839228297,0.45927116827438363
4,ADA,8.084578,2.8080428,6.237995550032494e-16,3.671813242726023e-14,0.49333333333333335,0.09043408360128617,0.49333333333333335,0.09043408360128617,0.40289924973204716
4,H3F3A,8.063108,1.6537567,7.437855555807993e-16,4.359285642494162e-14,0.7933333333333333,0.3609324758842444,0.7933333333333333,0.3609324758842444,0.43240085744908896
4,CXCL16,8.029276,4.2679152,9.8049471486958e-16,5.673574502652112e-14,0.42,0.028938906752411574,0.42,0.028938906752411574,0.3910610932475884
4,FAM110A,8.010345,3.516018,1.143866245346838e-15,6.590986264327603e-14,0.44666666666666666,0.05546623794212219,0.44666666666666666,0.05546623794212219,0.39120042872454447
4,COX5B,7.9893727,1.5073065,1.3562693784640787e-15,7.782022954750194e-14,0.86,0.48231511254019294,0.86,0.48231511254019294,0.37768488745980705
4,CKB,7.981149,6.540664,1.449769216718817e-15,8.283702269251952e-14,0.3933333333333333,0.00522508038585209,0.3933333333333333,0.00522508038585209,0.38810825294748125
4,RNF130,7.9263444,2.1001408,2.256910303586384e-15,1.2841819627406524e-13,0.5733333333333334,0.15635048231511253,0.5733333333333334,0.15635048231511253,0.41698285101822086
4,ATP1B3,7.922591,2.3200624,2.3261089819291913e-15,1.3180640770632795e-13,0.5466666666666666,0.1422829581993569,0.5466666666666666,0.1422829581993569,0.40438370846730975
4,TUBA1B,7.909732,1.6106285,2.5794380890388857e-15,1.455570518343596e-13,0.7733333333333333,0.4115755627009646,0.7733333333333333,0.4115755627009646,0.3617577706323687
4,POLD4,7.8937817,1.6859237,2.9316496001610904e-15,1.640762579499994e-13,0.7333333333333333,0.32556270096463025,0.7333333333333333,0.32556270096463025,0.40777063236870303
4,H2AFZ,7.871981,1.5440668,3.4906895220042637e-15,1.9456675964281726e-13,0.8,0.39188102893890675,0.8,0.39188102893890675,0.4081189710610933
4,POU2F2,7.8478627,2.324868,4.231877615516089e-15,2.349208159247468e-13,0.54,0.1370578778135048,0.54,0.1370578778135048,0.4029421221864952
4,SERF2,7.838149,0.9452908,4.572367944189632e-15,2.5279456131924535e-13,0.9933333333333333,0.8480707395498392,0.9933333333333333,0.8480707395498392,0.14526259378349404
4,PGK1,7.8235784,1.4949573,5.1342568190925004e-15,2.8045364448610877e-13,0.8133333333333334,0.4557877813504823,0.8133333333333334,0.4557877813504823,0.35754555198285104
4,AP1S2,7.822916,1.7001636,5.161351654083557e-15,2.8081043102854606e-13,0.72,0.272508038585209,0.72,0.272508038585209,0.447491961414791
4,FCGR2A,7.8059726,2.9945207,5.904451802452366e-15,3.1744564493814765e-13,0.4533333333333333,0.06310289389067524,0.4533333333333333,0.06310289389067524,0.39023043944265806
4,LAMTOR4,7.736211,1.4344169,1.0242371230651417e-14,5.4850910402265e-13,0.8533333333333334,0.5004019292604501,0.8533333333333334,0.5004019292604501,0.35293140407288326
4,CAPZB,7.697025,1.3179555,1.3927080117696981e-14,7.429226800283984e-13,0.86,0.5418006430868167,0.86,0.5418006430868167,0.31819935691318324
4,PTP4A2,7.6911745,1.874899,1.4579031940481963e-14,7.746741641214852e-13,0.6266666666666667,0.21342443729903537,0.6266666666666667,0.21342443729903537,0.41324222936763133
4,ARPC5,7.662751,1.4612684,1.8199182540228842e-14,9.632869642223452e-13,0.86,0.507636655948553,0.86,0.507636655948553,0.352363344051447
4,VMP1,7.590064,2.463005,3.197468927580578e-14,1.6794090644246296e-12,0.49333333333333335,0.11414790996784566,0.49333333333333335,0.11414790996784566,0.37918542336548766
4,COX8A,7.567105,1.5916626,3.8163430927333376e-14,1.990849874489728e-12,0.78,0.3633440514469453,0.78,0.3633440514469453,0.4166559485530547
4,SLC11A1,7.566994,2.9387085,3.8195860216484244e-14,1.990849874489728e-12,0.44666666666666666,0.06872990353697749,0.44666666666666666,0.06872990353697749,0.37793676312968916
4,IFI6,7.555073,1.5384473,4.186249615794045e-14,2.17366634042903e-12,0.7866666666666666,0.38022508038585207,0.7866666666666666,0.38022508038585207,0.40644158628081456
4,MS4A4A,7.528802,5.1294737,5.120797134444669e-14,2.6488486995445608e-12,0.38,0.013263665594855305,0.38,0.013263665594855305,0.3667363344051447
4,MSN,7.5128517,1.6940278,5.785304649546289e-14,2.981287558271854e-12,0.68,0.2620578778135048,0.68,0.2620578778135048,0.41794212218649524
4,TCIRG1,7.4775295,2.7625546,7.573287224796836e-14,3.888000388790436e-12,0.4533333333333333,0.07636655948553055,0.4533333333333333,0.07636655948553055,0.37696677384780275
4,LGALS9,7.445463,2.152256,9.660484589536368e-14,4.940957960850511e-12,0.5333333333333333,0.1535369774919614,0.5333333333333333,0.1535369774919614,0.37979635584137195
4,PPP1CA,7.416267,1.3848604,1.2046747483678596e-13,6.138447150638616e-12,0.8466666666666667,0.4995980707395498,0.8466666666666667,0.4995980707395498,0.34706859592711686
4,PSMB9,7.4031315,1.3142828,1.330098757555829e-13,6.7523526517406694e-12,0.9066666666666666,0.5667202572347267,0.9066666666666666,0.5667202572347267,0.3399464094319399
4,KLF4,7.3950186,2.4872584,1.413886641690399e-13,7.151124436638551e-12,0.47333333333333333,0.0992765273311897,0.47333333333333333,0.0992765273311897,0.37405680600214364
4,S100A10,7.377578,1.3402995,1.6119494063992138e-13,8.122797451582163e-12,0.94,0.6237942122186495,0.94,0.6237942122186495,0.31620578778135044
4,CTSB,7.3474436,1.881642,2.0203352436493657e-13,1.0106116515485618e-11,0.5733333333333334,0.17805466237942122,0.5733333333333334,0.17805466237942122,0.3952786709539121
4,ZNF706,7.3347497,1.650473,2.221364118898843e-13,1.1071149053898759e-11,0.6866666666666666,0.29059485530546625,0.6866666666666666,0.29059485530546625,0.3960718113612004
4,LSP1,7.3333697,1.3613992,2.2443648923777959e-13,1.1145107989204065e-11,0.86,0.5273311897106109,0.86,0.5273311897106109,0.3326688102893891
4,CAMK1,7.330445,3.5798657,2.2939030134103357e-13,1.1349833170699835e-11,0.4,0.04019292604501608,0.4,0.04019292604501608,0.35980707395498396
4,TCEB2,7.3104105,1.3662106,2.6632796056383835e-13,1.3129872308519049e-11,0.8066666666666666,0.46864951768488744,0.8066666666666666,0.46864951768488744,0.3380171489817792
4,LYL1,7.292694,2.4956188,3.038178949879623e-13,1.4924234438689257e-11,0.4666666666666667,0.09565916398713827,0.4666666666666667,0.09565916398713827,0.3710075026795284
4,ARHGDIB,7.290155,0.7531783,3.095984435283707e-13,1.5153678655281115e-11,0.9933333333333333,0.9103697749196141,0.9933333333333333,0.9103697749196141,0.08296355841371916
4,PSME2,7.2634425,1.3159636,3.773608274517663e-13,1.8404426641719e-11,0.8533333333333334,0.5357717041800643,0.8533333333333334,0.5357717041800643,0.31756162915326913
4,PSMB3,7.2374473,1.4866903,4.572078021598462e-13,2.22193229405511e-11,0.76,0.3597266881028939,0.76,0.3597266881028939,0.40027331189710613
4,ADRBK1,7.2238154,2.6901736,5.054893421807657e-13,2.4478590272413248e-11,0.44,0.07837620578778134,0.44,0.07837620578778134,0.3616237942122187
4,MPEG1,7.198317,2.496703,6.096035006751009e-13,2.9416061502541265e-11,0.4533333333333333,0.0880225080385852,0.4533333333333333,0.0880225080385852,0.3653108252947481
4,SUPT4H1,7.196054,1.6666667,6.198007946041878e-13,2.98028156729394e-11,0.6533333333333333,0.26688102893890675,0.6533333333333333,0.26688102893890675,0.38645230439442657
4,CUX1,7.1655884,3.3370132,7.745312233132527e-13,3.6982511837642586e-11,0.4,0.045418006430868164,0.4,0.045418006430868164,0.35458199356913184
4,SLC25A5,7.15295,1.3553535,8.493275165623364e-13,4.0412601275872006e-11,0.8266666666666667,0.4903536977491961,0.8266666666666667,0.4903536977491961,0.33631296891747053
4,NFKBIZ,7.1493073,2.3157692,8.721704703411795e-13,4.13554164686776e-11,0.48,0.1189710610932476,0.48,0.1189710610932476,0.36102893890675236
4,AP2A1,7.1454988,3.1513972,8.966964007784451e-13,4.2371232003565554e-11,0.4066666666666667,0.04903536977491962,0.4066666666666667,0.04903536977491962,0.35763129689174705
4,CYBB,7.115806,2.5464435,1.1126072759801911e-12,5.239229296822583e-11,0.44666666666666666,0.08721864951768489,0.44666666666666666,0.08721864951768489,0.3594480171489818
4,HIGD2A,7.0989175,1.3847548,1.257378810681571e-12,5.900606542497435e-11,0.8466666666666667,0.47387459807073956,0.8466666666666667,0.47387459807073956,0.3727920685959271
4,IFNGR2,7.071101,2.0389037,1.5370913275474816e-12,7.13963237040422e-11,0.5066666666666667,0.1362540192926045,0.5066666666666667,0.1362540192926045,0.3704126473740622
4,GSTO1,7.0469275,1.6435927,1.829118113558252e-12,8.46726676567847e-11,0.6466666666666666,0.2709003215434084,0.6466666666666666,0.2709003215434084,0.37576634512325824
4,TPM3,7.0424566,1.4087512,1.8887938294426044e-12,8.713975856374394e-11,0.8066666666666666,0.45538585209003213,0.8066666666666666,0.45538585209003213,0.3512808145766345
4,COX6B1,7.024851,1.2142602,2.142950962077773e-12,9.853245231694974e-11,0.8666666666666667,0.5582797427652733,0.8666666666666667,0.5582797427652733,0.30838692390139344
4,LRRFIP1,7.022367,1.5029292,2.181403003719213e-12,9.99638906670791e-11,0.7133333333333334,0.3360128617363344,0.7133333333333334,0.3360128617363344,0.377320471596999
4,CD300LF,7.0172343,3.434834,2.2630274980984e-12,1.0335753683622657e-10,0.38666666666666666,0.040594855305466235,0.38666666666666666,0.040594855305466235,0.3460718113612004
4,TPPP3,7.016351,4.225517,2.27736928857376e-12,1.0366585001587755e-10,0.36666666666666664,0.02491961414790997,0.36666666666666664,0.02491961414790997,0.3417470525187567
4,CAP1,6.9739647,1.4122744,3.081318808548331e-12,1.3933274718389408e-10,0.76,0.39308681672025725,0.76,0.39308681672025725,0.36691318327974276
4,CLIC1,6.951502,1.2120318,3.614181549388881e-12,1.6288865755265533e-10,0.92,0.6286173633440515,0.92,0.6286173633440515,0.29138263665594855
4,ATP5B,6.9220295,1.4236469,4.452183677876971e-12,1.9999677731936815e-10,0.76,0.3854501607717042,0.76,0.3854501607717042,0.3745498392282958
4,RAB8A,6.918663,1.7894831,4.559263957426829e-12,2.041354380413796e-10,0.5666666666666667,0.19734726688102894,0.5666666666666667,0.19734726688102894,0.3693193997856377
4,MYO1G,6.894765,1.782858,5.395389252458124e-12,2.407824693842096e-10,0.5866666666666667,0.21342443729903537,0.5866666666666667,0.21342443729903537,0.3732422293676313
4,PTP4A3,6.87738,3.8220794,6.096340874240981e-12,2.711779510704718e-10,0.36666666666666664,0.027331189710610933,0.36666666666666664,0.027331189710610933,0.3393354769560557
4,TUBA1A,6.8690457,1.3738136,6.46326847386231e-12,2.865662151917653e-10,0.7866666666666666,0.4429260450160772,0.7866666666666666,0.4429260450160772,0.34374062165058944
4,SEC11A,6.845369,1.5073723,7.627903902044511e-12,3.37108918078705e-10,0.6866666666666666,0.3086816720257235,0.6866666666666666,0.3086816720257235,0.37798499464094315
4,RNF149,6.8284254,2.1155052,8.585180901653185e-12,3.7819106578379323e-10,0.48,0.12419614147909967,0.48,0.12419614147909967,0.3558038585209003
4,GLRX,6.8098807,1.4322093,9.767954328228428e-12,4.2891056047037753e-10,0.72,0.3553054662379421,0.72,0.3553054662379421,0.36469453376205785
4,SLC25A6,6.7647896,0.89257985,1.3350296221738924e-11,5.843321961668806e-10,0.9866666666666667,0.8235530546623794,0.9866666666666667,0.8235530546623794,0.1631136120042873
4,SYNGR2,6.6914406,2.1592817,2.2098426218495264e-11,9.641409215328156e-10,0.46,0.11615755627009647,0.46,0.11615755627009647,0.3438424437299036
4,THEMIS2,6.687412,2.3639889,2.2715233750514006e-11,9.878956436210804e-10,0.43333333333333335,0.09766881028938906,0.43333333333333335,0.09766881028938906,0.3356645230439443
4,NAMPT,6.648888,2.658946,2.9531536436395626e-11,1.2802624176997417e-09,0.4066666666666667,0.0727491961414791,0.4066666666666667,0.0727491961414791,0.3339174705251876
4,TALDO1,6.6460733,1.3752866,3.0101526216588345e-11,1.3008431709295267e-09,0.74,0.34807073954983925,0.74,0.34807073954983925,0.39192926045016074
4,UNC93B1,6.6406646,2.6788886,3.12271840708562e-11,1.3452316267243291e-09,0.4,0.06631832797427653,0.4,0.06631832797427653,0.3336816720257235
4,CAPZA2,6.612683,1.701006,3.774169494561155e-11,1.6156758187375275e-09,0.5466666666666666,0.19011254019292603,0.5466666666666666,0.19011254019292603,0.35655412647374063
4,GNAI2,6.582438,1.6595254,4.627962184095496e-11,1.9749828620627528e-09,0.5666666666666667,0.20980707395498394,0.5666666666666667,0.20980707395498394,0.3568595927116827
4,MT-CO2,6.5811133,0.87388223,4.669386399002846e-11,1.986452980211304e-09,0.9866666666666667,0.9059485530546624,0.9866666666666667,0.9059485530546624,0.08071811361200432
4,BAX,6.5544558,1.4956245,5.5845109582855235e-11,2.368387628768544e-09,0.6733333333333333,0.2845659163987138,0.6733333333333333,0.2845659163987138,0.3887674169346195
4,LINC00936,6.5498753,1.5537145,5.758524756428188e-11,2.43462582271775e-09,0.6066666666666667,0.2604501607717042,0.6066666666666667,0.2604501607717042,0.3462165058949625
4,UBE2L6,6.5182505,1.3968636,7.113214851621766e-11,2.9980883337576186e-09,0.7066666666666667,0.32435691318327975,0.7066666666666667,0.32435691318327975,0.3823097534833869
4,SNX3,6.510634,1.2742752,7.483424090578498e-11,3.144419673259691e-09,0.8133333333333334,0.4457395498392283,0.8133333333333334,0.4457395498392283,0.36759378349410504
4,BATF3,6.3814864,5.326938,1.7537709033000167e-10,7.324004726441904e-09,0.32,0.00964630225080386,0.32,0.00964630225080386,0.31035369774919613
4,ZFAND5,6.3679094,1.873598,1.9162187044720513e-10,7.978012996423881e-09,0.4866666666666667,0.15635048231511253,0.4866666666666667,0.15635048231511253,0.3303161843515542
4,GPBAR1,6.3564296,3.1658363,2.0649679494035198e-10,8.57118611460622e-09,0.36,0.04782958199356913,0.36,0.04782958199356913,0.31217041800643086
4,CYTIP,6.333636,1.3715624,2.394503867915162e-10,9.90889236977256e-09,0.68,0.32194533762057875,0.68,0.32194533762057875,0.3580546623794213
4,COX17,6.3298826,1.6705858,2.4534751933813236e-10,1.0122252942844519e-08,0.5266666666666666,0.17242765273311897,0.5266666666666666,0.17242765273311897,0.3542390139335476
4,INSIG1,6.3185687,2.9582868,2.639971460250101e-10,1.0858870560594992e-08,0.36666666666666664,0.05305466237942122,0.36666666666666664,0.05305466237942122,0.31361200428724545
4,SELPLG,6.308855,1.7753764,2.811074719877851e-10,1.1527938851246826e-08,0.5,0.1587620578778135,0.5,0.1587620578778135,0.3412379421221865
4,RAB10,6.293512,1.9450667,3.1036299520157136e-10,1.2689572043331313e-08,0.46,0.13263665594855306,0.46,0.13263665594855306,0.32736334405144696
4,ARL6IP4,6.26415,1.2186216,3.7486446443829057e-10,1.5281042168266556e-08,0.8333333333333334,0.4815112540192926,0.8333333333333334,0.4815112540192926,0.35182207931404075
4,CORO1A,6.2496347,0.9196924,4.114137345527131e-10,1.6721029640035268e-08,0.9866666666666667,0.7954180064308681,0.9866666666666667,0.7954180064308681,0.19124866023579856
4,C20orf27,6.207634,2.110696,5.378817462774695e-10,2.179618138624666e-08,0.4266666666666667,0.11093247588424437,0.4266666666666667,0.11093247588424437,0.3157341907824223
4,SMCO4,6.193229,2.3244061,5.894388830551726e-10,2.3814725997045675e-08,0.4,0.08762057877813505,0.4,0.08762057877813505,0.31237942122186496
4,ATP6V0D1,6.165192,1.7906156,7.039761053223853e-10,2.8358400278119447e-08,0.4866666666666667,0.15434083601286175,0.4866666666666667,0.15434083601286175,0.33232583065380494
4,CD79B,6.1580725,1.3644857,7.363566432581359e-10,2.9575548000979714e-08,0.58,0.2222668810289389,0.58,0.2222668810289389,0.3577331189710611
4,CD48,6.1573,1.0272102,7.399569981260606e-10,2.963299931498382e-08,0.9533333333333334,0.6840836012861736,0.9533333333333334,0.6840836012861736,0.26924973204715974
4,EIF4E2,6.1529946,1.9682822,7.603326645653541e-10,3.035994990439905e-08,0.4533333333333333,0.1382636655948553,0.4533333333333333,0.1382636655948553,0.315069667738478
4,MYD88,6.12987,1.9999989,8.795105115583034e-10,3.491452193558195e-08,0.43333333333333335,0.1137459807073955,0.43333333333333335,0.1137459807073955,0.31958735262593785
4,NDUFA13,6.1223636,1.2205331,9.219725670236561e-10,3.649407934862333e-08,0.7466666666666667,0.44413183279742763,0.7466666666666667,0.44413183279742763,0.3025348338692391
4,DOK2,6.1165686,1.5298369,9.561170654085969e-10,3.7736227298323116e-08,0.56,0.2222668810289389,0.56,0.2222668810289389,0.3377331189710612
4,H2AFY,6.096976,1.4368899,1.0809389968150321e-09,4.241753718536229e-08,0.62,0.27853697749196143,0.62,0.27853697749196143,0.34146302250803856
4,EIF4A1,6.0792594,1.0114362,1.207389166158051e-09,4.724385803167434e-08,0.9266666666666666,0.6704180064308681,0.9266666666666666,0.6704180064308681,0.2562486602357985
4,AGTRAP,6.0761137,1.8065028,1.2313029086691086e-09,4.804192148795814e-08,0.46,0.1342443729903537,0.46,0.1342443729903537,0.32575562700964633
4,SLC16A3,6.027821,2.8274739,1.6618480540406906e-09,6.44721506419877e-08,0.35333333333333333,0.055868167202572344,0.35333333333333333,0.055868167202572344,0.297465166130761
4,PCGF5,5.980633,2.0681403,2.2227264494512475e-09,8.574449828730575e-08,0.41333333333333333,0.10329581993569131,0.41333333333333333,0.10329581993569131,0.310037513397642
4,GDI2,5.979308,1.391205,2.240874389675841e-09,8.620107229693884e-08,0.6133333333333333,0.2861736334405145,0.6133333333333333,0.2861736334405145,0.3271596998928188
4,RNF13,5.9699807,2.1438744,2.372816074823355e-09,9.076519976971354e-08,0.4,0.09003215434083602,0.4,0.09003215434083602,0.309967845659164
4,NANS,5.9574523,2.0944896,2.5620042254270656e-09,9.772829525818996e-08,0.4066666666666667,0.09847266881028939,0.4066666666666667,0.09847266881028939,0.3081939978563773
4,FAM49A,5.952761,3.3778024,2.636560809403e-09,1.0029212928470019e-07,0.32666666666666666,0.03376205787781351,0.32666666666666666,0.03376205787781351,0.29290460878885316
4,CDKN2D,5.931954,1.5025917,2.9935055447201092e-09,1.1355364366304948e-07,0.5266666666666666,0.20337620578778134,0.5266666666666666,0.20337620578778134,0.32329046087888524
4,PPDPF,5.9302983,0.7985818,3.0238494665554627e-09,1.1438694824177673e-07,0.9533333333333334,0.8010450160771704,0.9533333333333334,0.8010450160771704,0.15228831725616299
4,MAP2K3,5.9081116,1.8347647,3.4605207739588147e-09,1.2982657057467466e-07,0.44,0.12459807073954984,0.44,0.12459807073954984,0.3154019292604502
4,GNB2,5.906566,1.4342612,3.4931238325901882e-09,1.3069068235027838e-07,0.5733333333333334,0.24839228295819935,0.5733333333333334,0.24839228295819935,0.324941050375134
4,POLE4,5.898784,1.6379311,3.661901529367661e-09,1.3663094886624257e-07,0.5,0.17242765273311897,0.5,0.17242765273311897,0.327572347266881
4,CCT5,5.882668,1.6816798,4.037047322831778e-09,1.5021776087354432e-07,0.48,0.16840836012861737,0.48,0.16840836012861737,0.3115916398713826
4,BTK,5.868705,2.5284555,4.39212593944305e-09,1.6298606475281056e-07,0.36,0.06591639871382636,0.36,0.06591639871382636,0.2940836012861736
4,CTD-2006K23.1,5.8464074,4.5888114,5.0230250377920345e-09,1.8589276400023855e-07,0.3,0.01567524115755627,0.3,0.01567524115755627,0.28432475884244374
4,MYO1F,5.844421,1.5006213,5.083342079334138e-09,1.8761653901455944e-07,0.5333333333333333,0.21945337620578778,0.5333333333333333,0.21945337620578778,0.3138799571275456
4,EVI2B,5.834652,1.2986029,5.390300688596619e-09,1.9840955849993377e-07,0.6466666666666666,0.30787781350482313,0.6466666666666666,0.30787781350482313,0.3387888531618435
4,BRK1,5.818315,1.0888739,5.9443723703422164e-09,2.1821599217578845e-07,0.8333333333333334,0.5361736334405145,0.8333333333333334,0.5361736334405145,0.2971596998928189
4,TCF7L2,5.7948036,4.269281,6.840111839681428e-09,2.504251133584171e-07,0.3,0.01647909967845659,0.3,0.01647909967845659,0.2835209003215434
4,EFHD2,5.7877946,1.6065708,7.131659759347401e-09,2.6040092426109123e-07,0.49333333333333335,0.17564308681672025,0.49333333333333335,0.17564308681672025,0.3176902465166131
4,ATP5J2,5.7756524,1.2946007,7.665548359875836e-09,2.791486090732385e-07,0.6533333333333333,0.305064308681672,0.6533333333333333,0.305064308681672,0.3482690246516613
4,CPVL,5.7664905,1.9633197,8.093919893928073e-09,2.931845359986254e-07,0.4,0.09847266881028939,0.4,0.09847266881028939,0.30152733118971065
4,CD55,5.7309475,1.595809,9.987118151804107e-09,3.60804458944542e-07,0.49333333333333335,0.1885048231511254,0.49333333333333335,0.1885048231511254,0.3048285101822079
4,NOP10,5.7099195,1.4260378,1.1302953588327642e-08,4.072642063382646e-07,0.5666666666666667,0.27934083601286175,0.5666666666666667,0.27934083601286175,0.2873258306538049
4,CAPNS1,5.708871,1.9027469,1.1372804725239602e-08,4.0870268770492634e-07,0.41333333333333333,0.11254019292604502,0.41333333333333333,0.11254019292604502,0.30079314040728833
4,ARHGEF40,5.705173,3.1574357,1.162248554823594e-08,4.1657916705173226e-07,0.32,0.039790996784565914,0.32,0.039790996784565914,0.28020900321543407
4,CD300E,5.6951838,2.951346,1.2323924986229578e-08,4.405641874658406e-07,0.32666666666666666,0.04622186495176849,0.32666666666666666,0.04622186495176849,0.28044480171489816
4,LAMTOR5,5.693914,1.3498627,1.2415951456946738e-08,4.426951255771923e-07,0.5866666666666667,0.2612540192926045,0.5866666666666667,0.2612540192926045,0.32541264737406217
4,MARCKSL1,5.690382,1.6810514,1.2675553028816399e-08,4.507743545872832e-07,0.46,0.16760450160771703,0.46,0.16760450160771703,0.29239549839228296
4,RXRA,5.6887264,3.1752903,1.2799049378361991e-08,4.5398394366470477e-07,0.32,0.04019292604501608,0.32,0.04019292604501608,0.27980707395498394
4,SNX2,5.684642,1.4193403,1.3108693019165108e-08,4.6376246598372724e-07,0.5266666666666666,0.19533762057877813,0.5266666666666666,0.19533762057877813,0.3313290460878885
4,DUSP6,5.6747627,2.2544115,1.3888094613601126e-08,4.90066718458235e-07,0.36666666666666664,0.0767684887459807,0.36666666666666664,0.0767684887459807,0.28989817792068595
4,FLNA,5.648271,1.4366215,1.6206953348969728e-08,5.704179250864192e-07,0.5133333333333333,0.1945337620578778,0.5133333333333333,0.1945337620578778,0.3187995712754555
4,PRR13,5.6244283,1.1054028,1.8612322253812736e-08,6.517176223027352e-07,0.7733333333333333,0.467443729903537,0.7733333333333333,0.467443729903537,0.3058896034297963
4,UQCRC1,5.623711,1.5860572,1.8689831216830065e-08,6.527578902737375e-07,0.47333333333333333,0.16639871382636656,0.47333333333333333,0.16639871382636656,0.30693461950696677
4,CMTM6,5.619958,1.6734653,1.9100397715101448e-08,6.653954877485341e-07,0.4533333333333333,0.15434083601286175,0.4533333333333333,0.15434083601286175,0.29899249732047156
4,MNDA,5.619461,1.9330481,1.915538931818303e-08,6.656132227203752e-07,0.4,0.10972668810289389,0.4,0.10972668810289389,0.29027331189710615
4,CHMP4B,5.615046,1.6696076,1.9651007636049634e-08,6.811019296393244e-07,0.4533333333333333,0.159967845659164,0.4533333333333333,0.159967845659164,0.2933654876741693
4,C20orf24,5.570893,1.2465942,2.534370787057287e-08,8.761865181785902e-07,0.6333333333333333,0.29019292604501606,0.6333333333333333,0.29019292604501606,0.34314040728831724
4,HCLS1,5.5616207,1.2048552,2.6728059414265155e-08,9.21713079194962e-07,0.6866666666666666,0.36897106109324757,0.6866666666666666,0.36897106109324757,0.3176956055734191
4,ITGAL,5.555881,2.0765142,2.7621517898982526e-08,9.501245552355299e-07,0.37333333333333335,0.08641479099678456,0.37333333333333335,0.08641479099678456,0.2869185423365488
4,TGFBI,5.5522385,2.0948818,2.820348020723734e-08,9.677053409799826e-07,0.37333333333333335,0.0912379421221865,0.37333333333333335,0.0912379421221865,0.28209539121114685
4,CD86,5.548927,3.128991,2.8742848328021826e-08,9.812808419186651e-07,0.31333333333333335,0.0409967845659164,0.31333333333333335,0.0409967845659164,0.272336548767417
4,VPS29,5.548927,1.5674495,2.8742848328021826e-08,9.812808419186651e-07,0.48,0.1804662379421222,0.48,0.1804662379421222,0.2995337620578778
4,GRN,5.5399857,1.2935389,3.024961429003355e-08,1.029528802839795e-06,0.5533333333333333,0.22387459807073956,0.5533333333333333,0.22387459807073956,0.3294587352625938
4,SCIMP,5.5396547,2.5700588,3.030686721892191e-08,1.029528802839795e-06,0.34,0.06591639871382636,0.34,0.06591639871382636,0.27408360128617365
4,ZYX,5.5311,1.72677,3.182287797102769e-08,1.078345462958695e-06,0.4266666666666667,0.13384244372990353,0.4266666666666667,0.13384244372990353,0.29282422293676313
4,EMR2,5.521662,3.811633,3.358073735357226e-08,1.1350954190603534e-06,0.29333333333333333,0.023713826366559485,0.29333333333333333,0.023713826366559485,0.26961950696677384
4,GRINA,5.5206137,2.167504,3.3781772796681263e-08,1.1390713316332822e-06,0.36666666666666664,0.0860128617363344,0.36666666666666664,0.0860128617363344,0.2806538049303322
4,CSK,5.511397,1.476824,3.5599722314530774e-08,1.1974133200178133e-06,0.5066666666666667,0.20257234726688103,0.5066666666666667,0.20257234726688103,0.3040943193997857
4,SH3BP1,5.4986477,2.1597228,3.827151512238128e-08,1.2809701238020557e-06,0.37333333333333335,0.09204180064308681,0.37333333333333335,0.09204180064308681,0.28129153269024654
4,RAP1B,5.475357,1.2057947,4.366307335257308e-08,1.4578555738453253e-06,0.6533333333333333,0.34606109324758844,0.6533333333333333,0.34606109324758844,0.3072722400857449
4,CD300A,5.4522867,1.894727,4.972613151006206e-08,1.6562440290278232e-06,0.3933333333333333,0.11133440514469453,0.3933333333333333,0.11133440514469453,0.2819989281886388
4,EPSTI1,5.44881,1.5923306,5.070797656201511e-08,1.6848372942357135e-06,0.4666666666666667,0.16519292604501606,0.4666666666666667,0.16519292604501606,0.3014737406216506
4,DYNLT1,5.441966,1.4815589,5.2695680375296114e-08,1.7466315805947663e-06,0.47333333333333333,0.1752411575562701,0.47333333333333333,0.1752411575562701,0.29809217577706326
4,LSM6,5.427892,1.7214311,5.70233919084754e-08,1.8854998544846008e-06,0.43333333333333335,0.1487138263665595,0.43333333333333335,0.1487138263665595,0.28461950696677385
4,PLEK,5.4010696,1.511048,6.624476023542934e-08,2.185117018780249e-06,0.4533333333333333,0.15313504823151125,0.4533333333333333,0.15313504823151125,0.30019828510182206
4,NAPRT1,5.38534,1.9073809,7.230784177478577e-08,2.3793635837987336e-06,0.38666666666666666,0.10972668810289389,0.38666666666666666,0.10972668810289389,0.2769399785637728
4,ENY2,5.3828564,1.5292883,7.331303641706337e-08,2.4066414069985994e-06,0.4666666666666667,0.18006430868167203,0.4666666666666667,0.18006430868167203,0.28660235798499467
4,REEP5,5.3695,1.378157,7.895519667259541e-08,2.5856406852780885e-06,0.54,0.2459807073954984,0.54,0.2459807073954984,0.29401929260450166
4,C4orf48,5.366244,1.6879262,8.039325407867023e-08,2.626436071048614e-06,0.4266666666666667,0.14308681672025725,0.4266666666666667,0.14308681672025725,0.28357984994640945
4,COX5A,5.3445535,1.1407912,9.064012564555015e-08,2.9470989424181733e-06,0.6466666666666666,0.33762057877813506,0.6466666666666666,0.33762057877813506,0.30904608788853155
4,SLC25A3,5.329376,1.0454826,9.855074442677842e-08,3.1966958809788267e-06,0.8266666666666667,0.507636655948553,0.8266666666666667,0.507636655948553,0.31903001071811365
4,CAT,5.3272786,1.8015639,9.96950782597254e-08,3.226151632025616e-06,0.4,0.12459807073954984,0.4,0.12459807073954984,0.27540192926045015
4,SLC2A6,5.304374,3.2448597,1.1306003404178931e-07,3.6413863794214025e-06,0.29333333333333333,0.03215434083601286,0.29333333333333333,0.03215434083601286,0.26117899249732046
4,ATP6V1F,5.303381,1.1384535,1.1367732275181346e-07,3.6526529870559165e-06,0.6866666666666666,0.3540996784565916,0.6866666666666666,0.3540996784565916,0.332566988210075
4,M6PR,5.300677,1.4613761,1.153742886851527e-07,3.6984771978508107e-06,0.4866666666666667,0.20618971061093247,0.4866666666666667,0.20618971061093247,0.2804769560557342
4,SMS,5.2946057,1.581359,1.1927355879461526e-07,3.8145192480076483e-06,0.43333333333333335,0.15192926045016078,0.43333333333333335,0.15192926045016078,0.2814040728831726
4,VAMP5,5.292674,1.4310623,1.205407584943447e-07,3.84603878037096e-06,0.49333333333333335,0.2090032154340836,0.49333333333333335,0.2090032154340836,0.2843301178992498
4,SDCBP,5.278931,1.3593187,1.2993952527452185e-07,4.1266375747648146e-06,0.5133333333333333,0.22789389067524116,0.5133333333333333,0.22789389067524116,0.2854394426580922
4,CHCHD2,5.2772202,0.88175607,1.3115814206145648e-07,4.155674218077145e-06,0.9333333333333333,0.7005627009646302,0.9333333333333333,0.7005627009646302,0.2327706323687031
4,PRDX5,5.2667894,1.159186,1.3883046477400608e-07,4.3885852475783034e-06,0.6666666666666666,0.33561093247588425,0.6666666666666666,0.33561093247588425,0.3310557341907824
4,IRF7,5.264471,1.5522597,1.4059345798736935e-07,4.434051414031215e-06,0.43333333333333335,0.1483118971061093,0.43333333333333335,0.1483118971061093,0.28502143622722403
4,CTSZ,5.2628155,2.010722,1.418659766164524e-07,4.463875061461461e-06,0.36666666666666664,0.0972668810289389,0.36666666666666664,0.0972668810289389,0.2693997856377277
4,GBP2,5.256965,1.4792837,1.4645204103302045e-07,4.5975840743607525e-06,0.4666666666666667,0.18006430868167203,0.4666666666666667,0.18006430868167203,0.28660235798499467
4,MOB1A,5.2483554,1.4684751,1.5346308340117128e-07,4.806632722308246e-06,0.46,0.1804662379421222,0.46,0.1804662379421222,0.27953376205787783
4,RAB24,5.2272725,2.148731,1.7202907497123613e-07,5.375810178048514e-06,0.3466666666666667,0.08078778135048231,0.3466666666666667,0.08078778135048231,0.26587888531618437
4,CTSD,5.2209806,1.2898566,1.7797830433515047e-07,5.549022200915103e-06,0.5266666666666666,0.22508038585209003,0.5266666666666666,0.22508038585209003,0.3015862808145766
4,C11orf31,5.1999526,1.0647889,1.993393367191878e-07,6.200861007374098e-06,0.7666666666666667,0.4272508038585209,0.7666666666666667,0.4272508038585209,0.33941586280814584
4,PSMA7,5.1832294,1.0502626,2.1807622038651758e-07,6.768292876359736e-06,0.8733333333333333,0.5446141479099679,0.8733333333333333,0.5446141479099679,0.3287191854233654
4,RNF181,5.1785936,1.3772415,2.235648867852524e-07,6.922907242492985e-06,0.49333333333333335,0.20136655948553053,0.49333333333333335,0.20136655948553053,0.2919667738478028
4,WSB1,5.173185,1.52841,2.3013711086419764e-07,7.110299515749961e-06,0.44,0.16639871382636656,0.44,0.16639871382636656,0.27360128617363344
4,PRAM1,5.1669483,2.4870932,2.3794709918475363e-07,7.335001323853263e-06,0.31333333333333335,0.05466237942122187,0.31333333333333335,0.05466237942122187,0.2586709539121115
4,ATP5G3,5.1538677,1.112086,2.551676772596551e-07,7.848130181661824e-06,0.7266666666666667,0.41438906752411575,0.7266666666666667,0.41438906752411575,0.31227759914255093
4,CD300C,5.1489005,3.1542654,2.620175066882661e-07,8.04069903670778e-06,0.2866666666666667,0.033360128617363344,0.2866666666666667,0.033360128617363344,0.25330653804930336
4,UBE2F,5.141947,1.7003815,2.7190636715585126e-07,8.32545594143566e-06,0.3933333333333333,0.11856913183279742,0.3933333333333333,0.11856913183279742,0.2747642015005359
4,PFDN5,5.1387453,0.5729282,2.765786277622601e-07,8.4495698897571e-06,1.0,0.920016077170418,1.0,0.920016077170418,0.079983922829582
4,ABRACL,5.117828,1.2335814,3.0907416373142435e-07,9.414019755091394e-06,0.5533333333333333,0.26567524115755625,0.5533333333333333,0.26567524115755625,0.2876580921757771
4,ACAA1,5.1175523,1.719113,3.095265722053336e-07,9.414019755091394e-06,0.3933333333333333,0.12419614147909967,0.3933333333333333,0.12419614147909967,0.2691371918542336
4,COX6A1,5.114406,1.0001303,3.147294317618457e-07,9.550989155866145e-06,0.76,0.4638263665594855,0.76,0.4638263665594855,0.2961736334405145
4,NUDT16,5.1121435,2.342687,3.185239445455167e-07,9.644707287613251e-06,0.32,0.06310289389067524,0.32,0.06310289389067524,0.25689710610932476
4,CD97,5.10828,1.3787851,3.251046851837058e-07,9.822189338205059e-06,0.49333333333333335,0.20940514469453375,0.49333333333333335,0.20940514469453375,0.2839281886387996
4,MPP1,5.1013813,2.5812526,3.371838757412375e-07,1.0164642399828564e-05,0.30666666666666664,0.05144694533762058,0.30666666666666664,0.05144694533762058,0.2552197213290461
4,WDR83OS,5.0940957,1.1429428,3.5040950577273485e-07,1.0516905957873554e-05,0.64,0.3287781350482315,0.64,0.3287781350482315,0.3112218649517685
4,IFI35,5.092661,1.4258486,3.53072937189499e-07,1.0542771041852458e-05,0.44666666666666666,0.16559485530546625,0.44666666666666666,0.16559485530546625,0.2810718113612004
4,ATP5E,5.092385,0.8414723,3.535873709115719e-07,1.0542771041852458e-05,0.9533333333333334,0.7403536977491961,0.9533333333333334,0.7403536977491961,0.21297963558413724
4,MTSS1,5.0847683,2.2908235,3.6807471579581873e-07,1.0950824224199783e-05,0.32666666666666666,0.06993569131832797,0.32666666666666666,0.06993569131832797,0.25673097534833866
4,ACTR2,5.061257,1.4089696,4.165012440300383e-07,1.2364654322770007e-05,0.46,0.17684887459807075,0.46,0.17684887459807075,0.28315112540192927
4,ATP5C1,5.054248,1.209057,4.3209040439330687e-07,1.2799623779598696e-05,0.6,0.2934083601286174,0.6,0.2934083601286174,0.3065916398713826
4,CLEC7A,5.051654,2.5629478,4.3800111974227764e-07,1.2946630500434078e-05,0.30666666666666664,0.05466237942122187,0.30666666666666664,0.05466237942122187,0.25200428724544477
4,CNIH4,5.019974,2.3486576,5.167847412633709e-07,1.524235945289977e-05,0.32,0.06631832797427653,0.32,0.06631832797427653,0.25368167202572345
4,LAPTM4A,5.0134063,1.3796943,5.34748298953213e-07,1.5738195626088527e-05,0.47333333333333333,0.20940514469453375,0.47333333333333333,0.20940514469453375,0.2639281886387996
4,WAS,5.005845,1.2899882,5.561748718262144e-07,1.6319668185507535e-05,0.4866666666666667,0.20538585209003216,0.4866666666666667,0.20538585209003216,0.28128081457663456
4,LYSMD2,5.0051827,1.3993498,5.580905860158187e-07,1.6319668185507535e-05,0.4666666666666667,0.182475884244373,0.4666666666666667,0.182475884244373,0.2841907824222937
4,CNPY3,4.9878526,1.1852207,6.105408969007282e-07,1.78152702736674e-05,0.5533333333333333,0.262459807073955,0.5533333333333333,0.262459807073955,0.29087352625937835
4,RELT,4.9557314,3.1056306,7.205870510812015e-07,2.0892434754914834e-05,0.28,0.03617363344051447,0.28,0.03617363344051447,0.24382636655948556
4,PRDX1,4.944307,1.220723,7.641527494756766e-07,2.206188149437598e-05,0.5666666666666667,0.28938906752411575,0.5666666666666667,0.28938906752411575,0.2772775991425509
4,CSNK2B,4.935642,1.0853668,7.988761576862442e-07,2.301572322650496e-05,0.66,0.32315112540192925,0.66,0.32315112540192925,0.3368488745980708
4,SEC14L1,4.9337654,2.763423,8.065935962872552e-07,2.3189141370313176e-05,0.2866666666666667,0.0409967845659164,0.2866666666666667,0.0409967845659164,0.24566988210075028
4,DPEP2,4.915166,2.1833975,8.870733435565445e-07,2.5449314242874313e-05,0.32,0.07194533762057878,0.32,0.07194533762057878,0.24805466237942123
4,ANXA4,4.9108057,2.0625486,9.070291386770683e-07,2.5967274460742233e-05,0.3333333333333333,0.0860128617363344,0.3333333333333333,0.0860128617363344,0.2473204715969989
4,NAGK,4.8960695,1.7164452,9.777241187112193e-07,2.7932637165523874e-05,0.36666666666666664,0.10972668810289389,0.36666666666666664,0.10972668810289389,0.25693997856377276
4,DBNL,4.875925,1.2084883,1.0829982236289318e-06,3.087562367823944e-05,0.5133333333333333,0.22588424437299034,0.5133333333333333,0.22588424437299034,0.28744908896034294
4,VDAC1,4.868971,1.3431168,1.1218099296188557e-06,3.191549249765644e-05,0.4666666666666667,0.1989549839228296,0.4666666666666667,0.1989549839228296,0.26771168274383705
4,COMMD9,4.864997,1.7663231,1.1445853754272813e-06,3.249575444248431e-05,0.36,0.10691318327974277,0.36,0.10691318327974277,0.25308681672025723
4,ODF3B,4.84143,1.733755,1.2890785728181735e-06,3.652210993859954e-05,0.36,0.10731511254019292,0.36,0.10731511254019292,0.25268488745980705
4,SCPEP1,4.839333,1.6750393,1.302755506800908e-06,3.6833186751290265e-05,0.37333333333333335,0.12258842443729903,0.37333333333333335,0.12258842443729903,0.2507449088960343
4,LTA4H,4.8346972,1.4501815,1.3334857603462104e-06,3.7624135420016215e-05,0.41333333333333333,0.1487138263665595,0.41333333333333333,0.1487138263665595,0.26461950696677383
4,ATP1A1,4.8180842,1.4144158,1.4494301761464954e-06,4.077227457809439e-05,0.44666666666666666,0.1772508038585209,0.44666666666666666,0.1772508038585209,0.2694158628081458
4,FAM45A,4.8178635,2.1842446,1.45103437646118e-06,4.077227457809439e-05,0.31333333333333335,0.07114147909967845,0.31333333333333335,0.07114147909967845,0.2421918542336549
4,MRPL23,4.8172565,1.1510766,1.4554547350992624e-06,4.081250485116125e-05,0.5666666666666667,0.2733118971061093,0.5666666666666667,0.2733118971061093,0.29335476956055734
4,CASP4,4.802079,1.0943477,1.5702671306549337e-06,4.394173757422905e-05,0.5866666666666667,0.30064308681672025,0.5866666666666667,0.30064308681672025,0.2860235798499464
4,APLP2,4.7897716,1.4343213,1.6697145993090198e-06,4.66290850064703e-05,0.41333333333333333,0.15152733118971062,0.41333333333333333,0.15152733118971062,0.2618060021436227
4,MPC1,4.7673635,1.5449853,1.866521716513286e-06,5.191287283239396e-05,0.3933333333333333,0.14188102893890675,0.3933333333333333,0.14188102893890675,0.25145230439442656
4,IMPDH1,4.7460046,2.1054149,2.0747388563600052e-06,5.758665411067527e-05,0.31333333333333335,0.07194533762057878,0.31333333333333335,0.07194533762057878,0.24138799571275457
4,POMP,4.7381124,1.4535927,2.1571820022934613e-06,5.9753503901256606e-05,0.4,0.1422829581993569,0.4,0.1422829581993569,0.25771704180064314
4,GLIPR1,4.7364016,1.2603344,2.175464724216876e-06,6.013794792288595e-05,0.46,0.192524115755627,0.46,0.192524115755627,0.267475884244373
4,RAB32,4.729889,2.0350294,2.2464277539336353e-06,6.197417658124793e-05,0.31333333333333335,0.07234726688102894,0.31333333333333335,0.07234726688102894,0.24098606645230441
4,GLUL,4.719789,1.7176812,2.3608955708741926e-06,6.500078612068139e-05,0.35333333333333333,0.10811897106109325,0.35333333333333333,0.10811897106109325,0.24521436227224008
4,CX3CR1,4.6963325,2.1764653,2.648741246480728e-06,7.277909549686282e-05,0.3,0.06310289389067524,0.3,0.06310289389067524,0.23689710610932474
4,ARHGDIA,4.695284,1.0742278,2.662366164679517e-06,7.300657097362146e-05,0.5733333333333334,0.2721061093247588,0.5733333333333334,0.2721061093247588,0.30122722400857455
4,TGFB1,4.693849,1.2824639,2.6811198302992663e-06,7.337349178871098e-05,0.44666666666666666,0.18528938906752412,0.44666666666666666,0.18528938906752412,0.26137727759914253
4,PAK1,4.690758,2.669508,2.7219438832873345e-06,7.433357774562773e-05,0.2733333333333333,0.039790996784565914,0.2733333333333333,0.039790996784565914,0.2335423365487674
4,RAB5C,4.690372,1.1610686,2.727088638734585e-06,7.433357774562773e-05,0.5466666666666666,0.26607717041800644,0.5466666666666666,0.26607717041800644,0.2805894962486602
4,MMP24-AS1,4.688992,1.710491,2.7455390508283802e-06,7.46874129046063e-05,0.35333333333333333,0.10771704180064309,0.35333333333333333,0.10771704180064309,0.24561629153269024
4,IGSF6,4.685681,1.8656961,2.7903100619203675e-06,7.575442187988974e-05,0.3333333333333333,0.09525723472668811,0.3333333333333333,0.09525723472668811,0.2380760986066452
4,BST2,4.6726556,1.0133034,2.973301696019019e-06,8.056231738261057e-05,0.76,0.4304662379421222,0.76,0.4304662379421222,0.3295337620578778
4,FAM46A,4.669841,2.3952923,3.014332406373891e-06,8.151232344839973e-05,0.2866666666666667,0.05305466237942122,0.2866666666666667,0.05305466237942122,0.23361200428724546
4,CBR1,4.660734,1.6644232,3.150833341249037e-06,8.498128559901303e-05,0.35333333333333333,0.10570739549839228,0.35333333333333333,0.10570739549839228,0.24762593783494105
4,RNF135,4.6549945,2.5896168,3.2398957600063023e-06,8.709452066662611e-05,0.2733333333333333,0.03938906752411576,0.2733333333333333,0.03938906752411576,0.23394426580921757
4,CD44,4.6519036,0.9470766,3.2888474638421613e-06,8.823674060162781e-05,0.7266666666666667,0.44614147909967844,0.7266666666666667,0.44614147909967844,0.28052518756698824
4,HOTAIRM1,4.651186,2.5672102,3.300312279905636e-06,8.837071469488503e-05,0.28,0.049437299035369774,0.28,0.049437299035369774,0.23056270096463025
4,DYNLL1,4.639375,1.0561407,3.494640251582272e-06,9.33910122810323e-05,0.5933333333333334,0.3247588424437299,0.5933333333333334,0.3247588424437299,0.2685744908896035
4,LILRA2,4.616526,2.9225168,3.902170247924787e-06,0.00010407819708136893,0.26,0.03135048231511254,0.26,0.03135048231511254,0.22864951768488748
4,RILPL2,4.6134353,1.2639818,3.960674788036366e-06,0.00010543269962071076,0.44,0.1760450160771704,0.44,0.1760450160771704,0.26395498392282957
4,FAM49B,4.611559,1.0511336,3.996604579506676e-06,0.00010618216369210733,0.5666666666666667,0.2869774919614148,0.5666666666666667,0.2869774919614148,0.27968917470525184
4,SNAP23,4.6044393,1.5284162,4.135788430411441e-06,0.00010945412171647024,0.37333333333333335,0.12942122186495178,0.37333333333333335,0.12942122186495178,0.24391211146838157
4,ARF1,4.589979,0.97980887,4.432904264331156e-06,0.00011709040741529259,0.76,0.4364951768488746,0.76,0.4364951768488746,0.3235048231511254
4,ENO1,4.5857844,0.9021515,4.5228481818739155e-06,0.00011923554975225906,0.8,0.5514469453376206,0.8,0.5514469453376206,0.24855305466237942
4,PGAM1,4.5777817,1.1603237,4.699324482974145e-06,0.00012341149065287486,0.49333333333333335,0.2214630225080386,0.49333333333333335,0.2214630225080386,0.2718703108252948
4,SEPT9,4.556699,1.0427958,5.196386357464072e-06,0.00013620317101253237,0.5933333333333334,0.32315112540192925,0.5933333333333334,0.32315112540192925,0.27018220793140413
4,AGPAT2,4.542515,2.1631238,5.558713950085414e-06,0.00014542106839533794,0.29333333333333333,0.06310289389067524,0.29333333333333333,0.06310289389067524,0.23023043944265809
4,OSCAR,4.5277233,2.7545931,5.962256233825049e-06,0.0001556798683157072,0.26666666666666666,0.04180064308681672,0.26666666666666666,0.04180064308681672,0.22486602357984994
4,ATP6V0E1,4.522425,0.9324402,6.1135148161628475e-06,0.00015932472963648824,0.8533333333333334,0.547427652733119,0.8533333333333334,0.547427652733119,0.3059056806002144
4,RTN4,4.521873,1.2582756,6.129480431720311e-06,0.00015943654242966203,0.47333333333333333,0.22869774919614147,0.47333333333333333,0.22869774919614147,0.24463558413719186
4,EIF6,4.5202174,1.1832389,6.177617026550483e-06,0.0001603831523090749,0.4666666666666667,0.2110128617363344,0.4666666666666667,0.2110128617363344,0.2556538049303323
4,UQCRFS1,4.518396,1.0709417,6.230985050975956e-06,0.0001614617302772821,0.5533333333333333,0.2721061093247588,0.5533333333333333,0.2721061093247588,0.28122722400857453
4,NAGA,4.515802,2.7944622,6.307756220804111e-06,0.0001630453195710807,0.26,0.03577170418006431,0.26,0.03577170418006431,0.2242282958199357
4,NDUFB5,4.5155263,1.3179351,6.3159764245094965e-06,0.0001630453195710807,0.44666666666666666,0.19935691318327975,0.44666666666666666,0.19935691318327975,0.2473097534833869
4,RIN3,4.5108347,1.8335689,6.457298015201165e-06,0.00016637898433129644,0.32,0.08480707395498392,0.32,0.08480707395498392,0.23519292604501607
4,ARRB1,4.509124,2.9916327,6.509587777643477e-06,0.00016741041561487633,0.25333333333333335,0.03094855305466238,0.25333333333333335,0.03094855305466238,0.22238478027867098
4,IFIT3,4.4993,1.7537122,6.817762454807144e-06,0.0001750063234639969,0.32666666666666666,0.09525723472668811,0.32666666666666666,0.09525723472668811,0.23140943193997854
4,ARRDC1,4.498196,1.7262175,6.853248327893566e-06,0.00017558716541409857,0.32666666666666666,0.0912379421221865,0.32666666666666666,0.0912379421221865,0.23542872454448016
4,WDR1,4.489531,1.1526835,7.138014713723671e-06,0.00018254069088129295,0.5066666666666667,0.2479903536977492,0.5066666666666667,0.2479903536977492,0.2586763129689175
4,CEBPD,4.4842877,1.1054047,7.315784375062535e-06,0.00018638871534674249,0.47333333333333333,0.20980707395498394,0.47333333333333333,0.20980707395498394,0.2635262593783494
4,CD52,4.4732494,0.6067578,7.703975369903873e-06,0.0001959133848257119,0.98,0.889871382636656,0.98,0.889871382636656,0.09012861736334399
4,SP110,4.468779,1.0792885,7.866730739781526e-06,0.00019968043677036528,0.5533333333333333,0.26768488745980706,0.5533333333333333,0.26768488745980706,0.2856484458735263
4,C7orf73,4.4673443,1.3065919,7.919666484600573e-06,0.0002006511419549266,0.41333333333333333,0.16760450160771703,0.41333333333333333,0.16760450160771703,0.2457288317256163
4,ZFP36,4.4616594,0.80390906,8.132739383431658e-06,0.00020566794262989394,0.88,0.6953376205787781,0.88,0.6953376205787781,0.18466237942122188
4,PTPN18,4.460887,1.5619032,8.1621203463095e-06,0.00020602941857523577,0.36,0.1290192926045016,0.36,0.1290192926045016,0.2309807073954984
4,SELK,4.458679,1.0340579,8.246626076848083e-06,0.00020777846071113918,0.56,0.27692926045016075,0.56,0.27692926045016075,0.2830707395498393
4,PPT1,4.438369,1.3017166,9.064322615218682e-06,0.0002271236507035345,0.4266666666666667,0.17885852090032153,0.4266666666666667,0.17885852090032153,0.24780814576634516
4,TNFRSF14,4.4313045,1.1829281,9.366480500473524e-06,0.00023426494086898616,0.4666666666666667,0.2069935691318328,0.4666666666666667,0.2069935691318328,0.25967309753483386
4,ICAM3,4.429759,0.9481023,9.433848444400709e-06,0.000235518527160395,0.6933333333333334,0.40635048231511256,0.6933333333333334,0.40635048231511256,0.2869828510182208
4,ATOX1,4.426668,1.6579908,9.56997560535001e-06,0.00023848099793186082,0.3333333333333333,0.1045016077170418,0.3333333333333333,0.1045016077170418,0.2288317256162915
4,CRIP1,4.4139743,0.9749036,1.0149004272921161e-05,0.00025244954890894604,0.6133333333333333,0.3557073954983923,0.6133333333333333,0.3557073954983923,0.257625937834941
4,TMEM179B,4.4096694,1.4107525,1.0352858563062662e-05,0.0002565855472544169,0.38666666666666666,0.14790996784565916,0.38666666666666666,0.14790996784565916,0.2387566988210075
4,SRI,4.3997903,1.1034452,1.0835564114802536e-05,0.0002680624339705497,0.5066666666666667,0.2532154340836013,0.5066666666666667,0.2532154340836013,0.2534512325830654
4,COX7A2,4.396313,0.94631547,1.1010511150322274e-05,0.00027189790283689146,0.6533333333333333,0.385048231511254,0.6533333333333333,0.385048231511254,0.2682851018220793
4,LAMTOR2,4.384171,1.1264297,1.1642831064554061e-05,0.00028699368414720263,0.4666666666666667,0.20940514469453375,0.4666666666666667,0.20940514469453375,0.2572615219721329
4,EIF4EBP1,4.379204,1.6158732,1.191137227732638e-05,0.0002925570140632537,0.34,0.11053054662379422,0.34,0.11053054662379422,0.2294694533762058
4,CCDC12,4.3715873,1.1661217,1.2334647438017453e-05,0.000302409237726331,0.49333333333333335,0.23311897106109325,0.49333333333333335,0.23311897106109325,0.2602143622722401
4,PSMB8,4.370208,0.91075826,1.2412847698180455e-05,0.0003037810899038572,0.7266666666666667,0.4437299035369775,0.7266666666666667,0.4437299035369775,0.2829367631296892
4,FPR1,4.3546987,1.7222146,1.3324997664163181e-05,0.0003255208731696107,0.32,0.09606109324758842,0.32,0.09606109324758842,0.22393890675241157
4,UBC,4.343164,0.66871315,1.4044528685195672e-05,0.00034248586379470017,0.9733333333333334,0.8460610932475884,0.9733333333333334,0.8460610932475884,0.127272240085745
4,NCKAP1L,4.3327327,1.7199903,1.4726984726324416e-05,0.0003572143932907393,0.32,0.09445337620578778,0.32,0.09445337620578778,0.22554662379421223
4,CALM3,4.332015,1.0202547,1.4775070463753718e-05,0.00035774532314365384,0.62,0.34807073954983925,0.62,0.34807073954983925,0.27192926045016075
4,LILRB4,4.3255577,2.6922855,1.521463136792573e-05,0.0003677362937352102,0.25333333333333335,0.04019292604501608,0.25333333333333335,0.04019292604501608,0.2131404072883173
4,RNPEP,4.309718,1.9092157,1.6346285938378676e-05,0.0003936946750873002,0.3,0.08038585209003216,0.3,0.08038585209003216,0.21961414790996783
4,TBCB,4.3050265,1.0426453,1.6696556923236102e-05,0.0004014228544783666,0.5533333333333333,0.2922025723472669,0.5533333333333333,0.2922025723472669,0.26113076098606647
4,NDUFA4,4.2726293,0.8194496,1.9318130875112946e-05,0.00046282174601849544,0.74,0.5144694533762058,0.74,0.5144694533762058,0.22553054662379424
4,CLTA,4.2706976,1.003198,1.9486231662487065e-05,0.00046486481695814447,0.5466666666666666,0.27692926045016075,0.5466666666666666,0.27692926045016075,0.2697374062165059
4,IDH2,4.270477,1.2445953,1.950553164301529e-05,0.00046486481695814447,0.4066666666666667,0.17041800643086816,0.4066666666666667,0.17041800643086816,0.23624866023579852
4,UTRN,4.26413,1.9787511,2.006825571461105e-05,0.0004774426829943005,0.29333333333333333,0.0747588424437299,0.29333333333333333,0.0747588424437299,0.21857449088960343
4,PTGES3,4.260101,0.90749955,2.0433448229116566e-05,0.0004852855113335927,0.62,0.3959003215434084,0.62,0.3959003215434084,0.22409967845659162
4,GNAS,4.257452,1.0128564,2.0677013643561418e-05,0.0004902175317994353,0.54,0.2853697749196141,0.54,0.2853697749196141,0.2546302250803859
4,SDHB,4.2267103,1.0876132,2.3713256879642952e-05,0.0005583245447386278,0.4533333333333333,0.20217041800643087,0.4533333333333333,0.20217041800643087,0.25116291532690244
4,GAPDH,4.2174935,0.68139416,2.470330070080965e-05,0.0005806338629436431,0.98,0.8432475884244373,0.98,0.8432475884244373,0.13675241157556273
4,SH3GLB1,4.198397,1.4241614,2.6881074937999222e-05,0.0006296534465751585,0.35333333333333333,0.1290192926045016,0.35333333333333333,0.1290192926045016,0.22431404072883174
4,ATP5EP2,4.196631,1.0237261,2.709146081966645e-05,0.0006334948440982279,0.52,0.26808681672025725,0.52,0.26808681672025725,0.25191318327974277
4,SNAP29,4.1904497,1.916825,2.78402089457816e-05,0.0006498904160061427,0.2866666666666667,0.07234726688102894,0.2866666666666667,0.07234726688102894,0.21431939978563774
4,SAP18,4.1793013,0.8919508,2.9240632727632927e-05,0.0006814165196733024,0.7466666666666667,0.4630225080385852,0.7466666666666667,0.4630225080385852,0.2836441586280815
4,PPP4C,4.172071,1.0035917,3.0184347623113164e-05,0.0007022103085881318,0.54,0.27692926045016075,0.54,0.27692926045016075,0.2630707395498393
4,GNAI3,4.1707463,1.3963927,3.0360350019522874e-05,0.0007051036392289189,0.35333333333333333,0.13143086816720256,0.35333333333333333,0.13143086816720256,0.22190246516613077
4,PPCS,4.165448,1.187193,3.10741608283212e-05,0.0007204562653167306,0.41333333333333333,0.1772508038585209,0.41333333333333333,0.1772508038585209,0.23608252947481242
4,NDUFB7,4.162468,0.95783395,3.1482658134542437e-05,0.0007283370752846187,0.5533333333333333,0.2709003215434084,0.5533333333333333,0.2709003215434084,0.28243301178992497
4,ERP44,4.162192,1.2575333,3.152073897870604e-05,0.0007283370752846187,0.3933333333333333,0.16318327974276528,0.3933333333333333,0.16318327974276528,0.23015005359056803
4,NUP214,4.1433163,1.344781,3.4231911774440526e-05,0.0007883153241007755,0.35333333333333333,0.13183279742765272,0.35333333333333333,0.13183279742765272,0.2215005359056806
4,UQCR10,4.1409984,0.9202734,3.457973951318144e-05,0.0007949847185050602,0.6,0.3340032154340836,0.6,0.3340032154340836,0.26599678456591636
4,LCP1,4.1368036,0.91333467,3.521769085759975e-05,0.000806934205287554,0.6266666666666667,0.37258842443729906,0.6266666666666667,0.37258842443729906,0.25407824222936765
4,SERPINB1,4.1363626,0.9142131,3.5285490026930415e-05,0.0008071334201135038,0.6266666666666667,0.3496784565916399,0.6266666666666667,0.3496784565916399,0.27698821007502683
4,RTN3,4.135369,1.4841412,3.5438491626194455e-05,0.0008092776616175776,0.3333333333333333,0.11414790996784566,0.3333333333333333,0.11414790996784566,0.21918542336548766
4,ALOX5,4.1225095,1.8044405,3.747674405310201e-05,0.0008543946857915877,0.2866666666666667,0.07355305466237942,0.2866666666666667,0.07355305466237942,0.21311361200428725
4,AKIRIN2,4.119584,1.4129446,3.795567313154881e-05,0.0008638711204740509,0.34,0.11655948553054662,0.34,0.11655948553054662,0.2234405144694534
4,RALB,4.1171556,1.8577958,3.8357682744348706e-05,0.0008701204577355912,0.2866666666666667,0.0747588424437299,0.2866666666666667,0.0747588424437299,0.21190782422293677
4,RABGAP1L,4.111692,1.8148022,3.927703203285794e-05,0.0008894977602665141,0.29333333333333333,0.0840032154340836,0.29333333333333333,0.0840032154340836,0.20933011789924974
4,GNG2,4.0853105,1.4260269,4.401792651803281e-05,0.0009935682719508364,0.3333333333333333,0.11213826366559486,0.3333333333333333,0.11213826366559486,0.22119506966773844
4,PSMD4,4.069912,1.0255736,4.703088418520674e-05,0.001058078672871801,0.5266666666666666,0.2709003215434084,0.5266666666666666,0.2709003215434084,0.25576634512325824
4,GPX4,4.0656624,0.79190993,4.789623830266557e-05,0.0010757747208243438,0.7533333333333333,0.5317524115755627,0.7533333333333333,0.5317524115755627,0.22158092175777055
4,WASF2,4.063841,1.1325808,4.8271706820599485e-05,0.0010824276327456594,0.42,0.182475884244373,0.42,0.182475884244373,0.23752411575562699
4,CD302,4.055231,2.3358054,5.0084737518700825e-05,0.0011188972564751183,0.25333333333333335,0.053858520900321546,0.25333333333333335,0.053858520900321546,0.1994748124330118
4,MTHFD2,4.0549555,2.1060514,5.0143901652224106e-05,0.0011188972564751183,0.26666666666666666,0.0635048231511254,0.26666666666666666,0.0635048231511254,0.20316184351554126
4,ACTG1,4.0239377,0.6211329,5.723304496758208e-05,0.0012749991224752053,0.98,0.8569131832797428,0.98,0.8569131832797428,0.12308681672025723
4,YWHAH,4.018419,1.2215385,5.8590029706439836e-05,0.0013031033317119584,0.3933333333333333,0.18569131832797428,0.3933333333333333,0.18569131832797428,0.20764201500535903
4,CTSH,4.014831,1.1403563,5.9488348968441685e-05,0.0013209315341675442,0.3933333333333333,0.16438906752411575,0.3933333333333333,0.16438906752411575,0.22894426580921756
4,SHKBP1,4.010637,1.2892107,6.0555230913281096e-05,0.0013424386905061146,0.36666666666666664,0.15393890675241156,0.36666666666666664,0.15393890675241156,0.21272775991425508
4,C11orf21,4.0068283,2.0859969,6.153951563688026e-05,0.0013620480154574342,0.26,0.05827974276527331,0.26,0.05827974276527331,0.2017202572347267
4,EMC7,4.003517,1.1722918,6.240770957569052e-05,0.0013790286115948703,0.3933333333333333,0.16519292604501606,0.3933333333333333,0.16519292604501606,0.22814040728831725
4,SNX10,4.001144,1.6521276,6.303703430398255e-05,0.0013884415168632027,0.29333333333333333,0.08480707395498392,0.29333333333333333,0.08480707395498392,0.2085262593783494
4,PARVG,3.9920924,1.2694411,6.549283331983023e-05,0.0014378941025974304,0.36,0.1402733118971061,0.36,0.1402733118971061,0.2197266881028939
4,ICAM2,3.9840345,1.0667653,6.775502615171414e-05,0.0014851727722757758,0.46,0.2266881028938907,0.46,0.2266881028938907,0.23331189710610933
4,C7orf50,3.981551,1.2203755,6.846705292477171e-05,0.0014983751197767347,0.37333333333333335,0.1487138263665595,0.37333333333333335,0.1487138263665595,0.22461950696677385
4,IFIT1,3.9741552,1.7957772,7.06294746681579e-05,0.0015432257697093829,0.2733333333333333,0.06993569131832797,0.2733333333333333,0.06993569131832797,0.20339764201500535
4,MTHFS,3.9697952,1.3952022,7.19344429843455e-05,0.00156922804056585,0.32666666666666666,0.11334405144694534,0.32666666666666666,0.11334405144694534,0.21332261521972132
4,RASGRP2,3.9539,1.0259112,7.688752319480504e-05,0.0016746028975251316,0.4533333333333333,0.22990353697749197,0.4533333333333333,0.22990353697749197,0.22342979635584134
4,MRPL18,3.9520235,1.1528486,7.749309738122526e-05,0.0016851046780860066,0.41333333333333333,0.18167202572347266,0.41333333333333333,0.18167202572347266,0.23166130760986067
4,CDC42,3.9430275,0.8731067,8.045945069299524e-05,0.001746827120291801,0.64,0.35811897106109325,0.64,0.35811897106109325,0.28188102893890676
4,SCO2,3.9419236,1.4681369,8.083072624592297e-05,0.001752102218435435,0.32666666666666666,0.12178456591639872,0.32666666666666666,0.12178456591639872,0.20488210075026794
4,SPG21,3.9363494,1.2155497,8.273053678333069e-05,0.0017876079277107024,0.38,0.1639871382636656,0.38,0.1639871382636656,0.2160128617363344
4,RNF213,3.9301126,1.0528896,8.490606415744379e-05,0.001831717554714143,0.44666666666666666,0.2142282958199357,0.44666666666666666,0.2142282958199357,0.23243837084673097
4,ATP5F1,3.928457,0.8756918,8.549265501525327e-05,0.0018414632443033104,0.6133333333333333,0.35852090032154343,0.6133333333333333,0.35852090032154343,0.25481243301178985
4,BIN2,3.9224963,0.8600049,8.763624514126558e-05,0.0018846623049592484,0.6066666666666667,0.3553054662379421,0.6066666666666667,0.3553054662379421,0.25136120042872456
4,KLF3,3.9210613,1.6027746,8.815982595233416e-05,0.0018929411685614393,0.3,0.09565916398713827,0.3,0.09565916398713827,0.20434083601286174
4,PSMC3,3.9202886,1.1565192,8.844297676077211e-05,0.0018960397027395664,0.38666666666666666,0.16237942122186494,0.38666666666666666,0.16237942122186494,0.22428724544480172
4,SNX5,3.9101334,1.6169916,9.224514458656545e-05,0.0019682807726158404,0.3,0.09485530546623794,0.3,0.09485530546623794,0.20514469453376205
4,FMNL1,3.9018548,1.0167555,9.545842977944338e-05,0.0020336666412918546,0.44,0.2090032154340836,0.44,0.2090032154340836,0.2309967845659164
4,TSPAN14,3.9011924,1.4893631,9.572000757473997e-05,0.002036062964860824,0.30666666666666664,0.09967845659163987,0.30666666666666664,0.09967845659163987,0.20698821007502677
4,C1orf43,3.895563,1.0530787,9.797090718641567e-05,0.0020807009464038763,0.44,0.21463022508038584,0.44,0.21463022508038584,0.22536977491961416
4,ZNHIT1,3.8634968,0.93747693,0.00011177533344753456,0.002355561656727673,0.5,0.2616559485530547,0.5,0.2616559485530547,0.23834405144694532
4,SAMHD1,3.8410892,0.96682554,0.00012248958401488112,0.0025773771329849256,0.4666666666666667,0.2295016077170418,0.4666666666666667,0.2295016077170418,0.23716505894962486
4,PSMB6,3.8344662,0.9053587,0.00012583724087255523,0.0026437436328547908,0.52,0.2632636655948553,0.52,0.2632636655948553,0.2567363344051447
4,HERPUD1,3.8172467,1.0199195,0.00013494927302244993,0.0028253121717970123,0.42,0.1997588424437299,0.42,0.1997588424437299,0.22024115755627008
4,MTPN,3.8169706,1.4085263,0.00013510023785760466,0.0028253121717970123,0.32,0.11937299035369775,0.32,0.11937299035369775,0.20062700964630226
4,CHMP2A,3.8165843,0.9821757,0.00013531185594566918,0.0028254108635994775,0.47333333333333333,0.2516077170418006,0.47333333333333333,0.2516077170418006,0.2217256162915327
4,NDUFB3,3.8116722,1.2720187,0.00013802979929983494,0.0028777632660130473,0.3333333333333333,0.12861736334405144,0.3333333333333333,0.12861736334405144,0.20471596998928188
4,IDH3G,3.8078089,1.029294,0.0001402035514342049,0.0029186275890022897,0.41333333333333333,0.18689710610932475,0.41333333333333333,0.18689710610932475,0.22643622722400858
4,SELT,3.806153,0.92217714,0.0001411449953062218,0.0029337535097439344,0.54,0.2865755627009646,0.54,0.2865755627009646,0.2534244372990354
4,LSM10,3.8013515,1.0117044,0.00014390896495538601,0.002986657789408437,0.42,0.19935691318327975,0.42,0.19935691318327975,0.22064308681672024
4,PMVK,3.800965,1.3016005,0.00014413355481739608,0.00298677970346944,0.34,0.13384244372990353,0.34,0.13384244372990353,0.2061575562700965
4,CALHM2,3.7911963,1.958918,0.000149923375335806,0.0031020509296754042,0.25333333333333335,0.06229903536977492,0.25333333333333335,0.06229903536977492,0.19103429796355842
4,MYL12B,3.7828624,0.78423774,0.0001550350926829802,0.0032029640327969405,0.92,0.6881028938906752,0.92,0.6881028938906752,0.2318971061093248
4,SMAP2,3.7793853,1.1478684,0.00015721592177996992,0.003243112730856902,0.36,0.1495176848874598,0.36,0.1495176848874598,0.21048231511254017
4,ARPC1A,3.774363,1.2929314,0.0001604170293159573,0.003304155282562161,0.32,0.11173633440514469,0.32,0.11173633440514469,0.20826366559485532
4,TMBIM4-1,3.751569,0.8999681,0.00017573135392418983,0.003597882112726741,0.5133333333333333,0.27773311897106107,0.5133333333333333,0.27773311897106107,0.23560021436227224
4,TREX1,3.750079,1.3416361,0.00017677896325526767,0.0036139124584040946,0.31333333333333335,0.11093247588424437,0.31333333333333335,0.11093247588424437,0.20240085744908898
4,PLEKHO1,3.744394,1.8400201,0.00018082957775908696,0.003691193892194457,0.26,0.0707395498392283,0.26,0.0707395498392283,0.1892604501607717
4,PSMA4,3.7176263,1.231889,0.00020110335893274993,0.004092798017266219,0.3333333333333333,0.1310289389067524,0.3333333333333333,0.1310289389067524,0.2023043944265809
4,NMI,3.716909,1.1678246,0.0002016750954381569,0.004098326046582545,0.36666666666666664,0.16358520900321544,0.36666666666666664,0.16358520900321544,0.2030814576634512
4,CD83,3.7132664,1.8498191,0.00020460138894019047,0.0041516145131756926,0.25333333333333335,0.06471061093247589,0.25333333333333335,0.06471061093247589,0.18862272240085748
4,TNFRSF1A,3.707692,1.7580311,0.00020915682873110363,0.0042377531945874646,0.2733333333333333,0.0819935691318328,0.2733333333333333,0.0819935691318328,0.1913397642015005
4,NDUFS6,3.7066433,0.98907113,0.00021002436866573724,0.004249026338517493,0.44,0.2182475884244373,0.44,0.2182475884244373,0.2217524115755627
4,VMA21,3.6937287,1.7029734,0.0002209896489616741,0.0044642524352376065,0.26666666666666666,0.07596463022508039,0.26666666666666666,0.07596463022508039,0.1907020364415863
4,LMAN2,3.6887615,0.9142722,0.00022534842197863782,0.004545580576868948,0.48,0.2479903536977492,0.48,0.2479903536977492,0.2320096463022508
4,RAP1A,3.6861675,0.87473625,0.00022765661980087451,0.0045825852177953956,0.5666666666666667,0.3114951768488746,0.5666666666666667,0.3114951768488746,0.25517148981779203
4,LACTB,3.6859467,1.7931439,0.00022785408339799895,0.0045825852177953956,0.25333333333333335,0.06511254019292605,0.25333333333333335,0.06511254019292605,0.1882207931404073
4,UBE2J1,3.682635,1.4789735,0.00023083539502945965,0.004635717874297501,0.29333333333333333,0.10329581993569131,0.29333333333333333,0.10329581993569131,0.19003751339764202
4,FIBP,3.6754603,1.1525977,0.00023742094590248913,0.004760969805057844,0.36,0.16117363344051447,0.36,0.16117363344051447,0.19882636655948552
4,ETFA,3.6706586,1.315417,0.0002419262252278076,0.004844200193124547,0.32,0.12218649517684887,0.32,0.12218649517684887,0.19781350482315113
4,RER1,3.6650293,0.97328156,0.00024731039182774136,0.004944759459443098,0.4266666666666667,0.21463022508038584,0.4266666666666667,0.21463022508038584,0.21203644158628085
4,TMEM134,3.657468,1.3076187,0.0002547190751078584,0.005085443990749875,0.31333333333333335,0.11615755627009647,0.31333333333333335,0.11615755627009647,0.19717577706323688
4,MLX,3.649962,1.4673632,0.0002622791428229359,0.005221113665291564,0.3,0.10771704180064309,0.3,0.10771704180064309,0.1922829581993569
4,NCOA4,3.648858,1.1774888,0.00026340850027097446,0.005235962852547929,0.3333333333333333,0.13263665594855306,0.3333333333333333,0.13263665594855306,0.20069667738478025
4,ARF5,3.6452708,0.89974725,0.00026711047805763486,0.005301832395864916,0.5066666666666667,0.2857717041800643,0.5066666666666667,0.2857717041800643,0.2208949624866024
4,SSR3,3.6420696,1.1835592,0.0002704549035496412,0.0053604240390042095,0.36666666666666664,0.170016077170418,0.36666666666666664,0.170016077170418,0.19665058949624864
4,NDUFV2,3.6131494,0.89127505,0.0003025002761400779,0.005978210956539658,0.5,0.26889067524115756,0.5,0.26889067524115756,0.23110932475884244
4,ARPC4,3.609893,0.85609293,0.0003063231888913679,0.006045013681359132,0.5333333333333333,0.3034565916398714,0.5333333333333333,0.3034565916398714,0.22987674169346195
4,TCF25,3.5944395,0.9595024,0.0003250905705532094,0.006396883042470644,0.4533333333333333,0.2427652733118971,0.4533333333333333,0.2427652733118971,0.21056806002143622
4,LDHA,3.5893068,0.7862657,0.00033155845360190715,0.006496072083769934,0.7333333333333333,0.4786977491961415,0.7333333333333333,0.4786977491961415,0.2546355841371918
4,CMTM7,3.5877614,0.9919938,0.0003335292346487946,0.006525322676739167,0.4066666666666667,0.19011254019292603,0.4066666666666667,0.19011254019292603,0.21655412647374064
4,CTSA,3.5863817,1.1409862,0.00033529811789570816,0.006550545204554779,0.34,0.1402733118971061,0.34,0.1402733118971061,0.19972668810289393
4,LRPAP1,3.583567,1.0727693,0.0003389338919747461,0.0066121160411530475,0.36666666666666664,0.1692122186495177,0.36666666666666664,0.1692122186495177,0.19745444801714895
4,NDUFS7,3.5823526,0.89999723,0.00034051362443760565,0.006633457996176809,0.5,0.2805466237942122,0.5,0.2805466237942122,0.2194533762057878
4,TXN2,3.5806417,1.1646988,0.00034275130580013096,0.006667538222231608,0.3466666666666667,0.15233118971061094,0.3466666666666667,0.15233118971061094,0.19433547695605574
4,PSMD9,3.5781581,1.0203451,0.00034602404155965,0.0067216277546779234,0.38666666666666666,0.17282958199356913,0.38666666666666666,0.17282958199356913,0.21383708467309753
4,NDUFA12,3.5769439,0.996608,0.00034763466313734775,0.006743322386084688,0.42,0.2102090032154341,0.42,0.2102090032154341,0.2097909967845659
4,CECR1,3.5712042,1.3914808,0.00035534388558499833,0.006883086668863457,0.2866666666666667,0.0972668810289389,0.2866666666666667,0.0972668810289389,0.18939978563772777
4,UBE2B,3.5500658,1.1990685,0.000385134833226861,0.007433206465454462,0.34,0.1402733118971061,0.34,0.1402733118971061,0.19972668810289393
4,MIR142,3.5499003,1.0379101,0.00038537713660967773,0.007433206465454462,0.36,0.15594855305466238,0.36,0.15594855305466238,0.2040514469453376
4,NUDT3,3.5326254,1.7247759,0.000411455038493127,0.00790271449460217,0.25333333333333335,0.07315112540192927,0.25333333333333335,0.07315112540192927,0.1801822079314041
4,BUD31,3.5294795,0.82807404,0.00041637796468419906,0.007978162595495634,0.48,0.24316720257234728,0.48,0.24316720257234728,0.2368327974276527
4,TXNDC17,3.529369,1.3825879,0.0004165516938040705,0.007978162595495634,0.2866666666666667,0.10048231511254019,0.2866666666666667,0.10048231511254019,0.1861843515541265
4,COX6A1P2,3.5205386,1.0216179,0.00043067143692528413,0.008237043617159216,0.38,0.17765273311897106,0.38,0.17765273311897106,0.20234726688102894
4,GCA,3.519821,1.3709317,0.000431838078981842,0.008246574670151297,0.30666666666666664,0.12017684887459808,0.30666666666666664,0.12017684887459808,0.18648981779206858
4,CYTH4,3.51949,1.382955,0.0004323775237132637,0.008246574670151297,0.30666666666666664,0.12098070739549839,0.30666666666666664,0.12098070739549839,0.18568595927116827
4,ATP2B1,3.5104384,1.4843271,0.00044736824339160317,0.008473315855417106,0.2733333333333333,0.08963022508038586,0.2733333333333333,0.08963022508038586,0.18370310825294744
4,PTPRC,3.5095003,0.74430513,0.00044894960141250885,0.008491489967990611,0.6733333333333333,0.442524115755627,0.6733333333333333,0.442524115755627,0.23080921757770634
4,SYTL1,3.5081756,1.1447661,0.000451190989808462,0.008522080438207963,0.35333333333333333,0.1579581993569132,0.35333333333333333,0.1579581993569132,0.19537513397642015
4,ADI1,3.5003936,1.1116431,0.00046457145114699275,0.008762690244286372,0.34,0.147508038585209,0.34,0.147508038585209,0.19249196141479102
4,VIM,3.4986827,0.68102646,0.0004675624798969151,0.00879481160533371,0.9533333333333334,0.7922025723472669,0.9533333333333334,0.7922025723472669,0.1611307609860665
4,DUSP1,3.4964752,0.61649704,0.0004714484211668819,0.008855707894711058,0.9933333333333333,0.885048231511254,0.9933333333333333,0.885048231511254,0.10828510182207929
4,PSMB4,3.4783723,1.0043265,0.0005044685230042304,0.009462942513936498,0.37333333333333335,0.16881028938906753,0.37333333333333335,0.16881028938906753,0.20452304394426582
4,OSTF1,3.477103,0.84413826,0.0005068630314335535,0.009476639069549741,0.5066666666666667,0.2990353697749196,0.5066666666666667,0.2990353697749196,0.20763129689174709
4,TXNL1,3.4768822,0.9708976,0.0005072805477329277,0.009476639069549741,0.38,0.16961414790996784,0.38,0.16961414790996784,0.21038585209003216
4,PLIN2,3.475944,1.343905,0.0005090585714016991,0.009496863184510387,0.2866666666666667,0.10128617363344052,0.2866666666666667,0.10128617363344052,0.18538049303322618
4,SLIRP,3.4726877,1.2912942,0.0005152745290549709,0.009599712099283331,0.29333333333333333,0.10610932475884244,0.29333333333333333,0.10610932475884244,0.1872240085744909
4,POLR3K,3.4706457,1.4477162,0.0005192086909622745,0.009659828179537904,0.28,0.09847266881028939,0.28,0.09847266881028939,0.18152733118971065
4,NDUFA7-1,3.451715,1.0423026,0.0005570356672884159,0.010335433522405717,0.3466666666666667,0.15032154340836013,0.3466666666666667,0.15032154340836013,0.19634512325830655
4,PKN1,3.447907,1.330576,0.000564948834471627,0.010468034306030582,0.29333333333333333,0.11173633440514469,0.29333333333333333,0.11173633440514469,0.18159699892818865
4,STX10,3.4466374,1.1408412,0.0005676097363178943,0.010503087478532744,0.32666666666666666,0.13585209003215434,0.32666666666666666,0.13585209003215434,0.19081457663451232
4,MRPL21,3.4446507,1.087881,0.0005717980668214438,0.010551992433126536,0.34,0.15072347266881028,0.34,0.15072347266881028,0.18927652733118974
4,DEDD2,3.4434364,1.3121735,0.0005743717505516196,0.010585183030408797,0.29333333333333333,0.11213826366559486,0.29333333333333333,0.11213826366559486,0.18119506966773846
4,SERPINB6,3.4404562,0.99496615,0.0005807347765515816,0.010688024405105656,0.38,0.18287781350482316,0.38,0.18287781350482316,0.19712218649517685
4,MT-ND3,3.434109,0.9159059,0.0005945049851365359,0.010926729578767879,0.4066666666666667,0.19413183279742766,0.4066666666666667,0.19413183279742766,0.21253483386923902
4,RAB7A,3.4279277,0.7981138,0.0006082075827700362,0.011163552083746793,0.5266666666666666,0.3002411575562701,0.5266666666666666,0.3002411575562701,0.2264255091103965
4,AMICA1,3.4226294,0.84839803,0.0006201860104280679,0.011368134440813013,0.4666666666666667,0.2512057877813505,0.4666666666666667,0.2512057877813505,0.21546087888531618
4,MIDN,3.421415,1.5137888,0.0006229618078823313,0.011388442367391054,0.2733333333333333,0.0972668810289389,0.2733333333333333,0.0972668810289389,0.1760664523043944
4,ZNHIT3,3.4131365,1.1370093,0.000642197969623355,0.011693140630902047,0.35333333333333333,0.16197749196141478,0.35333333333333333,0.16197749196141478,0.19135584137191855
4,ADAR,3.4103768,1.066605,0.0006487318281649438,0.011796380619734318,0.36,0.17041800643086816,0.36,0.17041800643086816,0.18958199356913183
4,GUK1,3.4013255,0.7296951,0.0006705993924359662,0.012177799605193558,0.72,0.46663987138263663,0.72,0.46663987138263663,0.25336012861736334
4,LSMD1,3.3898456,1.0642421,0.0006993198034455585,0.01261547058897298,0.36,0.16519292604501606,0.36,0.16519292604501606,0.19480707395498392
4,CORO1B,3.3822293,1.0084176,0.0007190010629318914,0.012902337076738383,0.3466666666666667,0.15514469453376206,0.3466666666666667,0.15514469453376206,0.19152197213290462
4,CD4,3.381291,1.3203275,0.0007214608521319307,0.012929487397262003,0.2866666666666667,0.10691318327974277,0.2866666666666667,0.10691318327974277,0.17975348338692393
4,SRA1,3.3740609,1.3544136,0.0007406795797926972,0.013256514209238629,0.2733333333333333,0.09485530546623794,0.2733333333333333,0.09485530546623794,0.17847802786709538
4,UBE2A,3.3724604,1.2712733,0.0007449978972462191,0.01331634984920729,0.29333333333333333,0.11294212218649517,0.29333333333333333,0.11294212218649517,0.18039121114683815
4,GNB1,3.3668861,1.3053563,0.0007602207494933071,0.01357068569291582,0.2866666666666667,0.1085209003215434,0.2866666666666667,0.1085209003215434,0.17814576634512327
4,SRSF9,3.3586626,0.76054317,0.000783206222802215,0.01396274696943479,0.5266666666666666,0.2938102893890675,0.5266666666666666,0.2938102893890675,0.2328563772775991
4,NEDD8,3.3378003,0.7497179,0.0008444440526740932,0.014956845633355923,0.76,0.48633440514469456,0.76,0.48633440514469456,0.27366559485530545
4,POLR2F,3.3330538,0.98160124,0.0008589830220719622,0.01519465304328331,0.36,0.16559485530546625,0.36,0.16559485530546625,0.19440514469453374
4,CAPZA1,3.329025,0.9689124,0.0008715060263635573,0.015391581100084003,0.35333333333333333,0.16036977491961416,0.35333333333333333,0.16036977491961416,0.19296355841371918
4,TMEM147,3.328749,0.9644357,0.0008723699305407893,0.015391581100084003,0.37333333333333335,0.182475884244373,0.37333333333333335,0.182475884244373,0.19085744908896035
4,TMC6,3.3233402,1.1518551,0.0008894635659389402,0.015632579738046548,0.30666666666666664,0.12660771704180065,0.30666666666666664,0.12660771704180065,0.180058949624866
4,IL10RB,3.3095977,1.2991881,0.000934301804674052,0.016325286480586832,0.2733333333333333,0.0972668810289389,0.2733333333333333,0.0972668810289389,0.1760664523043944
4,TRAPPC1,3.309432,0.73508227,0.0009348545714571545,0.016325286480586832,0.7066666666666667,0.43488745980707394,0.7066666666666667,0.43488745980707394,0.2717792068595927
4,PRKCB,3.2986145,1.2496058,0.0009716322399648934,0.01694586190160994,0.30666666666666664,0.12982315112540194,0.30666666666666664,0.12982315112540194,0.1768435155412647
4,MAP1LC3B,3.296462,0.8586581,0.0009791082320812898,0.01703274142331477,0.44666666666666666,0.23995176848874597,0.44666666666666666,0.23995176848874597,0.2067148981779207
4,SSNA1,3.2930954,0.88938177,0.0009909083291147335,0.01721608669515369,0.41333333333333333,0.21302250803858522,0.41333333333333333,0.21302250803858522,0.2003108252947481
4,YWHAE,3.2868037,1.1570883,0.0010133146585269346,0.017583005053168767,0.31333333333333335,0.1322347266881029,0.31333333333333335,0.1322347266881029,0.18109860664523045
4,CHCHD5,3.2859206,1.0458697,0.00101649667116091,0.017615835712402775,0.32,0.13665594855305466,0.32,0.13665594855305466,0.18334405144694535
4,NDUFA1,3.2804015,0.7722194,0.0010365947108035992,0.017941365488889673,0.5533333333333333,0.3195337620578778,0.5533333333333333,0.3195337620578778,0.23379957127545553
4,ACO2,3.2719572,1.4633857,0.0010680574564048391,0.018414230955144734,0.25333333333333335,0.08319935691318328,0.25333333333333335,0.08319935691318328,0.17013397642015007
4,C19orf10,3.2717917,0.8797117,0.001068683111540383,0.018414230955144734,0.4066666666666667,0.2069935691318328,0.4066666666666667,0.2069935691318328,0.19967309753483387
4,MT-ATP6,3.271626,0.67062485,0.0010693091056993098,0.018414230955144734,0.9333333333333333,0.7311093247588425,0.9333333333333333,0.7311093247588425,0.20222400857449085
4,RAB18,3.268977,1.2872378,0.0010793712555351585,0.018564098067491343,0.2866666666666667,0.1157556270096463,0.2866666666666667,0.1157556270096463,0.17091103965702037
4,ZFAND6,3.2587664,1.005716,0.001118977286211296,0.019221073988052145,0.34,0.15393890675241156,0.34,0.15393890675241156,0.18606109324758846
4,PCMT1,3.251702,0.8461627,0.0011471622325063225,0.019631137151762332,0.42,0.21543408360128619,0.42,0.21543408360128619,0.2045659163987138
4,MKRN1,3.24828,0.9464336,0.00116104892267579,0.0198439099975727,0.38,0.1985530546623794,0.38,0.1985530546623794,0.1814469453376206
4,ANAPC11,3.2434232,0.79368097,0.0011810259351358562,0.020160112712769063,0.4533333333333333,0.2347266881028939,0.4533333333333333,0.2347266881028939,0.2186066452304394
4,AHNAK,3.241933,0.80105937,0.0011872186244741806,0.020240521268189027,0.47333333333333333,0.2628617363344051,0.47333333333333333,0.2628617363344051,0.2104715969989282
4,PDCL3,3.2341511,1.2330668,0.0012200484708107624,0.02076670983327314,0.2866666666666667,0.1137459807073955,0.2866666666666667,0.1137459807073955,0.17292068595927118
4,MYADM,3.233765,0.9304848,0.0012216999654994904,0.02076670983327314,0.36666666666666664,0.17966237942122187,0.36666666666666664,0.17966237942122187,0.18700428724544477
4,PLSCR1,3.230619,1.1257323,0.0012352249097426229,0.02092494393143453,0.30666666666666664,0.1310289389067524,0.30666666666666664,0.1310289389067524,0.17563772775991424
4,TMEM141,3.2218988,1.2479739,0.0012734413028774733,0.021469277076660215,0.2733333333333333,0.09967845659163987,0.2733333333333333,0.09967845659163987,0.17365487674169344
4,COMT,3.2149446,1.0773224,0.0013046967748690504,0.021969098837992296,0.32666666666666666,0.14630225080385853,0.32666666666666666,0.14630225080385853,0.18036441586280813
4,NDUFA2,3.2084322,0.7854538,0.0013346082687091848,0.022417479111307044,0.4533333333333333,0.2459807073954984,0.4533333333333333,0.2459807073954984,0.2073526259378349
4,CLTB,3.2059486,0.9128688,0.0013461809000047046,0.02258408645020178,0.36666666666666664,0.18086816720257234,0.36666666666666664,0.18086816720257234,0.1857984994640943
4,UQCRQ,3.2054517,0.7936841,0.0013485065064989552,0.022595343377607033,0.47333333333333333,0.282556270096463,0.47333333333333333,0.282556270096463,0.19077706323687033
4,BSG,3.2050102,0.79931635,0.0013505768231615958,0.022602300364086707,0.44,0.2379421221864952,0.44,0.2379421221864952,0.20205787781350482
4,PFKL,3.199767,1.299276,0.001375386996718886,0.022961228395101597,0.26666666666666666,0.09646302250803858,0.26666666666666666,0.09646302250803858,0.1702036441586281
4,MTIF3,3.1984425,1.2540289,0.0013817209949497403,0.02303880574729384,0.2733333333333333,0.10490353697749197,0.2733333333333333,0.10490353697749197,0.16842979635584135
4,ID2,3.1966212,0.68254447,0.00139047417260626,0.023156482074525718,0.6066666666666667,0.3741961414790997,0.6066666666666667,0.3741961414790997,0.232470525187567
4,PSENEN,3.1948,1.1205643,0.0013992784602415258,0.02327472186730606,0.30666666666666664,0.1310289389067524,0.30666666666666664,0.1310289389067524,0.17563772775991424
4,FKBP8,3.1755934,0.75186634,0.001495304293239775,0.024751364155736203,0.5133333333333333,0.30305466237942125,0.5133333333333333,0.30305466237942125,0.21027867095391206
4,SOD1,3.1635616,0.67636603,0.0015585136170815936,0.025735262339620608,0.6933333333333334,0.5016077170418006,0.6933333333333334,0.5016077170418006,0.19172561629153273
4,ATP5L,3.1579874,0.5984435,0.0015886248232509794,0.02616919250460238,0.8666666666666667,0.6893086816720257,0.8666666666666667,0.6893086816720257,0.17735798499464095
4,DCTN3,3.148991,0.8670676,0.001638351725472117,0.026923382867686196,0.42,0.2222668810289389,0.42,0.2222668810289389,0.19773311897106108
4,PAIP2,3.1467283,0.74065465,0.0016510831896589422,0.027099990430267448,0.5,0.3062700964630225,0.5,0.3062700964630225,0.1937299035369775
4,CTNNBL1,3.1353037,1.2905363,0.0017167628370720015,0.028009693313088713,0.26,0.09244372990353698,0.26,0.09244372990353698,0.167556270096463
4,PFDN2,3.1315508,0.90915674,0.0017388576461888836,0.02831319206931242,0.36,0.18569131832797428,0.36,0.18569131832797428,0.1743086816720257
4,MYH9,3.1314404,0.8535006,0.0017395114342525718,0.02831319206931242,0.36666666666666664,0.17885852090032153,0.36666666666666664,0.17885852090032153,0.1878081457663451
4,RAC2,3.1250381,0.6061998,0.0017778201602328399,0.02883362483151979,0.8533333333333334,0.639871382636656,0.8533333333333334,0.639871382636656,0.2134619506966774
4,DNAJA1,3.1250381,0.7167625,0.0017778201602328399,0.02883362483151979,0.5066666666666667,0.2837620578778135,0.5066666666666667,0.2837620578778135,0.2229046087888532
4,C4orf3,3.119519,0.6927403,0.0018114657633213265,0.029344456066329815,0.58,0.35892282958199356,0.58,0.35892282958199356,0.2210771704180064
4,SFT2D1,3.1088672,1.0696312,0.0018780617920770679,0.03031538041679012,0.30666666666666664,0.1382636655948553,0.30666666666666664,0.1382636655948553,0.16840300107181133
4,RHEB,3.1056108,1.1297847,0.001898864582269929,0.030614987881320128,0.3,0.13143086816720256,0.3,0.13143086816720256,0.16856913183279743
4,MT-ND5,3.0945725,0.68241924,0.001970967149647411,0.03174000872120877,0.74,0.5032154340836013,0.74,0.5032154340836013,0.23678456591639874
4,TIMM8B,3.0912611,1.2700654,0.0019930829883421796,0.0320583525192,0.26666666666666666,0.10168810289389067,0.26666666666666666,0.10168810289389067,0.16497856377277598
4,RAB2A,3.0893846,1.0153534,0.002005716171835752,0.032197696110622204,0.3333333333333333,0.15956591639871381,0.3333333333333333,0.15956591639871381,0.1737674169346195
4,DSTN,3.0892742,0.90434134,0.0020064615839293716,0.032197696110622204,0.36666666666666664,0.1885048231511254,0.36666666666666664,0.1885048231511254,0.17816184351554123
4,HLA-DQA1,3.0870113,0.5412942,0.0020217986691367577,0.032405730781375076,0.41333333333333333,0.20659163987138263,0.41333333333333333,0.20659163987138263,0.2067416934619507
4,RALY,3.0853004,0.79421985,0.0020334663410208984,0.03255453265296763,0.42,0.21583601286173634,0.42,0.21583601286173634,0.20416398713826364
4,UBE2E3,3.0806644,1.1656268,0.002065393178922282,0.03298831491387448,0.28,0.1137459807073955,0.28,0.1137459807073955,0.16625401929260453
4,MRPL27,3.0774634,1.3453568,0.00208770557527515,0.033305732869109164,0.25333333333333335,0.09244372990353698,0.25333333333333335,0.09244372990353698,0.16088960342979636
4,NDUFA11,3.0746486,0.677842,0.002107507542154528,0.033582407229477515,0.6466666666666666,0.3995176848874598,0.6466666666666666,0.3995176848874598,0.2471489817792068
4,SHFM1,3.070785,0.8220678,0.002134967227078966,0.03390129354998879,0.38666666666666666,0.1917202572347267,0.38666666666666666,0.1917202572347267,0.19494640943193997
4,MSRB1,3.0674186,1.2566735,0.0021591634777817434,0.03424568693680312,0.26,0.09887459807073955,0.26,0.09887459807073955,0.16112540192926045
4,UBXN1,3.0647693,0.7237888,0.0021783796151648863,0.03447039632061609,0.76,0.4959807073954984,0.76,0.4959807073954984,0.26401929260450163
4,TWF2,3.063555,0.87306714,0.002187239296550594,0.03457053221492467,0.35333333333333333,0.17363344051446947,0.35333333333333333,0.17363344051446947,0.17969989281886387
4,COPE,3.0585878,0.72541314,0.002223828447250812,0.03510820956723363,0.6733333333333333,0.42363344051446944,0.6733333333333333,0.42363344051446944,0.2496998928188639
4,FAM32A,3.0579808,1.1496365,0.0022283387158008707,0.03513879157387609,0.29333333333333333,0.13344051446945338,0.29333333333333333,0.13344051446945338,0.15989281886387996
4,CCDC90B,3.0567665,1.3177955,0.002237384410229007,0.03520013998397156,0.25333333333333335,0.09244372990353698,0.25333333333333335,0.09244372990353698,0.16088960342979636
4,TLN1,3.056049,1.1626459,0.0022427453964174657,0.035243879325059735,0.28,0.11776527331189711,0.28,0.11776527331189711,0.1622347266881029
4,UPP1,3.0545037,1.0361277,0.0022543321347110964,0.035385240955879006,0.30666666666666664,0.13786173633440515,0.30666666666666664,0.13786173633440515,0.1688049303322615
4,GRB2,3.0521858,0.8645405,0.0022718151058035204,0.03561872225585864,0.35333333333333333,0.17443729903536978,0.35333333333333333,0.17443729903536978,0.17889603429796355
4,KDELR2,3.0414233,0.92661446,0.002354624652932982,0.03687471818859266,0.34,0.1692122186495177,0.34,0.1692122186495177,0.17078778135048234
4,TANK,3.0409267,1.1575722,0.0023585125353607185,0.03689329574213743,0.2733333333333333,0.10691318327974277,0.2733333333333333,0.10691318327974277,0.16642015005359057
4,CD63,3.04043,0.68873185,0.002362406294843094,0.03691192261141567,0.5333333333333333,0.33360128617363344,0.5333333333333333,0.33360128617363344,0.1997320471596999
4,MCL1,3.030054,0.6747078,0.0024451000968893485,0.038073303219066074,0.66,0.3942926045016077,0.66,0.3942926045016077,0.26570739549839234
4,SNRPD3,3.0159252,0.94904155,0.0025619657592529845,0.03984761322136533,0.34,0.16840836012861737,0.34,0.16840836012861737,0.17159163987138265
4,FIS1,3.0099092,0.70595497,0.0026132579262494967,0.040553011637344455,0.54,0.3195337620578778,0.54,0.3195337620578778,0.22046623794212222
4,RP11-347P5.1,3.0083086,1.1084639,0.0026270616887900597,0.040720947130666346,0.2866666666666667,0.1229903536977492,0.2866666666666667,0.1229903536977492,0.1636763129689175
4,RPS6KB2,3.0038934,1.1767625,0.0026654873046923298,0.04126972180598464,0.25333333333333335,0.09083601286173633,0.25333333333333335,0.09083601286173633,0.16249732047159704
4,VIMP,3.0014648,1.0189469,0.002686839687724589,0.041553208126349925,0.30666666666666664,0.1434887459807074,0.30666666666666664,0.1434887459807074,0.16317792068595924
4,MAD1L1,3.0004163,1.2920713,0.0026961082642581223,0.04160986120141306,0.25333333333333335,0.09405144694533762,0.25333333333333335,0.09405144694533762,0.15928188638799573
4,STX7,3.0003612,1.0996914,0.0026965968924465844,0.04160986120141306,0.28,0.11535369774919614,0.28,0.11535369774919614,0.1646463022508039
4,MTMR14,2.987336,1.1996162,0.0028142024513176673,0.04332666141510041,0.26,0.09967845659163987,0.26,0.09967845659163987,0.16032154340836013
4,MIEN1,2.9836383,0.90109694,0.002848433851647412,0.04372951104288375,0.3466666666666667,0.17162379421221866,0.3466666666666667,0.17162379421221866,0.17504287245444802
4,GRK6,2.9834726,0.8912744,0.002849975456075464,0.04372951104288375,0.35333333333333333,0.17926045016077172,0.35333333333333333,0.17926045016077172,0.17407288317256162
4,PABPC1,2.9787261,0.520844,0.0028944933285998363,0.04431300548807104,0.9666666666666667,0.8540996784565916,0.9666666666666667,0.8540996784565916,0.11256698821007505
4,EIF5,2.973759,0.7365642,0.0029417607211266765,0.044986208743231684,0.4533333333333333,0.2644694533762058,0.4533333333333333,0.2644694533762058,0.1888638799571275
4,OTUB1,2.9617271,0.937692,0.003059186374158155,0.046625278041856885,0.32,0.15233118971061094,0.32,0.15233118971061094,0.16766881028938907
4,SNX17,2.9612858,0.8433118,0.0030635757807739345,0.04664012359225067,0.38666666666666666,0.20819935691318328,0.38666666666666666,0.20819935691318328,0.17846730975348338
4,RNF7,2.960513,0.7686636,0.0030712710651738784,0.04670520898219876,0.43333333333333335,0.24035369774919615,0.43333333333333335,0.24035369774919615,0.1929796355841372
4,MX2,2.9480398,1.2109351,0.003197958542900663,0.04857766614221519,0.26,0.1045016077170418,0.26,0.1045016077170418,0.1554983922829582
4,CDK2AP2,2.944673,0.91773355,0.0032329597301500247,0.04905477563880971,0.32,0.15072347266881028,0.32,0.15072347266881028,0.16927652733118972
5,PF4,5.731487,12.977622,9.955398390113728e-09,5.940329795290687e-06,1.0,0.011419870574800152,1.0,0.011419870574800152,0.9885801294251998
5,SPARC,5.731487,11.213252,9.955398390113728e-09,5.940329795290687e-06,1.0,0.009135896459840122,1.0,0.009135896459840122,0.9908641035401599
5,PPBP,5.731487,13.376807,9.955398390113728e-09,5.940329795290687e-06,1.0,0.024743052912066996,1.0,0.024743052912066996,0.975256947087933
5,GNG11,5.731487,12.698402,9.955398390113728e-09,5.940329795290687e-06,1.0,0.010277883517320136,1.0,0.010277883517320136,0.9897221164826798
5,SDPR,5.7310905,12.011179,9.978711696612446e-09,5.940329795290687e-06,1.0,0.011800532927293491,1.0,0.011800532927293491,0.9881994670727066
5,CD9,5.7310905,10.211339,9.978711696612446e-09,5.940329795290687e-06,1.0,0.025504377617053674,1.0,0.025504377617053674,0.9744956223829463
5,GPX1,5.7299004,6.694823,1.0048970453625543e-08,5.940329795290687e-06,1.0,0.42063189950513896,1.0,0.42063189950513896,0.579368100494861
5,TPM4,5.72871,7.2094445,1.0119709933546876e-08,5.940329795290687e-06,1.0,0.12637990102778834,1.0,0.12637990102778834,0.8736200989722116
5,HIST1H2AC,5.7279167,9.829602,1.0167138228751169e-08,5.940329795290687e-06,1.0,0.03197563760944042,1.0,0.03197563760944042,0.9680243623905596
5,RGS18,5.72752,8.767569,1.0190933324699785e-08,5.940329795290687e-06,1.0,0.029691663494480394,1.0,0.029691663494480394,0.9703083365055196
5,TAGLN2,5.7259336,5.1403866,1.0286656146003067e-08,5.940329795290687e-06,1.0,0.5100875523410735,1.0,0.5100875523410735,0.4899124476589265
5,NRGN,5.72395,9.031865,1.0407539156066457e-08,5.940329795290687e-06,1.0,0.027788351732013702,1.0,0.027788351732013702,0.9722116482679863
5,RGS10,5.7172065,5.2844353,1.0828957043532195e-08,5.940329795290687e-06,1.0,0.41416063951275217,1.0,0.41416063951275217,0.5858393604872478
5,CALM3,5.714826,5.0831394,1.0981615716503906e-08,5.940329795290687e-06,1.0,0.3608679101636848,1.0,0.3608679101636848,0.6391320898363152
5,OAZ1,5.6759515,3.4500372,1.3792005490727767e-08,5.940329795290687e-06,1.0,0.9116863342215454,1.0,0.9116863342215454,0.08831366577845456
5,ACTB,5.6319194,2.8347163,1.7821503389743426e-08,5.940329795290687e-06,1.0,0.9927674153026266,1.0,0.9927674153026266,0.007232584697373423
5,MYL12A,5.626564,3.026127,1.8383448427574754e-08,5.940329795290687e-06,1.0,0.8736200989722116,1.0,0.8736200989722116,0.1263799010277884
5,MYL6,5.6124816,3.0686781,1.9944515738077592e-08,5.940329795290687e-06,1.0,0.8519223448800913,1.0,0.8519223448800913,0.14807765511990867
5,SH3BGRL3,5.548616,3.350221,2.8794026384527926e-08,7.281689339020617e-06,1.0,0.8580129425199847,1.0,0.8580129425199847,0.14198705748001528
5,CCL5,5.471659,5.972858,4.4584194509244374e-08,9.355436671379883e-06,1.0,0.3136657784545108,1.0,0.3136657784545108,0.6863342215454892
5,ARPC5,5.412355,3.4359994,6.220128267907291e-08,1.1797509948130829e-05,1.0,0.5256947087933004,1.0,0.5256947087933004,0.4743052912066996
5,ITM2B,5.3274646,2.9826972,9.959325524267018e-08,1.7662928488232518e-05,1.0,0.7921583555386372,1.0,0.7921583555386372,0.20784164446136277
5,ITGA2B,5.2086577,12.441929,1.9021170480543687e-07,3.0956055496801e-05,0.9090909090909091,0.001903311762466692,0.9090909090909091,0.001903311762466692,0.9071875973284423
5,GP9,5.2084594,12.469261,1.9041510411037523e-07,3.0956055496801e-05,0.9090909090909091,0.0022839741149600305,0.9090909090909091,0.0022839741149600305,0.906806934975949
5,CLU,5.2023106,11.210452,1.9682580257301134e-07,3.132090658864998e-05,0.9090909090909091,0.015607156452226875,0.9090909090909091,0.015607156452226875,0.8934837526386822
5,TUBB1,5.201914,10.781377,1.9724648261745006e-07,3.132090658864998e-05,0.9090909090909091,0.015607156452226875,0.9090909090909091,0.015607156452226875,0.8934837526386822
5,ARPC1B,5.1912036,3.555889,2.0893904747625465e-07,3.279622565903142e-05,1.0,0.74685953559193,1.0,0.74685953559193,0.25314046440807003
5,NGFRAP1,5.1592703,6.682431,2.479139078035476e-07,3.80394643254522e-05,0.9090909090909091,0.08755234107346783,0.9090909090909091,0.08755234107346783,0.8215385680174412
5,GRAP2,5.141023,6.4623632,2.732465355738784e-07,4.1178518962407774e-05,0.9090909090909091,0.10734678340312143,0.9090909090909091,0.10734678340312143,0.8017441256877876
5,NCOA4,5.1342793,6.936691,2.8322705356575097e-07,4.2040746124933644e-05,0.9090909090909091,0.14084507042253522,0.9090909090909091,0.14084507042253522,0.7682458386683738
5,CTSA,5.1315026,6.1623816,2.874382077835444e-07,4.220705554292561e-05,0.9090909090909091,0.14845831747240198,0.9090909090909091,0.14845831747240198,0.760632591618507
5,TMSB4X,5.108693,1.961228,3.243944101266759e-07,4.58615035244773e-05,1.0,1.0,1.0,1.0,0.0
5,SAT1,5.1079,3.8701394,3.257590686785514e-07,4.58615035244773e-05,1.0,0.5892653216596878,1.0,0.5892653216596878,0.4107346783403122
5,CDKN2D,5.0809255,5.5263834,3.756005389536147e-07,5.181011070657134e-05,0.9090909090909091,0.21888085268366958,0.9090909090909091,0.21888085268366958,0.6902100564072395
5,TUBA4A,5.0547442,5.5200906,4.30967777708423e-07,5.713879584840994e-05,0.9090909090909091,0.24857251617815,0.9090909090909091,0.24857251617815,0.660518392912759
5,PRDX6,4.8843684,4.7193346,1.0376082344531167e-06,0.00012602709414243543,0.9090909090909091,0.28397411496003044,0.9090909090909091,0.28397411496003044,0.6251167941308786
5,H3F3A,4.8365684,4.001236,1.3209998335796408e-06,0.00015551356661520324,0.9090909090909091,0.38332698896079176,0.9090909090909091,0.38332698896079176,0.5257639201301173
5,OST4,4.8288326,3.2897453,1.3733563677965162e-06,0.00016029533810794208,0.9090909090909091,0.5649029311001142,0.9090909090909091,0.5649029311001142,0.3441879779907948
5,FKBP1A,4.813362,3.5890896,1.4841197824558724e-06,0.00017098982522396373,0.9090909090909091,0.4640274076893795,0.9090909090909091,0.4640274076893795,0.44506350140152956
5,AP001189.4,4.687415,11.543342,2.766775139917917e-06,0.00029986572468824666,0.8181818181818182,0.001903311762466692,0.8181818181818182,0.001903311762466692,0.8162785064193515
5,CA2,4.6727376,9.4544115,2.972111966067276e-06,0.0003170871953798025,0.8181818181818182,0.015226494099733536,0.8181818181818182,0.015226494099733536,0.8029553240820847
5,NAP1L1,4.6517134,3.0039525,3.2918824834086297e-06,0.00034579959379560187,0.9090909090909091,0.5767034640274077,0.9090909090909091,0.5767034640274077,0.3323874450635014
5,PGRMC1,4.6493335,7.6859612,3.330095792608362e-06,0.0003471434209454946,0.8181818181818182,0.03730491054434716,0.8181818181818182,0.03730491054434716,0.7808769076374711
5,RUFY1,4.628706,7.163609,3.679580460089026e-06,0.0003778071485938025,0.8181818181818182,0.05671869052150742,0.8181818181818182,0.05671869052150742,0.7614631276603108
5,MPP1,4.619582,7.1657867,3.8451373492902e-06,0.000391859668969455,0.8181818181818182,0.06280928816140084,0.8181818181818182,0.06280928816140084,0.7553725300204174
5,ACTN1,4.6120453,6.1877613,3.9872646443459875e-06,0.000403333970245843,0.8181818181818182,0.07080319756376094,0.8181818181818182,0.07080319756376094,0.7473786206180573
5,ILK,4.570393,6.073491,4.868097638469427e-06,0.0004888142746392537,0.8181818181818182,0.1100114198705748,0.8181818181818182,0.1100114198705748,0.7081703983112434
5,SRGN,4.5067253,3.497811,6.583570626318303e-06,0.0006562426311898011,0.9090909090909091,0.5976398934145413,0.9090909090909091,0.5976398934145413,0.3114510156763678
5,FERMT3,4.4712224,5.567915,7.777379656506068e-06,0.000764085586972999,0.8181818181818182,0.1811952797868291,0.8181818181818182,0.1811952797868291,0.6369865383949891
5,ASAH1,4.359754,4.1106524,1.3020864982609928e-05,0.0012434470783393087,0.8181818181818182,0.24400456794822992,0.8181818181818182,0.24400456794822992,0.5741772502335883
5,HMGB1,4.3395233,2.3690224,1.4279214656612423e-05,0.0013541455232687447,0.9090909090909091,0.6322801674914351,0.9090909090909091,0.6322801674914351,0.27681074159947394
5,LAMTOR1,4.320879,4.275714,1.5540879046881645e-05,0.001463629270787695,0.8181818181818182,0.34221545489151123,0.8181818181818182,0.34221545489151123,0.475966363290307
5,RAP1B,4.2272615,4.0949664,2.365524515323584e-05,0.0021680270322992526,0.8181818181818182,0.3616292348686715,0.8181818181818182,0.3616292348686715,0.45655258331314674
5,TALDO1,4.1760893,4.1083837,2.9656315869727058e-05,0.0026643858520854786,0.8181818181818182,0.36848115721355157,0.8181818181818182,0.36848115721355157,0.44970066096826666
5,TREML1,4.162999,11.188852,3.140948194896039e-05,0.002803450231993484,0.7272727272727273,0.0034259611724400457,0.7272727272727273,0.0034259611724400457,0.7238467661002872
5,TMEM40,4.161214,10.593046,3.165604513789429e-05,0.002807110080539509,0.7272727272727273,0.0022839741149600305,0.7272727272727273,0.0022839741149600305,0.7249887531577672
5,PTCRA,4.15923,10.798952,3.193216084150302e-05,0.0028133263771068723,0.7272727272727273,0.004567948229920061,0.7272727272727273,0.004567948229920061,0.7227047790428073
5,F13A1,4.1467347,8.702282,3.372501529480645e-05,0.0029522359542684413,0.7272727272727273,0.010277883517320136,0.7272727272727273,0.010277883517320136,0.7169948437554071
5,MMD,4.1384044,8.286249,3.497293200825312e-05,0.0030419768121318766,0.7272727272727273,0.017891130567186907,0.7272727272727273,0.017891130567186907,0.7093815967055404
5,SNCA,4.132256,7.7748885,3.592200990681992e-05,0.0031047529575160306,0.7272727272727273,0.018271792919680244,0.7272727272727273,0.018271792919680244,0.709000934353047
5,TIMP1,4.0874305,3.5334673,4.3617697011907e-05,0.003722770439966262,0.8181818181818182,0.3269889607917777,0.8181818181818182,0.3269889607917777,0.49119285739004054
5,PDLIM1,4.0646214,5.996027,4.8110504245430714e-05,0.004030656723776698,0.7272727272727273,0.05976398934145413,0.7272727272727273,0.05976398934145413,0.6675087379312732
5,ODC1,4.001747,5.759931,6.287652463651552e-05,0.005141567787043448,0.7272727272727273,0.09821088694328131,0.7272727272727273,0.09821088694328131,0.629061840329446
5,CAPN1,3.9698138,4.809392,7.192879062360736e-05,0.005812186773704037,0.7272727272727273,0.12219261515036163,0.7272727272727273,0.12219261515036163,0.6050801121223657
5,RSU1,3.9150715,4.744451,9.037741283568575e-05,0.007134069073318639,0.7272727272727273,0.11610201751046821,0.7272727272727273,0.11610201751046821,0.6111707097622591
5,PPDPF,3.9081295,1.8273469,9.30134284541979e-05,0.007299950453853601,0.9090909090909091,0.8092881614008375,0.9090909090909091,0.8092881614008375,0.09980274769007158
5,PKM,3.8750064,3.3351548,0.00010662187512929829,0.008272888220259645,0.8181818181818182,0.42367719832508566,0.8181818181818182,0.42367719832508566,0.3945046198567326
5,HLA-E,3.8662794,1.715668,0.00011050832773963677,0.008525998438488586,0.9090909090909091,0.8873239436619719,0.9090909090909091,0.8873239436619719,0.02176696542893719
5,GPX4,3.8345447,2.3324363,0.0001257970973311784,0.009543806450858736,0.8181818181818182,0.5432051770079939,0.8181818181818182,0.5432051770079939,0.27497664117382437
5,YWHAH,3.8309746,4.225556,0.00012763671366493564,0.009629872717173266,0.7272727272727273,0.1952797868290826,0.7272727272727273,0.1952797868290826,0.5319929404436448
5,DNAJB6,3.7716703,4.353382,0.0001621584272579321,0.01203497544909957,0.7272727272727273,0.18195660449181575,0.7272727272727273,0.18195660449181575,0.5453161227809116
5,ACTG1,3.7595716,1.5250232,0.00017020466906815976,0.01256386465294481,0.9090909090909091,0.8637228778073849,0.9090909090909091,0.8637228778073849,0.04536803128352418
5,WDR1,3.7107794,3.7399735,0.0002066221660632655,0.014929271427301341,0.7272727272727273,0.2607537114579368,0.7272727272727273,0.2607537114579368,0.4665190158147905
5,ARHGDIB,3.6558385,1.5046337,0.00025634259827062814,0.01776961686286141,1.0,0.9147316330414922,1.0,0.9147316330414922,0.08526836695850781
5,SEPT5,3.643343,10.552151,0.0002691197605725699,0.018561108335247548,0.6363636363636364,0.001903311762466692,0.6363636363636364,0.001903311762466692,0.6344603246011696
5,MYL9,3.6278725,9.443264,0.000285766427761717,0.019474786451040508,0.6363636363636364,0.007613247049866768,0.6363636363636364,0.007613247049866768,0.6287503893137696
5,PTGS1,3.627079,8.146494,0.00028664558264932205,0.019474786451040508,0.6363636363636364,0.00951655881233346,0.6363636363636364,0.00951655881233346,0.6268470775513029
5,ACRBP,3.623509,8.892647,0.0002906332292995854,0.019647957323342267,0.6363636363636364,0.00951655881233346,0.6363636363636364,0.00951655881233346,0.6268470775513029
5,DYNLL1,3.6016912,3.5924037,0.00031615369976946764,0.021163700608097306,0.7272727272727273,0.33840883136657784,0.7272727272727273,0.33840883136657784,0.38886389590614945
5,TPM1,3.5945508,7.358508,0.00032495155286798113,0.02162364251741826,0.6363636363636364,0.025123715264560333,0.6363636363636364,0.025123715264560333,0.611239921099076
5,SERF2,3.5935593,1.6434324,0.0003261914439505098,0.02162364251741826,0.9090909090909091,0.8561096307575181,0.9090909090909091,0.8561096307575181,0.052981278333390947
5,SNX3,3.581857,2.3569324,0.00034116044455621245,0.022398495340671332,0.8181818181818182,0.46516939474685953,0.8181818181818182,0.46516939474685953,0.3530124234349587
5,SNN,3.509264,6.040762,0.000449348783256953,0.02922050944836643,0.6363636363636364,0.06509326227636086,0.6363636363636364,0.06509326227636086,0.5712703740872755
5,HIST1H2BK,3.4842727,5.663193,0.0004934761729672737,0.03168500547765375,0.6363636363636364,0.07651313285116101,0.6363636363636364,0.07651313285116101,0.5598505035124753
