group,names,scores,logfoldchanges,pvals,pvals_adj,pct_nz_group,pct_nz_reference,expression_fraction_gap
0,RP11-1143G9.4,20.2282,4.9243064,5.528368400030546e-91,9.044963539289975e-87,0.9787234042553191,0.2564037534871925,0.7223196507681267
0,S100A8,20.157127,5.362037,2.3302269843576747e-90,1.9062421845537956e-86,1.0,0.5830585848338828,0.41694141516611716
0,LYZ,19.412848,5.131172,6.010240562922009e-84,3.2777848616655663e-80,0.9946808510638298,0.6084199847831601,0.3862608662806697
0,FTL,19.28519,2.7132497,7.152517998039212e-83,2.9255586741479886e-79,1.0,0.9951813340096374,0.004818665990362625
0,S100A9,19.194244,4.919293,4.134462115739904e-82,1.3528786935124115e-78,0.9893617021276596,0.6634542226730915,0.3259074794545681
0,FTH1,18.454472,1.9625252,4.800387725110152e-76,9.817392946315899e-73,1.0,0.9908698960182603,0.009130103981739746
0,S100A6,18.297617,2.5474076,8.644970318482204e-75,1.5715595486743038e-71,0.9946808510638298,0.8884098402231804,0.10627101084064938
0,CTSS,18.208015,3.4247608,4.458134288397326e-74,7.293953509246866e-71,0.9893617021276596,0.6015724067968552,0.3877892953308044
0,TYROBP,18.05357,3.9432013,7.395209466720912e-73,1.0082751840418403e-69,0.9840425531914894,0.4537154450925691,0.5303271080989203
0,S100A12,18.027124,4.398527,1.1933718160048936e-72,1.5019043293581589e-69,0.9148936170212766,0.21709358356581282,0.6978000334554637
0,MNDA,17.991041,4.092349,2.2901519940050746e-72,2.6763697695655017e-69,0.9148936170212766,0.24955617550088766,0.665337441520389
0,GPX1,17.523573,2.9421678,9.46869931449822e-69,9.11278761673561e-66,0.973404255319149,0.5419731169160538,0.4314311384030952
0,LST1,17.071815,3.4603622,2.405970100262077e-65,1.7892762186539928e-62,0.9521276595744681,0.38701496322597007,0.565112696348498
0,MT-CO2,16.87944,0.99819744,6.374658013735638e-64,4.345657490113699e-61,1.0,0.9979710880040579,0.0020289119959421287
0,CST3,16.81012,3.57552,2.0575607967526602e-63,1.346550087826811e-60,0.9946808510638298,0.5148364189703272,0.4798444320935026
0,NEAT1,16.535435,2.5882483,2.039010237004767e-61,1.2355646847272221e-58,0.9574468085106383,0.6583819426832361,0.2990648658274022
0,S100A4,16.505234,2.3673103,3.364244245816599e-61,1.965800003778763e-58,0.9893617021276596,0.8379406543241187,0.15142104780354093
0,FOS,16.445114,1.7427404,9.091188719374703e-61,4.958031287922984e-58,0.9893617021276596,0.9261983261476033,0.06316337598005628
0,VCAN,16.440138,3.8822184,9.86926656364857e-61,5.2087442015436856e-58,0.8404255319148937,0.19452193761095612,0.6459035943039375
0,CSTA,16.264725,3.608465,1.7565402257694673e-59,8.708713525398258e-57,0.8563829787234043,0.24093329951813341,0.6154496792052708
0,LGALS1,16.210144,3.1438942,4.275597685376511e-59,1.998658678012717e-56,0.9361702127659575,0.46436723307126554,0.4718029796946919
0,AIF1,15.99946,3.2652571,1.2888711799565372e-57,5.40697983981254e-55,0.925531914893617,0.37027643925944714,0.5552554756341699
0,FCN1,15.882977,3.4481628,8.313717930600634e-57,3.3175790015257797e-54,0.898936170212766,0.28658381942683236,0.6123523507859336
0,SRGN,15.805018,2.4040978,2.873048145503728e-56,1.1191890644901547e-53,0.9627659574468085,0.6213542987572914,0.34141165868951706
0,MT-CO1,15.570643,0.95617604,1.1524221091003493e-54,4.285176847043367e-52,1.0,0.9984783160030434,0.0015216839969566243
0,TYMP,15.294707,3.0684552,8.2933257594758355e-53,2.8268146406413365e-50,0.851063829787234,0.33172711133654575,0.5193367184506883
0,PSAP,15.003623,2.3611255,6.951838894238194e-51,2.1460195499741713e-48,0.9095744680851063,0.5744357088511286,0.33513875923397773
0,RGS2,14.874715,2.8321352,4.810269795018131e-50,1.4309240748416663e-47,0.8297872340425532,0.35125538929748923,0.47853184474506394
0,DUSP1,14.859474,1.582137,6.039737536718524e-50,1.7645740328259244e-47,0.9574468085106383,0.8861273142277454,0.07131949428289297
0,OAZ1,14.799135,1.3297161,1.483772101244818e-49,4.1855164393907703e-47,0.9787234042553191,0.9401470961197058,0.0385763081356133
0,S100A11,14.76687,2.5091984,2.3958567705393497e-49,6.643832647931237e-47,0.9095744680851063,0.5064671569870657,0.40310731109804065
0,SAT1,14.61934,2.2544281,2.1143901210012195e-48,5.67107160159032e-46,0.9361702127659575,0.6723307126553386,0.26383950011061885
0,MT-ND3,14.347379,0.9727352,1.1064095409630748e-46,2.7017860447308753e-44,1.0,0.9903626680192746,0.009637331980725361
0,TMSB4X,14.283347,0.62344295,2.7792603076008642e-46,6.686982043037903e-44,1.0,1.0,0.0
0,MT-ND4,14.277933,0.8628222,3.003801187201597e-46,7.122491481710917e-44,1.0,0.9964494040071012,0.003550595992898753
0,MT-CO3,13.927043,0.79075193,4.339554469014738e-44,9.725952146239743e-42,1.0,0.9987319300025361,0.001268069997463872
0,C14orf2,13.698801,1.5977626,1.0321428089507256e-42,2.1931024022393278e-40,0.8829787234042553,0.740806492518387,0.14217223088586828
0,FCER1G,13.412287,2.7110934,5.12342933337766e-41,1.0222491136999012e-38,0.8829787234042553,0.3852396652295207,0.4977390581747346
0,SERF2,13.310857,0.98123854,2.0017343529973886e-40,3.764411005677043e-38,0.9787234042553191,0.9685518640628963,0.010171540192422834
0,COTL1,13.20636,1.8016163,8.063078470339656e-40,1.482247492732889e-37,0.9202127659574468,0.6809535886380929,0.23925917731935398
0,MT-ATP6,13.190148,0.89834726,9.99885807217941e-40,1.8176812990991923e-37,1.0,0.9870656860258686,0.012934313974131362
0,JUND,13.10687,2.3276734,3.007582838159818e-39,5.348593784253563e-37,0.75,0.43089018513821964,0.31910981486178036
0,TCEB2,13.068469,1.5620213,4.98585909896858e-39,8.771359217013433e-37,0.8776595744680851,0.7225462845549074,0.15511328991317763
0,H3F3A,13.041742,1.118276,7.081955441189521e-39,1.2326369465244868e-36,0.9627659574468085,0.9419223941161552,0.020843563330653292
0,LGALS2,12.9664135,3.0512173,1.897011919163914e-38,3.23302208431675e-36,0.7393617021276596,0.2318031955363936,0.507558506591266
0,FGL2,12.896311,2.9732647,4.721679359709591e-38,7.964061443732846e-36,0.6968085106382979,0.22216586355566828,0.4746426470826296
0,TSPO,12.523419,1.8779911,5.5587877817819514e-36,8.916404597817108e-34,0.8351063829787234,0.5544002028911996,0.2807061800875238
0,ATP5E,12.213432,0.90209293,2.6353083248125927e-34,4.10631233354846e-32,0.9840425531914894,0.9698199340603602,0.01422261913112921
0,CYBA,12.188177,1.2125665,3.5937088193302457e-34,5.546855659722844e-32,0.9627659574468085,0.9102206441795587,0.05254531326724976
0,NAMPT,11.997835,2.974499,3.647121459643289e-33,5.525051314928134e-31,0.6382978723404256,0.21582551356834898,0.42247235877207656
0,AP1S2,11.879036,2.2790182,1.521122493327573e-32,2.202396912684285e-30,0.7393617021276596,0.38422520923154957,0.35513649289611005
0,CYBB,11.846864,2.9390018,2.2339714736329196e-32,3.206140989483175e-30,0.6329787234042553,0.2117676895764646,0.4212110338277907
0,MS4A6A,11.823485,2.861111,2.951792428439481e-32,4.1995022540607254e-30,0.6595744680851063,0.20213035759573927,0.45744411048936706
0,GSTP1,11.769405,1.8027775,5.611836797964297e-32,7.915108780301196e-30,0.824468085106383,0.5691098148617804,0.25535827024460267
0,MT-ND4L,11.673233,1.6414366,1.7465645719876855e-31,2.4423540993410702e-29,0.776595744680851,0.6041085467917829,0.17248719788906808
0,KLF4,10.876032,2.7674575,1.4994985480289165e-27,1.9317555704174096e-25,0.6063829787234043,0.21328937357342126,0.39309360514998304
0,GAPDH,10.853874,1.0507572,1.9114793934043766e-27,2.4432589340225785e-25,0.9361702127659575,0.8823231042353538,0.053847108530603705
0,SERPINA1,10.700899,2.4766629,1.0079501222778223e-26,1.2685439961990347e-24,0.6436170212765957,0.23332487953335024,0.41029214174324546
0,CXCL8,10.613083,3.4856296,2.5905725485627014e-26,3.235447134888119e-24,0.5531914893617021,0.13441541973116916,0.418776069630533
0,VIM,10.589455,1.224824,3.335295285934915e-26,4.1339974373622075e-24,0.9148936170212766,0.8057316763885366,0.10916194063273998
0,NFKBIA,10.587233,2.0639567,3.4154010262534664e-26,4.20145685643105e-24,0.7074468085106383,0.4661425310677149,0.24130427744292343
0,CTSD,10.5146885,2.0905883,7.392465092752432e-26,8.959120102409078e-24,0.6542553191489362,0.37078366725843265,0.28347165189050355
0,STXBP2,10.494565,2.2179317,9.149794233023747e-26,1.1007337018125113e-23,0.6595744680851063,0.33806746132386506,0.3215070067612413
0,ACTB,10.277716,0.69948655,8.880752751608225e-25,1.0453093220795839e-22,1.0,0.9997463860005072,0.0002536139994927522
0,MT-ND1,10.190306,0.6858939,2.190735335190122e-24,2.5420298453223824e-22,0.9680851063829787,0.9731169160537662,-0.005031809670787424
0,H3F3B,9.876095,0.7880818,5.2852698118112525e-23,5.92276023226328e-21,0.9893617021276596,0.9807253360385493,0.008636366089110337
0,CFD,9.850369,2.4199753,6.829251935299018e-23,7.549553440096436e-21,0.5957446808510638,0.2264773015470454,0.36926737930401843
0,IL1B,9.844987,3.0022924,7.204891185919303e-23,7.911357361934612e-21,0.526595744680851,0.13416180573167638,0.39243393894917467
0,ZFP36,9.803551,1.2683835,1.08696169685774e-22,1.1777337961781115e-20,0.8351063829787234,0.7121481105757038,0.1229582724030196
0,CD14,9.607138,2.7103865,7.459404795355777e-22,7.823289862616402e-20,0.5425531914893617,0.16941415166117169,0.37313903982818997
0,TNFSF13B,9.526081,2.5776217,1.633334490293939e-21,1.691328202259439e-19,0.5372340425531915,0.18589906162820188,0.3513349809249896
0,PFDN5,9.326663,0.5401643,1.0925664768774844e-20,1.1242440332196556e-18,0.9627659574468085,0.9781891960436216,-0.01542323859681316
0,DUSP6,9.311391,2.6344607,1.2616958535732228e-20,1.274234929648858e-18,0.5212765957446809,0.16839969566320062,0.35287690008148026
0,GRN,9.155662,1.959097,5.4025604767557094e-20,5.292891734143722e-18,0.6170212765957447,0.3182855693634289,0.2987357072323158
0,CLEC7A,9.12712,2.5918877,7.034575872950873e-20,6.810218689783978e-18,0.5159574468085106,0.17524727364950546,0.3407101731590052
0,ANXA1,9.125711,1.5981025,7.126648772686532e-20,6.858770621760255e-18,0.7287234042553191,0.5069743849860512,0.22174901926926793
0,ATP5I,9.0683775,1.0787231,1.208024403829394e-19,1.1490980971542276e-17,0.75,0.6748668526502662,0.07513314734973375
0,HLA-DRA,8.96701,1.8970791,3.0467283890999127e-19,2.848429895660781e-17,0.9521276595744681,0.6672584326654831,0.284869226908985
0,AP2S1,8.798982,1.5582038,1.3806294699130932e-18,1.2619261875557607e-16,0.6170212765957447,0.4298757291402485,0.18714554745549616
0,ZFP36L1,8.674268,1.6442902,4.1622075473837356e-18,3.741641630920071e-16,0.6223404255319149,0.43824499112351,0.18409543440840492
0,C4orf48,8.634177,1.974378,5.915113150901752e-18,5.231198176319112e-16,0.5425531914893617,0.28658381942683236,0.2559693720625293
0,CALM2,8.618123,0.95213693,6.806078835825526e-18,5.954773039194729e-16,0.8297872340425532,0.7567841744864316,0.07300305955612152
0,NPC2,8.606637,1.5352244,7.523522884479452e-18,6.547465846434484e-16,0.6808510638297872,0.4554907430890185,0.22536032074076873
0,PYCARD,8.521575,1.6609706,1.5739859552466104e-17,1.3412491778015517e-15,0.6117021276595744,0.38016738523966526,0.23153474241990918
0,CSF3R,8.369726,2.7225425,5.775205374600406e-17,4.820823221114146e-15,0.4574468085106383,0.13695155972609688,0.3204952487845414
0,MCL1,8.295743,1.3534061,1.0790859629747431e-16,8.827462720114886e-15,0.6436170212765957,0.5267562769464874,0.11686074433010829
0,POLR2L,8.24592,1.0964271,1.63894503713885e-16,1.3340686444093894e-14,0.7021276595744681,0.6150139487699721,0.08711371080449604
0,CFP,8.198914,2.185718,2.4256972739071335e-16,1.9646947078413176e-14,0.5053191489361702,0.2165863555668273,0.288732793369343
0,CD36,8.078111,2.5128496,6.577774342161449e-16,5.2754395103972284e-14,0.4627659574468085,0.15698706568602586,0.30577889176078266
0,RAC1,8.070569,1.3199593,6.997151692206478e-16,5.58440969932635e-14,0.6329787234042553,0.49505452700989094,0.13792419639436437
0,GCA,8.021246,2.3260424,1.0467766776887735e-15,8.273581267471509e-14,0.46808510638297873,0.1828556936342886,0.2852294127486901
0,LAMTOR4,7.9717984,1.0309204,1.5638149574027855e-15,1.2125865648372973e-13,0.6914893617021277,0.6279482627441034,0.06354109895802429
0,RBP7,7.928266,2.8070605,2.2222701615270616e-15,1.7150265147520873e-13,0.4308510638297872,0.12122749175754502,0.3096235720722422
0,UQCR11,7.9117417,0.77459466,2.538126269532569e-15,1.9404805558795497e-13,0.776595744680851,0.7763124524473751,0.00028329223347589583
0,SPI1,7.838321,1.8593783,4.5660915559014335e-15,3.458602960467748e-13,0.5372340425531915,0.26401217347197564,0.2732218690812159
0,MPEG1,7.756639,2.2203279,8.720975333102783e-15,6.515245544515737e-13,0.46808510638297873,0.18412376363175248,0.28396134275122625
0,ATP6V0B,7.6885076,1.5021344,1.4886110752819176e-14,1.0872841876199755e-12,0.5585106382978723,0.37230535125538927,0.18620528704248301
0,SOD2,7.4740677,1.9503113,7.775304657839567e-14,5.4832654959876366e-12,0.4946808510638298,0.27238143545523713,0.22229941560859268
0,TKT,7.3805556,1.3831643,1.5763045076918249e-13,1.0927931377265231e-11,0.601063829787234,0.434948009130104,0.16611582065713004
0,CCL3,7.3633113,2.5279593,1.7940316136162745e-13,1.2384873936867455e-11,0.44148936170212766,0.15724067968551864,0.284248682016609
0,RHOB,7.314396,2.1543622,2.58541927525787e-13,1.769876349895147e-11,0.4574468085106383,0.1975653056048694,0.2598815029057689
0,FOSB,7.2574058,1.0213356,3.945842116069698e-13,2.6787519859342876e-11,0.6702127659574468,0.5980218108039563,0.0721909551534905
0,RHOA,7.1130066,0.8189069,1.1354200267009808e-12,7.401038668069621e-11,0.7074468085106383,0.6647222926705554,0.042724515840082966
0,CTSZ,7.0932274,2.0113373,1.310199288731151e-12,8.50641689005173e-11,0.44148936170212766,0.19807253360385493,0.24341682809827273
0,NUP214,7.045282,2.2413814,1.850863109941918e-12,1.196915863310661e-10,0.425531914893617,0.1782906416434187,0.24724127325019832
0,CD68,7.0325756,1.9191068,2.0275506635240033e-12,1.306014031728985e-10,0.46808510638297873,0.20035505959928987,0.26773004678368884
0,BLVRB,6.991797,2.027748,2.7138700771207555e-12,1.7276898183569136e-10,0.44148936170212766,0.1919857976160284,0.24950356408609925
0,LCP1,6.9787154,1.0022917,2.978910504237916e-12,1.8817743150516038e-10,0.6436170212765957,0.578493532843013,0.06512348843358273
0,LINC01272,6.824489,2.4888842,8.823881277849437e-12,5.447831003279043e-10,0.3882978723404255,0.11818412376363176,0.27011374857679377
0,CD302,6.730789,2.3699694,1.6874557294561384e-11,1.0187624793222096e-09,0.39893617021276595,0.1511539436976921,0.24778222651507384
0,FKBP1A,6.6435356,1.0088959,3.062459571891836e-11,1.8153949657870408e-09,0.6276595744680851,0.5503423788993153,0.07731719556876981
0,CH17-373J23.1,6.585826,1.7018726,4.523630134588289e-11,2.6527280513261293e-09,0.4787234042553192,0.28785188942429624,0.19087151483102294
0,APLP2,6.5754356,1.7064537,4.851085356955641e-11,2.8345931258982586e-09,0.4574468085106383,0.24676642150646716,0.21068038700417113
0,NCF1,6.5655465,1.4224552,5.184242932230993e-11,3.0184839364495116e-09,0.5319148936170213,0.3662186152675628,0.1656962783494585
0,SEC61G,6.462176,0.8333931,1.0320808951509156e-10,5.924868605461098e-09,0.6223404255319149,0.581790514836419,0.04054991069549596
0,RNF130,6.4561043,1.9280765,1.074325148280889e-10,6.145815996861407e-09,0.425531914893617,0.20847070758305858,0.21706120731055845
0,PCBP1,6.388943,0.7487904,1.6703599552538593e-10,9.4237100785891e-09,0.6542553191489362,0.6241440527517119,0.03011126639722428
0,SDCBP,6.314553,1.3626444,2.7094380080581533e-10,1.5181203852684742e-08,0.5053191489361702,0.3758559472482881,0.12946320168788217
0,CEBPB,6.3117676,1.3287716,2.758665218238547e-10,1.540427359576821e-08,0.526595744680851,0.3697692112604616,0.15682653342038944
0,NDUFB1,5.9159365,0.8097676,3.2999297057842764e-09,1.6767127303210107e-07,0.6223404255319149,0.5845802688308395,0.037760156701075465
0,NCF2,5.914246,2.0679867,3.3339869784963326e-09,1.6887727849900462e-07,0.3723404255319149,0.1539436976921126,0.21839672783980227
0,TPI1,5.8224554,0.8554119,5.798932429459952e-09,2.8663544857520926e-07,0.5957446808510638,0.5521176768957646,0.04362700395529917
0,PLBD1,5.789407,2.4414473,7.063546162379832e-09,3.4292783015636925e-07,0.3351063829787234,0.1141262997717474,0.220980083206976
0,KCTD12,5.7424626,2.218393,9.330937403173913e-09,4.4638440600388423e-07,0.35106382978723405,0.13745878772508244,0.2136050420621516
0,HLA-DRB1,5.7210875,1.0953176,1.0584425443963161e-08,5.019472019961776e-07,0.7925531914893617,0.5693634288612731,0.22318976262808854
0,KLF10,5.686443,2.4585068,1.2971260583185327e-08,6.029056659133384e-07,0.32978723404255317,0.11209738777580522,0.21768984626674795
0,CD93,5.6802464,2.839337,1.3450078890533743e-08,6.233902003626702e-07,0.30319148936170215,0.07633781384732437,0.2268536755143778
0,LTA4H,5.6623454,1.3226603,1.493180778414628e-08,6.862340088663406e-07,0.46808510638297873,0.3251331473497337,0.14295195903324504
0,S100A10,5.583041,0.66224676,2.3634867462988355e-08,1.0741390737832014e-06,0.7180851063829787,0.6867867106264266,0.03129839575655213
0,RP11-160E2.6,5.5583177,1.6907408,2.7238766191249738e-08,1.2254205548124096e-06,0.4095744680851064,0.24676642150646716,0.16280804657863923
0,PRELID1,5.5365667,0.84438056,3.084583129025207e-08,1.378876081256323e-06,0.5904255319148937,0.5252345929495308,0.06519093896536288
0,KLF6,5.522859,0.6684185,3.335271528803085e-08,1.4828363446398717e-06,0.7340425531914894,0.7240679685518641,0.009974584639625306
0,TALDO1,5.501484,1.1797632,3.766078184865706e-08,1.6563657307147263e-06,0.48404255319148937,0.37737763124524476,0.1066649219462446
0,SH3BGRL3,5.4941607,0.51432145,3.9257281830046256e-08,1.7219527828991604e-06,0.9308510638297872,0.9201115901597768,0.01073947367001038
0,C10orf54,5.491532,0.9534413,3.9846238649749684e-08,1.7431131298089694e-06,0.5319148936170213,0.45878772508242455,0.07312716853459672
0,ACTR2,5.4353557,0.8686586,5.468724455707215e-08,2.367031767720258e-06,0.5478723404255319,0.4948009130103982,0.05307142741513371
0,CDA,5.429159,2.2228832,5.662021010781818e-08,2.4377980462474036e-06,0.32978723404255317,0.12553892974892214,0.20424830429363103
0,FCGRT,5.3464127,1.2854754,8.971459555645667e-08,3.812520773764124e-06,0.4574468085106383,0.3104235353791529,0.1470232731314854
0,RGS18,5.3018785,2.4186034,1.1461717277912503e-07,4.808337343177602e-06,0.31382978723404253,0.11209738777580522,0.20173239945823732
0,CARD16,5.2665453,1.1454102,1.3901496876444778e-07,5.7873381780028755e-06,0.48404255319148937,0.3796601572406797,0.10438239595080967
0,CD44,5.2533383,0.5513329,1.4936674075726193e-07,6.186808216530537e-06,0.6595744680851063,0.6872939386254121,-0.02771947054030577
0,CEBPD,5.24758,1.7342165,1.541101893207848e-07,6.351125459640705e-06,0.3723404255319149,0.18691351762617298,0.1854269079057419
0,CTD-3252C9.4,5.2213225,1.8100712,1.776497274723407e-07,7.212226280831181e-06,0.3617021276595745,0.1775297996449404,0.1841723280146341
0,IQGAP1,5.216628,1.1683671,1.8220944077156755e-07,7.37903133778123e-06,0.4627659574468085,0.35201623129596754,0.11074972615084094
0,CHP1,5.1626115,1.826434,2.4352832092782354e-07,9.741728260880491e-06,0.35638297872340424,0.1876743596246513,0.16870861909875295
0,DAZAP2,5.149874,0.719772,2.606615433896162e-07,1.0326110197088404e-05,0.5797872340425532,0.5620086228759827,0.017778611166570424
0,RNASE6,5.141612,1.7694343,2.723914205051648e-07,1.0764724712282614e-05,0.35106382978723405,0.16687801166624397,0.18418581812099008
0,ZFAND5,5.0911317,1.3422173,3.5593310761244265e-07,1.3832355281822268e-05,0.42021276595744683,0.2898808014202384,0.1303319645372084
0,MARCKS,5.0880957,2.043543,3.6167672832852806e-07,1.4022258180528548e-05,0.324468085106383,0.13187927973624144,0.19258880537014153
0,EVI2B,5.0719156,0.70519215,3.9383072729228006e-07,1.5125503589739423e-05,0.601063829787234,0.6005579507988841,0.0005058789883499726
0,MGST1,5.0440936,2.2618504,4.5567607043051593e-07,1.70993490557653e-05,0.30319148936170215,0.1060106517879787,0.19718083757372346
0,VAMP8,4.8832326,0.72438765,1.0436071095269721e-06,3.7362047962736964e-05,0.574468085106383,0.553892974892214,0.020575110214169023
0,JAML,4.8724666,1.354453,1.102134578373283e-06,3.928545498205944e-05,0.40425531914893614,0.2741567334516865,0.13009858569724964
0,COX7B,4.871684,0.6003015,1.106508978548367e-06,3.933876471185883e-05,0.601063829787234,0.6025868627948263,-0.0015230330075922671
0,MSN,4.87134,0.90732247,1.108439003249613e-06,3.933876471185883e-05,0.4946808510638298,0.4301293431397413,0.06455150792408848
0,ITGB2,4.847555,0.54360586,1.2499233165226868e-06,4.4073265908680345e-05,0.723404255319149,0.6976921126046157,0.02571214271453326
0,CPVL,4.817167,1.8088597,1.4561102157085954e-06,5.079620306867448e-05,0.32978723404255317,0.1531828556936343,0.17660437834891887
0,TMEM167A,4.745906,1.4823958,2.0757526836535267e-06,7.10489323373543e-05,0.3670212765957447,0.22673091554653818,0.1402903610492065
0,PTP4A2,4.7055655,0.8143338,2.5316338415702394e-06,8.522646354306727e-05,0.5106382978723404,0.4663961450672077,0.04424215280513266
0,RETN,4.6502967,2.4925938,3.3145783084836855e-06,0.00010902748980439683,0.2712765957446808,0.08800405782399189,0.18327253792068893
0,LGALS3,4.6383104,1.4984115,3.512690431413541e-06,0.00011494225629671388,0.35638297872340424,0.19249302561501394,0.1638899531083903
0,CLEC12A,4.63371,2.1817858,3.5917031225211243e-06,0.00011729312332847927,0.2872340425531915,0.11032208977935581,0.1769119527738357
0,CD300E,4.622913,2.4091995,3.783889099682044e-06,0.00012307795141132787,0.26595744680851063,0.08394623383210753,0.1820112129764031
0,CLEC4A,4.589301,1.9373561,4.4473296974529545e-06,0.00014323378185044839,0.30319148936170215,0.13416180573167638,0.16902968363002577
0,LYN,4.573559,1.4591465,4.7950849602661095e-06,0.00015292862579905226,0.3617021276595745,0.2163327415673345,0.14536938609223998
0,LRRK2,4.5396967,2.5224419,5.633517472138043e-06,0.00017897083371194277,0.26063829787234044,0.08267816383464367,0.17796013403769678
0,NFKBIZ,4.5220146,1.3979942,6.125383349962948e-06,0.00019384409475579068,0.3829787234042553,0.26401217347197564,0.11896654993227967
0,BNIP3L,4.521545,1.3716444,6.1389858880716646e-06,0.00019389951373502027,0.3670212765957447,0.24397666751204666,0.12304460908369802
0,SGK1,4.494662,2.1640105,6.968055862722276e-06,0.00021673833074144322,0.28191489361702127,0.11108293177783414,0.17083196183918714
0,RAB32,4.494036,2.1260679,6.988579943706308e-06,0.00021696424375517817,0.28191489361702127,0.11285822977428354,0.1690566638427377
0,GLIPR1,4.4804535,1.1368227,7.448457992680985e-06,0.00022993249286462945,0.4148936170212766,0.3068729393862541,0.10802067763502249
0,ASAH1,4.461426,1.2157533,8.141619834242759e-06,0.0002475930150707171,0.40425531914893614,0.29571392340857217,0.10854139574036398
0,HSD17B11,4.418707,0.89996845,9.92933047399399e-06,0.0002975343880677942,0.4627659574468085,0.41618057316763885,0.04658538427916964
0,LINC00936,4.341218,1.2994884,1.4169512287266252e-05,0.00041177156399993455,0.3882978723404255,0.2751711894496576,0.11312668289076788
0,C5AR1,4.2956195,2.4252005,1.7420601591175864e-05,0.0005000323905846111,0.25,0.07963479584073041,0.1703652041592696
0,CKLF,4.2826633,0.9889419,1.8466962091408188e-05,0.0005236359909489244,0.425531914893617,0.3461831093076338,0.07934880558598323
0,ASGR1,4.2663894,2.1023598,1.9866202591672868e-05,0.0005584724065332643,0.26595744680851063,0.10271366979457267,0.16324377701393797
0,CTSH,4.2586594,1.3638563,2.0565675726314144e-05,0.0005771441175955844,0.34574468085106386,0.21430382957139235,0.1314408512796715
0,CAMTA1,4.236032,1.4306686,2.275041697606637e-05,0.0006351869831833138,0.3351063829787234,0.21252853157494295,0.12257785140378047
0,HNMT,4.2303677,2.2452843,2.33309702474595e-05,0.0006502862082090032,0.2553191489361702,0.09028658381942684,0.16503256511674336
0,CCNL1,4.220572,0.6629035,2.4368321291091156e-05,0.0006739306813256723,0.5319148936170213,0.5401978189196044,-0.008282925302583122
0,PECAM1,4.2061133,1.6068925,2.5980006146894244e-05,0.000714384673225776,0.31382978723404253,0.17524727364950546,0.13858251358453708
0,NAIP,4.1933756,2.0209844,2.7483356123836256e-05,0.0007499426787166946,0.2712765957446808,0.11615521176768957,0.15512138397699127
0,GPCPD1,4.193219,1.8101056,2.75023291504197e-05,0.0007499426787166946,0.2872340425531915,0.13821962972356075,0.14901441282963077
0,RAB31,4.18671,2.1030154,2.830273465759795e-05,0.0007704842624508487,0.26595744680851063,0.10727872178544255,0.15867872502306807
0,TIMP1,4.1606402,1.1943661,3.173566550068522e-05,0.0008539921435143271,0.3882978723404255,0.2817651534364697,0.10653271890395583
0,FBXL5,4.150062,1.4088176,3.323849126819977e-05,0.0008929638023629169,0.3351063829787234,0.2127821455744357,0.12232423740428772
0,GABARAP,4.1335692,1.3763399,3.571726067624336e-05,0.0009501952876813294,0.34574468085106386,0.2310423535379153,0.11470232731314856
0,PTPRE,4.12875,1.571968,3.647412314619598e-05,0.0009687550792125203,0.3191489361702128,0.18437737763124523,0.13477155853896755
0,ITGAM,4.1004267,2.1713643,4.123887962473657e-05,0.0010778103986267013,0.25,0.09206188181587624,0.15793811818412376
0,FGR,4.0398064,1.2030629,5.349529917225434e-05,0.0013696973235637767,0.3617021276595745,0.24575196550849607,0.11595016215107842
0,LY96,4.0236893,1.7618415,5.7293524483285e-05,0.0014623702871622867,0.2872340425531915,0.14811057570377884,0.13912346684941268
0,C1orf162,3.988794,0.7379539,6.641000938579803e-05,0.00167416666188142,0.5,0.45523712908952574,0.04476287091047426
0,SLC7A7,3.9456058,1.7405895,7.959848562307438e-05,0.001979195780059453,0.2765957446808511,0.1331473497337053,0.14344839494714579
0,GLUL,3.9430082,1.6686807,8.046590152476025e-05,0.001997727791876483,0.2925531914893617,0.16155211767689576,0.13100107381246595
0,ZEB2,3.8724985,1.1276904,0.00010772537179444869,0.0025767467952178,0.3617021276595745,0.24828810550342378,0.1134140221561507
0,IFI27L2,3.8602304,1.2920206,0.00011328015715661782,0.0026899515983155645,0.3351063829787234,0.23256403753487193,0.10254234544385149
0,MARCH1,3.826556,1.3883933,0.0001299486133953224,0.0030518941779321455,0.3191489361702128,0.1940147096119706,0.1251342265582422
0,LY86,3.796418,1.1148411,0.0001468019089643,0.003392409650515413,0.3617021276595745,0.24955617550088766,0.11214595215868683
0,H2AFY,3.7886252,0.8009381,0.0001514832003856133,0.0034858180611941196,0.44148936170212766,0.3857468932285062,0.055742468473621465
0,RAB11FIP1,3.7779846,1.436685,0.00015810261925248555,0.003622852876176353,0.2978723404255319,0.1729647476540705,0.1249075927714614
0,QKI,3.7690027,1.9383652,0.00016390110504187674,0.00374000833973521,0.25,0.11082931777834136,0.13917068222165863
0,AHNAK,3.749255,0.99697936,0.00017736069383242716,0.003985986692022446,0.40425531914893614,0.33451686533096625,0.06973845381796989
0,OGFRL1,3.7424011,1.9331559,0.00018227023594971295,0.004090704156890609,0.2553191489361702,0.11894496576211007,0.13637418317406014
0,POMP,3.7362986,0.71937084,0.00018674900670272661,0.004174044397081025,0.4574468085106383,0.4367233071265534,0.020723501384084908
0,BRI3,3.7337635,1.2561691,0.00018863965894751777,0.004204813978256592,0.3351063829787234,0.2282525995434948,0.10685378343522861
0,MSRB1,3.7179277,1.9333655,0.00020086371649104026,0.0044469976529227465,0.25,0.11336545777326909,0.1366345422267309
0,PLAUR,3.7145164,1.7444816,0.00020359261528802908,0.004489189728743185,0.26595744680851063,0.12883591174232817,0.13712153506618247
0,SMCO4,3.6989937,1.8525623,0.0002164559970244503,0.004740878938844754,0.2553191489361702,0.12198833375602333,0.13333081518014686
0,LYST,3.6837525,1.2178993,0.0002298253634403121,0.0050002297489985985,0.32978723404255317,0.224702003550596,0.10508523049195717
0,PGK1,3.6712654,0.5331571,0.0002413524998334436,0.005202593214459777,0.5159574468085106,0.5404514329190971,-0.024493986110586508
0,CPPED1,3.668887,1.7844656,0.00024360874942347437,0.005244319406996664,0.26063829787234044,0.12756784174486432,0.13307045612747612
0,DPYSL2,3.6639736,1.9066653,0.00024833248713995075,0.005318020709550699,0.2553191489361702,0.12452447375095105,0.13079467518521914
0,SULT1A1,3.623414,1.7602509,0.0002907399584497997,0.006122003166276928,0.26063829787234044,0.1331473497337053,0.12749094813863515
0,RNF13,3.6163723,1.4791858,0.00029876052905883046,0.006274738146253562,0.2872340425531915,0.1729647476540705,0.11426929489912102
0,IRS2,3.608924,1.752775,0.0003074697523966258,0.006432880586906898,0.26063829787234044,0.13416180573167638,0.12647649214066406
0,PICALM,3.6081102,1.8167266,0.0003084354510075705,0.006444843440529835,0.2553191489361702,0.12782145574435708,0.12749769319181312
0,CNPY3,3.5783792,0.8563624,0.0003457317632357145,0.007124077302644238,0.4095744680851064,0.3578493532843013,0.051725114800805105
0,ANXA2,3.570868,0.7332702,0.0003558001167805708,0.007310058917253465,0.46808510638297873,0.4055287851889424,0.06255632119403631
0,CD4,3.5683956,1.4608159,0.00035917382476517197,0.0073639635927105,0.2872340425531915,0.17347197565305605,0.11376206690013546
0,IGSF6,3.5606968,1.6955007,0.0003698718888001196,0.007573809727983426,0.26063829787234044,0.12959675374080648,0.13104154413153396
0,ATOX1,3.5487418,1.398114,0.00038707641512293595,0.007916196534782944,0.2925531914893617,0.1820948516358103,0.11045833985355141
0,CAPZA2,3.5434215,0.8544397,0.0003949708804854704,0.008037460914953708,0.39361702127659576,0.3494800913010398,0.04413692997555596
0,AGTRAP,3.529526,1.405941,0.0004163046461645323,0.008429653856309298,0.2925531914893617,0.17981232564037536,0.11274086584898635
0,HSBP1,3.5200121,1.1801707,0.00043152706903864943,0.008657329465366343,0.324468085106383,0.22850621354298759,0.09596187156339539
0,TGFBI,3.5099034,1.5819519,0.0004482692908371386,0.00895498640706523,0.26595744680851063,0.13999492772001015,0.12596251908850048
0,RP11-386I14.4,3.5073059,1.1481797,0.00045266833605219983,0.009020836353410526,0.35638297872340424,0.2637585594724829,0.09262441925092135
0,CMTM6,3.4580774,1.0994221,0.0005440449817606643,0.01063455190751043,0.35638297872340424,0.28506213542987574,0.0713208432935285
0,RTN3,3.450723,1.3605541,0.0005590872977037718,0.010876607940227599,0.2978723404255319,0.19908698960182603,0.09878535082370588
0,EIF4EBP1,3.4309752,1.6080612,0.0006014157032950252,0.01164468913799989,0.26063829787234044,0.1440527517118945,0.11658554616044595
0,MEF2C,3.4200215,1.0037385,0.0006261617245167933,0.012024215932886452,0.35638297872340424,0.24017245751965507,0.11621052120374917
0,ANXA5,3.4058444,0.84247744,0.0006595973764143075,0.01259238351868668,0.39361702127659576,0.32690844534618313,0.06670857593041263
0,BLOC1S1,3.405375,0.7107463,0.0006607324059926359,0.012599350692826942,0.44680851063829785,0.4466142531067715,0.00019425753152635394
0,GNG5,3.313897,0.69025254,0.0009200539553487114,0.016725558626066964,0.4308510638297872,0.4242962211514076,0.006554842678379635
0,PGLS,3.2793462,0.7633214,0.001040478850264486,0.018659907483518225,0.40425531914893614,0.36875475526249046,0.03550056388644568
0,IER5,3.2576895,1.4174381,0.0011232324949496397,0.019975224836816362,0.2712765957446808,0.16611716966776566,0.10515942607691517
0,CCL3L3,3.2568758,1.4955064,0.0011264572247789203,0.020010821557663316,0.26063829787234044,0.13745878772508244,0.123179510147258
0,SERPINB1,3.2297735,0.8021815,0.0012388833463558028,0.021724941510961725,0.40425531914893614,0.3887902612224195,0.015465057926516645
0,PLEK,3.2243593,0.98006564,0.00126254892911243,0.02206897759530819,0.35106382978723405,0.26832361146335276,0.08274021832388129
0,FLNA,3.2190702,0.8801982,0.0012860697027744508,0.022408292233325654,0.3882978723404255,0.3431397413137205,0.04515813102670502
0,NCOA4,3.1982584,1.2949061,0.001382603068301122,0.023861570464635714,0.31382978723404253,0.24118691351762617,0.07264287371641637
0,SAMHD1,3.1883063,0.7321194,0.001431088360500904,0.024620438134758452,0.40425531914893614,0.36469693127060615,0.03955838787832999
0,DYNLL1,3.1816404,0.63986963,0.0014644357322051024,0.025114919302523773,0.4574468085106383,0.4395130611209739,0.01793374738966441
0,VMP1,3.1427395,1.1092224,0.0016737476220510153,0.02821109065074903,0.32978723404255317,0.2629977174740046,0.06678951656854859
0,HACD4,3.1377947,1.3378338,0.0017022407480571143,0.028652634649138323,0.2765957446808511,0.184630991630738,0.09196475305011306
0,GSTO1,3.124181,0.9319951,0.0017830077978926433,0.029676287468282336,0.3617021276595745,0.31651027136697946,0.045191856292595034
0,RASSF3,3.1216772,1.396307,0.0017982395657632968,0.029899387739281805,0.26595744680851063,0.16966776566066447,0.09628968114784617
0,ATP6V0D1,3.0350502,1.1213773,0.0024049576199681203,0.038065534219118534,0.30319148936170215,0.23053512553892974,0.07265636382277241
0,PGD,3.0182755,1.4741611,0.002542177352021427,0.03991608796201781,0.25,0.1511539436976921,0.09884605630230789
0,TPP1,2.999717,1.1726441,0.0027023061280484996,0.04200437171715885,0.2872340425531915,0.20339842759320315,0.08383561495998837
0,SCPEP1,2.9917364,1.3854082,0.0027739561067673343,0.042937271393396745,0.26595744680851063,0.17626172964747655,0.08969571716103408
0,HNRNPH1,2.9440415,0.63372695,0.003239566218199393,0.04912191185909201,0.44148936170212766,0.42531067714937865,0.016178684552749012
1,LYZ,39.789345,6.0574393,0.0,0.0,1.0,0.5450530035335689,0.4549469964664311
1,CST3,39.12928,4.8204017,0.0,0.0,1.0,0.4363957597173145,0.5636042402826855
1,S100A9,38.786556,5.461245,0.0,0.0,0.9904761904761905,0.610718492343934,0.37975769813225646
1,FCN1,38.463722,5.128029,0.0,0.0,0.9700680272108844,0.17255594817432274,0.7975120790365616
1,GPX1,38.263054,3.6205065,0.0,0.0,0.9918367346938776,0.46849234393404005,0.5233443907598375
1,S100A8,38.135124,5.483702,0.0,0.0,0.9931972789115646,0.5173733804475854,0.4758238984639792
1,S100A6,38.083855,2.8957412,0.0,0.0,1.0,0.8701413427561837,0.1298586572438163
1,TYROBP,38.04352,4.8223915,0.0,0.0,0.9959183673469387,0.3657243816254417,0.6301939857214971
1,CSTA,37.981506,5.0918646,0.0,0.0,0.9687074829931973,0.11749116607773852,0.8512163169154587
1,RP11-1143G9.4,37.745007,5.16501,0.0,0.0,0.9755102040816327,0.14075382803297998,0.8347563760486527
1,CTSS,37.62891,4.0118484,7.23989968874873e-310,1.0768363527965272e-306,0.9945578231292517,0.5379858657243817,0.45657195740487
1,FTL,37.453808,2.8883207,5.207807467282155e-307,7.100411497683612e-304,1.0,0.9944051825677267,0.005594817432273302
1,LGALS1,37.428295,4.124338,1.3546437347779372e-306,1.7048712419001408e-303,0.9918367346938776,0.3763250883392226,0.6155116463546549
1,MNDA,37.313805,4.9775896,9.802565671036964e-305,1.1455698353131126e-301,0.964625850340136,0.13162544169611307,0.833000408644023
1,LST1,37.062344,4.3505354,1.1362917326883308e-300,1.239391269234252e-297,0.998639455782313,0.285924617196702,0.712714838585611
1,AIF1,36.84634,4.3557396,3.347019417144118e-297,3.422536542743432e-294,0.9891156462585035,0.2670789163722026,0.7220367298863009
1,FTH1,36.795055,2.0153825,2.2149020144186072e-296,2.1316477563472255e-293,1.0,0.9893992932862191,0.010600706713780883
1,LGALS2,36.443466,5.1105833,8.730560002553356e-291,7.935594011209747e-288,0.9183673469387755,0.11130742049469965,0.8070599264440759
1,NEAT1,35.35186,3.0394795,9.388038176547212e-274,7.314175838404235e-271,0.9918367346938776,0.6027679623085983,0.38906877238527926
1,AP1S2,35.217857,3.638594,1.0657695368723798e-271,7.925934269440457e-269,0.9387755102040817,0.2838633686690224,0.6549121415350593
1,TYMP,35.179295,3.969255,4.1458155927029245e-271,2.949116909226633e-268,0.9482993197278912,0.22703180212014135,0.7212675176077499
1,PSAP,35.17019,3.0544722,5.712794647148014e-271,3.8944597175828607e-268,0.9877551020408163,0.5035335689045937,0.4842215331362226
1,S100A11,35.1261,3.3079598,2.693825607235474e-270,1.6951415676915227e-267,0.9795918367346939,0.42638398115429915,0.5532078555803948
1,S100A12,34.70242,5.1667986,7.243420471195119e-264,4.389244530711976e-261,0.889795918367347,0.11012956419316844,0.7796663541741785
1,GSTP1,34.628452,2.9142196,9.42874267126439e-263,5.509416387305596e-260,0.9700680272108844,0.49646643109540634,0.47360159611547803
1,FCER1G,34.422527,3.9886339,1.1606235437727277e-259,6.547917861953655e-257,0.9836734693877551,0.2832744405182568,0.7003990288694983
1,S100A4,34.38562,2.7213805,4.136226293980263e-259,2.2557599465270362e-256,0.998639455782313,0.8115429917550059,0.18709646402730706
1,MT-CO1,34.294838,1.0696902,9.368773161761342e-258,4.944596699986365e-255,1.0,0.9982332155477032,0.0017667844522968323
1,VCAN,34.12504,4.9912906,3.1375161680539853e-255,1.6041531882978516e-252,0.8693877551020408,0.08421672555948174,0.785171029542559
1,SRGN,33.834915,2.8104684,6.049657219507968e-251,2.8279554790962815e-248,0.9945578231292517,0.5594817432273262,0.4350760799019254
1,SAT1,33.801365,2.8637707,1.8830888294419028e-250,8.558115649583048e-248,0.9891156462585035,0.6183745583038869,0.3707410879546166
1,GRN,33.216106,3.6610236,6.303002177518477e-242,2.7137741743784156e-239,0.8938775510204081,0.21024734982332155,0.6836302011970865
1,MS4A6A,33.205856,4.624992,8.861796250894116e-242,3.717637140022529e-239,0.8530612244897959,0.08657243816254417,0.7664887863272518
1,NPC2,33.165215,3.0907502,3.418217986275542e-241,1.3981366118363536e-238,0.9551020408163265,0.35983510011778563,0.5952669406985409
1,TSPO,32.838917,2.713098,1.6397504137665707e-236,6.543404029179234e-234,0.9537414965986395,0.483510011778563,0.4702314848200765
1,FGL2,32.593185,4.1970787,5.122143532459085e-233,1.9953188174895975e-230,0.85578231292517,0.11130742049469965,0.7444748924304704
1,COTL1,32.512722,2.4080892,7.048761889193177e-232,2.6819719364904552e-229,0.9836734693877551,0.6286808009422851,0.35499266844547006
1,H3F3A,31.810684,1.487888,4.606611116731074e-222,1.6384514017573284e-219,0.998639455782313,0.9308009422850412,0.06783851349727177
1,GAPDH,31.777428,1.7729344,1.3275527526088988e-221,4.6212958692413175e-219,0.9918367346938776,0.8616018845700825,0.1302348501237951
1,MT-CO2,31.688519,0.92278636,2.2363889554110312e-220,7.622824937391642e-218,1.0,0.9976442873969376,0.002355712603062443
1,OAZ1,31.221773,1.4382657,5.396276746455265e-214,1.8018057928317264e-211,0.998639455782313,0.9296230859835101,0.06901636979880288
1,SERPINA1,31.073019,3.9372647,5.576765994528513e-212,1.82482936872962e-209,0.8435374149659864,0.1239693757361602,0.7195680392298263
1,CD14,30.932554,4.922014,4.361335979685483e-210,1.3991336855614546e-207,0.7782312925170068,0.05830388692579505,0.7199274055912118
1,CYBA,30.92742,1.6273661,5.112688029824095e-210,1.608628631845231e-207,1.0,0.893698468786808,0.10630153121319197
1,CFD,30.70475,3.9382792,4.918582486231136e-207,1.490239408467178e-204,0.8285714285714286,0.1166077738515901,0.7119636547198385
1,MT-CO3,30.472784,0.8625088,5.9797428480975226e-204,1.716396012942519e-201,1.0,0.998527679623086,0.001472320376914027
1,TKT,30.059574,2.7909775,1.6368430249363972e-198,4.539048937454982e-196,0.8884353741496599,0.3459952885747939,0.542440085574866
1,SPI1,30.022923,3.5582855,4.9285140987754506e-198,1.343923652834419e-195,0.8367346938775511,0.15518256772673733,0.6815521261508137
1,C14orf2,29.76667,1.8835691,1.0553311209406185e-194,2.830536470444174e-192,0.9809523809523809,0.6967020023557126,0.28425037859666835
1,RPS24,29.31149,0.71534413,7.403603535959222e-189,1.8353084462398307e-186,1.0,0.9991166077738516,0.0008833922261484162
1,KLF4,28.830843,3.7959783,8.809870664805428e-183,2.0591184849554512e-180,0.782312925170068,0.11189634864546526,0.6704165765246027
1,ATP5E,28.625467,1.0659174,3.2392716534619246e-180,7.464468101731064e-178,1.0,0.964075382803298,0.035924617196702036
1,STXBP2,28.369282,3.0234861,4.841037754437832e-177,1.1000585930605191e-174,0.8448979591836735,0.24617196702002356,0.59872599216365
1,RGS2,28.287384,2.9847677,4.940524334937972e-176,1.1072865567660294e-173,0.8693877551020408,0.2656065959952886,0.6037811591067522
1,TNFSF13B,27.928034,3.9963915,1.218719250882948e-171,2.6236139031178832e-169,0.7360544217687075,0.08627797408716137,0.6497764476815462
1,PYCARD,27.91983,2.7032654,1.5329085139496102e-171,3.2571319736012435e-169,0.8598639455782313,0.28916372202591284,0.5707002235523184
1,CLEC7A,27.840252,4.1176143,1.4135307887579615e-170,2.9274401563125326e-168,0.7278911564625851,0.07449941107184924,0.6533917453907359
1,MT-ND1,27.765175,1.0674069,1.1428492825553847e-169,2.308414458257858e-167,1.0,0.967020023557126,0.03297997644287398
1,CYBB,27.68002,3.6343186,1.2150008497168317e-168,2.424223036855742e-166,0.7551020408163265,0.11749116607773852,0.637610874738588
1,CFP,27.505564,3.6678247,1.506232115945719e-166,2.9337456724985606e-164,0.7442176870748299,0.11837455830388692,0.6258431287709431
1,MT-ND3,27.473227,0.940494,3.668165948693367e-166,7.06057212783202e-164,0.998639455782313,0.9891048292108363,0.009534626571476634
1,SERF2,27.434307,1.031658,1.0693070591131031e-165,2.034294510947614e-163,0.998639455782313,0.9626030624263839,0.03603639335592901
1,ACTB,27.423103,0.9639666,1.4546444264140444e-165,2.7355675242023195e-163,1.0,0.9997055359246172,0.0002944640753828054
1,CD68,27.261131,3.6816182,1.2264836063173239e-163,2.2802838957906517e-161,0.746938775510204,0.09687868080094228,0.6500600947092617
1,FCGRT,27.186209,2.9788773,9.455251187798814e-163,1.7381726368941167e-160,0.7959183673469388,0.21348645465253238,0.5824319126944064
1,VIM,27.12435,1.7945031,5.08373474331261e-162,9.241664903926401e-160,0.9863945578231292,0.7726737338044759,0.21372082401865333
1,FKBP1A,27.118824,2.1149113,5.906886071019003e-162,1.0620061869004605e-159,0.9074829931972789,0.47732626619552415,0.4301567270017547
1,HLA-DRA,26.983679,3.0821383,2.2973373329433147e-160,4.085514793944084e-158,0.998639455782313,0.6113074204946997,0.3873320352876133
1,RNF130,26.839787,3.5986214,1.1099718923997267e-158,1.9527150679088095e-156,0.7292517006802721,0.10777385159010601,0.6214778490901661
1,NAMPT,26.813486,3.4839723,2.2497586312241365e-158,3.915776698452989e-156,0.7428571428571429,0.1251472320376914,0.6177099108194515
1,MT-ND4,26.5674,0.7972914,1.6167873581404698e-155,2.784448207003813e-153,1.0,0.9958775029446407,0.0041224970553592755
1,CD36,26.472301,4.2930803,2.0206954378780406e-154,3.443812297825273e-152,0.6802721088435374,0.06065959952885748,0.6196125093146799
1,LGALS3,26.423233,3.8270278,7.411361861746565e-154,1.250075169278717e-151,0.7034013605442176,0.09098939929328621,0.6124119612509314
1,MPEG1,26.38324,3.8032856,2.13381812137861e-153,3.526403867058125e-151,0.7047619047619048,0.08716136631330977,0.6176005384485951
1,RAC1,26.283962,2.216476,2.925365430658384e-152,4.692343510882531e-150,0.8802721088435375,0.4193168433451119,0.4609552654984256
1,HLA-DRB1,26.227287,2.7073915,1.2982224553733506e-151,2.0621570478022707e-149,0.9823129251700681,0.4923439340400471,0.48996899113002096
1,IFI30,26.141756,4.147254,1.222940349519927e-150,1.923896832547647e-148,0.6816326530612244,0.06301531213191991,0.6186173409293045
1,TMSB4X,26.131695,0.5537144,1.5914446664836639e-150,2.4797739226989736e-148,1.0,1.0,0.0
1,FOS,25.946203,1.5130982,2.0068329740082084e-148,3.040166137754472e-146,0.998639455782313,0.9140164899882215,0.08462296579409145
1,BLVRB,25.71683,3.7426348,7.578402361283799e-146,1.127184009390584e-143,0.6829931972789116,0.09952885747938751,0.5834643397995241
1,NFKBIA,25.490833,2.4840379,2.491094624177905e-143,3.671783706862586e-141,0.8476190476190476,0.39693757361601884,0.45068147400302877
1,CPVL,25.334644,4.3343425,1.3269703131974423e-141,1.9044352012476625e-139,0.6476190476190476,0.05594817432273263,0.5916708732963151
1,AP2S1,25.290812,2.2530186,4.031420575767125e-141,5.7354845252283416e-139,0.8448979591836735,0.3504122497055359,0.4944857094781376
1,S100A10,25.178043,1.8230247,6.9700621020075065e-140,9.746768038542291e-138,0.9428571428571428,0.633097762073027,0.3097593807841158
1,CD302,24.677189,4.0930843,1.8800136073635283e-134,2.5420580686012138e-132,0.638095238095238,0.059481743227326266,0.5786134948679118
1,TCEB2,24.611612,1.6028441,9.4880084983604e-134,1.2724041560792993e-131,0.963265306122449,0.6790341578327445,0.2842311482897045
1,CSF3R,24.491356,4.3041067,1.8261006310248923e-132,2.4290107661949808e-130,0.6258503401360545,0.04888103651354535,0.5769693036225091
1,CEBPB,24.14688,2.430134,8.052182480872081e-129,1.053934060556385e-126,0.7850340136054422,0.28857479387514723,0.496459219730295
1,KCTD12,23.796347,4.287402,3.643710927019636e-125,4.6940751556667924e-123,0.6068027210884354,0.04770318021201413,0.5590995408764212
1,MT-ATP6,23.76991,0.8373435,6.840255015696531e-125,8.675458318745035e-123,1.0,0.984982332155477,0.015017667844522964
1,SH3BGRL3,23.768137,1.1631206,7.135334199289528e-125,8.980092525736614e-123,0.9904761904761905,0.9054770318021201,0.08499915867407037
1,CTSD,23.094463,2.3403044,5.26288927550635e-118,6.425830704220849e-116,0.7755102040816326,0.29888103651354536,0.47662916756808726
1,ANXA5,22.941872,2.436122,1.7762270997022867e-116,2.1368273219286114e-114,0.7414965986394558,0.2408716136631331,0.5006249849763227
1,ANXA2,22.806097,2.2187016,3.9889994487358154e-115,4.6952532360263793e-113,0.7863945578231293,0.32656065959952885,0.45983389822360043
1,NCF2,22.654238,3.7129543,1.2671708710455876e-113,1.4808701872269183e-111,0.601360544217687,0.06919905771495878,0.5321614865027282
1,NUP214,22.529686,3.3358514,2.124614707043647e-112,2.4308266588770007e-110,0.6204081632653061,0.09628975265017668,0.5241184106151294
1,CEBPD,22.49474,3.302853,4.673199009001791e-112,5.309597846269327e-110,0.6285714285714286,0.10159010600706714,0.5269813225643614
1,CLEC4A,22.430084,4.113526,2.002604423656354e-111,2.244151436674083e-109,0.5768707482993197,0.04770318021201413,0.5291675680873056
1,TALDO1,22.301386,2.1877015,3.582306114411169e-110,3.9601425903973744e-108,0.7591836734693878,0.3006478209658422,0.45853585250354556
1,JUND,22.285814,2.076276,5.072540999058203e-110,5.569922368160487e-108,0.7972789115646258,0.36925795053003535,0.4280209610345905
1,IL1B,22.238232,4.0889616,1.4662271799111226e-109,1.599262859368392e-107,0.5782312925170068,0.05977620730270907,0.5184550852142977
1,C1orf162,22.021189,1.9856696,1.804672619913533e-107,1.9049192731874394e-105,0.8204081632653061,0.37868080094228507,0.441727362323021
1,DUSP6,22.01974,3.423123,1.8633340307792848e-107,1.954231287024351e-105,0.6068027210884354,0.09305064782096584,0.5137520732674695
1,TGFBI,22.013975,3.9668696,2.1160404804173252e-107,2.2051298280323475e-105,0.5714285714285714,0.0535924617196702,0.5178361097089011
1,ZFP36,21.981724,1.5868672,4.3079472135713755e-107,4.4609066051418525e-105,0.9496598639455782,0.667550058892815,0.2821098050527632
1,H2AFY,21.836021,2.1437535,1.0555532677894106e-105,1.0861576738555062e-103,0.7496598639455783,0.31007067137809186,0.4395891925674864
1,ATP5G2,21.66235,1.0176747,4.6489756331273137e-104,4.724341014509067e-102,0.9836734693877551,0.8754416961130742,0.10823177327468092
1,APLP2,21.511106,2.6395533,1.225464783021348e-102,1.2376437848773008e-100,0.6680272108843538,0.16725559481743227,0.5007716160669216
1,SDCBP,21.504694,2.1207714,1.407113918102298e-102,1.4123798045442758e-100,0.7428571428571429,0.3035924617196702,0.4392646811374727
1,ASAH1,21.341375,2.4038355,4.6895562682318405e-101,4.6500503093661304e-99,0.6857142857142857,0.21731448763250882,0.4683997980817769
1,HLA-DQB1,21.312313,2.1207874,8.727607251503682e-101,8.550442050410284e-99,0.9006802721088435,0.4028268551236749,0.4978534169851686
1,POLR2L,21.280504,1.5777607,1.7207878933909484e-100,1.6758220668910302e-98,0.889795918367347,0.5603651354534747,0.3294307829138723
1,CD74,21.261284,1.5664536,2.59226148046023e-100,2.5095852119414093e-98,0.9959183673469387,0.8954652532391049,0.10045311410783386
1,LAMTOR4,21.211807,1.5579765,7.430285909891832e-100,7.150994574808251e-98,0.8965986394557823,0.573321554770318,0.32327708468546434
1,CALM2,21.151262,1.3521653,2.6865826960451e-99,2.54076182023086e-97,0.9387755102040817,0.7214369846878681,0.21733852551621358
1,ATP6V0B,21.129124,2.0885239,4.29436022386157e-99,4.0379326219884563e-97,0.7428571428571429,0.30241460541813897,0.4404425374390039
1,NDUFB1,20.989853,1.6003714,8.119661041945944e-98,7.591187103273004e-96,0.8612244897959184,0.5267962308598351,0.3344282589360833
1,RBP7,20.94215,4.028548,2.2124685681540558e-97,2.0450959459643227e-95,0.5414965986394558,0.04740871613663133,0.4940878825028244
1,GCA,20.92431,3.077269,3.216832919534854e-97,2.9402571729893714e-95,0.5945578231292517,0.10954063604240283,0.4850171870868488
1,IGSF6,20.907955,3.9874427,4.5325090005357323e-97,4.119798875431395e-95,0.5414965986394558,0.04770318021201413,0.4937934184274416
1,LY86,20.794691,2.5477138,4.8344743317267005e-96,4.369990858639809e-94,0.6598639455782312,0.16696113074204946,0.4929028148361818
1,PLBD1,20.757597,4.262027,1.046708070713913e-95,9.409445464258422e-94,0.5265306122448979,0.037102473498233215,0.48942813874666474
1,MCL1,20.674112,1.7155772,5.924602028888747e-95,5.296853212822339e-93,0.8489795918367347,0.4634864546525324,0.38549313718420225
1,PRELID1,20.428537,1.6790173,9.325399497686044e-93,8.072638157758803e-91,0.8326530612244898,0.4623085983510012,0.3703444628734886
1,RHOA,20.388714,1.4046504,2.1061095740787903e-92,1.8040868451048738e-90,0.9074829931972789,0.6145465253239105,0.29293646787336836
1,ZEB2,20.319317,2.5176985,8.677583738426204e-92,7.394476434603704e-90,0.6462585034013606,0.1684334511189635,0.47782505228239713
1,DUSP1,20.306799,1.2519705,1.1196973675056874e-91,9.49190084443552e-90,0.9972789115646259,0.8660188457008245,0.13126006586380135
1,RHOB,20.29353,2.8665905,1.4667782315558943e-91,1.2370081776539167e-89,0.601360544217687,0.12455830388692579,0.47680224033076124
1,MGST1,20.241255,4.5134244,4.242222027780735e-91,3.523197695254853e-89,0.507482993197279,0.030035335689045935,0.47744765750823304
1,RNASE6,20.238852,3.15837,4.4543357250772273e-91,3.680676100908511e-89,0.5700680272108843,0.089811542991755,0.48025648421912936
1,C4orf48,20.150028,2.2457712,2.6896052235665446e-90,2.2002315531386116e-88,0.6748299319727891,0.21672555948174324,0.45810437249104585
1,LCP1,20.081331,1.5890807,1.0747729376941627e-89,8.748437827668755e-88,0.8829931972789116,0.5161955241460542,0.3667976731328574
1,JAML,19.976322,2.3573408,8.850838031711679e-89,7.168740645387861e-87,0.6489795918367347,0.20023557126030625,0.4487440205764285
1,GLIPR1,19.800179,2.2213793,2.966436015215157e-87,2.3675053485334236e-85,0.6680272108843538,0.23468786808009423,0.43333934280425956
1,LTA4H,19.771406,2.1545272,5.249234450911813e-87,4.169064313173212e-85,0.6829931972789116,0.25559481743227325,0.42739837984663837
1,ZFP36L1,19.60222,1.8746066,1.4802292587215242e-85,1.1699531836687371e-83,0.7605442176870748,0.37868080094228507,0.38186341674478974
1,CTSH,19.441084,2.6729298,3.467612262802254e-84,2.714526518263525e-82,0.5877551020408164,0.14075382803297998,0.4470012740078364
1,CAPG,19.381989,2.6424472,1.0953223748267968e-83,8.518533022601131e-82,0.5904761904761905,0.14487632508833923,0.44559986538785123
1,ANXA1,19.381834,1.7702129,1.0985945038621347e-83,8.518533022601131e-82,0.854421768707483,0.44405182567726736,0.4103699430302156
1,CDA,19.27176,3.6608486,9.272574416082861e-83,7.122469015095384e-81,0.508843537414966,0.053886925795053005,0.454956611619913
1,PTPRE,19.265486,2.8469932,1.0467967683766234e-82,8.003103704397166e-81,0.5619047619047619,0.11012956419316844,0.45177519771159347
1,VAMP8,19.245974,1.4990239,1.525680803341123e-82,1.1556325751603755e-80,0.8244897959183674,0.49646643109540634,0.328023364822961
1,SOD2,19.22597,2.3344638,2.244093854874553e-82,1.6842027320918606e-80,0.6326530612244898,0.2067137809187279,0.4259392803057619
1,CARD16,19.198816,1.9109828,3.786171741678175e-82,2.828564194776102e-80,0.7333333333333333,0.30889281507656063,0.42444051825677265
1,PFDN5,19.151438,0.66005105,9.415054365315955e-82,7.001804748678834e-80,1.0,0.9726148409893993,0.02738515901060068
1,CXCL8,19.027515,3.7658732,1.00924458619981e-80,7.471606640187824e-79,0.5129251700680272,0.07567726737338044,0.43724790269464675
1,RAB32,18.991222,3.9633331,2.0157890181863646e-80,1.478938301638884e-78,0.4884353741496599,0.04093050647820966,0.4475048676714502
1,CNPY3,18.917955,1.9264233,8.114308742716857e-80,5.900364681759578e-78,0.7034013605442176,0.285924617196702,0.41747674334751567
1,YBX3,18.874874,2.8549993,1.8356315413737452e-79,1.3288835242661879e-77,0.5523809523809524,0.11307420494699646,0.4393067474339559
1,BRI3,18.870764,2.4839754,1.9841239560446105e-79,1.4237829844230645e-77,0.5904761904761905,0.15577149587750294,0.43470469459868755
1,ARPC3,18.789495,1.1279174,9.204966734586782e-79,6.5765266700687485e-77,0.9619047619047619,0.7700235571260307,0.19188120477873127
1,SEC11A,18.77609,1.7190199,1.1848974107111696e-78,8.428741972454542e-77,0.7414965986394558,0.36984687868080096,0.37164971995865487
1,PLAUR,18.709814,3.6492205,4.118046087420081e-78,2.9166819063324654e-76,0.49523809523809526,0.05712603062426384,0.4381120646138314
1,LINC00936,18.694738,2.2588792,5.463820729018727e-78,3.853171161529112e-76,0.6190476190476191,0.20700824499411072,0.4120393740535083
1,CTD-3252C9.4,18.651691,2.8864367,1.2234567510872432e-77,8.590976783063684e-76,0.5428571428571428,0.10865724381625441,0.4341998990408884
1,SLC7A7,18.419025,3.3982058,9.245199803773565e-76,6.436626127214438e-74,0.49795918367346936,0.06213191990577149,0.43582726376769787
1,IQGAP1,18.317225,1.9075854,6.03112513143806e-75,4.181154164214326e-73,0.6870748299319728,0.2856301531213192,0.4014446768106536
1,LY96,18.268822,3.173662,1.4658011208033288e-74,1.0118975585427537e-72,0.5047619047619047,0.07862190812720848,0.42613999663469626
1,CTSZ,18.264797,2.5958042,1.577978708657024e-74,1.0847609097620827e-72,0.5578231292517006,0.1336866902237927,0.42413643902790793
1,ALDH2,18.257805,3.9392767,1.793589300989952e-74,1.2278206926149206e-72,0.46938775510204084,0.039458186101295645,0.4299295690007452
1,RP11-160E2.6,18.234951,2.293748,2.724983401701078e-74,1.8576438931346392e-72,0.5986394557823129,0.17962308598351,0.4190163697988029
1,ASGR1,18.12962,4.14052,1.860437949073942e-73,1.2630134972945544e-71,0.46122448979591835,0.03415783274440518,0.42706665705151314
1,SAMHD1,18.081762,1.8317176,4.436712096755411e-73,2.987203564403921e-71,0.6857142857142857,0.29740871613663133,0.3883055695776544
1,CASP1,17.91343,2.2274842,9.264778996041903e-72,6.161831266432584e-70,0.5972789115646259,0.19022379269729092,0.4070551188673349
1,FGR,17.859177,2.2139273,2.452282155295289e-71,1.6178140460800897e-69,0.6054421768707483,0.17432273262661954,0.43111944424412874
1,CLEC12A,17.850615,3.8051996,2.858687851101267e-71,1.8783530896332462e-69,0.4639455782312925,0.043580683156654886,0.42036489507463765
1,ATP5I,17.814135,1.2058765,5.490032710894945e-71,3.592897007318088e-69,0.8857142857142857,0.6333922261484098,0.25232205956587583
1,LYST,17.737352,2.3125186,2.158677560343371e-70,1.4070965563656532e-68,0.580952380952381,0.15341578327444053,0.4275365976779405
1,ARPC1B,17.730804,1.1065251,2.4254224512776672e-70,1.5746959017997586e-68,0.9374149659863945,0.7314487632508834,0.20596620273551114
1,AHNAK,17.636507,1.8946476,1.2920648131483002e-69,8.322626932251708e-68,0.6585034013605442,0.2682567726737338,0.39024662868681037
1,ITGB2,17.514666,1.237401,1.1073573101280276e-68,7.10489135333516e-67,0.9102040816326531,0.6531213191990577,0.2570827624335954
1,ALDOA,17.403296,1.0105026,7.788992132468645e-68,4.958587559506595e-66,0.9414965986394558,0.775323910482921,0.16617268815653474
1,HLA-DPB1,17.364086,1.6707358,1.5433788026714882e-67,9.787294802522567e-66,0.8748299319727891,0.5256183745583038,0.3492115574144853
1,TNFAIP2,17.303028,4.213136,4.462948995397692e-67,2.808396481296217e-65,0.43673469387755104,0.02856301531213192,0.40817167856541914
1,SH3BGRL,17.301239,1.4111739,4.6038683424843355e-67,2.8859727950722684e-65,0.7931972789115647,0.4793875147232038,0.3138097641883609
1,RAB31,17.270693,3.7664466,7.819826606180734e-67,4.864645745388707e-65,0.4489795918367347,0.04210836277974087,0.4068712290569938
1,CECR1,17.219646,2.6192787,1.8913871763761568e-66,1.1721585451776629e-64,0.5183673469387755,0.11690223792697291,0.4014651090118026
1,CCL3,17.21818,3.0432587,1.939927693405206e-66,1.1977040374265123e-64,0.49795918367346936,0.09923439340400471,0.39872479026946467
1,C10orf54,17.16768,1.5416654,4.6358119507051536e-66,2.8406936076961433e-64,0.7551020408163265,0.39870435806831567,0.3563976827480108
1,GNAI2,17.150045,1.6755375,6.280360695345179e-66,3.834066467781435e-64,0.6952380952380952,0.3212603062426384,0.3739777889954568
1,HSBP1,17.143036,2.2647614,7.085314799754991e-66,4.3093990869439185e-64,0.5605442176870749,0.16195524146054183,0.398588976226533
1,EVI2B,17.135582,1.3268052,8.054222419881543e-66,4.880560481914146e-64,0.8340136054421768,0.5500588928150766,0.28395471262710026
1,MT-ND4L,17.007807,1.315138,7.187947447334667e-65,4.339557497632564e-63,0.8476190476190476,0.5609540636042403,0.28666498401480733
1,RGS18,16.910353,3.4552515,3.774368804546501e-64,2.26199443264415e-62,0.45034013605442175,0.05005889281507656,0.40028124323934516
1,HNMT,16.906466,4.2599096,4.0317913204652414e-64,2.4074502844573657e-62,0.42585034013605444,0.0267962308598351,0.3990541092762193
1,TPP1,16.84099,2.4071846,1.2217389308774683e-63,7.242344437712413e-62,0.5292517006802722,0.13751472320376915,0.39173697747650305
1,MARCKS,16.84041,3.2260923,1.2337703870865767e-63,7.287262564304507e-62,0.4639455782312925,0.0706713780918728,0.3932742001394197
1,HLA-DMA,16.837528,1.766418,1.2953485822039472e-63,7.623452573179417e-62,0.6870748299319728,0.28209658421672557,0.4049782457152472
1,TIMP1,16.746778,1.974307,5.977682563673401e-63,3.505407327034427e-61,0.6040816326530613,0.21790341578327443,0.3861782168697868
1,PILRA,16.71845,3.6499002,9.618832305332237e-63,5.62048983384074e-61,0.4380952380952381,0.04093050647820966,0.3971647316170284
1,NAIP,16.628637,3.3829873,4.323082372361685e-62,2.5170800958793426e-60,0.44625850340136053,0.053297997644287394,0.39296050575707314
1,HCK,16.583971,2.820118,9.101105964306477e-62,5.261596985230327e-60,0.47619047619047616,0.07714958775029446,0.3990408884401817
1,DPYSL2,16.522095,3.2146378,2.544038723869089e-61,1.4655992099021889e-59,0.45034013605442175,0.061248527679623084,0.38909160837479867
1,SERP1,16.484148,1.1190884,4.769720105116116e-61,2.7381540575370094e-59,0.8993197278911564,0.6475265017667845,0.25179322612437194
1,CPPED1,16.477821,3.1703317,5.295995294035085e-61,3.0296426225772037e-59,0.4530612244897959,0.06448763250883392,0.388573591980962
1,CHP1,16.475193,2.451423,5.531086993824755e-61,3.1531050280824674e-59,0.5102040816326531,0.127208480565371,0.38299560106728203
1,MS4A7,16.382023,3.0024674,2.5705275967059384e-60,1.4552388238652547e-58,0.45850340136054424,0.06537102473498234,0.3931323766255619
1,CTSB,16.378304,2.2586036,2.7325573955617575e-60,1.5416335016822729e-58,0.5333333333333333,0.15783274440518258,0.37550058892815075
1,METTL9,16.362494,1.6560286,3.5431392991094074e-60,1.9920722361762548e-58,0.6666666666666666,0.32037691401649,0.34628975265017664
1,COX6B1,16.286003,0.9968055,1.240794579360528e-59,6.928546113623754e-58,0.9183673469387755,0.7240871613663133,0.19428018557246218
1,GABARAP,16.28324,2.157507,1.2981152987228357e-59,7.223967483810992e-58,0.545578231292517,0.1693168433451119,0.37626138794740516
1,C19orf38,16.184166,3.354792,6.522703566835581e-59,3.617557730745659e-57,0.43537414965986393,0.05418138987043581,0.3811927597894281
1,SMCO4,16.161467,3.2343283,9.429181698933662e-59,5.211852762711272e-57,0.43945578231292515,0.06065959952885748,0.3787961827840677
1,COX7B,16.146713,1.2147945,1.1977510841705526e-58,6.598116325964448e-57,0.8204081632653061,0.555359246171967,0.2650489170933391
1,COX8A,16.135014,1.2982833,1.4477481972078158e-58,7.948526259905059e-57,0.7959183673469388,0.49322732626619553,0.30269104108074324
1,UQCR11,16.134571,0.9780264,1.4581832753208798e-58,7.979042330275891e-57,0.9210884353741496,0.7449941107184923,0.17609432465565733
1,HLA-DPA1,16.105986,1.5575222,2.3157587240994177e-58,1.2629376161663524e-56,0.8517006802721089,0.4817432273262662,0.3699574529458427
1,SULT1A1,15.991717,2.9781883,1.459511197817903e-57,7.9069744064565275e-56,0.4489795918367347,0.071849234393404,0.3771303574433307
1,CD63,15.951877,1.6631905,2.764618670545917e-57,1.4928028405545133e-55,0.6489795918367347,0.2868080094228504,0.3621715824138843
1,PPT1,15.940722,1.9557947,3.3050838568719123e-57,1.7787656902066236e-55,0.5687074829931973,0.21171967020023558,0.3569878127929617
1,SGK1,15.915362,3.4201684,4.9579411263085385e-57,2.6595696645093114e-55,0.42585034013605444,0.052414605418138985,0.37343573471791547
1,EIF4EBP1,15.855976,2.8048172,1.278255148584583e-56,6.79010794999752e-55,0.45714285714285713,0.08274440518256773,0.3743984519602894
1,OGFRL1,15.853043,3.2201192,1.339355148272904e-56,7.091647113557598e-55,0.4312925170068027,0.05889281507656066,0.3723997019302421
1,FOSB,15.843015,1.2513155,1.5710528189755153e-56,8.291611345567228e-55,0.8244897959183674,0.5530035335689046,0.2714862623494627
1,ZFAND5,15.827307,1.8652583,2.0167032442983897e-56,1.0609415363333104e-54,0.5877551020408164,0.2326266195524146,0.3551284824884018
1,TPI1,15.782145,1.2836871,4.129137502748408e-56,2.165282650079061e-54,0.7986394557823129,0.5011778563015312,0.29746159948078166
1,PGLS,15.7808485,1.6149569,4.214815226813436e-56,2.2031499017857712e-54,0.6462585034013606,0.31065959952885747,0.33559890387250313
1,SERPINB1,15.752793,1.5373243,6.571341756028471e-56,3.4131340466787876e-54,0.6680272108843538,0.3292108362779741,0.3388163746063797
1,TMEM167A,15.710718,2.1136074,1.2772340331239527e-55,6.592058680107568e-54,0.5333333333333333,0.16813898704358068,0.36519434628975267
1,GLRX,15.69247,1.5251712,1.702991939081192e-55,8.761839973367102e-54,0.6816326530612244,0.3415783274440518,0.34005432561717264
1,EFHD2,15.410481,1.7774689,1.391712139565767e-53,7.115563223573599e-52,0.5850340136054422,0.2143698468786808,0.3706641667267614
1,UQCRH,15.380175,1.0615007,2.2234732506965453e-53,1.126261481567993e-51,0.85578231292517,0.6345700824499411,0.22121223047522898
1,PGAM1,15.373813,1.51079,2.4529761271904335e-53,1.2386772350914408e-51,0.6666666666666666,0.3377502944640754,0.32891637220259123
1,AGTRAP,15.358566,2.403867,3.10364624500046e-53,1.562423268137001e-51,0.48027210884353744,0.12102473498233215,0.3592473738612053
1,PCBP1,15.214962,1.1120046,2.8138138647353574e-52,1.403561239052902e-50,0.8272108843537415,0.5818610129564193,0.24534987139732212
1,SNX10,15.198368,2.3169546,3.6254223390772395e-52,1.8029037960377724e-50,0.48435374149659866,0.12073027090694935,0.3636234705896493
1,CCL3L3,15.16656,3.094837,5.8882966147722865e-52,2.910526311609951e-50,0.42993197278911566,0.08097762073027091,0.34895435205884473
1,RAB11FIP1,15.038938,2.3869905,4.0804876750800764e-51,2.0048305961557097e-49,0.4707482993197279,0.1154299175500589,0.355318381769669
1,RTN4,14.922741,1.4525294,2.3444114923693517e-50,1.144982579900148e-48,0.6789115646258503,0.3504122497055359,0.3284993149203144
1,QPCT,14.866869,4.237773,5.40843653914232e-50,2.6335544707412946e-48,0.3727891156462585,0.019729093050647822,0.35306002259561065
1,ATG3,14.85957,1.9438866,6.03117465796427e-50,2.9280726581291816e-48,0.5265306122448979,0.18256772673733804,0.34396288550755993
1,PGD,14.806937,2.6077037,1.3212462263306833e-49,6.395535357691215e-48,0.43945578231292515,0.09422850412249706,0.3452272781904281
1,DYNLL1,14.798649,1.3946484,1.4945528318561455e-49,7.213091115633745e-48,0.6952380952380952,0.38515901060070673,0.3100790846373885
1,BNIP3L,14.78057,1.9179435,1.9550392095634103e-49,9.407763678725575e-48,0.5292517006802722,0.18904593639575973,0.34020576428451244
1,LRRFIP1,14.743629,1.2924049,3.381165341782403e-49,1.617521817453272e-47,0.7319727891156462,0.43080094228504123,0.301171846830605
1,LINC01272,14.737659,2.759603,3.693640571029287e-49,1.7618557837495674e-47,0.4231292517006803,0.06713780918727916,0.3559914425134011
1,POMP,14.685779,1.3746959,7.951596197850882e-49,3.781862366076694e-47,0.6979591836734694,0.38133097762073026,0.31662820605273917
1,GPX4,14.646176,1.0797814,1.4251295772711794e-48,6.719465421825293e-47,0.8326530612244898,0.5924617196702002,0.24019134155428956
1,SPG21,14.53948,1.770806,6.8107975700967e-48,3.1837559726957743e-46,0.545578231292517,0.2123085983510012,0.33326963294151585
1,LAMTOR1,14.536359,1.3347954,7.128464487238671e-48,3.32275804774108e-46,0.6693877551020408,0.38633686690223795,0.2830508881998029
1,ATP6V1F,14.522101,1.3377331,8.777803112985132e-48,4.079932861691754e-46,0.6925170068027211,0.3945818610129564,0.2979351457897647
1,RHOG,14.505848,1.4098822,1.1125479642683586e-47,5.156486471216605e-46,0.6612244897959184,0.3404004711425206,0.3208240186533978
1,ODF3B,14.49894,3.4070306,1.2303479522498616e-47,5.686362386090392e-46,0.38639455782312926,0.04534746760895171,0.34104709021417756
1,CLTA,14.45354,1.638557,2.3812679318690013e-47,1.0974626657270065e-45,0.5782312925170068,0.24734982332155478,0.330881469195452
1,HLA-DQA1,14.429526,1.6893872,3.3739096153407963e-47,1.550576831926707e-45,0.6285714285714286,0.3006478209658422,0.32792360760558636
1,HLA-DMB,14.4097595,1.646253,4.492729188028418e-47,2.058978774379074e-45,0.5863945578231292,0.2223203769140165,0.3640741809091127
1,ITM2B,14.24997,0.769685,4.484698575601032e-46,2.043848283994665e-44,0.9659863945578231,0.8636631330977621,0.10232326146006099
1,ATP6V0D1,14.242944,1.8870542,4.959302277322782e-46,2.253865126646612e-44,0.5115646258503401,0.17373380447585396,0.33783082137448617
1,GNG5,14.234314,1.3252703,5.6110766061960745e-46,2.54301452504083e-44,0.6802721088435374,0.36925795053003535,0.31101415831350204
1,DAZAP2,14.214274,1.1334424,7.472190420409126e-46,3.377141090284909e-44,0.7836734693877551,0.515017667844523,0.2686558015432321
1,VMP1,14.168925,1.7678877,1.42667676039729e-45,6.430264043212139e-44,0.5360544217687074,0.20759717314487633,0.3284572486238311
1,BLOC1S1,14.135531,1.2894707,2.2939629792149687e-45,1.0282610493955098e-43,0.6938775510204082,0.3931095406360424,0.30076801038436574
1,FBXL5,14.066782,1.9927666,6.077220758282439e-45,2.7092481969007897e-43,0.48707482993197276,0.160188457008245,0.3268863729237278
1,MEF2C,14.065162,1.6268128,6.218020670843465e-45,2.7644846792301614e-43,0.5496598639455782,0.17962308598351,0.3700367779620682
1,LYN,14.046163,1.8891495,8.132253699389779e-45,3.595994669613951e-43,0.5047619047619047,0.16195524146054183,0.3428066633013629
1,NDUFA11,14.032962,1.1061196,9.797230902339353e-45,4.3205524203011894e-43,0.782312925170068,0.508833922261484,0.27347900290858396
1,RTN3,14.002144,2.0604348,1.5123897266391404e-44,6.651668902565316e-43,0.4748299319727891,0.14487632508833923,0.32995360688444986
1,KLF10,13.937471,2.9653075,3.7499405179241543e-44,1.6448465633715037e-42,0.3904761904761905,0.06389870435806831,0.32657748611812215
1,HACD4,13.898756,2.122799,6.445181579906187e-44,2.81198975543587e-42,0.45850340136054424,0.13044758539458187,0.32805581596596234
1,CRTAP,13.898518,2.6613686,6.466715976968499e-44,2.813881385616532e-42,0.40816326530612246,0.08186101295641932,0.3263022523497031
1,SEC61G,13.877897,1.0570704,8.623635205114808e-44,3.7424746841083125e-42,0.7972789115646258,0.5373969375736161,0.25988197399100976
1,CD33,13.862292,3.721352,1.0719541403987759e-43,4.6275044039747686e-42,0.35918367346938773,0.03356890459363958,0.32561476887574814
1,ATOX1,13.828864,2.1477978,1.7069388282657308e-43,7.329980621851868e-42,0.454421768707483,0.12926972909305065,0.3251520396144324
1,EVI2A,13.676767,1.5196906,1.3976929365355027e-42,5.939650424586328e-41,0.5755102040816327,0.2791519434628975,0.29635826061873516
1,QKI,13.607848,2.9128683,3.596792069560638e-42,1.5205972881158035e-40,0.38231292517006804,0.05977620730270907,0.322536717867359
1,YWHAE,13.606109,1.7577467,3.683412975496388e-42,1.5532041157756806e-40,0.5102040816326531,0.19316843345111898,0.31703564818153407
1,C7orf73,13.565449,1.4006945,6.418525013736173e-42,2.692653532044552e-40,0.6136054421768707,0.31890459363957596,0.2947008485372948
1,CD93,13.54998,3.6748025,7.925144468616286e-42,3.316196640691331e-40,0.3510204081632653,0.02944640753828033,0.321574000624985
1,MSRB1,13.509235,2.8566132,1.3794600974202936e-41,5.742836298700616e-40,0.38231292517006804,0.0627208480565371,0.31959207711353094
1,CAST,13.402966,1.3485909,5.809443438476712e-41,2.400209699417108e-39,0.6340136054421769,0.3409893992932862,0.2930242061488907
1,SLC11A1,13.351375,3.1701775,1.1628373155614226e-40,4.7922371082872635e-39,0.3619047619047619,0.045936395759717315,0.3159683661450446
1,CD44,13.331693,0.9352649,1.5142250617582815e-40,6.224682471212875e-39,0.8530612244897959,0.6498822143698468,0.2031790101199491
1,TXN,13.283461,1.3879417,2.8873384023966855e-40,1.183953473724616e-38,0.6054421768707483,0.30212014134275617,0.30332203552799214
1,SCPEP1,13.2721195,2.1403906,3.3594300945827626e-40,1.3740908944367144e-38,0.43673469387755104,0.1248527679623086,0.31188192591524244
1,CD4,13.232791,2.1464074,5.674095569256939e-40,2.315059291985356e-38,0.4326530612244898,0.12367491166077739,0.30897814956371245
1,IFITM3,13.145486,1.9630582,1.806419170583411e-39,7.333703238192355e-38,0.4557823129251701,0.13987043580683156,0.3159118771183385
1,CH17-373J23.1,13.143593,1.6087247,1.8521979079962347e-39,7.500943062556038e-38,0.54421768707483,0.24293286219081273,0.30128482488401725
1,ARRB2,13.127851,1.4217743,2.2803704717274917e-39,9.212133651341603e-38,0.5795918367346938,0.27267373380447585,0.306918102930218
1,COX5B,13.124679,0.9705504,2.3778970636369972e-39,9.582456615311554e-38,0.8394557823129252,0.6030624263839811,0.23639335592894406
1,IRF2BP2,13.112808,1.8146738,2.781067161195746e-39,1.1179616664452973e-37,0.4748299319727891,0.16725559481743227,0.30757433715535687
1,MARCH1,13.109892,1.8671746,2.8901047847949737e-39,1.158946185883102e-37,0.46530612244897956,0.142226148409894,0.32307997403908556
1,C20orf24,13.09033,1.5873381,3.739811962318284e-39,1.4923674028168158e-37,0.5306122448979592,0.22703180212014135,0.30358044277781787
1,GLUL,12.999614,2.1836457,1.2296259433189978e-38,4.871164663109473e-37,0.4204081632653061,0.11277974087161366,0.3076284223936925
1,SAT2,12.970142,1.8175547,1.8069357640499216e-38,7.140887931309365e-37,0.4748299319727891,0.16784452296819788,0.30698540900459126
1,ACTR2,12.946829,1.1362114,2.4486287805562295e-38,9.653497705706137e-37,0.7170068027210884,0.4496466431095406,0.2673601596115478
1,FPR1,12.885959,3.997078,5.400005200824552e-38,2.118692688026151e-36,0.32653061224489793,0.02237926972909305,0.3041513425158049
1,LGALS9,12.874362,2.055596,6.2755842113135e-38,2.456335724433019e-36,0.4326530612244898,0.12868080094228504,0.3039722602822048
1,CD300E,12.856982,3.3389194,7.858496271315379e-38,3.068564618018876e-36,0.34285714285714286,0.037985865724381625,0.30487127713276124
1,BRK1,12.842844,0.9791906,9.434402597983153e-38,3.675149069181009e-36,0.7891156462585034,0.5503533568904594,0.238762289368044
1,TIMP2,12.816101,3.631771,1.3323275283565127e-37,5.165452770483627e-36,0.33197278911564626,0.02944640753828033,0.30252638157736594
1,LSM6,12.790843,1.378385,1.8446207574894484e-37,7.117886842755865e-36,0.582312925170068,0.2850412249705536,0.29727170019951443
1,LAMTOR2,12.784976,1.5219891,1.9892404882725623e-37,7.657873794971151e-36,0.5319727891156463,0.23910482921083628,0.29286795990480996
1,KLF6,12.775886,0.94572437,2.2358784460930432e-37,8.567027460545264e-36,0.8952380952380953,0.6875736160188457,0.20766447921924958
1,ARPC2,12.745068,0.6901639,3.3210431900195396e-37,1.2695230755119086e-35,0.9414965986394558,0.838339222614841,0.10315737602461483
1,SEC61B,12.707529,1.0277274,5.370468209460718e-37,2.043400706395042e-35,0.7523809523809524,0.498527679623086,0.2538532727578664
1,CKLF,12.706813,1.3441702,5.419876814622903e-37,2.0574154191193807e-35,0.5959183673469388,0.2965253239104829,0.2993930434364559
1,CMTM6,12.598326,1.5099858,2.1567442434535744e-36,8.074712257927673e-35,0.5292517006802722,0.23616018845700826,0.2930915122232639
1,NFKBIZ,12.577229,1.5967731,2.817417828390398e-36,1.0524149107373357e-34,0.5061224489795918,0.21819787985865724,0.28792456912093456
1,HEXB,12.525859,2.038383,5.390474950881293e-36,2.008964935566488e-34,0.4204081632653061,0.1254416961130742,0.2949664671522319
1,RETN,12.485694,3.2233098,8.93606530144147e-36,3.3227946453837247e-34,0.33741496598639453,0.044169611307420496,0.29324535467897406
1,MYL6,12.482351,0.61972415,9.319334905981428e-36,3.457452117840411e-34,0.9727891156462585,0.8975265017667845,0.07526261387947397
1,GSTO1,12.4772005,1.4225655,9.94209224970579e-36,3.680148671887702e-34,0.5564625850340136,0.2670789163722026,0.289383668661811
1,ENTPD1,12.442596,3.217308,1.53434865990594e-35,5.666699418672931e-34,0.3360544217687075,0.04181389870435807,0.2942405230643494
1,MIDN,12.425694,1.8140337,1.895731113056949e-35,6.9855983650280955e-34,0.45034013605442175,0.15606595995288575,0.294274176101536
1,PICALM,12.407496,2.4530668,2.3797743875764324e-35,8.749548034862474e-34,0.3741496598639456,0.08156654888103651,0.2925831109829091
1,ATP6V0E1,12.344598,0.8773399,5.209401369530648e-35,1.9110093230244606e-33,0.8217687074829932,0.6236749116607774,0.19809379582221587
1,C20orf27,12.341476,2.0180087,5.415353312489276e-35,1.9821162314460192e-33,0.41496598639455784,0.12603062426383982,0.288935362130718
1,CCNY,12.314359,2.7522528,7.581510230645269e-35,2.7687743054372152e-33,0.3523809523809524,0.06065959952885748,0.29172135285209494
1,CDC42,12.298105,0.83421415,9.272334178798515e-35,3.3787229287154235e-33,0.8965986394557823,0.7193757361601885,0.17722290329559387
1,TNFRSF1B,12.289322,1.7204365,1.03369043862012e-34,3.749935535756937e-33,0.4598639455782313,0.1622497055359246,0.2976142400423067
1,MINOS1,12.288999,1.0663488,1.0378420768578495e-34,3.7566668627148845e-33,0.708843537414966,0.45111896348645464,0.25772457392851134
1,SSR3,12.286286,1.584834,1.0732404580617462e-34,3.876222325463185e-33,0.49115646258503404,0.20288574793875147,0.28827071464628257
1,MFSD1,12.248765,2.3754027,1.7057295391034538e-34,6.1470134337602657e-33,0.37551020408163266,0.08598351001177856,0.2895266940698541
1,NAGK,12.239726,2.12231,1.9067486119731963e-34,6.841296938704708e-33,0.4,0.11130742049469965,0.28869257950530036
1,GPCPD1,12.218595,2.2753901,2.473222508904588e-34,8.835020407901302e-33,0.3836734693877551,0.09334511189634864,0.29032835749140645
1,CREG1,12.191324,3.0692432,3.4575805017242992e-34,1.2324504267693085e-32,0.3346938775510204,0.04740871613663133,0.2872851614143891
1,PLEK,12.155047,1.4488486,5.393020993658211e-34,1.9098531705030735e-32,0.5251700680272109,0.21731448763250882,0.30785558039470207
1,TIMM8B,12.130949,1.6122229,7.240539615026126e-34,2.558584635884286e-32,0.47619047619047616,0.19022379269729092,0.2859666834931852
1,CAPZA2,12.116794,1.2904346,8.606086787114685e-34,3.0345729724996416e-32,0.5795918367346938,0.30212014134275617,0.27747169539193767
1,NDUFS6,12.112854,1.194587,9.02970407811835e-34,3.1770965252063295e-32,0.6163265306122448,0.34334511189634864,0.2729814187158962
1,IFNGR2,12.084116,1.9925069,1.2814109001562448e-33,4.4989621754198114e-32,0.40680272108843535,0.11866902237926973,0.2881336987091656
1,ATP6V1B2,12.079443,2.3594735,1.3563571761288169e-33,4.7316332107982037e-32,0.37142857142857144,0.08745583038869258,0.28397274103987885
1,CLEC4E,12.074394,4.110097,1.4422189521899609e-33,5.020456229102117e-32,0.3020408163265306,0.015606595995288575,0.28643422033124205
1,PKM,11.983747,1.000735,4.3233219083185777e-33,1.4954306499365802e-31,0.7319727891156462,0.49322732626619553,0.2387454628494507
1,UQCRQ,11.909659,0.97468466,1.0540642801778278e-32,3.630641197471461e-31,0.7278911564625851,0.49823321554770317,0.2296579409148819
1,TMEM219,11.826756,1.3301536,2.8390569801015927e-32,9.71753373461133e-31,0.5496598639455782,0.2741460541813899,0.2755138097641883
1,ENY2,11.820837,1.2366734,3.046337305020125e-32,1.040524522910945e-30,0.5904761904761905,0.3133097762073027,0.2771664142688878
1,NDUFB5,11.796739,1.3075753,4.0573493236597077e-32,1.3829644225915932e-30,0.545578231292517,0.28533568904593637,0.26024254224658067
1,MOB1A,11.782992,1.2860142,4.7766882337023435e-32,1.6247691515925998e-30,0.564625850340136,0.287396937573616,0.27722891276652
1,MSN,11.751304,1.1139532,6.953767018156852e-32,2.3554985959433596e-30,0.6489795918367347,0.38633686690223795,0.26264272493449675
1,C5AR1,11.744294,3.2185454,7.555074980459932e-32,2.5538963172583664e-30,0.31564625850340133,0.037985865724381625,0.2776603927790197
1,NDUFB7,11.742077,1.0671194,7.755809363440236e-32,2.6163463297988805e-30,0.673469387755102,0.3998822143698469,0.2735871733852551
1,CCNL1,11.67135,0.9893494,1.785677026311844e-31,5.986774964649197e-30,0.7319727891156462,0.49823321554770317,0.23373957356794306
1,BID,11.618001,1.8726454,3.3385485664783662e-31,1.1170141737454509e-29,0.4054421768707483,0.13015312131919907,0.27528905555154926
1,RP11-386I14.4,11.587012,1.6246487,4.795697284526358e-31,1.5947642941491005e-29,0.47619047619047616,0.2229093050647821,0.25328117112569404
1,PTP4A2,11.569838,1.0509231,5.859322498111861e-31,1.9405744006398412e-29,0.6653061224489796,0.42579505300353354,0.23951106944544603
1,LILRB2,11.551078,3.0559218,7.290075943965796e-31,2.4095541923075635e-29,0.3142857142857143,0.040341578327444054,0.2739441359582702
1,IFNGR1,11.538507,2.1236656,8.437618162986747e-31,2.783223200899721e-29,0.37551020408163266,0.10129564193168433,0.2742145621499483
1,PRDX3,11.52089,1.8911067,1.0353603403156986e-30,3.4083562430392644e-29,0.4013605442176871,0.13162544169611307,0.269735102521574
1,FAM45A,11.490583,2.0202413,1.4711545724884014e-30,4.8235591103171813e-29,0.38503401360544215,0.11189634864546526,0.2731376649599769
1,STX11,11.48736,2.7711842,1.5270802534528972e-30,4.9969120053485706e-29,0.32653061224489793,0.05624263839811543,0.2702879738467825
1,BST1,11.487087,3.68471,1.5319104729757315e-30,5.0027120256199485e-29,0.2965986394557823,0.025323910482921083,0.2712747289728612
1,LRRC25,11.46524,2.7650194,1.9721358903687992e-30,6.414734652549488e-29,0.32108843537414966,0.04564193168433451,0.27544650368981516
1,NDUFA13,11.4342165,0.90904,2.8207230782221616e-30,9.138584214414413e-29,0.7360544217687075,0.5091283863368669,0.22692603543184064
1,LILRA2,11.4142275,3.3587477,3.550435737930871e-30,1.147997610835711e-28,0.3020408163265306,0.03268551236749117,0.26935530395903945
1,LRRK2,11.354756,2.9970696,7.023510450452848e-30,2.266502060746727e-28,0.3115646258503401,0.04299175500588928,0.2685728708444508
1,CANX,11.350953,1.2764376,7.335834650303675e-30,2.3626297384570554e-28,0.5414965986394558,0.2788574793875147,0.26263911925194106
1,CAPNS1,11.348787,1.6581615,7.519825243443962e-30,2.4171288960311722e-28,0.4312925170068027,0.16519434628975266,0.26609817071705005
1,DMXL2,11.326053,3.533831,9.750000307655642e-30,3.1278383339912544e-28,0.29523809523809524,0.02767962308598351,0.26755847215211176
1,GLIPR2,11.310653,1.5777861,1.1622213200342711e-29,3.721155189252585e-28,0.4448979591836735,0.1772673733804476,0.26763058580322585
1,SLC25A5,11.30349,0.94339716,1.2610579093829305e-29,4.0297204014480712e-28,0.7224489795918367,0.5108951707891637,0.21155380880267305
1,ATP5D,11.298407,0.8261015,1.3362002061754578e-29,4.261514926556855e-28,0.8122448979591836,0.6151354534746761,0.1971094444845075
1,SLC16A3,11.249118,2.5306203,2.3392004777264895e-29,7.445848057603715e-28,0.33197278911564626,0.06654888103651355,0.26542390807913274
1,USMG5,11.244376,0.8646529,2.468346740846464e-29,7.841673985823107e-28,0.780952380952381,0.5753828032979976,0.20556957765438333
1,FCGR2A,11.237759,3.3885686,2.660501073493998e-29,8.419430960045513e-28,0.2965986394557823,0.03209658421672556,0.26450205523905673
1,ARPC5,11.225599,0.8399891,3.053109720047536e-29,9.643229368667516e-28,0.7863945578231293,0.5909893992932862,0.19540515852984308
1,CSTB,11.206651,0.97854024,3.782363528340517e-29,1.1923554853021039e-27,0.6843537414965987,0.4575971731448763,0.22675656835172237
1,HSD17B11,11.19785,1.0809844,4.1774748956662426e-29,1.3143782070768346e-27,0.6149659863945578,0.375736160188457,0.23922982620610078
1,ATP5L,11.171978,0.5035501,5.592164022908156e-29,1.756111239516321e-27,0.9687074829931973,0.9125441696113075,0.056163313381889846
1,TIMM13,11.157378,1.4254212,6.590625513334142e-29,2.065693946813408e-27,0.48027210884353744,0.21878680800942285,0.2614853008341146
1,IFI27L2,11.143564,1.5112282,7.697589269184078e-29,2.4080355264459026e-27,0.4557823129251701,0.18992932862190812,0.265852984303262
1,SNX3,11.133366,0.890126,8.631419246996092e-29,2.6950124103073103e-27,0.7646258503401361,0.5447585394581861,0.21986731088195
1,GRINA,11.110904,2.366061,1.110301711931534e-28,3.4601231064593964e-27,0.33877551020408164,0.07832744405182568,0.26044806615225596
1,NDUFS7,11.097925,1.1300198,1.2839038978373778e-28,3.993526933938657e-27,0.5836734693877551,0.3377502944640754,0.2459231749236797
1,PECAM1,11.087675,1.7366529,1.4398185166330335e-28,4.469994449835495e-27,0.40408163265306124,0.1333922261484099,0.27068940650465134
1,GNAQ,11.086259,2.519933,1.4627776431016e-28,4.5326714050729696e-27,0.32789115646258504,0.06743227326266195,0.2604588831999231
1,ATP6AP2,11.067874,1.1753074,1.7961159646345395e-28,5.5550573340993764e-27,0.5673469387755102,0.3127208480565371,0.25462609071897313
1,FLNA,11.041421,1.180603,2.411872710804033e-28,7.445405551219772e-27,0.563265306122449,0.29799764428739695,0.265267661835052
1,ID2,11.003985,1.1220216,3.656074721291982e-28,1.1243804232153781e-26,0.6244897959183674,0.39016489988221437,0.23432489603615303
1,SKAP2,10.966038,1.8234003,5.565813220374557e-28,1.7084853677025913e-26,0.3904761904761905,0.12985865724381626,0.26061753323237424
1,ATP5J2,10.96261,0.8875476,5.780771648155151e-28,1.7711461598401952e-26,0.7210884353741497,0.5082449941107184,0.21284344126343124
1,GNS,10.94883,3.130271,6.731176511514274e-28,2.0546413974791983e-26,0.2965986394557823,0.03975265017667844,0.25684598927910385
1,OAZ2,10.905714,1.7016834,1.082397115064757e-27,3.297783836047391e-26,0.40816326530612246,0.1513545347467609,0.2568087305593616
1,PID1,10.866044,4.5869517,1.6729801437833167e-27,5.078224143309619e-26,0.2680272108843537,0.012661955241460542,0.2553652556428932
1,RXRA,10.864817,3.0743206,1.6956397149459378e-27,5.1279780732403855e-26,0.29523809523809524,0.03857479387514723,0.256663301362948
1,MGST2,10.862377,2.6628494,1.741550574479799e-27,5.257104972152027e-26,0.3129251700680272,0.05683156654888104,0.2560936035191462
1,COX5A,10.84817,1.0673778,2.0345661196698284e-27,6.130301341421375e-26,0.5986394557823129,0.357773851590106,0.24086560419220693
1,CD83,10.822639,2.1246667,2.689199308130192e-27,8.087865786823176e-26,0.34829931972789113,0.09098939929328621,0.25730992043460493
1,POLE4,10.798421,1.3059036,3.501733689444524e-27,1.0512268787706763e-25,0.4993197278911565,0.24852767962308597,0.2507920482680705
1,TMEM205,10.78215,2.0697675,4.179972794027766e-27,1.2525372689210307e-25,0.3523809523809524,0.09658421672555949,0.2557967356553929
1,GPBAR1,10.775175,2.966617,4.509236868906411e-27,1.3462705184703977e-25,0.29523809523809524,0.039458186101295645,0.2557799091367996
1,POU2F2,10.728513,1.3178575,7.479044122997056e-27,2.2288641329026385e-25,0.4884353741496599,0.21967020023557127,0.2687651739140886
1,BLVRA,10.722168,2.1765184,8.010341184605304e-27,2.3785334323289904e-25,0.34285714285714286,0.0895170789163722,0.2533400639407707
1,NOP10,10.602936,1.0012231,2.8876927491431466e-26,8.528076005186105e-25,0.6421768707482993,0.3998822143698469,0.24229465637845243
1,LILRA5,10.593044,3.4133222,3.2098038714227316e-26,9.462270475738254e-25,0.2789115646258503,0.029151943462897525,0.2497596211629528
1,PRAM1,10.579997,3.15273,3.6896983735851807e-26,1.0857401994645168e-24,0.28435374149659864,0.03445229681978799,0.24990144467681066
1,AOAH,10.563949,2.3140128,4.3784913462695815e-26,1.2861130505622374e-24,0.32108843537414966,0.06772673733804475,0.2533616980361049
1,NDUFB11,10.561441,0.8844408,4.497038864819326e-26,1.3185672556865412e-24,0.7278911564625851,0.5076560659599529,0.22023509050263212
1,COMT,10.555676,1.6240954,4.781822114509405e-26,1.399559778452386e-24,0.40272108843537413,0.15636042402826855,0.24636066440710558
1,HMGB2,10.535074,1.0962216,5.953639995770399e-26,1.7394197137642767e-24,0.5782312925170068,0.3480565371024735,0.2301747554145333
1,RASSF4,10.532039,3.5313764,6.148842049416283e-26,1.793247856871654e-24,0.27346938775510204,0.024440518256772674,0.24902886949832936
1,MRPL23,10.488138,1.2413441,9.793882503802275e-26,2.8461405265490057e-24,0.5034013605442177,0.26060070671378094,0.24280065383043675
1,ARF5,10.487508,1.1697752,9.859498249621668e-26,2.8601285613840447e-24,0.5333333333333333,0.2941696113074205,0.23916372202591285
1,CLIC1,10.481401,0.85923004,1.0517310373853113e-25,3.045552478347093e-24,0.8217687074829932,0.5871613663133097,0.23460734116968351
1,EIF3M,10.472192,0.88688457,1.1592689277936628e-25,3.351024545518042e-24,0.7183673469387755,0.48557126030624265,0.23279608663253282
1,DPYD,10.468968,2.2356277,1.199425823588728e-25,3.460988694838656e-24,0.32789115646258504,0.0800942285041225,0.24779692795846253
1,NAPRT,10.425342,2.1361794,1.899749026087175e-25,5.4721467985584986e-24,0.3346938775510204,0.09128386336866902,0.24341001418235142
1,UBE2D1,10.416371,1.8903003,2.0876781604518816e-25,6.002900243084927e-24,0.35918367346938773,0.11336866902237927,0.24581500444700846
1,VPS29,10.405558,1.1815467,2.3388176348397742e-25,6.713227249756762e-24,0.5238095238095238,0.2750294464075383,0.24878007740198554
1,CSF2RA,10.401977,3.7650876,2.4284310890029806e-25,6.9582418646546e-24,0.26666666666666666,0.022084805653710248,0.24458186101295643
1,PAK1,10.375558,2.5978978,3.203348139630067e-25,9.130658347123261e-24,0.29931972789115646,0.0535924617196702,0.24572726617148627
1,FAM198B,10.372232,3.8977304,3.3168391493915745e-25,9.437705273599225e-24,0.26258503401360545,0.017373380447585393,0.24521165356602004
1,NUMB,10.366383,1.7713444,3.526216929071142e-25,1.0016047773703639e-23,0.3727891156462585,0.12779740871613662,0.24499170693012187
1,PHACTR1,10.319959,2.2107272,5.7247761811142685e-25,1.6204682197095253e-23,0.32108843537414966,0.07332155477031801,0.24776688060383165
1,MTPN,10.295229,1.2779576,7.404325897711165e-25,2.0922655615276748e-23,0.47891156462585033,0.23498233215547704,0.2439292324703733
1,NCF1,10.238129,1.1058233,1.337992903261922e-24,3.7742934293566044e-23,0.5687074829931973,0.33156654888103654,0.23714093411216075
1,RNASET2,10.210465,0.96673954,1.7800910792736198e-24,5.012748734594784e-23,0.6571428571428571,0.4031213191990577,0.25402153794379945
1,ZNF385A,10.168663,2.9892113,2.7363772915602862e-24,7.666073436167438e-23,0.27755102040816326,0.036219081272084806,0.24133193913607845
1,LILRB3,10.1300335,3.0302188,4.065092945508111e-24,1.1349656259634507e-22,0.2761904761904762,0.03739693757361602,0.2387935386168602
1,RNF181,10.125258,1.2865869,4.2685024562699e-24,1.1897268941572716e-22,0.46530612244897956,0.22938751472320376,0.2359186077257758
1,NCOA4,10.099181,1.3263512,5.5705386934285684e-24,1.5499929177412384e-22,0.4435374149659864,0.20141342756183744,0.24212398740414898
1,CHMP4B,10.0951395,1.2630303,5.8048732201e-24,1.6124538328362665e-22,0.46802721088435373,0.2223203769140165,0.24570683397033724
1,RP5-1171I10.5,10.086731,1.2179807,6.324059829775461e-24,1.750726613789447e-22,0.4897959183673469,0.24028268551236748,0.24951323285497945
1,OSBPL8,10.077163,1.2802105,6.970977490956379e-24,1.926556802863806e-22,0.46802721088435373,0.233510011778563,0.23451719910579072
1,ZNF467,10.062359,3.108,8.103276359681023e-24,2.224458129542638e-22,0.2707482993197279,0.03297997644287397,0.2377683228768539
1,TLR2,10.044452,3.8230727,9.718686719248962e-24,2.6634410957057335e-22,0.25578231292517006,0.01884570082449941,0.23693661210067066
1,ATP6V1A,10.030535,2.8614304,1.1190908711899867e-23,3.061780224672136e-22,0.27755102040816326,0.039458186101295645,0.23809283430686762
1,SFT2D1,10.001848,1.3180761,1.4957931546160533e-23,4.078778633778875e-22,0.45170068027210886,0.21113074204946997,0.2405699382226389
1,CHMP1B,9.988972,1.0989319,1.7034008893150296e-23,4.637161722143627e-22,0.5387755102040817,0.31478209658421674,0.2239934136198649
1,TNFSF10,9.972223,1.5641176,2.016631091994769e-23,5.48074772360904e-22,0.3945578231292517,0.15871613663133097,0.23584168649792073
1,ATP5F1,9.954332,0.9474783,2.4143739185338155e-23,6.550841074814553e-22,0.6258503401360545,0.4028268551236749,0.22302348501237956
1,IRAK3,9.949779,3.2248452,2.5274412341377712e-23,6.8462692105510055e-22,0.2653061224489796,0.030035335689045935,0.23527078675993368
1,H2AFZ,9.948398,0.88410413,2.562767827617631e-23,6.930486682256539e-22,0.6639455782312925,0.4575971731448763,0.20634840508641622
1,TBXAS1,9.936731,2.7868323,2.881252377537696e-23,7.778905965164067e-22,0.2789115646258503,0.04387514723203769,0.23503641739381262
1,RASSF2,9.922303,2.5022917,3.3298218949000894e-23,8.975159147028067e-22,0.291156462585034,0.05653710247349823,0.23461936011153578
1,NAAA,9.921092,1.5022428,3.3704719173272487e-23,9.069784710426169e-22,0.4,0.16195524146054183,0.2380447585394582
1,CCDC88A,9.918108,2.7977808,3.472775728958046e-23,9.329734597944595e-22,0.2789115646258503,0.04564193168433451,0.23326963294151581
1,WDR83OS,9.85555,0.9204039,6.486076089478817e-23,1.7368034517178875e-21,0.6299319727891156,0.40547703180212014,0.22445494098699548
1,CAPZA1,9.835561,1.0401287,7.912518470083668e-23,2.115305795572531e-21,0.5605442176870749,0.3215547703180212,0.23898944736905364
1,RBX1,9.830104,0.91345084,8.35327812601418e-23,2.22949401989752e-21,0.6394557823129252,0.42343934040047115,0.21601644191245406
1,CD1D,9.821764,3.7243447,9.074185019163118e-23,2.417959952744752e-21,0.25170068027210885,0.019729093050647822,0.23197158722146102
1,PSMB3,9.814379,0.91519535,9.76374203526657e-23,2.593256224659032e-21,0.6258503401360545,0.4119552414605418,0.21389509867551265
1,PLSCR1,9.808495,2.3566077,1.0350077375207063e-22,2.744531862816252e-21,0.2979591836734694,0.06743227326266195,0.23052691041080747
1,CD86,9.782981,2.988111,1.332282704775502e-22,3.52709989204401e-21,0.26666666666666666,0.0356301531213192,0.23103651354534746
1,JMJD1C,9.759308,1.2687159,1.6829945991381104e-22,4.4479320470301135e-21,0.4557823129251701,0.2252650176678445,0.23051729525732556
1,TET2,9.759154,2.6628253,1.6855435909532854e-22,4.4479320470301135e-21,0.2789115646258503,0.048292108362779744,0.23061945626307057
1,GMFG,9.753782,0.6327481,1.7772066349704665e-22,4.674739188866849e-21,0.9034013605442177,0.7606007067137809,0.14280065383043683
1,FYB,9.733964,0.80150443,2.1600680414783015e-22,5.672692331721748e-21,0.7782312925170068,0.5600706713780919,0.218160621138915
1,LAPTM4A,9.723612,1.1372898,2.391447636359763e-22,6.270268393987513e-21,0.5034013605442177,0.26531213191990577,0.23808922862431192
1,ZYX,9.710002,1.3528157,2.733318356946671e-22,7.155171462080717e-21,0.4231292517006803,0.18462897526501768,0.2385002764356626
1,TMBIM4,9.66276,0.9493304,4.340126407711905e-22,1.1289158689439504e-20,0.6054421768707483,0.37161366313309774,0.23382851373765057
1,ACAP2,9.655085,1.4777117,4.677725040542635e-22,1.2147977680685405e-20,0.39183673469387753,0.1604829210836278,0.23135381361024973
1,FAM120A,9.6477165,1.8887732,5.026224532062601e-22,1.3032339075923331e-20,0.3306122448979592,0.10217903415783275,0.22843321074012646
1,ROGDI,9.640639,2.5726583,5.385165346228543e-22,1.394093199836158e-20,0.2802721088435374,0.052414605418138985,0.22785750342539846
1,MAFB,9.599076,3.0527534,8.06643395478276e-22,2.0816234374479613e-20,0.2612244897959184,0.03504122497055359,0.2261832648253648
1,TXNDC17,9.587377,1.7089548,9.035347515837155e-22,2.327989302466326e-20,0.34965986394557824,0.12279151943462897,0.22686834451094928
1,LACTB,9.565529,2.1791399,1.1162949749435142e-21,2.8716512712344083e-20,0.29931972789115646,0.071849234393404,0.22747049349775245
1,WARS,9.561419,2.3008618,1.1615373577359497e-21,2.9833457943356155e-20,0.291156462585034,0.06419316843345112,0.2269632941515829
1,VMA21,9.551646,1.6441038,1.2765197131388947e-21,3.273532762800228e-20,0.3578231292517007,0.12926972909305065,0.22855340015865003
1,DYNLT1,9.5467,1.6022527,1.3389348777077278e-21,3.428218080465749e-20,0.36462585034013606,0.13751472320376915,0.2271111271363669
1,FAM96A,9.545489,1.3812356,1.3546702719741028e-21,3.4630875499637966e-20,0.40680272108843535,0.17196702002355713,0.23483570106487822
1,SERPINB6,9.431629,1.4237678,4.037669464362629e-21,1.0257812128328723e-19,0.3904761904761905,0.16431095406360424,0.22616523641258623
1,LMO2,9.413329,3.1201894,4.806649948876531e-21,1.2192496095126966e-19,0.2530612244897959,0.030918727915194347,0.22214249657460156
1,FUOM,9.410789,2.198589,4.924301941360913e-21,1.2471595056130944e-19,0.29523809523809524,0.07273262661955242,0.2225054686185428
1,IER5,9.407616,1.6421586,5.075173383201838e-21,1.281402958681563e-19,0.35374149659863946,0.13133097762073026,0.2224105189779092
1,NAA38,9.3970585,1.0476991,5.610953169300314e-21,1.414496221924845e-19,0.5170068027210885,0.2944640753828033,0.22254272733828517
1,CD300LF,9.365098,3.0174546,7.597994922798855e-21,1.9095360204594784e-19,0.254421768707483,0.03356890459363958,0.22085286411384342
1,SYK,9.354489,1.8242669,8.400440953149977e-21,2.107969546541208e-19,0.3197278911564626,0.09305064782096584,0.22667724333549677
1,RPN1,9.324712,1.5828729,1.1128607347714203e-20,2.7840236210390226e-19,0.3564625850340136,0.1333922261484099,0.22307035888560373
1,TBCA,9.317685,0.7846617,1.189066353487174e-20,2.970124367847886e-19,0.6993197278911565,0.5008833922261484,0.19843633566500807
1,LYL1,9.263978,1.7105509,1.9695377390945828e-20,4.91213520569001e-19,0.3306122448979592,0.10394581861012957,0.22666642628782963
1,BACH1,9.255809,2.5965822,2.1261420779316245e-20,5.286597346054606e-19,0.26666666666666666,0.04740871613663133,0.21925795053003533
1,H2AFJ,9.221921,1.4417448,2.9182554937821897e-20,7.223234210857852e-19,0.38095238095238093,0.16578327444051827,0.21516910651186266
1,VPS35,9.154945,1.3910654,5.438529817703568e-20,1.340057023304941e-18,0.38231292517006804,0.16401648998822144,0.2182964351818466
1,SUB1,9.144559,0.6453661,5.987371121854899e-20,1.4730733672882404e-18,0.8448979591836735,0.6863957597173145,0.15850219946635902
1,SCO2,9.074275,2.211567,1.1443676184945971e-19,2.7903127580015056e-18,0.28435374149659864,0.0715547703180212,0.21279897117857743
1,AHR,9.067197,2.8548713,1.221177843685205e-19,2.973168259007982e-18,0.25170068027210885,0.03769140164899882,0.21400927862311003
1,MAPKAPK3,9.023996,1.5869105,1.8134938137611193e-19,4.402162060377697e-18,0.3414965986394558,0.12426383981154299,0.21723275882791282
1,TRMT1,9.010728,1.7301683,2.0469326884560394e-19,4.957205097063826e-18,0.32653061224489793,0.11513545347467609,0.21139515877022186
1,MEGF9,9.01066,2.5774314,2.048206494477811e-19,4.957205097063826e-18,0.2585034013605442,0.044464075382803295,0.21403932597774095
1,UQCR10,8.978169,0.7251253,2.753078855612125e-19,6.643528489184363e-18,0.7034013605442176,0.5259128386336867,0.177488521910531
1,SCAND1,8.959802,0.9016117,3.252632734197721e-19,7.814438203261222e-18,0.5741496598639456,0.375736160188457,0.1984134996754886
1,SLIRP,8.956646,1.1186951,3.3470304503480857e-19,8.01768158098756e-18,0.45714285714285713,0.23557126030624265,0.22157159683661448
1,CMIP,8.940972,2.3983593,3.857594196561945e-19,9.227207404963449e-18,0.26666666666666666,0.054770318021201414,0.21189634864546525
1,VAMP3,8.938807,2.0437214,3.9339500191410786e-19,9.39611040338207e-18,0.291156462585034,0.08097762073027091,0.2101788418547631
1,ITGAM,8.921786,2.1769283,4.588287981500758e-19,1.0942999951214854e-17,0.2761904761904762,0.060954063604240286,0.21523641258623594
1,LAMP2,8.921428,1.7555113,4.603152924363287e-19,1.0962472342868667e-17,0.3183673469387755,0.11012956419316844,0.20823778274560706
1,EHBP1L1,8.911996,2.2150261,5.012183211999883e-19,1.1901934619960824e-17,0.2748299319727891,0.0636042402826855,0.21122569169010358
1,ARL6IP4,8.900467,0.67617685,5.561218216764692e-19,1.3186534962969148e-17,0.7741496598639456,0.592756183745583,0.18139347611836254
1,UBE2R2,8.868813,1.6369326,7.392979709328437e-19,1.745404632385607e-17,0.3292517006802721,0.11925795053003534,0.20999375015023675
1,CX3CR1,8.846556,2.2749548,9.026162594850471e-19,2.118752456446895e-17,0.2680272108843537,0.05535924617196702,0.2126679647123867
1,GNB1,8.842889,1.4443436,9.32747231161201e-19,2.1863434740728384e-17,0.35918367346938773,0.14634864546525325,0.21283502800413448
1,MRPL52,8.808711,1.0575839,1.265932392424068e-18,2.958845696064311e-17,0.47210884353741495,0.2659010600706714,0.20620778346674357
1,XRN2,8.808472,1.0918027,1.268631299293396e-18,2.960923921218153e-17,0.4557823129251701,0.24528857479387514,0.21049373813129493
1,NAGA,8.800013,2.6542976,1.368005527763227e-18,3.18831031905045e-17,0.25170068027210885,0.044464075382803295,0.20723660488930556
1,MRPL33,8.795374,0.97831136,1.4257252015434357e-18,3.308693620205979e-17,0.5129251700680272,0.30742049469964666,0.20550467536838052
1,PSMA1,8.758108,0.8605642,1.9855392653695527e-18,4.5818628943175246e-17,0.5836734693877551,0.38133097762073026,0.20234249176702485
1,LAP3,8.749052,1.7744365,2.1515191487422698e-18,4.9509148794053834e-17,0.308843537414966,0.10041224970553593,0.2084312877094301
1,PCBP2,8.731093,0.6350407,2.522223994779142e-18,5.7795667757117e-17,0.7904761904761904,0.6383981154299175,0.1520780750462729
1,THEMIS2,8.731093,1.4088393,2.522223994779142e-18,5.7795667757117e-17,0.3564625850340136,0.14487632508833923,0.2115862599456744
1,RAB10,8.724067,1.3442335,2.6838496539342353e-18,6.132746394974585e-17,0.3741496598639456,0.16431095406360424,0.20983870580034136
1,UQCRC1,8.71837,1.2307769,2.8223465555390063e-18,6.440224824989357e-17,0.4013605442176871,0.1875736160188457,0.21378692819884137
1,SRSF9,8.640718,0.8174598,5.586052763084477e-18,1.2693529063447935e-16,0.6054421768707483,0.3928150765606596,0.2126271003100887
1,HIGD2A,8.639048,0.7034985,5.668373142039795e-18,1.2862725794301399e-16,0.726530612244898,0.5468197879858657,0.1797108242590323
1,PLEKHO1,8.617285,1.6579183,6.856033132342003e-18,1.5530917367960164e-16,0.3183673469387755,0.11513545347467609,0.20323189346409942
1,NDUFA3,8.605091,0.6871167,7.625647183354215e-18,1.7208719112670113e-16,0.7428571428571429,0.565959952885748,0.17689718997139492
1,CDC42EP3,8.597109,1.194634,8.174941683413529e-18,1.8397554454240543e-16,0.4054421768707483,0.19346289752650175,0.21197927934424654
1,PRDX1,8.56201,0.959861,1.1091696692710002e-17,2.4893175526670555e-16,0.49795918367346936,0.29917550058892817,0.1987836830845412
1,EIF3A,8.557013,0.95405906,1.1583001423802163e-17,2.596020360203112e-16,0.5034013605442177,0.30123674911660775,0.20216461142760994
1,NINJ1,8.53687,1.4755894,1.3790602236175124e-17,3.08235031674947e-16,0.3442176870748299,0.14517078916372203,0.19904689791110788
1,CAP1,8.516387,0.682953,1.646076339794743e-17,3.6691355579539226e-16,0.7428571428571429,0.5577149587750294,0.18514218408211347
1,RILPL2,8.509531,1.4005996,1.7463798281018563e-17,3.882135919507401e-16,0.35374149659863946,0.15282685512367492,0.20091464147496454
1,PGK1,8.488673,0.7295968,2.090101251740845e-17,4.639911340533509e-16,0.6979591836734694,0.5050058892815077,0.19295329439196174
1,ATP1B3,8.451766,1.3684268,2.869298192596717e-17,6.335301987729405e-16,0.3551020408163265,0.15488810365135453,0.200213937164972
1,CARS2,8.45064,2.1781082,2.897099667511455e-17,6.388065722392846e-16,0.2653061224489796,0.06625441696113074,0.19905170548784887
1,ABRACL,8.442044,0.7728567,3.11834900258778e-17,6.866663261283805e-16,0.6571428571428571,0.45170789163722025,0.2054349655056369
1,DOCK2,8.372323,1.6115626,5.649317610296694e-17,1.2340251725242217e-15,0.3115646258503401,0.11189634864546526,0.19966827720487484
1,LAMTOR5,8.364223,0.846099,6.051278658951972e-17,1.3200662685215094e-15,0.5591836734693878,0.3651354534746761,0.19404821999471172
1,NOTCH2,8.349469,2.1140294,6.85702040372886e-17,1.4918578567208493e-15,0.26258503401360545,0.06419316843345112,0.19839186558015431
1,HIPK3,8.334427,2.1308572,7.787438547862185e-17,1.6897915395434114e-15,0.2639455782312925,0.06743227326266195,0.19651330496863056
1,PIK3AP1,8.327059,1.9325502,8.287527462374365e-17,1.793548105977606e-15,0.2761904761904762,0.07744405182567726,0.19874642436479895
1,SNRPE,8.324535,0.8036861,8.466034379387897e-17,1.82975942511447e-15,0.5918367346938775,0.4093050647820966,0.18253166991178094
1,VASP,8.314524,0.83839893,9.21214272364663e-17,1.988388748041986e-15,0.563265306122449,0.3495288574793875,0.21373644864306146
1,PHPT1,8.313944,1.2269683,9.257291602414717e-17,1.9955012899487114e-15,0.38095238095238093,0.18168433451118962,0.1992680464411913
1,IL17RA,8.290681,1.8750751,1.1260206608295108e-16,2.424055793662056e-15,0.27755102040816326,0.07921083627797408,0.19834018413018917
1,CAT,8.268731,1.0609496,1.3539238962539816e-16,2.9032174137105366e-15,0.42585034013605444,0.21849234393404005,0.2073579962020144
1,MYO1F,8.267366,0.8154519,1.3695037349671956e-16,2.9327814931673152e-15,0.5578231292517006,0.3206713780918728,0.23715175115982784
1,RAP1A,8.25553,0.81348664,1.5122916155003646e-16,3.2343272053858125e-15,0.5727891156462585,0.38663133097762076,0.1861577846686377
1,DUSP23,8.246031,1.4985518,1.6374260700069044e-16,3.497379625506914e-15,0.3197278911564626,0.12073027090694935,0.19899762024951326
1,LEPROT,8.219203,1.7916142,2.048598236628997e-16,4.358532607215477e-15,0.2870748299319728,0.09305064782096584,0.19402418211100697
1,FAM26F,8.198482,1.2440748,2.4344305917793087e-16,5.165981700661643e-15,0.3551020408163265,0.14575971731448764,0.20934232350183887
1,PSMA7,8.169744,0.6400973,3.0904587589346674e-16,6.524257516765174e-15,0.7401360544217687,0.5812720848056537,0.15886396961611493
1,GDI2,8.133689,0.7330416,4.164196773385327e-16,8.745882337529826e-15,0.6299319727891156,0.45170789163722025,0.17822408115189536
1,LINC00657,8.132086,1.4529563,4.219655173599683e-16,8.850997217341593e-15,0.3238095238095238,0.12809187279151943,0.1957176510180044
1,MYADM,8.130005,0.8931786,4.292719691906789e-16,8.992725592738409e-15,0.5102040816326531,0.30859835100117783,0.20160573063147524
1,CLTC,8.043212,2.0647526,8.751368202935798e-16,1.8147165420561798e-14,0.25578231292517006,0.06478209658421673,0.19100021634095332
1,SUPT4H1,7.9894032,0.9971683,1.355933323882831e-15,2.7975315399807062e-14,0.43945578231292515,0.24293286219081273,0.19652292012211242
1,PRCP,7.9749064,1.6837541,1.5249609667539333e-15,3.142303070158829e-14,0.2857142857142857,0.09540636042402827,0.19030792529025742
1,NUDT16,7.9389033,2.0520046,2.039765602422686e-15,4.187277919854149e-14,0.2530612244897959,0.06419316843345112,0.18886805605634477
1,REEP5,7.936396,0.98977005,2.081402315007411e-15,4.267396400480734e-14,0.44081632653061226,0.2479387514723204,0.19287757505829187
1,DBI,7.9262314,0.71028423,2.2589631202942634e-15,4.625644006399806e-14,0.6285714285714286,0.43492343934040045,0.1936479892310281
1,SLC25A3,7.918642,0.65959233,2.4011861630298343e-15,4.9107258516663894e-14,0.7142857142857143,0.5432862190812721,0.17099949520444224
1,RNH1,7.91651,0.8190702,2.4426987275211165e-15,4.976960632748815e-14,0.5591836734693878,0.36160188457008247,0.19758178889930533
1,ZNHIT1,7.9067545,0.91025716,2.641856204527636e-15,5.376045940581674e-14,0.48435374149659866,0.28533568904593637,0.19901805245066229
1,HMGN3,7.897886,0.81445765,2.8367340670728806e-15,5.751153168696332e-14,0.5523809523809524,0.3457008244994111,0.20668012788154133
1,NDUFB2,7.849774,0.67335224,4.167886050654022e-15,8.408234731781808e-14,0.6775510204081633,0.5017667844522968,0.17578423595586645
1,SH3GLB1,7.842662,1.1258167,4.4109497441327015e-15,8.887629158097922e-14,0.38231292517006804,0.19316843345111898,0.18914449171894906
1,ATP5C1,7.8382444,0.8271922,4.5688874415215475e-15,9.171971463893746e-14,0.5265306122448979,0.35129564193168433,0.1752349703132136
1,ADRBK1,7.826562,1.4098245,5.013929378890551e-15,1.0016226931383187e-13,0.31700680272108844,0.12809187279151943,0.18891492992956901
1,MIR4435-2HG,7.8226905,1.9600952,5.170620628817526e-15,1.0316649281473603e-13,0.254421768707483,0.06772673733804475,0.18669503136943827
1,NR4A2,7.8180685,0.86708474,5.364005416677618e-15,1.0676458956479624e-13,0.5061224489795918,0.3244994110718492,0.1816230379077426
1,PRDX5,7.805124,0.75173134,5.9443261367900145e-15,1.1802805816022019e-13,0.5904761904761905,0.4125441696113074,0.17793202086488308
1,DICER1,7.794106,1.9737086,6.486606162663574e-15,1.2863922839677422e-13,0.254421768707483,0.06978798586572438,0.18463378284175863
1,BNIP2,7.790678,1.1275179,6.665058872656796e-15,1.3201819396554216e-13,0.38503401360544215,0.196113074204947,0.18892093940049515
1,FAM200B,7.779592,1.175228,7.275871054559222e-15,1.43942595312749e-13,0.36054421768707484,0.1702002355712603,0.19034398211581455
1,TNFRSF1A,7.774032,1.5174398,7.602637577431209e-15,1.5004433462527382e-13,0.2979591836734694,0.11248527679623085,0.18547390687723855
1,WSB1,7.7629976,0.86722386,8.294516715835246e-15,1.6350191323828972e-13,0.5006802721088436,0.31419316843345113,0.18648710367539245
1,EIF3K,7.761173,0.5154618,8.414761546733988e-15,1.6567257962228013e-13,0.8721088435374149,0.7585394581861012,0.11356938535131367
1,SSR1,7.7585974,0.9926342,8.587376605192772e-15,1.6866514842444048e-13,0.4272108843537415,0.23792697290930506,0.18928391144443643
1,PDXK,7.7437596,1.839458,9.651947702815956e-15,1.891203788811639e-13,0.2639455782312925,0.0803886925795053,0.18355688565178718
1,RNF13,7.7404337,1.2983977,9.907818440904108e-15,1.9390169558807669e-13,0.3333333333333333,0.14458186101295642,0.1887514723203769
1,RNF149,7.6740727,1.2116933,1.6661969652697373e-14,3.249183378877017e-13,0.3510204081632653,0.16696113074204946,0.18405927742121583
1,PRR13,7.6542206,0.6008147,1.9448828359619682e-14,3.788122390377829e-13,0.7401360544217687,0.5842167255594818,0.15591932886228688
1,SPTSSA,7.6370974,1.9002842,2.22173679234567e-14,4.322215892933116e-13,0.2530612244897959,0.0709658421672556,0.1820953823225403
1,CCPG1,7.6340275,1.7597129,2.275316181341036e-14,4.4211933542661157e-13,0.2653061224489796,0.08244994110718493,0.18285618134179468
1,UBXN11,7.6220546,1.7730772,2.4966918100052503e-14,4.839854822689088e-13,0.26258503401360545,0.08097762073027091,0.18160741328333452
1,OTUD1,7.588405,1.8858479,3.238670549272416e-14,6.263343836482978e-13,0.2585034013605442,0.0800942285041225,0.17840917285642172
1,NEDD8,7.579434,0.61579525,3.4706533643490435e-14,6.68826380378265e-13,0.7292517006802721,0.5627208480565371,0.16653085262373502
1,ATP5G3,7.5783086,0.6627886,3.500891485469891e-14,6.738598305149751e-13,0.6517006802721088,0.4796819787985866,0.17201870147352222
1,ATP2B1,7.5569897,1.1741651,4.1250464399341685e-14,7.921347981662317e-13,0.3523809523809524,0.1684334511189635,0.18394750126198892
1,PPP1CB,7.5463133,0.88337344,4.477524185666945e-14,8.538085454743227e-13,0.4707482993197279,0.282979976442874,0.1877683228768539
1,TMEM258,7.544113,0.612844,4.553757125032934e-14,8.663258177053935e-13,0.7428571428571429,0.5739104829210836,0.16894665993605928
1,NDUFA2,7.538792,0.7659638,4.743450093813245e-14,9.003200346273607e-13,0.5346938775510204,0.3551236749116608,0.17957020263935958
1,OSTC,7.532209,0.8358443,4.988913141321253e-14,9.45812374335539e-13,0.4857142857142857,0.305359246171967,0.18035503954231868
1,NMI,7.5269556,1.413458,5.193696058509178e-14,9.834960788572762e-13,0.3020408163265306,0.12043580683156654,0.18160500949496408
1,SYNGR2,7.4894176,1.0696976,6.917990529722692e-14,1.3084999197317106e-12,0.3727891156462585,0.18286219081272084,0.18992692483353765
1,VAPA,7.478076,0.72270674,7.541859144472105e-14,1.4248540122714562e-12,0.5931972789115646,0.41843345111896346,0.17476382779260113
1,PTEN,7.4479566,1.11707,9.47968730573189e-14,1.7786372019389844e-12,0.36054421768707484,0.17962308598351,0.18092113170356483
1,COX7A2L,7.441953,0.6425536,9.920722987751034e-14,1.8571275606704195e-12,0.7006802721088435,0.5235571260306242,0.17712314607821933
1,PET100,7.435319,0.7383425,1.0431593313859011e-13,1.948302490959444e-12,0.5714285714285714,0.38633686690223795,0.18509170452633344
1,MGAT1,7.4199867,1.0562143,1.1713228415212605e-13,2.1826894088985585e-12,0.3768707482993197,0.19464075382803298,0.18222999447128674
1,FAM49B,7.3791566,0.712715,1.5929525846526905e-13,2.95490898384384e-12,0.5795918367346938,0.39664310954063603,0.1829487271940578
1,PSMA4,7.37694,0.75889647,1.6196950880483884e-13,3.0011134015356377e-12,0.5401360544217687,0.36012956419316844,0.18000649022860027
1,SPCS3,7.343426,1.1281469,2.0819394647867712e-13,3.84020423713375e-12,0.35374149659863946,0.17432273262661954,0.17941876397201992
1,LAT2,7.281295,1.1919204,3.3063119688021174e-13,6.044086047102955e-12,0.3142857142857143,0.127208480565371,0.18707723372034327
1,HCST,7.2628584,0.57173735,3.789948406702032e-13,6.8973688411626195e-12,0.85578231292517,0.6969964664310954,0.15878584649407468
1,SNF8,7.249385,1.0219736,4.186687649797726e-13,7.602485753422929e-12,0.3836734693877551,0.2049469964664311,0.178726472921324
1,SF3B5,7.2393904,0.68783766,4.507053381646709e-13,8.157068625787811e-12,0.6353741496598639,0.45259128386336867,0.18278286579649528
1,TM9SF2,7.2304707,1.3579427,4.813225223983008e-13,8.682379039645645e-12,0.2965986394557823,0.12308598351001178,0.17351265594577053
1,SMAP2,7.2005053,0.9377228,5.998992814217687e-13,1.0773822330781072e-11,0.40680272108843535,0.2311542991755006,0.17564842191293475
1,USP3,7.14934,1.2429248,8.719616526785084e-13,1.55404843131515e-11,0.3142857142857143,0.142226148409894,0.17205956587582028
1,UBL5,7.0882144,0.51363647,1.3585317026710561e-12,2.405512682619172e-11,0.8244897959183674,0.6878680800942285,0.13662171582413885
1,PLP2,7.065122,0.71251595,1.6047483704635596e-12,2.8384095231518162e-11,0.5510204081632653,0.3677856301531213,0.18323477801014393
1,LIMS1,7.0602784,1.1658512,1.6616927609433737e-12,2.935956291770468e-11,0.3238095238095238,0.14958775029446408,0.17422177351505974
1,TMEM14C,7.0541725,1.1273556,1.7363056248157934e-12,3.064476410745544e-11,0.33877551020408164,0.17226148409893993,0.1665140261051417
1,ANP32A,7.0485277,0.84656006,1.808209806444937e-12,3.1845124481426924e-11,0.4435374149659864,0.2629564193168433,0.1805809956491431
1,CTSA,7.043377,1.2330215,1.876357697762739e-12,3.300977235816793e-11,0.3129251700680272,0.14723203769140164,0.16569313237662558
1,CAMTA1,7.0417056,1.0533416,1.8990086197541345e-12,3.333656655343068e-11,0.3578231292517007,0.1878680800942285,0.16995504915747217
1,EIF5,7.0316944,0.76630265,2.040406215907507e-12,3.5780370952264446e-11,0.5020408163265306,0.31861012956419316,0.18343068676233748
1,DHRS4L2,7.0146394,1.5520307,2.305431858647798e-12,4.016951079801557e-11,0.2653061224489796,0.10011778563015312,0.1651883368188265
1,BCL2A1,7.014025,1.3671755,2.3155771799272234e-12,4.030335983062692e-11,0.291156462585034,0.12426383981154299,0.16689262277349104
1,YWHAZ,6.975242,0.578181,3.0534478219603783e-12,5.2865036841369046e-11,0.7523809523809524,0.5933451118963486,0.15903584048460373
1,YWHAH,6.954861,1.0092983,3.5290931718724237e-12,6.06507283455932e-11,0.36462585034013606,0.19051825677267373,0.17410759356746233
1,CHPT1,6.8986816,1.1968259,5.248726244085598e-12,8.992084825076908e-11,0.3020408163265306,0.12985865724381626,0.17218215908271436
1,AURKAIP1,6.8917747,0.7390874,5.5100641433871034e-12,9.429932996857364e-11,0.5061224489795918,0.3330388692579505,0.1730835797216413
1,RBPJ,6.8781476,1.1979434,6.063583165881546e-12,1.0355562022650102e-10,0.31020408163265306,0.143698468786808,0.16650561284584506
1,TGOLN2,6.869228,1.0186841,6.455035686910853e-12,1.0966857619267753e-10,0.3564625850340136,0.1896348645465253,0.1668277204874883
1,LINC00152,6.8409677,1.2987005,7.866005417356437e-12,1.330876056187887e-10,0.2816326530612245,0.11425206124852769,0.1673805918126968
1,DDX21,6.840405,0.76346374,7.896972822669546e-12,1.334735251567112e-10,0.4857142857142857,0.32273262661955243,0.16298165909473328
1,CTSC,6.837386,0.7691323,8.06512051542583e-12,1.3617485733011557e-10,0.4448979591836735,0.25471142520612483,0.19018653397754864
1,SHOC2,6.8317747,0.99608403,8.387037386914867e-12,1.4146424606939604e-10,0.3619047619047619,0.19081272084805653,0.17109204105670536
1,UBE2J1,6.800769,1.0273088,1.0406228331189417e-11,1.7462184792470774e-10,0.3442176870748299,0.17550058892815076,0.16871709814667915
1,AKIRIN2,6.796403,1.1279608,1.0726365553338705e-11,1.7980949469075263e-10,0.3224489795918367,0.15724381625441697,0.16520516333741975
1,CHCHD5,6.7758,1.166277,1.237195182195757e-11,2.0697086273931268e-10,0.3142857142857143,0.1525323910482921,0.16175332323742217
1,MAPK1,6.7749476,1.1428323,1.2445144805807383e-11,2.0798264981390663e-10,0.3142857142857143,0.14958775029446408,0.1646979639912502
1,JOSD2,6.752742,1.4888067,1.4507697158101989e-11,2.4171123544165645e-10,0.2585034013605442,0.09717314487632508,0.16133025648421914
1,BST2,6.6990867,0.71670353,2.0972622922838067e-11,3.459002859279774e-10,0.4965986394557823,0.3389281507656066,0.1576704886901757
1,ARPC4,6.691054,0.61215353,2.215693142793879e-11,3.650650101636521e-10,0.6394557823129252,0.46760895170789163,0.17184683060503358
1,ZNF106,6.679917,1.3467729,2.3907799969303374e-11,3.935166149876987e-10,0.2761904761904762,0.11778563015312132,0.15840484603735489
1,C1orf43,6.6299114,0.8964493,3.3588850655143465e-11,5.489981873814208e-10,0.39183673469387753,0.22909305064782096,0.16274368404605657
1,MAP3K1,6.601924,1.4136692,4.058555021803987e-11,6.626947975223057e-10,0.2639455782312925,0.10924617196702002,0.15469940626427248
1,HIF1A,6.5963984,1.1718608,4.212665483880016e-11,6.864882468302883e-10,0.3006802721088435,0.14075382803297998,0.15992644407586354
1,ALOX5,6.593158,1.4359868,4.3056869360777545e-11,7.009486961310263e-10,0.2503401360544218,0.0892226148409894,0.1611175212134324
1,PAK2,6.5924582,0.8583868,4.3260220520195436e-11,7.03559113251409e-10,0.4013605442176871,0.23822143698468787,0.1631391072329992
1,MRPL54,6.58828,0.7596823,4.449509736417968e-11,7.214908701440474e-10,0.4530612244897959,0.2856301531213192,0.16743107136847674
1,CRIP1,6.5781665,0.71814144,4.762852242716263e-11,7.715349063671365e-10,0.5306122448979592,0.3934040047114252,0.137208240186534
1,PLEKHB2,6.557223,1.3368049,5.481910142368787e-11,8.871368134450615e-10,0.26666666666666666,0.10836277974087162,0.15830388692579506
1,IRS2,6.5491385,1.3694099,5.7869884702310035e-11,9.328169296694527e-10,0.2680272108843537,0.11219081272084806,0.15583639816350564
1,DNAJC15,6.53662,0.8904473,6.292455049759555e-11,1.0122994795389978e-09,0.3741496598639456,0.20965842167255594,0.16449123819138967
1,CTNNB1,6.5295596,1.1470864,6.59634228916143e-11,1.0580662371859819e-09,0.30612244897959184,0.14752650176678445,0.1585959472128074
1,MIS18BP1,6.5249715,1.1368332,6.801439841046085e-11,1.0877649779018082e-09,0.2979591836734694,0.1357479387514723,0.1622112449219971
1,DDT,6.518917,0.6822025,7.081677397023928e-11,1.1292721626969637e-09,0.5020408163265306,0.33598351001177856,0.16605730631475207
1,MAT2A,6.471112,1.3958393,9.728441465117533e-11,1.5420411943071242e-09,0.2571428571428571,0.10159010600706714,0.15555275113578998
1,SF3B6,6.4431925,0.6648607,1.1698601300388213e-10,1.845716642966746e-09,0.5401360544217687,0.37190812720848054,0.16822792721328816
1,ESD,6.438554,0.740622,1.2061727420038014e-10,1.8993447768935703e-09,0.4598639455782313,0.30153121319199055,0.15833273238624074
1,TCIRG1,6.4365244,1.1565677,1.2224038100230635e-10,1.923052763056475e-09,0.2965986394557823,0.1413427561837456,0.1552558832720367
1,EIF4E2,6.425882,1.2118802,1.311072375361614e-10,2.0605624527657414e-09,0.28435374149659864,0.12926972909305065,0.155084012403548
1,CHMP2A,6.4074793,0.7783998,1.4794505094920696e-10,2.320737275723849e-09,0.4326530612244898,0.267962308598351,0.1646907526261388
1,SMS,6.406729,1.087981,1.4867474049220608e-10,2.3299496448208655e-09,0.3129251700680272,0.15812720848056538,0.15479796158746184
1,AP3S1,6.3973827,0.8691596,1.5806268465239496e-10,2.472336121986457e-09,0.3795918367346939,0.22143698468786807,0.1581548520468258
1,RAB1A,6.3932557,1.2191994,1.623905649368098e-10,2.5376046159800812e-09,0.2829931972789116,0.12838633686690223,0.15460686041200936
1,STX10,6.392727,1.0475365,1.6295326147004534e-10,2.543812373788512e-09,0.3183673469387755,0.160188457008245,0.1581788899305305
1,NDUFB10,6.35744,0.61801696,2.0514388370206675e-10,3.196532458332871e-09,0.5741496598639456,0.41813898704358066,0.15601067282036496
1,EIF1B,6.355922,0.76516306,2.0718013238171237e-10,3.222123712830034e-09,0.43673469387755104,0.2767962308598351,0.15993846301771592
1,CHCHD10,6.346712,0.698274,2.1996495719164947e-10,3.4177081335352106e-09,0.48707482993197276,0.3295053003533569,0.15756952957861586
1,ETHE1,6.3180428,1.167355,2.6489675600642016e-10,4.096385467883781e-09,0.2897959183673469,0.13928150765606595,0.15051441071128097
1,TMED5,6.30723,1.3173128,2.840738239846084e-10,4.388793044581849e-09,0.26258503401360545,0.11248527679623085,0.1500997572173746
1,TMEM160,6.2873096,0.7361941,3.2301490928738427e-10,4.976315377449052e-09,0.4489795918367347,0.29063604240282687,0.15834354943390783
1,COX17,6.284035,0.7743577,3.2989643341267764e-10,5.077549903165398e-09,0.42585034013605444,0.2659010600706714,0.15994928006538306
1,AKR1A1,6.267628,0.9599101,3.6658921039552506e-10,5.6158858345329456e-09,0.3333333333333333,0.18021201413427562,0.1531213191990577
1,C14orf166,6.2604136,0.5865964,3.839574250719182e-10,5.870960216450144e-09,0.5959183673469388,0.44434628975265017,0.15157207759428865
1,HEBP2,6.1962695,1.0086958,5.781702482154505e-10,8.758743917641655e-09,0.31020408163265306,0.15665488810365136,0.1535491935290017
1,PMAIP1,6.160181,0.85496587,7.266174736938012e-10,1.0916610180995669e-08,0.3523809523809524,0.19228504122497056,0.16009591115598185
1,TMED10,6.1599083,0.7209104,7.278706463981267e-10,1.0925405179559403e-08,0.4380952380952381,0.2797408716136631,0.15835436648157497
1,KDELR2,6.1414547,0.85428745,8.176910964291263e-10,1.2217574455412726e-08,0.36054421768707484,0.2040636042402827,0.15648061344679215
1,TCEB1,6.136816,0.7933913,8.419191067375669e-10,1.2568100826034062e-08,0.39319727891156464,0.2414605418138987,0.15173673709766594
1,TMEM107,6.1321597,1.0961549,8.669397238729513e-10,1.2918033535779015e-08,0.3129251700680272,0.1696113074204947,0.14331386264753251
1,ERCC1,6.1268215,1.1404151,8.965193033901059e-10,1.3334502111605018e-08,0.2802721088435374,0.12985865724381626,0.15041345159972117
1,ANAPC11,6.1098175,0.68582743,9.97450369594976e-10,1.4781961500854533e-08,0.46258503401360546,0.303886925795053,0.15869810821855246
1,EIF4EBP2,6.0971456,1.2599872,1.079790581742776e-09,1.5944452804958087e-08,0.2639455782312925,0.12043580683156654,0.14350977139972595
1,TACC1,6.0725355,1.1317773,1.259063943702877e-09,1.8474928415177373e-08,0.2829931972789116,0.13633686690223792,0.14665633037667367
1,CISD3,6.060307,1.122232,1.3586211062099744e-09,1.9900089452731776e-08,0.2816326530612245,0.1348645465253239,0.14676810653590058
1,MID1IP1,6.0411882,1.1526172,1.5298346499265293e-09,2.230804341127268e-08,0.27755102040816326,0.13250883392226148,0.14504218648590178
1,CNIH4,6.0331383,1.2248341,1.6080581974553223e-09,2.3386169038725803e-08,0.26258503401360545,0.1166077738515901,0.14597726016201534
1,MKKS,6.0145483,1.0813946,1.8038914044086329e-09,2.6141246472568325e-08,0.2925170068027211,0.14664310954063603,0.14587389726208505
1,TAX1BP1,6.0122285,0.6394554,1.8298995074761604e-09,2.6494677736121645e-08,0.5061224489795918,0.3507067137809187,0.15541573519867308
1,FAAP20,6.002968,0.72780365,1.9374308093536714e-09,2.800203663589701e-08,0.42857142857142855,0.2767962308598351,0.15177519771159342
1,ADI1,5.996879,0.971437,2.011456677951212e-09,2.9046286591314898e-08,0.3047619047619048,0.15518256772673733,0.14957933703516746
1,SNX2,5.9611998,0.68832093,2.503923312401431e-09,3.581004310681802e-08,0.41496598639455784,0.25235571260306244,0.1626102737914954
1,NUDT3,5.9365554,1.2140714,2.9107255940440706e-09,4.148291066564027e-08,0.254421768707483,0.10865724381625441,0.1457645248912286
1,TMEM59,5.931439,0.5262386,3.002913054232156e-09,4.272231346112374e-08,0.6204081632653061,0.48910482921083626,0.13130333405446987
1,USP15,5.9050035,0.72464246,3.5263909822300716e-09,5.003927394645811e-08,0.4108843537414966,0.25677267373380447,0.15411168000769215
1,SUMO3,5.893116,0.6714152,3.7897968497093876e-09,5.345247091215111e-08,0.44081632653061226,0.2882803297997644,0.15253599673084783
1,PQLC3,5.889654,1.0727504,3.870049433744415e-09,5.4537363294997733e-08,0.2816326530612245,0.13633686690223792,0.14529578615898656
1,KIAA1033,5.8886476,1.2344415,3.893682695484031e-09,5.482318638624289e-08,0.25578231292517006,0.11425206124852769,0.14153025167664238
1,PSTPIP1,5.877869,1.0222403,4.155815936966478e-09,5.846371843913031e-08,0.2897959183673469,0.1416372202591284,0.14815869810821852
1,LINC00493,5.848193,0.61124355,4.969411435944182e-09,6.943171691159929e-08,0.5102040816326531,0.3507067137809187,0.15949736785173435
1,NDUFC2,5.8477325,0.6470638,4.983183844276646e-09,6.956473624250018e-08,0.48027210884353744,0.3303886925795053,0.14988341626403212
1,ZNF706,5.793907,0.63128203,6.876755191639385e-09,9.550984014466211e-08,0.4925170068027211,0.3462897526501767,0.1462272541525444
1,PSMG2,5.778847,0.7775283,7.521411369837632e-09,1.0427192984542688e-07,0.3727891156462585,0.22879858657243815,0.14399052907382034
1,HADHB,5.753981,0.94796747,8.716589448150674e-09,1.201450041796067e-07,0.3047619047619048,0.16136631330977622,0.14339559145212857
1,HNRNPU,5.7054424,0.5091285,1.1604125803764298e-08,1.5847671308463078e-07,0.6408163265306123,0.4923439340400471,0.14847239249056515
1,ADPGK,5.69289,0.8685397,1.2490690931593373e-08,1.6987547326001595e-07,0.3292517006802721,0.18521790341578329,0.1440337972644888
1,PABPN1,5.670616,0.9844033,1.4228495436331371e-08,1.9159869451343008e-07,0.291156462585034,0.1519434628975265,0.13921299968750753
1,PARVG,5.654311,0.9666113,1.5647228692263485e-08,2.1018416144016657e-07,0.2938775510204082,0.15606595995288575,0.13781159106752244
1,GTF2A2,5.6397295,0.68059677,1.7031765566775998e-08,2.2803331950738307e-07,0.42448979591836733,0.2797408716136631,0.1447489243047042
1,PSMA2,5.618206,0.5560143,1.9295050434782185e-08,2.5665554484835067e-07,0.5619047619047619,0.4172555948174323,0.1446491670873296
1,TMEM154,5.6084504,0.9778619,2.041461941850929e-08,2.7110680869012217e-07,0.2857142857142857,0.14605418138987045,0.13966010432441525
1,IFI16,5.584215,0.5946918,2.3475791505408718e-08,3.1075034370549514e-07,0.47619047619047616,0.32567726737338043,0.15051320881709573
1,NDUFS4,5.5806675,0.90241283,2.395969869389693e-08,3.1689945863447673e-07,0.3115646258503401,0.1769729093050648,0.13459171654527533
1,HM13,5.5609694,0.8328234,2.68280642350143e-08,3.5312466528485036e-07,0.3306122448979592,0.18992932862190812,0.1406829162760511
1,COX14,5.520259,0.64443797,3.385008649314127e-08,4.434117414846151e-07,0.43945578231292515,0.29799764428739695,0.1414581380255282
1,VDAC1,5.516984,0.74578595,3.4486649012211906e-08,4.503081121219465e-07,0.363265306122449,0.22173144876325088,0.14153385735919813
1,PPCS,5.5124135,0.7462589,3.5394632938308426e-08,4.6069338862662225e-07,0.37142857142857144,0.2329210836277974,0.13850748780077404
1,TMEM165,5.5115438,0.73268145,3.5570027570798846e-08,4.62608283852019e-07,0.37142857142857144,0.22673733804475854,0.1446912333838129
1,HSP90B1,5.510401,0.53874767,3.5801729566954854e-08,4.652518645313331e-07,0.5374149659863946,0.4004711425206125,0.1369438234657821
1,CNIH1,5.499844,0.7257366,3.801277475009243e-08,4.924204336391624e-07,0.3727891156462585,0.23468786808009423,0.13810124756616426
1,ARL4A,5.4839826,0.8234872,4.1585557886117854e-08,5.365783222198534e-07,0.3414965986394558,0.2123085983510012,0.12918800028845462
1,HERPUD1,5.472061,0.6707629,4.4483122774528874e-08,5.726108353375822e-07,0.4095238095238095,0.2670789163722026,0.1424448931516069
1,PRKCB,5.430771,0.6181123,5.611113216789884e-08,7.16095345865049e-07,0.43945578231292515,0.29063604240282687,0.14881973991009828
1,NDUFV3,5.423318,1.042351,5.850283106449539e-08,7.442961267855436e-07,0.2612244897959184,0.12809187279151943,0.13313261700439896
1,NDUFB3,5.4163766,0.6547096,6.081898689200275e-08,7.731619615695858e-07,0.4054421768707483,0.26118963486454655,0.14425254200620174
1,DRAM2,5.415984,0.6806851,6.095249408161772e-08,7.742575742774437e-07,0.39319727891156464,0.24764428739693758,0.14555299151462706
1,ROMO1,5.410407,0.64958435,6.288161296847204e-08,7.981428004477665e-07,0.4231292517006803,0.2782685512367491,0.14486070046393118
1,MTDH,5.3564963,0.52912885,8.485130259355191e-08,1.0670654586726388e-06,0.5482993197278911,0.4290341578327444,0.11926516189514674
1,FIBP,5.3556433,0.850675,8.52524975753525e-08,1.0712873370432736e-06,0.30612244897959184,0.17137809187279152,0.13474435710680033
1,MRPL55,5.3488727,0.76183695,8.850383535075718e-08,1.110438075286609e-06,0.34965986394557824,0.21584216725559482,0.13381769668998342
1,SCNM1,5.3340344,1.039838,9.60541755530172e-08,1.2005671246928301e-06,0.2612244897959184,0.1328032979976443,0.1284211917982741
1,MYH9,5.3210897,0.5925853,1.0314742304131407e-07,1.2852970208522007e-06,0.46122448979591835,0.32420494699646646,0.1370195427994519
1,PPP4C,5.309578,0.6177145,1.0987951988717329e-07,1.3660629368343786e-06,0.44761904761904764,0.3027090694935218,0.14490997812552586
1,PTBP3,5.3086395,0.95526034,1.1044641937383123e-07,1.3720682364276787e-06,0.272108843537415,0.14075382803297998,0.131355015504435
1,POLR2J,5.279271,0.63075507,1.2969893193760059e-07,1.5978947480655747e-06,0.41768707482993195,0.2750294464075383,0.14265762842239366
1,MPC1,5.26196,0.9282546,1.4252775888827102e-07,1.7506731705488004e-06,0.27755102040816326,0.14782096584216725,0.129730054565996
1,IFT20,5.254439,0.9974006,1.4847654674138918e-07,1.8210080818859583e-06,0.2598639455782313,0.13162544169611307,0.12823850388211822
1,PABPC4,5.2416134,0.7422831,1.5917864370438302e-07,1.9464288412910393e-06,0.3414965986394558,0.21584216725559482,0.12565443138386098
1,SNRPG,5.237776,0.52729344,1.625231756542522e-07,1.9858414315752207e-06,0.5564625850340136,0.41431095406360424,0.14215163097040934
1,TMEM256,5.1883163,0.6124704,2.12203920131911e-07,2.5717543239097745e-06,0.43673469387755104,0.303886925795053,0.13284776808249804
1,CSNK1A1,5.186048,0.59309965,2.1480346262007068e-07,2.6013319407305526e-06,0.4326530612244898,0.30182567726737336,0.13082738395711646
1,SHKBP1,5.1828074,0.7248365,2.1857054164532794e-07,2.644994550191724e-06,0.3469387755102041,0.21937573616018846,0.12756303935001562
1,BAX,5.180164,0.582498,2.216908923254259e-07,2.6787922373237027e-06,0.4530612244897959,0.32391048292108365,0.12915074156871226
1,TMEM50A,5.166622,0.56544316,2.3836224954891732e-07,2.869642946924088e-06,0.46938775510204084,0.33421672555948173,0.1351710295425591
1,FIS1,5.162887,0.53308845,2.43169623085563e-07,2.925366325958012e-06,0.4993197278911565,0.3630742049469965,0.13624552294415998
1,ECHDC1,5.125963,0.87035567,2.96020633476248e-07,3.5429360528931195e-06,0.2897959183673469,0.16195524146054183,0.1278406769068051
1,MTIF3,5.120625,0.76533026,3.0452494175980037e-07,3.6393955968824643e-06,0.32789115646258504,0.19964664310954064,0.1282445133530444
1,PARL,5.0900793,0.88529915,3.579139047570015e-07,4.252599415925419e-06,0.2789115646258503,0.15429917550058891,0.1246123891252614
1,SERINC1,5.087453,0.92469585,3.629047246713429e-07,4.308769376159536e-06,0.26666666666666666,0.13987043580683156,0.1267962308598351
1,ADAM10,5.070142,0.9548107,3.975192178209743e-07,4.699286071364856e-06,0.2585034013605442,0.1333922261484099,0.12511117521213433
1,SDF2L1,5.0672765,0.76461655,4.03547582527314e-07,4.760232154094726e-06,0.31700680272108844,0.19022379269729092,0.12678301002379752
1,NDUFAB1,5.0615463,0.64497125,4.158700432184462e-07,4.902053153528097e-06,0.39319727891156464,0.267962308598351,0.12523497031321362
1,PCMT1,5.0532913,0.7009876,4.342603233491692e-07,5.1041186424682166e-06,0.3510204081632653,0.22703180212014135,0.12398860604312395
1,RGS19,5.038607,0.60123014,4.6893196989721123e-07,5.499270901575393e-06,0.4108843537414966,0.2744405182567727,0.13644383548472394
1,ADIPOR1,5.038488,0.9321558,4.692245081962746e-07,5.499270901575393e-06,0.2653061224489796,0.1416372202591284,0.12366890218985122
1,CAPN2,5.028954,0.60087246,4.931627940479553e-07,5.769450594209745e-06,0.39183673469387753,0.25618374558303886,0.13565298911083867
1,BTF3L4,5.014662,0.7625027,5.312682387733114e-07,6.186533561971636e-06,0.3129251700680272,0.1878680800942285,0.12505708997379872
1,PPP3CA,5.0034227,0.8844204,5.632130166914232e-07,6.549202676679726e-06,0.2612244897959184,0.13250883392226148,0.1287156558736569
1,PDIA6,4.9935136,0.589516,5.929062038605305e-07,6.874319705991775e-06,0.41904761904761906,0.2862190812720848,0.13282853777553427
1,CD55,4.9933944,0.6135144,5.93272992167984e-07,6.874319705991775e-06,0.39183673469387753,0.26030624263839813,0.1315304920554794
1,GRB2,4.966294,0.57037103,6.824457573555789e-07,7.896389700208364e-06,0.43673469387755104,0.29711425206124853,0.1396204418163025
1,CDV3,4.964878,0.75498825,6.87442224101016e-07,7.947855140338966e-06,0.32789115646258504,0.20259128386336867,0.12529987259921638
1,TPM4,4.948761,0.74490064,7.468734520771192e-07,8.623568489367499e-06,0.30612244897959184,0.1793286219081272,0.12679382707146464
1,TPGS1,4.9321494,0.9254662,8.132963140399115e-07,9.350907234017564e-06,0.2585034013605442,0.13692579505300354,0.12157760630754069
1,NCKAP1L,4.931058,0.71659845,8.178545547101042e-07,9.396712338210685e-06,0.33741496598639453,0.2137809187279152,0.12363404725847935
1,KIF5B,4.9113083,0.6480953,9.047074303254751e-07,1.035823531669356e-05,0.3727891156462585,0.24764428739693758,0.1251448282493209
1,RHEB,4.9083405,0.80619615,9.185021510333605e-07,1.0505129877668604e-05,0.2965986394557823,0.17667844522968199,0.11992019422610031
1,CELF1,4.9082723,0.6920409,9.188216401774813e-07,1.0505129877668604e-05,0.33877551020408164,0.214075382803298,0.12470012740078365
1,MOB3A,4.864134,0.8855914,1.149590364887456e-06,1.3097804986019268e-05,0.2680272108843537,0.14840989399293286,0.11961731689142086
1,CYC1,4.8143673,0.6345971,1.4766696622341437e-06,1.6696470175406235e-05,0.3619047619047619,0.23616018845700826,0.12574457344775364
1,RNF7,4.7837024,0.5881696,1.7209546894914286e-06,1.939155624984109e-05,0.39319727891156464,0.2673733804475854,0.12582389846397923
1,ATP5EP2,4.7794213,0.9187408,1.75800262042012e-06,1.9786795647157263e-05,0.2571428571428571,0.14104829210836278,0.11609456503449433
1,PTPN18,4.7765903,0.817828,1.7829242168826876e-06,2.0048400764548214e-05,0.2829931972789116,0.16401648998822144,0.11897670729069015
1,ETFB,4.7625713,0.6708237,1.911417714851435e-06,2.1434342174560884e-05,0.35374149659863946,0.2332155477031802,0.12052594889545926
1,ERGIC3,4.7580347,0.5235538,1.9548708745837392e-06,2.19066043692223e-05,0.46122448979591835,0.33421672555948173,0.12700776423643662
1,DUSP22,4.7438445,0.8383778,2.0969963120773754e-06,2.3361217094815454e-05,0.26666666666666666,0.14840989399293286,0.1182567726737338
1,COMMD8,4.701071,0.7308216,2.588009545743024e-06,2.864846020155725e-05,0.2870748299319728,0.16401648998822144,0.12305833994375137
1,RASSF3,4.653112,0.7999494,3.2696277805933944e-06,3.597470081929289e-05,0.2693877551020408,0.15341578327444053,0.1159719718276003
1,UTRN,4.651287,0.75034815,3.298699395100632e-06,3.627017527099559e-05,0.29523809523809524,0.1790341578327444,0.11620393740535084
1,WAC,4.6453347,0.6622466,3.3952546707558816e-06,3.720680620779436e-05,0.32653061224489793,0.2058303886925795,0.12070022355231844
1,GTF2I,4.615454,0.7310562,3.922363491837987e-06,4.2640391421901203e-05,0.2938775510204082,0.17579505300353357,0.11808249801687462
1,UBE2E3,4.5591726,0.7662868,5.13555417754604e-06,5.48451709522394e-05,0.2761904761904762,0.1610718492343934,0.1151186269560828
1,PCGF5,4.557075,0.8309278,5.187093862554108e-06,5.5359453806423845e-05,0.2612244897959184,0.14929328621908128,0.11193120357683711
1,MRPL51,4.55334,0.61040175,5.280087998981178e-06,5.627851449598114e-05,0.3510204081632653,0.2332155477031802,0.11780486046008509
1,GLTP,4.523971,0.81100094,6.069003821759999e-06,6.422701909949246e-05,0.2693877551020408,0.15783274440518258,0.11155501069685825
1,UBE2E1,4.503488,0.75618047,6.6847173694989985e-06,7.046949799121979e-05,0.2748299319727891,0.15959952885747938,0.11523040311530972
1,PIAS1,4.4775815,0.8316116,7.5493485859696344e-06,7.922699949650366e-05,0.2598639455782313,0.15047114252061247,0.10939280305761881
1,MPLKIP,4.4398727,0.78054005,9.001215784501311e-06,9.368250092253559e-05,0.2707482993197279,0.15871613663133097,0.11203216268839691
1,RNASEH2C,4.430066,0.62542987,9.420428691278535e-06,9.767277174778715e-05,0.3142857142857143,0.19935217903415783,0.11493353525155645
1,LENG8,4.4226127,0.8218773,9.751437902452298e-06,0.00010097675665950761,0.2503401360544218,0.14016489988221437,0.11017523617220742
1,HSD17B10,4.419901,0.6700056,9.874607641124756e-06,0.00010212291758308605,0.31564625850340133,0.2061248527679623,0.10952140573543903
1,NDUFS8,4.397576,0.5232391,1.0946653209993025e-05,0.00011278223751177323,0.41360544217687073,0.2965253239104829,0.11708011826638781
1,FKBP2,4.3954444,0.6052268,1.105464733296216e-05,0.00011375162579534206,0.33877551020408164,0.22614840989399293,0.11262710031008871
1,HNRNPH2,4.3941307,0.79760265,1.1121677187258547e-05,0.00011436942832227346,0.25578231292517006,0.14517078916372203,0.11061152376144803
1,C8orf59,4.392681,0.52581143,1.1196121732736502e-05,0.00011506265557116954,0.4095238095238095,0.29711425206124853,0.11240955746256098
1,FERMT3,4.35852,0.5249874,1.3094496177692854e-05,0.00013356549374266382,0.37142857142857144,0.25,0.12142857142857144
1,EIF6,4.3546143,0.59928536,1.3330136075024545e-05,0.00013579972373815478,0.3414965986394558,0.2249705535924617,0.1165260450469941
1,WNK1,4.3515787,0.68770134,1.3516085758506224e-05,0.00013752281038241314,0.2925170068027211,0.18227326266195523,0.11024374414076585
1,TLN1,4.3134604,0.58356994,1.607188258877723e-05,0.00016271786573947048,0.3442176870748299,0.23380447585394581,0.1104132112208841
1,PSENEN,4.310374,0.6792743,1.6297897230943496e-05,0.0001648021610602389,0.2938775510204082,0.18492343934040048,0.10895411168000771
1,MRPL14,4.29047,0.6679862,1.7829509126023897e-05,0.0001794025822945123,0.3047619047619048,0.1958186101295642,0.10894329463234059
1,ARL5A,4.2825055,0.55557287,1.848004451742347e-05,0.00018583405553138622,0.37142857142857144,0.26413427561837455,0.1072942958101969
1,TCOF1,4.276025,0.7570472,1.902601040150639e-05,0.0001910893530871983,0.26666666666666666,0.16342756183745583,0.10323910482921084
1,MAP2K3,4.240499,0.7472355,2.230233721689148e-05,0.00022249301171070823,0.2612244897959184,0.15429917550058891,0.10692531429532948
1,SYNCRIP,4.2180715,0.6991976,2.4640050903925594e-05,0.0002444729368339155,0.2761904761904762,0.1690223792697291,0.10716809692074711
1,TMEM179B,4.2174406,0.6720408,2.470908461231532e-05,0.00024486089239375585,0.2870748299319728,0.1790341578327444,0.10804067209922841
1,BAZ1A,4.197077,0.5389,2.70382140879557e-05,0.0002669717686741359,0.36054421768707484,0.2497055359246172,0.11083868176245765
1,OLA1,4.196429,0.70115954,2.7115663840214346e-05,0.00026757501573567365,0.272108843537415,0.16666666666666666,0.10544217687074833
1,OGFR,4.1900163,0.7628004,2.7893464631290946e-05,0.00027442271487224964,0.25170068027210885,0.14723203769140164,0.1044686425807072
1,SNAP23,4.1855307,0.611519,2.845006926218994e-05,0.0002793947078023347,0.31700680272108844,0.21024734982332155,0.1067594528977669
1,RAB2A,4.179459,0.56312543,2.9220334349889478e-05,0.00028610047294945647,0.35374149659863946,0.24734982332155478,0.10639167327708468
1,C7orf50,4.1604257,0.6865598,3.176550814078109e-05,0.00030935445160197583,0.2693877551020408,0.16401648998822144,0.10537126511381939
1,RBMS1,4.15843,0.6167798,3.2044216707041716e-05,0.00031132745222322417,0.32789115646258504,0.22673733804475854,0.1011538184178265
1,STX7,4.1517277,0.5675344,3.2997498107723324e-05,0.00032001900802635524,0.27755102040816326,0.16401648998822144,0.11353453041994183
1,CCT6A,4.108152,0.5470198,3.9883780264414695e-05,0.0003820483190316679,0.3442176870748299,0.23881036513545348,0.10540732193937644
1,ETFA,4.0995903,0.64473635,4.1388226024764196e-05,0.0003950716254324195,0.28843537414965986,0.1872791519434629,0.10115622220619697
1,GNAI3,4.089903,0.65840405,4.3155367176781075e-05,0.000410502885104253,0.29523809523809524,0.1955241460541814,0.09971394918391385
1,TWF2,4.0553665,0.5332499,5.0055754032911516e-05,0.00047229653502448975,0.345578231292517,0.23616018845700826,0.10941804283550877
1,MRPL41,4.0450654,0.52099085,5.230855176550741e-05,0.0004915681880732147,0.3564625850340136,0.24587750294464075,0.11058508208937287
1,PPP2CA,4.044912,0.5285982,5.2342835422547365e-05,0.0004916079967556242,0.3360544217687075,0.2229093050647821,0.11314511670392538
1,MED28,4.029562,0.5745926,5.5880824869708976e-05,0.0005227365212654709,0.3034013605442177,0.1964075382803298,0.10699382226388787
1,C16orf13,4.006316,0.5430337,6.167307926180116e-05,0.0005752755130001875,0.3564625850340136,0.25294464075382805,0.10351794428018557
1,THOC7,4.001899,0.5284616,6.283614167081567e-05,0.0005857903782770456,0.35918367346938773,0.2511778563015312,0.10800581716785651
1,NARS,3.9874022,0.6938301,6.680074494954588e-05,0.0006199245536696086,0.2612244897959184,0.16166077738515902,0.09956371241075937
1,PTRHD1,3.9666972,0.65221083,7.28754490491892e-05,0.0006709708620674082,0.28435374149659864,0.1878680800942285,0.09648566140237014
1,MMP24-AS1,3.9526439,0.6354732,7.729240382332881e-05,0.0007088458626420867,0.2789115646258503,0.17785630153121318,0.10105526309463714
1,DNAJC4,3.9388294,0.63650113,8.188013744756029e-05,0.0007463180661724422,0.2761904761904762,0.17461719670200235,0.10157327948847386
1,UFM1,3.9336445,0.599725,8.366745875843197e-05,0.0007617603187238206,0.2925170068027211,0.19051825677267373,0.10199875003004735
1,YY1,3.879614,0.5060208,0.00010462226047515653,0.0009415427962783477,0.33741496598639453,0.2314487632508834,0.10596620273551113
1,GTF3C6,3.8632584,0.6091323,0.00011188452902770267,0.001001391017189411,0.2897959183673469,0.19140164899882214,0.09839426936852477
1,CMTM3,3.8608708,0.6502916,0.00011298367030022009,0.0010101234042524047,0.2639455782312925,0.16548881036513546,0.09845676786615704
1,HN1,3.850399,0.53418237,0.00011792558683727068,0.001050860853074393,0.3129251700680272,0.21054181389870436,0.10238335616932287
1,MRPS36,3.7563915,0.5880069,0.0001723809537379656,0.0015049758719887169,0.2816326530612245,0.18227326266195523,0.09935939039926925
1,LASP1,3.72061,0.6377448,0.0001987421435870899,0.0017240828267382706,0.2680272108843537,0.1772673733804476,0.09075983750390612
1,IDH3G,3.7114344,0.5371777,0.00020608808444820762,0.0017811976490528921,0.31020408163265306,0.20848056537102475,0.10172351626162832
1,UPP1,3.7099507,0.62507665,0.0002072996880642319,0.0017907234405590805,0.2571428571428571,0.16283863368669022,0.0943042234561669
1,REL,3.702651,0.5035124,0.00021335825613004577,0.0018372391729177258,0.3034013605442177,0.20111896348645467,0.10228239705776301
1,CHMP5,3.685289,0.61206156,0.00022844326790653481,0.001958889049380931,0.26666666666666666,0.17226148409893993,0.09440518256772673
1,ERICH1,3.677188,0.5787334,0.00023581937379662965,0.002018964298632474,0.28435374149659864,0.18992932862190812,0.09442441287469053
1,MSL3,3.570986,0.53331184,0.00035563981107832266,0.002967171315172074,0.2870748299319728,0.19316843345111898,0.09390639648085383
1,SPINT2,3.5595763,0.5037534,0.00037145368472833203,0.0030880862478863008,0.31564625850340133,0.22025912838633688,0.09538713011706446
1,YME1L1,3.5471601,0.5315764,0.00038940777281712717,0.003230781222647575,0.28843537414965986,0.1958186101295642,0.09261676402009567
1,ERBB2IP,3.522942,0.57695895,0.0004267847494131271,0.0035088569272101367,0.2680272108843537,0.17815076560659598,0.08987644527775773
1,CORO1B,3.4350402,0.5162366,0.0005924657627509724,0.004753963876590809,0.26258503401360545,0.1704946996466431,0.09209033436696235
1,VPS13C,3.4090655,0.5249409,0.0006518584106703174,0.005197395446869913,0.2789115646258503,0.19110718492343934,0.08780437970241098
1,SDHB,3.3958647,0.56740725,0.0006841213466784491,0.005433451142235974,0.2598639455782313,0.17167255594817432,0.08819138963005696
1,DYNC1I2,3.3892987,0.5079524,0.0007007165170697821,0.00554640683878989,0.2707482993197279,0.1793286219081272,0.09141967741160067
1,NENF,3.3889575,0.5881778,0.0007015887425065877,0.005550625443012708,0.2598639455782313,0.17579505300353357,0.08406889257469771
1,MRPS15,3.283148,0.5573428,0.0010265475075425226,0.007885137920611837,0.2530612244897959,0.1690223792697291,0.0840388452200668
1,CD46,3.1946836,0.5413358,0.0013998427348866798,0.010505883938294021,0.2571428571428571,0.1772673733804476,0.07987548376240952
2,IL32,22.298944,2.5558827,3.783253597019396e-110,6.189781210083433e-106,0.9795454545454545,0.5665131400704416,0.4130323144750129
2,LTB,21.728739,2.0996366,1.0977569108908816e-104,8.980200409542856e-101,0.9977272727272727,0.7515578434028719,0.24616942932440078
2,IL7R,20.184208,2.4916117,1.3476809737873811e-90,7.349802804045114e-87,0.8363636363636363,0.3470604172311027,0.4893032191325336
2,TRAC,19.56918,2.1481721,2.832057988467368e-85,1.1583825187328653e-81,0.9818181818181818,0.5602817664589542,0.4215364153592276
2,LDHB,18.241077,1.6361139,2.4361268311185137e-74,7.971494216786e-71,0.9840909090909091,0.6710918450284475,0.3129990640624616
2,ITGB1,16.572601,2.620651,1.0996323650673492e-61,2.5701550178381284e-58,0.6409090909090909,0.20482254131671634,0.43608654959237453
2,CD2,15.708097,1.8850694,1.3311505042804243e-55,2.7223691750665025e-52,0.7727272727272727,0.33568138715795176,0.43704588556932095
2,CD3D,15.266362,1.6798997,1.2812497313660989e-52,2.329169650542305e-49,0.95,0.5296667569764292,0.4203332430235708
2,HSPA8,14.881207,1.2367626,4.365515087223715e-50,6.493108394733381e-47,0.9590909090909091,0.7174207531834191,0.24167015590748997
2,HLA-A,14.282331,0.635341,2.82006874596271e-46,3.844928729391325e-43,1.0,0.9853698184773774,0.014630181522622632
2,AQP3,13.957119,2.65823,2.8471099303974703e-44,3.3272546836595005e-41,0.525,0.11704145218098076,0.40795854781901925
2,GSTK1,13.88688,1.3539447,7.607798997316182e-44,8.298079959672671e-41,0.85,0.5296667569764292,0.3203332430235708
2,CRIP1,13.666414,1.5980976,1.6114329170630694e-42,1.6477908722543047e-39,0.7477272727272727,0.3784882145759957,0.369239058151277
2,ANXA1,12.94778,1.4603426,2.418475678477988e-38,1.9784340287789182e-35,0.8181818181818182,0.4811704145218098,0.3370114036600084
2,TRADD,12.658914,2.1824632,9.987148042974614e-37,7.1043360491785935e-34,0.5204545454545455,0.15551341099972907,0.36494113445481646
2,CALM1,12.382734,1.018533,3.241098242882612e-35,2.1211043340720966e-32,0.9340909090909091,0.729070712544026,0.20502019654688308
2,AES,12.373558,1.1756752,3.633625418164084e-35,2.2865286717916377e-32,0.8863636363636364,0.5957735031156868,0.2905901332479496
2,FXYD5,12.11406,0.84823406,8.897784811552756e-34,4.887716891632036e-31,0.95,0.8165808723923056,0.13341912760769437
2,KLRB1,12.113468,2.2303162,8.962258220705402e-34,4.887716891632036e-31,0.5409090909090909,0.1907342183690057,0.35017487254008517
2,CD3E,12.109599,1.3624331,9.395217010203488e-34,4.958553080772234e-31,0.8909090909090909,0.5125982118667027,0.37831087904238814
2,VIM,11.863824,1.0169486,1.8244768858985961e-32,9.328208228183416e-30,0.9681818181818181,0.791926307233812,0.17625551094800618
2,HINT1,11.778911,0.7535248,5.013672149350748e-32,2.412608530456694e-29,0.9636363636363636,0.85396911406123,0.10966724957513363
2,OPTN,11.739034,2.308718,8.039978574403427e-32,3.7583454130232703e-29,0.4636363636363636,0.11026821999458142,0.3533681436417822
2,CD3G,11.703893,1.4371536,1.2173790114775363e-31,5.532649446328881e-29,0.7090909090909091,0.3256570035220807,0.3834339055688284
2,ARHGAP15,11.636148,1.473477,2.6993302725525067e-31,1.162203752348199e-28,0.65,0.30885938769981036,0.34114061230018966
2,LCK,11.585572,1.2648727,4.87698167290943e-31,1.9948074287617796e-28,0.8227272727272728,0.4605797886751558,0.36214748405211694
2,EVL,11.43672,1.0779011,2.7405045437133804e-30,1.0427301125510376e-27,0.9159090909090909,0.6407477648333785,0.2751613260757124
2,RPSA,11.197373,0.6381824,4.2000375603717135e-29,1.4938437940269916e-26,0.9954545454545455,0.9631536169059876,0.03230092854855793
2,PBXIP1,11.096497,1.6988735,1.3045859715764347e-28,4.541347038502563e-26,0.5454545454545454,0.2251422378759144,0.32031230757863105
2,TRBC2,11.085882,1.2601689,1.4689552957205582e-28,5.006995331934178e-26,0.8090909090909091,0.5350853427255486,0.27400556636536044
2,TRAT1,11.072476,1.8286623,1.7061858885059245e-28,5.696919861601109e-26,0.509090909090909,0.18070983473313465,0.3283810743577744
2,IL2RG,10.982066,1.1540266,4.66138649333681e-28,1.4953910670094813e-25,0.7795454545454545,0.4697913844486589,0.3097540700967956
2,IFITM1,10.753185,1.2516192,5.724994120241044e-27,1.734567200023402e-24,0.7272727272727273,0.3698184773774045,0.3574542498953228
2,RPLP0,10.555575,0.5431232,4.786971686951728e-26,1.3503386856934005e-23,0.9954545454545455,0.9672175562178271,0.028236989236718357
2,PLP2,10.359594,1.2528229,3.7856541899014895e-25,1.0322848033496379e-22,0.6613636363636364,0.3692766188024926,0.2920870175611438
2,CD69,10.327181,1.099911,5.309833736835897e-25,1.4241670453831494e-22,0.8227272727272728,0.5678677865077215,0.25485948621955123
2,MYL12A,10.318681,0.6467244,5.8014731389055745e-25,1.5309339036392596e-22,0.990909090909091,0.9032782443782172,0.08763084653087372
2,CD40LG,10.245862,2.5111978,1.2351919957057856e-24,3.157652537772243e-22,0.3795454545454545,0.07531834191276077,0.30422711263269375
2,TMEM123,10.10625,1.0248109,5.183056309683284e-24,1.2470585923930619e-21,0.7954545454545454,0.52018423191547,0.2752703135390754
2,S100A10,10.016156,0.9763543,1.2943970755470893e-23,3.025375793289418e-21,0.9113636363636364,0.6616093199674885,0.24975431639614787
2,ISG20,9.868065,1.1780771,5.725838861419883e-23,1.3011173557179264e-20,0.6840909090909091,0.37767542671362775,0.30641548237728133
2,CD6,9.773975,1.5947925,1.4562320799673594e-22,3.2637552137460225e-20,0.48863636363636365,0.18802492549444594,0.3006114381419177
2,TRBC1,9.649651,1.4255879,4.932370329202824e-22,1.0759801460811653e-19,0.5863636363636363,0.3178000541858575,0.2685635821777788
2,SPOCK2,9.5739975,1.3722361,1.0284991951177626e-21,2.1573429911950916e-19,0.5431818181818182,0.24221078298564075,0.30097103519617746
2,CD99,9.434026,1.0274881,3.946430210439571e-21,7.87409081378071e-19,0.7704545454545455,0.4738553237604985,0.296599221694047
2,IL10RA,9.372963,1.310596,7.052435668920507e-21,1.3901795178217881e-18,0.5522727272727272,0.27472229748035765,0.2775504297923696
2,SYNE2,9.309236,1.557906,1.2875548316892534e-20,2.507819595389033e-18,0.46136363636363636,0.16851801679761583,0.2928456195660205
2,GIMAP7,9.132665,1.0493472,6.683389748991399e-20,1.2425788600369122e-17,0.7113636363636363,0.4191276076943918,0.29223602866924453
2,LDHA,9.106425,0.996718,8.514142330865469e-20,1.5651672210706735e-17,0.6909090909090909,0.4532646979138445,0.23764439299524642
2,MAL,9.0128,1.5736536,2.0086085814488446e-19,3.572048369683103e-17,0.4431818181818182,0.17176916824708752,0.2714126499347307
2,ACAP1,8.969181,0.9822546,2.987280985052059e-19,5.144726757519657e-17,0.7886363636363637,0.4909238688702249,0.2977124947661388
2,LAT,8.9313545,1.1092335,4.208241250253565e-19,7.171982822437351e-17,0.634090909090909,0.33703603359523165,0.2970548754956774
2,ITM2A,8.765207,1.729005,1.8643393783439355e-18,3.0200452048599137e-16,0.40454545454545454,0.13925765375237062,0.2652878007930839
2,EMP3,8.756792,0.7097718,2.0088641237411106e-18,3.1909733911192532e-16,0.9568181818181818,0.7865077214846925,0.1703104603334893
2,RORA,8.719917,1.6072965,2.7840582745300174e-18,4.37980552207554e-16,0.425,0.1614738553237605,0.26352614467623947
2,ETS1,8.678602,1.1705954,4.006628000836458e-18,6.184192520913706e-16,0.5727272727272728,0.29368734760227583,0.2790399251249969
2,RCAN3,8.659573,1.3865035,4.735359066012979e-18,7.173630525836885e-16,0.4681818181818182,0.19615280411812516,0.27202901406369306
2,TTC39C,8.63697,1.6293598,5.772351489116791e-18,8.664352542517414e-16,0.41818181818181815,0.16201571389867245,0.2561661042831457
2,RPL36AL,8.626165,0.5820221,6.344315046441412e-18,9.436303497711631e-16,0.9659090909090909,0.8661609319967488,0.09974815891234212
2,SUN2,8.567005,0.94062746,1.0621095512740125e-17,1.5243135410872034e-15,0.7090909090909091,0.43267407206719044,0.27641683702371866
2,KLF6,8.491713,0.7854925,2.0361430775929146e-17,2.89681190369545e-15,0.8681818181818182,0.7073963695475481,0.16078544863427002
2,GATA3,8.455345,2.178736,2.782629285741835e-17,3.924706702070876e-15,0.3386363636363636,0.0875101598482796,0.25112620378808403
2,TNFRSF25,8.421959,1.9124606,3.7024001694447836e-17,5.133471963753059e-15,0.35909090909090907,0.10539149282037388,0.25369941627053516
2,RP11-138A9.1,8.366563,1.9515727,5.932342978183515e-17,8.088255288838374e-15,0.3568181818181818,0.10999729070712544,0.24682089111105637
2,CYLD,8.269915,1.2425314,1.340551622358173e-16,1.7687713785001668e-14,0.49318181818181817,0.24004334868599295,0.2531384694958252
2,TNFAIP3,8.262281,1.3898022,1.4291410623733466e-16,1.8557283271024065e-14,0.45454545454545453,0.20888648062855594,0.2456589739168986
2,NOSIP,8.253147,0.95311534,1.5427649881948245e-16,1.9874943284925608e-14,0.6863636363636364,0.45759956651314004,0.22876406985049635
2,SOD1,7.8148165,0.79089236,5.504325291481658e-15,6.621784271612604e-13,0.7931818181818182,0.5545922514223788,0.23858956675943943
2,CMPK1,7.797436,0.846427,6.317760143664627e-15,7.544881292737005e-13,0.7545454545454545,0.4979680303440802,0.2565774242013743
2,ICAM2,7.7804575,1.2169247,7.226263613836239e-15,8.505676186041345e-13,0.4659090909090909,0.2229748035762666,0.2429342873328243
2,FLT3LG,7.7421665,1.1547924,9.77370012559911e-15,1.1340957996803337e-12,0.4818181818181818,0.22622595502573828,0.25559222679244353
2,CDC25B,7.6953964,1.328632,1.4105622862576918e-14,1.6138608087735732e-12,0.4318181818181818,0.19317258195610945,0.23864559986207237
2,MZT2A,7.626193,1.0098861,2.4178804636037774e-14,2.747148768404264e-12,0.5636363636363636,0.3112977512869141,0.2523386123494495
2,PEBP1,7.619448,0.8743542,2.5476283218444224e-14,2.8746032395652823e-12,0.675,0.4310484963424546,0.24395150365754542
2,SORL1,7.5924053,1.2287029,3.140213884305369e-14,3.5189752987068587e-12,0.44545454545454544,0.20157138986724465,0.24388315558730078
2,PIM1,7.589868,1.3040911,3.202318447382681e-14,3.5641586474576903e-12,0.425,0.19317258195610945,0.23182741804389054
2,TRAF3IP3,7.556947,0.7760791,4.126398387809364e-14,4.561621893442501e-12,0.7818181818181819,0.5567596857220265,0.22505849609615536
2,JUNB,7.54443,0.51393247,4.5427012767633324e-14,4.9548757059416585e-12,0.9727272727272728,0.9496071525331888,0.023120120194083937
2,ANKRD12,7.53371,0.9105856,4.931856890075482e-14,5.343715932352646e-12,0.6431818181818182,0.4050392847466811,0.23814253343513708
2,S100A4,7.531448,0.96790075,5.018081678815363e-14,5.401370680730141e-12,0.9818181818181818,0.8285017610403684,0.15331642077781338
2,YWHAQ,7.4974275,0.9557532,6.508250835894532e-14,6.9233078860219614e-12,0.5840909090909091,0.34191276076943916,0.24217814832146994
2,EML4,7.497258,1.2401483,6.516651882203912e-14,6.9233078860219614e-12,0.43863636363636366,0.2061771877539962,0.23245917588236745
2,PPP2R5C,7.4787784,0.9273447,7.501653427311122e-14,7.918358175757243e-12,0.6136363636363636,0.37659170956380383,0.2370446540725598
2,CD5,7.4698772,1.7554365,8.026977285845454e-14,8.418549703443428e-12,0.3340909090909091,0.11081007856949336,0.22328083052141573
2,ARL6IP5,7.454738,0.77951175,9.004649214657618e-14,9.26572740886876e-12,0.7318181818181818,0.5163912218910864,0.21542695992709537
2,GPR183,7.447401,1.3185878,9.51967473502716e-14,9.734462396236211e-12,0.4159090909090909,0.19208886480628556,0.22382022610280533
2,INPP4B,7.369825,2.076346,1.7085238885763763e-13,1.717367306033747e-11,0.29318181818181815,0.07233811975074506,0.2208436984310731
2,GLTSCR2,7.3696346,0.5412794,1.7109643107603492e-13,1.717367306033747e-11,0.990909090909091,0.8989433757789217,0.09196571513016927
2,RGCC,7.137878,1.1809845,9.47828089813791e-13,8.96382391759736e-11,0.425,0.20455161202926037,0.22044838797073962
2,CAPN2,7.104999,1.0123144,1.2032315179950503e-12,1.1122073935546338e-10,0.4909090909090909,0.2552153887835275,0.2356937021255634
2,DNAJB1,7.098931,0.9458694,1.2572551995144263e-12,1.1556152988345804e-10,0.5545454545454546,0.33405581143321594,0.22048964311223862
2,S1PR4,7.0187325,0.91164696,2.2388950825962844e-12,2.0237879804617572e-10,0.5659090909090909,0.34191276076943916,0.22399633013965176
2,SIT1,7.009472,1.5044187,2.3921947607699223e-12,2.1504779385141042e-10,0.34545454545454546,0.13492278515307504,0.21053176030147042
2,SARAF,6.9616237,0.57086676,3.3637349560370903e-12,2.9703914430737195e-10,0.9386363636363636,0.8070983473313466,0.13153801630501705
2,RARRES3,6.9602914,0.799583,3.395695203028298e-12,2.9709609206816033e-10,0.6795454545454546,0.43050663776754267,0.2490388167779119
2,SRSF7,6.932572,0.7373801,4.132571547206676e-12,3.5964363342472564e-10,0.7886363636363637,0.5857491194798158,0.2028872441565479
2,SKAP1,6.885316,1.1246864,5.765952462217082e-12,4.939096766195481e-10,0.425,0.19642373340558114,0.22857626659441885
2,PPA1,6.78594,0.92235833,1.1533304677505352e-11,9.72661844477655e-10,0.525,0.30669195340016253,0.2183080465998375
2,SEPT9,6.7524695,0.7324053,1.453496487389431e-11,1.2132987770499225e-09,0.7181818181818181,0.5066377675426713,0.21154405063914683
2,AAK1,6.6973476,0.86232907,2.122362193710075e-11,1.7422354851455722e-09,0.575,0.3443511243565429,0.23064887564345704
2,PCSK7,6.6886997,0.83720404,2.2516190712318634e-11,1.832773115643011e-09,0.5954545454545455,0.36196152804118126,0.2334930174133642
2,PRDX2,6.673286,0.8488975,2.5013804039121764e-11,2.025994296455798e-09,0.5636363636363636,0.3429964779192631,0.22063988571710053
2,ARID5B,6.5695124,1.4251989,5.048023424966889e-11,3.914251718288307e-09,0.32727272727272727,0.12462747222974803,0.20264525504297926
2,RAN,6.5552406,0.70335555,5.555226080409332e-11,4.2872195236592964e-09,0.6863636363636364,0.49444594960715255,0.19191768675648385
2,LIMS1,6.5073075,1.3441626,7.650962580653374e-11,5.783984966766999e-09,0.3522727272727273,0.16011920888648062,0.19215351838624667
2,TAGLN2,6.506906,0.6874431,7.671442685584248e-11,5.783984966766999e-09,0.7772727272727272,0.5784340287185045,0.19883869855422276
2,BTG2,6.4379773,0.69350743,1.2107612566938533e-10,8.963468289940332e-09,0.7136363636363636,0.5426713627743159,0.1709650008620477
2,TESPA1,6.4131546,1.5253958,1.425389297361525e-10,1.0504862294654012e-08,0.3068181818181818,0.11216472500677323,0.1946534568114086
2,CORO1B,6.399411,1.2869718,1.559774025370882e-10,1.1443705304526008e-08,0.3568181818181818,0.166621511785424,0.1901966700327578
2,FYB,6.385773,0.70945376,1.7053343461271732e-10,1.2400433438660749e-08,0.7909090909090909,0.5759956651314007,0.21491342577769024
2,PAG1,6.3797474,1.3237194,1.7738034976875858e-10,1.284123850693212e-08,0.3431818181818182,0.15307504741262531,0.19010677076919288
2,PIM2,6.3197627,1.074102,2.619655358452488e-10,1.8716236384122777e-08,0.40454545454545454,0.2031969655919805,0.20134848895347404
2,PTGER2,6.290584,1.4901824,3.162735308340316e-10,2.2400654709851047e-08,0.3090909090909091,0.12056353291790843,0.18852737617300064
2,SLFN5,6.289062,1.0993314,3.193903003392306e-10,2.2523899585561e-08,0.3886363636363636,0.18910864264426985,0.19952772099209376
2,PSIP1,6.285869,0.91084474,3.260245731901566e-10,2.2893081725168035e-08,0.4772727272727273,0.2625304795448388,0.21474224772788847
2,DEK,6.278638,0.85225993,3.415519341853788e-10,2.3779281681731838e-08,0.5272727272727272,0.3085884584123544,0.21868426886037284
2,FKBP11,6.2728233,1.1973513,3.54558980455929e-10,2.4580252030675652e-08,0.3522727272727273,0.15253318883771336,0.19973953843501394
2,MZT2B,6.252356,0.65813214,4.0430583346201526e-10,2.767718720197503e-08,0.7568181818181818,0.5578434028718504,0.19897477894633142
2,GBP2,6.1912084,1.1779435,5.970466645525115e-10,4.036479536670926e-08,0.37272727272727274,0.18937957193172583,0.1833477007955469
2,CCND2,6.174949,1.6262027,6.618484717198867e-10,4.437911002380765e-08,0.2772727272727273,0.0907613112977513,0.186511415974976
2,CD27,6.1723695,0.8070006,6.727408269947985e-10,4.4925357838619996e-08,0.5613636363636364,0.36385803305337305,0.19750560331026334
2,BIN1,6.1548834,0.8423719,7.513268583676218e-10,4.996934442988887e-08,0.5136363636363637,0.2947710647520997,0.21886529888426398
2,ARHGDIA,6.1491537,0.7493692,7.78975229588439e-10,5.159843615909494e-08,0.6272727272727273,0.4096450826334327,0.21762764463929463
2,FNBP1,6.1456013,0.7725347,7.966108720504765e-10,5.234277300248131e-08,0.5863636363636363,0.38499051747493906,0.20137311888869724
2,NAP1L4,6.1410556,1.0066903,8.197492135928709e-10,5.3647667534371846e-08,0.42045454545454547,0.2281224600379301,0.19233208541661537
2,GIMAP4,6.13171,0.75386965,8.693948448046124e-10,5.66699962384393e-08,0.6113636363636363,0.40558114332159306,0.20578249304204327
2,BIRC3,6.0973516,0.9872172,1.0784029877909662e-09,6.925525113048186e-08,0.4113636363636364,0.2134922785153075,0.19787135784832888
2,WHSC1L1,6.0972033,0.88422614,1.079401567035809e-09,6.925525113048186e-08,0.475,0.2755350853427255,0.19946491465727445
2,JUN,6.093503,0.50408965,1.104661121005051e-09,7.059906484673295e-08,0.8863636363636364,0.843402871850447,0.04296076451318931
2,ITGB7,6.0690823,1.0662177,1.2864330726628295e-09,8.189623152465586e-08,0.3795454545454545,0.18341912760769438,0.19612632693776014
2,EIF4A2,6.066418,0.5685103,1.3079439875665462e-09,8.294291310300878e-08,0.8954545454545455,0.7260904903820103,0.16936405507253516
2,SEPT1,6.026795,0.8331218,1.6724324856309483e-09,1.0483780803604576e-07,0.5159090909090909,0.3064210241127066,0.20948806679638426
2,TMEM173,6.0032406,1.1807637,1.9341775290353093e-09,1.2032349259523456e-07,0.35454545454545455,0.17339474397182336,0.1811507105736312
2,REXO2,5.9916325,1.3584142,2.0774482262738916e-09,1.2844446801519152e-07,0.3090909090909091,0.12273096721755622,0.18635994187335286
2,TC2N,5.9780793,1.2025228,2.2578359971126025e-09,1.3835376310396737e-07,0.3386363636363636,0.14982389596315362,0.18881246767321
2,SERINC5,5.950783,1.2622075,2.6686291069452084e-09,1.6291582395048714e-07,0.325,0.14196694662693038,0.18303305337306963
2,TCF7,5.919469,0.7621595,3.2298275661097617e-09,1.9427650297471256e-07,0.5590909090909091,0.3470604172311027,0.21203049185980638
2,BCL2,5.9139295,1.1442046,3.3404128901092237e-09,2.0019229045815754e-07,0.35,0.166621511785424,0.18337848821457597
2,HMOX2,5.8714514,1.0441175,4.319959583277315e-09,2.5701403178909145e-07,0.375,0.18694120834462205,0.18805879165537795
2,BCL11B,5.865827,1.0711954,4.4689884493396086e-09,2.6396072209258246e-07,0.35909090909090907,0.17014359252235167,0.1889473165685574
2,GTF3A,5.862085,0.6465369,4.570914007803829e-09,2.6900979885495843e-07,0.6909090909090909,0.5047412625304796,0.18616782837861134
2,TRAM1,5.797554,0.7498965,6.728908272771922e-09,3.890164955859414e-07,0.5681818181818182,0.374966133839068,0.19321568434275022
2,HSP90AA1,5.7854385,0.54796475,7.232332508636046e-09,4.151866392062959e-07,0.8227272727272728,0.6700081278786236,0.15271914484864912
2,MDFIC,5.7510166,1.6039001,8.870836025232861e-09,5.039435701695654e-07,0.26136363636363635,0.08913573557301545,0.1722279007906209
2,MIF,5.70431,0.5704521,1.1681522403547945e-08,6.522914267728598e-07,0.7522727272727273,0.593876998103495,0.15839572916923228
2,SUSD3,5.647962,1.1615814,1.6236103143322174e-08,9.0047079161998e-07,0.32045454545454544,0.14657274451368194,0.1738818009408635
2,TAP1,5.6326537,0.9559403,1.77457317374436e-08,9.775687439606556e-07,0.39545454545454545,0.21593064210241128,0.17952390335213417
2,PDIA3,5.6224203,0.61899024,1.883003758478769e-08,1.0338196138413134e-06,0.6568181818181819,0.4654565158493633,0.19136166596881854
2,PIK3IP1,5.6163945,0.77850324,1.9498332496098952e-08,1.0669304948785114e-06,0.48863636363636365,0.29639664047683556,0.1922397231595281
2,ENO1,5.6138783,0.5743064,1.978413963566803e-08,1.0789610285972154e-06,0.8068181818181818,0.6337036033595231,0.17311457845865863
2,STT3B,5.587068,0.8941124,2.3093530404883705e-08,1.2552599699478483e-06,0.42272727272727273,0.24356542942292062,0.17916184330435211
2,NMT2,5.5602155,1.3705977,2.6944183370655187e-08,1.4597145169777798e-06,0.27954545454545454,0.10918450284475752,0.17036095170069704
2,FAM107B,5.5476985,0.7751083,2.8945472233220173e-08,1.5578186552885369e-06,0.4863636363636364,0.2991059333513953,0.1872577030122411
2,ODF2L,5.5341873,1.3010728,3.126743929093498e-08,1.671786190323488e-06,0.29772727272727273,0.13194256299105933,0.1657847097362134
2,TPR,5.524165,0.84307396,3.310556000300455e-08,1.7585716467829787e-06,0.43863636363636366,0.26578163099431046,0.1728547326420532
2,PIK3R1,5.502493,1.0957612,3.744581186109756e-08,1.98268908692368e-06,0.32727272727272727,0.1552424817122731,0.17203024556045418
2,LPAR6,5.486741,1.3964108,4.0941697759837685e-08,2.1469458879766165e-06,0.27954545454545454,0.11920888648062855,0.160336568064826
2,CD82,5.4488935,1.4458987,5.0684129234501565e-08,2.6409013961964333e-06,0.26136363636363635,0.09563803847195881,0.16572559789167754
2,DSTN,5.4307947,0.82830566,5.6103704604683244e-08,2.9068529508800175e-06,0.43636363636363634,0.2668653481441344,0.16949828821950197
2,CD96,5.422062,1.0547268,5.891539043044451e-08,3.0311783107940334e-06,0.33181818181818185,0.15876456244920076,0.1730536193689811
2,TMEM63A,5.41278,1.1189305,6.205369912512172e-08,3.1726892855816144e-06,0.31363636363636366,0.14332159306421025,0.1703147705721534
2,CD47,5.3747425,0.7111272,7.669223518260933e-08,3.860805107146681e-06,0.5363636363636364,0.35166621511785423,0.18469742124578215
2,CD247,5.36176,0.65094405,8.241491845590371e-08,4.136167119193376e-06,0.5022727272727273,0.2863722568409645,0.2159004704317628
2,CAPZB,5.3596034,0.5591041,8.340480183118089e-08,4.17304575767569e-06,0.8113636363636364,0.6290978054727716,0.1822658308908648
2,PSME1,5.3468537,0.5077169,8.949624175743921e-08,4.464170766443484e-06,0.8886363636363637,0.7350311568680574,0.15360520676830625
2,HMHA1,5.338269,0.61320513,9.383793246987918e-08,4.666511894041621e-06,0.6568181818181819,0.4719588187483067,0.18485936306987516
2,DDX24,5.3015637,0.72851825,1.1481485214839087e-07,5.692381199999464e-06,0.5068181818181818,0.3237604985098889,0.18305768330829292
2,PSMC5,5.2792573,0.7548625,1.297086081868998e-07,6.3920558389935775e-06,0.4818181818181818,0.2958547819019236,0.1859633999162582
2,CUTA,5.232889,0.609513,1.668809843783243e-07,8.077928359212318e-06,0.7522727272727273,0.5445678677865077,0.20770485948621964
2,PRKCH,5.209779,0.87315124,1.8906585173746243e-07,9.124797640933991e-06,0.3795454545454545,0.20292603630452452,0.17661941824093
2,PPIB,5.206734,0.5684585,1.9219313292715293e-07,9.248446611238674e-06,0.6818181818181818,0.5055540503928475,0.17626413142533426
2,LINC00152,5.1943016,1.2856756,2.0548975512541213e-07,9.830461647973298e-06,0.2818181818181818,0.12760769439176375,0.15421048742641805
2,TNFAIP8,5.1749973,0.692335,2.279141848726918e-07,1.0839837147389856e-05,0.5181818181818182,0.33243023570848007,0.18575158247333812
2,RP11-138A9.2,5.17024,1.4012142,2.3379350461972817e-07,1.1087233417632964e-05,0.25227272727272726,0.09428339203467895,0.1579893352380483
2,FMNL1,5.1231318,0.6456346,3.0050222763877645e-07,1.4007170787458752e-05,0.5772727272727273,0.39799512327282577,0.1792776039999015
2,ATP5H,5.1040387,0.64246505,3.3247982210720267e-07,1.5453699913340748e-05,0.5840909090909091,0.4004334868599296,0.18365742223097953
2,ANXA6,5.056085,0.58069164,4.2795087891650323e-07,1.9667708792002555e-05,0.6386363636363637,0.44649146572744514,0.19214489790891853
2,EMB,5.0553236,0.8375332,4.296613263376316e-07,1.969100549078429e-05,0.39090909090909093,0.22405852072609048,0.16685057018300045
2,HN1,5.0521097,0.86825997,4.3695620711947677e-07,1.996938688458592e-05,0.3704545454545455,0.21186670279057165,0.15858784266397383
2,PKM,5.022974,0.57574934,5.087749279652391e-07,2.3186815031864282e-05,0.6977272727272728,0.5163912218910864,0.1813360508361863
2,IER2,5.0218744,0.5391751,5.11696675209599e-07,2.3255192508622914e-05,0.8409090909090909,0.6987266323489569,0.142182458560134
2,AHNAK,5.0165462,0.65441394,5.260866350706737e-07,2.3842945807178097e-05,0.5,0.31834191276076945,0.18165808723923055
2,KIAA1551,5.0153832,0.7696484,5.292787780956969e-07,2.3921353835424577e-05,0.4318181818181818,0.26225955025738285,0.16955863156079898
2,HSP90AB1,4.990307,0.50436246,6.028350621119217e-07,2.7170756063948078e-05,0.7840909090909091,0.6299105933351395,0.15418031575576951
2,NMRK1,4.9811726,1.1740041,6.320014575188468e-07,2.8407076501279813e-05,0.275,0.12137632078027635,0.15362367921972367
2,TUBA4A,4.97022,0.7395008,6.687693665275431e-07,2.9813993476177475e-05,0.4318181818181818,0.2698455703061501,0.16197261151203174
2,TNIP1,4.9620585,0.85228205,6.974993538943434e-07,3.0926251840285505e-05,0.375,0.21918179355188297,0.15581820644811703
2,TSTD1,4.9576817,0.62994564,7.133925279207358e-07,3.154544634948962e-05,0.5431818181818182,0.3584394473042536,0.18474237087756462
2,MGAT4A,4.9508734,0.7815466,7.388108854388077e-07,3.2581360907451025e-05,0.39545454545454545,0.22324573286372257,0.17220881259082288
2,ADD3,4.938568,0.6624173,7.869837210130953e-07,3.461247489111627e-05,0.509090909090909,0.3448929829314549,0.16419792615945417
2,ATP1A1,4.924486,0.6765011,8.458231010466603e-07,3.71005677110574e-05,0.49772727272727274,0.3194256299105933,0.17830164281667943
2,SOCS3,4.9048223,0.79359806,9.351187276380569e-07,4.069009974171875e-05,0.38181818181818183,0.22405852072609048,0.15775966109209136
2,ICAM3,4.8942084,0.55012417,9.87022477892555e-07,4.263377643716427e-05,0.7159090909090909,0.5277702519642373,0.18813883894485361
2,RHOF,4.893701,0.7720752,9.895721552284195e-07,4.263377643716427e-05,0.425,0.26903278244378215,0.15596721755621784
2,GIMAP1,4.8814163,0.69837403,1.0532660439531892e-06,4.5111219228057924e-05,0.45454545454545453,0.2907071254402601,0.1638383291051944
2,TXN,4.872473,0.632972,1.1021018165773311e-06,4.695699953391071e-05,0.509090909090909,0.3378488214575996,0.17124208763330945
2,ANXA2,4.8629155,0.60288095,1.1566920167652235e-06,4.915490412024889e-05,0.5977272727272728,0.38580330533730695,0.21192396738996583
2,MVP,4.8521957,0.9432578,1.2210206226562056e-06,5.148741857545922e-05,0.325,0.17231102682199945,0.15268897317800056
2,TBCB,4.851223,0.7090502,1.2270245204577083e-06,5.160757886686007e-05,0.4431818181818182,0.28149552966675695,0.16168628851506123
2,AKIRIN1,4.8503985,0.90464896,1.2321370192247443e-06,5.1689727619323184e-05,0.3409090909090909,0.187483066919534,0.15342602398955688
2,LINC00861,4.8366337,0.7710415,1.320563460087223e-06,5.497643453050141e-05,0.4068181818181818,0.2416689244107288,0.165149257407453
2,H1FX,4.8320246,0.61305505,1.3515159657402419e-06,5.6122215013898724e-05,0.5386363636363637,0.3784882145759957,0.160148149060368
2,KARS,4.812995,0.7510291,1.4868489724603472e-06,6.096826074792918e-05,0.4068181818181818,0.24762936873476024,0.15918881308342156
2,SLC38A1,4.8109655,0.8061756,1.502030562613593e-06,6.143680508730249e-05,0.375,0.2167434299647792,0.1582565700352208
2,LRP10,4.7673035,0.802022,1.8670794749712484e-06,7.505475992630121e-05,0.36818181818181817,0.20536439989162827,0.1628174182901899
2,GUK1,4.763075,0.56130785,1.9066517342256158e-06,7.645766917565025e-05,0.7136363636363636,0.5285830398266053,0.18505332380975836
2,LEPROTL1,4.7541943,0.5732285,1.992392886110246e-06,7.931274941520616e-05,0.6,0.41018694120834465,0.18981305879165533
2,TIMP1,4.752186,0.70385504,2.0122941099693232e-06,7.991054352720412e-05,0.42954545454545456,0.2695746410186941,0.15997081352676046
2,PDCD5,4.748528,0.88985777,2.0490268093802047e-06,8.117222186021678e-05,0.3340909090909091,0.18396098618260634,0.15012992290830277
2,CSTB,4.733791,0.5408466,2.203650253603554e-06,8.687691999809096e-05,0.6659090909090909,0.4779192630723381,0.18798982783675278
2,IDS,4.7227325,0.63602436,2.3269687122250612e-06,9.121293378857448e-05,0.5022727272727273,0.34976971010566243,0.15250301716706488
2,SLC9A3R1,4.718652,0.77372223,2.374128734318493e-06,9.236946752144624e-05,0.37727272727272726,0.21701435925223517,0.1602583680204921
2,CLDND1,4.718419,1.1051519,2.3768440698324593e-06,9.236946752144624e-05,0.27045454545454545,0.12462747222974803,0.14582707322479743
2,NDUFB4,4.716495,0.58960354,2.399421947258671e-06,9.302593004525856e-05,0.5681818181818182,0.3998916282850176,0.1682901898968006
2,SVIP,4.705712,0.7464924,2.5298177278168323e-06,9.738905375249693e-05,0.3977272727272727,0.2405852072609049,0.1571420654663678
2,RGS14,4.6808677,0.9897076,2.8566307156785962e-06,0.00010971205431741201,0.2909090909090909,0.1427797344892983,0.1481293564197926
2,P4HB,4.675476,0.581513,2.932723291741558e-06,0.00011184681999110403,0.5454545454545454,0.37306962882687617,0.17238491662766925
2,KPNB1,4.666469,0.7247552,3.064199501872971e-06,0.00011621668479188951,0.4090909090909091,0.25900839880791116,0.15008251028299796
2,OCIAD2,4.660422,0.67751944,3.1556200742709105e-06,0.00011896105998881651,0.46136363636363636,0.2885396911406123,0.17282394522302408
2,ALOX5AP,4.6455364,0.66054225,3.391936026496663e-06,0.00012670197563815504,0.44545454545454544,0.2836629639664048,0.16179158148814066
2,NOL7,4.6362543,0.778492,3.5477909866404745e-06,0.00013162224111660953,0.37272727272727274,0.2197236521267949,0.15300362060047784
2,MYO1G,4.6353874,0.62780184,3.562692499681475e-06,0.00013187604522011,0.5136363636363637,0.333513952858304,0.18012241077805968
2,TRABD,4.6296787,0.77078605,3.6623337546842327e-06,0.00013525833535076463,0.38636363636363635,0.23164454077485777,0.15471909558877858
2,CLEC2D,4.6243505,0.56489486,3.757738591036011e-06,0.000138469281729595,0.6090909090909091,0.42264968843131945,0.18644122065958968
2,RWDD1,4.6199737,0.60918975,3.837884742978048e-06,0.0001407884131835512,0.5159090909090909,0.34976971010566243,0.16613938080342844
2,ORMDL1,4.6146455,0.6666914,3.937666679863201e-06,0.0001438039387259862,0.45454545454545453,0.291790842590084,0.16275461195537055
2,MBP,4.6102266,0.7491771,4.022304059334904e-06,0.00014656774324004092,0.37272727272727274,0.21809807640205905,0.15462919632521369
2,ANXA7,4.5857635,0.7061176,4.523309984204992e-06,0.00016445749922572864,0.40454545454545454,0.24952587374695204,0.1550195807985025
2,DUT,4.561469,0.65744877,5.079696520932526e-06,0.0001826569555581913,0.4409090909090909,0.2844757518287727,0.1564333390803182
2,LY6E,4.5472603,0.50785774,5.434872641745685e-06,0.0001945731975746196,0.6954545454545454,0.5269574641018694,0.16849708135267605
2,SMAP1,4.5291615,1.1390474,5.9218254170045265e-06,0.000211543636785177,0.2590909090909091,0.12218910864264428,0.13690180044826483
2,GCC2,4.507933,0.64508337,6.546222078768472e-06,0.0002333393015920065,0.46136363636363636,0.301815226225955,0.15954841013768134
2,FAM102A,4.498799,1.1316471,6.833844447924503e-06,0.00024253477009217526,0.25681818181818183,0.12029260363045245,0.13652557818772937
2,ARHGEF1,4.4944644,0.54766726,6.974524066052405e-06,0.0002469917494473667,0.5931818181818181,0.41939853698184776,0.17378328119997039
2,CCNG1,4.4896436,0.71034807,7.134240135912384e-06,0.000251558842378583,0.39545454545454545,0.2384177729612571,0.15703677249328835
2,LRRFIP1,4.4756255,0.52970785,7.618796390533691e-06,0.0002663485635588071,0.6409090909090909,0.4657274451368193,0.17518164577227158
2,HNRNPUL1,4.4621143,0.73391616,8.115482281578003e-06,0.00028310747464583734,0.37272727272727274,0.2218910864264427,0.15083618630083004
2,PSMA7,4.4524097,0.50404024,8.491200801927847e-06,0.00029558411983051383,0.775,0.5898130587916554,0.18518694120834467
2,DGKA,4.4480753,0.93058693,8.664324233470329e-06,0.00030097029465776657,0.28863636363636364,0.1438634516391222,0.14477291199724143
2,PTPN7,4.427333,0.8103693,9.540535539809164e-06,0.00033070487704834267,0.325,0.17583310755892712,0.1491668924410729
2,CCDC107,4.4242883,0.812176,9.676070379007521e-06,0.0003346938424332813,0.33181818181818185,0.18558656190734218,0.14623161991083966
2,STMN3,4.4228506,1.0709814,9.740710438327311e-06,0.00033621891029846654,0.26590909090909093,0.12950419940395558,0.13640489150513535
2,KIF2A,4.4007764,0.8854335,1.0786417647904824e-05,0.00037152964028920176,0.29772727272727273,0.15442969384990518,0.14329757887736755
2,SSB,4.389697,0.6345011,1.1350861206408836e-05,0.00038851765731810664,0.44772727272727275,0.29666756976429154,0.1510597029629812
2,TMED4,4.370372,0.82860124,1.240351635413549e-05,0.0004227790230625224,0.3181818181818182,0.176916824708751,0.14126499347306717
2,BTN3A2,4.3680882,0.720761,1.2533883950821848e-05,0.00042633446012348494,0.36818181818181817,0.22216201571389868,0.14601980246791949
2,CAMK4,4.345126,0.96283096,1.3919564648404942e-05,0.0004715072406057003,0.2727272727272727,0.13519371444053102,0.1375335582867417
2,VCP,4.344407,0.85342854,1.3965222269627296e-05,0.0004720764494904384,0.3181818181818182,0.18206448117041452,0.13611733701140366
2,NECAP2,4.332736,0.77886266,1.4726772398867975e-05,0.0004964382782498745,0.3386363636363636,0.19913302628014087,0.13950333735622275
2,C16orf54,4.33244,0.7485148,1.474659270395691e-05,0.0004964382782498745,0.3522727272727273,0.20997019777837983,0.14230252949434746
2,TOB1,4.3270907,0.83372545,1.5109187428779029e-05,0.000507600442550829,0.32954545454545453,0.19750745055540503,0.1320380039900495
2,EHD1,4.3245955,0.80706674,1.528119503332859e-05,0.0005123271146317399,0.32045454545454544,0.17664589542129505,0.14380865003325038
2,RAP1A,4.3073,0.5485488,1.6525942512046005e-05,0.0005495547671536274,0.5772727272727273,0.4009753454348415,0.1762973818378858
2,LYAR,4.291294,0.63656914,1.7763482441734988e-05,0.0005883164700996481,0.375,0.22758060146301815,0.14741939853698185
2,TSPYL2,4.2847185,0.8211944,1.829707563296645e-05,0.0006047645544059881,0.3181818181818182,0.17447846112164725,0.14370335706017093
2,MAP7D1,4.2700024,0.7562636,1.95470872867234e-05,0.0006409015933829289,0.3409090909090909,0.20238417772961256,0.13852491317947832
2,ABHD14B,4.254441,0.63255435,2.0957229472150316e-05,0.0006834176652480462,0.41363636363636364,0.260092115957735,0.15354424767862862
2,HLA-F,4.254314,0.57252175,2.096911362108179e-05,0.0006834176652480462,0.5,0.3405581143321593,0.15944188566784068
2,HNRNPF,4.2489643,0.5164282,2.1476108594228037e-05,0.0006985499258651389,0.5863636363636363,0.44188566784069355,0.14447796852294276
2,UFC1,4.2445664,0.5285821,2.190164568329543e-05,0.0007104401882199509,0.5909090909090909,0.4310484963424546,0.15986059456663632
2,NDUFA12,4.244292,0.5635189,2.1928506512503832e-05,0.0007104401882199509,0.5227272727272727,0.3798428610132755,0.14288441171399718
2,GSDMD,4.2377157,0.74143606,2.25805268101649e-05,0.0007301185753776836,0.3568181818181818,0.218639934976971,0.1381782468412108
2,EIF5B,4.212238,0.6366772,2.528533078109936e-05,0.0008127569683881466,0.4068181818181818,0.26713627743159035,0.13968190438659145
2,SEC11C,4.191728,0.81090015,2.7683752548185174e-05,0.000886367662310876,0.32727272727272727,0.19561094554321323,0.13166178172951404
2,NSMCE1,4.161535,0.71868193,3.161156346606351e-05,0.0010023193602098162,0.3431818181818182,0.20455161202926037,0.13863020615255783
2,KRTCAP2,4.160224,0.5267427,3.179355952999099e-05,0.001006140091818535,0.5681818181818182,0.4147927390950962,0.15338907908672206
2,SBDS,4.1517453,0.5972606,3.29949252405298e-05,0.0010421428028191274,0.43863636363636366,0.2991059333513953,0.13953043028496837
2,RHOH,4.1504135,0.5799182,3.318754432304951e-05,0.0010433467662058044,0.48409090909090907,0.32945001354646436,0.1546408955444447
2,SIGIRR,4.1492715,0.59561336,3.3353496112188905e-05,0.0010453956894473614,0.4409090909090909,0.28474668111622864,0.15616240979286228
2,ESYT1,4.135063,0.81623596,3.548573534076896e-05,0.001101673844232108,0.3090909090909091,0.1782714711460309,0.1308194379448782
2,NDFIP1,4.1177464,0.55516285,3.8259568469488416e-05,0.0011744180107491557,0.5136363636363637,0.3530208615551341,0.16061550208122954
2,PRRC2C,4.113644,0.5193773,3.894613563595065e-05,0.001193254166928443,0.55,0.39934976971010566,0.15065023028989438
2,ZC3HAV1,4.102079,0.7039015,4.094549620423994e-05,0.0012451845044564491,0.34545454545454546,0.20915740991601192,0.13629713553853354
2,XRCC6,4.0684814,0.53119355,4.732056516216432e-05,0.00141576328749167,0.5159090909090909,0.3673801137903007,0.14852897711879015
2,SEMA4D,4.0674243,0.74800825,4.753568876552727e-05,0.0014192178903153132,0.3181818181818182,0.18098076402059063,0.13720105416122755
2,TSC22D4,4.065986,0.5442776,4.782974528560384e-05,0.0014228044774868443,0.4863636363636364,0.3354104578704958,0.1509531784931406
2,CDC42SE2,4.0611653,0.51625663,4.882833554744686e-05,0.0014446300142708464,0.5409090909090909,0.3885125982118667,0.15239649269722422
2,CLPP,4.0560274,0.85584867,4.991436535200813e-05,0.0014714395162598287,0.2772727272727273,0.14630181522622596,0.13097091204650133
2,RSBN1,4.052856,0.9693247,5.059614128616024e-05,0.0014888551575231433,0.25227272727272726,0.1230018965050122,0.12927083076771506
2,SAFB2,4.0436797,0.90017134,5.2618805402452986e-05,0.0015373147771241666,0.2681818181818182,0.1416960173394744,0.1264858008423438
2,SSBP1,4.0243545,0.5379525,5.713186394423129e-05,0.0016543972141443684,0.5363636363636364,0.3817393660254674,0.154624270338169
2,METTL23,4.0209923,0.79531217,5.7953476983927256e-05,0.001675224093523028,0.29545454545454547,0.1633703603359523,0.13208418511859316
2,PIH1D1,4.0149665,0.83867806,5.9454258610342834e-05,0.0017112946629586426,0.2909090909090909,0.1625575724735844,0.1283515184355065
2,PSMF1,4.0110126,0.69532645,6.045889873171587e-05,0.001732343331260251,0.34545454545454546,0.21105391492820375,0.1344006305263417
2,UBE2N,4.0068684,0.59777313,6.152913227739347e-05,0.0017599268062769835,0.4159090909090909,0.27174207531834194,0.14416701559074896
2,GRAMD1A,4.001244,0.71307766,6.301030793752342e-05,0.0017960133243306979,0.32727272727272727,0.1926307233811975,0.13464200389152978
2,CDKN1B,3.9964232,0.8262457,6.430669049384261e-05,0.0018239230111430464,0.3,0.17474939040910323,0.12525060959089676
2,ARL4C,3.989319,0.5411468,6.626324613543696e-05,0.001875662577892533,0.45681818181818185,0.3099431048496342,0.14687507696854762
2,ORAI1,3.9874372,0.7970838,6.67908611787691e-05,0.0018873320893710555,0.2863636363636364,0.15361690598753724,0.13274673037609913
2,MFNG,3.9851115,0.6276238,6.744846367332725e-05,0.001902230619844601,0.39090909090909093,0.2552153887835275,0.13569370212556342
2,CCDC109B,3.9819398,0.5223871,6.83550730563555e-05,0.001921576203221705,0.5409090909090909,0.39799512327282577,0.14291396763626513
2,DNAJA1,3.9656382,0.5963324,7.31998733112462e-05,0.0020472190209321352,0.42045454545454547,0.2885396911406123,0.13191485431393318
2,CASP8,3.9630163,0.8471093,7.400875242956853e-05,0.0020663092124576293,0.27954545454545454,0.1509076131129775,0.12863784143247703
2,PRDX1,3.9597178,0.5595332,7.503838459565037e-05,0.0020914872408337917,0.4681818181818182,0.31861284204822543,0.14956897613359277
2,SNRPN,3.953417,0.52784353,7.704301210959292e-05,0.0021437087093963436,0.5204545454545455,0.3519371444053102,0.1685174010492353
2,EZR,3.9469047,0.5594142,7.916805838977878e-05,0.002199097798497743,0.45227272727272727,0.3037117312381468,0.14856099603458045
2,CITED2,3.9105585,0.6447913,9.20829305300375e-05,0.0025363111555588274,0.4090909090909091,0.291519913302628,0.11757099578828112
2,FYN,3.901361,0.5616457,9.565336947515026e-05,0.0026258133858774054,0.4113636363636364,0.27445136819290167,0.1369122681707347
2,XBP1,3.8824162,0.508316,0.00010342365287971527,0.002820190641275036,0.4727272727272727,0.3394743971823354,0.1332528755449373
2,PPP1R2,3.862076,0.50152093,0.00011242760901989333,0.0030353599194298266,0.5454545454545454,0.38878352749932266,0.15667101795522276
2,SELK,3.8553734,0.51440674,0.00011555313643758337,0.0031146043908654064,0.5045454545454545,0.3584394473042536,0.14610600724120093
2,ZAP70,3.8340816,0.61497045,0.00012603430019685183,0.0033859559696563096,0.3409090909090909,0.20536439989162827,0.1355446910174626
2,RNF126,3.8296204,0.6809121,0.00012834114777443288,0.0034422778995696663,0.32727272727272727,0.197778379842861,0.12949434742986626
2,TERF2IP,3.825455,0.538965,0.00013053080440675048,0.0034895661615994195,0.46136363636363636,0.3313465185586562,0.13001711780498015
2,EAPP,3.8230867,0.63814354,0.00013179133321389717,0.0035175171332994643,0.3522727272727273,0.21945272283933892,0.13282000443338837
2,HIST1H4C,3.819133,0.5866413,0.0001339215638070418,0.0035685516375358484,0.3977272727272727,0.2649688431319426,0.13275842959533013
2,RNF213,3.8137412,0.5076526,0.00013687874638334936,0.003641419787931673,0.4772727272727273,0.3256570035220807,0.15161572375064658
2,LEF1,3.785028,0.50043607,0.00015369121765549456,0.0040361830049142,0.4,0.24925494445949606,0.15074505554050396
2,IK,3.7637997,0.55340135,0.00016735090523113048,0.0043668710693565,0.42272727272727273,0.28691411541587647,0.13581315731139626
2,EIF4H,3.7608397,0.5355639,0.00016934397428991987,0.004404827922666739,0.45227272727272727,0.3072338119750745,0.14503891529765278
2,EIF3I,3.7537775,0.52222794,0.00017418941114705945,0.004509355942685189,0.4772727272727273,0.33378488214575996,0.14348784512696733
2,DGKZ,3.7502677,0.5806161,0.00017664584486666278,0.004565723014002322,0.37727272727272726,0.24356542942292062,0.13370729784980664
2,MACF1,3.7440302,0.6573402,0.00018109176432875,0.0046658934743034315,0.32045454545454544,0.19019235979409374,0.1302621856604517
2,PARP1,3.7319996,0.5891525,0.00018996583838967268,0.004886841323731816,0.35909090909090907,0.22568409645082632,0.13340681264008275
2,IL27RA,3.681593,0.6684643,0.00023178135476494807,0.005870239543822469,0.3159090909090909,0.19208886480628556,0.12382022610280535
2,AKAP9,3.6645932,0.5924464,0.00024773195731179494,0.006254849619719564,0.3659090909090909,0.2343538336494175,0.1315552572596734
2,CNN2,3.6501098,0.51414067,0.0002621282414742822,0.006587834345254578,0.47954545454545455,0.3457057707938228,0.13383968375163174
2,TNFRSF14,3.632497,0.5369271,0.00028069179213394927,0.007032769389132533,0.42045454545454547,0.2844757518287727,0.13597879362577275
2,MPHOSPH8,3.6295793,0.5281063,0.0002838836153469342,0.007091022642276627,0.425,0.291790842590084,0.133209157409916
2,TECR,3.6271265,0.5339505,0.00028659287170627103,0.007145672229501998,0.4159090909090909,0.28583039826605255,0.13007869264303834
2,SYTL1,3.6112263,0.56237936,0.00030475244343299067,0.007566092150238483,0.39090909090909093,0.26225955025738285,0.12864954065170808
2,RILPL2,3.5996397,0.68145424,0.0003186584646859783,0.007863606547099987,0.29545454545454547,0.17583310755892712,0.11962143789561835
2,M6PR,3.562638,0.5054175,0.0003671466862596857,0.0088990917539181,0.4431818181818182,0.32159306421024114,0.12158875397157703
2,SH3BP5,3.5496347,0.6697683,0.0003857660961561526,0.009281645734133547,0.29772727272727273,0.17935518829585478,0.11837208443141795
2,RPA2,3.538344,0.5859377,0.00040264526798064964,0.009645211170470585,0.3386363636363636,0.21511785424004334,0.12351850939632028
2,RASA3,3.5140073,0.7004858,0.000441400444061535,0.010527336246779553,0.27045454545454545,0.15307504741262531,0.11737949804192013
2,STAT1,3.508045,0.73410803,0.00045141284754460746,0.010734833719007736,0.29545454545454547,0.18477377404497425,0.11068077140957122
2,IDH2,3.5062478,0.60714155,0.0004544720933892456,0.010776257854987604,0.33636363636363636,0.21511785424004334,0.12124578212359302
2,ATP2B1,3.5000525,0.6431335,0.00046516642081425094,0.010997959264366993,0.3068181818181818,0.1885667840693579,0.11825139774882393
2,RNASEH2B,3.492927,0.7057552,0.0004777568795914552,0.0112468781395623,0.28863636363636364,0.17420753183419127,0.11442883180217236
2,TMED9,3.4909184,0.54881626,0.00048136313373924175,0.011315491711361687,0.3931818181818182,0.2676781360065023,0.12550368217531588
2,TCEAL8,3.484829,0.6986524,0.0004924515308712716,0.01154195854870322,0.2772727272727273,0.16418314819832025,0.11308957907440703
2,CDC26,3.4844697,0.68497163,0.0004931134420599933,0.01154195854870322,0.29545454545454547,0.1815226225955026,0.11393192285904288
2,TBCC,3.4798815,0.6959826,0.0005016357496922302,0.011674626601300966,0.2863636363636364,0.17258195610945543,0.11378168025418095
2,FDPS,3.4222224,0.68501115,0.0006211148525097222,0.014133602367053636,0.275,0.16228664318612843,0.1127133568138716
2,TMCO1,3.4153295,0.56538635,0.0006370488842682477,0.014424940220663261,0.3613636363636364,0.24410728799783257,0.11725634836580381
2,FAM50A,3.4153085,0.7211109,0.0006370983414198183,0.014424940220663261,0.2636363636363636,0.15307504741262531,0.1105613162237383
2,SEPW1,3.4108682,0.5078791,0.0006475638360262679,0.01461350609824244,0.3977272727272727,0.2755350853427255,0.12219218738454718
2,P2RY8,3.392896,0.64180285,0.000691578854327029,0.01545754321809361,0.2909090909090909,0.17529124898401519,0.11561784192507571
2,G3BP1,3.38317,0.68516463,0.0007165429186779154,0.015928476484360563,0.275,0.16309943104849633,0.11190056895150369
2,RNF166,3.3751776,0.6295222,0.000737680818509852,0.016309724150864444,0.30454545454545456,0.1907342183690057,0.11381123617644887
2,NUCB1,3.3680944,0.6119419,0.0007568967723361745,0.016577761836937283,0.3090909090909091,0.19615280411812516,0.11293810497278392
2,PPP1R12A,3.3663607,0.5532522,0.0007616706707442042,0.01664670568016296,0.35454545454545455,0.23408290436196152,0.12046255018349303
2,URI1,3.36524,0.7711107,0.0007647710977924108,0.016683226574642177,0.25,0.14359252235166622,0.10640747764833378
2,EMC4,3.357311,0.6379167,0.0007870450875841376,0.017032863330640313,0.3068181818181818,0.1969655919804931,0.10985258983768872
2,MDH1,3.31847,0.581432,0.0009051204444451367,0.01910796850524759,0.33181818181818185,0.21620157138986723,0.11561661042831461
2,SIVA1,3.3169053,0.50245196,0.0009102044200600599,0.01919053417087969,0.39545454545454545,0.2739095096179897,0.12154503583655574
2,TMC8,3.2754002,0.54130924,0.0010551239731761966,0.021990934172147453,0.32954545454545453,0.20780276347873206,0.12174269106672247
2,CCM2,3.2716577,0.5996832,0.0010691893007038185,0.022199246381745145,0.3068181818181818,0.19642373340558114,0.11039444841260068
2,PTGER4,3.2401958,0.6077111,0.00119447638608892,0.024437594310555186,0.3,0.1907342183690057,0.10926578163099429
2,PPP1R7,3.2400901,0.68578523,0.0011949193477442791,0.024437594310555186,0.275,0.16905987537252776,0.10594012462747227
2,VOPP1,3.238441,0.69504553,0.0012018492287761112,0.024503831294820005,0.25681818181818183,0.1519913302628014,0.10482685155538043
2,GSPT1,3.2071059,0.7057708,0.0013407765458698657,0.027054602459191595,0.25681818181818183,0.1541587645624492,0.10265941725573263
2,SSBP4,3.2037652,0.62359124,0.0013564308238087535,0.027330744714698294,0.29318181818181815,0.18829585478190192,0.10488596339991624
2,HSPB1,3.2015238,0.53060675,0.0013670273720818224,0.02749473258875647,0.3568181818181818,0.24546193443511244,0.11135624738306937
2,GRAP2,3.1686454,0.6554042,0.0015315114621603666,0.030262148589862026,0.25227272727272726,0.14305066377675427,0.10922206349597299
2,C19orf66,3.15431,0.54978687,0.001608781567703065,0.031674218085667685,0.30454545454545456,0.1915470062313736,0.11299844831408096
2,SPSB3,3.1515188,0.6067441,0.0016242364263760684,0.03190171929404424,0.28863636363636364,0.1801679761582227,0.10846838747814094
2,ILF2,3.140376,0.57085866,0.0016873103133998302,0.03306117848806542,0.30227272727272725,0.1926307233811975,0.10964200389152975
2,REST,3.1320455,0.6619899,0.0017359296087377015,0.03389180561817723,0.27045454545454545,0.17041452180980765,0.1000400236447378
2,MED10,3.122425,0.5059737,0.0017936773448546468,0.03464740854683221,0.35454545454545455,0.24546193443511244,0.10908352011034211
2,NOP56,3.0916822,0.5762768,0.0019902587453177714,0.037996059897484315,0.2818181818181818,0.17529124898401519,0.10652693283416662
2,PSMC1,3.083753,0.5700128,0.0020440710151364014,0.038887262649589145,0.2909090909090909,0.18369005689515036,0.10721903401394053
2,UPP1,3.0784037,0.5610662,0.002081127022724724,0.039500370323432954,0.275,0.16824708751015985,0.10675291248984017
2,SNX6,3.0709612,0.51007056,0.0021337086957861316,0.04031132560249065,0.35,0.2416689244107288,0.10833107558927119
2,SLC3A2,3.0632648,0.5880255,0.0021893617310945216,0.04117258308326146,0.2818181818181818,0.1790842590083988,0.102733922809783
2,MAT2B,3.0580213,0.5622638,0.0022280378989118863,0.04185181178426794,0.3068181818181818,0.20536439989162827,0.10145378192655355
2,SCAMP2,3.03766,0.5943937,0.002384229571093832,0.044327704559847934,0.27954545454545454,0.17935518829585478,0.10019026624959976
2,HEBP2,3.0326276,0.6168736,0.002424345919920234,0.044971341945368414,0.27045454545454545,0.17366567325927934,0.0967888721952661
3,RPL32,37.009758,0.69637513,7.978739751733063e-300,1.3054016107810464e-295,1.0,0.99967277486911,0.0003272251308900076
3,RPS6,36.525772,0.8495828,4.324243829143996e-292,3.5374476644312456e-288,1.0,0.9993455497382199,0.0006544502617801262
3,RPL21,36.475197,0.6401977,2.7429643175177516e-291,1.4959213066302643e-287,1.0,0.9993455497382199,0.0006544502617801262
3,RPL31,36.256546,0.9309974,7.836193999676679e-288,3.2051992507177535e-284,0.9990697674418605,0.9960732984293194,0.0029964690125411364
3,RPS14,36.0673,0.6620992,7.387153575546843e-285,2.417224392990438e-281,1.0,1.0,0.0
3,RPL34,35.175106,0.64717424,4.804672758293349e-271,1.3101541833072914e-267,1.0,0.9993455497382199,0.0006544502617801262
3,RPS3A,34.795216,0.6295013,2.8732684507460584e-265,6.715649303236608e-262,1.0,1.0,0.0
3,RPS15A,34.347652,0.65007085,1.5267155653091027e-258,3.1223241705027784e-255,1.0,0.99967277486911,0.0003272251308900076
3,RPL35A,34.12108,0.6970549,3.5917539659092833e-255,6.529409626249087e-252,1.0,0.9983638743455497,0.00163612565445026
3,RPS25,33.762074,0.8235284,7.109413973568077e-250,1.163171220215473e-246,1.0,0.9964005235602095,0.0035994764397905277
3,RPS13,33.68055,0.7144352,1.1138608769075108e-248,1.656716164280344e-245,1.0,0.9983638743455497,0.00163612565445026
3,RPS27,33.258648,0.733333,1.5308255540568397e-242,2.0871530741603294e-239,1.0,1.0,0.0
3,RPS12,33.022095,0.73274827,3.913986834299407e-239,4.574052756855185e-236,1.0,0.9990183246073299,0.0009816753926701338
3,RPL3,32.812572,0.80684054,3.8966880288286104e-236,3.9846070524790558e-233,1.0,0.9983638743455497,0.00163612565445026
3,RPS27A,32.41438,0.64708436,1.7214880220559908e-230,1.656780325226945e-227,1.0,0.9990183246073299,0.0009816753926701338
3,RPS29,32.110188,0.8287537,3.177787200949486e-226,2.888432021929697e-223,1.0,0.99967277486911,0.0003272251308900076
3,RPL30,31.75456,0.76739806,2.746837428727145e-221,2.365316166916043e-218,1.0,0.9964005235602095,0.0035994764397905277
3,RPLP2,31.660337,0.63956606,5.4650131885568854e-220,4.470654038898961e-217,1.0,0.9993455497382199,0.0006544502617801262
3,RPL9,31.532667,0.6849347,3.0993112741716005e-218,2.414658655081979e-215,1.0,0.9977094240837696,0.0022905759162303863
3,RPL13,31.375458,0.5665466,4.374920317289872e-216,3.2535486959627085e-213,1.0,1.0,0.0
3,RPL11,31.07296,0.613176,5.587044411625401e-212,3.974331896461008e-209,1.0,0.9980366492146597,0.0019633507853402676
3,RPL19,30.887058,0.6520229,1.7823246136006985e-209,1.2150255417967095e-206,1.0,0.9980366492146597,0.0019633507853402676
3,JUNB,30.828382,1.5055867,1.0918399827006422e-208,7.145437582786082e-206,0.9934883720930232,0.9375,0.05598837209302321
3,RPS28,30.660913,0.5501066,1.8905384882205978e-206,1.1896577002222001e-203,1.0,0.9993455497382199,0.0006544502617801262
3,EEF1A1,29.292898,0.5468554,1.2773207858058142e-188,7.463659063060331e-186,1.0,1.0,0.0
3,RPL7,29.149439,0.5158436,8.491862610488462e-187,4.79087462655868e-184,1.0,0.99967277486911,0.0003272251308900076
3,RPS3,29.11275,0.70218474,2.4758710623297224e-186,1.3502575483592196e-183,1.0,0.9983638743455497,0.00163612565445026
3,LDHB,28.885937,1.8447376,1.7933393283142682e-183,9.46478217759669e-181,0.933953488372093,0.6236910994764397,0.3102623888956533
3,RPS20,28.019728,0.74827296,9.343419009230711e-173,4.6323538912128385e-170,0.9990697674418605,0.9908376963350786,0.008232071106781924
3,RPS23,27.866636,0.62032217,6.772321871454534e-171,3.2588811217314014e-168,1.0,0.9983638743455497,0.00163612565445026
3,RPS5,27.325863,0.80363727,2.0908768199764748e-164,9.502454347676419e-162,0.9990697674418605,0.987565445026178,0.011504322415682444
3,RPS18,27.06899,0.5899223,2.283085348635699e-161,9.577835740776582e-159,1.0,1.0,0.0
3,RPS4X,27.040627,0.60325223,4.923277107500767e-161,2.0137434188955015e-158,1.0,0.9967277486910995,0.00327225130890052
3,RPL38,26.742455,0.6487754,1.5113021868116168e-157,5.887241685339253e-155,1.0,0.9928010471204188,0.007198952879581166
3,NPM1,26.596752,1.11314,7.40154574985556e-156,2.8162020933345773e-153,0.9767441860465116,0.8861256544502618,0.09061853159624977
3,RPL14,26.34416,0.63972765,5.987402260958286e-153,2.176886408700856e-150,1.0,0.9918193717277487,0.0081806282722513
3,RPS16,26.315483,0.600281,1.2753434544421297e-152,4.5360639691581927e-150,1.0,0.9967277486910995,0.00327225130890052
3,RPS8,26.312689,0.61464137,1.3728174526850819e-152,4.7788651794426856e-150,1.0,0.9970549738219895,0.0029450261780105125
3,RPL4,26.272818,0.76682746,3.922379586473588e-152,1.3096745390672322e-149,0.9990697674418605,0.9806937172774869,0.018376050164373603
3,RPL22,25.929409,0.71162915,3.104433535536353e-148,9.767622514405823e-146,1.0,0.9833115183246073,0.01668848167539272
3,SARAF,25.823204,1.2989913,4.8671395879440544e-147,1.502476807516088e-144,0.947906976744186,0.7765052356020943,0.17140174114209172
3,EEF1B2,24.818117,1.0050772,5.715251445026566e-136,1.7001314344014482e-133,0.9888372093023255,0.9060863874345549,0.08275082186777061
3,RPL10A,24.727938,0.6353573,5.3557498647106695e-135,1.5372881322198468e-132,0.9990697674418605,0.9914921465968587,0.007577620845001798
3,LEF1,24.503681,2.9840624,1.349520409072793e-132,3.80681093324827e-130,0.6158139534883721,0.14201570680628273,0.47379824668208936
3,RPL36,24.399931,0.55275106,1.7130840678585105e-131,4.750469226141202e-129,1.0,0.9977094240837696,0.0022905759162303863
3,TRAC,24.370556,2.0522897,3.510739375371133e-131,9.573201153407851e-129,0.9404651162790698,0.487238219895288,0.45322689638378183
3,RPL5,23.68995,0.6948995,4.576975236030853e-124,1.1700608099484496e-121,0.9972093023255814,0.9803664921465969,0.01684281017898448
3,CD3E,23.359015,1.8558204,1.1160747982836186e-120,2.608585682102612e-118,0.8697674418604651,0.44142670157068065,0.4283407402897844
3,RPL18,23.162157,0.5207779,1.0964889448354487e-118,2.49161883700733e-116,1.0,0.9964005235602095,0.0035994764397905277
3,RPS10,22.65198,0.62013835,1.3338283185297782e-113,2.90970201592876e-111,0.9962790697674418,0.9829842931937173,0.013294776573724576
3,RPL23A,22.479694,0.6060218,6.5588227182114675e-112,1.3757551088802283e-109,1.0,0.9983638743455497,0.00163612565445026
3,CCR7,22.445667,2.8027325,1.4107349449156798e-111,2.9216499283247384e-109,0.5813953488372093,0.13841623036649214,0.4429791184707172
3,RPS21,21.52411,0.59758353,9.2577737540849e-103,1.8471516632997932e-100,0.9962790697674418,0.9865837696335078,0.009695300133934048
3,CD3D,21.47205,1.7610499,2.842004615294849e-102,5.602173194076991e-100,0.8930232558139535,0.46236910994764396,0.4306541458663095
3,TCF7,20.819008,1.98455,2.911484260868509e-96,5.4130447718261e-94,0.653953488372093,0.2696335078534031,0.3843199805186899
3,NOSIP,20.615505,1.695152,1.9923184414598293e-94,3.5820134088707986e-92,0.7339534883720931,0.3933246073298429,0.34062888104225014
3,TRBC2,19.503485,1.5934432,1.0255143920160597e-84,1.694792016946945e-82,0.7823255813953488,0.487565445026178,0.2947601363691708
3,RPSA,19.370626,0.8018133,1.3658796372587952e-83,2.2347156745191147e-81,0.998139534883721,0.9554973821989529,0.04264215268476812
3,CD7,19.36578,1.6075279,1.5006722202356703e-83,2.430940415373842e-81,0.7497674418604651,0.3717277486910995,0.3780396931693656
3,LEPROTL1,18.771875,1.618776,1.282769812491849e-78,1.9614389628204806e-76,0.6613953488372093,0.34914921465968585,0.31224613417752345
3,PABPC1,18.112917,0.5622538,2.5203506512999627e-73,3.5856919135581466e-71,0.9869767441860465,0.9685863874345549,0.018390356751491588
3,GLTSCR2,18.076317,0.77399313,4.897287630012642e-73,6.907286458158348e-71,0.9646511627906976,0.8890706806282722,0.07558048216242541
3,BTG1,18.059874,0.7311569,6.597307865083788e-73,9.225517434242381e-71,0.9832558139534884,0.9391361256544503,0.04411968829903812
3,EIF3E,18.059265,0.8093919,6.670553009384573e-73,9.248891337842457e-71,0.9209302325581395,0.8304973821989529,0.09043285035918669
3,CD27,17.96693,1.6591777,3.537540477976697e-72,4.863672248754348e-70,0.6427906976744187,0.2941753926701571,0.3486153050042616
3,RPS4Y1,17.658844,0.73709506,8.700377584761808e-70,1.1387750213143036e-67,0.9637209302325581,0.8844895287958116,0.07923140143674656
3,LDLRAP1,17.410416,2.29961,6.878366511565756e-68,8.656688807363642e-66,0.4855813953488372,0.14888743455497383,0.3366939607938634
3,PIK3IP1,16.856398,1.8140506,9.415717070294163e-64,1.1327246101991383e-61,0.5506976744186046,0.23462041884816753,0.3160772555704371
3,LCK,16.85332,1.3557609,9.918771751793862e-64,1.184533026504375e-61,0.7423255813953489,0.41361256544502617,0.3287130159503227
3,C6orf48,16.609335,1.1972655,5.965022740772532e-62,6.921541635587192e-60,0.7311627906976744,0.49836387434554974,0.23279891635212469
3,RGS10,16.464228,1.4012011,6.630451321764427e-61,7.639493948970972e-59,0.6409302325581395,0.36714659685863876,0.27378363569950076
3,CD3G,16.015163,1.5529764,1.0014259140730437e-57,1.0996194214865146e-55,0.6037209302325581,0.28304973821989526,0.32067119201266286
3,HSPA8,15.82672,0.9535139,2.0355925417284754e-56,2.134892921488435e-54,0.881860465116279,0.694371727748691,0.18748873736758798
3,GYPC,15.565789,1.3138275,1.243279529226991e-54,1.247932293109374e-52,0.6548837209302325,0.3867801047120419,0.2681036162181906
3,RPLP0,15.397994,0.5719854,1.6882553022133727e-53,1.6441395833043446e-51,0.9934883720930232,0.9620418848167539,0.03144648727626931
3,EEF2,15.195323,0.56979567,3.7978454835316976e-52,3.6337163716995384e-50,0.986046511627907,0.943717277486911,0.042329234140995986
3,LTB,14.9745455,1.2279284,1.0770128531348197e-50,9.955371350360895e-49,0.9544186046511628,0.7156413612565445,0.23877724339461825
3,FLT3LG,14.791974,1.878798,1.6504137079921774e-49,1.475542004178143e-47,0.4641860465116279,0.1793193717277487,0.2848666747838792
3,DNAJB1,14.768976,1.4543725,2.322140165626104e-49,2.064811698359168e-47,0.5609302325581396,0.2859947643979058,0.2749354681602338
3,MAL,14.385548,2.1565583,6.377153601070576e-47,5.434198440995609e-45,0.4130232558139535,0.12598167539267016,0.28704158042128336
3,CD69,14.213605,1.0720581,7.543969477068078e-46,6.245605196549353e-44,0.7795348837209303,0.5301047120418848,0.24943017167904546
3,RPL17,14.213471,0.52409124,7.558400030051781e-46,6.245605196549353e-44,0.9739534883720931,0.9319371727748691,0.04201631559722396
3,SNHG8,13.714933,0.9181882,8.264185022916902e-43,6.595625910241143e-41,0.7376744186046512,0.5723167539267016,0.16535766467794966
3,LBH,13.561129,1.2334123,6.808083837514724e-42,5.355147099306654e-40,0.5934883720930233,0.34653141361256545,0.24695695848045784
3,AES,13.54595,0.9548239,8.372390321133438e-42,6.491975262751857e-40,0.786046511627907,0.5706806282722513,0.21536588335565565
3,EVL,13.429414,0.9053685,4.066176034548221e-41,3.1233195352696455e-39,0.8204651162790698,0.6171465968586387,0.2033185194204311
3,LAT,13.412125,1.304441,5.13466212099353e-41,3.925617147737157e-39,0.5627906976744186,0.30039267015706805,0.26239802751735053
3,SLC2A3,13.338522,1.1635348,1.3817198651092458e-40,1.0275599415023804e-38,0.6176744186046511,0.39267015706806285,0.22500426153658826
3,TMEM123,13.051679,0.949437,6.216229016207823e-39,4.48034021736459e-37,0.6948837209302325,0.49836387434554974,0.1965198465846828
3,IL7R,12.880762,1.1949844,5.776219771573668e-38,4.038663747124649e-36,0.6186046511627907,0.3219895287958115,0.29661512236697923
3,TRABD2A,12.728518,2.4298227,4.1055960335080325e-37,2.787205672374478e-35,0.3395348837209302,0.08409685863874346,0.25543802508218677
3,FOXP1,12.470337,1.1664246,1.0836726616140518e-35,7.091987366667001e-34,0.5693023255813954,0.35732984293193715,0.21197248264945823
3,JUN,12.4091625,0.8094992,2.3307861340228187e-35,1.5072724086461397e-33,0.9367441860465117,0.8167539267015707,0.11999025934494101
3,RCAN3,12.379951,1.7355481,3.355508053628387e-35,2.1613963490320488e-33,0.4018604651162791,0.16295811518324607,0.23890234993303303
3,FHIT,12.04891,2.8096242,1.9653158786336417e-33,1.2319744479051727e-31,0.3013953488372093,0.058900523560209424,0.2424948252769999
3,BTG2,11.53506,0.8590764,8.782562818414884e-31,5.168759362305248e-29,0.6846511627906977,0.5173429319371727,0.16730823085352498
3,IFITM1,11.484515,1.0279788,1.5781816414586478e-30,9.221653512823191e-29,0.5925581395348837,0.34293193717277487,0.2496262023621088
3,OXNAD1,11.474927,2.176654,1.763273211419605e-30,1.0266517086133865e-28,0.3218604651162791,0.09325916230366492,0.22860130281261415
3,AAK1,11.386785,1.1268386,4.866150193501192e-30,2.764412615134479e-28,0.5274418604651163,0.3131544502617801,0.2142874102033362
3,RHOH,11.284149,1.1517284,1.5715547526582797e-29,8.80555044802812e-28,0.5116279069767442,0.28763089005235604,0.22399701692438817
3,CLEC2D,11.208495,0.9820892,3.7043933530393404e-29,2.0685180767602952e-27,0.5990697674418605,0.387434554973822,0.21163521246803846
3,CXCR4,10.9368,0.77744275,7.686492973587467e-28,4.1780302837496534e-26,0.7804651162790698,0.5903141361256544,0.19015098015341536
3,BCL11B,10.924937,1.7504869,8.76010364621815e-28,4.745829660787256e-26,0.3497674418604651,0.13416230366492146,0.21560513819554364
3,TRBC1,10.809649,1.2659297,3.0985043218434425e-27,1.6512908537355231e-25,0.4967441860465116,0.29352094240837695,0.20322324363813465
3,ZFP36L2,10.805205,0.62823826,3.25230167149711e-27,1.7276268716676694e-25,0.8827906976744186,0.7797774869109948,0.10301321076342385
3,RGCC,10.790546,1.4643029,3.815127204520381e-27,2.0135256836502566e-25,0.38883720930232557,0.17146596858638743,0.21737124071593814
3,TRAT1,10.636711,1.5235822,2.011020530688316e-26,1.0379276625423199e-24,0.3730232558139535,0.16034031413612565,0.21268294167782786
3,SOCS3,10.592069,1.5067003,3.243446694037777e-26,1.663511954895049e-24,0.38790697674418606,0.18913612565445026,0.1987708510897358
3,STAT3,10.444507,1.2392939,1.552606183117119e-25,7.792082749073369e-24,0.4288372093023256,0.24345549738219896,0.18538171192012665
3,ST13,10.422965,0.7967875,1.9478328265509741e-25,9.716003925366001e-24,0.6427906976744187,0.4895287958115183,0.15326190186290034
3,CAMK4,10.357361,2.0024004,3.875058835078007e-25,1.8813008190122042e-23,0.3032558139534884,0.09587696335078534,0.20737885060270306
3,GIMAP7,10.288857,0.89096653,7.910932469369774e-25,3.7625222712604323e-23,0.5972093023255814,0.39856020942408377,0.19864909290149768
3,LINC00861,10.183397,1.282736,2.3520445076693627e-24,1.1026303779363452e-22,0.40930232558139534,0.20647905759162305,0.2028232679897723
3,CD8B,10.175458,1.757239,2.551956369782035e-24,1.189531571681022e-22,0.3395348837209302,0.14397905759162305,0.19555582612930716
3,RP11-347P5.1,10.081073,0.77850413,6.699055065191808e-24,3.061543014569921e-22,0.666046511627907,0.5140706806282722,0.15197583099963474
3,CMPK1,10.049423,0.77889836,9.24070298746481e-24,4.1996428216086595e-22,0.64,0.4849476439790576,0.15505235602094242
3,ACTN1,10.043432,1.7093972,9.819713147066676e-24,4.438130574562373e-22,0.32,0.12009162303664922,0.1999083769633508
3,MGAT4A,9.938357,1.3274263,2.834621199144523e-23,1.263684943847508e-21,0.38232558139534883,0.19208115183246074,0.1902444295628881
3,SNRPN,9.854512,0.95835465,6.553408476550421e-23,2.882266561420469e-21,0.5032558139534884,0.3229712041884817,0.1802846097650067
3,TSC22D3,9.851851,0.63832104,6.729291397804771e-23,2.9516873072247687e-21,0.8223255813953488,0.6897905759162304,0.13253500547911845
3,EIF4A2,9.804101,0.56912947,1.0810527411305847e-22,4.691539495394561e-21,0.8241860465116279,0.7159685863874345,0.10821746012419331
3,ZNF331,9.609444,1.469995,7.294235208095636e-22,3.0444128122360385e-20,0.3469767441860465,0.15706806282722513,0.18990868135882139
3,OCIAD2,9.499582,1.0665071,2.1073431623565203e-21,8.750822710486048e-20,0.44558139534883723,0.2581806282722513,0.18740076707658593
3,C12orf57,9.444131,0.76080173,3.583647849521529e-21,1.4658015616505435e-19,0.6093023255813953,0.45157068062827227,0.15773164495312303
3,CD2,9.433309,0.8774266,3.9735296448034895e-21,1.6212199131827904e-19,0.546046511627907,0.32460732984293195,0.22143918178497501
3,SATB1,9.335593,1.4543322,1.0042730550754623e-20,4.0470225256378423e-19,0.33488372093023255,0.149869109947644,0.18501461098258856
3,TXK,9.23147,1.8200788,2.6694183054391484e-20,1.0600571091089783e-18,0.28,0.0906413612565445,0.18935863874345554
3,IL32,9.153498,0.9077678,5.511958300415236e-20,2.173039753086595e-18,0.8502325581395349,0.5261780104712042,0.32405454766833075
3,NUCB2,8.943988,1.2323089,3.753729380231857e-19,1.451885730259419e-17,0.36372093023255814,0.18357329842931938,0.18014763180323876
3,HSPB1,8.743667,1.1085818,2.256654040145125e-18,8.410277164194623e-17,0.38325581395348834,0.2130235602094241,0.17023225374406425
3,FYB,8.614003,0.6342988,7.055260947868107e-18,2.6056687216268646e-16,0.7041860465116279,0.5618455497382199,0.142340496773408
3,NBEAL1,8.584419,0.5089156,9.129611335399939e-18,3.3267165046431716e-16,0.8130232558139535,0.7094240837696335,0.10359917204432001
3,ATM,8.233088,0.7775461,1.824494390848739e-16,6.154753139933241e-15,0.5013953488372093,0.35242146596858637,0.1489738828686229
3,TECR,8.072206,0.94414943,6.903969758325121e-16,2.2501165182461616e-14,0.4111627906976744,0.2604712041884817,0.15069158650919273
3,CD6,8.048806,1.152466,8.360574787478292e-16,2.7140350019431018e-14,0.3404651162790698,0.17768324607329844,0.16278187020577134
3,ETS1,8.0001335,0.87785333,1.2428392085861751e-15,3.9870769199369434e-14,0.4409302325581395,0.28206806282722513,0.15886216973091438
3,SPOCK2,7.974029,0.96027917,1.5358355223701676e-15,4.9077744104488887e-14,0.39348837209302323,0.23232984293193717,0.16115852916108606
3,PRMT9,7.9106393,1.2960361,2.56070007620676e-15,8.150897655023113e-14,0.31069767441860463,0.15706806282722513,0.1536296115913795
3,SERINC5,7.871586,1.4921052,3.501731541985149e-15,1.1041512506078417e-13,0.2753488372093023,0.12140052356020943,0.1539483136490929
3,RSL1D1,7.651864,0.58727115,1.9808695303198223e-14,5.924864055861538e-13,0.6111627906976744,0.48920157068062825,0.12196122001704618
3,SEPT9,7.55061,0.59352535,4.332235577925598e-14,1.2679732788987605e-12,0.6232558139534884,0.49607329842931935,0.12718251552416904
3,NDFIP1,7.3900557,0.7433596,1.4676762871934276e-13,4.1472628212040874e-12,0.4595348837209302,0.3386780104712042,0.120856873249726
3,EIF4B,7.3774343,0.5134445,1.6136928623267516e-13,4.520826869953421e-12,0.6493023255813953,0.5608638743455497,0.0884384512358456
3,PIM2,7.3220277,1.0856937,2.4425162240254567e-13,6.796259853959269e-12,0.3283720930232558,0.1881544502617801,0.14021764276147572
3,SOD1,7.287122,0.5206099,3.166462781106781e-13,8.780762298591193e-12,0.6595348837209303,0.5520287958115183,0.10750608790941196
3,SELL,7.2367105,0.52737844,4.596972360694076e-13,1.2683147519952068e-11,0.7330232558139534,0.6007853403141361,0.13223791549981734
3,SUSD3,6.971974,1.3117074,3.125250582551303e-12,8.155059773703647e-11,0.2669767441860465,0.12925392670157068,0.13772281748447582
3,PTGER4,6.9127617,1.1025202,4.753082006526147e-12,1.2188898857174656e-10,0.3013953488372093,0.16753926701570682,0.1338560818215025
3,TRAF3IP3,6.9065475,0.5079859,4.965904169669865e-12,1.2694868456245102e-10,0.6641860465116279,0.5513743455497382,0.11281170096188975
3,ANXA2R,6.8956804,1.0167781,5.360759493429034e-12,1.3682899543212546e-10,0.32,0.18291884816753926,0.13708115183246075
3,PPP1R2,6.843381,0.64869565,7.734549257475995e-12,1.9558726491741073e-10,0.4948837209302326,0.37401832460732987,0.12086539632290272
3,CYTIP,6.778059,0.7146995,1.2180099660012617e-11,3.0239546363803706e-10,0.4390697674418605,0.318717277486911,0.12035248995494952
3,ITM2A,6.6936636,1.2119915,2.1765114957327594e-11,5.338816279112995e-10,0.2669767441860465,0.1325261780104712,0.1344505661755753
3,ACAP1,6.661226,0.54393893,2.715530877639506e-11,6.611428673967255e-10,0.6232558139534884,0.487238219895288,0.1360175940582004
3,FCMR,6.636028,0.76111245,3.2224953613843116e-11,7.834063388946318e-10,0.3925581395348837,0.25785340314136124,0.13470473639352248
3,SVIP,6.6030397,0.86306524,4.028120763328628e-11,9.706050634583163e-10,0.35348837209302325,0.22349476439790575,0.1299936076951175
3,CHMP7,6.570676,1.31139,5.008739430317127e-11,1.1945770527612028e-09,0.25116279069767444,0.12336387434554974,0.1277989163521247
3,SF1,6.561043,0.5101443,5.343286854527581e-11,1.2651449526327895e-09,0.5962790697674418,0.5019633507853403,0.09431571898210156
3,CRLF3,6.560552,1.0857847,5.360896666775212e-11,1.267480207588284e-09,0.2837209302325581,0.15346858638743455,0.13025234384512357
3,ANP32B,6.543649,0.5316331,6.003556440137334e-11,1.4153341054335292e-09,0.5888372093023255,0.4905104712041885,0.09832673809813702
3,HIST1H4C,6.4483123,0.8012528,1.1310254845560678e-10,2.6285096523894638e-09,0.37116279069767444,0.24672774869109948,0.12443504200657496
3,DGKA,6.1883917,1.1916529,6.078107914338123e-10,1.340214603591456e-08,0.2502325581395349,0.12729057591623036,0.12294198222330452
3,SBDS,6.1713405,0.7017438,6.771348147571927e-10,1.4870607656701248e-08,0.3972093023255814,0.2846858638743455,0.11252343845123586
3,PRMT2,6.1457853,0.71718425,7.956881286470254e-10,1.7357671297058643e-08,0.386046511627907,0.2673429319371728,0.1187035796907342
3,PRDX2,6.035062,0.62620044,1.5890164153859739e-09,3.3807409066488845e-08,0.4483720930232558,0.337696335078534,0.11067575794472179
3,TSTD1,6.012436,0.5863574,1.8275634235717297e-09,3.863147955175332e-08,0.4669767441860465,0.3468586387434555,0.120118105442591
3,CDC42SE2,5.936544,0.56527704,2.910931575140437e-09,6.074713201641925e-08,0.4874418604651163,0.3756544502617801,0.11178741020333616
3,CITED2,5.918496,0.7459793,3.248983920632714e-09,6.762929507057485e-08,0.38232558139534883,0.2765052356020942,0.10582034579325461
3,RP11-51J9.5,5.9106917,1.0977591,3.4067451270559567e-09,7.055412281488924e-08,0.25395348837209303,0.13776178010471204,0.11619170826738098
3,BCL2,5.90528,1.0090826,3.5204783072229693e-09,7.27254363440341e-08,0.2725581395348837,0.15575916230366493,0.11679897723121879
3,TBCC,5.8608007,0.99791396,4.606408710514499e-09,9.397188642484753e-08,0.27069767441860465,0.1544502617801047,0.11624741263849994
3,GCC2,5.812664,0.64186525,6.1486440327631955e-09,1.2481137099260378e-07,0.39906976744186046,0.2905759162303665,0.10849385121149396
3,CD247,5.8007264,0.54501045,6.602828477714773e-09,1.3353384020258515e-07,0.40837209302325583,0.2745418848167539,0.13383020820650193
3,LSM5,5.7930555,0.59779453,6.911730250384588e-09,1.3926455495879587e-07,0.4372093023255814,0.34096858638743455,0.09624071593814687
3,RBL2,5.7537045,0.8095399,8.730867178462546e-09,1.7441479597903016e-07,0.32465116279069767,0.2162958115183246,0.10835535127237306
3,CCNG1,5.7030554,0.7842668,1.1767865063155109e-08,2.3252903417666756e-07,0.33395348837209304,0.2274214659685864,0.10653202240350665
3,POLR2J3,5.6896167,0.50486606,1.2732502847285653e-08,2.500798068240583e-07,0.52,0.4214659685863874,0.09853403141361261
3,ZC3HAV1,5.5728426,0.84792405,2.506160313984534e-08,4.801321884906436e-07,0.3013953488372093,0.19633507853403143,0.10506027030317788
3,SLFN5,5.49649,0.8452855,3.874254122508462e-08,7.319477101427362e-07,0.2911627906976744,0.18193717277486912,0.1092256179228053
3,DENND2D,5.4947953,0.8042147,3.911643335907755e-08,7.373087168062992e-07,0.2958139534883721,0.17899214659685864,0.11682180689151345
3,TSPYL2,5.401212,0.9075562,6.619197653374559e-08,1.2236914441453239e-06,0.26790697674418606,0.16230366492146597,0.10560331182272009
3,ZNF90,5.3410044,0.59433025,9.243301435107087e-08,1.6747470075280958e-06,0.4046511627906977,0.3157722513089005,0.08887891148179716
3,PA2G4,5.279592,0.5242178,1.2947172999538204e-07,2.307502150821836e-06,0.4613953488372093,0.36845549738219896,0.09293985145501032
3,GIMAP1,5.273616,0.6162172,1.3376165778238755e-07,2.3787766119322203e-06,0.386046511627907,0.28075916230366493,0.10528734932424205
3,HAX1,5.2664504,0.64525354,1.390867469971311e-07,2.468110919327616e-06,0.36372093023255814,0.26537958115183247,0.09834134908072567
3,TTC3,5.2654843,0.6296495,1.3982036674219485e-07,2.478440975372752e-06,0.386046511627907,0.2961387434554974,0.08990776817240959
3,TOB1,5.1490817,0.8343548,2.6176452414472334e-07,4.498665314634263e-06,0.2837209302325581,0.1861910994764398,0.09752983075611832
3,PSIP1,5.1401324,0.63798696,2.7454481124345977e-07,4.703484457334288e-06,0.36,0.2591623036649215,0.1008376963350785
3,CD8A,4.9581704,0.7485753,7.116014736683085e-07,1.1701016794660498e-05,0.25953488372093025,0.149869109947644,0.10966577377328626
3,CD96,4.9483886,0.860696,7.483046585097411e-07,1.2279852074100175e-05,0.25116279069767444,0.1511780104712042,0.09998478022647025
3,IMPDH2,4.937179,0.8181979,7.926058689975478e-07,1.2980805428096977e-05,0.2744186046511628,0.18226439790575916,0.09215420674540364
3,PPA1,4.918403,0.5459869,8.72529903217598e-07,1.4232763456174595e-05,0.3916279069767442,0.30824607329842935,0.08338183367831487
3,MZT2A,4.8776402,0.52985656,1.07362510376069e-06,1.7340158265181295e-05,0.4055813953488372,0.3144633507853403,0.09111804456349687
3,TMEM243,4.785098,0.5875672,1.709037236887683e-06,2.691199059934493e-05,0.3581395348837209,0.2670157068062827,0.09112382807743818
3,ATP1A1,4.673825,0.52415216,2.9564151107834633e-06,4.503715793997043e-05,0.3953488372093023,0.31839005235602097,0.07695878485328134
3,SNHG7,4.6685176,0.5360891,3.0338078608702613e-06,4.6130232724626714e-05,0.3841860465116279,0.3010471204188482,0.08313892609277973
3,PTPN4,4.6344147,0.7401397,3.5794900994527984e-06,5.387675944539764e-05,0.2725581395348837,0.17768324607329844,0.09487489346158529
3,TNRC6B,4.6295533,0.5114998,3.664553410442766e-06,5.5055792789948667e-05,0.4297674418604651,0.3530759162303665,0.07669152563009862
3,LYRM4,4.5898013,0.7999876,4.436684701160077e-06,6.581015267060745e-05,0.25953488372093025,0.1731020942408377,0.08643278948009256
3,HNRNPA1L2,4.3416996,0.5793289,1.4138490221727745e-05,0.0001942232061441542,0.3283720930232558,0.24705497382198952,0.0813171192012663
3,EPB41L4A-AS1,4.2442217,0.7023403,2.1935332161149893e-05,0.0002913019232861797,0.2744186046511628,0.19600785340314136,0.07841075124802144
3,ILF3-AS1,3.9720368,0.5583489,7.126071150952983e-05,0.0008832549250056195,0.3097674418604651,0.2356020942408377,0.07416534761962743
3,CYLD,3.9476116,0.54028624,7.893471140093518e-05,0.0009754160220775683,0.3227906976744186,0.24738219895287958,0.07540849872153901
3,HSPD1,3.9136572,0.5159238,9.090864194094536e-05,0.0011074879306000054,0.3302325581395349,0.25752617801047123,0.07270638012906366
3,TSPYL1,3.870471,0.67984396,0.00010862527712543776,0.00130485914761328,0.26232558139534884,0.19109947643979058,0.07122610495555826
3,DNAJB9,3.8588457,0.5846811,0.00011392385847610227,0.0013605997199505396,0.2762790697674419,0.19960732984293195,0.07667173992450993
3,GRAMD1A,3.7413878,0.61959785,0.00018300679620674768,0.0021130375389827797,0.25953488372093025,0.18848167539267016,0.07105320832826009
3,SLC38A1,3.6611402,0.52964395,0.0002510952632890647,0.0028293179081765756,0.28651162790697676,0.21498691099476439,0.07152471691221238
3,HMGA1,3.624837,0.53282285,0.0002891437460380456,0.00322253462461067,0.2846511627906977,0.21498691099476439,0.0696642517959333
3,TTC19,3.5288608,0.512703,0.0004173524159103608,0.004510107580389308,0.2958139534883721,0.22709424083769633,0.06871971265067575
3,NSMCE3,3.469203,0.55013865,0.0005220050421418082,0.005556619710138012,0.2744186046511628,0.2081151832460733,0.06630342140508949
4,CCL5,35.80868,5.89085,8.091159629409323e-281,1.3237946269676593e-276,0.9710884353741497,0.21789443974033304,0.7531939956338166
4,IL32,32.025784,3.1749508,4.773091807877581e-225,3.904627753434255e-221,0.9880952380952381,0.5478408128704487,0.4402544252247894
4,HLA-B,31.669945,1.0182965,4.030494734170848e-220,2.1980974781923082e-216,1.0,0.999435506632797,0.0005644933672029895
4,NKG7,31.016924,4.749218,3.1876522226547017e-211,1.3038294503713393e-207,0.9166666666666666,0.25684448207733557,0.6598221845893311
4,B2M,29.755186,0.72223717,1.4859260076527452e-194,4.862247082241313e-191,1.0,1.0,0.0
4,HLA-C,29.601974,1.1008967,1.4093254377136418e-192,3.842995581072149e-189,1.0,0.9887101326559413,0.01128986734405868
4,GZMA,28.628233,4.2385097,2.9923319509076696e-180,6.9939347212571975e-177,0.8435374149659864,0.14027660174992942,0.703260813216057
4,CST7,28.62112,4.3581243,3.6689226940587193e-180,7.503405524686838e-177,0.8248299319727891,0.10640699971775332,0.7184229322550357
4,HLA-A,28.567057,1.16862,1.724777171526312e-179,3.135453255926888e-176,1.0,0.9847586790855207,0.015241320914479273
4,CTSW,28.224977,3.4475963,2.887693559111417e-175,4.7245554320621894e-172,0.8758503401360545,0.23624047417442845,0.6396098659616261
4,LYAR,26.467894,3.7140274,2.2711479143437126e-154,3.3780228205979525e-151,0.7772108843537415,0.1546711826136043,0.6225397017401373
4,GZMK,25.833374,5.356956,3.7413916932177706e-147,5.1010757910613285e-144,0.6989795918367347,0.06519898391193904,0.6337806079247957
4,CD3D,23.889866,2.2233775,3.9034885322474426e-126,4.912690452007724e-123,0.9506802721088435,0.5119954840530624,0.43868478805578115
4,TRGC2,23.5249,5.031886,2.2688461897877596e-122,2.6514708936512526e-119,0.641156462585034,0.04911092294665537,0.5920455396383786
4,HCST,23.225348,1.7660611,2.525307252005257e-119,2.754436796670534e-116,0.9489795918367347,0.6881174146203782,0.2608621772163565
4,DUSP2,23.004986,2.9189708,4.155280427228662e-117,4.249033941868008e-114,0.75,0.27744848998024274,0.47255151001975726
4,KLRG1,21.326178,3.7705617,6.489956497520914e-101,6.24601048564351e-98,0.6173469387755102,0.09483488569009314,0.522512053085417
4,CD99,21.021248,1.9332709,4.192589233934212e-98,3.810830692022091e-95,0.8231292517006803,0.45272368049675416,0.37040557120392614
4,GZMM,20.482798,2.6814244,3.0654116319251744e-93,2.6396420899961985e-90,0.6802721088435374,0.20914479254868756,0.47112731629484983
4,CD3E,19.206926,1.8127064,3.238830836306434e-82,2.4086596051277075e-79,0.9047619047619048,0.4944961896697714,0.4102657150921334
4,CMC1,18.418617,3.3733702,9.315257800602954e-76,6.626388385898475e-73,0.5680272108843537,0.13124470787468248,0.43678250300967125
4,MYL12A,17.374216,0.90065956,1.293625148610406e-67,8.818750440172856e-65,0.9693877551020408,0.9031893875246966,0.06619836757734421
4,TRAC,17.256382,1.7366067,1.0019690242281466e-66,6.557286082158681e-64,0.8945578231292517,0.5571549534292972,0.3374028696999545
4,PTPRC,17.091764,1.0486821,1.7092562787022017e-65,1.0755823836864126e-62,0.9404761904761905,0.8041208015805814,0.13635538889560905
4,PRF1,16.715727,2.7556076,1.0068507825788412e-62,5.883244876347293e-60,0.5340136054421769,0.10330228619813717,0.4307113192440397
4,LCK,16.565783,1.5828204,1.231675261338149e-61,6.717146316917819e-59,0.8027210884353742,0.4487722269263336,0.35394886150904054
4,APOBEC3G,15.825433,2.4842956,2.077666023240078e-56,9.71219823035169e-54,0.5340136054421769,0.15410668924640136,0.37990691619577555
4,CALM1,15.719284,1.0747526,1.1157716786119412e-55,5.07087234271388e-53,0.8877551020408163,0.7281964436917866,0.15955865834902971
4,CD8A,15.649632,2.8572037,3.3414346824019216e-55,1.4386634957573115e-52,0.5034013605442177,0.12447078746824725,0.37893057307597044
4,C12orf75,15.610111,2.4788847,6.212823781763692e-55,2.6063592280368144e-52,0.5289115646258503,0.14620378210556026,0.38270778252029003
4,MYO1F,15.46013,1.7597395,6.446833813083506e-54,2.636916200396481e-51,0.6564625850340136,0.3141405588484335,0.34232202618558005
4,PFN1,15.309271,0.66148007,6.630298763986734e-53,2.645812636038706e-50,0.9965986394557823,0.9751622918430708,0.021436347612711515
4,SAMD3,15.039438,3.0735786,4.049710324792538e-51,1.5775550148554932e-48,0.45918367346938777,0.08072255151001975,0.378461121959368
4,HLA-E,14.937882,0.7650479,1.868177930557738e-50,6.946649800421625e-48,0.9829931972789115,0.920970928591589,0.062022268687322524
4,HOPX,14.778697,2.7169034,2.0101634266271605e-49,6.997507196392972e-47,0.477891156462585,0.0925769122212814,0.3853142442413036
4,PPP2R5C,14.631665,1.5984284,1.7641550576885718e-48,6.013196020592234e-46,0.6530612244897959,0.36014676827547276,0.2929144562143231
4,FYN,14.570564,1.9050521,4.3230836856747875e-48,1.443468820027045e-45,0.5697278911564626,0.24244990121366075,0.3272779899428019
4,KLRD1,14.556133,3.142858,5.33937830605127e-48,1.7471513693060965e-45,0.4489795918367347,0.07310189105278013,0.37587770078395455
4,CD2,14.330377,1.633008,1.4135190446351605e-46,4.534624527308992e-44,0.6479591836734694,0.3381315269545583,0.3098276567189111
4,CCL4,14.267203,2.7369258,3.503513494293049e-46,1.1023266207717034e-43,0.4608843537414966,0.09398814563928874,0.36689620810220785
4,SH2D1A,14.041876,2.6071928,8.639523058630853e-45,2.570022486586534e-42,0.45918367346938777,0.11656788032740616,0.3426157931419816
4,RARRES3,13.995355,1.3754691,1.6639856855361574e-44,4.8615124644744766e-42,0.685374149659864,0.4191363251481795,0.2662378245116845
4,UBB,13.972579,0.8777542,2.291756697100701e-44,6.57814584583589e-42,0.9200680272108843,0.7967823878069432,0.1232856394039411
4,SYNE2,13.84653,2.3259838,1.3350740131941708e-43,3.7022281237067503e-41,0.48639455782312924,0.1521309624611911,0.33426359536193817
4,HSP90AA1,13.743555,0.9988784,5.567327544344494e-43,1.5181174325503377e-40,0.826530612244898,0.6629974597798476,0.1635331524650504
4,AC092580.4,13.740289,3.3081164,5.8243347358095984e-43,1.562162960861981e-40,0.40816326530612246,0.06096528365791702,0.3471979816482054
4,MATK,13.7161875,2.7769527,8.122552799606781e-43,2.1434368766833316e-40,0.43197278911564624,0.07874682472480948,0.35322596439083676
4,CD3G,13.635298,1.5767167,2.4698160396957768e-42,6.414073051660731e-40,0.6326530612244898,0.3223257126728761,0.31032734855161376
4,SUN2,12.492309,1.236947,8.223262230148945e-36,1.818118829019823e-33,0.6700680272108843,0.42760372565622357,0.24246430155466075
4,ACAP1,12.433391,1.1335855,1.7217280357325855e-35,3.755892319016111e-33,0.7193877551020408,0.4899802427321479,0.22940751236989287
4,KLRB1,12.36176,2.4442847,4.2083811741724245e-35,8.827349280850646e-33,0.47278911564625853,0.18741179791137455,0.28537731773488395
4,CHST12,12.095904,1.9473189,1.1101305661209809e-33,2.24232669040807e-31,0.45918367346938777,0.16963025684448207,0.2895534166249057
4,LITAF,12.092171,1.1662465,1.1617615693648022e-33,2.3179976873631133e-31,0.6751700680272109,0.44566751340671745,0.22950255462049346
4,CLIC1,11.949021,1.0054078,6.569404597024076e-33,1.2795479596656062e-30,0.8112244897959183,0.598645215918713,0.21257927387720532
4,CD247,11.936532,1.4902894,7.633983007793224e-33,1.4694070116529991e-30,0.5459183673469388,0.2701100762066046,0.27580829114033417
4,IL2RG,11.832605,1.0992775,2.647920613162909e-32,5.037515017669577e-30,0.7023809523809523,0.46965848151284223,0.2327224708681101
4,BIN2,11.780353,1.1836667,4.928625173236329e-32,9.268647868887308e-30,0.6581632653061225,0.41857183178097657,0.2395914335251459
4,CFL1,11.599923,0.5211733,4.124480218619603e-31,7.497846761870592e-29,0.9846938775510204,0.9494778436353373,0.035216033915683176
4,HLA-F,11.5434885,1.358965,7.962871478955744e-31,1.4160928289912493e-28,0.5612244897959183,0.32373694609088344,0.2374875437050349
4,SEPT7,11.536208,0.94365245,8.666189413430882e-31,1.524597042937018e-28,0.7278911564625851,0.5740897544453852,0.15380140201719983
4,ANXA1,11.438273,1.16706,2.6918781636741105e-30,4.635980909039171e-28,0.7448979591836735,0.4792548687552921,0.2656430904283814
4,TRGC1,11.343476,4.321862,7.990628475736571e-30,1.3477801287786188e-27,0.3163265306122449,0.028506915043748235,0.28781961556849667
4,UBC,11.154216,0.5883137,6.82920697320822e-29,1.1286126796834311e-26,0.9438775510204082,0.8958509737510584,0.04802657726934978
4,ARL4C,11.117533,1.4402457,1.030833303997517e-28,1.6698478897726115e-26,0.5255102040816326,0.2924075642111205,0.2331026398705121
4,GZMH,11.091994,3.7465909,1.3719435854288476e-28,2.2006244118824877e-26,0.32482993197278914,0.04657070279424217,0.27825922917854695
4,PYHIN1,11.041964,2.4209833,2.3973706424185606e-28,3.808095250544667e-26,0.36904761904761907,0.08890770533446232,0.2801399137131567
4,RPL36AL,11.033208,0.5987586,2.6426770982568147e-28,4.157388461978822e-26,0.9370748299319728,0.8667795653401072,0.07029526459186553
4,MT2A,10.92284,1.645191,8.964759185213677e-28,1.383702122917745e-25,0.4744897959183674,0.22410386677956534,0.25038592913880203
4,MYL12B,10.700463,0.7106581,1.0127108571280708e-26,1.534163179025219e-24,0.8231292517006803,0.7177533163985323,0.10537593530214795
4,STK17A,10.589666,1.1612629,3.327766618093869e-26,4.6534691998832294e-24,0.5952380952380952,0.37002540220152413,0.2252126930365711
4,CD7,10.571521,1.0883625,4.038925784961872e-26,5.60007328540349e-24,0.6785714285714286,0.43550663279706464,0.24306479577436396
4,SLC9A3R1,10.541688,1.645298,5.549352100591205e-26,7.566079143147725e-24,0.44047619047619047,0.19983065198983913,0.24064553848635134
4,ANXA6,10.524589,1.0546318,6.655180734256357e-26,8.998794379600682e-24,0.6292517006802721,0.4400225797346881,0.18922912094558403
4,APMAP,10.521526,2.1245122,6.875050807267626e-26,9.219893955549642e-24,0.3758503401360544,0.11346316680779,0.2623871733282644
4,RORA,10.432049,1.8748769,1.7702874913417788e-25,2.3104785594292715e-23,0.4064625850340136,0.15354219587919843,0.2529203891548152
4,ARPC5L,10.431563,1.6182284,1.779355164648177e-25,2.3104785594292715e-23,0.4421768707482993,0.2034998588766582,0.23867701187164111
4,PSME1,10.353904,0.688218,4.0176413190178374e-25,5.1757976079095145e-23,0.8384353741496599,0.7369460908834321,0.10148928326622775
4,IL7R,10.211333,1.1985292,1.7642407638752975e-24,2.2089342001654116e-22,0.6071428571428571,0.36466271521309623,0.24248014192976086
4,PRKCH,10.21109,1.6202129,1.7686594964957454e-24,2.2089342001654116e-22,0.42857142857142855,0.18741179791137455,0.241159630660054
4,CD8B,10.141924,1.7935257,3.5993902404183415e-24,4.427791257404848e-22,0.4166666666666667,0.1580581428168219,0.2586085238498448
4,SRSF7,10.055901,0.8549094,8.652689446109355e-24,1.0409312649102587e-21,0.7210884353741497,0.5884843353090601,0.1326041000650896
4,SH3BGRL3,9.993828,0.58706635,1.621944733821495e-23,1.9229447673951797e-21,0.9727891156462585,0.9119390347163421,0.060850080929916395
4,TRBC2,9.992857,1.0182314,1.6379119898948547e-23,1.9279048968827134e-21,0.7551020408163265,0.5325994919559696,0.22250254886035692
4,IFITM1,9.925558,1.1030495,3.222956460689874e-23,3.766485046667644e-21,0.5969387755102041,0.3765170759243579,0.22042169958584623
4,IL10RA,9.704674,1.3084357,2.879962772982405e-22,3.2053789747459274e-20,0.4846938775510204,0.2743437764606266,0.21035010109039382
4,PSMB9,9.667991,0.900722,4.1239634525318726e-22,4.5589301383022955e-20,0.6547619047619048,0.4874400225797347,0.1673218821821701
4,ZAP70,9.573006,1.5650442,1.0384192656032895e-21,1.132638506969028e-19,0.413265306122449,0.18769404459497602,0.22557126152747298
4,HSPA8,9.488644,0.70233876,2.3406035515843816e-21,2.4866632926929914e-19,0.8452380952380952,0.7262207169065763,0.11901737833151893
4,CD160,9.466018,2.926729,2.9071708630661382e-21,3.068659515524199e-19,0.28741496598639454,0.04149026248941575,0.24592470349697879
4,CD27,9.450037,1.0743004,3.3871015465358633e-21,3.552331307876491e-19,0.564625850340136,0.35506632797064636,0.20955952236948966
4,RAC2,9.422968,0.69896215,4.385132796710824e-21,4.540832764999101e-19,0.7840136054421769,0.6573525261078182,0.12666107933435866
4,EVL,9.328506,0.7707089,1.0737347020034087e-20,1.0979608412173606e-18,0.8112244897959183,0.6466271521309624,0.16459733766495588
4,TRBC1,9.319023,1.2469419,1.1741683477997878e-20,1.1932030023821323e-18,0.5408163265306123,0.3141405588484335,0.22667576768217879
4,GNLY,9.272538,2.0845282,1.8176751052999593e-20,1.8357396541859652e-18,0.4013605442176871,0.19079875811459215,0.21056178610309492
4,RNF213,9.204138,1.1521292,3.444258531357786e-20,3.4152432625178634e-18,0.5,0.31555179226644087,0.18444820773355913
4,ITGB2,9.162955,0.7180235,5.0495192736710744e-20,4.976818363646533e-18,0.8180272108843537,0.6790855207451313,0.13894169013922242
4,YWHAQ,9.124909,1.0934465,7.179652442207535e-20,6.950668260766714e-18,0.5187074829931972,0.34264747389218175,0.1760600091010155
4,ARF1,9.097896,0.8236637,9.209869554341415e-20,8.8636868105047e-18,0.6496598639455783,0.5018346034434096,0.1478252605021687
4,NCR3,9.018257,2.2477963,1.9110611703702476e-19,1.8073336305449493e-17,0.3163265306122449,0.09173017217047699,0.22459635844176792
4,GUK1,9.012693,0.79317224,2.0105655626577801e-19,1.8797064668939394e-17,0.6887755102040817,0.5249788314987299,0.16379667870535175
4,EMP3,8.896595,0.583345,5.75861909327287e-19,5.205346242267261e-17,0.8809523809523809,0.7919841941857183,0.08896818676666263
4,TRDC,8.795692,2.8541324,1.4216848137993299e-18,1.257307310193018e-16,0.2891156462585034,0.0733841377363816,0.2157315085221218
4,STOM,8.742058,2.2283955,2.2890139611926892e-18,2.013470828982451e-16,0.3010204081632653,0.08128704487722269,0.21973336328604262
4,PDIA3,8.724118,0.8478266,2.682633543039955e-18,2.3346046488125905e-16,0.6190476190476191,0.4637313011572114,0.15531631789040767
4,CLEC2B,8.715904,1.0502541,2.8844796893848103e-18,2.4969826559801525e-16,0.5204081632653061,0.3401072537397686,0.18030090952553757
4,ABHD17A,8.681236,1.5333558,3.914883507994767e-18,3.3360108892865825e-16,0.38095238095238093,0.17866215071972905,0.20229023023265189
4,TPST2,8.647261,1.5587015,5.275054705619435e-18,4.471770468323294e-16,0.37244897959183676,0.16878351679367767,0.20366546279815909
4,ZFP36L2,8.571989,0.57831115,1.0171239047663737e-17,8.44729147506733e-16,0.8605442176870748,0.7976291278577476,0.06291508982932714
4,CCND3,8.53988,0.8665303,1.3436142634375636e-17,1.1046669831207024e-15,0.5833333333333334,0.4242167654530059,0.15911656788032746
4,GIMAP7,8.5338125,0.89608717,1.4160205730410397e-17,1.1583756297762225e-15,0.608843537414966,0.42393451876940447,0.18490901864556153
4,CD69,8.338728,0.7968489,7.509374703017211e-17,5.9941597311172475e-15,0.7397959183673469,0.5709850409257691,0.16881087744157786
4,FKBP11,8.231105,1.6655786,1.8549402299056336e-16,1.452089813468233e-14,0.34183673469387754,0.1459215354219588,0.19591519927191875
4,PPIB,8.2184105,0.7329591,2.062177407667511e-16,1.6066325984213404e-14,0.6360544217687075,0.5057860570138301,0.13026836475487746
4,PPP1CA,8.176239,0.7045598,2.9284122491450515e-16,2.2599883400123673e-14,0.6649659863945578,0.5407846457804121,0.12418134061414576
4,C9orf142,8.159642,1.1039467,3.360171549668258e-16,2.5689610618748772e-14,0.4557823129251701,0.28055320349985885,0.17522910942531122
4,XBP1,8.132686,1.0242153,4.1988276106172506e-16,3.195210164525992e-14,0.49489795918367346,0.3302286198137172,0.16466933936995626
4,S100A4,8.08355,0.9220669,6.290792602582919e-16,4.743025703726227e-14,0.9659863945578231,0.8247248094834886,0.1412615850743345
4,P4HB,8.023364,0.9013503,1.0288820044259608e-15,7.721806639639057e-14,0.5187074829931972,0.3703076488851256,0.14839983410807167
4,FGFBP2,7.9826293,2.32933,1.4324867121577217e-15,1.0701787715804788e-13,0.26700680272108845,0.060683036974315555,0.2063237657467729
4,TAP1,7.979997,1.3038459,1.4633682432011882e-15,1.0882803557733927e-13,0.38945578231292516,0.20942703923228903,0.18002874308063613
4,SPOCK2,7.9253736,1.1608192,2.274618029272505e-15,1.6763525034652005e-13,0.4268707482993197,0.2489415749364945,0.1779291733628252
4,WIPF1,7.8809614,0.88683075,3.2487178154826228e-15,2.372869293710321e-13,0.5289115646258503,0.3731301157211403,0.15578144890471002
4,LINC00869,7.8302956,1.40041,4.867249371692051e-15,3.5080646242402487e-13,0.3622448979591837,0.18007338413773638,0.1821715138214473
4,PLEK,7.726294,1.161375,1.1072277238404468e-14,7.808341719721358e-13,0.42857142857142855,0.24611910810047982,0.18245232047094873
4,FMNL1,7.6530395,0.8132414,1.962838711133503e-14,1.3782834400367057e-12,0.5476190476190477,0.3954276037256562,0.15219144389339145
4,LAT,7.634278,0.88825196,2.270901154623171e-14,1.5810303740761576e-12,0.5238095238095238,0.34292972057578325,0.1808798032337406
4,IL2RB,7.6139293,1.8116478,2.6588670051823595e-14,1.8355157414256786e-12,0.27721088435374147,0.07874682472480948,0.198464059628932
4,TBC1D10C,7.609486,0.7877231,2.7518806739773107e-14,1.8917445255017977e-12,0.576530612244898,0.42873271239062943,0.14779789985426856
4,LY6E,7.602597,0.6878712,2.902453781322899e-14,1.986905703607697e-12,0.6513605442176871,0.5272368049675417,0.12412373925014542
4,BIN1,7.565186,1.0119812,3.8731001096075956e-14,2.6293689167340196e-12,0.4557823129251701,0.2952300310471352,0.16055228187803489
4,CLEC2D,7.4233813,0.7920495,1.1416764685769457e-13,7.562335507039436e-12,0.5782312925170068,0.41998306519898393,0.15824822731802285
4,CAPN2,7.334893,1.0957359,2.2189857185151494e-13,1.4181572398682172e-11,0.41156462585034015,0.2585379621789444,0.15302666367139572
4,PTPN7,7.3178487,1.3372607,2.5197742473808453e-13,1.5917384734130507e-11,0.3435374149659864,0.16652554332486594,0.17701187164112045
4,DOK2,7.2887635,1.0119473,3.128124850525681e-13,1.9459791132870974e-11,0.43537414965986393,0.2743437764606266,0.16103037319923735
4,PCSK7,7.162715,0.8497924,7.909481404986716e-13,4.7928527876662103e-11,0.5051020408163265,0.36720293536550946,0.13789910545081702
4,DHRS7,7.1519246,0.9861217,8.556966237847926e-13,5.1470781109349234e-11,0.42517006802721086,0.2689810894721987,0.15618897855501218
4,ID2,7.125117,0.8101969,1.039925523530978e-12,6.232315564282172e-11,0.5680272108843537,0.40925769122212813,0.15876951966222558
4,PIP4K2A,7.1056085,1.1744418,1.1979377255500983e-12,7.153087272892393e-11,0.36054421768707484,0.196725938470223,0.16381827921685185
4,HSP90B1,7.0628204,0.74882585,1.6315659866689777e-12,9.567760253724425e-11,0.5391156462585034,0.4058707310189105,0.13324491523959286
4,OPTN,7.059161,1.6015232,1.6751047093577378e-12,9.787995767786409e-11,0.29591836734693877,0.12334180073384138,0.1725765666130974
4,GADD45B,7.0435357,1.1337318,1.8742163217443807e-12,1.0912474462654738e-10,0.3945578231292517,0.24075642111205192,0.15380140201719977
4,RUNX3,7.0335855,1.8020134,2.0129224079437148e-12,1.1678518977435148e-10,0.27380952380952384,0.10189105278012983,0.171918471029394
4,SKAP1,7.0252223,1.1643518,2.1372573242578128e-12,1.235606610677812e-10,0.36394557823129253,0.19700818515382446,0.16693739307746808
4,CALR,7.017531,0.75308895,2.258232156703146e-12,1.300948461824654e-10,0.5544217687074829,0.42703923228902063,0.1273825364184623
4,TRAF3IP3,6.958147,0.6048257,3.4477774288240622e-12,1.958648837256614e-10,0.6751700680272109,0.5650578605701383,0.11011220745707262
4,TMEM109,6.916946,1.3457268,4.614846419587019e-12,2.5681463357436474e-10,0.3282312925170068,0.1685012701100762,0.15973002240693057
4,TC2N,6.8617992,1.4016732,6.799849529662636e-12,3.7585249376625133e-10,0.3112244897959184,0.14648602878916173,0.16473846100675665
4,CTSC,6.850673,0.99043554,7.350331899734538e-12,4.0491171788402956e-10,0.41836734693877553,0.26700536268698843,0.1513619842517871
4,GIMAP4,6.848022,0.7413063,7.487796135696604e-12,4.1110010931587963e-10,0.5459183673469388,0.4078464578041208,0.13807190954281795
4,ARHGEF1,6.8326206,0.7116309,8.337715696164646e-12,4.56231994999832e-10,0.5425170068027211,0.42054755856618686,0.12196944823653422
4,SEPT1,6.829858,0.8820805,8.499881006034585e-12,4.635551771324395e-10,0.4523809523809524,0.3082133784928027,0.14416757388814966
4,CDC42SE2,6.7926702,0.7667368,1.1007661695331155e-11,5.943774026313961e-10,0.5068027210884354,0.3878069432684166,0.1189957778200188
4,EHD1,6.791046,1.3164173,1.1132316396930598e-11,5.991310150334918e-10,0.32653061224489793,0.16963025684448207,0.15690035540041586
4,TGFB1,6.762409,0.82803476,1.3571586492724227e-11,7.256363614622911e-10,0.47959183673469385,0.3364380468529495,0.14315378988174438
4,RNF167,6.753971,1.0499525,1.4385255233206868e-11,7.666357031612299e-10,0.3826530612244898,0.23116003386960204,0.15149302735488773
4,PTPN4,6.731625,1.1832412,1.677786816088656e-11,8.883582555995632e-10,0.34183673469387754,0.17922664408693198,0.16261009060694556
4,ARHGAP25,6.686317,1.3584225,2.2885729892152788e-11,1.2039660024614526e-09,0.31462585034013607,0.1546711826136043,0.15995466772653177
4,PRDX2,6.660685,0.77333194,2.725539602061052e-11,1.4292485073500278e-09,0.4897959183673469,0.34603443409539936,0.14376148427194757
4,MBP,6.6337094,1.0898006,3.2735408381842326e-11,1.6948861282763362e-09,0.36394557823129253,0.2130962461191081,0.15084933211218443
4,RAP1B,6.5991917,0.7132971,4.134058497119148e-11,2.1336697498853747e-09,0.5170068027210885,0.3982500705616709,0.11875673215941757
4,ITGB7,6.5760612,1.236608,4.8307292139340694e-11,2.485394989596708e-09,0.3333333333333333,0.18289585097375105,0.15043748235958226
4,BTN3A2,6.5528755,1.0940096,5.6439623287633786e-11,2.876662543953197e-09,0.36394557823129253,0.21676545300592717,0.14718012522536536
4,SPCS2,6.5000253,0.70516264,8.030654547079436e-11,4.0552326865668725e-09,0.5204081632653061,0.4022015241320914,0.11820663913321472
4,TSC22D4,6.474524,0.81359774,9.511114220063427e-11,4.744248163245662e-09,0.45408163265306123,0.3344623200677392,0.11961931258532205
4,CD63,6.426864,0.7564968,1.302633414066408e-10,6.380953678904342e-09,0.4880952380952381,0.3285351397121084,0.15956009838312968
4,SRSF2,6.4212074,0.5682905,1.3519768137375224e-10,6.583241859987977e-09,0.6326530612244898,0.5303415184871578,0.102311542737332
4,CDC25B,6.3918796,1.0976206,1.6385911954917816e-10,7.955190074018113e-09,0.3486394557823129,0.19700818515382446,0.15163127062848847
4,FLNA,6.3422217,0.8107391,2.2647529818960473e-10,1.0834392847017905e-08,0.4557823129251701,0.3268416596104996,0.12894065331467047
4,TERF2IP,6.329751,0.82562035,2.455570017208807e-10,1.1712997391123409e-08,0.44727891156462585,0.3282528930285069,0.11902601853611894
4,PDCD4,6.284891,0.92204404,3.2808377692214015e-10,1.5558778765864158e-08,0.3979591836734694,0.266158622636184,0.13180056103728538
4,PPP1R18,6.2815495,0.7608215,3.352153025130587e-10,1.580535321157393e-08,0.4710884353741497,0.3482924075642111,0.12279602780993859
4,IFITM2,6.186714,0.5365092,6.14312352912571e-10,2.855330797159822e-08,0.6836734693877551,0.5901778154106689,0.09349565397708615
4,RASAL3,6.181879,1.0877094,6.334307672165738e-10,2.9358529128697915e-08,0.3435374149659864,0.20124188540784646,0.14229552955813993
4,PIM1,6.169987,1.1137279,6.829550474571276e-10,3.1475570511115673e-08,0.3401360544217687,0.1975726785210274,0.1425633759007413
4,LMAN2,6.168326,0.7998054,6.901684745313571e-10,3.1718669696088584e-08,0.4421768707482993,0.31018910527801297,0.13198776547028634
4,MFSD10,6.141966,1.4615062,8.150629336688504e-10,3.7249286753508556e-08,0.27380952380952384,0.12785774767146485,0.145951776138059
4,IER2,6.124175,0.5095717,9.115462403148284e-10,4.142724454941919e-08,0.7653061224489796,0.7053344623200677,0.05997166012891186
4,GTF3A,6.103192,0.5576445,1.0397092611689848e-09,4.6990837629794915e-08,0.6054421768707483,0.511148744002258,0.09429343286849035
4,CKLF,6.0865397,0.76508963,1.1537708971683973e-09,5.1859466067505896e-08,0.45408163265306123,0.33248659328252894,0.12159503937053229
4,UBE2L3,6.0773735,0.763724,1.2216699239485715e-09,5.461131591727481e-08,0.44047619047619047,0.32176121930567314,0.11871497117051732
4,AES,6.0444984,0.5520927,1.4987544474695238e-09,6.681504500013318e-08,0.7414965986394558,0.60767710979396,0.13381948884549588
4,FAM107B,6.0376472,0.81806165,1.5637747839065456e-09,6.93358244972764e-08,0.4302721088435374,0.3005927180355631,0.1296793908079743
4,RASSF1,5.994878,1.2556522,2.036382684380291e-09,8.908357513140626e-08,0.2976190476190476,0.15354219587919843,0.1440768517398492
4,STK10,5.940721,1.0433869,2.8377108501128282e-09,1.2122137655012006e-07,0.33843537414965985,0.20039514535704206,0.1380402287926178
4,CFLAR,5.9210634,0.8625426,3.1986672353457696e-09,1.362848818684691e-07,0.38945578231292516,0.2610781823313576,0.12837759998156756
4,ETS1,5.918991,0.7619773,3.239224899342018e-09,1.3729782015060817e-07,0.44047619047619047,0.3039796782387807,0.13649651223740977
4,PILRB,5.914604,1.4966415,3.326749116316849e-09,1.4064326173658905e-07,0.2585034013605442,0.11402766017499294,0.1444757411855513
4,DGKZ,5.902488,0.9444648,3.5805958738320253e-09,1.505967328837166e-07,0.3673469387755102,0.23962743437764605,0.12771950439786417
4,LAMP1,5.8981757,0.7458349,3.6754209694380822e-09,1.539683363868954e-07,0.43537414965986393,0.31047135196161446,0.12490279769824947
4,GYPC,5.8979893,0.593207,3.6795806813321983e-09,1.539683363868954e-07,0.5748299319727891,0.43691786621507195,0.13791206575771714
4,PSME2,5.8959355,0.57111293,3.725641045422346e-09,1.5549799271468114e-07,0.5850340136054422,0.47840812870448773,0.10662588490095443
4,AKNA,5.891698,0.95193255,3.822473906514546e-09,1.5913357655085112e-07,0.36394557823129253,0.23708721422523285,0.12685836400605968
4,MYO1G,5.882345,0.7171001,4.044938285031303e-09,1.675423678010054e-07,0.4557823129251701,0.33559130680214505,0.12019100612302502
4,TUBA4A,5.8659544,0.87032074,4.465568366820472e-09,1.8403315881498676e-07,0.39285714285714285,0.2695455828394016,0.12331156001774124
4,MACF1,5.8431787,1.1116465,5.121397153309404e-09,2.094779470632379e-07,0.3163265306122449,0.18543607112616428,0.13089045948608063
4,APOBEC3C,5.7659664,1.077713,8.119117207727626e-09,3.271844252109155e-07,0.32653061224489793,0.19418571831780976,0.13234489392708818
4,RHOC,5.7470183,0.9917331,9.083098668850487e-09,3.649133388339174e-07,0.3129251700680272,0.16116285633643804,0.1517623137315892
4,SIPA1,5.692469,0.9713278,1.2521520088056333e-08,4.936496148450353e-07,0.3401360544217687,0.2077335591306802,0.1324024952910885
4,KIAA1551,5.6905274,0.8665852,1.266473810943989e-08,4.980956255013126e-07,0.3843537414965986,0.2630539091165679,0.12129983238003073
4,CH17-189H20.1,5.6689095,0.92297024,1.437090661806273e-08,5.584855182378251e-07,0.3520408163265306,0.22495060683036974,0.12709020949616087
4,SYNE1,5.608947,1.4165068,2.0356142528880867e-08,7.818001124765725e-07,0.2534013605442177,0.11543889359300029,0.1379624669512174
4,RHOF,5.5810003,0.8179661,2.391391038544797e-08,9.162891986330544e-07,0.3843537414965986,0.26926333615580017,0.11509040534079845
4,IDH2,5.5582995,1.004096,2.7241539375675095e-08,1.0413523965547202e-06,0.3282312925170068,0.2114027660174993,0.11682852649950748
4,FAM173A,5.54764,1.2453613,2.8955124245867827e-08,1.1017088088061477e-06,0.27721088435374147,0.1510019757267852,0.12620890862695627
4,ATM,5.54077,0.64374113,3.011444095478039e-08,1.1405147418082453e-06,0.48299319727891155,0.37595258255715497,0.10704061472175658
4,RAB27A,5.536476,1.3636634,3.086174942363751e-08,1.1661179730257121e-06,0.2568027210884354,0.12277730736663844,0.13402541372179694
4,DNAJB1,5.5119834,0.7205997,3.548122796508574e-08,1.3314412172861646e-06,0.45408163265306123,0.3415184871577759,0.11256314549528534
4,TBCB,5.4982433,0.79301894,3.835929097977713e-08,1.4328684011875199e-06,0.3945578231292517,0.28281117696867064,0.11174664616058105
4,FBXW5,5.4826183,1.0407792,4.190770012288898e-08,1.5582997311604242e-06,0.3129251700680272,0.18825853796217895,0.12466663210584827
4,MYEOV2,5.452002,0.57512796,4.980589409667597e-08,1.8311780523948664e-06,0.5204081632653061,0.42167654530059273,0.09873161796471341
4,DENND2D,5.441025,0.9698106,5.297487593461743e-08,1.943322747009587e-06,0.3197278911564626,0.19108100479819362,0.12864688635826899
4,CDC42EP3,5.423234,0.9304601,5.8530270172492425e-08,2.137530692616403e-06,0.33843537414965985,0.21337849280270957,0.12505688134695028
4,C5orf56,5.4161773,1.3268716,6.088668684398575e-08,2.21370462989878e-06,0.2534013605442177,0.12108382726502964,0.13231753327918805
4,AAK1,5.4098673,0.6428282,6.307139211131789e-08,2.288051100517233e-06,0.46938775510204084,0.3522438611346317,0.11714389396740915
4,CNN2,5.390583,0.6824964,7.022943311747783e-08,2.5420879540598555e-06,0.45068027210884354,0.3449054473609935,0.10577482474785005
4,HNRNPM,5.382948,0.57151115,7.327582102096789e-08,2.646502666057518e-06,0.5187074829931972,0.4397403330510867,0.07896714994211057
4,ORAI1,5.3375835,1.1758951,9.419347010497038e-08,3.379603869270659e-06,0.27380952380952384,0.1501552356759808,0.12365428813354304
4,TAPBP,5.3306575,0.55045694,9.785774208587305e-08,3.5033928189649215e-06,0.532312925170068,0.4467965001411233,0.08551642502894469
4,ARL6IP1,5.320017,0.7219846,1.0375773803075133e-07,3.706507318605071e-06,0.41156462585034015,0.3005927180355631,0.11097190781477706
4,EMB,5.31591,0.882505,1.0612580693294021e-07,3.7828416715246946e-06,0.3435374149659864,0.22495060683036974,0.11858680813561664
4,IKZF3,5.309488,1.2466767,1.0993378736209734e-07,3.901576344970227e-06,0.2585034013605442,0.12813999435506632,0.1303634070054779
4,SF3B2,5.305586,0.6368599,1.1231157811681796e-07,3.977337076989738e-06,0.4574829931972789,0.36212249506068306,0.09536049813659586
4,CD6,5.2565627,0.9325482,1.4677257933476126e-07,5.142068887571796e-06,0.32482993197278914,0.2026531188258538,0.12217681314693535
4,PIK3R1,5.2427297,1.1301112,1.5821827218028408e-07,5.495985458899423e-06,0.2789115646258503,0.15608241603161163,0.12282914859423869
4,HNRNPF,5.21833,0.5276089,1.805434747583728e-07,6.231797026417167e-06,0.5187074829931972,0.4470787468247248,0.07162873616847243
4,ANKRD12,5.171342,0.5525922,2.3241894273980306e-07,7.905626449409394e-06,0.5034013605442177,0.4182895850973751,0.08511177544684256
4,SIGIRR,5.1627545,0.7273534,2.433423344407706e-07,8.260008161380597e-06,0.39625850340136054,0.2856336438046853,0.11062485959667523
4,CIB1,5.160962,0.5427824,2.456837488482763e-07,8.322219078481673e-06,0.5187074829931972,0.4383290996330793,0.08037838336011793
4,GRK6,5.1530466,0.6747657,2.5628791076010303e-07,8.645621665868136e-06,0.4268707482993197,0.32260795935647757,0.10426278894284213
4,EFHD2,5.147353,0.72929597,2.641878955812445e-07,8.893782221408934e-06,0.3877551020408163,0.26248941574936496,0.12526568629145135
4,C19orf66,5.1328664,0.96708816,2.8536255751771413e-07,9.55905754112357e-06,0.30612244897959184,0.18656505786057015,0.1195573911190217
4,ARHGDIA,5.1326423,0.5498462,2.8570253270640096e-07,9.55905754112357e-06,0.5085034013605442,0.42026531188258537,0.0882380894779588
4,TMED2,5.126351,0.57657075,2.9541150693923193e-07,9.863729928638313e-06,0.48299319727891155,0.38554896979960485,0.0974442274793067
4,ARHGAP30,5.113283,0.5936816,3.166070312087372e-07,1.0507114883582453e-05,0.47959183673469385,0.3827265029635902,0.09686533377110368
4,MEAF6,5.0790267,0.6755047,3.793732248132797e-07,1.2513962361229977e-05,0.4064625850340136,0.30708439175839686,0.09937819327561676
4,ARHGAP15,5.0688524,0.6357872,4.002211594164533e-07,1.3148631303639746e-05,0.4336734693877551,0.33051086649731864,0.10316260289043644
4,GIMAP1,5.0389643,0.695287,4.680573323055945e-07,1.5254753015641098e-05,0.3979591836734694,0.29325430426192495,0.10470487941154444
4,WDR1,4.9938617,0.6281277,5.918378163579708e-07,1.9174373293926257e-05,0.4387755102040816,0.3406717471069715,0.09810376309711011
4,ITGAL,4.9850316,1.1398718,6.195169347065601e-07,1.9991945894938915e-05,0.2653061224489796,0.14733276883996613,0.11797335360901348
4,ATPIF1,4.9728413,0.508009,6.597872651857053e-07,2.1124813005290263e-05,0.5306122448979592,0.45131244707874685,0.07929979781921237
4,DDX24,4.916108,0.63803023,8.82817142740923e-07,2.7937662035559457e-05,0.42857142857142855,0.32909963307931134,0.09947179549211721
4,S1PR4,4.91286,0.6106439,8.975751230425877e-07,2.8295234273795332e-05,0.4421768707482993,0.35309060118543606,0.08908626956286325
4,ODF2L,4.8968983,1.1474004,9.736122383896513e-07,3.045749489922196e-05,0.25170068027210885,0.13265594129268982,0.11904473897941903
4,CD96,4.816904,0.98058164,1.4580256922146622e-06,4.4422268808797184e-05,0.27721088435374147,0.1605983629692351,0.11661252138450637
4,CDKN2D,4.767601,0.8030658,1.864323932042814e-06,5.5967346517710963e-05,0.336734693877551,0.23200677392040644,0.10472791995714456
4,GRAP2,4.718354,1.0906339,2.377604871146029e-06,7.046629204703441e-05,0.25170068027210885,0.13858312164832062,0.11311755862378822
4,SPSB3,4.711316,0.9514002,2.461222009570286e-06,7.268601678443944e-05,0.28401360544217685,0.1764041772509173,0.10760942819125954
4,SCP2,4.680364,0.56190825,2.8636616533904203e-06,8.366494341271547e-05,0.4387755102040816,0.35817104149026247,0.08060446871381916
4,PBXIP1,4.676462,0.72798026,2.9186635313701336e-06,8.51198824184434e-05,0.3520408163265306,0.2438611346316681,0.10817968169486253
4,EML4,4.6526976,0.82038546,3.276208756821336e-06,9.503909835169129e-05,0.31802721088435376,0.2164832063223257,0.10154400456202806
4,TRAT1,4.6501956,0.8089686,3.316200043870601e-06,9.602893613764053e-05,0.31462585034013607,0.1992661586226362,0.11535969171749988
4,C9orf78,4.631882,0.55615973,3.6235638816586563e-06,0.00010474404358271603,0.4387755102040816,0.3505503810330229,0.08822512917105874
4,TMC6,4.6221747,0.75024,3.797381623352001e-06,0.0001093819731332079,0.34183673469387754,0.24188540784645782,0.09995132684741972
4,IRF1,4.6145205,0.55018884,3.9400372757551e-06,0.00011289483339514746,0.4880952380952381,0.3948631103584533,0.0932321277367848
4,DSTN,4.5808616,0.6870683,4.6306438590921065e-06,0.00013083414120018783,0.36904761904761907,0.270956816257409,0.0980908027902101
4,LINC00861,4.572722,0.7056865,4.8142843142706654e-06,0.00013510549856909497,0.3520408163265306,0.2438611346316681,0.10817968169486253
4,ARID4B,4.5702953,0.5877129,4.8703760076690805e-06,0.00013644558537923598,0.40816326530612246,0.31216483206322326,0.0959984332428992
4,BUB3,4.5511603,0.719609,5.335091592279401e-06,0.00014895466474621722,0.3401360544217687,0.23962743437764605,0.10050862004412264
4,FERMT3,4.549555,0.7060019,5.375956319292338e-06,0.00014983990006804418,0.3554421768707483,0.25769122212814,0.09775095474260831
4,NUCB2,4.5414715,0.8169404,5.586299694472386e-06,0.0001554378389477257,0.3163265306122449,0.21620095963872424,0.10012557097352068
4,DEF6,4.5247817,0.82336855,6.045785845147919e-06,0.00016765271561434763,0.3078231292517007,0.2088625458650861,0.09896058338661459
4,CCDC88C,4.488565,0.84721124,7.170449927446995e-06,0.00019716929624026937,0.29931972789115646,0.19785492520462886,0.1014648026865276
4,ISG20,4.47841,0.5244126,7.520122122467541e-06,0.0002060916550179086,0.4931972789115646,0.3965565904600621,0.09664068845150253
4,SELK,4.465155,0.5267541,8.001080061903466e-06,0.00021769790803940881,0.44387755102040816,0.3624047417442845,0.08147280927612366
4,ABI3,4.450762,1.0231136,8.556624777142157e-06,0.0002310147491399717,0.25170068027210885,0.14422805532035,0.10747262495175885
4,SYTL1,4.4305625,0.6728591,9.39875850069605e-06,0.0002525009652379114,0.3520408163265306,0.26333615580016934,0.08870466052636128
4,F8A1,4.4036613,0.88243693,1.0643901582967203e-05,0.0002840862541581181,0.2789115646258503,0.18148461755574372,0.0974269470701066
4,ZNF428,4.3867664,0.78500056,1.150481501718054e-05,0.00030656397149200456,0.30612244897959184,0.20716906576347727,0.09895338321611458
4,SH3KBP1,4.311645,0.5781392,1.6204440596501984e-05,0.00041949501993571034,0.4013605442176871,0.3163985323172453,0.08496201190044178
4,EZR,4.2977743,0.6154298,1.7252156411111178e-05,0.00044293956732629157,0.3945578231292517,0.30708439175839686,0.08747343137085484
4,AHNAK,4.247818,0.56375164,2.1586270457064486e-05,0.0005467073853684707,0.413265306122449,0.32514817950889074,0.08811712661355825
4,RNF166,4.2232504,0.8233758,2.408040603674795e-05,0.0006079930913074586,0.28401360544217685,0.18938752469658482,0.09462608074559203
4,TCF25,4.2226715,0.5072424,2.4142340809924068e-05,0.0006086176240233708,0.44047619047619047,0.3643804685294948,0.07609572194669567
4,ORMDL3,4.20994,0.9602546,2.5543871294020262e-05,0.0006409866230697324,0.25,0.1501552356759808,0.0998447643240192
4,CHMP4A,4.2043204,0.55965203,2.6186748674259628e-05,0.0006531118827127466,0.4098639455782313,0.33051086649731864,0.07935307908091266
4,SSBP4,4.2038164,0.8697813,2.624516145563582e-05,0.0006535724300999355,0.27721088435374147,0.18656505786057015,0.09064582649317132
4,IRF3,4.1777554,0.79189634,2.943997852961302e-05,0.0007286951417897104,0.2891156462585034,0.196725938470223,0.0923897077882804
4,RPN2,4.1758513,0.64834166,2.9687358580620626e-05,0.000733708268485701,0.3520408163265306,0.2630539091165679,0.08898690720996272
4,TMED9,4.172211,0.62129784,3.016580032606593e-05,0.000744408233989087,0.35374149659863946,0.2689810894721987,0.08476040712644078
4,GBP2,4.1601887,0.8081686,3.1798484739585686e-05,0.0007811636769134555,0.2925170068027211,0.19503245836861416,0.09748454843410692
4,P2RY8,4.1459446,0.8711237,3.38415534666565e-05,0.0008263905317432343,0.27040816326530615,0.17386395709850408,0.09654420616680207
4,REEP5,4.133213,0.6265683,3.577271444730073e-05,0.0008696543552337106,0.35714285714285715,0.2698278295230031,0.08731502761985405
4,BZW1,4.102709,0.57431394,4.083411473773643e-05,0.000986834492206951,0.38945578231292516,0.3214789726220717,0.06797680969085346
4,SPN,4.102279,0.68070585,4.090998765147087e-05,0.0009872098937547418,0.3231292517006803,0.23482924075642111,0.08830001094425918
4,IL16,4.0987883,0.568616,4.153185186360626e-05,0.0010007402479240972,0.3843537414965986,0.30002822466836016,0.08432551682823847
4,CASP4,4.076181,0.5295393,4.578138673376621e-05,0.001095072029753142,0.4064625850340136,0.3327688399661304,0.07369374506788323
4,GNG2,4.066791,0.82938546,4.766499181338332e-05,0.0011384626730784882,0.26700680272108845,0.1710414902624894,0.09596531245859904
4,IDS,4.0654283,0.5055943,4.7944388308734146e-05,0.0011425336723427562,0.43537414965986393,0.3545018346034434,0.08087231505642051
4,RCN2,4.053592,0.83286417,5.043708927814078e-05,0.0011989232594952354,0.27380952380952384,0.18120237087214225,0.09260715293738159
4,MANF,4.051035,0.90446705,5.099163926255215e-05,0.0012090930579342256,0.25170068027210885,0.15692915608241603,0.09477152418969281
4,KIF2A,4.050512,0.88008577,5.110568692429759e-05,0.0012100436233986004,0.25170068027210885,0.15608241603161163,0.09561826424049721
4,PDLIM2,4.0229764,0.6897813,5.746731228821227e-05,0.0013528384120107062,0.32142857142857145,0.2393451876940446,0.08208338373452687
4,EIF5B,4.0158076,0.613589,5.924259290143416e-05,0.0013906284970736935,0.35034013605442177,0.27067456957380753,0.07966556648061424
4,HSPA5,4.0042334,0.53166944,6.221898256133991e-05,0.001446543670279898,0.4268707482993197,0.3474456675134067,0.07942508078591298
4,ANXA2R,3.9805803,0.75341374,6.87472302293985e-05,0.001581959822479872,0.29591836734693877,0.20575783234546993,0.09016053500146884
4,POLR3GL,3.9794977,0.668282,6.906107011829726e-05,0.0015869496744458729,0.32482993197278914,0.2438611346316681,0.08096879734112106
4,ADGRE5,3.973337,0.69509286,7.08726653663496e-05,0.0016262940786239072,0.32142857142857145,0.23878069432684165,0.0826478771017298
4,SHISA5,3.970014,0.66240907,7.186840055748083e-05,0.0016399426799455284,0.32482993197278914,0.24216765453005928,0.08266227744272986
4,RALY,3.9402566,0.55735743,8.139447928217108e-05,0.0018402168893849095,0.37244897959183676,0.2938187976291279,0.07863018196270888
4,CDC37,3.9361496,0.53977954,8.279936319786129e-05,0.0018659509384024912,0.39625850340136054,0.32260795935647757,0.07365054404488297
4,BSG,3.9300637,0.53505504,8.492334930816898e-05,0.0019085589533392206,0.38945578231292516,0.31160033869602033,0.07785544361690483
4,HMOX2,3.9022293,0.7552737,9.531084125343479e-05,0.002124496830718592,0.28061224489795916,0.1947502116850127,0.08586203321294647
4,TMC8,3.8961992,0.7299689,9.771398270842065e-05,0.0021691973827577616,0.29081632653061223,0.20914479254868756,0.08167153398192467
4,SASH3,3.8615694,0.7547336,0.00011266095001718549,0.002474155440578754,0.2755102040816326,0.18995201806378775,0.08555818601784487
4,PSMC5,3.8293107,0.52209,0.0001285027499890597,0.0027995119741291686,0.38095238095238093,0.3048264182895851,0.07612596266279581
4,OCIAD2,3.8092048,0.50575864,0.00013941447463812986,0.0030171431475587867,0.37755102040816324,0.2952300310471352,0.08232098936102805
4,CPNE1,3.7995346,0.65515846,0.00014496810842784682,0.0031085494390406315,0.3078231292517007,0.22212813999435507,0.08569498925734562
4,CCDC107,3.7609284,0.79282147,0.00016928390902206948,0.00356914179833773,0.2687074829931973,0.18995201806378775,0.07875546492940955
4,CDK2AP2,3.7438655,0.7091179,0.00018121069530070038,0.00379614364380891,0.29081632653061223,0.20462884561106406,0.08618748091954817
4,PSMA5,3.7204926,0.6312147,0.00019883449710533137,0.004144048197127312,0.3231292517006803,0.24865932825289302,0.07446992344778727
4,SDHA,3.7108784,0.76778996,0.00020654123840108877,0.004282916605171373,0.2602040816326531,0.17499294383290998,0.0852111377997431
4,SH3BP5,3.6913328,0.734473,0.00022308210237536978,0.004573742201708553,0.2687074829931973,0.17922664408693198,0.08948083890626532
4,PMAIP1,3.6816998,0.7194204,0.0002316840895739238,0.004719146774257648,0.2925170068027211,0.2088625458650861,0.08365446093763498
4,NKTR,3.571426,0.50697577,0.0003550431196320493,0.0069650605279376,0.3741496598639456,0.31160033869602033,0.06254932116792528
4,SEC11C,3.570175,0.71267635,0.0003567427732237977,0.006990022170915634,0.2755102040816326,0.19870166525543326,0.07680853882619937
4,AIP,3.545066,0.60471106,0.000392514662136743,0.007645157603832443,0.30952380952380953,0.23906294101044312,0.07046086851336641
4,PPP1R12A,3.5171382,0.62405974,0.0004362265693836483,0.008466314236875291,0.3078231292517007,0.23680496754163138,0.0710181617100693
4,SLFN5,3.504201,0.67236865,0.00045797947339642174,0.00884651967442604,0.28061224489795916,0.19870166525543326,0.0819105796425259
4,RNF126,3.4883702,0.66958565,0.0004859745891440327,0.00936517108714431,0.27721088435374147,0.20067739204064353,0.07653349231309794
4,SEPW1,3.4603305,0.52934855,0.0005395129963374798,0.0102998507970566,0.3469387755102041,0.27885972339825005,0.06807905211195403
4,GSDMD,3.4455638,0.6370279,0.0005698696113197142,0.010841438035816098,0.2925170068027211,0.2235393734123624,0.06897763339035867
4,RSBN1L,3.3944871,0.71268576,0.000687572863609703,0.012786000789045274,0.25510204081632654,0.17837990403612758,0.07672213678019896
4,COPS6,3.3890731,0.5684612,0.0007012927499241668,0.013008900999443641,0.3129251700680272,0.24611910810047982,0.0668060619675474
4,NDUFA5,3.341413,0.52107507,0.0008335315961570443,0.015152678271917113,0.33503401360544216,0.26418289585097376,0.0708511177544684
4,DNAJC19,3.3282704,0.62968093,0.0008738700692389341,0.01578078168081479,0.27721088435374147,0.20491109229466553,0.07229979205907594
4,MED4,3.3076046,0.56717956,0.000940975936062863,0.016807104028301857,0.2976190476190476,0.22918430708439175,0.06843474053465587
4,SEMA4D,3.2840638,0.68761593,0.0010232179032707185,0.0181374519126893,0.2585034013605442,0.1851538244425628,0.07334957691798144
4,CCT7,3.257032,0.5574414,0.0011258377328672018,0.01971039205661774,0.3112244897959184,0.24357888794806662,0.06764560184785176
4,CNPY2,3.2567892,0.5871791,0.0011268006913815129,0.01971039205661774,0.29081632653061223,0.2201524132091448,0.07066391332146743
4,SLC38A1,3.2473617,0.59082437,0.001164802561837425,0.02031698796825385,0.2976190476190476,0.22297488004515947,0.07464416757388814
4,SRI,3.2329872,0.50277734,0.0012250310929732215,0.021254224509156816,0.34183673469387754,0.2830934236522721,0.05874331104160546
4,ILF3,3.2162602,0.559778,0.001298730155161002,0.022414054924672105,0.30272108843537415,0.23595822749082698,0.06676286094454717
4,UBE2L6,3.2147853,0.5334789,0.0013054206920990242,0.0225057828697915,0.3231292517006803,0.26051368896415467,0.06261556273652563
4,NFATC3,3.201979,0.6518599,0.0013648698817498024,0.023407375403887334,0.26360544217687076,0.19164549816539656,0.07195994401147421
4,RPA2,3.1408026,0.5964405,0.0016848550095897633,0.028330845644294056,0.28401360544217685,0.2190234264747389,0.06499017896743794
4,TSPYL2,3.1155257,0.6859918,0.001836173310371812,0.03068603833605027,0.25,0.1797911374541349,0.07020886254586509
4,PRMT1,3.044026,0.531941,0.002334350448163773,0.0377394344687821,0.29081632653061223,0.22466836014676828,0.06614796638384396
4,ICAM2,3.0348225,0.5128885,0.002406773713225796,0.038759509872267395,0.304421768707483,0.23962743437764605,0.06479433432983694
4,ATF6B,3.012103,0.52765065,0.002594445524232717,0.041291559554446966,0.30952380952380953,0.2472480948348857,0.062275714688923844
4,AKAP9,2.990597,0.50734645,0.0027843264359109447,0.04405644566531815,0.304421768707483,0.23906294101044312,0.06535882769703988
4,HSPA9,2.9890661,0.58266157,0.0027983146106742795,0.044192302456797186,0.272108843537415,0.2105560259666949,0.06155281757072009
4,TEX264,2.9796388,0.59580153,0.002885885336973525,0.04535635926822656,0.26700680272108845,0.2034998588766582,0.06350694384443026
4,TTC19,2.9466143,0.5207423,0.003212735756533289,0.04940185123368528,0.2925170068027211,0.23708721422523285,0.05542979257748823
5,SEC61B,9.948636,3.8941994,2.5566267086108644e-23,4.182896957958235e-19,1.0,0.5399072492067366,0.4600927507932634
5,LILRA4,9.755081,9.390612,1.7546050235541323e-22,9.276797181543556e-19,0.9705882352941176,0.017573834513058335,0.9530144007810593
5,IRF7,9.7261305,6.6884985,2.332986820816373e-22,9.276797181543556e-19,0.9705882352941176,0.10715157432267512,0.8634366609714426
5,PLD4,9.719778,7.219186,2.483232732239883e-22,9.276797181543556e-19,0.9705882352941176,0.057359043202343175,0.9132291920917744
5,JCHAIN,9.706277,7.786794,2.835033672007688e-22,9.276797181543556e-19,0.9705882352941176,0.05565047595801806,0.9149377593360996
5,IRF8,9.653575,5.8299613,4.747146936640931e-22,1.2611704441361034e-18,0.9705882352941176,0.1772028313400049,0.7933854039541127
5,ITM2C,9.640435,6.5213675,5.395876235531278e-22,1.2611704441361034e-18,0.9705882352941176,0.11032462777642177,0.8602636075176959
5,C12orf75,9.53337,4.9207344,1.5225898901378531e-21,3.1138866490681765e-18,0.9705882352941176,0.19428850378325604,0.7762997315108616
5,LRRC26,9.458431,11.449934,3.1259792398265643e-21,5.682682926978047e-18,0.9411764705882353,0.001464486209421528,0.9397119843788138
5,ALOX5AP,9.436412,4.310938,3.857643518339837e-21,6.311490560355808e-18,0.9705882352941176,0.2953380522333415,0.6752501830607762
5,PLAC8,9.39064,3.5417938,5.963682492002071e-21,8.870164477422351e-18,0.9705882352941176,0.5806687820356359,0.38991945325848176
5,PPP1R14B,9.349994,6.4889345,8.765266903974197e-21,1.1375465301963372e-17,0.9411764705882353,0.06663412252867952,0.8745423480595558
5,CCDC50,9.3467455,6.4193163,9.038631436068935e-21,1.1375465301963372e-17,0.9411764705882353,0.06809860873810104,0.8730778618501343
5,MZB1,9.293104,6.4863286,1.4985272473955553e-20,1.7512431639027627e-17,0.9411764705882353,0.0507688552599463,0.8904076153282889
5,TXN,9.252892,4.276012,2.1850007155658447e-20,2.3832531138248523e-17,0.9705882352941176,0.3509885281913595,0.6195997071027581
5,CLEC4C,9.155067,10.288301,5.432402498793784e-20,5.554971080172819e-17,0.9117647058823529,0.001708567244325116,0.9100561386380278
5,GZMB,9.034141,7.2366104,1.6529664261712474e-19,1.590834335211046e-16,0.9117647058823529,0.0873810104954845,0.8243836953868684
5,RNASE6,8.954148,4.217705,3.423692288307527e-19,3.0026642519556246e-16,0.9705882352941176,0.1686599951183793,0.8019282401757384
5,VAMP8,8.9521265,2.7960668,3.486988618492566e-19,3.0026642519556246e-16,1.0,0.5511349768123017,0.4488650231876983
5,TCF4,8.913358,5.6651955,4.950990789572927e-19,4.0501580154101334e-16,0.9117647058823529,0.065169636319258,0.8465950695630949
5,LILRB4,8.900002,5.822514,5.584585347439653e-19,4.3509238509266744e-16,0.9117647058823529,0.043934586282645835,0.8678301195997071
5,APP,8.8638315,5.2286844,7.731030229290106e-19,5.749426617337065e-16,0.9117647058823529,0.09055406394923114,0.8212106419331218
5,NPC2,8.850259,3.4493861,8.731626629591433e-19,6.211223621162845e-16,1.0,0.46131315596778133,0.5386868440322187
5,SERPINF1,8.834882,8.113786,1.0020430516541727e-18,6.831010986714133e-16,0.8823529411764706,0.012692213814986576,0.869660727361484
5,DNASE1L3,8.807087,7.8525467,1.2844057892286287e-18,8.405665247027837e-16,0.8823529411764706,0.012448132780082987,0.8699048083963876
5,DERL3,8.800734,7.442648,1.3592499838305775e-18,8.55334191748157e-16,0.8823529411764706,0.01806199658286551,0.864290944593605
5,BCL11A,8.771206,4.6990533,1.7676349005850513e-18,1.0711212817952602e-15,0.9411764705882353,0.08494020014644862,0.8562362704417866
5,SPCS1,8.75821,2.9269161,1.9837466309414406e-18,1.159145665315461e-15,1.0,0.5406394923114474,0.45936050768855263
5,UGCG,8.739656,6.2418637,2.338208361438761e-18,1.3191526552241231e-15,0.8823529411764706,0.04857212594581401,0.8337808152306565
5,CTSC,8.5572195,3.579353,1.156226847835336e-17,6.305675819144645e-15,0.9705882352941176,0.2828899194532585,0.6876983158408592
5,CLIC3,8.545813,5.0298715,1.2763537635771942e-17,6.736265782544024e-15,0.9117647058823529,0.08518428118135221,0.8265804247010007
5,RNASET2,8.53881,2.8978343,1.3561195072455732e-17,6.933584768139006e-15,0.9705882352941176,0.44398340248962653,0.5266048328044911
5,IL3RA,8.485745,7.4059944,2.143393932431885e-17,1.0626687311672142e-14,0.8529411764705882,0.013668537954600928,0.8392726385159873
5,GSN,8.460622,5.19497,2.6595522827961297e-17,1.2797922029066905e-14,0.8823529411764706,0.05247742250427142,0.8298755186721991
5,SSR4,8.402505,2.1489286,4.370542201666443e-17,2.0430411703275618e-14,1.0,0.6729314132291921,0.32706858677080786
5,SPIB,8.389221,5.008967,4.893741476784159e-17,2.2240695639351562e-14,0.8823529411764706,0.07127166219184769,0.8110812789846229
5,SEC61G,8.35269,2.604061,6.672548646149061e-17,2.950528875666076e-14,0.9411764705882353,0.5806687820356359,0.3605076885525994
5,PPIB,8.33327,2.7830677,7.863972880985992e-17,3.385854218573995e-14,0.9411764705882353,0.5208689284842568,0.42030754210397847
5,CYBA,8.2662,1.8815554,1.3829597637594708e-16,5.801693511504795e-14,0.9705882352941176,0.9121308274347083,0.05845740785940934
5,TPM2,8.24974,8.710619,1.587395996161705e-16,6.492846473300414e-14,0.8235294117647058,0.006346106907493288,0.8171833048572126
5,CD74,8.162384,3.29091,3.2847653210550018e-16,1.2795725099471639e-13,1.0,0.9126189895045155,0.08738101049548452
5,IGKC,8.141303,3.926507,3.9104700433899384e-16,1.4878883809279716e-13,1.0,0.25262387112521356,0.7473761288747864
5,TGFBI,8.1268635,3.8349786,4.4053996555269953e-16,1.6381078128199356e-13,0.9411764705882353,0.13912618989504516,0.8020502806931902
5,PLP2,8.11163,2.998142,4.994493795564816e-16,1.8158869553163545e-13,0.9411764705882353,0.3958994386136197,0.5452770319746156
5,PARK7,8.084774,2.3646836,6.227957269893963e-16,2.215121932450764e-13,0.9705882352941176,0.5381986819624115,0.43238955333170614
5,CYB561A3,8.049254,3.7987065,8.330021291517149e-16,2.87640267448431e-13,0.9117647058823529,0.1886746399804735,0.7230900659018794
5,SRP14,8.047666,1.5551497,8.438807430795604e-16,2.87640267448431e-13,0.9705882352941176,0.8640468635587015,0.10654137173541611
5,MPEG1,8.012001,3.6584187,1.1285667622926113e-15,3.768261387320289e-13,0.9411764705882353,0.1908713692946058,0.7503051012936295
5,UCP2,8.003049,2.3278856,1.2137551457796662e-15,3.9716495880202236e-13,0.9705882352941176,0.6133756407127167,0.357212594581401
5,SCT,7.981535,11.504591,1.4452465089188316e-15,4.636407476945295e-13,0.7941176470588235,0.000976324139614352,0.7931413229192091
5,CTSB,7.9776363,3.532709,1.4916202148507327e-15,4.693153525994777e-13,0.9117647058823529,0.21894068830851843,0.6928240175738345
5,TSPAN13,7.949697,4.73029,1.8696842122440226e-15,5.771679886136689e-13,0.8529411764705882,0.06224066390041494,0.7907005125701733
5,VIMP,7.9267387,3.9200437,2.2497575486134955e-15,6.816348750530629e-13,0.8823529411764706,0.1986819624115206,0.68367097876495
5,PTCRA,7.9240675,7.806746,2.2986454959330663e-15,6.837843447083799e-13,0.7941176470588235,0.00732243104710764,0.7867952160117159
5,MAPKAPK2,7.91526,5.1696296,2.46737327456555e-15,7.20869538306553e-13,0.8235294117647058,0.051989260434464245,0.7715401513302416
5,GPX1,7.8667445,3.0055993,3.639885197612609e-15,1.0447747669849104e-12,1.0,0.5579692457896022,0.44203075421039784
5,HERPUD1,7.7693534,3.149514,7.888778982049608e-15,2.2253157400916146e-12,0.9411764705882353,0.28703929704661946,0.6541371735416158
5,TAGLN2,7.6805534,2.4338324,1.584028510017976e-14,4.392591602102391e-12,0.9411764705882353,0.5967781303392726,0.34439834024896265
5,LINC00996,7.6480656,8.297291,2.0402522641529586e-14,5.490683890148048e-12,0.7647058823529411,0.005369782767878936,0.7593360995850622
5,FKBP2,7.6476326,3.2618382,2.0471347552046386e-14,5.490683890148048e-12,0.9117647058823529,0.24066390041493776,0.6711008054674151
5,SMPD3,7.6398354,8.123434,2.1749979377479582e-14,5.7395389128216684e-12,0.7647058823529411,0.005613863802782524,0.7590920185501586
5,HSP90B1,7.618177,2.8499982,2.5728385144464402e-14,6.6816207833108266e-12,0.9117647058823529,0.4207957041737857,0.4909690017085672
5,PLEK,7.593125,3.1475682,3.1228095531818195e-14,7.98316985931371e-12,0.9411764705882353,0.2665364901147181,0.6746399804735173
5,IDH3A,7.579047,4.3547325,3.481024645874451e-14,8.7620068047926e-12,0.8235294117647058,0.07249206736636564,0.7510373443983402
5,GAPT,7.5103893,3.814847,5.895174862703297e-14,1.461378120131646e-11,0.8529411764705882,0.11691481571881865,0.7360263607517695
5,SPINT2,7.37589,2.9877985,1.6325098541308837e-13,3.986491600512744e-11,0.9117647058823529,0.231632902123505,0.680131803758848
5,GRN,7.3679485,3.0876513,1.7327388467028015e-13,4.169020628074197e-11,0.9117647058823529,0.3270685867708079,0.584696119111545
5,PTPRS,7.361884,8.935411,1.813325725865534e-13,4.2996843769400005e-11,0.7352941176470589,0.00366121552355382,0.7316329021235051
5,GAS6,7.3277354,7.431808,2.3407384314335075e-13,5.470974496669088e-11,0.7352941176470589,0.008786917256529168,0.7265072003905297
5,FCER1G,7.289039,3.2728899,3.121735619669165e-13,7.193622038508057e-11,0.9705882352941176,0.40322186966072737,0.5673663656333903
5,CAPG,7.182046,3.0886161,6.867588580918164e-13,1.560564121838918e-10,0.8823529411764706,0.21869660727361484,0.6636563339028557
5,TMED9,7.15916,2.7415738,8.117291605646387e-13,1.819274081643569e-10,0.9117647058823529,0.27581156944105445,0.6359531364412985
5,ERP29,7.145515,1.87444,8.965903910502528e-13,1.9823128902666467e-10,1.0,0.6299731510861606,0.3700268489138394
5,RPS6KA4,7.0854487,4.308626,1.3859447772942494e-12,2.9836108554356857e-10,0.7647058823529411,0.07273614840126923,0.6919697339516719
5,STMN1,6.893626,3.555135,5.4387820901960534e-12,1.1408194074063798e-09,0.7941176470588235,0.1381498657554308,0.6559677813033926
5,FCER1A,6.792842,5.21431,1.0994594258126434e-11,2.2485319582150823e-09,0.7058823529411765,0.02928972418843056,0.676592628752746
5,CNPY3,6.7842507,2.3780184,1.1669066133687165e-11,2.357007296459947e-09,0.9411764705882353,0.35538198681962413,0.5857944837686111
5,MYL6,6.7801356,1.3325276,1.2006327934135767e-11,2.3955552601267716e-09,1.0,0.9101781791554796,0.0898218208445204
5,SFT2D2,6.76844,3.7226174,1.3017851681040215e-11,2.566085197030108e-09,0.7647058823529411,0.09714425189162802,0.6675616304613131
5,HIGD1A,6.757322,3.7450848,1.4056579588954102e-11,2.737853555415215e-09,0.7647058823529411,0.11056870881132536,0.6541371735416157
5,CDK2AP2,6.6991324,3.1178982,2.096604671908766e-11,3.898016936034013e-09,0.8235294117647058,0.21186233829631437,0.6116670734683914
5,CHCHD2,6.6956673,1.509273,2.1468995510679344e-11,3.94667680393511e-09,0.9705882352941176,0.7803270685867708,0.19026116670734683
5,RBX1,6.6822386,2.1238005,2.3531913671076416e-11,4.277840439694236e-09,0.9117647058823529,0.45814010251403464,0.4536246033683183
5,PHB,6.643759,2.88485,3.057828464838037e-11,5.459309814065134e-09,0.8235294117647058,0.22040517451793995,0.6031242372467659
5,CD68,6.6431813,3.00466,3.0698398807774116e-11,5.459309814065134e-09,0.8529411764705882,0.20722479863314622,0.645716377837442
5,FAM129C,6.634662,4.008262,3.252465155757557e-11,5.72189058208058e-09,0.7352941176470589,0.07810593116914816,0.6571881864779108
5,UNC93B1,6.5161176,3.6767783,7.215033859705531e-11,1.2425807260909705e-08,0.7352941176470589,0.10641933121796436,0.6288747864290946
5,RGS1,6.5118585,3.6909027,7.422674971218237e-11,1.2650248458760582e-08,0.7352941176470589,0.13888210886014157,0.5964120087869174
5,P4HB,6.502545,2.2980037,7.897234634865311e-11,1.3320273800106325e-08,0.8823529411764706,0.38735660239199415,0.4949963387844764
5,TRAF4,6.498358,5.2500153,8.120151994918945e-11,1.3556510896823353e-08,0.6764705882352942,0.029533805223334146,0.64693678301196
5,TNFRSF21,6.495542,9.916011,8.273492074953604e-11,1.3672990286698578e-08,0.6470588235294118,0.000976324139614352,0.6460824993897974
5,DBNL,6.482475,2.4094608,9.02301447226378e-11,1.4616390077297793e-08,0.9117647058823529,0.3309738833292653,0.5807908225530876
5,PACSIN1,6.4704185,8.081905,9.773202775443523e-11,1.567640888323838e-08,0.6470588235294118,0.00366121552355382,0.643397608005858
5,SUB1,6.412951,1.6155161,1.427295064766625e-10,2.2271606357687372e-08,0.9705882352941176,0.7124725408835734,0.25811569441054427
5,PTPRE,6.4127345,3.1110218,1.4293250214272808e-10,2.2271606357687372e-08,0.7941176470588235,0.18550158652672688,0.6086160605320966
5,TMEM258,6.375337,1.8165829,1.825608035237654e-10,2.8178087796720054e-08,0.9705882352941176,0.6009275079326336,0.36966072736148403
5,SERF2,6.371511,1.0027565,1.8717501562960068e-10,2.862028439921399e-08,1.0,0.9687576275323407,0.031242372467659263
5,CALM2,6.361115,1.6676215,2.0029470232623099e-10,3.03427928218469e-08,1.0,0.7581156944105443,0.24188430558945573
5,HLA-DQA1,6.299677,2.5572028,2.982671042501728e-10,4.4363164478518887e-08,0.9411764705882353,0.3541615816451062,0.587014888943129
5,ATP5E,6.287259,0.92699903,3.231197790934471e-10,4.7626691042773765e-08,1.0,0.9702221137417623,0.02977788625823774
5,CD164,6.2545547,2.1131065,3.986516433476817e-10,5.823517443581625e-08,0.8823529411764706,0.4371491335123261,0.44520380766414447
5,HLA-DPA1,6.249862,2.5164256,4.108153839202932e-10,5.948097784353909e-08,1.0,0.543812545765194,0.456187454234806
5,JAML,6.232752,2.580116,4.583120308400783e-10,6.57758169874958e-08,0.8529411764705882,0.2753234073712473,0.5776177690993409
5,SPCS3,6.2225,2.7710252,4.892945198770171e-10,6.961171860615545e-08,0.7941176470588235,0.2013668537954601,0.5927507932633633
5,C9orf142,6.1931887,2.5244157,5.895901489375417e-10,8.315762436868207e-08,0.8529411764705882,0.300951916036124,0.5519892604344643
5,SMIM5,6.187413,8.469108,6.115948710625753e-10,8.552396312354525e-08,0.6176470588235294,0.002684891383939468,0.61496216743959
5,OFD1,6.1468396,3.1708117,7.904200413152366e-10,1.0959374827083547e-07,0.7647058823529411,0.18184037100317305,0.582865511349768
5,HLA-DPB1,6.122871,2.4018173,9.190423009555971e-10,1.2635673181457584e-07,1.0,0.5843299975591897,0.4156700024408103
5,FEZ2,6.115218,3.5208242,9.642500145299776e-10,1.305581473646471e-07,0.7058823529411765,0.08298755186721991,0.6228948010739566
5,GPR183,6.1150017,2.8439393,9.655605299873053e-10,1.305581473646471e-07,0.7941176470588235,0.2111300951916036,0.5829875518672198
5,OPN3,6.096953,3.9635699,1.08109480015765e-09,1.4380318719820579e-07,0.6764705882352942,0.06761044666829387,0.6088601415670003
5,CST3,6.09291,3.0262895,1.1087655230311688e-09,1.462944574380077e-07,0.9705882352941176,0.5330729802294362,0.4375152550646815
5,PTMS,6.0895166,4.577204,1.1325211132213694e-09,1.482334234673186e-07,0.6470588235294118,0.04051745179399561,0.6065413717354162
5,CXCR3,5.9917645,3.7187705,2.075765262013958e-09,2.6741413741582966e-07,0.6764705882352942,0.0671222845984867,0.6093483036368075
5,CSF2RB,5.98339,4.197028,2.185409901669022e-09,2.7933977657192866e-07,0.6470588235294118,0.042226019038320725,0.6048328044910911
5,TM9SF2,5.980213,3.0711422,2.2284581721815142e-09,2.825809913829308e-07,0.7352941176470589,0.14913351232609226,0.5861606053209666
5,PPIA,5.978986,1.278294,2.2453107316044865e-09,2.825809913829308e-07,0.9705882352941176,0.840615084207957,0.1299731510861606
5,TMED10,5.9603596,2.341923,2.5168363421055403e-09,3.1195423782718744e-07,0.7941176470588235,0.303880888454967,0.49023675860385646
5,TACC1,5.9541507,2.827729,2.6142582029063424e-09,3.2159307111090724e-07,0.7647058823529411,0.15743226751281425,0.6072736148401269
5,SUSD1,5.9480143,5.1206493,2.7141518812560252e-09,3.3138984275544647e-07,0.6176470588235294,0.027581156944105442,0.590065901879424
5,NUCB2,5.935019,2.577038,2.9381148675226634e-09,3.560777581299133e-07,0.7941176470588235,0.2257749572858189,0.5683426897730046
5,GLIPR1,5.928088,2.262218,3.064817706899515e-09,3.687020772248748e-07,0.9117647058823529,0.3068098608738101,0.6049548450085428
5,RP11-73G16.2,5.915671,29.853155,3.3052592960950677e-09,3.9186483582182173e-07,0.5882352941176471,0.0,0.5882352941176471
5,GNG7,5.8841214,3.4980757,4.001740130520668e-09,4.7102496601042195e-07,0.6764705882352942,0.07957041737856968,0.5969001708567245
5,MYDGF,5.881017,2.413213,4.077532333104915e-09,4.765179035852108e-07,0.7941176470588235,0.2662924090798145,0.5278252379790089
5,MYL12A,5.87979,1.0664974,4.107880487494238e-09,4.766598060701648e-07,0.9705882352941176,0.9121308274347083,0.05845740785940934
5,OST4,5.861885,1.2068334,4.5764110406946435e-09,5.272863453296132e-07,0.9705882352941176,0.8379301928240176,0.13265804247010005
5,COMMD6,5.8447027,1.149642,5.074732858686584e-09,5.806133167900085e-07,0.9705882352941176,0.877959482548206,0.09262875274591165
5,SNRNP25,5.8322854,3.4581668,5.4673333809481534e-09,6.198787620671144e-07,0.6764705882352942,0.08494020014644862,0.5915303880888455
5,CD4,5.8305526,2.908089,5.524411826862107e-09,6.198787620671144e-07,0.7352941176470589,0.17402977788625823,0.5612643397608006
5,SSR3,5.8267264,2.45216,5.6525213155675266e-09,6.291217771700702e-07,0.8235294117647058,0.24945081767146693,0.5740785940932389
5,MS4A6A,5.814814,2.912802,6.070131870158789e-09,6.71036672484243e-07,0.7647058823529411,0.21845252623871125,0.5462533561142299
5,RNF130,5.8102655,2.4545345,6.237374382552626e-09,6.848971964627082e-07,0.8235294117647058,0.2133268245057359,0.6102025872589699
5,UBC,5.8053565,1.1843072,6.4229194070182724e-09,7.005692294548397e-07,1.0,0.9018794239687576,0.09812057603124236
5,CAT,5.792722,2.3613744,6.925454734922379e-09,7.454431902504278e-07,0.8235294117647058,0.25067122284598486,0.572858188918721
5,HLA-DMA,5.789979,2.2632713,7.039525309502146e-09,7.527691084232981e-07,0.8823529411764706,0.34976812301684157,0.532584818159629
5,HLA-DRB1,5.785142,2.4168985,7.2451163025240394e-09,7.697230378285443e-07,1.0,0.5760312423724676,0.4239687576275324
5,MGST2,5.71634,3.2566123,1.0884293365127936e-08,1.1270754667522668e-06,0.6764705882352942,0.0976324139614352,0.578838174273859
5,HLA-DQB1,5.6973524,2.290451,1.2168213656747413e-08,1.2442758977377778e-06,0.9705882352941176,0.4874298267024652,0.48315840859165243
5,FTH1,5.6858735,1.0310278,1.3014568879626673e-08,1.3225550399973416e-06,1.0,0.9912130827434709,0.008786917256529136
5,OGT,5.6473937,2.9007082,1.6289867558328636e-08,1.635082963937514e-06,0.7058823529411765,0.1403465950695631,0.5655357578716134
5,VEGFB,5.6306443,4.9767184,1.7953772544604598e-08,1.7911077597699745e-06,0.5882352941176471,0.025140346595069564,0.5630949475225775
5,SYK,5.615339,2.8791296,1.9617740259066156e-08,1.9452475659307966e-06,0.7058823529411765,0.12863070539419086,0.5772516475469857
5,UBE2E2,5.611657,3.418881,2.0039845935674485e-08,1.975132044298616e-06,0.6470588235294118,0.08152306565779839,0.5655357578716134
5,SOX4,5.6008997,3.4601796,2.1324193999184154e-08,2.089132562997916e-06,0.6470588235294118,0.08518428118135221,0.5618745423480596
5,CTSZ,5.592453,2.5626142,2.238837707524958e-08,2.1803347460009425e-06,0.7647058823529411,0.20453990724920673,0.5601659751037344
5,COMT,5.584295,2.5919461,2.3465018739829193e-08,2.271663737291985e-06,0.7352941176470589,0.19575298999267757,0.5395411276543813
5,UBE2J1,5.5442986,2.5341656,2.951344209959735e-08,2.8404083893618366e-06,0.7352941176470589,0.2011227727605565,0.5341713448865024
5,MARCH2,5.51441,3.2523015,3.4995184777099944e-08,3.3288152217333267e-06,0.6470588235294118,0.09153038808884549,0.5555284354405663
5,ATP5B,5.497372,1.7819623,3.8549296784336255e-08,3.6456938999336735e-06,0.9117647058823529,0.4727849646082499,0.438979741274103
5,MIF4GD,5.458098,2.943281,4.812625036281169e-08,4.4993918982054975e-06,0.6764705882352942,0.1257017329753478,0.5507688552599463
5,ARID3A,5.432685,3.6185036,5.5512312062616396e-08,5.131282133652356e-06,0.6176470588235294,0.07493287771540151,0.542714181108128
5,LYN,5.423805,2.3148875,5.834348788102153e-08,5.362684298996592e-06,0.7941176470588235,0.21820844520380767,0.5759092018550158
5,HLA-DRA,5.4092216,2.629802,6.329922949043691e-08,5.785691026218091e-06,1.0,0.6775689528923603,0.3224310471076397
5,UBB,5.4081388,1.2299654,6.368307213679495e-08,5.7884374623894565e-06,1.0,0.812789846228948,0.187210153771052
5,PRKCB,5.405684,2.050981,6.456148255615344e-08,5.835858652492963e-06,0.8529411764705882,0.3126678057114962,0.540273370759092
5,C12orf45,5.4036627,4.09578,6.529368282284781e-08,5.869615080574797e-06,0.5882352941176471,0.05540639492311447,0.5328288991945326
5,RRBP1,5.397093,3.5118852,6.772931606230248e-08,5.989834270785573e-06,0.6176470588235294,0.07590920185501586,0.5417378569685136
5,HLA-DMB,5.3717523,2.1937807,7.797511845698579e-08,6.858875876745938e-06,0.8235294117647058,0.2826458384183549,0.540883573346351
5,CORO1C,5.3651104,3.3849273,8.089969130703903e-08,7.078074061360778e-06,0.6176470588235294,0.07542103978520869,0.5422260190383208
5,BCL7A,5.3542814,3.3803759,8.58971917637945e-08,7.475340183231073e-06,0.6176470588235294,0.06614596045887235,0.5515010983646571
5,ERN1,5.3487945,3.0760381,8.854207394025231e-08,7.664745353103007e-06,0.6470588235294118,0.08762509153038808,0.5594337319990237
5,SFT2D1,5.3457623,2.1770692,9.003737053095462e-08,7.753165364510256e-06,0.7941176470588235,0.24945081767146693,0.5446668293873566
5,MDFIC,5.3425856,3.0594823,9.163008668945048e-08,7.849004441497902e-06,0.6470588235294118,0.10300219672931413,0.5440566268000977
5,MYBL2,5.286851,7.816585,1.244399698402746e-07,1.0603970554982982e-05,0.5294117647058824,0.003417134488650232,0.5259946302172321
5,CD2AP,5.2836742,3.7424703,1.266182534503716e-07,1.0733685205707407e-05,0.5882352941176471,0.05394190871369295,0.5342933854039541
5,DYNLL1,5.2734227,1.8443055,1.3390272184453933e-07,1.1292692948961381e-05,0.9117647058823529,0.43641689040761533,0.4753478154747376
5,MLEC,5.2523417,2.8990197,1.501775681072122e-07,1.2600283034882559e-05,0.6470588235294118,0.09714425189162802,0.5499145716377838
5,GNAS,5.2190595,1.8000425,1.798338161297885e-07,1.4935335358880557e-05,0.8529411764705882,0.39297046619477666,0.45997071027581155
5,P2RY14,5.2085915,6.0249524,1.9027963496188143e-07,1.5723056099047183e-05,0.5294117647058824,0.010251403465950696,0.5191603612399317
5,USF2,5.1992784,2.398133,2.0006389332940494e-07,1.636622679381197e-05,0.7058823529411765,0.19184769343422017,0.5140346595069564
5,SNRPN,5.1941524,1.9214151,2.056546817572304e-07,1.6739881831990283e-05,0.8529411764705882,0.3658774713204784,0.4870637051501098
5,CSF2RA,5.1893873,3.5529146,2.1098696065771033e-07,1.6960765790380795e-05,0.5882352941176471,0.06126433976080058,0.5269709543568465
5,SEC11C,5.189099,2.412844,2.1131438750799246e-07,1.6960765790380795e-05,0.7058823529411765,0.20551623138882108,0.5003661215523554
5,PDIA4,5.1889544,2.6191123,2.1147828502155626e-07,1.6960765790380795e-05,0.6764705882352942,0.15621186233829631,0.5202587258969978
5,A1BG,5.1761036,2.4587433,2.2656772600285745e-07,1.8082314951867077e-05,0.7058823529411765,0.16817183304857214,0.5377105198926044
5,HMGN3,5.158127,1.8683895,2.49432457852708e-07,1.981050700450561e-05,0.8823529411764706,0.3783256041005614,0.5040273370759092
5,DAB2,5.155889,5.4047813,2.524305132798711e-07,1.9951766317738994e-05,0.5294117647058824,0.016353429338540396,0.5130583353673419
5,MANF,5.153218,2.7015662,2.560544191591759e-07,2.0140895922419603e-05,0.6470588235294118,0.166463265804247,0.4805955577251648
5,NCF1,5.134158,1.9579881,2.8340966724507266e-07,2.218595964495997e-05,0.8235294117647058,0.3700268489138394,0.45350256285086643
5,KLF6,5.1243396,1.5654447,2.98582343151559e-07,2.3152159792903587e-05,0.9411764705882353,0.722723944349524,0.21845252623871125
5,KIAA0226L,5.1057854,4.0447006,3.294232301666791e-07,2.5423082399797343e-05,0.5588235294117647,0.043202343177935074,0.5156211862338297
5,SIVA1,5.0988545,2.199947,3.4171462997862684e-07,2.6247854746855933e-05,0.7058823529411765,0.28337808152306565,0.42250427141811087
5,SAMHD1,5.0961833,1.8461312,3.4656915595719833e-07,2.649634561035384e-05,0.9117647058823529,0.361972174762021,0.549792531120332
5,PSENEN,5.0935125,2.2651608,3.514902185609778e-07,2.6747588213377478e-05,0.7352941176470589,0.19990236758603858,0.5353917500610204
5,HINT1,5.084127,1.0317225,3.693208893034659e-07,2.797434754580558e-05,1.0,0.8645350256285087,0.1354649743714913
5,ATP13A2,5.0691824,3.8338144,3.9952791189504317e-07,3.012293164292535e-05,0.5588235294117647,0.04588723456187454,0.5129362948498902
5,HINT2,5.0621076,2.602482,4.1464727413441077e-07,3.1119468128959145e-05,0.6764705882352942,0.1608494020014645,0.5156211862338297
5,AC023590.1,5.0566206,4.904909,4.267510680589282e-07,3.1881617463525685e-05,0.5294117647058824,0.025872589699780325,0.503539175006102
5,COPE,5.0458636,1.6162456,4.5147763371143404e-07,3.3575570750694424e-05,0.8529411764705882,0.4942640956797657,0.3586770807908225
5,POMP,5.036478,1.7374033,4.7417523439034264e-07,3.510398646995654e-05,0.8823529411764706,0.43397608005857946,0.4483768611178911
5,ASIP,5.0283203,29.394726,4.947954444409858e-07,3.646553273197734e-05,0.5,0.0,0.5
5,NDUFV2,5.009766,1.8343052,5.449627478838537e-07,3.962726896945658e-05,0.8823529411764706,0.3126678057114962,0.5696851354649743
5,MAP1A,4.9940276,7.7514777,5.913300561186297e-07,4.262004867029472e-05,0.5,0.003173053453746644,0.49682694654625337
5,CIB2,4.990201,7.505607,6.031648180757419e-07,4.328236661639128e-05,0.5,0.003905296558457408,0.4960947034415426
5,LAMP5,4.985725,7.3284783,6.172991071865671e-07,4.405926311376566e-05,0.5,0.004393458628264584,0.49560654137173543
5,IGHM,4.985075,1.8188822,6.19377208982709e-07,4.405926311376566e-05,0.7647058823529411,0.1889187210153771,0.575787161337564
5,TUBA1B,4.959879,1.8596321,7.053707143261725e-07,4.9743837315045296e-05,0.8823529411764706,0.4588723456187454,0.42348059555772516
5,CD36,4.943274,2.2470126,7.682131560333664e-07,5.3712544640435504e-05,0.7058823529411765,0.166463265804247,0.5394190871369295
5,ST6GALNAC4,4.9295573,4.190933,8.24162364981942e-07,5.737923597221087e-05,0.5294117647058824,0.04027337075909202,0.4891383939467903
5,ARPC1B,4.926164,1.2100948,8.385964274022888e-07,5.8136763342071384e-05,0.9705882352941176,0.7664144495972663,0.2041737856968513
5,CCDC88A,4.9241424,3.0916305,8.473108391603384e-07,5.849304911182404e-05,0.5882352941176471,0.08298755186721991,0.5052477422504271
5,RP11-117D22.2,4.898802,5.8319235,9.642275541452719e-07,6.628456728307057e-05,0.5,0.013424456919697339,0.48657554308030265
5,IGFLR1,4.8871064,3.3630922,1.0232881281599483e-06,7.005028060596199e-05,0.5588235294117647,0.05857944837686112,0.5002440810349036
5,AP3S1,4.884868,2.0346227,1.0349799851160176e-06,7.055544806867985e-05,0.7352941176470589,0.2455455211130095,0.48974859653404934
5,TXNDC17,4.876638,2.3515115,1.0790916288824115e-06,7.325733668110015e-05,0.6764705882352942,0.15889675372223577,0.5175738345130584
5,ANAPC11,4.8727393,1.856891,1.100612856882699e-06,7.440961550189188e-05,0.8235294117647058,0.32804491091042226,0.4954845008542836
5,ATG101,4.849204,2.9532957,1.2395794187246912e-06,8.311786422030603e-05,0.5882352941176471,0.10763973639248231,0.48059555772516477
5,OSTC,4.8325267,1.9179935,1.348109315481581e-06,8.929723283641356e-05,0.7941176470588235,0.33365877471320476,0.4604588723456187
5,SLC15A4,4.80632,3.7949631,1.5373376795317458e-06,0.00010142089425330198,0.5294117647058824,0.043934586282645835,0.4854771784232365
5,BRI3,4.8035045,2.0585587,1.55912471668491e-06,0.00010244513851277837,0.7352941176470589,0.22894801073956553,0.5063461069074934
5,DSTN,4.772605,1.9434316,1.8185836717196972e-06,0.00011901538981202387,0.7352941176470589,0.28118135220893337,0.4541127654381255
5,PPM1K,4.7628584,2.2505395,1.908696710610337e-06,0.00012441508718046105,0.6764705882352942,0.1850134244569197,0.49145716377837445
5,CFL1,4.756433,0.76941156,1.970434499612504e-06,0.0001274240270678268,1.0,0.9541127654381255,0.04588723456187449
5,NEDD8,4.745387,1.2972128,2.0810776807381585e-06,0.0001340492595848701,0.8823529411764706,0.5899438613619722,0.2924090798144984
5,XBP1,4.7432213,1.8045545,2.1034612338875026e-06,0.00013495972253973896,0.7941176470588235,0.35001220405174516,0.4441054430070783
5,TRABD,4.737807,2.0081615,2.1604363212346307e-06,0.0001375365706292599,0.7352941176470589,0.24408103490358798,0.49121308274347086
5,H3F3B,4.734991,0.76820505,2.190646165027568e-06,0.00013891923219386062,0.9705882352941176,0.9812057603124237,-0.01061752501830604
5,NHP2,4.7324643,1.7878388,2.2181026189072248e-06,0.00014011728551328612,0.8235294117647058,0.32047839882841106,0.5030510129362948
5,KCNK17,4.726328,9.9906645,2.2861652298043414e-06,0.00014386134355703396,0.47058823529411764,0.000488162069807176,0.47010007322431047
5,SHD,4.7178087,8.908097,2.3839844937812307e-06,0.00014944203181132073,0.47058823529411764,0.001464486209421528,0.4691237490846961
5,RAB4B,4.7154984,2.764319,2.411196730606498e-06,0.00015057095308951496,0.5882352941176471,0.10763973639248231,0.48059555772516477
5,RAB11FIP1,4.6926847,2.415644,2.696427330087017e-06,0.0001677423861123714,0.6470588235294118,0.174762020990969,0.4722968025384428
5,PRDX6,4.6870537,1.7693299,2.7716638488218102e-06,0.00017176966754005167,0.8235294117647058,0.3395167195508909,0.48401269221381493
5,LSP1,4.676224,1.3790325,2.9220494373813455e-06,0.00018040622960375924,0.9117647058823529,0.6797656822064926,0.23199902367586034
5,MEF2C,4.6480684,1.9777149,3.350581001015448e-06,0.00020531406650791664,0.7352941176470589,0.24139614351964853,0.4938979741274103
5,FLOT1,4.6471295,2.3109004,3.3658557166759726e-06,0.00020548046783781934,0.6470588235294118,0.15938491579204295,0.48767390773736885
5,C1orf186,4.6448917,6.2875547,3.402549992340158e-06,0.00020694840306571496,0.47058823529411764,0.010251403465950696,0.4603368318281669
5,RPN2,4.626121,1.9976594,3.725778656469139e-06,0.00022410832572974847,0.7352941176470589,0.271906272882597,0.4633878447644619
5,RNF5,4.6105266,2.4116821,4.016499561785228e-06,0.00024071043710757552,0.6176470588235294,0.1501098364657066,0.4675372223578228
5,KDELR2,4.6022964,2.0037699,4.178577659081018e-06,0.00024950988715410417,0.7058823529411765,0.22797168659995118,0.47791066634122537
5,IRF4,4.5944996,5.473064,4.337893262141321e-06,0.0002571459118184571,0.47058823529411764,0.011715889675372224,0.4588723456187454
5,SULF2,4.582082,3.1928957,4.6036960448195104e-06,0.00027191722378805785,0.5294117647058824,0.06053209665608982,0.46887966804979253
5,ADA,4.575512,2.916374,4.750565089754807e-06,0.0002785806287938294,0.5588235294117647,0.10007322431047108,0.45875030510129367
5,GNG5,4.5732017,1.6634338,4.803269875930472e-06,0.0002806653515717802,0.8235294117647058,0.4212838662435929,0.40224554552111297
5,EIF4A3,4.571036,2.6733432,4.853188908425718e-06,0.0002821536930651082,0.5882352941176471,0.13741762265072005,0.45081767146692703
5,SELPLG,4.570603,2.1390212,4.863232164559655e-06,0.0002821536930651082,0.6764705882352942,0.19550890895777398,0.4809616792775202
5,YPEL5,4.556669,1.5379432,5.1971185015757925e-06,0.0003004595611458712,0.8235294117647058,0.45984866975835975,0.3636807420063461
5,LGMN,4.5511823,5.1741686,5.334529311064008e-06,0.0003073177255574586,0.47058823529411764,0.015621186233829631,0.454967049060288
5,CLN8,4.547356,3.2256274,5.432406722139931e-06,0.0003118582680032681,0.5294117647058824,0.07639736392482305,0.4530144007810593
5,CUX1,4.5420856,2.5521414,5.570037574686338e-06,0.0003181842219309783,0.5882352941176471,0.12106419331217964,0.4671711008054674
5,RUNX2,4.5416527,3.8332422,5.581496955821208e-06,0.0003181842219309783,0.5,0.04564315352697095,0.45435684647302904
5,CANX,4.53927,1.7491125,5.6449280612321116e-06,0.0003206828750340923,0.7647058823529411,0.3219428850378326,0.44276299731510854
5,TMED2,4.5327725,1.5909569,5.821448393570202e-06,0.00032921700054404986,0.7941176470588235,0.3961435196485233,0.3979741274103002
5,TRAPPC1,4.532267,1.4220064,5.835396990267982e-06,0.00032921700054404986,0.8823529411764706,0.50475958018062,0.3775933609958506
5,H1FX,4.509526,1.9442918,6.497271417021868e-06,0.00036404745771881776,0.7647058823529411,0.3924823041249695,0.37222357822797164
5,RABGAP1L,4.501801,2.5001209,6.738010280812972e-06,0.0003762477344859421,0.5882352941176471,0.12130827434708323,0.46692701977056383
5,PSAP,4.4979744,1.5042782,6.860392110642733e-06,0.0003817784874905638,0.9705882352941176,0.586526726873322,0.38406150842079567
5,TIMM8B,4.4944367,1.7976754,6.975426850323329e-06,0.0003868642667733559,0.7647058823529411,0.23675860385648034,0.5279472784964607
5,NADK,4.4899607,2.801246,7.123626708260592e-06,0.0003937488397765255,0.5588235294117647,0.09885281913595313,0.4599707102758116
5,GRSF1,4.4880114,2.3849266,7.189102344758572e-06,0.0003960299779885353,0.6176470588235294,0.16768367097876494,0.44996338784476453
5,RPLP0,4.471912,0.70582783,7.752330945466586e-06,0.00042420028962802275,1.0,0.9699780327068587,0.030021967293141327
5,FERMT3,4.461083,1.9494743,8.154657906527228e-06,0.00044472786002897323,0.7058823529411765,0.2680009763241396,0.4378813766170369
5,TCL1A,4.4253464,3.2170844,9.628774475903883e-06,0.0005233766750839317,0.5588235294117647,0.13082743470832317,0.4279960947034416
5,SRSF9,4.4101853,1.5742735,1.0328224825632258e-05,0.000558993045034143,0.8529411764705882,0.42714181108127897,0.42579936538930924
5,MAP2K6,4.40968,4.333988,1.0352355763421876e-05,0.000558993045034143,0.47058823529411764,0.029045643153526972,0.44154259214059066
5,STX7,4.404482,1.9614115,1.0603704919503459e-05,0.0005688105448786757,0.6764705882352942,0.18013180375884794,0.4963387844764462
5,LPXN,4.404482,2.0150313,1.0603704919503459e-05,0.0005688105448786757,0.6764705882352942,0.17939956065413717,0.49707102758115695
5,BST2,4.3748817,1.6189435,1.2149830941372425e-05,0.0006496189020646871,0.7647058823529411,0.3636807420063461,0.40102514034659503
5,ZFAT,4.3474474,6.027075,1.3773095117336925e-05,0.0007316286013465891,0.4411764705882353,0.007566512082011228,0.4336099585062241
5,DUSP5,4.3413835,4.0524516,1.4158852384167461e-05,0.000747267689862464,0.47058823529411764,0.03978520868928484,0.43080302660483283
5,PARVG,4.339939,2.0536838,1.4252206550061096e-05,0.0007497760494069118,0.6470588235294118,0.17671466927019772,0.47034415425921405
5,GORASP2,4.33272,2.1543896,1.4727850049368844e-05,0.0007723152392875758,0.6176470588235294,0.1357090554063949,0.48193800341713455
5,PLA2G16,4.320158,3.2505,1.5591763112557235e-05,0.0008124103066386908,0.5,0.06663412252867952,0.4333658774713205
5,SMIM14,4.31431,2.316677,1.6010212786215928e-05,0.0008315653695088216,0.5882352941176471,0.1645106175250183,0.4237246765926288
5,TYROBP,4.313227,2.1620336,1.60888691233281e-05,0.0008330062902745918,0.9705882352941176,0.4737612887478643,0.49682694654625337
5,ITGAE,4.3023977,2.3340044,1.689595794092305e-05,0.000872033968048713,0.5882352941176471,0.1381498657554308,0.45008542836221627
5,PARVB,4.291352,3.1641665,1.7758855949296818e-05,0.0009136875540454254,0.5,0.07420063461069075,0.42579936538930924
5,TMIGD2,4.2881756,3.1845098,1.8014681943230452e-05,0.0009239442359661236,0.5,0.07761776909934098,0.422382230900659
5,CCDC186,4.283627,2.8082266,1.8387098032019716e-05,0.000940097846568358,0.5294117647058824,0.11398584329997559,0.4154259214059068
5,CDKN2D,4.2819667,1.9884335,1.8524878079518463e-05,0.0009441916830498491,0.6764705882352942,0.24334879179887722,0.4331217964364169
5,COX6A1,4.279512,1.2333678,1.873035572010844e-05,0.0009516998445238951,0.9411764705882353,0.6216743958994386,0.31950207468879666
5,TP53I13,4.277779,3.1536257,1.887670389799425e-05,0.0009561664163315292,0.5,0.06272882597022211,0.4372711740297779
5,CHD9,4.26991,2.1020327,1.9555184002177845e-05,0.0009874764366038017,0.6176470588235294,0.16402245545521113,0.45362460336831834
5,MTDH,4.2655063,1.4703649,1.9944954653632442e-05,0.0010040597018094782,0.8235294117647058,0.4471564559433732,0.3763729558213326
5,STRBP,4.2561207,3.0823376,2.080043973841022e-05,0.0010439140937427288,0.5,0.07151574322675128,0.42848425677324875
5,B4GALT1,4.2512116,2.6365685,2.1261728382929748e-05,0.0010638016454835278,0.5588235294117647,0.12301684159140834,0.43580668782035636
5,KIF5B,4.247746,1.7392441,2.1593189775048603e-05,0.0010770920058218603,0.7647058823529411,0.2658042470100073,0.4989016353429338
5,DCPS,4.247024,3.1159506,2.1662860626140523e-05,0.0010772828653625686,0.5,0.0732243104710764,0.4267756895289236
5,COX17,4.213526,1.7823973,2.5141506387409603e-05,0.0012427195951794819,0.7058823529411765,0.2909445936050769,0.4149377593360996
5,NUDT1,4.1972094,2.4027843,2.702239333668505e-05,0.00133166679934188,0.5588235294117647,0.12887478642909445,0.4299487429826703
5,DCK,4.185586,1.7972795,2.84431241762212e-05,0.0013974713352767419,0.7058823529411765,0.2645838418354894,0.44129851110568713
5,PAIP1,4.1756954,2.3752868,2.970771828761707e-05,0.0014508894892647846,0.5588235294117647,0.12496948987063705,0.43385403954112767
5,PPP6R1,4.156275,2.5570912,3.2347863643425574e-05,0.001575129157946684,0.5294117647058824,0.09519160361239931,0.43422016109348305
5,USMG5,4.1524487,1.2565243,3.289367757962186e-05,0.0015969538839174873,0.8823529411764706,0.6097144251891629,0.2726385159873077
5,PFDN2,4.1486945,1.8088421,3.34376880124772e-05,0.0016137876506552788,0.6764705882352942,0.2533561142299243,0.42311447400536983
5,FAM60A,4.133028,2.1595976,3.580150646622913e-05,0.0017127147581695171,0.5882352941176471,0.1567000244081035,0.4315352697095436
5,PHEX,4.1221986,8.1234865,3.752732090623775e-05,0.0017796652097013211,0.4117647058823529,0.001464486209421528,0.4103002196729314
5,DHRS7,4.118878,1.736004,3.807220210744979e-05,0.001800286990404584,0.7058823529411765,0.2877715401513302,0.4181108127898463
5,SSR1,4.1118026,1.6991267,3.9258182475489345e-05,0.0018479077053700015,0.7058823529411765,0.2680009763241396,0.4378813766170369
5,PDIA3,4.110864,1.4967827,3.941811559037531e-05,0.0018479077053700015,0.8235294117647058,0.48303636807420064,0.3404930436905052
5,NDUFAF3,4.1047277,1.6596662,4.047917142280981e-05,0.0018922277818531179,0.7352941176470589,0.2860629729070051,0.44923114474005377
5,PPM1J,4.100107,7.100418,4.1295910955983684e-05,0.001924907120087889,0.4117647058823529,0.004149377593360996,0.40761532828899194
5,SLC1A5,4.083069,4.1273756,4.4444824680164235e-05,0.0020658005016822925,0.4411764705882353,0.03392726385159873,0.40724920673663656
5,HYOU1,4.0793147,3.1775124,4.5168632610478364e-05,0.002093495745439197,0.47058823529411764,0.052721503539175006,0.41786673175494266
5,SRGN,4.0580893,1.3959825,4.9475818277294546e-05,0.0022866493300418536,0.9411764705882353,0.6343666097144252,0.3068098608738101
5,UQCRQ,4.055707,1.2935939,4.998288185930764e-05,0.0023035772678876966,0.8823529411764706,0.5362460336831828,0.34610690749328776
5,CCDC189,4.051303,5.85174,5.0933175961159457e-05,0.0023399927224926572,0.4117647058823529,0.007566512082011228,0.4041981938003417
5,IRF2BP2,4.0409794,1.7920051,5.322847999466457e-05,0.002432601008918176,0.6764705882352942,0.21820844520380767,0.4582621430314865
5,LYSMD2,4.0385966,1.7653617,5.377191196942218e-05,0.0024498071762324965,0.6764705882352942,0.2033195020746888,0.47315108616060536
5,FAM213A,4.038019,3.8517075,5.3904442481736985e-05,0.0024498071762324965,0.4411764705882353,0.033439101781791554,0.40773736880644373
5,ZNF706,4.0358534,1.5479137,5.44041934723824e-05,0.002465670386154151,0.7352941176470589,0.36929460580912865,0.3659995118379302
5,DPP7,4.0344815,1.5167636,5.472296946995813e-05,0.002473266584248577,0.7647058823529411,0.3470832316329021,0.417622650720039
5,TAX1BP3,4.0321712,2.7551079,5.5263858819433906e-05,0.002490831939792722,0.5,0.09079814498413473,0.40920185501586526
5,ACADVL,4.031305,2.027608,5.546799501600014e-05,0.002493164468287852,0.5882352941176471,0.1869660727361484,0.4012692213814987
5,NDUFC2,4.0252404,1.4937321,5.691707748589136e-05,0.0025505699317820737,0.7941176470588235,0.35342933854039543,0.44068830851842805
5,MAP4K4,4.024663,2.4345524,5.7056939981189345e-05,0.0025505699317820737,0.5294117647058824,0.09860873810104955,0.43080302660483283
5,TUBB6,4.0225697,5.511846,5.7566675239729356e-05,0.0025663443422267356,0.4117647058823529,0.010495484500854283,0.4012692213814986
5,FAM96B,4.0219197,1.5791763,5.772574391286225e-05,0.002566442652604183,0.7058823529411765,0.31364412985111056,0.39223822309006595
5,TMEM109,4.0207644,2.0423567,5.800956105400119e-05,0.0025720716216924484,0.5882352941176471,0.18794239687576275,0.4002928972418843
5,CHPF,4.017371,5.324235,5.885093651414214e-05,0.0025953104374875457,0.4117647058823529,0.00976324139614352,0.4020014644862094
5,ARPC3,4.017371,0.98067987,5.885093651414214e-05,0.0025953104374875457,0.9705882352941176,0.8027825237979009,0.1678057114962167
5,SUMO3,4.016,1.6607805,5.9194336411667745e-05,0.002595864816495324,0.7058823529411765,0.31217964364168904,0.3937027092994875
5,MORF4L2,4.0154943,2.0836368,5.932132981741444e-05,0.002595864816495324,0.5882352941176471,0.1527947278496461,0.435440566268001
5,PYCARD,4.0154223,1.5180616,5.9339492779735415e-05,0.002595864816495324,0.8235294117647058,0.38711252135709057,0.4364168904076153
5,PHYKPL,4.013545,1.8784754,5.981358239544071e-05,0.0026096267241914814,0.6470588235294118,0.18769831584085916,0.45936050768855263
5,SERP1,4.0115957,1.1417032,6.0309701204046746e-05,0.002624273993083534,0.9411764705882353,0.6902611667073468,0.25091530388088845
5,NME4,4.0070477,3.1011858,6.14825073637978e-05,0.0026682103527296973,0.47058823529411764,0.065169636319258,0.40541859897485966
5,MNAT1,4.004954,3.0044568,6.202959816758214e-05,0.002677233479789382,0.47058823529411764,0.05565047595801806,0.41493775933609955
5,ATP6V0B,4.0047374,1.5342456,6.208645607399942e-05,0.002677233479789382,0.7941176470588235,0.377349279960947,0.41676836709787646
5,NOTCH4,4.0043764,5.3014355,6.21813289114336e-05,0.002677233479789382,0.4117647058823529,0.01440078105931169,0.3973639248230412
5,FCGRT,3.9983118,1.5775872,6.379585938328945e-05,0.0027395382030708623,0.7647058823529411,0.313400048816207,0.45130583353673415
5,VIM,3.9925363,1.1572942,6.537033497578217e-05,0.0027998011794208694,1.0,0.8091286307053942,0.1908713692946058
5,MGLL,3.9905148,5.0352993,6.593003774461853e-05,0.0028164003852211585,0.4117647058823529,0.012692213814986576,0.39907249206736634
5,SNX3,3.9884934,1.1323832,6.64942737160503e-05,0.0028331062819486955,0.8235294117647058,0.5818891872101538,0.24164022455455203
5,ZDHHC24,3.9870493,2.6202104,6.690009388124062e-05,0.0028356280725154864,0.5,0.08908957773980962,0.41091042226019037
5,RP11-356I2.4,3.9800465,3.722804,6.890179170472682e-05,0.0029129256177804538,0.4411764705882353,0.04247010007322431,0.39870637051501095
5,GPM6B,3.9570162,3.6176987,7.589177356502651e-05,0.003191941664003596,0.4411764705882353,0.04124969489870637,0.3999267756895289
5,FABP5,3.9557889,2.6259754,7.62824932517712e-05,0.0032001483899800737,0.5,0.09445936050768855,0.40554063949231145
5,HMGN1,3.9496524,1.2079661,7.826478883327147e-05,0.00327491102327661,0.9411764705882353,0.6324139614351965,0.3087625091530388
5,LAMTOR5,3.9486415,1.4075004,7.859591977092533e-05,0.0032803771514594627,0.8235294117647058,0.3961435196485233,0.42738589211618255
5,N4BP2L1,3.9373791,1.9733156,8.237639225487776e-05,0.003429415149318206,0.5882352941176471,0.16548694166463265,0.42274835245301445
5,FLNB,3.9256835,4.5502367,8.648379496458241e-05,0.003591272511206936,0.4117647058823529,0.017329753478154748,0.3944349524041982
5,ADI1,3.9160094,1.996418,9.002674197098005e-05,0.0037170420574077477,0.5882352941176471,0.17842323651452283,0.4098120576031242
5,HSPA5,3.915865,1.5014812,9.008064582279797e-05,0.0037170420574077477,0.7352941176470589,0.3556260678545277,0.37966804979253116
5,ODC1,3.9144933,2.166233,9.059425521154136e-05,0.0037170420574077477,0.5588235294117647,0.1484012692213815,0.4104222601903832
5,GUK1,3.9072015,1.1988325,9.337125149756767e-05,0.0038035236080215524,0.8235294117647058,0.5460092750793263,0.27752013668537956
5,GGA2,3.90583,2.4837162,9.39025607956007e-05,0.0038122575612328114,0.5,0.09445936050768855,0.40554063949231145
5,CBFA2T3,3.8963723,4.456976,9.76442492732656e-05,0.003954350401880937,0.4117647058823529,0.022455455211130095,0.38930925067122285
5,SDR39U1,3.8835216,2.1796026,0.00010295439197662167,0.004159103227480265,0.5294117647058824,0.10300219672931413,0.42640956797656826
5,ABHD15,3.8768797,4.306209,0.00010580467303918698,0.004263719841364873,0.4117647058823529,0.022455455211130095,0.38930925067122285
5,H2AFY,3.8752913,1.4294924,0.00010649720988147946,0.004281083171672937,0.7941176470588235,0.3849157920429583,0.4092018550158652
5,TMEM179B,3.8602026,1.8682548,0.00011329307958326852,0.004543108027112393,0.6176470588235294,0.19477666585306322,0.42287039297046625
5,CERS6,3.858903,3.2441154,0.00011389711673163567,0.00455616314632345,0.4411764705882353,0.048328044910910424,0.39284842567732486
5,C11orf31,3.8568094,1.2564454,0.0001148766811032927,0.004584139950075541,0.9411764705882353,0.5682206492555528,0.37295582133268246
5,ACTN4,3.8558707,2.042139,0.00011531837062450023,0.004590569006782112,0.5588235294117647,0.1342445691969734,0.42457896021479136
5,NDUFB4,3.8437421,1.3188727,0.0001211723719642789,0.004788650187699438,0.7647058823529411,0.4149377593360996,0.3497681230168415
5,PROC,3.835945,8.934368,0.00012508241543740612,0.004931261202340727,0.38235294117647056,0.000976324139614352,0.3813766170368562
5,FUZ,3.8351507,4.0143075,0.000125487266240393,0.004935329718651611,0.4117647058823529,0.024896265560165973,0.3868684403221869
5,BLNK,3.8298805,3.2232223,0.0001282054624966778,0.005030142858292915,0.4411764705882353,0.05345374664388577,0.38772272394434953
5,RABAC1,3.8162358,1.4069705,0.00013550307629179093,0.0053037460076794055,0.7647058823529411,0.3795460092750793,0.3851598730778618
5,UQCR10,3.7962377,1.2255185,0.00014690868236836516,0.005722792743401958,0.9411764705882353,0.5543080302660484,0.3868684403221869
5,SEP15,3.7938552,1.2470944,0.00014832619492016633,0.005764287114225277,0.7647058823529411,0.49499633878447646,0.26970954356846466
5,WDR1,3.7865634,1.4813136,0.0001527450835927993,0.005906008082704777,0.7352941176470589,0.3514766902611667,0.3838174273858922
5,SMARCB1,3.7860582,1.8508863,0.0001530558906586899,0.005906008082704777,0.5882352941176471,0.18574566756163047,0.4024896265560166
5,RP11-160E2.6,3.7748678,1.701907,0.0001600924953598397,0.006148528912165112,0.6470588235294118,0.25091530388088845,0.39614351964852335
5,COBLL1,3.7661324,3.67281,0.00016579598799805996,0.006352665479241825,0.4117647058823529,0.030021967293141324,0.3817427385892116
5,DPYSL2,3.7548697,2.0638726,0.00017343159904764516,0.006629706523407763,0.5294117647058824,0.12716621918476934,0.402245545521113
5,CYTH4,3.7521265,1.7011361,0.00017534101569818144,0.006659878174858001,0.6470588235294118,0.24090798144984135,0.4061508420795704
5,LAIR1,3.751982,2.168897,0.00017544205692584795,0.006659878174858001,0.5294117647058824,0.14522821576763487,0.38418354893824747
5,JTB,3.7363157,1.198518,0.00018673622808311694,0.007039611584488194,0.8235294117647058,0.5123260922626311,0.3112033195020747
5,SLC7A5,3.7280855,5.302647,0.00019293999109843923,0.007240117418260468,0.38235294117647056,0.010739565535757872,0.3716133756407127
5,KTN1,3.7140074,1.4847677,0.0002040028567789589,0.007585660772183061,0.7058823529411765,0.33024164022455454,0.37564071271662197
5,CHMP5,3.7095313,1.8321239,0.00020764331981018295,0.007703520080304769,0.5882352941176471,0.18574566756163047,0.4024896265560166
5,DNAJC7,3.707221,1.4955356,0.00020954605701257683,0.0077565227121782114,0.7058823529411765,0.30851842811813524,0.3973639248230413
5,SHTN1,3.7051995,3.5650353,0.00021122437296282895,0.00780099766601545,0.4117647058823529,0.03954112765438125,0.3722235782279717
5,BAG1,3.695742,1.7824725,0.00021924554225299535,0.008079000713516344,0.5882352941176471,0.20868928484256774,0.3795460092750793
5,HM13,3.6919158,1.9202504,0.0002225712932214737,0.008178693803286587,0.5588235294117647,0.21210641933121796,0.34671711008054673
5,SPCS2,3.6914825,1.3732947,0.00022295076317253333,0.008178693803286587,0.8235294117647058,0.41567000244081037,0.40785940932389547
5,LSM4,3.6876562,1.5316293,0.00022632922433394727,0.008284054674111212,0.6764705882352942,0.26922138149865754,0.4072492067366366
5,APH1A,3.6784873,1.5118624,0.0002346213298589727,0.008568391914782706,0.7058823529411765,0.2787405418598975,0.427141811081279
5,APEX1,3.662821,1.4116181,0.000249452861354642,0.009089751146154339,0.7058823529411765,0.32218696607273617,0.38369538686844035
5,RUBCN,3.6522083,2.864841,0.00025999484243336535,0.009434527711571066,0.4411764705882353,0.07005125701732975,0.37112521357090555
5,TNKS2,3.652136,2.4429502,0.00026006796637849464,0.009434527711571066,0.47058823529411764,0.0893336587747132,0.3812545765194044
5,CLTC,3.642101,2.454469,0.0002704219384012838,0.009766828552281245,0.47058823529411764,0.09567976568220649,0.37490846961191115
5,MRPL36,3.636614,2.4614959,0.00027624524625793396,0.00995517285027766,0.47058823529411764,0.0976324139614352,0.37295582133268246
5,SDHC,3.6229694,1.5220139,0.0002912404297358716,0.010426662299581172,0.6470588235294118,0.2626311935562607,0.3844276299731511
5,TMEM219,3.6213088,1.4098985,0.0002931164104431352,0.010470911771310338,0.7352941176470589,0.31974615572370024,0.41554796192335863
5,BRK1,3.6205869,1.1651607,0.00029393557963679104,0.010472673247211938,0.9705882352941176,0.5896997803270686,0.38088845496704904
5,NRDC,3.6197927,1.9789336,0.00029483914228937486,0.010472673247211938,0.5294117647058824,0.14693678301195998,0.38247498169392236
5,TRIM22,3.6195762,1.8473114,0.0002950860196176703,0.010472673247211938,0.5588235294117647,0.17622650720039054,0.38259702221137415
5,TMEM14C,3.60622,1.8138156,0.0003106897620025826,0.010978823317762967,0.5588235294117647,0.1989260434464242,0.35989748596534055
5,SKAP2,3.596185,1.8087556,0.00032291834639534356,0.011386351433996156,0.5588235294117647,0.17305345374664388,0.38577007566512084
5,AHI1,3.5931528,4.1829886,0.00032670103080584387,0.011470290912048094,0.38235294117647056,0.021235050036612156,0.3611178911398584
5,SEL1L3,3.5883155,2.696211,0.0003328212622858287,0.011660147049803947,0.4411764705882353,0.0732243104710764,0.36795216011715887
5,HYI,3.5834785,4.0898566,0.00033904864937917115,0.01184075433962429,0.38235294117647056,0.02074688796680498,0.3616060532096656
5,BCAP31,3.5831897,1.403898,0.0003394238607226815,0.01184075433962429,0.6764705882352942,0.3170612643397608,0.3594093238955334
5,LIMK2,3.5823233,4.1938224,0.0003405518269548608,0.01185482646980527,0.38235294117647056,0.02172321210641933,0.36062972907005125
5,ADGRG5,3.580302,4.069943,0.0003431974003621988,0.011921555556955276,0.38235294117647056,0.021235050036612156,0.3611178911398584
5,ST14,3.5771253,4.1603084,0.0003473936049652295,0.012041751633127372,0.38235294117647056,0.024652184525262386,0.35770075665120815
5,UBE2E3,3.569978,1.8450192,0.00035701116488134996,0.012348963358612615,0.5588235294117647,0.17842323651452283,0.38040029289724187
5,REPIN1,3.5690396,2.1104248,0.00035829241327748777,0.012367135387411346,0.5,0.1239931657310227,0.3760068342689773
5,UFM1,3.5663683,1.7319086,0.00036196261793382186,0.012467516614768966,0.5882352941176471,0.20551623138882108,0.382719062728826
5,YWHAE,3.5654297,1.5462005,0.0003632604736548103,0.01248593405350074,0.6470588235294118,0.2462777642177203,0.4007810593116915
5,ARHGAP9,3.5600152,1.6306056,0.00037083346698359805,0.012719510174672218,0.6176470588235294,0.2211374176226507,0.3965096412008787
5,FBXW5,3.5594375,1.6045742,0.00037164990645223754,0.01272084543821142,0.6176470588235294,0.20258725896997803,0.4150597998535514
5,NUP210,3.556983,2.1108358,0.00037513855696545315,0.012813448706705175,0.5,0.12033195020746888,0.3796680497925311
5,MKKS,3.5526512,1.8374381,0.00038136978269537607,0.01294520957402292,0.5588235294117647,0.16939223822309007,0.38943129118867464
5,DNAJA1,3.5420384,1.4459251,0.00039704750474462916,0.013443480839272555,0.7058823529411765,0.29924334879179887,0.40663900414937765
5,PBX3,3.541461,3.87411,0.0003979177568481435,0.013443480839272555,0.38235294117647056,0.025140346595069564,0.357212594581401
5,ARL4C,3.540739,1.406876,0.0003990080780894728,0.013443480839272555,0.7058823529411765,0.32243104710763976,0.38345130583353676
5,SIDT1,3.5379233,3.1112478,0.0004032870567332884,0.013548623275592057,0.4117647058823529,0.0507688552599463,0.36099585062240663
5,CALR,3.537346,1.2753681,0.0004041700779376069,0.01355046443675653,0.8235294117647058,0.44203075421039784,0.381498657554308
5,P3H2,3.534386,8.208602,0.00040872397897593075,0.013671595317684882,0.35294117647058826,0.001464486209421528,0.35147669026116674
5,NEK8,3.533375,3.9381614,0.0004102899151019667,0.013671595317684882,0.38235294117647056,0.029045643153526972,0.3533072980229436
5,NDUFA1,3.527022,1.0758684,0.0004202619721250487,0.013947071249366982,0.9117647058823529,0.6070295338052233,0.30473517207712963
5,DDAH2,3.5172033,2.0550947,0.0004361194864848133,0.014444030199145811,0.5,0.1217964364168904,0.3782035635831096
5,DDT,3.5042083,1.3250003,0.00045796707203766255,0.015136968213349894,0.7941176470588235,0.361972174762021,0.4321454722968025
5,CUEDC1,3.500743,6.5281205,0.0004639632402566192,0.01530423906015836,0.35294117647058826,0.00488162069807176,0.3480595557725165
5,CNDP2,3.4905634,1.9612981,0.0004820032937627831,0.015867315672541033,0.5294117647058824,0.16792775201366852,0.36148401269221386
5,CRELD2,3.4772072,2.0708263,0.0005066659866825922,0.016612349114456696,0.5,0.12814254332438368,0.3718574566756163
5,BTK,3.4686882,2.1709979,0.0005230059945370177,0.017113802153240296,0.47058823529411764,0.10495484500854284,0.3656333902855748
5,COX7A2,3.4627683,0.8997736,0.0005346487106965331,0.0174250748121633,0.9411764705882353,0.7193068098608738,0.22186966072736147
5,CECR1,3.4603136,1.7023928,0.0005395466377207899,0.017549746599900284,0.5588235294117647,0.1852575054918233,0.3735660239199414
5,CMTM3,3.4564152,1.7322083,0.0005474117011745964,0.01777024373594756,0.5588235294117647,0.17988772272394435,0.37893580668782034
5,SLC2A6,3.4497008,2.4277272,0.0005612079512127375,0.018182026316419006,0.4411764705882353,0.0832316329021235,0.3579448376861118
5,ACAA1,3.4412541,1.8137916,0.0005790245440316344,0.018722175029449745,0.5294117647058824,0.1691481571881865,0.36026360751769587
5,NGLY1,3.4370668,2.1493735,0.0005880506429529291,0.01897652183304314,0.47058823529411764,0.11325360019526483,0.3573346350988528
5,RHOA,3.4361281,0.9888105,0.0005900916230453594,0.019004899694183317,0.9411764705882353,0.6643885770075665,0.2767878935806688
5,NUDT22,3.4280424,1.9947358,0.0006079505775678961,0.01950329294036931,0.5,0.13912618989504516,0.36087381010495484
5,HHEX,3.4266706,2.1353648,0.0006110296704230535,0.019563711228554947,0.47058823529411764,0.11496216743958994,0.3556260678545277
5,NUDT5,3.4232774,1.9835423,0.0006187088336547649,0.019770889116065643,0.5,0.1503539175006102,0.3496460824993898
5,MOB1A,3.420895,1.3047726,0.0006241541422145062,0.01990601544010046,0.7352941176470589,0.3334146936783012,0.4018794239687577
5,GABARAPL2,3.4182239,1.2749302,0.0006303124945229784,0.020028002382556902,0.7941176470588235,0.45618745423480594,0.33793019282401754
5,C14orf2,3.4177184,0.88846743,0.0006314839282804539,0.020028002382556902,0.9411764705882353,0.7456675616304613,0.19550890895777395
5,PARP10,3.4176462,2.4290214,0.0006316514411954868,0.020028002382556902,0.4411764705882353,0.09421527947278496,0.3469611911154503
5,LSM7,3.4084053,1.1844056,0.0006534376515961531,0.020678710672658918,0.8235294117647058,0.4637539663168172,0.35977544544788864
5,LDLRAD4,3.4073946,3.4011428,0.0006558624499983756,0.020715377498886918,0.38235294117647056,0.039297046619477666,0.3430558945569929
5,CNP,3.4050121,2.7478158,0.0006616111919025817,0.020822082303744743,0.4117647058823529,0.06394923114474005,0.3478154747376129
5,AP1S2,3.40494,1.2111166,0.0006617861254169835,0.020822082303744743,0.8529411764705882,0.39663168171833046,0.45630949475225774
5,INPP4A,3.401619,2.1311493,0.0006698797151535037,0.021036280267997066,0.47058823529411764,0.10641933121796436,0.36416890407615327
5,ARHGAP27,3.399381,2.9273481,0.0006753858951938572,0.021168560596296356,0.4117647058823529,0.07298022943617281,0.3387844764461801
5,PHPT1,3.3865302,1.6014446,0.0007078249738531812,0.022142876476504585,0.5882352941176471,0.21405906761044666,0.3741762265072004
5,PTGDS,3.3803213,5.871206,0.0007240112003853689,0.02260600620134546,0.35294117647058826,0.021235050036612156,0.3317061264339761
5,CH17-373J23.1,3.3718023,1.5179316,0.000746780218774617,0.023228272166105526,0.6470588235294118,0.29362948498901636,0.35342933854039543
5,CARD11,3.3649437,2.6489682,0.0007655925039436203,0.023768233315031445,0.4117647058823529,0.06419331217964364,0.3475713937027093
5,ST3GAL4,3.3577242,4.4948664,0.000785869576172717,0.024351538135912544,0.35294117647058826,0.018550158652672687,0.3343910178179156
5,PLXNB2,3.35462,2.6235461,0.0007947410435411161,0.024579883201089225,0.4117647058823529,0.06761044666829387,0.34415425921405907
5,PHACTR1,3.3531039,2.027706,0.0007991073188160811,0.024668292156886613,0.47058823529411764,0.11447400536978276,0.3561142299243349
5,NFKBIZ,3.3505049,1.3738674,0.0008066441917587032,0.024854059550591605,0.6764705882352942,0.2660483280449109,0.41042226019038325
5,IQGAP2,3.3452346,1.836602,0.0008221302041688452,0.025283594493245253,0.5,0.14156700024408103,0.35843299975591897
5,DCTN2,3.3441515,1.7317264,0.0008253462300139669,0.02533487742825237,0.5294117647058824,0.16329021235050037,0.366121552355382
5,TBC1D4,3.3371487,2.5989177,0.0008464265859795776,0.025933305942344328,0.4117647058823529,0.06834268977300463,0.3434220161093483
5,ADPGK,3.3357048,1.655175,0.000850834682915211,0.025977838467389817,0.5588235294117647,0.20795704173785698,0.3508664876739077
5,TUSC2,3.3356326,2.1270247,0.0008510556456525238,0.025977838467389817,0.47058823529411764,0.12301684159140834,0.3475713937027093
5,IFI35,3.3323116,1.8981088,0.0008612776496487129,0.026240900606894955,0.5,0.14986575543080302,0.35013424456919695
5,SUPT5H,3.3300014,2.058101,0.0008684556293071413,0.02636141475156612,0.47058823529411764,0.12252867952160117,0.34805955577251646
5,NAPA,3.3255253,1.9516184,0.0008825210596198971,0.026738753808224328,0.5,0.17573834513058334,0.32426165486941666
5,OAZ1,3.3246589,0.66056436,0.0008852676762216423,0.026772392699930293,1.0,0.9414205516231389,0.05857944837686113
5,ATP5J2,3.3232872,1.0649139,0.0008896326966303474,0.02685476116156663,0.8529411764705882,0.5435684647302904,0.3093727117402978
5,ARHGAP17,3.3196774,2.639206,0.0009012151067310815,0.02715429164130244,0.4117647058823529,0.07468879668049792,0.337075909201855
5,CD99,3.3105087,1.1127697,0.0009312657071524365,0.02795676740315782,0.8529411764705882,0.5025628508664877,0.35037832560410054
5,ILF2,3.306971,1.641356,0.000943106223367516,0.02826036798629291,0.5588235294117647,0.2013668537954601,0.3574566756163046
5,ST3GAL2,3.303217,2.6415071,0.0009558240900322226,0.02853693054200218,0.4117647058823529,0.07029533805223334,0.3414693678301196
5,PREB,3.3001847,2.5623524,0.0009662119798819454,0.0287945249596512,0.4117647058823529,0.07371247254088358,0.33805223334146933
5,PTPMT1,3.2981632,1.9802295,0.000973195220753178,0.02891222706347099,0.47058823529411764,0.11837930192824017,0.35220893336587744
5,DDX17,3.298019,1.2666092,0.0009736958078340271,0.02891222706347099,0.7647058823529411,0.402245545521113,0.3624603368318281
5,SNRPG,3.2920268,1.152084,0.0009946816759414667,0.029481860326228872,0.7352941176470589,0.4371491335123261,0.2981449841347328
5,TNNI2,3.2856014,4.1118393,0.0010176493091220143,0.030053719037085338,0.35294117647058826,0.026360751769587503,0.32658042470100074
5,ATP5G3,3.2775154,1.1020578,0.0010472498974650126,0.030761320596813413,0.7352941176470589,0.5084207957041738,0.22687332194288512
5,TBC1D9,3.2775154,2.9165096,0.0010472498974650126,0.030761320596813413,0.38235294117647056,0.04661947766658531,0.33573346350988525
5,H2AFV,3.2715232,1.3354309,0.0010696978209163886,0.03136438359858967,0.6176470588235294,0.34244569196973396,0.2752013668537955
5,GTF2I,3.2618492,1.5795408,0.0011068803749306204,0.032338696096856925,0.5588235294117647,0.19380034171344887,0.3650231876983159
5,CHMP4B,3.2608385,1.3888777,0.001110833307428886,0.03239633465747594,0.6470588235294118,0.2628752745911643,0.3841835489382475
5,CBX6,3.2578783,1.603565,0.001122484966046796,0.032677894180590084,0.5588235294117647,0.1769587503051013,0.3818647791066634
5,MRPS21,3.2497203,1.2710671,0.001155185479310916,0.03357014143340302,0.7352941176470589,0.386868440322187,0.3484256773248719
5,SCAMP5,3.2467604,9.1923065,0.0011672663640385414,0.033861072663181876,0.3235294117647059,0.000732243104710764,0.32279716865999514
5,DAAM1,3.2456775,2.83563,0.001171715294408864,0.0338875313390123,0.38235294117647056,0.04979253112033195,0.3325604100561386
5,SCN9A,3.2450275,9.102439,0.0011743921685239272,0.0338875313390123,0.3235294117647059,0.000732243104710764,0.32279716865999514
5,TIMM13,3.238819,1.4945104,0.001200257690245941,0.034529629653076335,0.5882352941176471,0.2626311935562607,0.3256041005613864
5,GSTP1,3.2349925,1.1719868,0.0012164591276086687,0.03491664524000952,0.9117647058823529,0.5779838906516963,0.3337808152306566
5,SNX9,3.2304442,2.8725288,0.0012359801182673076,0.035414834877358005,0.38235294117647056,0.052721503539175006,0.3296314376372956
5,ALDH2,3.2119622,2.152456,0.0013183168403902072,0.03770801018465766,0.4411764705882353,0.11325360019526483,0.32792287039297047
5,NUDT17,3.2109516,6.465002,0.0013229623984674684,0.0377748478208137,0.3235294117647059,0.00366121552355382,0.3198681962411521
5,COX8A,3.2094355,0.96845347,0.0013299590642508697,0.03787105909623218,0.8235294117647058,0.5447888699048083,0.2787405418598975
5,BEX4,3.2049594,1.6586182,0.0013508155735407282,0.038332510929908824,0.5294117647058824,0.1828166951427874,0.34659506956309494
5,NOP56,3.2043817,1.6260295,0.001353528604595133,0.038332510929908824,0.5294117647058824,0.18379301928240177,0.3456187454234806
5,C19orf24,3.201133,1.4865009,0.0013688832893765754,0.038681000859223054,0.5882352941176471,0.2318769831584086,0.3563583109592385
5,OS9,3.200411,1.4874929,0.0013723171872925479,0.03871117500222996,0.5882352941176471,0.21259458140102513,0.3756407127166219
5,ARL6IP1,3.1990395,1.3323767,0.001378863490925703,0.03882889083482862,0.6470588235294118,0.31364412985111056,0.33341469367830123
5,RBM3,3.197018,0.86630845,0.001388563182682027,0.03903484919563685,0.8823529411764706,0.6980717598242616,0.18428118135220894
5,DAD1,3.190737,1.1140379,0.001419104437194647,0.03982498747331325,0.7941176470588235,0.45984866975835975,0.33426897730046373
5,FKBP3,3.1900148,1.7582139,0.0014226543304902794,0.03985624572114976,0.5,0.15401513302416403,0.34598486697583597
5,TMEM14B,3.1893651,1.2211745,0.0014258562321070624,0.03987766463846777,0.7058823529411765,0.3522089333658775,0.353673419575299
5,IFNAR1,3.1868384,2.0009437,0.0014383713275532336,0.04015903291825675,0.47058823529411764,0.1320478398828411,0.33854039541127656
5,GCHFR,3.1849613,1.8708829,0.0014477337171473301,0.04035156958474867,0.47058823529411764,0.12838662435928727,0.34220161093483037
5,NDUFB6,3.1795466,1.5665333,0.0014750562193971014,0.04097350561214936,0.5588235294117647,0.2113741762265072,0.3474493531852575
5,GNB1,3.1717496,1.6376219,0.0015152360559554134,0.04201826629065512,0.5294117647058824,0.18135220893336587,0.34805955577251646
5,PCMTD1,3.1682842,1.7273418,0.001533415354687495,0.04237873077371978,0.5,0.1584085916524286,0.3415914083475714
5,CREB3L2,3.1656852,2.7419863,0.0015471814261087235,0.04268707472607896,0.38235294117647056,0.06004393458628265,0.3223090065901879
5,HDLBP,3.1640968,2.0740416,0.0015556499590643064,0.04284846629671905,0.4411764705882353,0.11618257261410789,0.32499389797412737
5,FAM49B,3.162292,1.207263,0.0015653250922601973,0.04304249383944385,0.7941176470588235,0.4261654869416646,0.36795216011715887
5,PTRHD1,3.1569495,1.6016008,0.0015942891458813873,0.04369206820061203,0.5294117647058824,0.20234317793507445,0.3270685867708079
5,PDIA6,3.1546392,1.3051709,0.0016069662827202806,0.04390330772638633,0.6764705882352942,0.3068098608738101,0.36966072736148403
5,HNRNPA2B1,3.1545672,0.78134644,0.0016073639342402918,0.04390330772638633,0.9411764705882353,0.7844764461801318,0.1567000244081035
5,PSMA7,3.138973,0.98225576,0.0016954108005601488,0.04615410334103926,0.9117647058823529,0.6070295338052233,0.30473517207712963
5,SRSF11,3.137096,1.2548668,0.001706303026160987,0.04637346148009952,0.7058823529411765,0.3478154747376129,0.35806687820356364
5,EIF1AY,3.1328363,1.2503287,0.001731259150903366,0.04697368319723046,0.6764705882352942,0.2716621918476934,0.40480839638760074
5,GNA15,3.1299486,3.2273235,0.001748369005444494,0.04732760030493105,0.35294117647058826,0.037100317305345375,0.3158408591652429
5,ATRAID,3.12966,1.3303108,0.0017500885144235245,0.04732760030493105,0.6470588235294118,0.27776421772028315,0.36929460580912865
5,ARHGDIA,3.1288657,1.1403102,0.0017548251846902466,0.04737738423550681,0.7941176470588235,0.4298267024652185,0.364290944593605
5,POLR2I,3.1282158,1.394741,0.0017587094061097556,0.04740402733667498,0.5882352941176471,0.23968757627532342,0.34854771784232363
5,MILR1,3.1243174,3.3401456,0.0017821812038476238,0.04795767545419567,0.35294117647058826,0.03905296558457408,0.31388821088601415
5,PHB2,3.1139212,1.3231381,0.0018461875025189032,0.049598479029083375,0.6176470588235294,0.27581156944105445,0.341835489382475
5,ERCC1,3.1124773,1.8240112,0.0018552424345643333,0.04976003519984763,0.47058823529411764,0.15401513302416403,0.3165731022699536
6,CD79A,38.40307,7.1577578,0.0,0.0,0.9881756756756757,0.07487990957897711,0.9132957660966985
6,CD74,38.07586,3.9932692,0.0,0.0,1.0,0.8988414806442497,0.10115851935575026
6,CD79B,37.715405,5.9140434,0.0,0.0,0.9763513513513513,0.1474992935857587,0.8288520577655927
6,MS4A1,36.578434,6.8200545,6.300098544987758e-293,2.5768978073636176e-289,0.9459459459459459,0.05283978525007064,0.8931061606958753
6,CD37,35.946392,2.4519508,5.762782079033903e-283,1.8856975519014738e-279,0.9983108108108109,0.8214184797965527,0.17689233101425816
6,HLA-DPA1,35.39548,3.9113655,2.0040230272226474e-274,5.464636791398289e-271,1.0,0.47188471319581804,0.528115286804182
6,HLA-DQB1,34.965904,3.8484523,7.423220384922057e-268,1.7350186959672824e-264,0.9949324324324325,0.4071771686917208,0.5877552637407116
6,HLA-DRA,34.851025,4.0468693,4.107951804627948e-266,8.40127493443973e-263,1.0,0.6267307148912122,0.37326928510878776
6,HLA-DPB1,34.820328,3.7079432,1.1979119616100987e-265,2.1776708448780916e-262,0.9966216216216216,0.5193557502119243,0.47726587140969734
6,IGHM,34.373775,6.6213145,6.217611811943249e-259,1.017263468552035e-255,0.8952702702702703,0.07629273806159932,0.818977532208671
6,HLA-DRB1,32.23457,3.5142844,5.788193945342588e-228,8.609149194522735e-225,0.9949324324324325,0.5100310822266176,0.4849013502058148
6,IGHD,31.045456,7.4070144,1.3139003123351041e-211,1.79139358417622e-208,0.8040540540540541,0.02797400395591975,0.7760800500981343
6,HLA-DQA1,28.59215,3.3713841,8.412148173842206e-180,9.175410418148821e-177,0.8969594594594594,0.2690025430912687,0.6279569163681907
6,BANK1,27.777378,6.759344,8.140215664137322e-170,8.32387928005942e-167,0.7212837837837838,0.019779598756710936,0.7015041850270728
6,HLA-DMA,27.725904,3.134157,3.4025504844564373e-169,3.274654616246575e-166,0.8716216216216216,0.2675897146086465,0.6040319070129752
6,LINC00926,27.1832,7.1735306,1.0261628264218468e-162,9.327250001715464e-160,0.7043918918918919,0.013845719129697655,0.6905461727621942
6,RPL18A,26.873604,0.6463536,4.4701655058794397e-159,3.656818892084676e-156,1.0,0.9991523029104267,0.0008476970895733293
6,IGKC,26.028452,6.0836496,2.3598441774441267e-149,1.8385433612934931e-146,0.7263513513513513,0.1805594800791184,0.5457918712722329
6,RPL8,25.667902,0.64998525,2.6689710157189297e-145,1.9848652176444276e-142,1.0,0.9985871715173777,0.0014128284826222526
6,CD52,25.32046,1.0841116,1.9016543631981953e-141,1.296373626511903e-138,1.0,0.9717434303475558,0.028256569652444163
6,RPS11,25.31655,0.81306005,2.0998285439459324e-141,1.374211792299976e-138,1.0,0.9884148064424979,0.011585193557502094
6,TCL1A,25.311785,6.2812834,2.369504923934182e-141,1.4910565407879675e-138,0.668918918918919,0.04492794574738627,0.6239909731715327
6,HLA-DMB,24.400341,3.1235914,1.6960033143324354e-131,9.568382836480336e-129,0.7601351351351351,0.20796835264198926,0.5521667824931458
6,CD22,24.028473,6.051261,1.4018367212444574e-127,7.645150198760189e-125,0.6300675675675675,0.02373551850805312,0.6063320490595144
6,MEF2C,23.669731,3.469028,7.39437402549685e-124,3.902559788101741e-121,0.7162162162162162,0.16671376094942075,0.5495024552667955
6,TNFRSF13C,23.345892,5.7250166,1.5171664196658391e-120,7.521927209743271e-118,0.6148648648648649,0.025713478383724217,0.5891513864811407
6,HVCN1,22.383442,4.114036,5.7065917707766265e-111,2.4569881042546417e-108,0.625,0.0890081944051992,0.5359918055948008
6,NCF1,20.804607,2.2796555,3.9317094624639074e-96,1.5315880598898093e-93,0.7601351351351351,0.30912687199773947,0.4510082631373956
6,FCER2,20.642967,6.690128,1.1291477661099868e-94,4.2962759537966266e-92,0.5371621621621622,0.012715456343599886,0.5244467058185622
6,RPS23,20.590694,0.5711228,3.325725799386398e-94,1.2366409046309284e-91,1.0,0.9985871715173777,0.0014128284826222526
6,VPREB3,20.266687,7.140938,2.531321030467164e-91,9.00324856075506e-89,0.5253378378378378,0.0087595365922577,0.5165783012455801
6,CYB561A3,19.806488,3.1993117,2.617103868386302e-87,8.920507581389226e-85,0.597972972972973,0.12715456343599887,0.4708184095369742
6,IRF8,19.798298,3.2166257,3.079229585495022e-87,1.0281484744547767e-84,0.5996621621621622,0.11415654139587454,0.4855056207662876
6,RALGPS2,19.48535,5.4041924,1.4617803462266905e-84,4.6894486754146834e-82,0.5168918918918919,0.024018084204577565,0.4928738076873143
6,EAF2,19.407461,4.2362347,6.674422630893556e-84,2.100004397385567e-81,0.5388513513513513,0.060186493359706134,0.47866485799164515
6,RPS5,19.365223,0.7136815,1.5169853608290509e-83,4.682905186513982e-81,1.0,0.9889799378355467,0.011020062164453281
6,SNX2,18.460815,2.4341662,4.268450189931568e-76,1.2251949746924629e-73,0.6266891891891891,0.22350946595083357,0.4031797232383556
6,PLPP5,18.213917,4.2883077,4.00267149944608e-74,1.0735689902038904e-71,0.5033783783783784,0.05453517942921729,0.44884319894916114
6,LTB,18.203993,1.58452,4.797888744522828e-74,1.2661009314377096e-71,0.9662162162162162,0.7462560045210511,0.2199602116951651
6,ADAM28,17.94034,5.5857983,5.7105109968723e-72,1.4373795449204262e-69,0.47466216216216217,0.020062164453235377,0.4545999977089268
6,FAM129C,17.85668,5.436427,2.56443788781561e-71,6.080691055442202e-69,0.47297297297297297,0.018366770274088725,0.45460620269888424
6,FCRLA,17.75504,5.872242,1.5756142645234996e-70,3.682660711695568e-68,0.46621621621621623,0.01469341621927098,0.4515227999969452
6,PDLIM1,17.525396,4.8572392,9.170144448965398e-69,2.055242922322231e-66,0.47128378378378377,0.0262786097767731,0.4450051740070107
6,HLA-DOB,17.353592,5.8760123,1.852896858117221e-67,4.09665479671025e-65,0.4560810810810811,0.013845719129697655,0.4422353619513834
6,STX7,17.14435,2.9805088,6.926801990050463e-66,1.5110587647895415e-63,0.5337837837837838,0.12574173495337665,0.4080420488304071
6,ORAI2,16.841194,3.661221,1.2175422367548722e-63,2.6210800704666396e-61,0.4847972972972973,0.06640293868324386,0.41839435861405344
6,IGLC2,16.58899,4.164591,8.371805275427258e-62,1.7121388263908174e-59,0.5033783783783784,0.12517660356032778,0.3782017748180506
6,RP11-231C14.7,16.291975,5.7204103,1.125349955951445e-59,2.2730679789285914e-57,0.42905405405405406,0.015541113308844307,0.4135129407452097
6,MARCH1,16.046955,2.5852714,6.003774074310586e-58,1.1556205603505351e-55,0.5337837837837838,0.14382593953094094,0.38995784425284286
6,SPIB,15.799553,4.9537888,3.13331135070411e-56,5.960942675449993e-54,0.4239864864864865,0.020062164453235377,0.4039243220332511
6,SWAP70,15.620172,4.1791186,5.3062313586321795e-55,9.865369461202396e-53,0.43243243243243246,0.040689460299519635,0.3917429721329128
6,ARHGAP24,15.593198,4.5715623,8.097645457390344e-55,1.472061970315149e-52,0.4239864864864865,0.028539135348968635,0.3954473511375179
6,LAPTM5,15.573595,0.88480234,1.100436456787338e-54,1.978488007637103e-52,0.9543918918918919,0.8697372139022322,0.08465467798965964
6,RPSA,15.501925,0.76033956,3.366522152346738e-54,5.986920536363585e-52,0.9949324324324325,0.9618536309692003,0.033078801463232166
6,CD19,15.397453,5.934707,1.7024200582822308e-53,2.963116443995274e-51,0.40371621621621623,0.011020062164453235,0.392696154051763
6,LY86,15.392148,2.10532,1.8479359232084967e-53,3.1825346989067597e-51,0.5760135135135135,0.20090421022887822,0.37510930328463526
6,BLK,15.370722,5.578686,2.5728743580135273e-53,4.384874726193679e-51,0.40540540540540543,0.012998022040124329,0.3924073833652811
6,TPD52,15.30553,3.1756835,7.022817108022894e-53,1.1845392856119852e-50,0.4594594594594595,0.08166148629556372,0.37779797316389574
6,CXCR4,15.229168,1.3745457,2.264554507325246e-52,3.760619983686005e-50,0.8108108108108109,0.6111896015823679,0.19962120922844295
6,SNX3,15.06332,1.2158365,2.8224700898921044e-51,4.572122093141062e-49,0.7804054054054054,0.5510031082226617,0.22940229718274363
6,BIRC3,14.703479,2.277946,6.1231178268929294e-49,9.450974600546718e-47,0.5202702702702703,0.1867759254026561,0.3334943448676142
6,IL4R,14.436493,3.0825956,3.049704657719349e-47,4.455019455798774e-45,0.44932432432432434,0.11896015823679006,0.3303641660875343
6,TSPAN13,14.420967,5.2581153,3.819516364795594e-47,5.530186481807143e-45,0.38344594594594594,0.01610624470189319,0.36733970124405274
6,BCL11A,14.293115,4.001207,2.4155931705269547e-46,3.3779076805975643e-44,0.40033783783783783,0.040406894602995194,0.35993094323484265
6,P2RX5,14.128254,4.702367,2.543729342143752e-45,3.4973072072952883e-43,0.38175675675675674,0.02373551850805312,0.35802123824870363
6,GNG7,14.048635,4.183942,7.853346705768494e-45,1.0446228085616125e-42,0.3885135135135135,0.03362531788640859,0.3548881956271049
6,FAM26F,14.02907,2.4568937,1.0350047927690264e-44,1.365622049555971e-42,0.47466216216216217,0.13421870584910991,0.3404434563130523
6,CD24,14.023802,6.5519485,1.1147972977632984e-44,1.459135887096426e-42,0.36486486486486486,0.006781576716586606,0.3580832881482783
6,FCRL1,13.765415,5.8205357,4.115116424047808e-43,5.179032293372784e-41,0.3614864864864865,0.010737496467928794,0.3507489900185577
6,CD72,13.699572,5.5952682,1.0212483682049091e-42,1.2754690497862992e-40,0.3614864864864865,0.012432890647075446,0.3490535958394111
6,CD40,13.66463,5.1069627,1.651408255575132e-42,2.0468704901109648e-40,0.36486486486486486,0.01864933597061317,0.34621552889425167
6,PKIG,13.662713,5.4152946,1.6954805859090726e-42,2.085696080154762e-40,0.3614864864864865,0.013563153433173212,0.3479233330533133
6,IGLC3,13.518478,4.995722,1.2166655177193356e-41,1.4636665099563273e-39,0.38175675675675674,0.05001412828482622,0.33174262847193053
6,QRSL1,13.326197,3.4532847,1.6299797942069133e-40,1.9048642437870934e-38,0.38682432432432434,0.05425261373269285,0.3325717105916315
6,EEF2,13.3162,0.5831482,1.863538150926697e-40,2.162365084206503e-38,0.9831081081081081,0.9499858717151738,0.03312223639293432
6,PRKCB,13.020676,1.632583,9.334107415505631e-39,1.0459954207197782e-36,0.5540540540540541,0.277479513987002,0.27657454006705207
6,SMIM14,12.95675,2.4810698,2.1517372103882703e-38,2.3948688774940472e-36,0.43243243243243246,0.12376377507770557,0.30866865735472687
6,FCMR,12.69667,1.6895392,6.1699938555838165e-37,6.685249633854756e-35,0.535472972972973,0.25233116699632663,0.2831418059766464
6,CXXC5,12.690619,2.8760297,6.665643983115117e-37,7.174776395246474e-35,0.3952702702702703,0.07487990957897711,0.3203903606912932
6,BLNK,12.626135,5.5769544,1.5154110109772684e-36,1.5995896484257476e-34,0.3327702702702703,0.010454930771404351,0.3223153394988659
6,POU2F2,12.619266,1.773969,1.6535624554181462e-36,1.7342266239164288e-34,0.5135135135135135,0.226335122916078,0.2871783905974355
6,SNHG7,12.46645,1.5281014,1.1378415486665018e-35,1.1491497270205331e-33,0.5523648648648649,0.28426109070358857,0.26810377416127634
6,MBD4,12.433704,2.2241633,1.7149916968468694e-35,1.7214097639332288e-33,0.4341216216216216,0.13987001977959876,0.2942516018420228
6,EZR,12.302315,1.5341753,8.801524326399223e-35,8.72737815177077e-33,0.543918918918919,0.28200056513139304,0.2619183537875259
6,PLEKHF2,12.154879,2.6355987,5.404219047962658e-34,5.294516637348326e-32,0.3918918918918919,0.09494207403221248,0.2969498178596794
6,REL,11.981455,1.9619832,4.4445667801121155e-33,4.302814028959427e-31,0.4594594594594595,0.17914665159649618,0.2803128078629633
6,IFT57,11.860806,2.865317,1.8914521672574834e-32,1.7887889542485368e-30,0.36993243243243246,0.07911839502684374,0.2908140374055887
6,BCL7A,11.753766,4.2415843,6.754034032105828e-32,6.278565386322923e-30,0.32432432432432434,0.028256569652444195,0.2960677546718801
6,PNISR,11.648996,0.9243337,2.321761186855341e-31,2.1340637515809121e-29,0.7449324324324325,0.5874540830743148,0.15747834935811766
6,LIMD2,11.581533,0.7366743,5.1123293408063035e-31,4.570645920488084e-29,0.9155405405405406,0.8022040124328906,0.11333652810764994
6,POU2AF1,11.571946,6.091393,5.7170820181530635e-31,5.083542331467515e-29,0.30236486486486486,0.006781576716586606,0.2955832881482783
6,RP11-693J15.5,11.543446,7.0686955,7.966860833826846e-31,6.970364176590429e-29,0.2989864864864865,0.003673354054817745,0.2953131324316688
6,CD180,11.508113,4.320731,1.2007689917353424e-30,1.0449883762649966e-28,0.3158783783783784,0.025148346990675332,0.2907300313877031
6,KIAA0125,11.502751,5.2695174,1.277756352077018e-30,1.1061043214990526e-28,0.30574324324324326,0.012715456343599886,0.29302778689964337
6,TSC22D3,11.298183,0.88066757,1.3395968073015455e-29,1.1297496579515766e-27,0.8344594594594594,0.7058491099180559,0.1286103495414035
6,GAPT,11.26341,2.6659472,1.9891043561991137e-29,1.660394712845597e-27,0.3614864864864865,0.08307431477818593,0.27841217170830057
6,LAT2,11.211677,2.2440863,3.5735875207125033e-29,2.952902294261478e-27,0.3935810810810811,0.12150324950551003,0.2720778315755711
6,GLTSCR2,11.101695,0.6312198,1.23086857134744e-28,1.0069120347907733e-26,0.972972972972973,0.8979937835546765,0.07497918941829651
6,ARPC3,10.906007,0.7214782,1.0789202602768539e-27,8.695672107581087e-26,0.9155405405405406,0.7855326363379486,0.130007904202592
6,SEC62,10.794834,1.0193316,3.64119890117288e-27,2.891925010781043e-25,0.6469594594594594,0.4690590562305736,0.17790040322888584
6,PLAC8,10.764136,0.9225522,5.083574578491446e-27,3.9986713307066613e-25,0.7331081081081081,0.5589149477253461,0.174193160382762
6,GABPB1-AS1,10.468333,1.343984,1.2075029021949965e-25,9.231754664865578e-24,0.5118243243243243,0.2890647075445041,0.22275961677982026
6,SMARCB1,10.391562,1.8508599,2.7087971231012384e-25,2.0613316153981098e-23,0.39864864864864863,0.15399830460582084,0.2446503440428278
6,CDCA7L,10.272738,3.7658606,9.351218276599219e-25,7.018132212084395e-23,0.2905405405405405,0.031364792314213054,0.25917574822632744
6,TCF4,10.206615,3.370257,1.8521352103418377e-24,1.3649902782163426e-22,0.2956081081081081,0.03475558067250636,0.2608525274356018
6,PNOC,10.191778,5.3211393,2.157801040557732e-24,1.583129274644173e-22,0.2702702702702703,0.010454930771404351,0.2598153394988659
6,SYPL1,9.991436,1.5453793,1.6615647799591995e-23,1.1871118499961773e-21,0.43074324324324326,0.20712065555241593,0.22362258769082732
6,PARP1,9.970568,1.5562238,2.0505255135749617e-23,1.458636866417389e-21,0.42905405405405406,0.2082509183385137,0.22080313571554036
6,UCP2,9.965951,0.81461114,2.1480721389592205e-23,1.5214116132256195e-21,0.731418918918919,0.5970613167561458,0.13435760216277315
6,BTK,9.937488,2.6706715,2.8594682404102683e-23,1.9907982928235064e-21,0.31756756756756754,0.07290194970330602,0.24466561786426153
6,ISG20,9.928124,1.0762948,3.141083972609794e-23,2.1684082226105e-21,0.5777027027027027,0.3823113873975699,0.19539131530513282
6,FCRL2,9.79949,6.471224,1.1315569221917972e-22,7.618684281473249e-21,0.25506756756756754,0.004521051144391071,0.2505465164231765
6,TMEM156,9.783127,2.8739784,1.3303600766301478e-22,8.920500497436824e-21,0.30236486486486486,0.05820853348403504,0.24415633138082982
6,ZCCHC7,9.720559,2.2965791,2.4642422728693213e-22,1.6191754147154605e-20,0.3327702702702703,0.09861542808703024,0.23415484218324006
6,DRAM2,9.670688,1.390257,4.0166929670955387e-22,2.5975143729110714e-20,0.4560810810810811,0.24300649901102006,0.21307458207006102
6,FCRL5,9.539093,5.6094,1.4408630056912853e-21,9.172746940122615e-20,0.2516891891891892,0.008476970895733259,0.24321221829345593
6,CD53,9.50566,0.75944304,1.9878407831518473e-21,1.2557167201987403e-19,0.7347972972972973,0.5868889516812659,0.1479083456160314
6,HHEX,9.436521,2.3858857,3.853622295528536e-21,2.3438332482209063e-19,0.31756756756756754,0.08448714326080814,0.2330804243067594
6,STRBP,9.3783655,3.261308,6.700331792498959e-21,4.0302988403336573e-19,0.27702702702702703,0.041254591692568524,0.23577243533445852
6,AFF3,9.328029,3.867624,1.0785824894553646e-20,6.370645527068311e-19,0.26182432432432434,0.025148346990675332,0.236675977333649
6,GGA2,9.27488,2.7194984,1.7781768543781722e-20,1.0353292353907927e-18,0.2939189189189189,0.06499011020062165,0.22892880871829727
6,EBLN3,9.220877,1.6327811,2.9468087070298454e-20,1.6916749914286069e-18,0.38344594594594594,0.16671376094942075,0.2167321849965252
6,ANAPC16,9.161697,0.69621533,5.108732371221252e-20,2.912333460820589e-18,0.7533783783783784,0.6239050579259677,0.12947332045241067
6,ADK,9.097641,2.1089096,9.231525491793065e-20,5.20817201969746e-18,0.3293918918918919,0.11556936987849675,0.21382252201339513
6,BLOC1S2,9.026101,1.45271,1.7789792958949987e-19,9.833067655452052e-18,0.40878378378378377,0.20909861542808703,0.19968516835569675
6,HLA-DOA,9.008602,3.7794788,2.0870002240645696e-19,1.1496771267986674e-17,0.25506756756756754,0.02769143825939531,0.22737612930817225
6,JCHAIN,9.003297,3.3752644,2.190399546439112e-19,1.2025881536674602e-17,0.26013513513513514,0.030234529528115287,0.22990060560701986
6,MZB1,8.983377,3.5430102,2.6257947343893545e-19,1.4368102892757266e-17,0.25506756756756754,0.025148346990675332,0.2299192205768922
6,TCEA1,8.890244,1.0434171,6.097525713449151e-19,3.2708727277948055e-17,0.5084459459459459,0.3308844306301215,0.17756151531582443
6,UBB,8.884659,0.58330154,6.41173748962875e-19,3.428184217902483e-17,0.9003378378378378,0.7999434868606952,0.10039435097714267
6,BCAS4,8.841675,2.1810822,9.42942349398617e-19,4.976606380164766e-17,0.3091216216216216,0.0909861542808703,0.2181354673407513
6,TMEM154,8.741374,1.7412975,2.3029320998991137e-18,1.2037786609089266e-16,0.34966216216216217,0.14100028256569652,0.20866187959646565
6,RCSD1,8.716987,1.0170451,2.8570299684894745e-18,1.4674940861825646e-16,0.5168918918918919,0.3464255439389658,0.1704663479529261
6,FCRL3,8.701331,3.0948937,3.2801349513083197e-18,1.6718469762727544e-16,0.26013513513513514,0.03927663181689743,0.2208585033182377
6,CD82,8.575749,2.228658,9.844345297566746e-18,4.910467482118583e-16,0.2956081081081081,0.08279174908166148,0.21281635902644663
6,ALOX5,8.335197,2.1483338,7.73688629846815e-17,3.801297199076198e-15,0.2939189189189189,0.08844306301215032,0.2054758559067686
6,PPM1K,8.301634,1.5314585,1.0268956559161212e-16,5.000309472155851e-15,0.3597972972972973,0.160497315625883,0.1992999816714143
6,SEL1L3,8.288118,2.865089,1.150539110598926e-16,5.585747889765291e-15,0.25506756756756754,0.04634077423000848,0.20872679333755906
6,PTPN6,8.031408,0.88141227,9.636029492602561e-16,4.478837458195185e-14,0.535472972972973,0.38654987284543657,0.14892310012753646
6,RASGRP2,7.99857,0.9956811,1.2587251996956215e-15,5.817514969553691e-14,0.4831081081081081,0.31901667137609496,0.16409143673201315
6,SH3BP5,7.9681892,1.4791175,1.61016328352153e-15,7.27731532643529e-14,0.3564189189189189,0.1644532353772252,0.19196568354169372
6,HMGN1,7.8600507,0.59896815,3.839785425942639e-15,1.6619769670330032e-13,0.7263513513513513,0.6196665724781012,0.10668477887325012
6,SP100,7.804501,1.0474384,5.973729929770415e-15,2.545213421379525e-13,0.4543918918918919,0.29810680983328625,0.15628508205860564
6,RPL22L1,7.56851,0.93037504,3.7752905577614725e-14,1.5403373769460213e-12,0.4814189189189189,0.3387962701328059,0.14262264878611303
6,LSM10,7.4774237,1.2279835,7.579388431450974e-14,3.0245457104138873e-12,0.38513513513513514,0.22068380898558915,0.164451326149546
6,TRIM38,7.4605017,1.4212924,8.619358486657496e-14,3.414559907995237e-12,0.33952702702702703,0.1650183667702741,0.17450866025675293
6,RNASET2,7.4408064,0.7905709,1.0007253178487416e-13,3.9357853185873226e-12,0.5709459459459459,0.4278044645380051,0.14314148140794086
6,FAM3C,7.409402,2.242088,1.2687047681698475e-13,4.954004465877536e-12,0.25506756756756754,0.07120655552415937,0.18386101204340816
6,EVI2B,7.4068327,0.62815243,1.2935144253656577e-13,5.038854646049411e-12,0.7010135135135135,0.5837807290194971,0.11723278449401642
6,SYNGR2,7.394528,1.2763561,1.4191171345209281e-13,5.515006042255797e-12,0.3614864864864865,0.19242723933314496,0.16905924715334156
6,ITSN2,7.3688383,1.195342,1.7212154719542473e-13,6.641699607698924e-12,0.38175675675675674,0.2204012432890647,0.16135551346769203
6,ARID5B,7.3268037,1.6749307,2.3570642986491956e-13,9.031365103091216e-12,0.2989864864864865,0.1206555524159367,0.1783309340705498
6,GRB2,7.259378,0.94611216,3.8887497450884534e-13,1.469372623080651e-11,0.44763513513513514,0.30093246679853064,0.1467026683366045
6,DBNL,7.167956,0.90678394,7.612571016786839e-13,2.8306653274011243e-11,0.4594594594594595,0.3150607516247528,0.1443987078347067
6,LYL1,7.0931396,1.6775677,1.3110309065817463e-12,4.820174530917742e-11,0.2905405405405405,0.11980785532636339,0.17073268521417712
6,SP140,7.07054,1.9853419,1.543317862980695e-12,5.661485102293083e-11,0.25675675675675674,0.0802486578129415,0.17650809894381525
6,PLEKHA2,7.053693,1.9546167,1.7423064755339985e-12,6.36291880495798e-11,0.26182432432432434,0.0890081944051992,0.17281612991912515
6,TAGLN2,7.0110817,0.59931076,2.3648275842365507e-12,8.559943386215533e-11,0.6976351351351351,0.5832155976264481,0.11441953750868694
6,SYK,7.0026116,1.6659592,2.5123487685669465e-12,9.073849492830864e-11,0.28209459459459457,0.1085052274653857,0.17358936712920886
6,PHACTR1,6.991051,1.9390857,2.728343462064182e-12,9.832252727496054e-11,0.2635135135135135,0.09296411415654139,0.1705493993569721
6,ISCU,6.9769406,0.6392334,3.016775958212375e-12,1.0824006897436987e-10,0.5709459459459459,0.4684939248375247,0.10245202110842122
6,LSM7,6.966255,0.67637366,3.254889665456709e-12,1.1627347121514675e-10,0.5675675675675675,0.44984458886691153,0.11772297870065601
6,ERP29,6.933901,0.5239953,4.093914649980833e-12,1.4497951858947276e-10,0.706081081081081,0.6207968352641989,0.0852842458168821
6,DCK,6.7810845,1.0345585,1.1927696659194613e-11,4.1170684607823435e-10,0.3918918918918919,0.24752755015541114,0.14436434173648074
6,ODC1,6.7728567,1.4940414,1.2626417476790919e-11,4.3399331163398366e-10,0.2905405405405405,0.12856739191862107,0.16197314862191944
6,NT5C,6.7009254,1.3277394,2.0710369461650287e-11,7.059215724209591e-10,0.31925675675675674,0.1650183667702741,0.15423838998648265
6,SEP15,6.64331,0.61059016,3.0671608643614985e-11,1.0368144401202164e-09,0.5743243243243243,0.48431760384289346,0.09000672048143088
6,TAF7,6.6249175,0.8182703,3.474420606803761e-11,1.169650114154657e-09,0.4543918918918919,0.3224074597343882,0.13198443215750366
6,EIF1AY,6.6072326,1.0202196,3.9157048118653933e-11,1.307445845447545e-09,0.3885135135135135,0.2560045210511444,0.13250899246236908
6,LYN,6.6005497,1.0533283,4.096363106546682e-11,1.3649816046071335e-09,0.36993243243243246,0.19836111896015823,0.17157131347227422
6,IKZF3,6.5904226,1.4870406,4.385762245510532e-11,1.4584442296503621e-09,0.28547297297297297,0.12348120938118112,0.16199176359179185
6,PARP14,6.588561,1.6445227,4.4410952391728296e-11,1.4738490711583503e-09,0.27364864864864863,0.1172647640576434,0.15638388459100522
6,INPP5D,6.513149,1.1174219,7.359149762739727e-11,2.393698792608045e-09,0.35135135135135137,0.20259960440802485,0.14875174694332652
6,DUSP22,6.467764,1.3906082,9.946379193702824e-11,3.184593150453462e-09,0.2989864864864865,0.14778185928228313,0.15120462720420338
6,FOXP1,6.4566875,0.7203074,1.0701958087554819e-10,3.406512378803198e-09,0.5202702702702703,0.39446171234812094,0.12580855792214934
6,C11orf31,6.319136,0.5082547,2.630295791652555e-10,8.104382193451498e-09,0.6283783783783784,0.5617406046905906,0.06663777368778778
6,SELL,6.262377,0.5242767,3.791533614535827e-10,1.1530349715133953e-08,0.6993243243243243,0.6244701893190167,0.07485413500530769
6,DNAJC10,6.2296133,1.5670865,4.675882227566442e-10,1.41147802814049e-08,0.26182432432432434,0.10878779316191015,0.1530365311624142
6,FAM65B,6.1717744,0.5523982,6.752788847299386e-10,2.005124833587391e-08,0.6081081081081081,0.5199208816049732,0.08818722650313493
6,MTPN,6.0824375,0.89246327,1.1836906106114998e-09,3.433752141882048e-08,0.3969594594594595,0.2585476123198644,0.1384118471395951
6,CD69,6.0663533,0.60254705,1.3084695634167818e-09,3.775638540928037e-08,0.7010135135135135,0.5772817179994348,0.12373179551407865
6,ADD1,6.000938,1.1890258,1.961809561773887e-09,5.529539048767425e-08,0.30574324324324326,0.16417066968070076,0.1415725735625425
6,BLCAP,5.9552364,1.3519801,2.5969615009473647e-09,7.263057626837578e-08,0.27702702702702703,0.1381746256004521,0.13885240142657493
6,AIDA,5.944812,1.4062052,2.7677496870657097e-09,7.714336052824886e-08,0.2685810810810811,0.1313930488838655,0.1371880321972156
6,LAMTOR5,5.837008,0.6538961,5.31465104407278e-09,1.4468054198348545e-07,0.49493243243243246,0.3837242158801921,0.11120821655224034
6,WHSC1L1,5.743464,0.8276732,9.275896911377818e-09,2.4557111548066744e-07,0.39864864864864863,0.2797400395591975,0.11890860908945111
6,PSMB8-AS1,5.7131205,0.86140466,1.1092298691408636e-08,2.913019243822419e-07,0.3783783783783784,0.25317886408589996,0.12519951429247844
6,PNN,5.694263,0.75345963,1.2390601453113468e-08,3.217819529752213e-07,0.42567567567567566,0.31308279174908166,0.112592883926594
6,TMEM243,5.681362,0.82743514,1.3362611150180595e-08,3.4592671048750744e-07,0.3902027027027027,0.2740887256287087,0.11611397707399401
6,IFI16,5.680599,0.7153394,1.3422382520689475e-08,3.469251191485e-07,0.4510135135135135,0.33597061316756144,0.11504290034595205
6,PSMC6,5.672464,1.1190583,1.4075814803093082e-08,3.615296797384708e-07,0.32094594594594594,0.19892625035320713,0.12201969559273881
6,LBH,5.567155,0.6199845,2.5893214026591436e-08,6.507509595838133e-07,0.5202702702702703,0.3924837524724498,0.12778651779782046
6,TCOF1,5.549414,1.1599883,2.8662840369116615e-08,7.159583683650641e-07,0.2939189189189189,0.163040406894603,0.1308785120243159
6,CHPT1,5.322433,1.2611945,1.0238851679836022e-07,2.424281509895762e-06,0.2652027027027027,0.14297824244136761,0.12222446026133507
6,RHOH,5.304227,0.6480623,1.1315155205938585e-07,2.66753968767091e-06,0.44763513513513514,0.3289064707544504,0.11872866438068475
6,RNPS1,5.292164,0.6437165,1.2087751984891586e-07,2.841490089436943e-06,0.4560810810810811,0.35829330319299235,0.09778777788808873
6,ELOVL5,5.27487,1.0349227,1.328503282616951e-07,3.1184565576608226e-06,0.30743243243243246,0.1912969765470472,0.11613545588538526
6,THRAP3,5.268075,0.7656074,1.378616860896025e-07,3.2268312533790933e-06,0.3766891891891892,0.2715456343599887,0.10514355482920051
6,ANXA6,5.2596607,0.5211488,1.4432134845333484e-07,3.358807371330031e-06,0.5472972972972973,0.4535179429217293,0.09377935437556795
6,CHD9,5.236931,1.1145833,1.632686357623494e-07,3.7782717817649202e-06,0.27533783783783783,0.14975981915795422,0.1255780186798836
6,TSTD1,5.1974287,0.6119948,2.0206416011507043e-07,4.623736676423311e-06,0.47128378378378377,0.362531788640859,0.10875199514292477
6,SNAP23,5.1870036,0.9030819,2.1370441288858045e-07,4.86966281235385e-06,0.3260135135135135,0.2130545351794292,0.11295897833408428
6,PPP3CA,5.176802,1.211952,2.2572110704334946e-07,5.129198656022556e-06,0.26182432432432434,0.13760949420740323,0.12421483011692111
6,USF2,5.1672525,1.0089312,2.3756022292072122e-07,5.383272586157784e-06,0.2972972972972973,0.17914665159649618,0.11815064570080114
6,GDI2,5.1409674,0.50223684,2.7332785544315644e-07,6.159665348354659e-06,0.5591216216216216,0.47075445040972025,0.08836717121190135
6,IFNGR2,4.991632,1.0513604,5.987124170803172e-07,1.2922867883708535e-05,0.27533783783783783,0.1523029104266742,0.12303492741116362
6,PAPOLA,4.990087,0.5653651,6.035213397467119e-07,1.297531227279363e-05,0.4797297297297297,0.39785250070641426,0.08187722902331546
6,SEPT6,4.9687533,0.61006624,6.738472931285787e-07,1.44115236116035e-05,0.44594594594594594,0.3509465950833569,0.09499935086258904
6,FNIP1,4.959371,1.0615785,7.072179032488977e-07,1.5046543712685585e-05,0.27364864864864863,0.16388810398417633,0.1097605446644723
6,UBE2J1,4.9316707,0.9641585,8.152921653868964e-07,1.714523794073909e-05,0.30067567567567566,0.18960158236790053,0.11107409330777512
6,UBE2I,4.8793235,0.53085434,1.0645033748874545e-06,2.2101953954991932e-05,0.46959459459459457,0.38909296411415656,0.08050163048043801
6,CLEC2D,4.777421,0.5287593,1.7755762589376054e-06,3.599777344792833e-05,0.5202702702702703,0.42949985871715174,0.09077041155311855
6,ENSA,4.766661,0.5417637,1.873037941709573e-06,3.775730023996525e-05,0.4543918918918919,0.37100875953659224,0.08338313235529965
6,HERPUD1,4.7662888,0.719919,1.8765006774268904e-06,3.7763133558894654e-05,0.3783783783783784,0.27804464538005086,0.10033373299832754
6,ALOX5AP,4.6245303,0.6087168,3.7544795848825984e-06,7.252307023407815e-05,0.3935810810810811,0.28539135348968636,0.10818972759139472
6,LUC7L3,4.4001184,0.6053701,1.081919348724256e-05,0.00019911453840807145,0.3952702702702703,0.3085617406046906,0.08670852966557968
6,CCDC12,4.368155,0.6235482,1.2530053688439633e-05,0.00022828976436142632,0.36655405405405406,0.2760666855043798,0.09048736854967426
6,FAM96A,4.33837,0.8295868,1.4354340502308597e-05,0.0002595042706721226,0.2956081081081081,0.2000565131393049,0.09555159496880322
6,APOBEC3C,4.319438,0.7989011,1.5642722257744772e-05,0.0002809336760252055,0.2989864864864865,0.19864368465668267,0.10034280182980385
6,RNASEH2B,4.3162546,0.90229845,1.586990225628485e-05,0.00028470117413933815,0.2702702702702703,0.17236507487990957,0.09790519539036072
6,PMAIP1,4.300003,0.7933693,1.707958260601819e-05,0.00030539786996400394,0.30405405405405406,0.2068380898558915,0.09721596419816256
6,PPP1CC,4.2680397,0.5623138,1.9719814251294186e-05,0.00034993045657855115,0.40540540540540543,0.3274936422718282,0.07791176313357723
6,MDM4,4.2471714,0.6187586,2.16486138883434e-05,0.00038291132089425555,0.3783783783783784,0.2952811528680418,0.0830972255103366
6,MIS18BP1,4.232577,0.9986126,2.3102887741201425e-05,0.0004073128732045221,0.25,0.15032495055100312,0.09967504944899688
6,RP11-386I14.4,4.229617,0.62610006,2.3408950081552077e-05,0.00041093758828784715,0.3597972972972973,0.2526137326928511,0.10718356460444622
6,ERP44,4.057608,0.6820854,4.957790242571295e-05,0.0008310902270359525,0.32263513513513514,0.23735518508053122,0.08527995005460393
6,RBM23,4.0545177,0.70514524,5.023783665135262e-05,0.0008404307213218612,0.3141891891891892,0.22887821418479798,0.08531097500439122
6,ATRX,4.0182915,0.56816506,5.862162439926302e-05,0.0009727265687589679,0.3902027027027027,0.3176038428934727,0.07259885980922998
6,CSK,4.0052605,0.52588147,6.194914431064651e-05,0.0010206948137628272,0.40033783783783783,0.33201469341621925,0.06832314442161858
6,GPBP1,3.9936817,0.51419574,6.505519826089024e-05,0.001067570811179965,0.40540540540540543,0.32777620796835266,0.07762919743705277
6,CD55,3.7307162,0.59442073,0.0001909361456470499,0.0028791762939459754,0.34459459459459457,0.2735235942356598,0.07107100035893477
6,TNIP1,3.7165124,0.658326,0.00020199164473180207,0.00303748648847152,0.30574324324324326,0.22407459734388246,0.08166864589936079
6,PRMT1,3.6951418,0.6751398,0.0002197642013169966,0.00328062235195929,0.30236486486486486,0.22266176886126024,0.07970309600360462
6,SKAP2,3.684233,0.798061,0.0002293924376792989,0.0034088007927983734,0.2533783783783784,0.16332297259112744,0.09005540578725096
6,SMCHD1,3.6600883,0.5840987,0.0002521283229331641,0.0037196316424792583,0.3581081081081081,0.2890647075445041,0.06904340056360403
6,SIAH2,3.6338215,0.7149319,0.00027925401116393994,0.004092967000392255,0.2939189189189189,0.21927098050296695,0.07464793841595196
6,MGEA5,3.62658,0.5799487,0.0002871997899816747,0.0041991740517338515,0.3327702702702703,0.25685221814071774,0.07591805212955255
6,MARCKSL1,3.625221,0.69729054,0.00028871430714428096,0.004217548909988911,0.30405405405405406,0.23142130545351794,0.07263274860053612
6,IMPDH2,3.60856,0.70719534,0.0003079012220240106,0.004485816467974031,0.27702702702702703,0.19440519920881605,0.08262182781821098
6,ARL4A,3.606959,0.679734,0.00030980644261079804,0.004501548141700947,0.2989864864864865,0.22463972873693133,0.07434675774955518
6,SPINT2,3.604446,0.62262756,0.0003128194729319007,0.0045372689686514435,0.30574324324324326,0.2257699915230291,0.07997325172021416
6,SNX10,3.5916383,0.73186445,0.00032860558403444785,0.004749395724724029,0.26013513513513514,0.17293020627295846,0.08720492886217668
6,BBX,3.5656323,0.66157717,0.0003629800310833926,0.005227743211756502,0.28885135135135137,0.21051144391070925,0.07833990744064212
6,HDAC1,3.5401845,0.5930824,0.0003998472250955884,0.0056935600085195135,0.3091216216216216,0.2350946595083357,0.07402696211328591
6,SHOC2,3.5318263,0.647126,0.0004127005586126555,0.0058612793745326875,0.28716216216216217,0.2102288782141848,0.07693328394797738
6,CTSH,3.5248454,0.59678584,0.00042373020386086177,0.005991918639038512,0.2989864864864865,0.20712065555241593,0.09186583093407058
6,CCNDBP1,3.4209697,0.520208,0.0006239828833733001,0.008521689444800135,0.34459459459459457,0.27324102853913534,0.07135356605545923
6,GTF2H2,3.3672633,0.66051155,0.000759181419468863,0.010149904411755993,0.28040540540540543,0.20655552415936707,0.07384988124603836
6,ATP2B1,3.3232932,0.68945825,0.0008896138508550271,0.011662637991858252,0.2635135135135135,0.1907318451539983,0.07278166835951519
6,TMEM134,3.303914,0.7453932,0.0009534501871336134,0.01244963967413651,0.25,0.17547329754167845,0.07452670245832155
6,TAGAP,3.1711657,0.51397854,0.0015182855145935965,0.01893343696971481,0.3310810810810811,0.2675897146086465,0.06349136647243458
6,MAPK1IP1L,3.1282752,0.6198753,0.0017583554820823396,0.021646692281677322,0.26013513513513514,0.19242723933314496,0.06770789580199019
6,SIPA1,3.1214802,0.60657436,0.001799442730243237,0.022097206797348445,0.28378378378378377,0.2170104549307714,0.06677332885301238
6,BPTF,3.066024,0.61647284,0.002169257879899381,0.026154184357430933,0.25675675675675674,0.19016671376094943,0.06659004299580731
6,SMAP2,3.0453608,0.5056553,0.0023240138256109843,0.027876239150162255,0.3108108108108108,0.25430912687199775,0.05650168393881305
7,NKG7,22.143942,6.1541915,1.193282601483656e-108,1.9523296642874095e-104,1.0,0.3210126582278481,0.6789873417721519
7,GNLY,21.666,7.3707666,4.294873623322851e-104,3.5134213675592583e-100,0.9723756906077348,0.18632911392405063,0.7860465766836842
7,CTSW,21.448856,4.6680026,4.68007935648857e-102,2.5523592783836498e-98,0.988950276243094,0.2969620253164557,0.6919882509266382
7,HOPX,20.638636,5.582865,1.2349842943934495e-94,4.0411156081142457e-91,0.9392265193370166,0.11113924050632912,0.8280872788306874
7,KLRF1,20.607439,7.418567,2.3536313513083547e-94,6.417960423125999e-91,0.9116022099447514,0.027848101265822784,0.8837541086789286
7,PRF1,20.264294,5.73092,2.657488754945564e-91,6.211310502809195e-88,0.9171270718232044,0.130126582278481,0.7870004895447233
7,KLRD1,20.178156,5.6054406,1.5232207959437303e-90,3.115176930304421e-87,0.9281767955801105,0.08987341772151898,0.8383033778585914
7,GZMA,19.88004,4.862518,6.05859724366078e-88,1.1013856611503782e-84,0.9447513812154696,0.20810126582278482,0.7366501153926848
7,CST7,19.81621,4.79503,2.157597039399036e-87,3.530044516160763e-84,0.9447513812154696,0.1749367088607595,0.7698146723547101
7,GZMB,19.016632,6.076213,1.2421016678062245e-80,1.5632327220752031e-77,0.8674033149171271,0.05873417721518987,0.8086691377019372
7,HLA-C,18.79882,1.2871147,7.721430002162002e-79,9.023594018955179e-76,1.0,0.9898734177215189,0.010126582278481067
7,HLA-B,18.794168,1.1246386,8.429169477272635e-79,9.193976121177172e-76,1.0,0.999493670886076,0.0005063291139240089
7,HLA-A,18.613003,1.4285114,2.5208229368544584e-77,2.4260696511691644e-74,1.0,0.9863291139240506,0.013670886075949351
7,CD7,18.602137,3.3220525,3.087521455599972e-77,2.806385474170619e-74,0.9392265193370166,0.4486075949367089,0.49061892440030774
7,B2M,18.35676,0.841347,2.9148747207717474e-75,2.384513265327328e-72,1.0,1.0,0.0
7,KLRB1,18.157112,4.580416,1.1280357532975114e-73,8.388996799863901e-71,0.9226519337016574,0.1962025316455696,0.7264494020560879
7,RHOC,17.688984,4.1188602,5.098569306757605e-70,3.2083727856869684e-67,0.850828729281768,0.15215189873417723,0.6986768305475908
7,CLIC3,17.619738,5.903406,1.7380920434241728e-69,1.0532194045356627e-66,0.7955801104972375,0.05974683544303797,0.7358332750541996
7,FGFBP2,17.43427,6.0463614,4.5330281279619946e-68,2.5574094207443514e-65,0.7955801104972375,0.05772151898734177,0.7378585915098957
7,PFN1,17.21748,1.371831,1.9635628508196834e-66,1.0363178000729303e-63,1.0,0.9772151898734177,0.02278481012658229
7,IL2RB,16.972326,5.284442,1.3161523995162758e-64,6.729240440151808e-62,0.7734806629834254,0.07645569620253165,0.6970249667808938
7,CD247,16.42845,3.3881342,1.1967992635953592e-60,5.152850724127282e-58,0.8287292817679558,0.28556962025316457,0.5431596615147912
7,ITGB2,16.407927,2.171791,1.678385787629077e-60,7.041043556769059e-58,0.9558011049723757,0.6870886075949367,0.26871249737743896
7,SPON2,16.373447,5.954414,2.959662035913073e-60,1.2105757642393448e-57,0.7403314917127072,0.053670886075949366,0.6866606056367578
7,HLA-E,16.363728,1.3938886,3.472096093702333e-60,1.3525467664062826e-57,1.0,0.9265822784810127,0.07341772151898729
7,PLAC8,16.208918,2.435254,4.361869626212507e-59,1.6596406733596006e-56,0.9171270718232044,0.5686075949367089,0.34851947688649554
7,IFITM2,16.039894,2.3814423,6.726915037989638e-58,2.501342203103374e-55,0.8950276243093923,0.590126582278481,0.3049010420309113
7,FCER1G,15.910641,3.1996727,5.346334697335245e-57,1.9015517822413467e-54,0.9723756906077348,0.3820253164556962,0.5903503741520386
7,MATK,15.76042,4.4513125,5.82451721922288e-56,1.9058985244741105e-53,0.7403314917127072,0.1010126582278481,0.6393188334848591
7,TRDC,15.730879,4.7328944,9.291282514101823e-56,2.980679866925881e-53,0.7624309392265194,0.0739240506329114,0.688506888593608
7,FCGR3A,15.636393,4.6925716,4.113817981824869e-55,1.2699278490686166e-52,0.7458563535911602,0.08025316455696202,0.6656031890341982
7,CMC1,15.43512,4.0440245,9.502354991111902e-54,2.776214821599675e-51,0.7734806629834254,0.16683544303797468,0.6066452199454507
7,MYL12A,15.310647,1.4308577,6.491490037946187e-53,1.8001231950989415e-50,0.994475138121547,0.9088607594936708,0.08561437862787613
7,CCL4,15.293949,4.5671816,8.390478395740513e-53,2.2879436172118424e-50,0.7348066298342542,0.11924050632911393,0.6155661235051402
7,HCST,14.998508,1.9598145,7.508744923404414e-51,1.861372358966964e-48,0.9502762430939227,0.7149367088607594,0.23533953423316323
7,EFHD2,14.765752,3.1241355,2.4359223759883586e-49,5.775960288919643e-47,0.7734806629834254,0.25772151898734175,0.5157591439960837
7,IFITM1,14.649979,2.5422404,1.3475893833128925e-48,3.020261630189347e-46,0.8287292817679558,0.3886075949367089,0.4401216868312469
7,JAK1,14.461548,2.3498743,2.1197619774039707e-47,4.6241900949741817e-45,0.8176795580110497,0.4427848101265823,0.37489474788446747
7,UBB,14.450362,1.5500132,2.4936944164241343e-47,5.368333466725692e-45,0.9281767955801105,0.8091139240506329,0.11906287152947759
7,XCL2,14.440739,5.5244045,2.867519411284904e-47,6.092920141302898e-45,0.6574585635359116,0.0369620253164557,0.6204965382194559
7,GZMM,14.401192,3.0244932,5.0858947450915535e-47,1.066799024672345e-44,0.7679558011049724,0.25367088607594934,0.5142849150290231
7,CD63,14.1499195,2.7094364,1.869710303702079e-45,3.6855819613096045e-43,0.7790055248618785,0.33164556962025316,0.4473599552416253
7,APMAP,13.794027,3.7132554,2.768604653441767e-43,5.147402356245539e-41,0.6740331491712708,0.12683544303797467,0.5471977061332961
7,CFL1,13.77239,1.0884042,3.736446608189578e-43,6.868764377144908e-41,0.988950276243094,0.9529113924050633,0.036038883838030666
7,MYO1F,13.760631,2.548438,4.3967266480950735e-43,7.992760521053722e-41,0.7900552486187845,0.3432911392405063,0.4467641093782782
7,ID2,13.7563925,2.488497,4.6621571420984064e-43,8.382148681524398e-41,0.8287292817679558,0.4136708860759494,0.4150583956920064
7,CLIC1,13.58737,1.7958041,4.7587805691194876e-42,8.462870531669994e-40,0.8950276243093923,0.6167088607594937,0.2783187635498986
7,ARPC2,13.048783,1.2560925,6.457014786662762e-39,1.0779920298427496e-36,0.9613259668508287,0.8518987341772152,0.10942723267361354
7,RAC2,12.970996,1.6397064,1.786932905828615e-38,2.9236009272261967e-36,0.856353591160221,0.6670886075949367,0.18926498356528432
7,SRGN,12.746683,1.927351,3.252925207522709e-37,5.140470504332282e-35,0.9392265193370166,0.6230379746835443,0.31618854465347235
7,CD160,12.688781,4.7408056,6.823972843105014e-37,1.0337687007966772e-34,0.5911602209944752,0.05291139240506329,0.5382488285894119
7,CCND3,12.621636,2.1293485,1.6045115479495617e-36,2.4083865537617225e-34,0.7900552486187845,0.4311392405063291,0.3589160081124554
7,ABHD17A,12.5345125,3.0194986,4.8332628879651285e-36,7.060447688392631e-34,0.6574585635359116,0.1868354430379747,0.47062312049793686
7,ACTG1,12.516348,1.1367053,6.076744481236591e-36,8.798373137832909e-34,0.9668508287292817,0.9230379746835443,0.043812854045737426
7,TTC38,12.509624,5.345199,6.613656120877157e-36,9.491756824006243e-34,0.569060773480663,0.02911392405063291,0.53994684943003
7,XBP1,12.4358835,2.283538,1.6688535718226868e-35,2.353802869706119e-33,0.7513812154696132,0.33544303797468356,0.4159381774949297
7,CHST12,12.346369,2.8775313,5.096009759779592e-35,7.126138092286658e-33,0.6629834254143646,0.190126582278481,0.4728568431358836
7,RAP1B,12.050706,2.0425136,1.9229631928164312e-33,2.6001322973280684e-31,0.7458563535911602,0.4,0.3458563535911602
7,CALM1,12.010202,1.4007927,3.140743803006956e-33,4.2119433902456405e-31,0.9226519337016574,0.7430379746835443,0.17961395901811317
7,BIN2,11.9985075,1.9066223,3.617613294503045e-33,4.812013911493034e-31,0.7845303867403315,0.43746835443037974,0.34706203230995175
7,TYROBP,11.938278,2.8025331,7.475426937581094e-33,9.863343558529377e-31,0.988950276243094,0.4544303797468354,0.5345198964962585
7,C12orf75,11.819,2.8116672,3.1136863898078697e-32,4.0754418418917244e-30,0.6519337016574586,0.18,0.47193370165745857
7,LITAF,11.792709,1.876912,4.256229169403069e-32,5.5266797968733025e-30,0.7734806629834254,0.4648101265822785,0.30867053640114694
7,CCL5,11.75125,3.1546414,6.958139543329962e-32,8.96394654082059e-30,0.7348066298342542,0.30632911392405066,0.4284775159102035
7,PYHIN1,11.696184,3.525298,1.3331446018288028e-31,1.6908200643814764e-29,0.585635359116022,0.10784810126582278,0.47778725785019927
7,DOK2,11.66215,2.33021,1.9895389968942885e-31,2.5039113483221122e-29,0.6850828729281768,0.27949367088607596,0.40558920204210086
7,APOBEC3G,11.650965,2.816431,2.2687559108843776e-31,2.8335202639678857e-29,0.6353591160220995,0.18860759493670887,0.4467515210853906
7,PTGDR,11.607785,4.849511,3.7623630762068734e-31,4.593733006703034e-29,0.5359116022099447,0.03848101265822785,0.4974305895517169
7,EVL,11.575758,1.4783887,5.468550731845294e-31,6.530726899541669e-29,0.9171270718232044,0.6587341772151899,0.2583928946080145
7,CORO1A,11.492617,1.0142354,1.436916454102368e-30,1.6673326316006272e-28,0.9779005524861878,0.9177215189873418,0.06017903349884601
7,TPST2,11.30492,2.750409,1.2406737018863866e-29,1.4194868836757463e-27,0.6132596685082873,0.17873417721518986,0.4345254912930974
7,CTSC,11.200109,2.2923985,4.072323562065187e-29,4.626894847149203e-27,0.6629834254143646,0.27139240506329115,0.39159102035107346
7,CD99,11.171046,1.7484188,5.651133987758139e-29,6.376427805083511e-27,0.7845303867403315,0.49265822784810126,0.2918721588922302
7,SEPT7,11.137395,1.5426692,8.249764084997915e-29,9.244821246208964e-27,0.8287292817679558,0.5853164556962025,0.2434128260717533
7,CD300A,11.082456,3.2695413,1.5262816143918165e-28,1.698741053949967e-26,0.56353591160221,0.11468354430379747,0.4488523672984125
7,ARPC5L,11.003202,2.5311065,3.6879879186106366e-28,4.0496087474086325e-26,0.6187845303867403,0.22,0.39878453038674033
7,GZMH,10.904255,3.866453,1.0999086484493299e-27,1.1997070264852991e-25,0.5414364640883977,0.06531645569620254,0.4761200083921952
7,ACTB,10.849634,0.81217104,2.0022436929918705e-27,2.1551782276999994e-25,1.0,0.999746835443038,0.00025316455696200446
7,LY6E,10.691031,1.5710623,1.1211652817430749e-26,1.198914063699245e-24,0.7900552486187845,0.5336708860759494,0.25638436254283514
7,PSME1,10.485139,1.1684841,1.0109738132783033e-25,1.0602911896824564e-23,0.9005524861878453,0.7445569620253164,0.15599552416252893
7,IGFBP7,10.432463,4.945415,1.7626064603170273e-25,1.8251901453953723e-23,0.48066298342541436,0.03518987341772152,0.44547311000769285
7,RARRES3,10.269844,1.7615836,9.635998096781082e-25,9.731763263051561e-23,0.712707182320442,0.44531645569620254,0.2673907266242394
7,STK17A,10.05506,1.7011945,8.726819523977383e-24,8.70606672145085e-22,0.7182320441988951,0.38759493670886075,0.33063710749003433
7,PLEK,10.046711,2.2672944,9.498488344654062e-24,9.418470776174856e-22,0.6187845303867403,0.2562025316455696,0.3625819987411707
7,ARL4C,9.963793,1.9749621,2.1952475193450915e-23,2.137883610952681e-21,0.6464088397790055,0.31088607594936707,0.33552276382963847
7,OSTF1,9.962199,1.7697831,2.2307241291603834e-23,2.1595785489463333e-21,0.6740331491712708,0.3820253164556962,0.29200783271557457
7,MYL6,9.832118,0.83424044,8.187852607569618e-23,7.834003304821435e-21,0.9502762430939227,0.909113924050633,0.04116231904328971
7,ZAP70,9.820104,2.3924625,9.224842501355052e-23,8.774863265387791e-21,0.569060773480663,0.20379746835443038,0.3652633051262326
7,CD53,9.726287,1.3473927,2.3294048891739806e-22,2.1964918237360662e-20,0.7679558011049724,0.6007594936708861,0.1671963074340863
7,PPP1CA,9.719149,1.3561732,2.4986116794010224e-22,2.3359877535245786e-20,0.7679558011049724,0.5488607594936709,0.21909504161130156
7,NCR3,9.658729,3.057517,4.514303817222112e-22,4.172798008676326e-20,0.5082872928176796,0.10607594936708861,0.40221134345059095
7,CTSD,9.557041,1.7188549,1.211716546625005e-21,1.0952980342172212e-19,0.7016574585635359,0.3691139240506329,0.33254353451290297
7,SUN2,9.495346,1.5890709,2.194808318428285e-21,1.9622545845795176e-19,0.7071823204419889,0.4508860759493671,0.25629624449262184
7,DHRS7,9.480943,2.0159245,2.5199710388975785e-21,2.240719900402352e-19,0.5966850828729282,0.2772151898734177,0.3194698929995105
7,LSP1,9.429795,1.1717407,4.108890037776952e-21,3.6338135085442545e-19,0.8453038674033149,0.6741772151898734,0.17112665221344148
7,CXXC5,9.375972,3.0105042,6.854126653622687e-21,6.029051945157031e-19,0.4972375690607735,0.10354430379746836,0.3936932652633051
7,TGFB1,9.361281,1.8293428,7.877551660558149e-21,6.892225813817747e-19,0.6298342541436464,0.34430379746835443,0.2855304566752919
7,CD164,9.346591,1.5261334,9.051856673064347e-21,7.877522714255626e-19,0.6906077348066298,0.4293670886075949,0.2612406461990349
7,S1PR5,9.324602,4.4132886,1.114006372978639e-20,9.643522893282283e-19,0.43646408839779005,0.03468354430379747,0.40178054409399255
7,AKR1C3,9.241779,5.4570107,2.4243097191021954e-20,2.087585858643738e-18,0.4198895027624309,0.019746835443037975,0.40014266731939296
7,SAMD3,9.191015,2.8947465,3.891505919008368e-20,3.3334517455966448e-18,0.49171270718232046,0.11822784810126583,0.37348485908105467
7,IL2RG,9.107301,1.4192536,8.445725178597633e-20,7.15961189881015e-18,0.7182320441988951,0.49291139240506326,0.22532065179383182
7,TBX21,9.103253,4.403316,8.766564023797776e-20,7.39328628831729e-18,0.425414364640884,0.033417721518987344,0.39199664312189664
7,CYBA,9.077727,0.93624496,1.1086503865106379e-19,9.301861012154127e-18,0.9834254143646409,0.909367088607595,0.07405832575704596
7,PDIA3,9.055644,1.49088,1.3576442244503527e-19,1.1218392503147586e-17,0.6906077348066298,0.47645569620253164,0.2141520386040982
7,PPP1R18,9.028366,1.706999,1.7425476366700204e-19,1.43265436600795e-17,0.6298342541436464,0.3536708860759494,0.276163368067697
7,ABI3,9.005836,2.6801155,2.1402967383840285e-19,1.7508697468350543e-17,0.4972375690607735,0.14405063291139242,0.35318693614938107
7,SPN,8.986333,2.1489437,2.556168632337221e-19,2.0806703976949888e-17,0.5524861878453039,0.23341772151898735,0.3190684663263166
7,NDUFB2,8.916257,1.2579199,4.823128366970135e-19,3.9064952085147716e-17,0.7569060773480663,0.5227848101265823,0.23412126722148396
7,DENND2D,8.735666,2.24428,2.4222417262742904e-18,1.9331852138328616e-16,0.5248618784530387,0.1949367088607595,0.32992516959227913
7,PRSS23,8.726552,5.850344,2.625540597557442e-18,2.0852655202251118e-16,0.39226519337016574,0.01139240506329114,0.3808727883068746
7,CCL3,8.64714,2.7479372,5.280643586415598e-18,4.1737492617075174e-16,0.5082872928176796,0.15468354430379747,0.3536037485138821
7,KLRG1,8.640766,2.5045083,5.5837373593950885e-18,4.392092641204954e-16,0.5027624309392266,0.1539240506329114,0.3488383803063152
7,ANXA6,8.62139,1.4325678,6.614574339689839e-18,5.178040706778252e-16,0.6795580110497238,0.45721518987341775,0.22234282117630605
7,ARHGDIB,8.595706,0.64439815,8.275448574820864e-18,6.44736257774496e-16,0.9447513812154696,0.9217721518987342,0.02297922931673546
7,FAM49B,8.5834055,1.4833906,9.21052021967283e-18,7.14186356938707e-16,0.6464088397790055,0.4192405063291139,0.22716833344989162
7,MYL12B,8.4880905,0.975589,2.1005960870884118e-17,1.6135142056738737e-15,0.8784530386740331,0.7260759493670886,0.1523770893069445
7,ARF1,8.4488945,1.2131498,2.940749227469769e-17,2.2482989771323783e-15,0.712707182320442,0.5141772151898735,0.19852996713056847
7,KLRC1,8.360431,4.2355037,6.248950265538553e-17,4.733290522892419e-15,0.39779005524861877,0.03291139240506329,0.36487866284355547
7,P4HB,8.348163,1.5055548,6.933329913637541e-17,5.2274751482499456e-15,0.6298342541436464,0.38050632911392407,0.24932792502972229
7,H3F3B,8.343223,0.600212,7.229275998930186e-17,5.4256047990136134e-15,0.988950276243094,0.9807594936708861,0.008190782572207844
7,TBC1D10C,8.297398,1.3760382,1.0641646100513609e-16,7.913998720477416e-15,0.6740331491712708,0.43949367088607594,0.23453947828519484
7,TXK,8.295709,2.6260726,1.0793949515533196e-16,7.99094153953116e-15,0.4585635359116022,0.12531645569620253,0.33324708021539967
7,PPIB,8.29504,1.2195814,1.0854888922336274e-16,7.999857552177648e-15,0.7182320441988951,0.5154430379746835,0.2027890062242116
7,FGR,8.265212,1.8871957,1.3944652794299373e-16,1.0230872841593365e-14,0.56353591160221,0.23670886075949368,0.32682705084271624
7,PSMB9,8.223817,1.2181443,1.9712716249932247e-16,1.439820315022953e-14,0.7071823204419889,0.5022784810126583,0.20490383942933066
7,SH2D1B,8.044915,6.28234,8.630541647168471e-16,6.220453387194861e-14,0.35911602209944754,0.00810126582278481,0.35101475627666273
7,RASSF1,7.988956,2.2404473,1.3608602649779132e-15,9.725235849674489e-14,0.4696132596685083,0.16050632911392404,0.30910693055458427
7,ALOX5AP,7.974329,1.6932997,1.5321066105506034e-15,1.089860706748627e-13,0.569060773480663,0.28860759493670884,0.28045317854395413
7,PSMB10,7.967478,1.4124306,1.6194557552416084e-15,1.1470093338315134e-13,0.6022099447513812,0.38531645569620254,0.2168934890551787
7,CHI3L2,7.9258914,3.2564049,2.265158593256714e-15,1.5974249889772886e-13,0.4088397790055249,0.08025316455696202,0.32858661444856285
7,CLEC2B,7.890965,1.4944117,2.9985911033236787e-15,2.0876574060203705e-13,0.6022099447513812,0.3549367088607595,0.24727323589062172
7,FCRL6,7.82602,4.213824,5.0355852099379564e-15,3.4909834584658857e-13,0.3701657458563536,0.03240506329113924,0.33776068256521435
7,TSC22D4,7.7989006,1.4711353,6.244874009665292e-15,4.292957297148481e-13,0.5911602209944752,0.34050632911392403,0.25065389188055115
7,SLC9A3R1,7.7755423,1.9912324,7.51249359660482e-15,5.142757645776212e-13,0.5027624309392266,0.22177215189873417,0.2809902790404924
7,XCL1,7.7320757,5.1579523,1.058071949668386e-14,7.21296465355186e-13,0.35359116022099446,0.017468354430379748,0.3361228057906147
7,PSME2,7.648488,1.2076463,2.0335613445911133e-14,1.374838725572529e-12,0.6850828729281768,0.48481012658227846,0.20027274634589837
7,BSG,7.6356454,1.6114295,2.2469163396404296e-14,1.5128312029982335e-12,0.5469613259668509,0.31240506329113926,0.2345562626757116
7,C9orf142,7.5678325,1.5949044,3.795032014505017e-14,2.5240048288340073e-12,0.5469613259668509,0.29443037974683545,0.25253094622001543
7,PRKCH,7.439695,1.841035,1.0091822022562827e-13,6.552075401236128e-12,0.49171270718232046,0.20936708860759493,0.2823456185747255
7,EIF3G,7.3987136,0.97320825,1.375100122212265e-13,8.857485472249947e-12,0.7569060773480663,0.640759493670886,0.11614658367718023
7,HSP90AA1,7.3939652,0.8742203,1.42513454849547e-13,9.14377503840564e-12,0.8121546961325967,0.6805063291139241,0.13164836701867266
7,ADGRG1,7.369619,4.615969,1.7111638516011695e-13,1.0936074912518255e-11,0.3425414364640884,0.02278481012658228,0.3197566263375061
7,ARPC4,7.347121,1.1343422,2.0252181789823123e-13,1.289283837600374e-11,0.6740331491712708,0.490126582278481,0.18390656689278978
7,GNG2,7.341098,2.1749957,2.118487363696185e-13,1.3434330138540032e-11,0.4419889502762431,0.17291139240506329,0.2690775578711798
7,CAP1,7.333896,1.0145136,2.2355667763987204e-13,1.412204943191485e-11,0.7403314917127072,0.5837974683544304,0.15653402335827682
7,VASP,7.3225193,1.3332745,2.433581227721498e-13,1.5313777871827472e-11,0.5966850828729282,0.3779746835443038,0.2187103993286244
7,ADAM8,7.3158913,2.6656017,2.5567906725936096e-13,1.6027452948009212e-11,0.40331491712707185,0.10734177215189873,0.29597314497517313
7,SCP2,7.299926,1.4116205,2.8792685214401914e-13,1.798004285468816e-11,0.569060773480663,0.36050632911392405,0.20855444436673892
7,STOM,7.26723,2.6738644,3.6693384290078235e-13,2.2740168953407954e-11,0.39779005524861877,0.09949367088607595,0.2982963843625428
7,RNF213,7.2436485,1.482469,4.3677313014496087e-13,2.6966208235100776e-11,0.5580110497237569,0.3318987341772152,0.2261123155465417
7,IRF1,7.2312202,1.3556314,4.786736881888444e-13,2.944203087390106e-11,0.6187845303867403,0.39848101265822783,0.22030351772851248
7,UCP2,7.1740823,0.9475811,7.279375100890249e-13,4.4605938586391525e-11,0.7348066298342542,0.6108860759493671,0.1239205538848871
7,CHST2,7.156683,3.773267,8.265253730231474e-13,5.0458140403103406e-11,0.34806629834254144,0.043544303797468355,0.30452199454507306
7,TXNIP,7.1425023,0.72802866,9.164710795539106e-13,5.5741201979857e-11,0.9116022099447514,0.8432911392405064,0.06831107070424502
7,DBI,7.121438,1.1498294,1.0680681382557873e-12,6.448215059041674e-11,0.6353591160220995,0.46177215189873416,0.17358696412336533
7,CALR,7.0550904,1.2901031,1.7248825210662122e-12,1.0320828395358522e-10,0.6132596685082873,0.43746835443037974,0.17579131407790755
7,RASAL3,7.054804,1.8369918,1.7284438483761597e-12,1.0320828395358522e-10,0.46408839779005523,0.21037974683544303,0.2537086509546122
7,NDUFB7,7.039412,1.173007,1.930527291968078e-12,1.1485584372323537e-10,0.6243093922651933,0.44050632911392407,0.18380306315126926
7,PPIA,6.924818,0.631495,4.365366696930166e-12,2.5599198755725607e-10,0.8839779005524862,0.839746835443038,0.04423106510944819
7,POLR2L,6.8697834,0.9195297,6.42994525191602e-12,3.7437841376013523e-10,0.7458563535911602,0.6131645569620253,0.13269179662913488
7,HMGB1,6.8301406,0.67982334,8.483137126603293e-12,4.904332386161006e-10,0.8950276243093923,0.8113924050632911,0.08363521924610118
7,PRR13,6.829567,0.8627318,8.517123813036899e-12,4.906643052996362e-10,0.7458563535911602,0.6058227848101266,0.14003356878103357
7,DDX5,6.82603,0.50260097,8.729675807032643e-12,5.011446522065301e-10,0.9613259668508287,0.9481012658227848,0.013224701028043961
7,HNRNPA2B1,6.80538,0.6634245,1.0078286343172834e-11,5.76541408603674e-10,0.8287292817679558,0.7837974683544304,0.04493181341352537
7,LYAR,6.795342,1.6740769,1.0805599468615842e-11,6.15994470055832e-10,0.5027624309392266,0.23139240506329115,0.2713700258759354
7,HLA-F,6.7698164,1.318783,1.2894601505100126e-11,7.325297750866082e-10,0.5469613259668509,0.3488607594936709,0.19810056647317997
7,UBC,6.7510147,0.59723204,1.4681471612723858e-11,8.311541766635816e-10,0.9392265193370166,0.9010126582278482,0.03821386110916847
7,MSN,6.7137623,1.1496563,1.8966950812111282e-11,1.0663858496115212e-09,0.6187845303867403,0.42455696202531645,0.19422756836142385
7,LCP1,6.687599,0.9342377,2.268614865972707e-11,1.2667852499037359e-09,0.7348066298342542,0.5744303797468354,0.16037625008741874
7,TRGC1,6.686675,2.7795746,2.282980802543621e-11,1.2704710513747003e-09,0.35359116022099446,0.056455696202531644,0.2971354640184628
7,LAIR1,6.673036,2.1934853,2.5056507347913725e-11,1.3896593787092083e-09,0.39779005524861877,0.1369620253164557,0.26082802993216303
7,TAPBP,6.6464267,1.0762086,3.0029355986297445e-11,1.6542434117569444e-09,0.6243093922651933,0.45139240506329115,0.17291698720190218
7,PTPN7,6.638205,1.8910002,3.1752574252522505e-11,1.738973942297948e-09,0.430939226519337,0.18075949367088606,0.25017973284845096
7,TRAPPC1,6.6380777,1.0033458,3.1780038429624506e-11,1.738973942297948e-09,0.6629834254143646,0.5007594936708861,0.1622239317434785
7,SYTL1,6.601813,1.5500443,4.061598878695064e-11,2.215060641810998e-09,0.48066298342541436,0.2665822784810127,0.21408070494440168
7,PLEKHF1,6.5656757,3.4998567,5.179746731949946e-11,2.8154762884197034e-09,0.3259668508287293,0.047341772151898734,0.27862507867683056
7,CAPZB,6.538142,0.784067,6.228759232778588e-11,3.3669085686987398e-09,0.7403314917127072,0.6443037974683544,0.09602769424435276
7,HSPA5,6.518066,1.327867,7.121958330360333e-11,3.8204052538696855e-09,0.5414364640883977,0.35037974683544304,0.1910567172529547
7,ITGAM,6.482853,2.5842175,9.000418084734807e-11,4.781033775465786e-09,0.35911602209944754,0.08734177215189873,0.27177424994754884
7,PSMA4,6.3680997,1.1163436,1.9138469052406177e-10,1.0133478710887296e-08,0.569060773480663,0.3840506329113924,0.18501014056927056
7,IFI16,6.354429,1.2802104,2.0920284017960495e-10,1.1041186026382311e-08,0.5469613259668509,0.34354430379746836,0.2034170221693825
7,IER2,6.301561,0.8008963,2.946627093144555e-10,1.5402481108925898e-08,0.8066298342541437,0.709620253164557,0.09700958108958668
7,FMNL1,6.2894197,1.1247482,3.186549588859164e-10,1.655083740423009e-08,0.580110497237569,0.40962025316455697,0.17049024407301205
7,ZNF600,6.266252,3.3229952,3.698409883807095e-10,1.9088228425541916e-08,0.3149171270718232,0.04962025316455696,0.2652968739072662
7,FYN,6.217113,1.4578695,5.063844620247924e-10,2.605332133077871e-08,0.4861878453038674,0.28,0.20618784530386736
7,FKBP11,6.196814,1.9204535,5.761757584276739e-10,2.955113349101935e-08,0.40331491712707185,0.16329113924050634,0.2400237778865655
7,RBM8A,6.1920977,1.166081,5.93687994438016e-10,3.035415399062619e-08,0.5414364640883977,0.3637974683544304,0.17763899573396735
7,TMED9,6.1906953,1.4384905,5.989937451926473e-10,3.053002076354175e-08,0.4696132596685083,0.2724050632911392,0.19720819637736908
7,ACTN4,6.171607,2.098693,6.759937170783076e-10,3.424127927281173e-08,0.3756906077348066,0.12683544303797467,0.24885516469683194
7,C1orf21,6.1437235,3.9568374,8.060923980473217e-10,4.07051781618896e-08,0.292817679558011,0.026835443037974683,0.26598223652003633
7,ACAA2,6.1288414,2.2716842,8.852136015455425e-10,4.442631820517368e-08,0.35911602209944754,0.10911392405063292,0.2500020980488146
7,POLR2G,6.1211934,1.5458909,9.287720312943606e-10,4.632816830489949e-08,0.4585635359116022,0.25974683544303795,0.19881670046856426
7,PILRB,6.1129713,2.1557086,9.779284515502093e-10,4.863187658301816e-08,0.3701657458563536,0.12379746835443038,0.2463682775019232
7,FUS,6.088625,0.80612695,1.1388450173511352e-09,5.646255554206644e-08,0.7348066298342542,0.6005063291139241,0.13430030072033006
7,GNPTAB,6.08171,2.735645,1.1890759629750963e-09,5.8774839366270546e-08,0.3314917127071823,0.08227848101265822,0.24921323169452408
7,SIPA1,6.0804033,1.6141595,1.198806251722067e-09,5.907731651935162e-08,0.430939226519337,0.21721518987341773,0.2137240366459193
7,DRAP1,6.0477395,0.9910623,1.4689218627899747e-09,7.178295957259874e-08,0.5966850828729282,0.46050632911392403,0.13617875375900418
7,UBE2F,6.047644,2.0430624,1.469793500202957e-09,7.178295957259874e-08,0.3756906077348066,0.14151898734177215,0.23417162039303446
7,COPE,6.038753,0.91481394,1.5530976600218302e-09,7.562568695124156e-08,0.6243093922651933,0.4913924050632911,0.1329169872019022
7,BST2,6.0227237,1.1512327,1.7150592755345742e-09,8.301800238763658e-08,0.5414364640883977,0.3589873417721519,0.18244912231624583
7,GUK1,5.974095,0.8463318,2.3137146071322652e-09,1.110108055345777e-07,0.6685082872928176,0.5427848101265823,0.12572347716623533
7,GIMAP7,5.908448,1.0517641,3.453449437748115e-09,1.647285313440143e-07,0.6077348066298343,0.4430379746835443,0.16469683194628998
7,ARHGEF1,5.8939805,0.99764186,3.770011409548752e-09,1.7878596136703514e-07,0.5911602209944752,0.43088607594936706,0.16027414504510812
7,PTPN12,5.868774,2.8150558,4.3902977298430855e-09,2.076001767571177e-07,0.3149171270718232,0.06860759493670886,0.2463095321351143
7,HNRNPK,5.840221,0.6490818,5.213164375787852e-09,2.457999491419742e-07,0.7734806629834254,0.7010126582278481,0.07246800475557735
7,GCHFR,5.828303,2.170803,5.599396919425086e-09,2.6249780228857835e-07,0.35359116022099446,0.1210126582278481,0.23257850199314636
7,TPI1,5.8149185,0.7968486,6.066345491268837e-09,2.835756530932841e-07,0.6850828729281768,0.5481012658227848,0.13698160710539198
7,STARD3NL,5.793663,2.3413415,6.886754692168995e-09,3.2009714067777535e-07,0.3370165745856354,0.10481012658227848,0.2322064480033569
7,RNF167,5.7898393,1.4844079,7.045391119898942e-09,3.2654290116902717e-07,0.44751381215469616,0.2437974683544304,0.20371634380026576
7,HNRNPF,5.77569,0.91608703,7.663834639376798e-09,3.542033856916492e-07,0.580110497237569,0.45164556962025315,0.12846492761731587
7,BZW1,5.737832,1.1728654,9.589621800608565e-09,4.334138184523667e-07,0.5027624309392266,0.32329113924050634,0.17947129169872023
7,RUNX3,5.729228,2.1697862,1.0088884063001797e-08,4.5472240263022705e-07,0.34806629834254144,0.11620253164556962,0.2318637666969718
7,LPCAT1,5.726551,2.3976977,1.0249298628126299e-08,4.6068344740322625e-07,0.3314917127071823,0.09848101265822785,0.23301070004895447
7,ARHGAP30,5.715334,1.0486065,1.0948892793042829e-08,4.907803698273252e-07,0.5359116022099447,0.390126582278481,0.1457850199314637
7,CX3CR1,5.7086735,2.5623395,1.1386006588594909e-08,5.089793819562878e-07,0.32044198895027626,0.08278481012658227,0.23765717882369397
7,ANXA1,5.704085,0.96553624,1.1696994315785068e-08,5.214564686663746e-07,0.7458563535911602,0.5065822784810127,0.23927407511014753
7,PSMB8,5.6585145,0.958133,1.5268865452758254e-08,6.788421404146136e-07,0.5580110497237569,0.45164556962025315,0.10636548010350377
7,ACAP1,5.617024,0.8566227,1.9427477214242795e-08,8.613901211442449e-07,0.6519337016574586,0.5167088607594936,0.13522484089796494
7,C1orf162,5.613455,0.9753983,1.9832666063604074e-08,8.769790526125034e-07,0.6132596685082873,0.450126582278481,0.16313308622980627
7,PARK7,5.6127214,0.7777153,1.991688411694018e-08,8.783292211246853e-07,0.6464088397790055,0.5369620253164556,0.10944681446254989
7,MBP,5.609822,1.5132811,2.0253512197624093e-08,8.907734222186231e-07,0.425414364640884,0.22582278481012658,0.19959157983075743
7,GSN,5.603225,3.1445768,2.1039950792390914e-08,9.228810587514953e-07,0.287292817679558,0.048860759493670886,0.2384320581858871
7,TSEN54,5.5825434,2.1545763,2.370262977412523e-08,1.0368949885948204e-06,0.3314917127071823,0.10379746835443038,0.22769424435275193
7,SERBP1,5.5808864,0.820681,2.3929588866098472e-08,1.0440320091686322e-06,0.6353591160220995,0.5151898734177215,0.120169242604378
7,WIPF1,5.575692,1.0617642,2.4654770512992727e-08,1.0728103733060478e-06,0.5414364640883977,0.3886075949367089,0.15282886915168886
7,SH2D1A,5.546852,1.8468913,2.908581720756327e-08,1.2622627462412273e-06,0.3701657458563536,0.1559493670886076,0.214216378767746
7,SH3BGRL3,5.5422955,0.55751246,2.985322195203614e-08,1.2921390591461992e-06,0.9668508287292817,0.9184810126582279,0.04836981607105384
7,INPP5D,5.533054,1.5031089,3.147027386770218e-08,1.3585360178086421e-06,0.4143646408839779,0.21518987341772153,0.19917476746625637
7,ARHGAP9,5.5254693,1.5431869,3.286056386277085e-08,1.414820224628405e-06,0.4088397790055249,0.2159493670886076,0.19289041191691728
7,CIRBP,5.509759,0.57460654,3.5932526354701965e-08,1.5430237892107055e-06,0.8839779005524862,0.8162025316455697,0.06777536890691649
7,SASH3,5.492583,1.5671663,3.960980582608684e-08,1.6964817620958292e-06,0.39779005524861877,0.1931645569620253,0.20462549828659346
7,HSPA8,5.4914036,0.6972654,3.9875200737937965e-08,1.7014080725474789e-06,0.861878453038674,0.7377215189873417,0.12415693405133232
7,YWHAQ,5.4911485,1.1006651,3.993280972179157e-08,1.7014080725474789e-06,0.5138121546961326,0.3610126582278481,0.1527994964682845
7,SEC61G,5.440002,0.73263997,5.327999327686404e-08,2.258326347157442e-06,0.7071823204419889,0.5779746835443038,0.1292076368976851
7,TMED2,5.4336925,0.9586158,5.519975205217946e-08,2.33013364753584e-06,0.5359116022099447,0.3931645569620253,0.14274704524791942
7,LAT2,5.4335012,1.7826188,5.5258960653010574e-08,2.33013364753584e-06,0.3701657458563536,0.1508860759493671,0.2192796699069865
7,RABAC1,5.432258,0.9996131,5.564531945242985e-08,2.3403935001573387e-06,0.5359116022099447,0.3756962025316456,0.16021539967829912
7,CEBPD,5.4192247,1.5473934,5.985808708645374e-08,2.504701183686623e-06,0.4088397790055249,0.18556962025316456,0.2232701587523603
7,ZEB2,5.390353,1.3717358,7.031942457788726e-08,2.934939044690851e-06,0.44751381215469616,0.24455696202531646,0.2029568501293797
7,TERF2IP,5.372348,1.0828282,7.771790695058623e-08,3.2354775461031583e-06,0.5027624309392266,0.3379746835443038,0.16478774739492275
7,LMAN2,5.3697033,1.1390551,7.886637520810802e-08,3.274956255786435e-06,0.48066298342541436,0.3220253164556962,0.15863766696971815
7,SELT,5.367313,1.0334488,7.991827042976109e-08,3.310234993674231e-06,0.5138121546961326,0.3711392405063291,0.1426729141898035
7,AOAH,5.357976,2.2317426,8.415941647096157e-08,3.4683431054947162e-06,0.32044198895027626,0.10329113924050633,0.21715084970976994
7,SYNE2,5.344241,1.5541781,9.07965603234026e-08,3.7229633370268324e-06,0.39779005524861877,0.19063291139240507,0.2071571438562137
7,JTB,5.34405,0.79003483,9.08924412007385e-08,3.7229633370268324e-06,0.6187845303867403,0.5101265822784811,0.10865794810825924
7,G6PD,5.334044,2.0265794,9.60493374543806e-08,3.91886087304519e-06,0.3314917127071823,0.11721518987341772,0.21427652283376458
7,ENSA,5.3281164,0.98183,9.923645602065943e-08,4.03882501729853e-06,0.5193370165745856,0.37670886075949367,0.14262815581509197
7,PTPN6,5.325121,1.0033717,1.0088585265236443e-07,4.095765348003311e-06,0.5580110497237569,0.4010126582278481,0.15699839149590883
7,PIP4K2A,5.2522726,1.5321268,1.502337207442094e-07,6.05412291895569e-06,0.39779005524861877,0.2118987341772152,0.18589132107140358
7,CARHSP1,5.248162,1.5422405,1.5362422317503847e-07,6.175542789599028e-06,0.3867403314917127,0.19265822784810127,0.19408210364361145
7,SIGIRR,5.242426,1.2008045,1.584790691014475e-07,6.355088356786232e-06,0.4585635359116022,0.29417721518987344,0.16438632072172876
7,SRSF9,5.2314,0.8704317,1.6823117002785494e-07,6.696910396169671e-06,0.5580110497237569,0.42481012658227846,0.13320092314147847
7,SDF4,5.2205334,1.6504639,1.7840874955743313e-07,7.070097655908714e-06,0.3701657458563536,0.18430379746835443,0.18586194838799916
7,ARF6,5.2204695,0.69502467,1.7847016269728617e-07,7.070097655908714e-06,0.6795580110497238,0.5848101265822785,0.09474788446744531
7,CALM3,5.2183022,0.8453221,1.8057041241213065e-07,7.136020573610796e-06,0.574585635359116,0.43746835443037974,0.13711728092873626
7,SNRPB,5.215849,0.8852661,1.8297748527156342e-07,7.196381337807811e-06,0.56353591160221,0.4293670886075949,0.13416882299461502
7,CH17-189H20.1,5.2023373,1.3672985,1.96797891582211e-07,7.721367635914998e-06,0.4143646408839779,0.23518987341772152,0.17917476746625638
7,FLNA,5.193924,1.1292367,2.0590707690818886e-07,8.040204499510447e-06,0.49171270718232046,0.33848101265822783,0.15323169452409263
7,GPR65,5.1823564,1.7403171,2.1910007116723635e-07,8.53499110563608e-06,0.35359116022099446,0.15544303797468353,0.19814812224631093
7,COX6A1,5.1807947,0.60862297,2.209423405805309e-07,8.586312670399207e-06,0.712707182320442,0.620253164556962,0.09245401776347995
7,PRDX5,5.1617384,0.84348714,2.4466710139597027e-07,9.463353300093309e-06,0.5524861878453039,0.43924050632911393,0.11324568151618997
7,PSMB3,5.1540904,0.8225327,2.5486518289974486e-07,9.811410017465236e-06,0.580110497237569,0.4440506329113924,0.13605986432617662
7,RBM39,5.153389,0.6865221,2.5582028668870195e-07,9.825060353318903e-06,0.6685082872928176,0.5984810126582278,0.0700272746345898
7,HSH2D,5.146665,2.7702062,2.651579349764566e-07,1.01598336631143e-05,0.27624309392265195,0.057974683544303796,0.21826841037834815
7,RNF126,5.112918,1.460655,3.172201106002192e-07,1.2097991211026076e-05,0.3867403314917127,0.20354430379746835,0.18319602769424437
7,CCDC85B,5.1108465,0.856795,3.20718350210492e-07,1.2202960297195022e-05,0.5580110497237569,0.4278481012658228,0.13016294845793414
7,GLIPR2,5.0998845,1.4121795,3.398611617091574e-07,1.2901318948314439e-05,0.40331491712707185,0.21670886075949367,0.18660605636757818
7,CDC42SE1,5.099215,0.9945733,3.410648105170381e-07,1.2917040196456622e-05,0.5359116022099447,0.39848101265822783,0.1374305895517169
7,SKAP1,5.096793,1.4273258,3.4545536093195274e-07,1.305310660556046e-05,0.39779005524861877,0.21265822784810126,0.1851318274005175
7,ITGAL,5.093479,1.700048,3.5155198165687917e-07,1.325286168637834e-05,0.34806629834254144,0.15569620253164557,0.19237009581089587
7,H2AFV,5.058616,1.0452298,4.223094372442321e-07,1.584725849255248e-05,0.4861878453038674,0.3382278481012658,0.14795999720260156
7,ADGRE5,5.0307326,1.3309058,4.886090087472271e-07,1.816848180025769e-05,0.4198895027624309,0.2427848101265823,0.17710469263584863
7,WDR1,5.023913,1.048164,5.062914751928995e-07,1.874080277292088e-05,0.4861878453038674,0.34860759493670884,0.13758025036715854
7,CDC42,5.0204396,0.5529898,5.155335889715468e-07,1.903983081075277e-05,0.7900552486187845,0.7491139240506329,0.04094132456815158
7,RP5-1171I10.5,5.017221,1.2027334,5.242424442652692e-07,1.9269536046452992e-05,0.44751381215469616,0.2772151898734177,0.17029862228127846
7,CISD3,5.01703,1.7224109,5.247642416114299e-07,1.9269536046452992e-05,0.3425414364640884,0.15265822784810126,0.18988320861598715
7,PSMD8,4.994659,1.0993136,5.893978061554067e-07,2.1524860505599575e-05,0.46408839779005523,0.31848101265822787,0.14560738513182736
7,TUBB,4.9559727,0.829844,7.196941507455921e-07,2.6224757239083814e-05,0.5469613259668509,0.44556962025316454,0.10139170571368633
7,YPEL3,4.9473367,1.0817106,7.523586636103751e-07,2.735408910073188e-05,0.48066298342541436,0.3159493670886076,0.16471361633680676
7,RPA2,4.9461894,1.3904424,7.568038736879617e-07,2.7454696623966166e-05,0.39226519337016574,0.22075949367088607,0.17150569969927967
7,RPS19BP1,4.931116,1.1154189,8.176111799660288e-07,2.95949922907615e-05,0.44751381215469616,0.2939240506329114,0.15358976152178477
7,PRRC2C,4.9255714,0.87318516,8.411426283945379e-07,3.037954645289853e-05,0.5469613259668509,0.40936708860759496,0.1375942373592559
7,SSR2,4.910275,0.5274721,9.094874967304859e-07,3.256044843327676e-05,0.7569060773480663,0.7032911392405063,0.053614938107559906
7,ARPC5,4.906865,0.5789038,9.254357282954889e-07,3.305906976122815e-05,0.6795580110497238,0.6232911392405063,0.05626687180921752
7,GHITM,4.900842,0.8486156,9.542660912601863e-07,3.401470047735928e-05,0.5359116022099447,0.40354430379746836,0.13236729841247635
7,PTPN4,4.8960624,1.4480417,9.777608623731907e-07,3.477640319410386e-05,0.3756906077348066,0.19443037974683544,0.18126022798797117
7,TBCB,4.8717794,1.1580755,1.1059753358751033e-06,3.925132856887758e-05,0.4419889502762431,0.29215189873417724,0.14983705154206584
7,RAB7A,4.8686566,0.8622791,1.12359477853272e-06,3.9790333704705264e-05,0.5248618784530387,0.41139240506329117,0.1134694733897475
7,C9orf16,4.8418884,0.78312534,1.286111194092232e-06,4.525175321837206e-05,0.5966850828729282,0.489873417721519,0.10681166515140922
7,MYO1G,4.8375545,1.0729282,1.314464959880858e-06,4.6150131348950044e-05,0.48066298342541436,0.3468354430379747,0.13382754038743966
7,LDHA,4.813877,0.75819,1.4802992596664557e-06,5.1530162100857195e-05,0.5911602209944752,0.47341772151898737,0.11774249947548782
7,ANXA11,4.8065157,0.7876256,1.5358341465880185e-06,5.3236827271878323e-05,0.569060773480663,0.45544303797468355,0.11361773550597942
7,SH2D2A,4.802469,2.8761141,1.5672140600878659e-06,5.420970240401178e-05,0.2541436464088398,0.051645569620253164,0.20249807678858664
7,TLN1,4.798103,1.3055917,1.6017556917930617e-06,5.528760521819891e-05,0.40331491712707185,0.24658227848101266,0.15673263864605919
7,GSTP1,4.793036,0.7266389,1.6427618900579777e-06,5.646476320008104e-05,0.7292817679558011,0.5739240506329114,0.15535771732288972
7,LINC00869,4.780289,1.3800411,1.750433093318221e-06,5.9913882509998775e-05,0.3756906077348066,0.1982278481012658,0.1774627596335408
7,PPP1R12A,4.740997,1.2746725,2.1266913999454736e-06,7.233845736903929e-05,0.39779005524861877,0.24,0.15779005524861878
7,ENO1,4.7217813,0.5723108,2.3378825139474484e-06,7.93570452504029e-05,0.7237569060773481,0.6488607594936708,0.07489614658367727
7,TMBIM6,4.7156305,0.57960343,2.4096311806365527e-06,8.145449534379057e-05,0.6574585635359116,0.5944303797468354,0.06302818378907615
7,DNAJB11,4.675765,1.7254095,2.9285985539310365e-06,9.83876816034203e-05,0.32044198895027626,0.14050632911392405,0.1799356598363522
7,FBXW5,4.667161,1.4038728,3.0539024003288948e-06,0.00010238708436840379,0.36464088397790057,0.19873417721518988,0.1659067067627107
7,AES,4.6619663,0.6301414,3.132021501452787e-06,0.00010436456982743187,0.7071823204419889,0.6230379746835443,0.08414434575844465
7,CCDC12,4.6439934,1.0897281,3.417383636170633e-06,0.00011341138675737877,0.430939226519337,0.28253164556962024,0.1484075809497168
7,VAMP8,4.639787,0.6532553,3.4876844113883802e-06,0.00011551013088001071,0.6519337016574586,0.550379746835443,0.10155395482201557
7,BTN3A2,4.63762,1.273238,3.524439061748602e-06,0.00011649161108943207,0.39226519337016574,0.23063291139240508,0.16163228197776067
7,TCF25,4.6354213,0.93974286,3.5621136984308184e-06,0.00011749948028231173,0.49171270718232046,0.369873417721519,0.12183928946080147
7,DGKZ,4.6329036,1.2260572,3.605722571093625e-06,0.00011869864584640402,0.40331491712707185,0.25113924050632913,0.15217567662074272
7,ECH1,4.6320753,0.9763925,3.620186474945222e-06,0.00011893548376823047,0.44751381215469616,0.3245569620253165,0.12295685012937968
7,MAPK1,4.627486,1.4876804,3.7013068883924067e-06,0.0001213568777574913,0.3425414364640884,0.17139240506329115,0.17114903140079726
7,PSMD13,4.6206985,1.4154223,3.824500106876753e-06,0.00012489550149423265,0.35911602209944754,0.19367088607594937,0.16544513602349817
7,TRAF3IP3,4.5958104,0.6571567,4.31070532876124e-06,0.00013993541643623542,0.6629834254143646,0.5769620253164557,0.08602140009790893
7,TMEM50A,4.577487,0.89952016,4.705954292831676e-06,0.0001511989341080861,0.47513812154696133,0.3529113924050633,0.12222672914189803
7,RALY,4.577168,1.0252997,4.713126116687483e-06,0.0001511989341080861,0.4419889502762431,0.29873417721518986,0.14325477306105322
7,ATP6V0E1,4.5751925,0.5056532,4.757825645977793e-06,0.00015233421799186431,0.7182320441988951,0.6562025316455696,0.06202951255332545
7,ATPIF1,4.569552,0.76609755,4.887680958884655e-06,0.00015618622689123404,0.5524861878453039,0.4584810126582278,0.09400517518707607
7,TRBC1,4.5492845,0.9724784,5.382864488290363e-06,0.00017167455339750222,0.5303867403314917,0.3379746835443038,0.19241205678718787
7,PTGER2,4.5473404,1.6803925,5.43280547322731e-06,0.00017293021468379772,0.3149171270718232,0.13265822784810127,0.1822588992237219
7,GIMAP4,4.51525,0.8690615,6.324200650828986e-06,0.00019974951128998657,0.5248618784530387,0.4230379746835443,0.10182390376949435
7,GSAP,4.4966717,2.2795055,6.902539732108395e-06,0.00021717779337889512,0.26519337016574585,0.0769620253164557,0.18823134484929016
7,PRELID1,4.4871755,0.6899475,7.217364070511107e-06,0.00022621320604910387,0.6464088397790055,0.5227848101265823,0.12362402965242325
7,PPP2R5C,4.474747,0.85875875,7.650174777526522e-06,0.00023932028591799507,0.5082872928176796,0.3969620253164557,0.1113252675012239
7,PXN,4.4737277,1.868434,7.686768432571867e-06,0.00024000614184219147,0.292817679558011,0.11392405063291139,0.17889362892509963
7,ADD1,4.4627333,1.4385166,8.092072084749694e-06,0.00025074695336854116,0.3425414364640884,0.17721518987341772,0.1653262465906707
7,CCDC107,4.459132,1.3472979,8.229208372451162e-06,0.00025451432548520504,0.35359116022099446,0.1941772151898734,0.15941394503112105
7,RHOF,4.4458756,1.1103927,8.753456612257191e-06,0.00026920169855853366,0.4143646408839779,0.27974683544303797,0.13461780544093993
7,CIB1,4.4240785,0.7456872,9.685477017278242e-06,0.000295641957984495,0.5414364640883977,0.44556962025316454,0.0958668438352332
7,TMEM109,4.4126062,1.3642203,1.0213356862539521e-05,0.00030830393289300574,0.34806629834254144,0.1840506329113924,0.16401566543114904
7,RORA,4.3984256,1.3147675,1.0903901953625329e-05,0.0003279388600427647,0.35359116022099446,0.1820253164556962,0.17156584376529826
7,MAF1,4.383384,0.8953677,1.1684973381269357e-05,0.00034906896313537073,0.4696132596685083,0.3420253164556962,0.12758794321281208
7,PSMB6,4.383257,0.9890569,1.1691815402370464e-05,0.00034906896313537073,0.430939226519337,0.2956962025316456,0.13524302398769145
7,LCK,4.3825874,0.72534215,1.1727798795934288e-05,0.0003495054938074333,0.6298342541436464,0.4931645569620253,0.13666969718162103
7,HNRNPA3,4.3744617,0.6328223,1.2173261373024115e-05,0.0003614641185554402,0.6132596685082873,0.5243037974683544,0.08895587103993285
7,CD2BP2,4.371976,1.7801044,1.2312714845172585e-05,0.00036494262243092146,0.292817679558011,0.1210126582278481,0.17180502133016293
7,KMT2E,4.3413196,0.7332665,1.4162947688759508e-05,0.00041676256679099694,0.5359116022099447,0.4293670886075949,0.10654451360234979
7,RPN2,4.3324924,1.0456866,1.4743068480504498e-05,0.00043305447649826586,0.4088397790055249,0.26962025316455696,0.13921952584096792
7,DAD1,4.3286047,0.7141869,1.5005698130323733e-05,0.00043997890163123045,0.5469613259668509,0.4587341772151899,0.08822714875166099
7,ETS1,4.3277125,0.9384968,1.506660007063918e-05,0.00044097431798877936,0.4585635359116022,0.31721518987341774,0.14134834603818447
7,FKBP8,4.3250995,0.63404435,1.5246314414673157e-05,0.0004454374109615491,0.5580110497237569,0.49746835443037973,0.06054269529337719
7,ARHGDIA,4.324207,0.75065064,1.530814701495964e-05,0.0004456523012664674,0.5248618784530387,0.42860759493670886,0.09625428351632981
7,CFLAR,4.2919893,1.1241262,1.7707939576872233e-05,0.0005136872330092316,0.40331491712707185,0.27367088607594936,0.1296440310511225
7,GOLGA7,4.2819834,1.281044,1.8523502105097512e-05,0.000535447028165195,0.35911602209944754,0.21544303797468353,0.143672984124764
7,POLR3GL,4.2773623,1.1167644,1.891207776155331e-05,0.0005422025761139136,0.3867403314917127,0.24936708860759493,0.13737324288411779
7,CTDSP1,4.277235,1.3074901,1.892290636031078e-05,0.0005422025761139136,0.35359116022099446,0.20506329113924052,0.14852786908175394
7,SIRT2,4.2569675,2.0082283,2.0721850185800565e-05,0.0005916757258113142,0.27071823204419887,0.10025316455696202,0.17046506748723683
7,KDELR2,4.254737,1.1832162,2.092950942473837e-05,0.0005965639437249903,0.3756906077348066,0.22531645569620254,0.15037415203860408
7,ACTR3,4.2448897,0.6016718,2.1870084953407382e-05,0.0006222894955177359,0.6132596685082873,0.5491139240506329,0.06414574445765442
7,PDIA6,4.2410975,1.029681,2.2242934149392946e-05,0.0006317997319760729,0.425414364640884,0.30455696202531646,0.12085740261556754
7,SRSF2,4.2249727,0.5796901,2.3896954948621562e-05,0.0006776049911861306,0.6022099447513812,0.5422784810126582,0.059931463738723045
7,IDH2,4.221977,1.2126855,2.4216842091733417e-05,0.0006843035465679627,0.36464088397790057,0.22177215189873417,0.1428687320791664
7,HMGN3,4.2205753,0.8076899,2.436797240674506e-05,0.000687386890597855,0.49171270718232046,0.37746835443037974,0.11424435275194073
7,DSTN,4.2161775,1.0431144,2.4847813881029487e-05,0.0006997161495826566,0.4143646408839779,0.2789873417721519,0.135377299111826
7,RAB37,4.21229,2.0583355,2.5279494996203802e-05,0.0007082154411522096,0.2596685082872928,0.08329113924050632,0.1763773690467865
7,DEF6,4.2094855,1.2685626,2.5595289998481505e-05,0.0007158368199404375,0.35911602209944754,0.21670886075949367,0.14240716133995387
7,STK10,4.1946354,1.2933437,2.7331085348834706e-05,0.0007604828016875589,0.35911602209944754,0.21367088607594936,0.14544513602349818
7,SH3BP5,4.1940937,1.3216244,2.739647767505386e-05,0.0007610081005798916,0.3425414364640884,0.1850632911392405,0.1574781453248479
7,DUSP2,4.18823,0.8721759,2.8113838377792675e-05,0.0007796110333882474,0.49171270718232046,0.3379746835443038,0.15373802363801664
7,SEC61B,4.1833544,0.5877214,2.872390249429311e-05,0.0007924987667944849,0.6298342541436464,0.5397468354430379,0.09008741870060843
7,NDUFAF3,4.1528893,0.97006303,3.283033071734032e-05,0.0008999777501280298,0.4143646408839779,0.28405063291139243,0.13031400797258547
7,GBP2,4.152826,1.2202666,3.283947905546322e-05,0.0008999777501280298,0.35359116022099446,0.20227848101265822,0.15131267920833624
7,PDLIM2,4.1480455,1.0908791,3.353254882323919e-05,0.0009174348349448434,0.3867403314917127,0.2448101265822785,0.14193020490943423
7,SLA,4.143648,1.4548389,3.41824250408899e-05,0.0009324865990951105,0.3149171270718232,0.1579746835443038,0.15694244352751938
7,CDKN2D,4.1435523,1.1782023,3.419668476603302e-05,0.0009324865990951105,0.3756906077348066,0.2410126582278481,0.13467794950695852
7,FERMT3,4.1350756,1.0456529,3.5483753050728314e-05,0.000964368245287319,0.39779005524861877,0.26582278481012656,0.1319672704384922
7,BCAP31,4.13071,0.8921472,3.616445884149401e-05,0.000981238326875097,0.43646408839779005,0.31468354430379747,0.12178054409399258
7,ERH,4.110825,0.6606855,3.942480854765878e-05,0.0010661641200797442,0.5359116022099447,0.44759493670886075,0.08831666550108397
7,IQGAP2,4.0943494,1.5629587,4.2335509080937514e-05,0.0011411058716198003,0.2983425414364641,0.13746835443037975,0.16087418700608436
7,AKR1B1,4.083164,1.3243643,4.442659708053756e-05,0.001195499267820189,0.3259668508287293,0.17443037974683545,0.15153647108189383
7,WDR83OS,4.074114,0.6877103,4.6189852919941286e-05,0.0012409067054567477,0.5303867403314917,0.44151898734177214,0.08886775298971955
7,MAP1LC3B,4.060698,0.8993823,4.8926235187577094e-05,0.0013117285105900473,0.4530386740331492,0.3412658227848101,0.11177285124833908
7,COMMD7,4.060411,1.2139862,4.89863773589951e-05,0.0013117285105900473,0.35359116022099446,0.21468354430379746,0.138907615917197
7,PPP4C,4.0446053,0.8137729,5.241140140947017e-05,0.0013988628686139337,0.4530386740331492,0.3227848101265823,0.1302538639065669
7,CDK2AP2,4.032113,1.2169771,5.527755873248951e-05,0.0014705628267028632,0.35359116022099446,0.21063291139240506,0.1429582488285894
7,NUDC,4.0281935,1.0127187,5.620707514069005e-05,0.0014928635655468018,0.3867403314917127,0.2549367088607595,0.13180362263095324
7,HMOX2,4.007002,1.249167,6.149437523749988e-05,0.001628008856408957,0.3425414364640884,0.20075949367088608,0.14178194279320233
7,SF3B2,4.0048985,0.79556334,6.204407763801314e-05,0.001639908165162412,0.47513812154696133,0.3711392405063291,0.10399888104063221
7,ICAM3,4.0025725,0.53396916,6.265749903763525e-05,0.0016534505512173392,0.6077348066298343,0.5450632911392405,0.0626715154905938
7,DDOST,3.9990351,1.1297458,6.360124883117377e-05,0.0016756522256470758,0.36464088397790057,0.23468354430379748,0.12995733967410308
7,C4orf3,3.9962308,0.5162425,6.435899268924852e-05,0.001692889838245651,0.6408839779005525,0.5921518987341772,0.04873207916637534
7,CDC37,3.9878178,0.8684733,6.668382287380604e-05,0.0017512263660326493,0.430939226519337,0.3286075949367089,0.10233163158262815
7,AKNA,3.9819543,1.08987,6.835091595260235e-05,0.0017916826872953501,0.3812154696132597,0.24936708860759493,0.13184838100566476
7,DYNLL1,3.981317,0.70103824,6.853447924750974e-05,0.0017916826872953501,0.5414364640883977,0.4356962025316456,0.10574026155675215
7,POLR2E,3.9812531,1.0733547,6.855286120939362e-05,0.0017916826872953501,0.3701657458563536,0.2359493670886076,0.134216378767746
7,GPAA1,3.9760907,1.5243042,7.005739080068756e-05,0.0018278643293496344,0.292817679558011,0.13848101265822785,0.15433666689978318
7,CKLF,3.968825,0.83829165,7.222787466990069e-05,0.0018767499264599353,0.4696132596685083,0.34430379746835443,0.12530946220015388
7,NDUFB8,3.9593606,0.6283948,7.515070992401675e-05,0.0019454758940930978,0.5414364640883977,0.48886075949367086,0.05257570459472688
7,SLFN5,3.952732,1.1590871,7.726389525574755e-05,0.0019938715935004505,0.35359116022099446,0.20379746835443038,0.14979369186656408
7,VCP,3.9478247,1.2503536,7.886453026753754e-05,0.002028777641049028,0.3314917127071823,0.19037974683544304,0.14111196587173927
7,RPS6KA1,3.918698,1.5338236,8.902853381742133e-05,0.0022830655827379785,0.2983425414364641,0.15240506329113923,0.14593747814532487
7,LAT,3.9154477,0.7706235,9.02366135111784e-05,0.0023104244658159467,0.4861878453038674,0.3632911392405063,0.12289670606336106
7,CD47,3.9147785,0.78353757,9.048725053956485e-05,0.0023132217282465944,0.47513812154696133,0.36658227848101266,0.10855584306594868
7,PIN1,3.906015,1.0470171,9.383068474715933e-05,0.0023949513777664173,0.3701657458563536,0.2369620253164557,0.1332037205398979
7,TSTD1,3.8970923,0.8130382,9.735455346808434e-05,0.0024733196417567205,0.48066298342541436,0.37341772151898733,0.10724526190642703
7,SYNE1,3.886608,1.5591972,0.00010165473393943647,0.002570592120530325,0.281767955801105,0.12835443037974684,0.15341352542135814
7,DNAJC1,3.8786411,1.8322406,0.00010504156402151839,0.0026439769676247114,0.2596685082872928,0.10455696202531646,0.15511154626197637
7,LAMP1,3.8721085,0.84235555,0.00010789793809954726,0.002707543198231124,0.43646408839779005,0.32329113924050634,0.11317294915728371
7,ADH5,3.8576088,1.4051065,0.00011450167918909753,0.002860094615592099,0.30386740331491713,0.16075949367088607,0.14310790964403106
7,STUB1,3.8524463,0.8864665,0.00011694357731260322,0.00291219766881507,0.425414364640884,0.3037974683544304,0.12161689628645361
7,SFT2D1,3.8517134,0.99957615,0.00011729422181004106,0.002916490521328392,0.3812154696132597,0.2481012658227848,0.1331142037904749
7,CYCS,3.836736,0.67556304,0.0001246804168104542,0.003086076095969503,0.5138121546961326,0.43949367088607594,0.07431848381005668
7,SQSTM1,3.8274307,0.90646774,0.0001294878094063575,0.0032002266611743427,0.4088397790055249,0.2972151898734177,0.11162458913210715
7,RASSF5,3.8248496,0.8871587,0.00013085200079078566,0.0032290642306757834,0.4088397790055249,0.2974683544303797,0.11137142457514515
7,RSRP1,3.819464,0.74866146,0.00013374200266033412,0.0032904554970311674,0.47513812154696133,0.3840506329113924,0.09108748863556893
7,SPAG7,3.8159585,1.0877054,0.00013565526663892162,0.0033325162424615563,0.35359116022099446,0.22632911392405064,0.12726204629694382
7,NT5C,3.805538,1.2762293,0.00014149627266153461,0.0034707953778341347,0.32044198895027626,0.1810126582278481,0.13942933072242816
7,PTPRA,3.7851431,1.2825289,0.0001536201703633175,0.003751312846737668,0.3149171270718232,0.17113924050632912,0.14377788656549406
7,FAM96B,3.7830398,0.8233367,0.00015492460026528525,0.003771906822827875,0.4198895027624309,0.3121518987341772,0.10773760402825372
7,MIB2,3.7742445,1.6154387,0.0001604932815017686,0.003884364761317213,0.26519337016574585,0.11139240506329114,0.15380096510245472
7,CSK,3.7668831,0.76653767,0.0001652982696335528,0.0039888569166291405,0.44751381215469616,0.3369620253164557,0.11055178683824046
7,GADD45B,3.7663095,1.0321149,0.00016567831320531837,0.003992139738368504,0.3812154696132597,0.25721518987341774,0.12400027973984196
7,BIN1,3.7577055,0.8567543,0.00017147852879877495,0.004113724647619878,0.430939226519337,0.31291139240506327,0.11802783411427376
7,PSMA2,3.756877,0.61763704,0.00017204703743524993,0.004121320028518483,0.5248618784530387,0.43924050632911393,0.08562137212392473
7,HEXA,3.7349842,1.4135128,0.0001877269349484345,0.00446424474228392,0.292817679558011,0.14936708860759493,0.1434505909504161
7,EIF4H,3.7226198,0.8416757,0.00019716629538628637,0.004668361445463142,0.4198895027624309,0.3182278481012658,0.10166165466116511
7,ATP5B,3.707483,0.5972886,0.00020932951537250215,0.00493492824352955,0.5414364640883977,0.47341772151898737,0.06801874256941037
7,EIF5A,3.7037544,0.5713292,0.00021243186348252787,0.005000860026528976,0.585635359116022,0.5217721518987342,0.06386320721728789
7,PTPN18,3.6991975,1.2311574,0.0002162822608844879,0.0050841868826596364,0.3149171270718232,0.17924050632911392,0.13567662074270925
7,FBXL15,3.6879485,1.3970871,0.00022606947793406333,0.00529902969696162,0.287292817679558,0.14936708860759493,0.13792572907196307
7,CD69,3.668892,0.59399945,0.0002436040765019099,0.005677501845652063,0.6906077348066298,0.590632911392405,0.09997482341422481
7,ATM,3.6574833,0.6913945,0.00025470370244720344,0.005919328516674283,0.49171270718232046,0.3865822784810127,0.10513042870130779
7,DNAJC8,3.6510463,0.8810468,0.00026117415561977426,0.006061092709354789,0.4088397790055249,0.3020253164556962,0.10681446254982868
7,PRMT2,3.6463938,0.8834936,0.00026594642486327334,0.006154383956418692,0.40331491712707185,0.2934177215189873,0.10989719560808453
7,ATP5J,3.6409125,0.590147,0.00027167340745588327,0.006260350168148882,0.5138121546961326,0.4731645569620253,0.04064759773410731
7,SRPK2,3.6399565,1.3167584,0.0002726840628238185,0.0062748016200569546,0.2983425414364641,0.16329113924050634,0.13505140219595776
7,OFD1,3.6361005,1.206754,0.00027679625040920525,0.006351561645084161,0.3149171270718232,0.18075949367088606,0.13415763340093712
7,LMO4,3.6296315,1.6775126,0.0002838260075640148,0.006503749733550204,0.2596685082872928,0.11822784810126583,0.141440660186027
7,SAR1A,3.6270185,1.1991125,0.0002867127664608841,0.006560709891002132,0.32044198895027626,0.18936708860759494,0.13107490034268132
7,NFATC3,3.615897,1.1739844,0.00029930952439032515,0.006839389844343729,0.3259668508287293,0.1962025316455696,0.12976431918315967
7,HNRNPR,3.6130927,0.79531574,0.00030256662597836055,0.006895405624369545,0.425414364640884,0.32329113924050634,0.10212322540037766
7,PIM1,3.6130607,1.0825676,0.0003026038285127641,0.006895405624369545,0.34806629834254144,0.2118987341772152,0.13616756416532624
7,LINC00861,3.611977,0.9750763,0.00030387126644590456,0.006914656175690465,0.3756906077348066,0.2539240506329114,0.12176655710189521
7,DBNL,3.5999315,0.76572263,0.0003183010794901106,0.007232949946580139,0.43646408839779005,0.3311392405063291,0.10532484789146096
7,BAX,3.5982745,0.78242475,0.0003203355939715659,0.007269085510358931,0.4419889502762431,0.34253164556962024,0.09945730470662284
7,MACF1,3.596904,1.159535,0.0003220271687927745,0.007297349734928786,0.3259668508287293,0.19848101265822785,0.12748583817050144
7,TMEM160,3.5876944,0.8008122,0.0003336148745672232,0.0075286523624749505,0.4198895027624309,0.3141772151898734,0.10571228757255752
7,CCDC69,3.5832968,1.0299537,0.0003392846907030132,0.007635538960924346,0.34806629834254144,0.23772151898734178,0.11034477935519965
7,ATP5A1,3.5722709,0.50991315,0.00035389917384672653,0.007931704634666154,0.585635359116022,0.5225316455696203,0.06310371354640176
7,ARL6IP1,3.5683513,0.83122814,0.0003592348447415291,0.008040275369105551,0.4088397790055249,0.3121518987341772,0.09668788027134767
7,RNPS1,3.5407543,0.72738254,0.00039898503560679873,0.008821343469679506,0.44751381215469616,0.36886075949367086,0.07865305266102529
7,PCSK7,3.5380137,0.6913493,0.00040314919539036084,0.008889385425581797,0.48066298342541436,0.38253164556962027,0.09813133785579409
7,RNF125,3.5367072,1.4704784,0.0004051486943269778,0.008921290878281559,0.27071823204419887,0.13265822784810127,0.1380600041960976
7,NDUFA12,3.531736,0.6767044,0.00041284153490299755,0.00906644342623885,0.46408839779005523,0.3918987341772152,0.07218966361284002
7,PA2G4,3.5255537,0.6771026,0.0004225986088394105,0.009231155993620288,0.4696132596685083,0.3891139240506329,0.08049933561787542
7,GTF3A,3.5123289,0.5107235,0.00044419812411319176,0.009690034011487908,0.56353591160221,0.5227848101265823,0.04075110147562766
7,EIF4A1,3.5054774,0.6389463,0.00045578928477028126,0.00992965178179304,0.48066298342541436,0.3979746835443038,0.08268829988111054
7,BCL7C,3.5008247,1.4360363,0.00046382074326395525,0.010091047000782333,0.27071823204419887,0.1362025316455696,0.13451570039862926
7,RTFDC1,3.4869945,0.96117395,0.0004884815383370248,0.010571490011550349,0.35359116022099446,0.23848101265822785,0.11511014756276661
7,TAOK3,3.471507,0.9103896,0.0005175458150085582,0.011185689668896987,0.3756906077348066,0.2767088607594937,0.09898174697531292
7,IRF3,3.4548404,1.0420586,0.0005506184243761488,0.01183777844364213,0.3259668508287293,0.20455696202531645,0.12140988880341283
7,APOBEC3C,3.45449,1.1261888,0.0005513347090064974,0.01183777844364213,0.3314917127071823,0.20759493670886076,0.12389677599832155
7,CLTB,3.4539163,1.0064204,0.0005525086836435871,0.011847437186229002,0.3425414364640884,0.22860759493670887,0.11393384152737954
7,BANF1,3.4454398,0.705238,0.0005701311155294717,0.012177434962372958,0.425414364640884,0.3344303797468354,0.09098398489404858
7,POLR2K,3.4433045,0.9109416,0.0005746516392204809,0.012242025350633188,0.36464088397790057,0.2620253164556962,0.10261556752220435
7,SRRM2,3.4353697,0.6238931,0.0005917459245927102,0.012589798533499782,0.4861878453038674,0.4020253164556962,0.08416252884817116
7,TLE4,3.429984,0.881305,0.0006036164591379436,0.012809038765182742,0.39226519337016574,0.2934177215189873,0.09884747185117843
7,PPP1R7,3.4192767,1.1856695,0.0006278781445284873,0.013272240726912896,0.2983425414364641,0.1749367088607595,0.12340583257570462
7,GYPC,3.4138913,0.5780087,0.0006404212519582046,0.013519912391339595,0.5193370165745856,0.45367088607594935,0.06566613049863629
7,TUBA1B,3.407486,0.6006297,0.0006556427318235276,0.013823415896088575,0.5303867403314917,0.45924050632911395,0.07114623400237774
7,TES,3.40124,1.1977001,0.000670808959360788,0.014106819259771019,0.2983425414364641,0.17670886075949366,0.12163368067697045
7,TECR,3.393305,0.80355537,0.0006905467089850452,0.014503253794228914,0.39779005524861877,0.2951898734177215,0.10260018183089725
7,NUDT22,3.3922217,1.4222429,0.0006932833255154957,0.014542062165075673,0.26519337016574585,0.13645569620253165,0.1287376739632142
7,EIF3I,3.3901184,0.71075517,0.0006986243771096489,0.01460134253295301,0.430939226519337,0.3453164556962025,0.08562277082313452
7,TINF2,3.3900547,1.2596078,0.000698786822523208,0.01460134253295301,0.287292817679558,0.1620253164556962,0.1252675012238618
7,CARD16,3.3887162,0.69398785,0.0007022062954776616,0.014635410446254804,0.4696132596685083,0.38050632911392407,0.08910693055458424
7,MGMT,3.3870592,1.1698548,0.0007064614721942983,0.014705364054161469,0.30386740331491713,0.1840506329113924,0.11981677040352473
7,C5orf56,3.3865492,1.5890243,0.0007077755699832432,0.014713997586398783,0.2596685082872928,0.13443037974683544,0.12523812854045738
7,CDC42EP3,3.385147,0.9903108,0.000711401059673482,0.014751879261492826,0.3425414364640884,0.2260759493670886,0.1164654870969998
7,M6PR,3.3757463,0.75163066,0.0007361575233346178,0.015245915492756558,0.4198895027624309,0.3306329113924051,0.08925659137002584
7,TXNL4A,3.3694367,1.0119927,0.0007532199790007633,0.015551052317950764,0.3314917127071823,0.22227848101265824,0.10921323169452407
7,DDX6,3.3692455,0.8245135,0.0007537427106005107,0.015551052317950764,0.4088397790055249,0.3179746835443038,0.09086509546122107
7,MYDGF,3.358761,0.903656,0.0007829269494072479,0.016132831006614588,0.3701657458563536,0.2660759493670886,0.10408979648926497
7,TMED10,3.3563075,0.8473319,0.0007899071153162509,0.016235766725740175,0.39779005524861877,0.3037974683544304,0.09399258689418838
7,TBCC,3.3494241,1.1371483,0.0008097973157269016,0.01660287453960882,0.30386740331491713,0.17924050632911392,0.1246268969858032
7,UFC1,3.3265116,0.548369,0.0008794033543977695,0.017962444795632842,0.5027624309392266,0.44556962025316454,0.05719281068606202
7,UBE2L6,3.3206482,0.8902244,0.0008980868669926618,0.018321196048462517,0.36464088397790057,0.2650632911392405,0.09957759283866008
7,ARGLU1,3.317047,0.54538494,0.0009097426377439383,0.018535864627806445,0.5082872928176796,0.4443037974683544,0.06398349534932518
7,SDF2,3.315135,1.3909935,0.0009159883730276351,0.018639907675503904,0.26519337016574585,0.13772151898734178,0.12747185117840407
7,TPM4,3.3101637,1.0723058,0.0009324137245047001,0.018927073134766003,0.3149171270718232,0.19670886075949368,0.1182082663123295
7,ARHGAP25,3.2926369,1.1583388,0.0009925254957150829,0.020097412915092167,0.292817679558011,0.17215189873417722,0.12066578082383381
7,MIEN1,3.2922227,1.0442553,0.0009939887829064926,0.02010216375418186,0.3259668508287293,0.21367088607594936,0.11229596475277992
7,PRPF38B,3.2798584,0.7000294,0.0010385926169469329,0.020952421462230295,0.44751381215469616,0.37848101265822787,0.06903279949646829
7,TMCO1,3.2749825,0.8646494,0.0010566849512098806,0.021291160697961647,0.35911602209944754,0.2518987341772152,0.10721728792223234
7,ZNF207,3.2436254,0.7448341,0.0011801887578091373,0.023576395929811103,0.4143646408839779,0.3318987341772152,0.08246590670676268
7,GNB2,3.236264,0.7049565,0.0012110530948782517,0.02407538236367324,0.430939226519337,0.34962025316455697,0.08131897335478006
7,PPP2R1A,3.225716,0.98322374,0.0012565796988479193,0.024919879336788856,0.3259668508287293,0.21822784810126583,0.10773900272746345
7,ICAM2,3.2149448,0.95122546,0.0013046954694015704,0.025842763407843937,0.34806629834254144,0.24430379746835443,0.10376250087418701
7,SELK,3.2013059,0.6457197,0.0013680625186347174,0.02696731429805134,0.44751381215469616,0.37063291139240506,0.0768809007622911
7,AURKAIP1,3.2004135,0.64926165,0.0013723053740101329,0.027018397381684458,0.425414364640884,0.3610126582278481,0.06440170641303589
7,AP2M1,3.190694,0.6838995,0.0014193148396211455,0.027776806328997084,0.425414364640884,0.36050632911392405,0.06490803552695995
7,ILK,3.186137,1.2376127,0.0014418626651210703,0.028150733966641802,0.26519337016574585,0.14405063291139242,0.12114273725435343
7,TMEM179B,3.1841295,1.0783613,0.0014519007095776875,0.028312929093445224,0.30386740331491713,0.19341772151898734,0.11044968179592979
7,DGUOK,3.1781385,0.8023655,0.0014822396495492416,0.02887014631699422,0.3867403314917127,0.3020253164556962,0.08471501503601653
7,PSMC5,3.176768,0.7728455,0.0014892604633037865,0.028937993396809088,0.39226519337016574,0.3121518987341772,0.08011329463598854
7,DEK,3.172498,0.71108985,0.0015113362680613798,0.02929736099733677,0.4143646408839779,0.3281012658227848,0.08626337506119308
7,PSMB8-AS1,3.1710958,0.8119123,0.0015186505265827107,0.029404309189845833,0.3701657458563536,0.2665822784810127,0.10358346737534091
7,CCM2,3.1635432,1.0318122,0.0015586116892579275,0.030142370978663065,0.30939226519337015,0.20354430379746835,0.1058479613959018
7,ACP1,3.1620138,0.83116823,0.0015668220841159792,0.030265379124228498,0.35911602209944754,0.26936708860759495,0.08974893349185259
7,SSNA1,3.1560545,0.8640696,0.001599189643963684,0.03084141252991906,0.35359116022099446,0.2622784810126582,0.09131267920833624
7,MAGOH,3.1558313,0.7829419,0.001600413131098422,0.03084141252991906,0.36464088397790057,0.2668354430379747,0.09780544093992588
7,PSMB2,3.152358,0.93035406,0.0016195760805468443,0.031173981475090495,0.3314917127071823,0.23746835443037975,0.09402335827680255
7,MIDN,3.1411407,0.9669859,0.0016829115285945542,0.03227915066745076,0.32044198895027626,0.20329113924050632,0.11715084970976994
7,RAB5C,3.1239963,0.7566953,0.0017841275328643355,0.03410059645466518,0.3812154696132597,0.3012658227848101,0.07994964682844957
7,HDDC2,3.1234863,1.0995207,0.0017872216172581056,0.034102257626193476,0.2983425414364641,0.1931645569620253,0.1051779844744388
7,FDPS,3.123295,1.1737661,0.0017883831699330116,0.034102257626193476,0.281767955801105,0.16936708860759495,0.11240086719351003
7,SCAND1,3.113034,0.60078645,0.001851747290518794,0.0351466791417378,0.4585635359116022,0.4088607594936709,0.049702776417931305
7,CPNE1,3.0891654,1.0245973,0.002007196156085188,0.03786964010059768,0.3259668508287293,0.230126582278481,0.09584026855024827
7,CAST,3.0794141,0.6507047,0.002074081511608408,0.03891519221493712,0.46408839779005523,0.389873417721519,0.07421498006853622
7,TADA3,3.0761638,1.172949,0.0020968270100019545,0.039251929874876405,0.27624309392265195,0.17012658227848101,0.10611651164417094
7,MT2A,3.075335,0.8332561,0.002102661358145648,0.03931616283499537,0.36464088397790057,0.2549367088607595,0.10970417511714109
7,DCTN3,3.0658069,0.86354893,0.002170834814671188,0.04040617565737805,0.3370165745856354,0.23721518987341772,0.09980138471221767
7,AGTRAP,3.0553226,1.0523635,0.002248185606063183,0.04175092474551616,0.2983425414364641,0.17974683544303796,0.11859570599342614
7,MANF,3.0528052,1.2117816,0.002267131364013987,0.042055029758087115,0.27624309392265195,0.16556962025316455,0.1106734736694874
7,PSMA5,3.051658,0.8474447,0.002275813294030844,0.04216826874704263,0.34806629834254144,0.25518987341772154,0.0928764249248199
7,TCIRG1,3.0378914,1.1840762,0.0023823988228140343,0.04399371009036164,0.27624309392265195,0.1640506329113924,0.11219246101125954
7,PRPF31,3.033207,1.267589,0.0024196969847261923,0.04449573786375838,0.2596685082872928,0.1458227848101266,0.11384572347716623
7,THEMIS2,3.0321553,1.0804024,0.0024281431611991697,0.044586812862378915,0.287292817679558,0.17772151898734176,0.10957129869221624
7,MAP2K2,3.02763,1.1573701,0.002464796052077165,0.045158486235201,0.27624309392265195,0.17240506329113925,0.1038380306315127
7,NAA38,3.0237741,0.6623589,0.0024964271871632734,0.045635804702992534,0.4088397790055249,0.3306329113924051,0.07820686761311979
7,PSTPIP1,3.0181336,1.1346892,0.0025433668117693115,0.0463902167306106,0.27624309392265195,0.1630379746835443,0.11320511923910764
7,EHD1,3.0155842,1.0424403,0.0025648461767741183,0.04672989788218413,0.292817679558011,0.18734177215189873,0.10547590740611229
7,C19orf66,3.0126207,0.99389166,0.0025900243761848444,0.04713613884178002,0.30386740331491713,0.1989873417721519,0.10488006154276522
7,BAG1,3.005833,0.94330794,0.0026485443173119272,0.048094154911809586,0.30939226519337015,0.20734177215189872,0.10205049304147143
7,UQCRFS1,2.992608,0.6710781,0.0027660466049053505,0.0499506495616517,0.4088397790055249,0.3326582278481013,0.07618155115742359
8,RPS14,13.655094,0.51325047,1.8824592282686203e-42,6.159783086740579e-39,1.0,1.0,0.0
8,RPS6,13.3996315,0.657607,6.076416952098665e-41,1.4202322536183751e-37,1.0,0.9994922569179995,0.0005077430820005224
8,RPS12,13.373326,0.6161399,8.658100212218995e-41,1.7706897196514371e-37,1.0,0.9992383853769993,0.0007616146230007281
8,RPL32,13.196531,0.5187811,9.186851915667167e-40,1.6700676021358945e-36,1.0,0.9997461284589998,0.0002538715410002057
8,RPS27,12.932579,0.5858177,2.9476171770834e-38,4.384178603114682e-35,1.0,1.0,0.0
8,MALAT1,12.820758,0.55624926,1.2546762514452398e-37,1.7106465124912974e-34,1.0,1.0,0.0
8,RPL31,12.742152,0.69248146,3.4475277183510522e-37,4.028928642852969e-34,1.0,0.9966996699669967,0.0033003300330033403
8,RPS15A,12.571586,0.50239986,3.0259511445584345e-36,2.9122109809482676e-33,1.0,0.9997461284589998,0.0002538715410002057
8,RPL30,12.482041,0.62916964,9.355661793546963e-36,8.50377681134566e-33,1.0,0.9972074130489972,0.002792586951002818
8,RPS25,12.347695,0.63031775,5.012703171795889e-35,4.316465083881712e-32,1.0,0.9972074130489972,0.002792586951002818
8,RPS29,12.336975,0.656083,5.726750338410748e-35,4.684768114336913e-32,1.0,0.9997461284589998,0.0002538715410002057
8,RPL11,12.329166,0.50663203,6.309581498807643e-35,4.9157649000948494e-32,1.0,0.9984767707539984,0.0015232292460015673
8,LDHB,12.2703905,1.5905607,1.3062239209341289e-34,9.714149804728764e-32,0.96875,0.6915460776846916,0.27720392231530844
8,RPS3,11.787629,0.5904308,4.520889615711621e-32,2.844856730871455e-29,1.0,0.9987306422949987,0.0012693577050012506
8,RPL3,11.272831,0.58387685,1.7872972373506318e-29,9.4328935807399e-27,1.0,0.9987306422949987,0.0012693577050012506
8,RPL22,11.236146,0.64058965,2.7095580563057866e-29,1.3853462299755928e-26,1.0,0.9870525514089871,0.012947448591012933
8,RPL9,11.051481,0.5019666,2.156271289867983e-28,9.283882782507914e-26,1.0,0.9982228992129982,0.001777100787001773
8,RPS16,10.57405,0.5015349,3.9314336820787146e-26,1.5293552762565698e-23,1.0,0.9974612845899975,0.002538715410002501
8,RPL14,10.5202,0.5294379,6.97258333287515e-26,2.479965998025442e-23,1.0,0.9936532114749936,0.006346788525006364
8,RPL38,10.1619005,0.517563,2.9330114280587077e-24,8.88648147675343e-22,1.0,0.9944148260979944,0.005585173902005636
8,RPS20,10.094325,0.5563894,5.853238551222652e-24,1.7100863560098895e-21,1.0,0.9926377253109926,0.007362274689007409
8,RPL10A,9.835485,0.52650607,7.918513821333704e-23,2.1592467438473456e-20,1.0,0.9931454683929931,0.006854531607006886
8,NPM1,9.79347,0.8451562,1.201009643788609e-22,3.22126537410253e-20,0.9791666666666666,0.9063214013709063,0.0728452652957603
8,GIMAP7,9.678086,1.5663402,3.7364351226637964e-22,9.404894621831135e-20,0.765625,0.43488194973343486,0.33074305026656514
8,TRAC,9.552912,1.5884975,1.2610181656991514e-21,3.1259876074248205e-19,0.9583333333333334,0.587966488956588,0.3703668443767454
8,RPL5,9.262034,0.571812,2.0057440320266114e-20,4.5577747372204704e-18,1.0,0.984006092916984,0.015993907083015957
8,RPS21,9.173884,0.5362811,4.56273493376939e-20,1.0087960304243378e-17,1.0,0.9885757806549885,0.011424219345011477
8,CD3E,9.118454,1.4356382,7.620337679719185e-20,1.662351263705141e-17,0.9010416666666666,0.5359228230515359,0.3651188436151307
8,LAT,8.978903,1.5629094,2.734808493562683e-19,5.593025220397383e-17,0.703125,0.35237369890835235,0.35075130109164765
8,RPL4,8.914735,0.55307984,4.889852136206522e-19,9.7564476585945e-17,1.0,0.9847677075399848,0.015232292460015229
8,RPS10,8.886322,0.51488507,6.316483967332877e-19,1.2451083637293157e-16,1.0,0.9857831937039858,0.014216806296014184
8,EEF1B2,8.426304,0.7178076,3.567555112342192e-17,6.485418799225622e-15,0.9895833333333334,0.9246001523229246,0.06498318101040879
8,RPS5,8.390269,0.53397834,4.8502958738401757e-17,8.720405581527374e-15,1.0,0.9900990099009901,0.00990099009900991
8,LEF1,8.375056,1.7459612,5.519750692403041e-17,9.816156638957191e-15,0.5885416666666666,0.24955572480324956,0.3389859418634171
8,CD3D,8.304413,1.3563519,1.0031429280948937e-16,1.7647764996301673e-14,0.9114583333333334,0.558009647118558,0.3534486862147753
8,IL7R,8.017935,1.4681615,1.0753754181870878e-15,1.8327309600998898e-13,0.6927083333333334,0.38486925615638484,0.30783907717694853
8,TRBC2,7.863821,1.2661598,3.725899677171152e-15,6.157519658403759e-13,0.8125,0.5521706016755522,0.2603293983244478
8,MAL,7.7678638,1.8636596,7.982091394529215e-15,1.2958686787476868e-12,0.5104166666666666,0.1855800964711856,0.32483657019548107
8,SARAF,7.2935615,0.75560474,3.0186737269530276e-13,4.332326390059516e-11,0.9322916666666666,0.8156892612338157,0.11660240543285094
8,RPL17,7.246001,0.5328614,4.29257308849105e-13,6.002631478701032e-11,0.984375,0.9408479309469409,0.04352706905305914
8,RPSA,7.1980686,0.6258817,6.107137250502546e-13,8.467701064023064e-11,1.0,0.964965727341965,0.03503427265803505
8,EIF3E,7.1141334,0.6581624,1.1261837554644063e-12,1.5102862641928812e-10,0.9270833333333334,0.8504696623508504,0.07661367098248295
8,CCR7,7.067967,1.5475762,1.5721983849963303e-12,2.09127949405894e-10,0.53125,0.24016247778624017,0.29108752221375983
8,LTB,6.9992447,1.122854,2.573461284449813e-12,3.368352005990671e-10,0.9739583333333334,0.7682152830667682,0.20574305026656514
8,CD3G,6.8821254,1.2184701,5.896610798954933e-12,7.253717991105387e-10,0.65625,0.35237369890835235,0.30387630109164765
8,CD7,6.836982,1.1124177,8.08790781172062e-12,9.588859399098628e-10,0.7239583333333334,0.45773038842345776,0.2662279449098756
8,LINC00861,6.7075615,1.420154,1.979032945052305e-11,2.2642627981818718e-09,0.5260416666666666,0.24625539477024624,0.27978627189642036
8,CD27,6.6594434,1.1733705,2.7486612782656e-11,3.0592413043335706e-09,0.6510416666666666,0.3719218075653719,0.2791198591012947
8,PIK3IP1,6.4504256,1.2915392,1.1153629560825949e-10,1.1697726490043165e-08,0.5572916666666666,0.30515359228230515,0.2521380743843615
8,EVL,6.433416,0.9114715,1.247678422531649e-10,1.2919789032303992e-08,0.8958333333333334,0.659050520436659,0.23678281289667436
8,NOSIP,6.18353,1.0098706,6.268379391016057e-10,6.215573043419013e-08,0.6666666666666666,0.472962680883473,0.19370398578319364
8,GLTSCR2,6.1200128,0.52699083,9.356775759806022e-10,9.112274297987281e-08,0.953125,0.9065752729119065,0.04654972708809346
8,CD2,6.0625687,1.0705675,1.3396456567130826e-09,1.2892907405578083e-07,0.6510416666666666,0.36912922061436915,0.2819124460522975
8,FLT3LG,6.0498652,1.3551443,1.4496702300379519e-09,1.3789566647471473e-07,0.4895833333333333,0.24193957857324194,0.24764375476009137
8,TCF7,6.0048766,1.0899106,1.914775227028112e-09,1.7901507136803966e-07,0.59375,0.3587204874333587,0.23502951256664129
8,LEPROTL1,5.986038,1.0000011,2.150137359707342e-09,1.9987725762597624e-07,0.6197916666666666,0.4211728865194212,0.19861878014724543
8,LDLRAP1,5.9548993,1.3517462,2.602317901992469e-09,2.391939505308921e-07,0.4739583333333333,0.22493018532622494,0.24902814800710837
8,TRAF3IP3,5.8005686,0.8131437,6.60905251450399e-09,5.751633414351052e-07,0.7239583333333334,0.5737496826605738,0.15020865067275957
8,LBH,5.7209706,0.99598676,1.0591724244771109e-08,8.978818671953373e-07,0.6354166666666666,0.39984767707539987,0.23556898959126676
8,ACAP1,5.6653543,0.8666652,1.4672098901713213e-08,1.21237479864106e-06,0.734375,0.5123127697385124,0.22206223026148764
8,AAK1,5.6245794,1.0062201,1.8596041256711152e-08,1.5212491550052557e-06,0.578125,0.3587204874333587,0.21940451256664129
8,RGS10,5.6044087,0.90900433,2.089668238119791e-08,1.6925278239543515e-06,0.6197916666666666,0.42955064737242954,0.1902410192942371
8,ATM,5.107736,0.9371823,3.260415447153298e-07,2.2688622499208454e-05,0.5885416666666666,0.38156892612338156,0.20697274054328507
8,SEPT6,5.0942893,0.94616854,3.5005229625148186e-07,2.416542455261812e-05,0.546875,0.3556740289413557,0.1912009710586443
8,SNHG8,4.9470534,0.66664106,7.534534212270087e-07,5.031531193753098e-05,0.734375,0.6095455699416096,0.12482943005839042
8,HSPB1,4.77754,1.1344225,1.7745267013070087e-06,0.00011209664617793038,0.4270833333333333,0.24904798172124903,0.17803535161208428
8,OCIAD2,4.773946,1.0097,1.8065087455853407e-06,0.00011367803687123754,0.484375,0.2982990606752983,0.18607593932470168
8,RBL2,4.7415676,1.1478971,2.1207073822344106e-06,0.00013243089114785189,0.421875,0.23584666158923584,0.18602833841076416
8,SLFN5,4.6473765,1.2599727,3.361832389721889e-06,0.00020296287722597721,0.3854166666666667,0.20182787509520184,0.18358879157146485
8,CLEC2D,4.58451,0.7903216,4.550521916013769e-06,0.0002697503227097872,0.640625,0.4328509774054328,0.20777402259456718
8,TMEM123,4.532364,0.67222494,5.832721278977365e-06,0.0003371044522672576,0.6927083333333334,0.5425234831175425,0.15018485021579087
8,GIMAP1,4.476035,0.987956,7.6041944249954315e-06,0.0004275334192005164,0.4791666666666667,0.29982228992129983,0.17934437674536685
8,IL32,4.437615,0.8623806,9.096107644581105e-06,0.0005079229255050904,0.8958333333333334,0.5965981213505966,0.2992352119827367
8,RCAN3,4.423084,1.1148903,9.730204862786342e-06,0.0005378239248650248,0.4010416666666667,0.21655242447321654,0.18448924219345014
8,LCK,4.418002,0.7204818,9.961737256240202e-06,0.0005487676203681681,0.6875,0.48997207413049,0.19752792586951
8,IFITM1,4.354454,0.7739487,1.3339887712002618e-05,0.0007250960227776573,0.59375,0.3988321909113988,0.19491780908860118
8,OXNAD1,4.333013,1.3559582,1.470822312775709e-05,0.0007968252933550786,0.328125,0.1441990352881442,0.1839259647118558
8,TRABD2A,4.3318357,1.4044958,1.4787114291033618e-05,0.0007984553693584193,0.3229166666666667,0.14216806296014217,0.1807486037065245
8,GCC2,4.1493406,0.8755836,3.334346778723885e-05,0.0016236085609137346,0.4791666666666667,0.310992637725311,0.1681740289413557
8,PRMT2,3.983886,0.92310184,6.7797385852659e-05,0.0031334266382354635,0.4322916666666667,0.2916984006092917,0.140593266057375
8,FAM102A,3.895334,1.3884624,9.806353576278743e-05,0.004358030912421268,0.2916666666666667,0.12718964204112718,0.1644770246255395
8,TESPA1,3.8542182,1.3684443,0.00011610001327842737,0.0050925263197006704,0.2864583333333333,0.1254125412541254,0.1610457920792079
8,ST13,3.8091986,0.58550495,0.00013941798442406407,0.006034438209423578,0.6666666666666666,0.5227215029195227,0.14394516374714394
8,GABPB1-AS1,3.7981682,0.77954304,0.0001457693734944781,0.006247962586076029,0.4739583333333333,0.31353135313531355,0.16042698019801976
8,KIAA1551,3.7563088,0.9136284,0.00017243782422454037,0.007215486552781854,0.4166666666666667,0.27367352119827365,0.14299314546839303
8,UXT,3.705526,0.5164105,0.00021095231383345912,0.008693679613675629,0.671875,0.5826351865955827,0.08923981340441733
8,STMN3,3.680925,1.2797416,0.0002323894072792421,0.009387958253075753,0.2916666666666667,0.13683676059913683,0.15482990606752986
8,DGKA,3.6708243,1.2242597,0.0002417696143247501,0.009652466626403273,0.3020833333333333,0.15232292460015232,0.149760408733181
8,C6orf48,3.644178,0.53984517,0.00026824775795722443,0.010600969970865095,0.6614583333333334,0.553947702462554,0.10751063087077939
8,SLC25A45,3.6038058,1.2565632,0.00031359130144375787,0.01221450447156101,0.2864583333333333,0.13962934755013964,0.14682898578319367
8,AES,3.5355172,0.50464094,0.00040697768438296316,0.01555738760324687,0.7135416666666666,0.6224930185326225,0.09104864813404412
8,TBC1D10C,3.5135806,0.5650325,0.0004421102578701534,0.01666674177192069,0.5833333333333334,0.44325971058644326,0.14007362274689011
8,ANP32B,3.50884,0.5002525,0.0004500654730274003,0.01688881010137912,0.6145833333333334,0.5112972835745113,0.10328604975882205
8,TRBC1,3.4970043,0.7747503,0.0004705144502385776,0.017535505513333414,0.4791666666666667,0.33993399339933994,0.13923267326732675
8,SUSD3,3.4925115,1.124583,0.0004785009703127907,0.01779262358019902,0.3020833333333333,0.15841584158415842,0.1436674917491749
8,TXK,3.49152,1.2353033,0.0004802804614841752,0.017818296213928775,0.28125,0.13302868748413302,0.14822131251586698
8,STK4,3.4641302,0.5692396,0.000531948957866263,0.019557790785730177,0.5885416666666666,0.4656004061944656,0.12294126047220105
8,GRAP2,3.4224877,1.1308423,0.0006205088888900176,0.022610570002515762,0.2916666666666667,0.148007108403148,0.14365955826351867
8,SATB1,3.3676152,1.0150381,0.0007582134597111741,0.027204233364768682,0.3229166666666667,0.19192688499619193,0.13098978167047476
8,CAMK4,3.356151,1.2291232,0.0007903536865425723,0.02823357350550879,0.2760416666666667,0.14369129220614368,0.132350374460523
8,GIMAP4,3.3465152,0.5870781,0.0008183421899553639,0.02910629689099937,0.5520833333333334,0.4214267580604214,0.13065657527291197
8,TMEM63A,3.3343694,1.1529168,0.000854930369057749,0.03014550812102119,0.2916666666666667,0.1551155115511551,0.13655115511551158
8,LUC7L3,3.327367,0.71111345,0.0008767081943030647,0.030780735551485926,0.4427083333333333,0.31505458238131506,0.12765375095201825
8,HMHA1,3.3166156,0.531021,0.0009111488648252549,0.031717673568948924,0.59375,0.48667174409748665,0.10707825590251335
8,AQP3,3.2977774,1.1523215,0.0009745337693888611,0.03349652731296462,0.2916666666666667,0.1541000253871541,0.1375666412795126
8,CYTIP,3.2465918,0.666111,0.0011679575240654298,0.03981031885673853,0.4635416666666667,0.34450368113734453,0.11903798552932215
8,POLR2J3,3.1877534,0.55921096,0.0014338280100519493,0.04692274747763267,0.5364583333333334,0.44275196750444273,0.09370636582889064
9,COTL1,17.130371,3.4077792,8.809007767466647e-66,8.297971046624438e-62,1.0,0.6837267080745342,0.3162732919254658
9,LST1,17.122162,4.806915,1.0143598859023823e-65,8.297971046624438e-62,1.0,0.3972670807453416,0.6027329192546584
9,FCGR3A,17.047703,6.4621124,3.635428927946498e-65,1.9826417563377553e-61,0.9905660377358491,0.0862111801242236,0.9043548576116255
9,SAT1,16.534199,3.62121,2.0812843365581357e-61,8.512973257606914e-58,1.0,0.6760248447204968,0.32397515527950316
9,AIF1,16.409576,4.4759545,1.633415941976915e-60,5.344863645336861e-57,1.0,0.3796273291925466,0.6203726708074534
9,PSAP,16.149195,3.5024388,1.1505553157164839e-58,3.1373725867395655e-55,1.0,0.5788819875776398,0.42111801242236024
9,FTH1,16.11809,2.473231,1.9040410894880203e-58,4.4502880378733566e-55,1.0,0.991055900621118,0.008944099378881964
9,SERPINA1,16.047302,4.2779865,5.970402701663582e-58,1.2210219825239733e-54,1.0,0.23229813664596274,0.7677018633540372
9,FCER1G,15.923587,4.1260805,4.347245496486318e-57,7.902809285334738e-54,1.0,0.39229813664596275,0.6077018633540372
9,MS4A7,15.769263,5.0259814,5.063698633783404e-56,8.284717334733027e-53,0.9528301886792453,0.1137888198757764,0.8390413688034689
9,CD68,15.753753,4.290649,6.4723942971425765e-56,9.626803917777245e-53,0.9811320754716981,0.19229813664596274,0.7888339388257354
9,LINC01272,15.734447,4.9684496,8.78211198170524e-56,1.1973677844389952e-52,0.9528301886792453,0.10881987577639751,0.8440103129028478
9,IFITM3,15.255099,4.422414,1.522642747239395e-52,1.8728770053582443e-49,0.9433962264150944,0.1763975155279503,0.7669987108871441
9,SPI1,15.251758,3.8245966,1.6026085248466122e-52,1.8728770053582443e-49,0.9811320754716981,0.257888198757764,0.7232438767139342
9,NAP1L1,15.200976,2.1375742,3.483899360293608e-52,3.8000051622509145e-49,1.0,0.7788819875776397,0.2211180124223603
9,ACTB,15.1243305,1.4898491,1.1193384697467863e-51,1.144593543970448e-48,1.0,0.999751552795031,0.0002484472049689712
9,S100A11,15.07194,3.3293345,2.4772998083422968e-51,2.384182480252254e-48,0.9905660377358491,0.5125465838509317,0.4780194538849174
9,CFD,14.9644375,4.003073,1.2537946323472014e-50,1.1396296655462535e-47,0.9716981132075472,0.22409937888198758,0.7475987343255596
9,OAZ1,14.789942,1.6783048,1.7010098847307283e-49,1.464748564425234e-46,1.0,0.9403726708074535,0.05962732919254654
9,STXBP2,14.625594,3.556072,1.9288034072851177e-48,1.5778576273295906e-45,0.9622641509433962,0.33664596273291925,0.625618188210477
9,FTL,14.523166,2.7553396,8.642541860987883e-48,6.733363208934416e-45,1.0,0.9952795031055901,0.004720496894409898
9,S100A4,14.196491,2.6563816,9.631583657123469e-46,7.162833646099867e-43,1.0,0.8407453416149069,0.15925465838509312
9,IFI30,14.113451,3.9777975,3.138369870020237e-45,2.2324725844957e-42,0.9150943396226415,0.15354037267080745,0.7615539669518341
9,LRRC25,14.05512,4.6458154,7.165977772704511e-45,4.8851067641341045e-42,0.8584905660377359,0.07453416149068323,0.7839564045470526
9,CALM2,14.026162,2.1139755,1.0783183103840648e-44,7.056946350477474e-42,1.0,0.7537888198757764,0.2462111801242236
9,IFITM2,13.992995,2.6668031,1.7201239479446757e-44,1.0824210735508785e-41,0.9905660377358491,0.5932919254658385,0.3972741122700105
9,YBX1,13.963046,1.5473303,2.619921104611163e-44,1.5875751552793793e-41,1.0,0.8914285714285715,0.10857142857142854
9,NPC2,13.906654,2.8925614,5.771641357089766e-44,3.3724937229766306e-41,1.0,0.4516770186335404,0.5483229813664596
9,CST3,13.826915,3.8925557,1.7538292131504822e-43,9.564799918785014e-41,1.0,0.524472049689441,0.47552795031055906
9,HCK,13.803525,4.1580033,2.4268966854340578e-43,1.2408267709495818e-40,0.8679245283018868,0.12919254658385093,0.7387319817180359
9,CTSS,13.771513,3.4142616,3.7820673909659786e-43,1.8751031691998295e-40,1.0,0.6091925465838509,0.3908074534161491
9,TYMP,13.641817,3.2954385,2.2586150007030576e-42,1.0868588243089037e-39,0.9905660377358491,0.3386335403726708,0.6519324973631783
9,RHOC,13.598007,3.9885504,4.114911271115313e-42,1.923544665906218e-39,0.8679245283018868,0.16472049689440993,0.7032040314074769
9,CSTB,13.562902,2.528424,6.645384279471426e-42,3.020142561012e-39,0.9811320754716981,0.4852173913043478,0.4959146841673503
9,LYN,13.462495,3.4017487,2.599871451069844e-41,1.0906794054090697e-38,0.9150943396226415,0.20472049689440994,0.7103738427282316
9,ARPC3,13.340389,1.796832,1.347543705500709e-40,5.377356723340756e-38,1.0,0.7990062111801243,0.20099378881987573
9,CSF1R,13.164037,4.9536023,1.4132818310293627e-39,5.505405723207477e-37,0.7924528301886793,0.05341614906832298,0.7390366811203564
9,CEBPB,13.056617,2.8768775,5.8259854125427694e-39,2.216719705456099e-36,0.9528301886792453,0.3617391304347826,0.5910910582444626
9,HLA-DPA1,12.980548,3.0274284,1.5774738000365108e-38,5.865692918726671e-36,1.0,0.5356521739130434,0.46434782608695657
9,MYL6,12.957323,1.4546003,2.1357042784825325e-38,7.764946155611714e-36,1.0,0.9085714285714286,0.09142857142857141
9,RNASET2,12.7602215,2.4790337,2.734224622197941e-37,9.518010434846916e-35,0.9528301886792453,0.43503105590062113,0.5177991327786242
9,PRELID1,12.744505,2.3501294,3.3450930519751633e-37,1.140188904653451e-34,0.9811320754716981,0.5162732919254659,0.4648587835462322
9,FKBP1A,12.708532,2.2308588,5.301987726413151e-37,1.7570174974481913e-34,0.9716981132075472,0.5428571428571428,0.42884097035040436
9,TNFRSF1B,12.707542,3.1494129,5.369529666426843e-37,1.7570174974481913e-34,0.8962264150943396,0.1972670807453416,0.698959334348998
9,ANXA2,12.652637,2.6759605,1.0818263270531222e-36,3.4705412817482613e-34,0.9433962264150944,0.3942857142857143,0.54911051212938
9,PFN1,12.636507,1.1595705,1.3282491071428636e-36,4.179131469608537e-34,1.0,0.977639751552795,0.022360248447204967
9,TMSB4X,12.601071,0.6895592,2.082955558602903e-36,6.430044508358886e-34,1.0,1.0,0.0
9,TYROBP,12.520135,3.7170577,5.793645125870072e-36,1.692675498292147e-33,1.0,0.4640993788819876,0.5359006211180124
9,S100A6,12.511431,2.2478368,6.464902428193861e-36,1.855653835573329e-33,1.0,0.8904347826086957,0.10956521739130431
9,NEAT1,12.392254,2.4618206,2.878376536614165e-35,8.119503192335233e-33,0.9905660377358491,0.6636024844720497,0.32696355326379933
9,ABI3,12.323074,3.3790097,6.804955080190138e-35,1.8870486452032347e-32,0.839622641509434,0.14161490683229813,0.6980077346771358
9,WARS,12.145856,3.9324055,6.034763230893036e-34,1.567218432073666e-31,0.7735849056603774,0.08695652173913043,0.686628383921247
9,GPBAR1,12.127994,4.256841,7.506579909825881e-34,1.9189867797603317e-31,0.7547169811320755,0.06732919254658386,0.6873877885854917
9,TIMP1,12.124075,2.7643645,7.874424036936691e-34,1.982053102589557e-31,0.9150943396226415,0.27006211180124223,0.6450322278213994
9,PYCARD,12.018058,2.5153468,2.8560681667952026e-33,6.974347951781538e-31,0.9528301886792453,0.3759006211180124,0.5769295675612329
9,FAM26F,11.977342,3.26361,4.670604511619541e-33,1.1237611825677546e-30,0.8301886792452831,0.16596273291925465,0.6642259463260284
9,BRI3,11.953705,2.9329662,6.209440698366737e-33,1.4723573806663506e-30,0.8584905660377359,0.21664596273291925,0.6418446033048166
9,KLF4,11.876151,3.0123062,1.5745234201325655e-32,3.481186172539041e-30,0.8773584905660378,0.21416149068322982,0.663196999882808
9,ANXA5,11.824215,2.594639,2.9262705026549083e-32,6.383561559191594e-30,0.8679245283018868,0.31577639751552794,0.5521481307863589
9,PILRA,11.808126,3.8965607,3.543706205555861e-32,7.62876016172361e-30,0.7547169811320755,0.09465838509316771,0.6600585960389078
9,CASP1,11.806353,2.7260435,3.619244735435104e-32,7.690190015123863e-30,0.8867924528301887,0.2462111801242236,0.6405812727059651
9,LILRB2,11.757799,4.1461387,6.439112312741074e-32,1.3506450839584192e-29,0.7358490566037735,0.07204968944099378,0.6637993671627798
9,ARPC2,11.729253,1.4145362,9.025215167773115e-32,1.8457693169991994e-29,0.9905660377358491,0.853167701863354,0.13739833587249506
9,CFP,11.691053,2.8689282,1.4161943209611853e-31,2.860537689536537e-29,0.8773584905660378,0.21267080745341616,0.6646876831126216
9,FGR,11.605001,2.8042104,3.8868034692548474e-31,7.75512092200958e-29,0.8773584905660378,0.23453416149068324,0.6428243290753546
9,NFKBIZ,11.558717,2.8078127,6.6697928805833445e-31,1.2838174272849894e-28,0.8584905660377359,0.2539130434782609,0.604577522559475
9,LGALS9,11.500263,3.1075044,1.3151427969635452e-30,2.473224287485122e-28,0.8018867924528302,0.16645962732919253,0.6354271651236377
9,HES4,11.487351,6.014533,1.527234675217576e-30,2.8394416501403132e-28,0.6698113207547169,0.017888198757763974,0.651923121996953
9,MT-CO1,11.432486,0.79081327,2.877510913179802e-30,5.2309951167260825e-28,1.0,0.9985093167701863,0.0014906832298137163
9,MAPKAPK3,11.402578,3.1546745,4.059168614309923e-30,7.218701923774419e-28,0.7924528301886793,0.14633540372670809,0.6461174264619712
9,FAM110A,11.343341,3.8436334,8.003016384507236e-30,1.392950543265137e-27,0.7264150943396226,0.08099378881987578,0.6454213055197469
9,HMOX1,11.268221,4.5374665,1.8833759919748619e-29,3.209782771322991e-27,0.6886792452830188,0.04546583850931677,0.6432134067737021
9,DRAP1,11.226598,2.155951,3.018813151400241e-29,5.039877752046872e-27,0.8962264150943396,0.4551552795031056,0.44107113559123406
9,ARPC1B,11.183861,1.5508928,4.8914928222852474e-29,8.002971406540893e-27,0.9811320754716981,0.7624844720496894,0.21864760342200873
9,PECAM1,11.129779,3.0978653,8.98579983665653e-29,1.4556106052231437e-26,0.7830188679245284,0.1657142857142857,0.6173045822102426
9,MT-CO2,11.102924,0.7655678,1.2140581181373064e-28,1.9473730265533794e-26,1.0,0.9980124223602485,0.0019875776397515477
9,VASP,11.069551,2.3793147,1.7628132097100902e-28,2.800134652822018e-26,0.8773584905660378,0.3746583850931677,0.5027001054728701
9,BID,11.059898,3.0093603,1.9632023366366393e-28,3.0590431837821005e-26,0.7830188679245284,0.16322981366459627,0.619789054259932
9,SLC7A7,11.049461,3.261571,2.205338736544566e-28,3.403919534774117e-26,0.7547169811320755,0.12347826086956522,0.6312387202625103
9,H3F3A,11.008374,1.2027932,3.482297446668518e-28,5.324660609807815e-26,1.0,0.9413664596273292,0.05863354037267077
9,CARD16,10.975744,2.3078825,4.999249406397723e-28,7.435701776188467e-26,0.8962264150943396,0.37093167701863355,0.525294738075706
9,SH3BGRL,10.9731455,1.9646547,5.145085613353225e-28,7.583670785592082e-26,0.9622641509433962,0.5239751552795031,0.4382889956638931
9,RHOA,10.962667,1.6678395,5.777111296439279e-28,8.364541408941863e-26,0.9905660377358491,0.6581366459627329,0.33242939177311615
9,NAAA,10.960976,2.883452,5.886111951813706e-28,8.447603302072285e-26,0.7924528301886793,0.18881987577639753,0.6036329544122818
9,LGALS1,10.954953,2.6763027,6.291087690895686e-28,8.950303105282115e-26,0.9905660377358491,0.4725465838509317,0.5180194538849174
9,RGS2,10.948642,2.5561461,6.745150938609344e-28,9.432257650135682e-26,0.8962264150943396,0.3592546583850932,0.5369717567092465
9,SIGLEC10,10.914361,4.6715226,9.84186669567608e-28,1.3531326135122384e-25,0.660377358490566,0.03826086956521739,0.6221164889253487
9,CPPED1,10.903842,3.3150506,1.1049107613084936e-27,1.5064537471473552e-25,0.7358490566037735,0.1177639751552795,0.6180850814484941
9,HLA-DRB1,10.897531,2.6073215,1.1842793483145588e-27,1.5939656693263653e-25,0.9905660377358491,0.568695652173913,0.421870385561936
9,ATG3,10.89324,2.7097676,1.2414316403900366e-27,1.651305940522064e-25,0.8207547169811321,0.22857142857142856,0.5921832884097036
9,MTSS1,10.887094,3.8554924,1.3281106984032248e-27,1.7523563819818677e-25,0.6981132075471698,0.07130434782608695,0.6268088597210828
9,POU2F2,10.871088,2.5452876,1.583017600282165e-27,2.0719800766573203e-25,0.8584905660377359,0.25192546583850933,0.6065651001992265
9,TCF7L2,10.771134,5.0978003,4.7115944892314155e-27,6.1179680506599355e-25,0.6415094339622641,0.02906832298136646,0.6124411109808977
9,CLEC7A,10.70014,2.7830153,1.0162473301663332e-26,1.2989705131915138e-24,0.8113207547169812,0.17440993788819875,0.6369108168287825
9,CYBA,10.638716,1.312811,1.96823571426252e-26,2.477100347773007e-24,1.0,0.9103105590062112,0.08968944099378884
9,ASAH1,10.590533,2.3952672,3.2970776341611666e-26,4.117823448283271e-24,0.8773584905660378,0.2854658385093168,0.5918926520567209
9,TUBA1B,10.584717,2.108889,3.508398591619826e-26,4.3485537392039376e-24,0.9339622641509434,0.44993788819875774,0.48402437595218567
9,SLC25A6,10.561492,1.0458968,4.4946034665411935e-26,5.5290381440662006e-24,1.0,0.92,0.07999999999999996
9,LYST,10.526345,2.6972063,6.532155694703242e-26,7.916488838595537e-24,0.7924528301886793,0.2146583850931677,0.5777944450955116
9,CDKN1C,10.515248,7.249747,7.348678119293325e-26,8.840567846305743e-24,0.6037735849056604,0.006708074534161491,0.5970655103714989
9,RNH1,10.496685,2.1064062,8.946684443528887e-26,1.0684430962085848e-23,0.9150943396226415,0.3831055900621118,0.5319887495605298
9,TKT,10.475069,2.1685073,1.1245539534428357e-25,1.3332483501650894e-23,0.8962264150943396,0.43055900621118015,0.4656674088831595
9,RHOB,10.3952465,2.7510815,2.6061193933659726e-25,3.0240226521177786e-23,0.7830188679245284,0.19428571428571428,0.5887331536388141
9,TPI1,10.368763,1.7871528,3.439487424014768e-25,3.935206555545848e-23,0.9622641509433962,0.5433540372670808,0.4189101136763155
9,C19orf38,10.282546,3.1558073,8.446611047028554e-25,9.596875231974595e-23,0.7075471698113207,0.10658385093167702,0.6009633188796437
9,LGALS3,10.272398,2.758015,9.384228312490332e-25,1.0588645477286504e-22,0.7735849056603774,0.1848447204968944,0.588740185163483
9,IGSF6,10.243398,3.0644383,1.267062806087041e-24,1.4198914089308271e-22,0.7169811320754716,0.12024844720496894,0.5967326848705027
9,TNFSF10,10.236674,2.8165057,1.3582551057473015e-24,1.5117286928660954e-22,0.7547169811320755,0.18608695652173912,0.5686300246103364
9,C10orf54,10.18383,1.9409105,2.3415889288720906e-24,2.554049097685085e-22,0.9339622641509434,0.4496894409937888,0.4842728231571546
9,ALDOA,10.1389065,1.3289874,3.712301555116865e-24,4.0127605480618907e-22,0.9905660377358491,0.8,0.19056603773584901
9,MAFB,10.1384945,3.9127545,3.72800931058864e-24,4.0127605480618907e-22,0.6415094339622641,0.06037267080745341,0.5811367631548107
9,ITGB2,10.09848,1.595549,5.6105035144781695e-24,5.999571764730545e-22,0.9811320754716981,0.6914285714285714,0.2897035040431267
9,TSPO,10.088291,1.848335,6.224386748993788e-24,6.61280464936931e-22,0.9905660377358491,0.5560248447204968,0.4345411930153522
9,HLA-DPB1,10.082722,2.2761204,6.58756036164151e-24,6.953488714633339e-22,0.9622641509433962,0.577888198757764,0.38437595218563225
9,PTPN6,10.076822,2.0800545,6.995158053309878e-24,7.336396212192494e-22,0.8867924528301887,0.39527950310559007,0.49151294972459864
9,CSTA,10.01053,2.3762023,1.3701539526512277e-23,1.4098797999576564e-21,0.9245283018867925,0.25167701863354036,0.672851283253252
9,MNDA,9.939371,2.3588457,2.805927474049984e-23,2.869236212683237e-21,0.9150943396226415,0.2631055900621118,0.6519887495605297
9,MARCKS,9.879391,2.834405,5.114285746878521e-23,5.197194354327918e-21,0.7169811320754716,0.12546583850931678,0.5915152935661548
9,UTRN,9.871346,2.637582,5.541555189104378e-23,5.596628669687452e-21,0.7452830188679245,0.1853416149068323,0.5599414039610922
9,BCL2A1,9.866685,2.965035,5.805132366219291e-23,5.8268570947063685e-21,0.6981132075471698,0.13962732919254658,0.5584858783546232
9,ARPC5,9.8283205,1.62226,8.502451751033993e-23,8.430825036282858e-21,0.9716981132075472,0.6166459627329193,0.3550521504746279
9,CD52,9.818668,0.90608406,9.357176663454777e-23,9.222455866914676e-21,1.0,0.9751552795031055,0.024844720496894457
9,C1orf162,9.792886,1.9587696,1.2079841536561291e-22,1.1783403365800202e-20,0.9150943396226415,0.44521739130434784,0.4698769483182937
9,RGS19,9.792721,2.2305899,1.2099576831822223e-22,1.1783403365800202e-20,0.8207547169811321,0.2849689440993789,0.5357857728817532
9,HLA-DQA1,9.776137,2.287252,1.4254742520594107e-22,1.371893190467295e-20,0.8962264150943396,0.3448447204968944,0.5513816945974452
9,DUSP6,9.76504,2.6468122,1.590486132599891e-22,1.5217510886237904e-20,0.7452830188679245,0.16968944099378883,0.5755935778741357
9,CD74,9.70506,1.8843973,2.869073299204803e-22,2.7291225725749873e-20,1.0,0.911055900621118,0.08894409937888204
9,CAP1,9.686992,1.6363436,3.424673557437238e-22,3.2201772455879687e-20,0.9433962264150944,0.5813664596273292,0.3620297667877651
9,CLEC12A,9.676968,2.9552639,3.777547026902132e-22,3.5316826804083306e-20,0.6792452830188679,0.10360248447204969,0.5756427985468182
9,HSBP1,9.630518,2.3758304,5.942927473603789e-22,5.524558886115431e-20,0.7830188679245284,0.21838509316770185,0.5646337747568265
9,SLC2A6,9.577427,3.5644298,9.949309843162656e-22,9.14498080584181e-20,0.6226415094339622,0.07204968944099378,0.5505918199929685
9,ATP5B,9.574209,1.8039427,1.0264013105058727e-21,9.381537341445019e-20,0.9245283018867925,0.4645962732919255,0.459932028594867
9,LY6E,9.56765,1.7279823,1.09363414938156e-21,9.940526843350946e-20,0.9339622641509434,0.5346583850931677,0.39930387905777576
9,GSTP1,9.516952,1.8203357,1.7833442028078075e-21,1.6031480495680515e-19,0.9716981132075472,0.5704347826086956,0.40126333059885155
9,EIF1,9.44476,0.6099185,3.562191292979807e-21,3.1847547401334767e-19,1.0,0.9965217391304347,0.003478260869565264
9,CFL1,9.43915,0.8684497,3.758159411049665e-21,3.34169815892302e-19,0.9905660377358491,0.9535403726708075,0.03702566506504157
9,CDA,9.4212055,2.8088295,4.459391994368422e-21,3.9437898605330675e-19,0.6792452830188679,0.12049689440993788,0.55874838860893
9,LTA4H,9.38214,2.1149063,6.464725511041996e-21,5.656116261291877e-19,0.8301886792452831,0.31850931677018635,0.5116793624750967
9,FGL2,9.338165,2.1846855,9.801798579367595e-21,8.48503844217107e-19,0.8301886792452831,0.22832298136645962,0.6018656978788235
9,MYO1G,9.317621,2.0152767,1.1897730746727377e-20,1.0191558782576262e-18,0.8490566037735849,0.33962732919254657,0.5094292745810384
9,PLAUR,9.3145275,2.8006198,1.224962741424162e-20,1.0438341360646205e-18,0.6698113207547169,0.12099378881987578,0.5488175319348412
9,NCF2,9.303101,2.7066865,1.3640811139305623e-20,1.156359124612328e-18,0.6886792452830188,0.15006211180124224,0.5386171334817766
9,SH3BGRL3,9.2965,1.0694735,1.451440944121407e-20,1.2177961685523253e-18,1.0,0.9185093167701863,0.08149068322981368
9,RNF130,9.2965,2.288478,1.451440944121407e-20,1.2177961685523253e-18,0.7735849056603774,0.20372670807453416,0.5698581975858432
9,C5AR1,9.293901,3.4011176,1.4873370950038457e-20,1.241547051599894e-18,0.6132075471698113,0.07354037267080746,0.5396671744990038
9,FCN1,9.213295,2.2891734,3.162631162086154e-20,2.6133236587318972e-18,0.8867924528301887,0.2993788819875776,0.5874135708426111
9,OAS1,9.207479,3.7904117,3.33874245620493e-20,2.7449831822094905e-18,0.5849056603773585,0.05714285714285714,0.5277628032345013
9,RNF149,9.164041,2.386073,4.998965850424475e-20,4.069058720338052e-18,0.7264150943396226,0.18583850931677018,0.5405765850228524
9,SRGN,9.139413,1.7678498,6.279213752726964e-20,5.085852287542864e-18,0.9811320754716981,0.6278260869565218,0.35330598851517636
9,RHOG,9.124727,1.8796233,7.191698016841968e-20,5.796225184904012e-18,0.8584905660377359,0.3853416149068323,0.4731489511309036
9,GNG5,9.066439,1.8122293,1.229708362012363e-19,9.862381622982486e-18,0.8679245283018868,0.4129192546583851,0.45500527364350174
9,TBXAS1,9.054764,3.368812,1.3686325403329477e-19,1.0923022923115783e-17,0.5943396226415094,0.07229813664596273,0.5220414859955467
9,LRRFIP1,9.05233,1.7050401,1.3994927530995752e-19,1.1115097540515606e-17,0.9150943396226415,0.47304347826086957,0.44205086136177196
9,PGK1,9.041233,1.604795,1.549137438872333e-19,1.2185306556437618e-17,0.8867924528301887,0.5301863354037267,0.356606117426462
9,LILRA2,8.961823,3.4544353,3.1935283027079103e-19,2.488062693362101e-17,0.5849056603773585,0.06732919254658386,0.5175764678307746
9,EMP3,8.95774,1.2959924,3.3140224889494183e-19,2.569702461692011e-17,0.9905660377358491,0.7997515527950311,0.19081448494081799
9,UNC119,8.939342,2.7905843,3.91497487244041e-19,3.0071785862909645e-17,0.6415094339622641,0.12049689440993788,0.5210125395523262
9,HLA-DRA,8.935051,2.4261036,4.069906449576271e-19,3.11157660848212e-17,1.0,0.6718012422360249,0.3281987577639751
9,CAPZA2,8.85923,1.8933547,8.05691056321881e-19,6.131121568596416e-17,0.8490566037735849,0.3383850931677019,0.510671510605883
9,LYZ,8.834272,1.83133,1.007518649063192e-18,7.631487322834668e-17,1.0,0.6161490683229813,0.38385093167701867
9,RTN4,8.802962,1.7756519,1.3325149131670132e-18,1.0000585547855734e-16,0.8584905660377359,0.39701863354037265,0.46147193249736324
9,SCIMP,8.79727,3.102821,1.401854897442824e-18,1.0472944281763491e-16,0.5943396226415094,0.07975155279503106,0.5145880698464783
9,CTSC,8.780768,2.0809686,1.6236126452091584e-18,1.2019876239034862e-16,0.7641509433962265,0.2760248447204969,0.4881260986757296
9,RGS18,8.713982,2.7469413,2.9338379351325044e-18,2.1333565536312404e-16,0.6226415094339622,0.10807453416149068,0.5145669752724715
9,ZNF703,8.711589,4.4795647,2.9964419886346587e-18,2.169238379471312e-16,0.5283018867924528,0.03031055900621118,0.49799132778624167
9,CUX1,8.668646,2.847787,4.3729003867478095e-18,3.151763137778895e-16,0.6132075471698113,0.11204968944099379,0.5011578577288175
9,GNAI2,8.620793,1.7921166,6.64917198162728e-18,4.750528506174844e-16,0.8490566037735849,0.37565217391304345,0.4734044298605415
9,ZEB2,8.5505,2.0657303,1.2255625653732643e-17,8.605763575996558e-16,0.7641509433962265,0.24,0.5241509433962265
9,TPM3,8.549716,1.3717093,1.233913418314815e-17,8.62737497309773e-16,0.9622641509433962,0.6345341614906832,0.32772998945271303
9,CD300LF,8.505618,3.3612764,1.806307441087494e-17,1.2575742997290421e-15,0.5566037735849056,0.06012422360248447,0.49647954998242116
9,MYD88,8.460447,2.7852652,2.6635427130717885e-17,1.8310177448977955e-15,0.6037735849056604,0.10608695652173913,0.4976866283839212
9,CXCL16,8.447164,3.9035752,2.984643106141195e-17,2.0431692828274516e-15,0.5283018867924528,0.04149068322981366,0.4868112035626392
9,LILRA5,8.424393,3.4652507,3.626254531687561e-17,2.472047933039174e-15,0.5471698113207547,0.06111801242236025,0.48605179889839445
9,TESC,8.406695,3.2898924,4.217229042049819e-17,2.862991052156726e-15,0.5566037735849056,0.06807453416149069,0.488529239423415
9,ARRB2,8.3833885,1.9136105,5.142540142265693e-17,3.476739639157397e-15,0.7452830188679245,0.3162732919254658,0.42900972694245865
9,CAPZB,8.381367,1.3097799,5.2316439341969536e-17,3.522424955036887e-15,0.9339622641509434,0.6409937888198758,0.2929684753310676
9,LAMTOR4,8.361567,1.3829434,6.189105885998885e-17,4.133059649013378e-15,0.9622641509433962,0.622111801242236,0.34015234970116026
9,BLVRA,8.354223,2.622785,6.586462600740854e-17,4.380533114256956e-15,0.6132075471698113,0.12198757763975156,0.49121996953005975
9,CYBB,8.324233,2.0521302,8.487639530481405e-17,5.6221162088342614e-15,0.7452830188679245,0.21739130434782608,0.5278917145200984
9,GDI2,8.317716,1.5522085,8.967506117884112e-17,5.916022886883143e-15,0.9056603773584906,0.4722981366459627,0.4333622407125279
9,SLC11A1,8.278938,2.8956463,1.2427808683863748e-16,8.133255115067791e-15,0.5754716981132075,0.08968944099378882,0.4857822571194187
9,LSP1,8.258106,1.326114,1.4800176116769172e-16,9.647238304639858e-15,0.9716981132075472,0.6740372670807453,0.2976608461268019
9,SLC31A2,8.257487,3.6233518,1.487707914253886e-16,9.658884597265012e-15,0.5283018867924528,0.053664596273291926,0.4746372905191609
9,HIGD2A,8.248371,1.4330479,1.6056848146499762e-16,1.0383640020746348e-14,0.9056603773584906,0.5701863354037268,0.3354740419547638
9,ZFAND5,8.222589,1.9430209,1.9915752064979572e-16,1.2828410217918533e-14,0.7547169811320755,0.28372670807453415,0.4709902730575414
9,DUSP1,8.20617,1.2181084,2.2835592872859423e-16,1.4651495489915806e-14,1.0,0.8864596273291926,0.11354037267080741
9,HLA-DQB1,8.203488,1.8603632,2.3350967109327013e-16,1.4923639565457e-14,0.9528301886792453,0.4792546583850932,0.4735755302941521
9,RAC1,8.194784,1.5656216,2.510425020366703e-16,1.598173687090258e-14,0.9245283018867925,0.4901863354037267,0.4343419664830658
9,COX8A,8.193423,1.4471631,2.5389950201128675e-16,1.6100968032583964e-14,0.9245283018867925,0.5371428571428571,0.3873854447439353
9,S100A10,8.1585655,1.3948789,3.3902745060575325e-16,2.1333954305233575e-14,0.9622641509433962,0.6809937888198758,0.2812703621235204
9,MYO1F,8.149407,1.7586187,3.657120921122516e-16,2.292496375114386e-14,0.8207547169811321,0.35080745341614905,0.46994726356498306
9,HHEX,8.146231,2.6173763,3.754427631270838e-16,2.3445110868405414e-14,0.5943396226415094,0.1053416149068323,0.4889980077346771
9,BLOC1S1,8.09842,1.5905809,5.567759117205404e-16,3.4636542553839396e-14,0.839622641509434,0.4362732919254658,0.4033493495839682
9,CTSZ,8.084971,2.114788,6.217858828383806e-16,3.8534237989086155e-14,0.6886792452830188,0.19652173913043477,0.492157506152584
9,INSIG1,8.06876,2.776132,7.101583946049272e-16,4.3844911298608356e-14,0.5754716981132075,0.10360248447204969,0.47186921364115786
9,GMFG,8.066367,1.1170621,7.242080321928428e-16,4.454423915303421e-14,1.0,0.7803726708074534,0.21962732919254657
9,CD300A,8.044957,2.4225886,8.627543875138413e-16,5.2669867664604316e-14,0.6132075471698113,0.12173913043478261,0.49146841673502867
9,SOD2,8.010718,1.8297023,1.1404043178367394e-15,6.936117116775797e-14,0.7735849056603774,0.26956521739130435,0.5040196882690731
9,PTP4A2,7.992155,1.5408185,1.3260030769041798e-15,8.032276451877834e-14,0.8867924528301887,0.4573913043478261,0.4294011484823626
9,PPP1CA,7.9891024,1.3854698,1.3592494457672028e-15,8.175985361101914e-14,0.9056603773584906,0.5493167701863354,0.3563436071721552
9,SERF2,7.957462,0.7056365,1.756040587919334e-15,1.0524021999614733e-13,1.0,0.9681987577639751,0.031801242236024874
9,CLIC1,7.892614,1.381309,2.9592205003588153e-15,1.7670002411084154e-13,0.9622641509433962,0.6201242236024844,0.3421399273409118
9,OAZ2,7.8521457,2.1491911,4.089788915127238e-15,2.433201325105336e-13,0.6509433962264151,0.18509316770186335,0.4658502285245517
9,ZFP36,7.8352323,1.3559252,4.679762476222857e-15,2.774115720053702e-13,0.9811320754716981,0.710807453416149,0.2703246220555491
9,ADGRE5,7.814854,2.0099742,5.502679583474804e-15,3.2501567027159307e-13,0.6792452830188679,0.23925465838509316,0.4399906246337747
9,PIK3AP1,7.7953005,2.624776,6.425537014024067e-15,3.7815903268506387e-13,0.5660377358490566,0.10086956521739131,0.46516817063166527
9,LCP1,7.7716217,1.3819829,7.748746012778474e-15,4.5439868643393773e-13,0.9528301886792453,0.5716770186335404,0.3811531700457049
9,CEBPA,7.758999,3.6822867,8.560246353795306e-15,5.001935378373035e-13,0.49056603773584906,0.0422360248447205,0.44833001289112856
9,SECTM1,7.667048,3.763059,1.75999688727558e-14,1.0211102508055237e-12,0.4811320754716981,0.037267080745341616,0.4438649947263565
9,AP1S2,7.6636653,1.614226,1.8070013394591213e-14,1.0446766401021442e-12,0.8584905660377359,0.38832298136645965,0.47016758467127623
9,CAMK1,7.6577253,3.5654786,1.8925525056826418e-14,1.0902835051223136e-12,0.49056603773584906,0.05391304347826087,0.4366529942575882
9,ARPC4,7.625054,1.4166491,2.4393286063054096e-14,1.4003458009741336e-12,0.8584905660377359,0.48869565217391303,0.36979491386382285
9,COX5B,7.6204333,1.2628732,2.5282527084121508e-14,1.4463196700115803e-12,0.9716981132075472,0.6365217391304347,0.3351763740771124
9,LILRA1,7.6032724,3.4235303,2.887342948242824e-14,1.6459866890662314e-12,0.49056603773584906,0.0484472049689441,0.44211883276690495
9,SEC11A,7.5998487,1.5393085,2.964771006237367e-14,1.6842575844808875e-12,0.9150943396226415,0.42335403726708076,0.49174030235556077
9,TNFSF13B,7.595971,1.9841548,3.054928340487786e-14,1.7294699854228605e-12,0.660377358490566,0.1898136645962733,0.4705636938942927
9,TCIRG1,7.591103,2.1828182,3.171929099734256e-14,1.7895148965776607e-12,0.6132075471698113,0.15726708074534163,0.45594046642446967
9,SPN,7.554719,1.9475306,4.1976483529506314e-14,2.3519768733775778e-12,0.6886792452830188,0.23577639751552795,0.4529028477674909
9,VMP1,7.541807,1.8133541,4.635025996085898e-14,2.5881795331727433e-12,0.7075471698113207,0.25440993788819877,0.45313723192312194
9,NAMPT,7.490655,1.8819559,6.853084939896194e-14,3.813718459239512e-12,0.6792452830188679,0.22335403726708075,0.45589124575178713
9,ATP6V0B,7.489582,1.591237,6.909317998229787e-14,3.831978026069069e-12,0.8018867924528302,0.3696894409937888,0.4321973514590414
9,ADGRE2,7.485581,3.69823,7.123141843845318e-14,3.937220395511935e-12,0.4716981132075472,0.03925465838509317,0.432443454822454
9,PPT1,7.4775777,1.8216684,7.570488280096559e-14,4.150307009676372e-12,0.6981132075471698,0.2640993788819876,0.4340138286651822
9,ABRACL,7.47733,1.4519978,7.584755185460762e-14,4.150307009676372e-12,0.8962264150943396,0.47751552795031055,0.4187108871440291
9,IFNGR2,7.475763,2.2835624,7.675727972343344e-14,4.186086178516981e-12,0.5943396226415094,0.15875776397515529,0.4355818586663541
9,AP2S1,7.4742365,1.5183707,7.765337039566099e-14,4.220886355625945e-12,0.8584905660377359,0.42732919254658386,0.431161373491152
9,SDCBP,7.469699,1.5534788,8.037859333838298e-14,4.354550217249285e-12,0.8301886792452831,0.3699378881987578,0.4602507910465253
9,STX11,7.464336,2.5999315,8.372069096224386e-14,4.520641006050402e-12,0.5377358490566038,0.09291925465838509,0.4448165943982187
9,HMGN2,7.4478765,1.1901238,9.485454459546143e-14,5.104984224099817e-12,0.9716981132075472,0.6703105590062112,0.301387554201336
9,ADRBK1,7.4381,2.211885,1.0214388899806231e-13,5.4792661242534345e-12,0.5943396226415094,0.15031055900621118,0.44402906363529826
9,PSMA4,7.400478,1.5984942,1.3569514622473953e-13,7.231623085937991e-12,0.8018867924528302,0.3813664596273292,0.42052033282550105
9,NAPRT,7.36562,2.361835,1.7632530263489042e-13,9.336110926891399e-12,0.5660377358490566,0.12322981366459627,0.4428079221844603
9,LILRB3,7.3615775,2.9737587,1.8174957392411514e-13,9.592273480556283e-12,0.5,0.06881987577639752,0.43118012422360247
9,TCEB2,7.3600097,1.1554973,1.8389668529642042e-13,9.674384784999146e-12,0.9905660377358491,0.7227329192546584,0.2678331184811906
9,PGLS,7.3558846,1.5923903,1.8966677284920315e-13,9.945955354441708e-12,0.8207547169811321,0.3585093167701863,0.4622454002109458
9,MTMR11,7.3419414,3.2707691,2.1051745845308996e-13,1.1004077117415351e-11,0.4811320754716981,0.05416149068322981,0.4269705847884683
9,NUDT16,7.306547,2.7133431,2.740940664831586e-13,1.4281697521436171e-11,0.5188679245283019,0.08670807453416149,0.43215984999414037
9,CTSL,7.297472,4.930969,2.9322503308119644e-13,1.5230015130925253e-11,0.4339622641509434,0.017142857142857144,0.4168194070080863
9,LILRB1,7.290294,3.2634468,3.0927932675739356e-13,1.6013035016068722e-11,0.4811320754716981,0.06434782608695652,0.41678424938474157
9,UBE2J1,7.2807646,2.025673,3.3193291913168337e-13,1.713171763379644e-11,0.6320754716981132,0.19428571428571428,0.4377897574123989
9,GNB2,7.2635627,1.6331625,3.7702541983936323e-13,1.9337031015648344e-11,0.7641509433962265,0.342360248447205,0.4217906949490215
9,RBX1,7.259355,1.404588,3.889403404794896e-13,1.9885790345577905e-11,0.8490566037735849,0.4516770186335404,0.39737958514004457
9,MPEG1,7.238358,1.9085621,4.5415003435776265e-13,2.3147503776097678e-11,0.6415094339622641,0.1853416149068323,0.4561678190554318
9,NACA,7.2376976,0.53959894,4.563650062030333e-13,2.3188161076049158e-11,1.0,0.9823602484472049,0.01763975155279507
9,CD300E,7.1989207,2.8307202,6.069093325833147e-13,3.074193062041985e-11,0.5,0.08149068322981366,0.4185093167701863
9,MTPN,7.1741695,1.694344,7.274730361217888e-13,3.673514303700181e-11,0.7169811320754716,0.26683229813664594,0.4501488339388257
9,EVI2B,7.1429834,1.25648,9.132674868670246e-13,4.59752903157889e-11,0.8962264150943396,0.5927950310559006,0.30343138403843906
9,LMO2,7.140962,3.2153866,9.268002776557977e-13,4.651343356664572e-11,0.4716981132075472,0.059875776397515526,0.41182233681003166
9,TUBA1A,7.140054,1.4111577,9.329400581771316e-13,4.6678386213565904e-11,0.8113207547169812,0.5105590062111801,0.30076174850580106
9,AP2A1,7.13102,2.4077654,9.962769785382295e-13,4.9695389164219425e-11,0.5377358490566038,0.10807453416149068,0.42966131489511306
9,PTPN18,7.1106005,2.0043225,1.1553915265217476e-12,5.745702360310734e-11,0.6132075471698113,0.17391304347826086,0.43929450369155043
9,SYNGR2,7.109693,1.9292326,1.1630141774824772e-12,5.76608332054267e-11,0.6226415094339622,0.20596273291925465,0.4166787765147076
9,CTSB,7.0988436,1.7778947,1.2580501744193315e-12,6.205239590875281e-11,0.6698113207547169,0.2129192546583851,0.4568920660963318
9,PAK1,7.09872,2.7479048,1.2591770332929487e-12,6.205239590875281e-11,0.5,0.08670807453416149,0.4132919254658385
9,SNX10,7.078259,1.993327,1.4597677859235243e-12,7.172150374022456e-11,0.6037735849056604,0.17440993788819875,0.4293636470174616
9,KLF3,7.0292516,1.8787309,2.0764424456152806e-12,1.0171459536740002e-10,0.6320754716981132,0.21267080745341616,0.419404664244697
9,RAB10,7.025374,2.0288162,2.1349371285648687e-12,1.042677801804472e-10,0.6037735849056604,0.19105590062111802,0.41271768428454236
9,ADA,7.0094504,2.5708663,2.392556308780908e-12,1.1650182669037033e-10,0.5094339622641509,0.09316770186335403,0.4162662604007969
9,HN1,6.9679513,1.7641351,3.215897380861299e-12,1.5612847788804663e-10,0.6509433962264151,0.21763975155279502,0.43330364467362004
9,SNX18,6.949388,2.9422326,3.66874735420977e-12,1.7758690965155636e-10,0.4716981132075472,0.06434782608695652,0.4073502871205906
9,CHCHD10,6.9458814,1.4931828,3.7610465380744556e-12,1.8151764722547543e-10,0.7641509433962265,0.34683229813664596,0.4173186452595805
9,RARA,6.944685,2.7226093,3.79305473781425e-12,1.8252402519229098e-10,0.49056603773584906,0.08074534161490683,0.40982069612094224
9,FCGRT,6.922739,1.6407363,4.4299336946933375e-12,2.1192440110782954e-10,0.7169811320754716,0.306583850931677,0.41039728114379465
9,HM13,6.9201403,1.8270234,4.5119696737023075e-12,2.152196379925465e-10,0.6415094339622641,0.20372670807453416,0.43778272588772993
9,THEMIS2,6.912426,1.9775589,4.764343596305113e-12,2.2659716738124408e-10,0.5943396226415094,0.17167701863354037,0.42266260400796907
9,MARCKSL1,6.9103637,1.9509206,4.834135337248427e-12,2.2858753830266334e-10,0.6226415094339622,0.23180124223602486,0.3908402671979374
9,EFHD2,6.9077644,1.5749665,4.923501148113326e-12,2.3214236969533754e-10,0.7264150943396226,0.26857142857142857,0.457843665768194
9,CPVL,6.8977814,2.0133479,5.2820863645978985e-12,2.483339511815696e-10,0.5754716981132075,0.15031055900621118,0.4251611391069964
9,DOK2,6.890934,1.6287543,5.5427335731639416e-12,2.58360866069901e-10,0.7169811320754716,0.2862111801242236,0.43076995195124806
9,WSB1,6.863625,1.5529823,6.713473170863997e-12,3.120429958764371e-10,0.7358490566037735,0.33714285714285713,0.3987061994609164
9,ARL6IP4,6.8597474,1.1484116,6.8982462381174615e-12,3.197229651610192e-10,0.9056603773584906,0.617639751552795,0.28802062580569554
9,COX6B1,6.8565297,0.9913841,7.055344288578065e-12,3.2608047430911225e-10,0.9622641509433962,0.7532919254658386,0.20897222547755767
9,REEP5,6.825632,1.6238242,8.753910915495432e-12,4.023110575517437e-10,0.7169811320754716,0.2708074534161491,0.44617367865932256
9,CD302,6.803397,1.9624246,1.0218046595182009e-11,4.677794967854795e-10,0.5754716981132075,0.1515527950310559,0.42391890308215163
9,RAB8A,6.8031497,1.8664801,1.0235624952582462e-11,4.677794967854795e-10,0.6132075471698113,0.19850931677018632,0.41469823039962495
9,C20orf27,6.780461,2.0063818,1.1979298457224897e-11,5.459423455672884e-10,0.5754716981132075,0.16695652173913045,0.4085151763740771
9,CTSH,6.7644553,1.7661232,1.3381168841862941e-11,6.078361538567091e-10,0.6320754716981132,0.20944099378881986,0.4226344779092933
9,PLEK,6.7641253,1.5427521,1.3411701701746345e-11,6.078361538567091e-10,0.7169811320754716,0.2603726708074534,0.45660846126801824
9,GLIPR1,6.7631354,1.5480272,1.3503710280123966e-11,6.103154803677022e-10,0.7264150943396226,0.3008695652173913,0.4255455291222313
9,UNC93B1,6.7581024,2.349711,1.3981064014844504e-11,6.301492791924819e-10,0.5094339622641509,0.10111801242236025,0.4083159498417907
9,POMP,6.7485733,1.3652164,1.4930599989386873e-11,6.710976550174687e-10,0.8301886792452831,0.42732919254658386,0.4028594866986992
9,LYL1,6.7449017,2.3329616,1.531305104156427e-11,6.864022687425561e-10,0.5188679245283019,0.13440993788819877,0.3844579866401031
9,RXRA,6.73958,2.6946769,1.5884474484721996e-11,7.100707296298814e-10,0.4716981132075472,0.07403726708074534,0.39766084612680186
9,SH3BP2,6.7359915,2.4217455,1.628158943611457e-11,7.258394680225354e-10,0.5,0.0968944099378882,0.4031055900621118
9,CDC42,6.7325673,1.0760189,1.6669500249784942e-11,7.411132977900311e-10,0.9716981132075472,0.7450931677018634,0.22660494550568377
9,ACAA1,6.7315364,1.9369923,1.6788104201834036e-11,7.443636120493405e-10,0.5849056603773585,0.16124223602484472,0.42366342435251375
9,CLTA,6.724936,1.5095047,1.7566976510662953e-11,7.746989290861362e-10,0.7358490566037735,0.29490683229813663,0.4409422243056369
9,VPS29,6.690037,1.5280275,2.2311458057598363e-11,9.812843152698032e-10,0.7264150943396226,0.30857142857142855,0.41784366576819404
9,COX7B,6.6687093,1.2052385,2.5806252703790983e-11,1.1319466500984566e-09,0.9150943396226415,0.5942857142857143,0.3208086253369272
9,GRN,6.6626453,1.4581344,2.6894195996098408e-11,1.1765132104068611e-09,0.7830188679245284,0.32,0.46301886792452834
9,CD83,6.65918,2.1713037,2.7535902869605787e-11,1.2013730849323209e-09,0.5283018867924528,0.12645962732919255,0.40184225946326024
9,S100A9,6.6442885,0.8350005,3.0468565754274475e-11,1.3257877774087358e-09,0.9716981132075472,0.6705590062111801,0.30113910699636703
9,CMTM6,6.6312113,1.6003127,3.329429000842147e-11,1.4449015353522114e-09,0.6792452830188679,0.2780124223602484,0.40123286065861946
9,CDH23,6.6274576,4.62479,3.4151789046741913e-11,1.4781942343749854e-09,0.39622641509433965,0.017142857142857144,0.3790835579514825
9,UQCRB,6.6032424,0.6715251,4.022604178819148e-11,1.7365125849514535e-09,1.0,0.9336645962732919,0.0663354037267081
9,SNX3,6.593755,1.171023,4.288401690344594e-11,1.846382633045471e-09,0.9056603773584906,0.5754037267080745,0.3302566506504161
9,DYNLL1,6.5868244,1.3473214,4.493333874757433e-11,1.924487840966135e-09,0.8490566037735849,0.4295652173913043,0.4194913863822806
9,ALOX5,6.5858345,2.3314252,4.523381292628665e-11,1.932298729208814e-09,0.5,0.10782608695652174,0.39217391304347826
9,SLC25A5,6.5450773,1.2465389,5.946460163694651e-11,2.5204672211971033e-09,0.9056603773584906,0.5391304347826087,0.3665299425758819
9,CORO1A,6.541117,0.737037,6.10609720189437e-11,2.5814433157672817e-09,1.0,0.9182608695652174,0.08173913043478265
9,CORO1B,6.537487,1.9020885,6.256108706940146e-11,2.6312646414973713e-09,0.5754716981132075,0.17664596273291924,0.3988257353802883
9,FCGR2A,6.513355,2.7221315,7.34907474636935e-11,3.083031075008947e-09,0.4528301886792453,0.0693167701863354,0.3835134184929099
9,MYL12B,6.477548,0.9704248,9.322519182110418e-11,3.890962661696647e-09,0.9339622641509434,0.7274534161490683,0.20650884800187508
9,C4orf48,6.466946,1.4993293,1.0000327774110244e-10,4.163240781481366e-09,0.6981132075471698,0.28770186335403725,0.4104113441931325
9,ATP5E,6.4167423,0.5780377,1.3922111255334773e-10,5.7665737278109415e-09,1.0,0.9696894409937888,0.030310559006211157
9,ARHGDIB,6.398633,0.69008225,1.567742695533215e-10,6.4772318791967e-09,0.9905660377358491,0.9209937888198758,0.06957224891597324
9,CRIP1,6.3980966,1.4148489,1.5732573944544404e-10,6.483643383040076e-09,0.7924528301886793,0.4079503105590062,0.3845025196296731
9,MSN,6.3960752,1.2974463,1.594214458957135e-10,6.553503206783338e-09,0.8113207547169812,0.4231055900621118,0.3882151646548694
9,UBC,6.3921976,0.7946533,1.6351841448904308e-10,6.70507463522615e-09,0.9905660377358491,0.9003726708074534,0.09019336692839564
9,TALDO1,6.3900113,1.3486114,1.658735775351219e-10,6.784644005130323e-09,0.7641509433962265,0.37217391304347824,0.3919770303527482
9,ACTR3,6.389434,1.1606202,1.6650120980892056e-10,6.79333240320137e-09,0.8773584905660378,0.5433540372670808,0.334004453298957
9,SMCO4,6.3734694,2.1699398,1.8479941672943953e-10,7.521152380871543e-09,0.5,0.11826086956521739,0.3817391304347826
9,LY96,6.360392,1.915604,2.0123909321855046e-10,8.169907702602242e-09,0.5377358490566038,0.1443478260869565,0.39338802296964726
9,ITGAL,6.353091,1.9074595,2.1103117181013108e-10,8.525138276507543e-09,0.5471698113207547,0.15403726708074533,0.3931325442400094
9,ACTR2,6.351317,1.246687,2.1347942930550915e-10,8.602800351890234e-09,0.8490566037735849,0.48795031055900623,0.3611062932145787
9,NAGA,6.3273497,2.6870205,2.4940803104629547e-10,1.0025957729603047e-08,0.44339622641509435,0.07180124223602484,0.3715949841790695
9,RAP1B,6.305857,1.3086064,2.8660314593432674e-10,1.1492926643704705e-08,0.8113207547169812,0.4047204968944099,0.40660025782257125
9,CLEC2B,6.274423,1.3974733,3.5093272605348274e-10,1.3991473261904271e-08,0.7264150943396226,0.35627329192546586,0.37014180241415673
9,SKAP2,6.273928,1.7608789,3.520508859801042e-10,1.3991473261904271e-08,0.5660377358490566,0.16596273291925465,0.4000750029298019
9,SNX2,6.2738047,1.4522798,3.523309690058407e-10,1.3991473261904271e-08,0.6886792452830188,0.2705590062111801,0.4181202390718387
9,SULT1A1,6.2701745,2.0388377,3.60644217230841e-10,1.4286925031752517e-08,0.5094339622641509,0.12919254658385093,0.3802414156803
9,RNF13,6.268854,1.779068,3.6371444601469447e-10,1.4373748916054146e-08,0.5660377358490566,0.16795031055900622,0.39808742529005037
9,PTGES3,6.267328,1.2129693,3.672962147561719e-10,1.4480321372592118e-08,0.8113207547169812,0.5108074534161491,0.3005133013008321
9,APOBEC3A,6.25685,3.7227166,3.9283116865501473e-10,1.5449785457607442e-08,0.39622641509433965,0.041987577639751555,0.35423883745458806
9,ISG15,6.2439795,1.6375438,4.2657651419464835e-10,1.6736734649253336e-08,0.6509433962264151,0.25515527950310557,0.3957881167233095
9,LINC00877,6.239483,3.1812725,4.390199649951194e-10,1.7183745567667818e-08,0.4056603773584906,0.04322981366459627,0.3624305636938943
9,SHKBP1,6.239029,1.6257592,4.4029523272195e-10,1.7192530555044924e-08,0.6226415094339622,0.2320496894409938,0.39059181999296844
9,NDUFS7,6.231645,1.3335375,4.615626451648387e-10,1.7937354958531892e-08,0.8018867924528302,0.37043478260869567,0.43145200984413457
9,PCGF5,6.2268596,1.8877465,4.758768413790334e-10,1.844981280047954e-08,0.5377358490566038,0.15950310559006212,0.3782327434665417
9,GSTO1,6.201696,1.4313687,5.585788861170433e-10,2.1554031027738075e-08,0.6981132075471698,0.30857142857142855,0.3895417789757412
9,MOB1A,6.1871753,1.389062,6.125182555859194e-10,2.3579791010920534e-08,0.7169811320754716,0.3267080745341615,0.39027305754131014
9,HCAR3,6.1774397,4.1404815,6.514937457693234e-10,2.502133609045047e-08,0.37735849056603776,0.024099378881987578,0.35325911168405016
9,COX6A1,6.1645694,1.0484809,7.067525836871924e-10,2.7080044547321207e-08,0.9056603773584906,0.6168944099378882,0.28876596742060234
9,LINC00936,6.157309,1.4766368,7.399143566637344e-10,2.82844364237742e-08,0.6698113207547169,0.27006211180124223,0.3997492089534747
9,PLD4,6.1519876,2.7716448,7.651795265462333e-10,2.9182056489097722e-08,0.41509433962264153,0.05565217391304348,0.359442165709598
9,RAB31,6.1496773,2.0871508,7.764075010702934e-10,2.9541402616304814e-08,0.4811320754716981,0.10484472049689442,0.3762873549748037
9,FLNA,6.1453457,1.3354112,7.978947069955901e-10,3.028852738086972e-08,0.7547169811320755,0.3344099378881988,0.42030704324387674
9,PPP4C,6.138333,1.4040437,8.339190803445544e-10,3.154255452932807e-08,0.7075471698113207,0.31850931677018635,0.38903785304113436
9,YWHAE,6.138168,1.4705904,8.347855333536491e-10,3.154255452932807e-08,0.660377358490566,0.23875776397515527,0.42161959451541076
9,VAMP5,6.132929,1.6605434,8.627565572386966e-10,3.252433187323114e-08,0.6132075471698113,0.24372670807453417,0.3694808390952771
9,VPS35,6.123977,1.6914269,9.126788745968768e-10,3.432721624661954e-08,0.5754716981132075,0.19304347826086957,0.382428219852338
9,WDR11,6.10067,2.543769,1.0562479414937638e-09,3.9635946263255664e-08,0.44339622641509435,0.088944099378882,0.35445212703621237
9,CD86,6.0998864,2.6754181,1.0614401619315e-09,3.9739639563755766e-08,0.42452830188679247,0.0675776397515528,0.3569506621352397
9,LACTB,6.09836,2.3010798,1.071622844042396e-09,4.002927249172978e-08,0.46226415094339623,0.1031055900621118,0.35915856088128445
9,BATF3,6.0914297,5.040215,1.119068429145751e-09,4.170632931492854e-08,0.3584905660377358,0.011180124223602485,0.34731044181413334
9,RILPL2,6.0644507,1.7519566,1.324053415886402e-09,4.91220814905157e-08,0.5566037735849056,0.17888198757763976,0.3777217860072659
9,MINOS1,6.0319443,1.1883522,1.6199871469729965e-09,5.969506691807476e-08,0.839622641509434,0.48795031055900623,0.35167233095042777
9,RRAS,6.01862,4.134131,1.759104750163009e-09,6.453074622739236e-08,0.36792452830188677,0.024596273291925465,0.3433282550099613
9,PRAM1,6.0057077,2.5536976,1.9049881752529253e-09,6.972597658906736e-08,0.42452830188679247,0.06981366459627329,0.35471463729051916
9,PRR13,6.0025315,1.046305,1.9426448781274414e-09,7.09455643996497e-08,0.9056603773584906,0.604223602484472,0.30143677487401854
9,LAPTM4A,5.9928374,1.4196563,2.062110769825994e-09,7.514074455483984e-08,0.6792452830188679,0.29788819875776396,0.38135708426110393
9,YWHAH,5.985907,1.6231943,2.151872798815695e-09,7.823731302538575e-08,0.5849056603773585,0.21192546583850932,0.3729801945388491
9,GCH1,5.9737377,2.4677203,2.318785342078751e-09,8.393284730475763e-08,0.4339622641509434,0.08,0.3539622641509434
9,NAGK,5.970974,1.9059775,2.35841607535128e-09,8.517890818724567e-08,0.5094339622641509,0.15354037267080745,0.3558935895933435
9,SNRPG,5.9671373,1.2465386,2.4145211491770004e-09,8.70131729552531e-08,0.839622641509434,0.42906832298136643,0.41055431852806756
9,USMG5,5.9574018,1.026146,2.562794336500094e-09,9.215357832852315e-08,0.8867924528301887,0.60472049689441,0.2820719559357787
9,CAT,5.9501414,1.6125726,2.679106603886786e-09,9.608372824257637e-08,0.5943396226415094,0.24645962732919255,0.34787999531231684
9,CECR1,5.949853,1.6588504,2.6838374064456574e-09,9.608372824257637e-08,0.5566037735849056,0.17863354037267082,0.37797023321223483
9,ZYX,5.9368997,1.6060567,2.90462258283548e-09,1.0353492391671306e-07,0.5849056603773585,0.21763975155279502,0.36726590882456345
9,BTK,5.9253902,2.2198198,3.1155633825013897e-09,1.1057208785489205e-07,0.4528301886792453,0.09888198757763975,0.3539482011016055
9,HK3,5.924648,3.719843,3.1296731118389664e-09,1.1083242810129292e-07,0.36792452830188677,0.02608695652173913,0.3418375717801476
9,SELPLG,5.9205637,1.6093639,3.208395780527774e-09,1.1337486687951384e-07,0.5754716981132075,0.18956521739130436,0.38590648072190314
9,SEPT9,5.9201927,1.1229465,3.2156472428269843e-09,1.1338621668080236e-07,0.8679245283018868,0.520248447204969,0.34767608109691783
9,M6PR,5.9010105,1.326162,3.612819485733901e-09,1.2711685936794055e-07,0.7075471698113207,0.32472049689440996,0.38282667291691075
9,RALB,5.8964314,2.1526356,3.7144681973020166e-09,1.3041290595720665e-07,0.46226415094339623,0.10409937888198757,0.3581647720614087
9,SERP1,5.8805494,0.91876316,4.089066706987858e-09,1.432574312484547e-07,0.8962264150943396,0.6869565217391305,0.20926989335520918
9,ITGAX,5.875847,2.910479,4.206872857577095e-09,1.4706975816841636e-07,0.39622641509433965,0.05416149068322981,0.3420649244111098
9,ATP1B3,5.8659053,1.6943052,4.466893374854343e-09,1.5582695630275462e-07,0.5471698113207547,0.18111801242236025,0.36605179889839445
9,NDUFB2,5.8616147,1.1184833,4.583872313324552e-09,1.595675211027723e-07,0.8490566037735849,0.5247204968944099,0.324336106879175
9,WDR83OS,5.8374414,1.1814725,5.300858913122457e-09,1.8413450674648943e-07,0.7924528301886793,0.4362732919254658,0.35617953826321347
9,LPCAT2,5.8364925,3.1285832,5.331118786252698e-09,1.847932933514415e-07,0.37735849056603776,0.03677018633540373,0.340588304230634
9,PRDX1,5.8348837,1.3616096,5.382813515565923e-09,1.861907228925456e-07,0.6509433962264151,0.3262111801242236,0.32473221610219144
9,CLECL1,5.8333983,2.4184203,5.430964371021476e-09,1.8745993264616536e-07,0.42452830188679247,0.08149068322981366,0.3430376186569788
9,ATP5J2,5.8070383,1.0459951,6.358751289249184e-09,2.1902216809138084e-07,0.8490566037735849,0.5381366459627329,0.310919957810852
9,CHST2,5.7867837,2.9278002,7.174682246763551e-09,2.4660709293970264e-07,0.3867924528301887,0.048198757763975156,0.33859369506621356
9,TMBIM4,5.785464,1.2060636,7.231255819287889e-09,2.4803055861502966e-07,0.7830188679245284,0.40347826086956523,0.3795406070549631
9,CHMP4B,5.7690043,1.4631393,7.974131350872522e-09,2.7293883479419526e-07,0.6320754716981132,0.2563975155279503,0.37567795617016286
9,H2AFZ,5.767808,1.1253704,8.030927095181981e-09,2.743089732865812e-07,0.839622641509434,0.4852173913043478,0.3544052502050862
9,ADGRE1,5.763064,3.7546008,8.260049086343314e-09,2.8096187755023485e-07,0.3584905660377358,0.026832298136645963,0.3316582679010899
9,IER5,5.7543597,1.7791289,8.697076734406011e-09,2.9521342832285635e-07,0.5094339622641509,0.16198757763975155,0.34744638462439936
9,FGD2,5.744088,2.4234052,9.241770625950086e-09,3.130530211411374e-07,0.42452830188679247,0.088944099378882,0.3355842025079105
9,HOTAIRM1,5.7046514,2.2275891,1.1658160344721921e-08,3.924674102880563e-07,0.4339622641509434,0.09291925465838509,0.34104300949255834
9,DECR1,5.70296,1.5165123,1.1774474547605688e-08,3.955691541547775e-07,0.5849056603773585,0.2151552795031056,0.3697503808742529
9,CEBPD,5.701227,1.5926143,1.1894794698023006e-08,3.9879249191466066e-07,0.5471698113207547,0.18608695652173912,0.3610828547990156
9,PRKAR1A,5.700155,1.3781939,1.1969876422568818e-08,4.0048905552075344e-07,0.6509433962264151,0.2715527950310559,0.37939060119535917
9,MPC1,5.699701,1.6455501,1.2001780216395358e-08,4.0073699208253973e-07,0.5283018867924528,0.16149068322981366,0.3668112035626392
9,UCP2,5.6924405,1.0444652,1.25236196608711e-08,4.173094526914706e-07,0.9245283018867925,0.6081987577639751,0.31632954412281733
9,TLE4,5.6890993,1.3620548,1.2771129609995057e-08,4.246919746933519e-07,0.660377358490566,0.28819875776397513,0.37217860072659087
9,COX5A,5.6668644,1.2188716,1.4543438482334627e-08,4.816704392904389e-07,0.7641509433962265,0.391055900621118,0.37309504277510847
9,NUMB,5.6471457,1.56436,1.6313336531895368e-08,5.381098770127825e-07,0.5377358490566038,0.1617391304347826,0.37599671862182116
9,NADK,5.6426497,2.1762638,1.67453068168724e-08,5.512474141465782e-07,0.4339622641509434,0.09391304347826086,0.34004922067268256
9,MS4A4A,5.6369977,5.2955904,1.7304018814731726e-08,5.67356817290232e-07,0.330188679245283,0.009192546583850932,0.32099613266143207
9,LPAR6,5.6348114,1.9121614,1.7524983894167576e-08,5.734525229849514e-07,0.4716981132075472,0.12745341614906833,0.3442446970584788
9,PHF19,5.613402,3.3847673,1.983871940951365e-08,6.478668428324408e-07,0.3584905660377358,0.03329192546583851,0.3251986405718973
9,PLXNB2,5.5678596,2.6652257,2.5788740949102115e-08,8.404971925662544e-07,0.3867924528301887,0.062111801242236024,0.3246806515879527
9,TPPP3,5.565797,4.2501817,2.6095682469179006e-08,8.488100613881465e-07,0.33962264150943394,0.022857142857142857,0.3167654986522911
9,GAPDH,5.5642295,0.7670146,2.6331326135207622e-08,8.547754501947061e-07,1.0,0.8817391304347826,0.11826086956521742
9,ATP6V0D1,5.563693,1.4708096,2.6412414110972574e-08,8.557099153853907e-07,0.5754716981132075,0.2248447204968944,0.3506269776163131
9,ZNF706,5.544511,1.2182621,2.947767403351942e-08,9.531308791747257e-07,0.7169811320754716,0.3632298136645963,0.35375131841087537
9,RPS27L,5.541912,1.1754605,2.991863815555265e-08,9.654809445029525e-07,0.8207547169811321,0.48397515527950313,0.336779561701629
9,ARRB1,5.536797,2.966571,3.08053387745049e-08,9.921380860032967e-07,0.36792452830188677,0.04521739130434783,0.32270713699753895
9,H2AFY,5.534157,1.2151945,3.127291272448693e-08,1.0052183204034002e-06,0.7264150943396226,0.37937888198757763,0.34703621235204496
9,PSMB9,5.5323005,1.0878446,3.160579039821211e-08,1.0136097140612106e-06,0.8018867924528302,0.5036024844720497,0.29828430798078054
9,COMMD9,5.5192647,1.8173019,3.404208176720989e-08,1.08781738240883e-06,0.4716981132075472,0.12472049689440994,0.3469776163131372
9,UBE2R2,5.515676,1.7308593,3.4744200192823855e-08,1.1080893944537838e-06,0.49056603773584906,0.14782608695652175,0.3427399507793273
9,PABPC4,5.5098596,1.4994097,3.591204533200112e-08,1.143106952678736e-06,0.5754716981132075,0.2293167701863354,0.34615492792687214
9,PSME2,5.5007014,1.1343522,3.782832589326335e-08,1.201765514445984e-06,0.8018867924528302,0.4854658385093168,0.31642095394351344
9,RELT,5.4950085,2.5322516,3.906911869957338e-08,1.2387787810924809e-06,0.3867924528301887,0.06236024844720497,0.32443220438298376
9,CSK,5.4931936,1.2402855,3.94729663941162e-08,1.2491628688087719e-06,0.6981132075471698,0.3324223602484472,0.3656908472987226
9,CD300C,5.4876657,3.4223657,4.0727959699090414e-08,1.286390248333626e-06,0.3490566037735849,0.032546583850931676,0.3165100199226532
9,ICAM4,5.4795804,5.3058515,4.263355608360578e-08,1.3439838363851139e-06,0.32075471698113206,0.0084472049689441,0.312307512012188
9,RP5-1171I10.5,5.477724,1.3332976,4.308311597756645e-08,1.3555439625172398e-06,0.6415094339622641,0.2752795031055901,0.36622993085667405
9,RABGAP1L,5.4425364,2.0269892,5.25272843259178e-08,1.6495180400313648e-06,0.44339622641509435,0.11677018633540373,0.32662604007969065
9,ENY2,5.435977,1.2373483,5.449694544711037e-08,1.708092958735963e-06,0.6792452830188679,0.35428571428571426,0.3249595687331536
9,ZBTB7A,5.4352345,1.6642591,5.472438505067472e-08,1.711941995820438e-06,0.5,0.168944099378882,0.331055900621118
9,C3AR1,5.425293,4.116288,5.785959054206378e-08,1.8065663375166136e-06,0.330188679245283,0.019627329192546585,0.31056135005273644
9,MEF2C,5.4203424,1.255802,5.9484914451414594e-08,1.8537765435039891e-06,0.6037735849056604,0.2360248447204969,0.36774874018516346
9,GNAI3,5.417991,1.46436,6.027235699728854e-08,1.8747453095677522e-06,0.5566037735849056,0.20422360248447205,0.3523801711004336
9,NUP214,5.413082,1.5283073,6.194900269224835e-08,1.9232402904134252e-06,0.5283018867924528,0.18062111801242237,0.34768076878003046
9,RBM3,5.4104424,0.86598784,6.286932499975429e-08,1.948115580153371e-06,0.9150943396226415,0.6939130434782609,0.22118129614438065
9,CYTH4,5.389734,1.4462925,7.056217273523169e-08,2.18235861648606e-06,0.5754716981132075,0.235527950310559,0.3399437478026485
9,SLC43A2,5.387671,2.3074956,7.137652183651734e-08,2.2033797618250195e-06,0.39622641509433965,0.07577639751552795,0.3204500175788117
9,DOCK2,5.354092,1.7200426,8.598711103198578e-08,2.6444269240494725e-06,0.4716981132075472,0.13888198757763975,0.3328161256299074
9,CD4,5.340644,1.5090572,9.261705304952497e-08,2.842978620906713e-06,0.5188679245283019,0.16968944099378883,0.3491784835345131
9,MAP2K3,5.3292994,1.6934924,9.859226388867363e-08,3.020726646971141e-06,0.49056603773584906,0.16496894409937887,0.32559709363647016
9,PSMA7,5.327443,1.0022018,9.960490123639761e-08,3.0460482039788814e-06,0.9245283018867925,0.6012422360248447,0.32328606586194775
9,PSMB3,5.319358,1.1171681,1.041341455422474e-07,3.1786170806281898e-06,0.7547169811320755,0.44198757763975155,0.312729403492324
9,HES1,5.318203,3.822992,1.0479723631491416e-07,3.192900527650485e-06,0.330188679245283,0.0253416149068323,0.3048470643384507
9,PQLC3,5.3155212,1.6516154,1.063523470514275e-07,3.2342578998297496e-06,0.49056603773584906,0.15354037267080745,0.3370256650650416
9,MTHFD2,5.3099113,2.4629288,1.0967869861713248e-07,3.3230614593979717e-06,0.3867924528301887,0.08049689440993789,0.3062955584202508
9,OSTF1,5.287924,1.1414104,1.237124619988682e-07,3.7413301123169733e-06,0.7358490566037735,0.38583850931677016,0.35001054728700337
9,ARHGAP4,5.2849126,1.3789326,1.2576489063225092e-07,3.7963826118713232e-06,0.5754716981132075,0.23006211180124223,0.3454095863119653
9,FLII,5.2767034,1.7413388,1.3152857527908532e-07,3.963055285711077e-06,0.46226415094339623,0.12919254658385093,0.3330716043595453
9,FAM49B,5.276291,1.1023962,1.3182485161361115e-07,3.964680877298331e-06,0.7735849056603774,0.42012422360248447,0.35346068205789294
9,GABARAP,5.275631,1.4454311,1.3230023709738655e-07,3.971677392936406e-06,0.5566037735849056,0.22782608695652173,0.3287776866283839
9,NINJ1,5.2587175,1.608416,1.4506357624940782e-07,4.34685928757612e-06,0.5,0.17217391304347826,0.3278260869565217
9,ITM2B,5.247703,0.66157424,1.5400715973768354e-07,4.606418903963876e-06,0.9716981132075472,0.8795031055900621,0.09219500761748511
9,DPEP2,5.233554,1.9394221,1.6628161622727624e-07,4.964477231924209e-06,0.4339622641509434,0.11726708074534162,0.31669518340560177
9,NR4A1,5.229305,1.957439,1.7014864027168218e-07,5.070677419826944e-06,0.42452830188679247,0.1053416149068323,0.31918668697996017
9,COX17,5.209875,1.2348899,1.8896776665894632e-07,5.6110737392141935e-06,0.6509433962264151,0.2849689440993789,0.36597445212703617
9,MT2A,5.2017074,1.4267304,1.974661096928057e-07,5.852795327326076e-06,0.5754716981132075,0.25142857142857145,0.3240431266846361
9,PKM,5.185743,1.0110775,2.1515564871867142e-07,6.36557245693704e-06,0.8301886792452831,0.5279503105590062,0.30223836868627685
9,DDAH2,5.184794,1.7433751,2.16253828310788e-07,6.375006999987031e-06,0.44339622641509435,0.11652173913043479,0.32687448728465957
9,TRAPPC1,5.155711,1.0183663,2.526699250492591e-07,7.435130654192316e-06,0.8490566037735849,0.49888198757763974,0.3501746161959452
9,CAPNS1,5.1531124,1.3899598,2.561982513624554e-07,7.525421167937401e-06,0.5377358490566038,0.2039751552795031,0.33376069377710066
9,MAP3K1,5.152081,1.6889684,2.576115306170063e-07,7.553373212230897e-06,0.4528301886792453,0.1284472049689441,0.32438298371030116
9,DBNL,5.1505547,1.2331514,2.597170128485442e-07,7.601484878738877e-06,0.6509433962264151,0.3274534161490683,0.32348998007734675
9,CTD-2006K23.1,5.146182,5.1739044,2.6584136569470056e-07,7.766840328805348e-06,0.3018867924528302,0.008695652173913044,0.29319114027891713
9,HCLS1,5.1454396,1.0892048,2.6689511053061806e-07,7.783727100519504e-06,0.7641509433962265,0.4506832298136646,0.31346771358256187
9,ERICH1,5.140283,1.4854459,2.7432486799723503e-07,7.986172891997798e-06,0.5188679245283019,0.19850931677018632,0.32035860775811553
9,CAPZA1,5.1323214,1.1819711,2.8619018186233e-07,8.316798517672437e-06,0.6886792452830188,0.355527950310559,0.3331512949724598
9,PSMB8,5.131703,1.0920976,2.871328314153722e-07,8.32377352926638e-06,0.8018867924528302,0.4472049689440994,0.35468182350873084
9,ANXA4,5.1314964,1.9722148,2.8744771371160107e-07,8.32377352926638e-06,0.41509433962264153,0.10335403726708074,0.31174030235556077
9,PTPRC,5.129516,0.7309928,2.904875995648176e-07,8.396939251731415e-06,0.9622641509433962,0.8198757763975155,0.1423883745458807
9,C15orf39,5.128691,2.708819,2.91763360361206e-07,8.418942396595576e-06,0.3490566037735849,0.047453416149068325,0.30160318762451654
9,NDUFS6,5.1113243,1.1153431,3.1990844292006426e-07,9.182494797570476e-06,0.7358490566037735,0.38285714285714284,0.3529919137466307
9,MAP3K8,5.1044765,2.0311413,3.3171171422019883e-07,9.504615335125523e-06,0.39622641509433965,0.08472049689440994,0.3115059181999297
9,RIN1,5.095236,3.9697626,3.483072081086419e-07,9.945295343569791e-06,0.3113207547169811,0.01888198757763975,0.29243876713934136
9,NCOA4,5.0879345,1.2234182,3.6198465246075443e-07,1.0317823865697565e-05,0.6037735849056604,0.23503105590062112,0.36874252900503923
9,GYG1,5.075435,1.743403,3.8661052089561534e-07,1.0981483910370075e-05,0.4339622641509434,0.11503105590062111,0.3189312082503223
9,PTP4A3,5.056294,2.9184518,4.274819731213824e-07,1.2121373591401971e-05,0.33962264150943394,0.0462111801242236,0.29341146138521035
9,AGTRAP,5.0520453,1.4145098,4.3710438375538216e-07,1.2372776509726312e-05,0.5094339622641509,0.1763975155279503,0.33303644673620064
9,MAPK1,5.038927,1.5227717,4.681489711651696e-07,1.3228644762061036e-05,0.49056603773584906,0.1706832298136646,0.3198828079221845
9,LIMS1,5.036782,1.5481534,4.734236732766706e-07,1.3354628824964841e-05,0.4811320754716981,0.17267080745341615,0.308461268018282
9,CHMP5,5.0279126,1.4632717,4.958474208026507e-07,1.393910593084565e-05,0.5,0.1808695652173913,0.3191304347826087
9,LAPTM5,5.0234985,0.63578963,5.073854900673129e-07,1.4238994859333288e-05,0.9905660377358491,0.8790062111801242,0.11155982655572483
9,NCKAP1L,5.02288,1.2569163,5.090235250910609e-07,1.4260503243176108e-05,0.5754716981132075,0.22683229813664596,0.34863939997656157
9,PLXNC1,5.0190434,2.5638158,5.192937438527339e-07,1.4523358877221504e-05,0.3490566037735849,0.05490683229813664,0.29414977147544824
9,ARPC1A,5.0165687,1.7428285,5.260254240124584e-07,1.4686522119910976e-05,0.4339622641509434,0.12049689440993788,0.31346536974100553
9,GLRX,5.0150833,1.0618504,5.301047385019608e-07,1.4775202089660273e-05,0.7547169811320755,0.39279503105590063,0.3619219500761749
9,IRAK3,5.000645,2.42845,5.713878104310606e-07,1.5871775834401664e-05,0.3584905660377358,0.06434782608695652,0.29414273995077933
9,FAM46A,5.000645,2.5272136,5.713878104310606e-07,1.5871775834401664e-05,0.3584905660377358,0.06683229813664596,0.29165826790108984
9,ENO1,4.998129,0.85268265,5.78893096390243e-07,1.6052999915323333e-05,0.8584905660377359,0.6467080745341615,0.21178249150357442
9,WASF2,4.991157,1.2154075,6.001861372211636e-07,1.658723883627611e-05,0.6037735849056604,0.315527950310559,0.28824563459510133
9,CX3CR1,4.9867845,2.2259371,6.13924683329065e-07,1.6938316600247608e-05,0.37735849056603776,0.08571428571428572,0.291644204851752
9,TGFB1,4.986331,1.1220318,6.153676186961241e-07,1.6949544797116643e-05,0.6886792452830188,0.3480745341614907,0.3406047111215281
9,RNF181,4.981257,1.244457,6.317265232781284e-07,1.7370886802274722e-05,0.6037735849056604,0.26260869565217393,0.3411648892534864
9,VAMP8,4.9721403,0.9382395,6.621782889705067e-07,1.817768286215849e-05,0.839622641509434,0.5473291925465839,0.29229344896285014
9,RNPEP,4.9669423,1.8281039,6.80168022588927e-07,1.862491284829255e-05,0.41509433962264153,0.11006211180124223,0.30503222782139927
9,GSTK1,4.9667773,0.94190544,6.80746768735343e-07,1.862491284829255e-05,0.8301886792452831,0.5567701863354038,0.2734184929098793
9,FAM45A,4.965911,1.6511025,6.837929796144204e-07,1.8677023271237948e-05,0.4528301886792453,0.15279503105590062,0.30003515762334465
9,FAM32A,4.957578,1.5264599,7.137733822752743e-07,1.946341051234294e-05,0.4811320754716981,0.16645962732919253,0.3146724481425056
9,POLE4,4.9569592,1.2079378,7.160494662631193e-07,1.949298721718951e-05,0.6226415094339622,0.284472049689441,0.33816945974452123
9,ROGDI,4.9480076,2.1586509,7.497694939662662e-07,2.0377041014588174e-05,0.37735849056603776,0.08546583850931677,0.291892652056721
9,CNIH4,4.9461513,1.7612096,7.569511540275692e-07,2.0538105855796116e-05,0.4339622641509434,0.13490683229813666,0.29905543185280675
9,CTD-3252C9.4,4.9378595,1.4343895,7.898463054641176e-07,2.1395157953143093e-05,0.49056603773584906,0.177888198757764,0.3126778389780851
9,ZNF385A,4.922679,2.4095626,8.536742699912284e-07,2.304779658634734e-05,0.3584905660377358,0.07180124223602484,0.28668932380171097
9,SEC14L1,4.9185123,1.983883,8.720433455532552e-07,2.3504944277754216e-05,0.3867924528301887,0.08720496894409938,0.29958748388608936
9,WAS,4.9106336,1.1356728,9.078266756394056e-07,2.4429197763382096e-05,0.6509433962264151,0.3277018633540373,0.3232415328723778
9,ADK,4.899908,1.6082137,9.588159163928481e-07,2.5716700341153094e-05,0.44339622641509435,0.13838509316770187,0.3050111332473925
9,GTF3C6,4.894215,1.3418803,9.869882819937024e-07,2.6428993914400925e-05,0.5283018867924528,0.2004968944099379,0.3278049923825149
9,STX10,4.8911214,1.4051428,1.0026318348633311e-06,2.6722309897923728e-05,0.5,0.18012422360248448,0.3198757763975155
9,NDUFA13,4.89108,0.96999335,1.0028420192729765e-06,2.6722309897923728e-05,0.8679245283018868,0.5411180124223602,0.3268065158795266
9,C11orf21,4.8898835,2.1794763,1.0089558499170983e-06,2.684150676503032e-05,0.36792452830188677,0.07627329192546584,0.29165123637642093
9,DNAJA1,4.8860474,1.17513,1.028805233493711e-06,2.7325133807127606e-05,0.6226415094339622,0.29416149068322983,0.3284800187507324
9,PKN1,4.883531,1.3932245,1.0420282688303375e-06,2.7631482182063453e-05,0.5094339622641509,0.1898136645962733,0.31962029766787764
9,IDH2,4.8822107,1.2679135,1.0490302022731835e-06,2.7772141002251705e-05,0.5566037735849056,0.21937888198757763,0.33722489159732805
9,SNRPB,4.8736715,1.0163684,1.095430009138409e-06,2.8931150747348985e-05,0.7924528301886793,0.4258385093167702,0.3666143208719091
9,GCA,4.871815,1.2533267,1.1057751176714234e-06,2.913298985543021e-05,0.5188679245283019,0.18732919254658384,0.331538731981718
9,C1orf43,4.864885,1.2353017,1.1452338507495607e-06,3.0124069183462315e-05,0.5849056603773585,0.24944099378881987,0.3354646665885386
9,WDR1,4.8579545,1.1130292,1.1860456205015977e-06,3.114749983471371e-05,0.6698113207547169,0.34633540372670807,0.3234759170280089
9,LYPLA1,4.8509007,1.3158274,1.22902150756113e-06,3.2219711913415844e-05,0.5283018867924528,0.19403726708074534,0.3342646197117075
9,VIM,4.8506117,0.846705,1.2308122942292586e-06,3.2219711913415844e-05,0.9811320754716981,0.8062111801242235,0.17492089534747457
9,LAMTOR2,4.8392677,1.1466839,1.3031853456592578e-06,3.405976907401137e-05,0.6226415094339622,0.28248447204968946,0.3401570373842728
9,SIDT2,4.836215,2.574645,1.3233486922957347e-06,3.453159163421135e-05,0.33962264150943394,0.05962732919254658,0.27999531231688735
9,SMS,4.832585,1.3795785,1.3477174289998105e-06,3.5111472700423403e-05,0.5,0.17739130434782607,0.3226086956521739
9,BAX,4.8148465,1.1492449,1.4731318922572356e-06,3.8317823353291944e-05,0.6698113207547169,0.3383850931677019,0.33142622758701507
9,CD37,4.811464,0.63640875,1.4982895350182383e-06,3.891034140068793e-05,0.9905660377358491,0.8429813664596273,0.14758467127622177
9,SAMHD1,4.8066783,1.0796099,1.534584954252055e-06,3.978976931302357e-05,0.6981132075471698,0.3577639751552795,0.34034923239189024
9,AKIRIN2,4.8016458,1.4079809,1.5736692282422294e-06,4.0699403112512755e-05,0.49056603773584906,0.17863354037267082,0.31193249736317824
9,VAMP3,4.801522,1.7651964,1.5746422694346662e-06,4.0699403112512755e-05,0.4056603773584906,0.11080745341614907,0.2948529239423415
9,HACD4,4.7985106,1.453346,1.598498662058134e-06,4.125084638790715e-05,0.4811320754716981,0.18111801242236025,0.30001406304933786
9,RP11-1008C21.1,4.7967367,8.327522,1.6127132558916664e-06,4.155212847187962e-05,0.27358490566037735,0.0009937888198757764,0.2725911168405016
9,MIDN,4.7893114,1.3189785,1.673546112032417e-06,4.3051710595852795e-05,0.5094339622641509,0.2004968944099379,0.30893706785421304
9,MCOLN1,4.7848973,2.7924752,1.7107467113073285e-06,4.387073188667586e-05,0.32075471698113206,0.04074534161490683,0.2800093753662252
9,SNAP23,4.76225,1.2843072,1.9144619847934367e-06,4.901801648388955e-05,0.5377358490566038,0.22111801242236026,0.3166178366342435
9,TPMT,4.760971,2.070972,1.926634529981192e-06,4.925260553909732e-05,0.36792452830188677,0.08099378881987578,0.286930739482011
9,RP11-362F19.1,4.7594037,3.8030953,1.9416571699435955e-06,4.9559208981976856e-05,0.29245283018867924,0.019130434782608695,0.27332239540607056
9,NEURL1,4.7583313,4.6529574,1.9520005888929084e-06,4.9678394549002316e-05,0.2830188679245283,0.011925465838509317,0.27109340208601895
9,CKB,4.75829,6.763136,1.952399467942576e-06,4.9678394549002316e-05,0.27358490566037735,0.0034782608695652175,0.27010664479081214
9,CD79B,4.7578363,0.8078635,1.9567923087319183e-06,4.971285553286167e-05,0.6132075471698113,0.2571428571428571,0.3560646900269542
9,ATP5G3,4.7497096,0.9366395,2.0370905471359277e-06,5.1672617739055685e-05,0.8018867924528302,0.5026086956521739,0.2992780968006563
9,TPP1,4.747482,1.2699398,2.0596481119909852e-06,5.2163936161431126e-05,0.5188679245283019,0.19900621118012424,0.31986171334817765
9,HLA-DMA,4.7319713,1.0325068,2.2235000265309324e-06,5.608763491845088e-05,0.6981132075471698,0.3450931677018634,0.3530200398453064
9,LSM6,4.7318473,1.0966517,2.224856369541875e-06,5.608763491845088e-05,0.6320754716981132,0.3301863354037267,0.30188913629438646
9,SIRPB1,4.7211633,2.489795,2.344997368153597e-06,5.902538760055539e-05,0.330188679245283,0.05267080745341615,0.2775178717918668
9,CTSD,4.7090764,0.9998133,2.4884187948286506e-06,6.253920107863525e-05,0.7169811320754716,0.37490683229813665,0.342074299777335
9,MIS18BP1,4.7051163,1.6164956,2.537214734621742e-06,6.366774581770908e-05,0.4339622641509434,0.15751552795031057,0.27644673620063287
9,TMEM167A,4.701197,1.188088,2.5864057816954336e-06,6.480273352881928e-05,0.5471698113207547,0.2248447204968944,0.3223250908238603
9,ARAP1,4.694267,2.191261,2.6756454415025817e-06,6.693613924835434e-05,0.3490566037735849,0.06981366459627329,0.2792429391773116
9,NOP10,4.692163,0.98924893,2.703315718395214e-06,6.752511216589939e-05,0.7547169811320755,0.43478260869565216,0.31993437243642336
9,OSCAR,4.6902657,2.4217968,2.7285086042324496e-06,6.80505019418401e-05,0.330188679245283,0.05391304347826087,0.27627563576702213
9,CNPY3,4.6870065,1.0805045,2.7723012555043024e-06,6.903747464430121e-05,0.6698113207547169,0.3520496894409938,0.31776163131372315
9,SRI,4.6832113,1.1229411,2.824150524457953e-06,7.022177314689449e-05,0.6226415094339622,0.2827329192546584,0.33990859017930386
9,TNFRSF8,4.6804886,5.264127,2.8619185894019278e-06,7.105288321882389e-05,0.27358490566037735,0.006956521739130435,0.26662838392124694
9,APLP2,4.6766934,1.1439612,2.915374446199671e-06,7.22703656276861e-05,0.5660377358490566,0.24819875776397515,0.31783897808508144
9,CALHM2,4.6665044,2.341993,3.0636722948704048e-06,7.583168292946247e-05,0.33962264150943394,0.06509316770186335,0.2745294738075706
9,RAP1A,4.6595325,0.9787278,3.169280119186469e-06,7.83271782930662e-05,0.7358490566037735,0.4114285714285714,0.3244204851752021
9,SSH2,4.649261,1.4485903,3.3312647188220695e-06,8.220636812164084e-05,0.4528301886792453,0.15453416149068322,0.2982960271885621
9,ATP5C1,4.6254587,1.0425576,3.7377045478832774e-06,9.209726522276853e-05,0.6886792452830188,0.37440993788819876,0.31426930739482006
9,SCPEP1,4.622612,1.2740126,3.789376969793593e-06,9.309008498917864e-05,0.4811320754716981,0.1724223602484472,0.3087097152232509
9,IQGAP1,4.621416,1.0094832,3.811298134739423e-06,9.348822905917795e-05,0.6792452830188679,0.3485714285714286,0.3306738544474393
9,ARRDC1,4.6180744,1.563549,3.8731720258137175e-06,9.486372382385963e-05,0.42452830188679247,0.13291925465838508,0.2916090472284074
9,DOCK5,4.615434,3.025625,3.92273979332143e-06,9.564820530332625e-05,0.3018867924528302,0.035527950310559005,0.2663588421422712
9,GUK1,4.6142383,0.9210654,3.945399831132094e-06,9.605756940052409e-05,0.8584905660377359,0.5401242236024845,0.3183663424352514
9,ITGA4,4.6103606,1.2681283,4.0197152140843985e-06,9.772148680183484e-05,0.5094339622641509,0.1972670807453416,0.31216688151880934
9,PGAM1,4.605369,1.0102363,4.117353123864192e-06,9.994660899041847e-05,0.7075471698113207,0.3880745341614907,0.31947263564983003
9,SLC16A3,4.597531,1.7585407,4.275269779836206e-06,0.00010362620573022246,0.3867924528301887,0.10658385093167702,0.2802086018985117
9,PFKL,4.5967884,1.5355372,4.290527656427109e-06,0.00010384219376746143,0.44339622641509435,0.1604968944099379,0.2828993320051565
9,CHMP2B,4.5881257,1.5463661,4.472435846952094e-06,0.00010792554998817583,0.4339622641509434,0.14906832298136646,0.28489394116957695
9,TBCB,4.586063,1.1094323,4.516823980021922e-06,0.00010878346934673427,0.6037735849056604,0.2906832298136646,0.31309035509199573
9,P2RY13,4.585857,2.71584,4.521285933364666e-06,0.00010878346934673427,0.3113207547169811,0.04422360248447205,0.26709715223250907
9,C1QA,4.5578465,6.039126,5.168075040525741e-06,0.00012361823938310184,0.2641509433962264,0.0052173913043478265,0.25893355209187857
9,ICAM2,4.5555778,1.2201556,5.224177907004793e-06,0.0001247777733379641,0.5377358490566038,0.2412422360248447,0.29649361303175903
9,CHMP1B,4.55137,1.0493559,5.329770424924522e-06,0.00012692921968295503,0.660377358490566,0.34658385093167704,0.31379350755888896
9,NDUFB3,4.5395722,1.125282,5.63685244157887e-06,0.000134047300576558,0.5943396226415094,0.2787577639751553,0.31558185866635413
9,MVP,4.5370555,1.3718072,5.704505689551503e-06,0.00013545924178048205,0.4716981132075472,0.18111801242236025,0.2905801007851869
9,ERP44,4.5363955,1.1837898,5.722379059616023e-06,0.00013568673013677937,0.5566037735849056,0.24149068322981365,0.315113090355092
9,CAST,4.529795,0.99035424,5.904085901393466e-06,0.00013979269093009912,0.7169811320754716,0.3845962732919255,0.3323848587835462
9,ARF1,4.5283513,0.89456683,5.944563933387889e-06,0.00014034489251682432,0.8207547169811321,0.5150310559006211,0.30572366108051097
9,NOTCH2,4.526289,1.8439671,6.0028506944472815e-06,0.00014151677263955615,0.36792452830188677,0.0924223602484472,0.2755021680534396
9,SAP18,4.5236487,0.8610124,6.078256167987126e-06,0.00014308827217904656,0.8584905660377359,0.5540372670807453,0.3044532989569906
9,OTUD1,4.513872,1.8024604,6.365462889712488e-06,0.00014963410680831325,0.37735849056603776,0.10484472049689442,0.27251377006914335
9,RTN3,4.4966288,1.263238,6.9039386703548255e-06,0.00016182713550956347,0.49056603773584906,0.1960248447204969,0.2945411930153522
9,GRB2,4.493246,1.0797079,7.014565192104693e-06,0.00016418498012592972,0.6132075471698113,0.3142857142857143,0.298921832884097
9,RNF144B,4.47691,2.6323614,7.573105157758649e-06,0.0001770051049801275,0.3113207547169811,0.05242236024844721,0.2588983944685339
9,UQCRFS1,4.4696913,1.0363041,7.833260790709418e-06,0.00018251545400090226,0.6509433962264151,0.3277018633540373,0.3232415328723778
9,AMPD2,4.469444,2.0488508,7.842330185357514e-06,0.00018251545400090226,0.33962264150943394,0.07105590062111801,0.26856674088831595
9,RP11-347P5.1,4.4609456,0.8661621,8.159873332404908e-06,0.00018963591987425666,0.8113207547169812,0.5468322981366459,0.26448845658033526
9,GBP2,4.458677,1.3100836,8.246711057208182e-06,0.00019138218383969228,0.49056603773584906,0.20149068322981367,0.2890753545060354
9,ZFAND6,4.44131,1.1831692,8.941293668410674e-06,0.00020720751516836692,0.5283018867924528,0.23229813664596274,0.29600375014649005
9,YWHAZ,4.4348745,0.8533416,9.21259216021668e-06,0.00021319267373876255,0.8962264150943396,0.6144099378881988,0.2818164772061409
9,STK10,4.4272842,1.2180326,9.542697195595728e-06,0.00022051987121065214,0.5094339622641509,0.2124223602484472,0.29701160201570376
9,IFNGR1,4.4239016,1.4207718,9.693421839931306e-06,0.00022368698832597476,0.42452830188679247,0.14285714285714285,0.2816711590296496
9,ATP6AP2,4.4221277,0.99875194,9.773366609506207e-06,0.0002252141564762409,0.6792452830188679,0.34956521739130436,0.3296800656275635
9,SLIRP,4.41957,1.1933882,9.889745318604404e-06,0.00022757541934977026,0.5566037735849056,0.2675776397515528,0.28902613383335285
9,DUSP5,4.4189515,2.9016721,9.918099672574275e-06,0.0002279073437401513,0.29245283018867924,0.03677018633540373,0.2556826438532755
9,ADAP2,4.4050083,2.8579874,1.0577991268808884e-05,0.0002427300352720647,0.29245283018867924,0.03677018633540373,0.2556826438532755
9,NFKBIA,4.3996043,0.92455405,1.0844853533502548e-05,0.00024815755057571354,0.7735849056603774,0.4693167701863354,0.304268135474042
9,RNF135,4.3956437,2.2689471,1.1044485242795079e-05,0.00025237265790135514,0.32075471698113206,0.06186335403726708,0.258891362943865
9,APOBEC3C,4.385537,1.2138768,1.1569988197813759e-05,0.0002636442575270625,0.5,0.20546583850931677,0.29453416149068323
9,C9orf72,4.3635497,1.9827574,1.2796873112027111e-05,0.00029038785157541687,0.33962264150943394,0.0777639751552795,0.26185866635415445
9,CCT5,4.36058,1.2504826,1.2971828410951846e-05,0.00029354368552086187,0.49056603773584906,0.21217391304347827,0.2783921246923708
9,RIOK3,4.3570323,1.4233552,1.3183794168499308e-05,0.0002979282546834491,0.42452830188679247,0.14409937888198757,0.28042892300480493
9,ADRM1,4.3490705,1.1970544,1.3671578047997589e-05,0.0003084480023320917,0.5188679245283019,0.23031055900621117,0.2885573655220907
9,TAOK3,4.348823,1.1364468,1.3687014833634776e-05,0.0003084480023320917,0.5566037735849056,0.2737888198757764,0.28281495370912924
9,AAMP,4.3482456,1.3836806,1.372309868169518e-05,0.0003088357875257426,0.4339622641509434,0.15751552795031057,0.27644673620063287
9,CDC42EP3,4.341975,1.1408055,1.4120752059616482e-05,0.0003173483852299248,0.5188679245283019,0.2236024844720497,0.2952654400562522
9,GNS,4.3373137,1.9345133,1.4423472518843203e-05,0.0003237070423604851,0.33962264150943394,0.07875776397515528,0.26086487753427867
9,RP11-1398P2.1,4.3288984,2.6459105,1.4985713975191728e-05,0.000335864748422071,0.3018867924528302,0.04919254658385093,0.25269424586897926
9,NDUFB5,4.3251443,0.9977746,1.5243202677743296e-05,0.0003411683160199153,0.6509433962264151,0.3232298136645963,0.32771358256181876
9,ATP5F1,4.3204417,0.939184,1.5571725988303064e-05,0.00034804509411834214,0.7547169811320755,0.4342857142857143,0.32043126684636125
9,PET100,4.318998,0.93134487,1.5673935325678674e-05,0.000349851645106997,0.7264150943396226,0.4111801242236025,0.3152349701160201
9,PSMC4,4.3137174,1.3052162,1.605320275863929e-05,0.00035782895140885207,0.4528301886792453,0.1706832298136646,0.2821469588655807
9,FMNL1,4.3096747,0.9155607,1.6349475368442484e-05,0.0003639370972831122,0.6981132075471698,0.40968944099378884,0.2884237665533809
9,MGST3,4.3058796,1.0639516,1.663234588360278e-05,0.00036973072146959937,0.5943396226415094,0.3095652173913043,0.2847744052502051
9,ANXA1,4.2952366,0.9289175,1.7450707634461577e-05,0.0003870152184981035,0.839622641509434,0.5085714285714286,0.33105121293800543
9,PARVG,4.295154,1.2586124,1.7457198902976615e-05,0.0003870152184981035,0.46226415094339623,0.17316770186335403,0.2890964490800422
9,SH3GLB1,4.293834,1.1051594,1.756137261933833e-05,0.0003887978584911967,0.5283018867924528,0.21888198757763974,0.30941989921481305
9,TBCA,4.293298,0.87143326,1.7603862155535177e-05,0.0003892118766577176,0.839622641509434,0.5281987577639752,0.3114238837454588
9,TMEM165,4.2869864,1.1756417,1.8111348608322524e-05,0.00039989173357728045,0.5094339622641509,0.24571428571428572,0.2637196765498652
9,CALCOCO2,4.283067,1.2327925,1.8433436107096258e-05,0.000406454781870892,0.46226415094339623,0.17391304347826086,0.28835110746513537
9,SDHB,4.2823663,1.3081945,1.8491645408271582e-05,0.00040718951618402604,0.4528301886792453,0.18037267080745342,0.27245751787179184
9,TNFAIP2,4.2812524,1.8742173,1.8584455516327166e-05,0.0004086831676110602,0.3490566037735849,0.09465838509316771,0.2543982186804172
9,RAB11A,4.277952,1.1179353,1.8862060649108023e-05,0.00041423110641618303,0.5471698113207547,0.25515527950310557,0.29201453181764914
9,SOX4,4.2742805,1.8421539,1.9175536719277605e-05,0.00042055087971059105,0.33962264150943394,0.08322981366459627,0.2563928278448377
9,IMPDH1,4.2734556,1.8902797,1.924666043852863e-05,0.0004215456645713077,0.3490566037735849,0.09465838509316771,0.2543982186804172
9,PFDN2,4.2706094,1.0959114,1.949397087050867e-05,0.00042639152060480257,0.5471698113207547,0.24919254658385093,0.2979772647369038
9,DOCK8,4.267144,1.0368118,1.9799130202036196e-05,0.00043248807641590683,0.6037735849056604,0.28993788819875776,0.3138356967069026
9,CHN2,4.25976,2.3405917,2.0464654952220153e-05,0.0004464296262310319,0.3018867924528302,0.049689440993788817,0.2521973514590414
9,PFDN1,4.254851,1.2018296,2.0918827997915076e-05,0.00045572962033806736,0.4811320754716981,0.18881987577639753,0.2923121996953006
9,NDUFA1,4.2518396,0.8071848,2.1202170206341058e-05,0.0004612881738642899,0.8584905660377359,0.6029813664596273,0.2555091995781086
9,LEPROT,4.2468896,1.5104684,2.1675893080812728e-05,0.00047096850822732675,0.3867924528301887,0.12074534161490683,0.2660471112152819
9,SUCLG1,4.2362466,1.1956936,2.272874029269971e-05,0.0004931895489772678,0.4811320754716981,0.19826086956521738,0.28287120590648074
9,DEDD2,4.2338123,1.2852843,2.2976254280166054e-05,0.0004978999950699296,0.44339622641509435,0.1706832298136646,0.2727129966014298
9,BST2,4.2318735,0.9660088,2.317525980871801e-05,0.0005008856350468102,0.660377358490566,0.3592546583850932,0.3011227001054728
9,ACTG1,4.229976,0.52517647,2.3371618678840184e-05,0.0005044631308766547,0.9905660377358491,0.9232298136645962,0.06733622407125284
9,RIN3,4.227336,1.4566785,2.3647448697688257e-05,0.0005090735633458916,0.4056603773584906,0.14012422360248447,0.26553615375600614
9,EIF6,4.2259746,1.1189859,2.3790881125117538e-05,0.0005114883128620868,0.5188679245283019,0.23850931677018633,0.28035860775811555
9,CLTB,4.2246957,1.1264198,2.3926374413028e-05,0.00051372626216739,0.5188679245283019,0.22608695652173913,0.2927809680065627
9,PHTF2,4.221602,2.000744,2.425722413716156e-05,0.0005200373682864846,0.330188679245283,0.0777639751552795,0.2524247040900035
9,PPM1F,4.2213545,2.3418365,2.4283879308775394e-05,0.0005200373682864846,0.3018867924528302,0.05341614906832298,0.2484706433845072
9,NMI,4.220777,1.3810676,2.4346183119869434e-05,0.0005206900680054691,0.41509433962264153,0.1458385093167702,0.2692558303058713
9,FBP1,4.217518,2.4206288,2.4700614726324525e-05,0.0005275806234169654,0.3018867924528302,0.055900621118012424,0.24598617133481776
9,IRF5,4.2164454,2.4463403,2.4818332808657096e-05,0.0005291980788868318,0.29245283018867924,0.044968944099378884,0.24748388608930036
9,GLUL,4.216239,1.3634629,2.4841032002022297e-05,0.0005291980788868318,0.42452830188679247,0.16074534161490683,0.26378296027188564
9,ME2,4.212444,1.4360901,2.52622387505199e-05,0.0005374713760692537,0.39622641509433965,0.12745341614906833,0.2687729989452713
9,NDUFA2,4.21133,0.94940805,2.538713756829019e-05,0.0005394272178633712,0.6886792452830188,0.3791304347826087,0.3095488105004101
9,STX7,4.205926,1.1535769,2.600151208763457e-05,0.0005517649017714515,0.46226415094339623,0.1768944099378882,0.28536974100550805
9,HLA-DMB,4.201595,0.89720035,2.6504132408766306e-05,0.0005617022154660952,0.6037735849056604,0.2787577639751553,0.3250158209305051
9,TMEM50A,4.201141,0.9866853,2.6557319312827668e-05,0.0005621012953132904,0.6792452830188679,0.3498136645962733,0.3294316184225946
9,NAA38,4.197387,0.97093606,2.7001229781078877e-05,0.0005707585535506867,0.6226415094339622,0.32645962732919254,0.2961818821047697
9,ARL6IP5,4.193138,0.83204955,2.7512189211239494e-05,0.0005808089389485024,0.8207547169811321,0.5319254658385093,0.2888292511426228
9,NEU1,4.190292,2.1161542,2.78596104281294e-05,0.000586629454587677,0.32075471698113206,0.07180124223602484,0.2489534747451072
9,PSEN1,4.185919,2.0606105,2.8401467235752165e-05,0.0005969372715079538,0.32075471698113206,0.07180124223602484,0.2489534747451072
9,ATP5G2,4.185754,0.5536622,2.8422109559604912e-05,0.0005969372715079538,1.0,0.8919254658385093,0.10807453416149071
9,ITSN2,4.180804,1.09375,2.9048053145499754e-05,0.0006093015352737455,0.5283018867924528,0.2360248447204969,0.29227704207195593
9,UBE2A,4.178081,1.3236054,2.9397885129851293e-05,0.0006158499341990998,0.42452830188679247,0.15031055900621118,0.2742177428805813
9,COMMD8,4.170903,1.2745662,3.033946643264165e-05,0.000634762161514642,0.4528301886792453,0.17888198757763976,0.27394820110160556
9,LDHA,4.1637254,0.8873033,3.1309662955076274e-05,0.0006533895352142894,0.7452830188679245,0.4715527950310559,0.27373022383686857
9,PCMT1,4.153124,1.0728198,3.2796739868690296e-05,0.0006826812480809694,0.5377358490566038,0.24149068322981365,0.2962451658267901
9,RAB24,4.15267,2.3622594,3.2861863156107186e-05,0.0006831676532364291,0.29245283018867924,0.047453416149068325,0.2449994140396109
9,FAM49A,4.149452,1.9167508,3.332718274520637e-05,0.0006919572216218836,0.32075471698113206,0.07130434782608695,0.2494503691550451
9,RHEB,4.1491632,1.1800957,3.336924685897354e-05,0.0006919572216218836,0.4716981132075472,0.19080745341614908,0.2808906597913981
9,C17orf62,4.138479,1.1092545,3.496155501880379e-05,0.0007240582299527199,0.5,0.2111801242236025,0.2888198757763975
9,CMTM7,4.1348076,1.0888624,3.5525185176697255e-05,0.0007348009540783107,0.5188679245283019,0.23006211180124223,0.28880581272705963
9,ROMO1,4.132003,1.0147268,3.5961627490511323e-05,0.00074288912547002,0.5849056603773585,0.29664596273291927,0.2882596976444392
9,DUSP22,4.1313014,1.2631058,3.6071530922411165e-05,0.0007442198202037441,0.4339622641509434,0.16248447204968944,0.271477792101254
9,FAM50A,4.1280427,1.300292,3.658645654661822e-05,0.0007538929666992704,0.42452830188679247,0.15801242236024846,0.266515879526544
9,PDLIM5,4.1234636,2.1042333,3.732176344052797e-05,0.0007680771970446265,0.3113207547169811,0.06608695652173913,0.245233798195242
9,GAA,4.114058,2.0928056,3.887636086839427e-05,0.0007990655027233651,0.3113207547169811,0.06782608695652174,0.24349466776045936
9,PMVK,4.1128206,1.5117726,3.908543098194954e-05,0.000802354750684663,0.3867924528301887,0.13341614906832297,0.2533763037618657
9,OSBPL8,4.1095614,1.0628505,3.964109931720665e-05,0.0008127418871288446,0.5377358490566038,0.2683229813664596,0.26941286769014416
9,LIMD2,4.1076226,0.60988945,3.9975235246841554e-05,0.0008185667382647994,0.9528301886792453,0.8149068322981367,0.13792335638110864
9,POLD4,4.1059313,1.3614143,4.026889669172724e-05,0.0008235492734666867,0.4056603773584906,0.14360248447204968,0.2620578928864409
9,RAB5C,4.1032915,1.0362176,4.073139046825542e-05,0.0008319678894520935,0.5754716981132075,0.29763975155279504,0.2778319465604125
9,ARL4A,4.096897,1.0880703,4.1872467842961706e-05,0.0008542087860083497,0.5094339622641509,0.22807453416149068,0.28135942810266024
9,EPN1,4.095206,1.5716076,4.217933572545659e-05,0.0008593973995070925,0.36792452830188677,0.115527950310559,0.25239657799132775
9,CHP1,4.0922356,1.1514517,4.272339563396038e-05,0.0008683198459220195,0.46226415094339623,0.18832298136645964,0.2739411695769366
9,CCDC115,4.090998,1.1864171,4.2952046492053105e-05,0.0008718839114844675,0.46226415094339623,0.18633540372670807,0.27592874721668814
9,TUBB,4.086419,0.87175983,4.380818915062143e-05,0.0008881608211813102,0.7169811320754716,0.4429813664596273,0.2739997656158443
9,PSENEN,4.0856767,1.208334,4.394853934719589e-05,0.0008899035300240991,0.46226415094339623,0.19751552795031055,0.26474862299308566
9,RNF7,4.0718575,1.016147,4.663975268750157e-05,0.0009432299057110175,0.5660377358490566,0.28248447204968946,0.28355326379936713
9,MYO9B,4.0715275,1.4434254,4.670589212224316e-05,0.0009434013592740991,0.3867924528301887,0.1336645962732919,0.2531278565568968
9,VDAC1,4.0658345,1.0566282,4.786089159769339e-05,0.000965538899420298,0.5283018867924528,0.2395031055900621,0.2887987812023907
9,TSG101,4.0606365,1.3879546,4.893906117019016e-05,0.0009860738667555188,0.3867924528301887,0.12596273291925467,0.26082971991093407
9,IDH3G,4.0513964,1.153873,5.091288607852935e-05,0.0010233239915612023,0.4811320754716981,0.21987577639751552,0.2612562990741826
9,MARCH1,4.0494576,1.0536133,5.133650469555579e-05,0.0010305724580662434,0.4716981132075472,0.19254658385093168,0.27915152935661547
9,ADRBK2,4.0402994,2.2471566,5.338297658159876e-05,0.001070341764523943,0.29245283018867924,0.054409937888198756,0.23804289230048048
9,PDXK,4.034978,1.538258,5.460740514572832e-05,0.0010922148601335711,0.3584905660377358,0.10658385093167702,0.2519067151060588
9,ARHGEF40,4.0342355,2.4743953,5.478035622676871e-05,0.0010943362737804187,0.2830188679245283,0.04795031055900621,0.23506855736552207
9,KLF11,4.030399,2.1769774,5.568223496487861e-05,0.001110996397878511,0.29245283018867924,0.05267080745341615,0.23978202273526308
9,MMP24-AS1,4.0283365,1.1714844,5.6172911911104677e-05,0.0011194214516170324,0.46226415094339623,0.18881987577639753,0.2734442751669987
9,IL10RB,4.019715,1.5132216,5.82686324249237e-05,0.0011597726217812368,0.37735849056603776,0.13316770186335403,0.24419078870268374
9,KYNU,4.016621,2.1532726,5.9038578311656165e-05,0.0011736697202393762,0.3018867924528302,0.06683229813664596,0.23505449431618422
9,ITGB1,4.0123305,0.90493083,6.0122192318015996e-05,0.0011937611511105093,0.5377358490566038,0.24372670807453417,0.2940091409820696
9,PHPT1,4.001894,1.1501861,6.28374598078344e-05,0.001246162036261792,0.4716981132075472,0.21043478260869566,0.26126333059885154
9,ACP2,3.9959538,3.179219,6.443433187633723e-05,0.0012762834186788783,0.25471698113207547,0.023354037267080744,0.23136294386499473
9,CSNK2A1,3.9918284,1.6967819,6.556578762992776e-05,0.0012971243668842179,0.33962264150943394,0.09565217391304348,0.24397046759639046
9,CD33,3.9733064,1.6359541,7.088178668469971e-05,0.001400600135203348,0.330188679245283,0.08521739130434783,0.24497128794093517
9,LNPEP,3.9669535,1.2743707,7.279717195312828e-05,0.0014367123405610756,0.41509433962264153,0.15428571428571428,0.2608086253369273
9,PLIN2,3.964726,1.7697124,7.348031699436479e-05,0.0014484475498130148,0.33962264150943394,0.10633540372670808,0.23328723778272586
9,TAF10,3.9622922,1.4687465,7.423364579546069e-05,0.0014615363163171268,0.36792452830188677,0.12,0.24792452830188677
9,PTGER4,3.961467,1.2090178,7.449066490161386e-05,0.0014648338563164715,0.44339622641509435,0.1960248447204969,0.24737138169459746
9,FAM89B,3.9593632,1.4002135,7.514987807124457e-05,0.0014760229953464975,0.37735849056603776,0.12720496894409938,0.2501535216219384
9,TM9SF2,3.9584556,1.2958721,7.543594437704736e-05,0.0014798650910705898,0.4056603773584906,0.14732919254658386,0.25833118481190676
9,ADCY7,3.9523091,1.6682457,7.740066835929834e-05,0.0015165896227862037,0.33962264150943394,0.09639751552795031,0.24322512598148363
9,LY86,3.9463277,0.96994114,7.935902390925817e-05,0.0015531016628939868,0.5377358490566038,0.24720496894409938,0.2905308801125044
9,ERH,3.9361384,0.83850497,8.280325225517743e-05,0.0016166396302469664,0.7547169811320755,0.4434782608695652,0.3112387202625103
9,SNAP29,3.9345708,1.7858422,8.334551057229517e-05,0.0016252871257131363,0.32075471698113206,0.08223602484472049,0.23851869213641158
9,RFK,3.9242165,2.0105069,8.701245058657708e-05,0.0016927594578442183,0.3018867924528302,0.06732919254658386,0.2345575999062463
9,ODF3B,3.9188125,1.581068,8.898629683053777e-05,0.0017291030907891076,0.33962264150943394,0.09987577639751553,0.2397468651119184
9,TMEM176B,3.9085407,2.8756058,9.28552759491542e-05,0.001802141363943193,0.2641509433962264,0.04149068322981366,0.22266026016641274
9,SERPINB9,3.9009504,1.8250216,9.581577591030914e-05,0.001855829964558788,0.330188679245283,0.09962732919254659,0.23056135005273642
9,KRAS,3.900868,1.2055372,9.584843958512167e-05,0.001855829964558788,0.4056603773584906,0.14409937888198757,0.26156099847650305
9,RB1,3.8974028,1.3393965,9.722984725922946e-05,0.0018803516914991175,0.3867924528301887,0.13391304347826086,0.2528794093519279
9,GRINA,3.8909674,1.4938521,9.984533072446639e-05,0.0019286534309126266,0.3584905660377358,0.11850931677018633,0.2399812492675495
9,AP3S1,3.8888636,1.0060786,0.00010071470127361803,0.001943152390964227,0.5283018867924528,0.2422360248447205,0.2860658619477323
9,MARCH2,3.8870072,1.6180799,0.00010148772223040661,0.0019557604516038662,0.330188679245283,0.08993788819875777,0.24025079104652525
9,RAB7A,3.885316,0.85511166,0.0001021969029375901,0.001967110034072837,0.6792452830188679,0.4094409937888199,0.269804289230048
9,CASP4,3.8821394,0.88324785,0.00010354143779129535,0.0019906480184528593,0.6320754716981132,0.3356521739130435,0.2964232977850697
9,CTSA,3.8808196,1.174875,0.0001041051015906507,0.001998825296343512,0.42452830188679247,0.1701863354037267,0.25434196648306573
9,HSD17B11,3.8805718,0.85414654,0.00010421111043218725,0.001998825296343512,0.7169811320754716,0.41043478260869565,0.306546349466776
9,TRIM8,3.8799531,1.6727587,0.000104476578413046,0.0020015706082152757,0.330188679245283,0.09267080745341615,0.23751787179186684
9,PGD,3.8752503,1.1868621,0.00010651509175099875,0.0020382379136118017,0.4056603773584906,0.14906832298136646,0.2565920543771241
9,IFI35,3.8724866,1.3012042,0.00010773061637560693,0.0020566868314134245,0.39622641509433965,0.14633540372670809,0.24989101136763156
9,JAML,3.8697226,0.9129898,0.00010895922073752804,0.002077717727839972,0.5566037735849056,0.27279503105590064,0.283808742529005
9,NANS,3.8693926,1.2311939,0.0001091068000696881,0.002078109843935002,0.4056603773584906,0.15354037267080745,0.25212000468768314
9,TLN1,3.8640711,1.0242652,0.00011151271029665469,0.002121464480422753,0.5094339622641509,0.2467080745341615,0.26272588772998945
9,FIBP,3.8608122,1.1865957,0.00011301071393753147,0.0021449748152342833,0.4339622641509434,0.18906832298136647,0.24489394116957694
9,CYSLTR1,3.8562334,1.8489329,0.00011514760205956411,0.0021830010629160235,0.3113207547169811,0.08,0.2313207547169811
9,CYC1,3.852397,1.0431292,0.00011696724979797172,0.002214931914287749,0.5094339622641509,0.25192546583850933,0.2575084964256416
9,CYTIP,3.843899,0.8986209,0.00012109488168777238,0.0022904431899348487,0.6509433962264151,0.342111801242236,0.30883159498417906
9,PPM1N,3.840805,2.6393876,0.00012263147283631475,0.00231454527349535,0.2641509433962264,0.04124223602484472,0.2229087073713817
9,C20orf24,3.8407638,0.9659454,0.0001226520843542857,0.00231454527349535,0.5471698113207547,0.27403726708074533,0.2731325442400094
9,RBCK1,3.8378348,1.0301801,0.0001241238786796072,0.002339620713222412,0.5,0.2325465838509317,0.2674534161490683
9,TGFBI,3.8314822,1.3403533,0.00012737363486021457,0.0023981128192726935,0.37735849056603776,0.13962732919254658,0.23773116137349118
9,SCLT1,3.8304095,2.0099704,0.00012793014575697634,0.0024058219709538965,0.29245283018867924,0.0653416149068323,0.22711121528184694
9,VAV1,3.816095,1.5587945,0.00013558024839979037,0.0025438399587946908,0.33962264150943394,0.10211180124223602,0.23751084026719793
9,ASNA1,3.808876,1.1298791,0.00013959991707582738,0.002616259156102648,0.41509433962264153,0.15354037267080745,0.2615539669518341
9,AOAH,3.8074734,1.5365046,0.0001403937926260935,0.0026273128989899044,0.33962264150943394,0.10683229813664596,0.23279034337278798
9,RP3-395M20.12,3.8072672,1.6358982,0.00014051089704884582,0.0026273128989899044,0.330188679245283,0.09763975155279503,0.23254892769248797
9,CKS1B,3.801987,1.9994099,0.00014354028186574724,0.0026808933237505604,0.29245283018867924,0.0670807453416149,0.22537208484706434
9,PRKCB,3.7829285,0.87493604,0.00015499391263588155,0.002888218000723984,0.5943396226415094,0.3098136645962733,0.2845259580452361
9,YBX3,3.782186,1.1451166,0.00015545711536114507,0.0028935538844410635,0.42452830188679247,0.18509316770186335,0.23943513418492912
9,PICALM,3.7809484,1.3092046,0.00015623201645177318,0.002903780727950744,0.36792452830188677,0.12745341614906833,0.24047111215281844
9,SUPT4H1,3.7807422,0.9610875,0.0001563615195479864,0.002903780727950744,0.5377358490566038,0.271055900621118,0.26667994843548576
9,NDUFA12,3.7765758,0.8321982,0.00015899921492283054,0.0029460771861295927,0.7075471698113207,0.38683229813664594,0.3207148716746748
9,SMAP2,3.7727394,1.002297,0.00016146496275226663,0.0029883803796265096,0.5188679245283019,0.25565217391304346,0.2632157506152584
9,PSMB10,3.7606525,0.8458153,0.00016947072156455953,0.003133006187025716,0.660377358490566,0.38782608695652177,0.27255127153404424
9,SH2D3C,3.757476,1.9308509,0.00017163575549933722,0.003169449882307738,0.29245283018867924,0.0693167701863354,0.22313606000234382
9,EIF4E2,3.7549598,1.3045981,0.00017336935192761976,0.0031978534012263664,0.3867924528301887,0.15080745341614907,0.23598499941403964
9,PLSCR1,3.7521958,1.597751,0.00017529243751962127,0.0032296842007415805,0.330188679245283,0.10260869565217391,0.2275799835931091
9,LINC00998,3.7489781,1.4157792,0.00017755652151025514,0.0032640474701452634,0.3584905660377358,0.1239751552795031,0.23451541075823273
9,RIPK2,3.7465444,1.7848591,0.00017928733361316772,0.003292166178726192,0.3018867924528302,0.07527950310559006,0.22660728934724012
9,BAG1,3.7447293,1.0544062,0.00018058842215345797,0.00331233988212189,0.46226415094339623,0.20521739130434782,0.25704675963904844
9,MIIP,3.7410579,1.6231375,0.00018324735533303507,0.0033573460029157746,0.32075471698113206,0.09142857142857143,0.22932614555256065
9,PAG1,3.7377577,1.1608013,0.00018566877667748147,0.003397904759754222,0.41509433962264153,0.16695652173913045,0.24813781788351108
9,TAX1BP3,3.7352827,1.5465938,0.00018750454652411607,0.0034200243987525785,0.32075471698113206,0.08819875776397515,0.2325559592171569
9,SEMA4A,3.7297547,2.6121566,0.00019166621378488688,0.003492038890572978,0.25471698113207547,0.03900621118012423,0.21571076995195124
9,BRK1,3.7293835,0.7285362,0.00019194881710391797,0.0034932976603305917,0.839622641509434,0.5863354037267081,0.2532872377827259
9,MX2,3.7287235,1.4763361,0.00019245219014992634,0.003498566981158828,0.33962264150943394,0.1093167701863354,0.23030587132309854
9,PRCP,3.7284348,1.264016,0.00019267280572687797,0.003498690093781854,0.36792452830188677,0.12298136645962733,0.24494316184225945
9,PITPNM1,3.7260833,2.1846101,0.00019447811436562585,0.0035275570167804925,0.27358490566037735,0.053664596273291926,0.21992030938708543
9,ZNF106,3.7254646,1.3118806,0.00019495583072021662,0.0035323060314656303,0.37735849056603776,0.13987577639751553,0.23748271416852224
9,CLEC4A,3.722453,1.2844942,0.00019729649958355827,0.0035668155024161288,0.36792452830188677,0.13590062111801243,0.23202390718387433
9,NDUFA4,3.7180805,0.6176919,0.00020074232673176354,0.003621108277462385,0.8679245283018868,0.6921739130434783,0.17575061525840852
9,AKAP13,3.708345,0.8627191,0.00020861828732904908,0.0037561230356512347,0.6037735849056604,0.31900621118012423,0.2847673737255361
9,HLA-DRB5,3.7082624,1.85737,0.000208686256305053,0.0037561230356512347,0.29245283018867924,0.07006211180124224,0.22239071838743701
9,AGPAT2,3.706571,1.6238763,0.00021008421214234208,0.0037771294449020425,0.3113207547169811,0.08273291925465838,0.22858783546232275
9,SAMSN1,3.7011259,1.5550116,0.00021464492022317568,0.0038548908230201726,0.330188679245283,0.10161490683229814,0.22857377241298488
9,ERCC1,3.6967533,1.232945,0.0002183744402129851,0.003917570412636677,0.3867924528301887,0.15055900621118012,0.23623344661900858
9,TXNDC12,3.6956806,1.0712259,0.00021929847516491584,0.003929838282774576,0.44339622641509435,0.18409937888198757,0.2592968475331068
9,ATG16L2,3.692752,1.3874762,0.00022184053564653784,0.003971042673646614,0.3490566037735849,0.11751552795031056,0.23154107582327432
9,MORF4L1,3.6910605,0.70526516,0.00022332105881385161,0.003993175784976422,0.8301886792452831,0.5900621118012422,0.24012656744404082
9,EHBP1L1,3.6871414,1.544291,0.00022678726008491988,0.004046310100599099,0.32075471698113206,0.09540372670807454,0.22535099027305752
9,PSMB2,3.6854913,0.9580637,0.00022826176699176773,0.004063754918120035,0.5,0.23478260869565218,0.26521739130434785
9,KDM1B,3.6821914,2.4865568,0.00023123781454018944,0.004111788959539135,0.25471698113207547,0.040248447204968944,0.21446853392710652
9,KIAA1033,3.6819437,1.2864085,0.0002314624797833594,0.004111788959539135,0.36792452830188677,0.13341614906832297,0.2345083792335638
9,SLC25A3,3.6766634,0.74751675,0.00023630441516357464,0.004193250039578356,0.8207547169811321,0.5672049689440993,0.2535497480370328
9,ZCCHC6,3.6742296,1.6594436,0.0002385681002755393,0.004228832815393389,0.3113207547169811,0.0862111801242236,0.22510957459275752
9,SFT2D1,3.6697745,0.96743864,0.00024276459409439694,0.00429391516105776,0.5,0.24745341614906832,0.25254658385093165
9,FUNDC2,3.6691968,1.1827334,0.0002433136265460243,0.004298978665139853,0.4056603773584906,0.16472049689440993,0.24093988046408066
9,CTBS,3.668042,1.4852966,0.000244415187737901,0.004313783049169146,0.330188679245283,0.10111801242236025,0.22907066682292276
9,SH3BP1,3.6673818,1.2084289,0.0002450467499690802,0.004320269263194096,0.4056603773584906,0.1701863354037267,0.23547404195476387
9,LYSMD2,3.6656492,1.0803488,0.00024671189199827715,0.004344944311069765,0.4528301886792453,0.20074534161490684,0.2520848470643384
9,PSMA3,3.6641228,1.0445507,0.00024818759052105553,0.004366233514532246,0.4528301886792453,0.19751552795031055,0.2553146607289347
9,PSMB1,3.658595,0.7858793,0.0002536015890357537,0.004456687001303938,0.7641509433962265,0.4742857142857143,0.28986522911051216
9,ICAM3,3.6474571,0.7397227,0.00026484849533385855,0.0046473407920897365,0.7830188679245284,0.5416149068322982,0.24140396109223017
9,UQCRQ,3.6472921,0.728265,0.00026501857826659276,0.0046473407920897365,0.8018867924528302,0.5321739130434783,0.26971287940935196
9,IFNAR1,3.6455183,1.3162422,0.0002668534482098164,0.004674506708951612,0.3584905660377358,0.128944099378882,0.22954646665885384
9,SCO2,3.6428368,1.6078045,0.0002696497090116922,0.0047149077674249204,0.32075471698113206,0.10385093167701863,0.21690378530411342
9,EIF2S2,3.6427543,0.81203884,0.0002697361817926609,0.0047149077674249204,0.660377358490566,0.3617391304347826,0.2986382280557834
9,METTL7A,3.6328127,1.6417403,0.0002803485495154263,0.004895178888603938,0.3018867924528302,0.08024844720496895,0.22163834524786125
9,CBWD1,3.6188283,1.3586247,0.0002959399475069613,0.005156414782919482,0.3490566037735849,0.12273291925465839,0.22632368451892648
9,LRPAP1,3.618168,0.9921926,0.00029669552832587657,0.005164080360574113,0.4811320754716981,0.23006211180124223,0.25106996367045586
9,PLEKHO1,3.617302,1.3215982,0.0002976899703802793,0.0051712119352514095,0.36792452830188677,0.14559006211180126,0.2223344661900855
9,MTMR14,3.6172607,1.2823797,0.0002977374025430492,0.0051712119352514095,0.37735849056603776,0.1448447204968944,0.23251377006914337
9,UBE2E3,3.6154869,1.1092055,0.00029978369456261947,0.00519820425975225,0.41509433962264153,0.17540372670807453,0.239690612914567
9,NRGN,3.6153631,1.8954892,0.0002999269495266869,0.00519820425975225,0.27358490566037735,0.059130434782608696,0.21445447087776864
9,DYNC1LI1,3.613878,1.5103102,0.0003016510172466022,0.00522255269118694,0.32075471698113206,0.09962732919254659,0.22112738778858548
9,PSMF1,3.6070714,0.95290023,0.0003096724101997339,0.005350105916872066,0.4811320754716981,0.2186335403726708,0.2624985350990273
9,RP11-108M9.4,3.6031525,1.5605483,0.00031438093976359264,0.0054257242146330585,0.32075471698113206,0.10583850931677019,0.21491620766436187
9,SPG21,3.595851,0.84212583,0.00032333294262277103,0.005568473972895955,0.5566037735849056,0.2640993788819876,0.29250439470291806
9,YPEL5,3.5944896,0.7917493,0.0003250281264415264,0.0055917825201995935,0.7735849056603774,0.4546583850931677,0.3189265205672097
9,DDX21,3.5923858,0.79722416,0.00032766432504795163,0.005631214308938589,0.6226415094339622,0.3445962732919255,0.27804523614203674
9,CBX3,3.589333,0.7803077,0.00033152499714835036,0.005687418503463636,0.6981132075471698,0.40919254658385096,0.2889206609633188
9,CACUL1,3.5892506,1.5487611,0.00033162992801811066,0.005687418503463636,0.32075471698113206,0.09962732919254659,0.22112738778858548
9,SNRPC,3.5877655,0.9385541,0.00033352400615929706,0.005713912319133255,0.5094339622641509,0.2752795031055901,0.23415445915856087
9,PSMB6,3.5844653,0.8402773,0.0003377693689931306,0.005774550309400847,0.5943396226415094,0.29391304347826086,0.30042657916324855
9,TBC1D1,3.5805464,1.5452875,0.0003428763961922241,0.005855741876932127,0.32075471698113206,0.10236024844720497,0.21839446853392708
9,ATF3,3.5799277,2.204075,0.0003436893418780981,0.005863505028641879,0.2641509433962264,0.05639751552795031,0.2077534278682761
9,TAX1BP1,3.577205,0.78989846,0.00034728777009011846,0.0059181642786093995,0.6509433962264151,0.37118012422360247,0.2797632720028126
9,BLVRB,3.5736573,0.9018866,0.00035202952192961114,0.005987063418181256,0.4528301886792453,0.19677018633540372,0.2560600023438416
9,COPE,3.5728323,0.7776484,0.0003531408997812089,0.0059997282049017225,0.7830188679245284,0.4896894409937888,0.29332942693073955
9,CCNDBP1,3.5724611,0.85289013,0.0003536420896653863,0.006002010611011811,0.5471698113207547,0.27652173913043476,0.27064807219031994
9,LILRB4,3.5700684,2.2073996,0.0003568879718108555,0.0060508229085983484,0.25471698113207547,0.045714285714285714,0.20900269541778976
9,PTEN,3.567552,0.99797577,0.0003603317904823837,0.00610288656737296,0.4528301886792453,0.20546583850931677,0.24736435016992853
9,SNX27,3.5638807,1.6487416,0.00036541215832206636,0.006169771230451319,0.3018867924528302,0.08571428571428572,0.21617250673854446
9,ARHGAP27,3.5630968,1.8506439,0.0003665053707327464,0.006181849866555117,0.2830188679245283,0.07031055900621118,0.2127083089183171
9,SERPINB6,3.5627668,1.044982,0.00036696658488784013,0.0061832546811019075,0.4339622641509434,0.19850931677018632,0.2354529473807571
9,UBL5,3.562313,0.5815304,0.00036760164043547343,0.006187582756342368,0.8867924528301887,0.7075776397515527,0.17921481307863596
9,ARID3A,3.5614054,1.9011885,0.00036887483520891857,0.0062026322495921035,0.2830188679245283,0.07403726708074534,0.20898160084378295
9,AUP1,3.5586004,0.9408818,0.0003728362779286899,0.006262807333871967,0.49056603773584906,0.22906832298136645,0.2614977147544826
9,PMAIP1,3.557074,0.9420768,0.00037500844093136675,0.006292833950849325,0.46226415094339623,0.21440993788819876,0.24785421305519748
9,BSG,3.5548465,0.84833604,0.0003781998643440606,0.006339885225956123,0.5754716981132075,0.3160248447204969,0.2594468533927106
9,WAC-AS1,3.552495,1.5607094,0.00038159611886618263,0.006390270318085582,0.3113207547169811,0.09291925465838509,0.21840150005859604
9,UQCR10,3.549195,0.70956343,0.0003864108923241903,0.006451090417669467,0.8018867924528302,0.551055900621118,0.25083089183171225
9,CD47,3.5464723,0.8116873,0.0003904257579120692,0.006501278441579744,0.6226415094339622,0.36472049689440994,0.2579210125395523
9,ASGR1,3.5463486,1.265595,0.00039060917474927504,0.006501278441579744,0.330188679245283,0.10434782608695652,0.22584085315832647
9,ATP6V1F,3.541357,0.7833217,0.0003980744584673281,0.006618796966447109,0.7264150943396226,0.4402484472049689,0.2861666471346537
9,TADA3,3.5364068,1.15064,0.0004056095278977361,0.006730403129751379,0.39622641509433965,0.168944099378882,0.22728231571545765
9,DENND6B,3.5281153,2.0167186,0.00041852997532122033,0.0069377598036783035,0.2641509433962264,0.0546583850931677,0.2094925583030587
9,MCL1,3.5165234,0.71054745,0.00043723812451592264,0.007240539428345152,0.8018867924528302,0.5249689440993789,0.27691784835345135
9,PSMD4,3.5048492,0.8233175,0.00045686617231753806,0.0075579246160639435,0.5754716981132075,0.315527950310559,0.2599437478026485
9,IFI27L2,3.4965987,0.9069866,0.0004712301380369161,0.007779814620002002,0.4811320754716981,0.23080745341614906,0.25032462205554906
9,FRAT2,3.495691,1.595428,0.00047283563839621903,0.007798451491734415,0.29245283018867924,0.07726708074534161,0.21518574944333763
9,OTUB1,3.4939585,1.0011247,0.00047591486326731025,0.00784133240474971,0.44339622641509435,0.204472049689441,0.23892417672565336
9,LAMP2,3.4862857,1.1899498,0.0004897776095311567,0.008059731318520993,0.36792452830188677,0.1413664596273292,0.22655806867455758
9,BIN2,3.4843469,0.7563355,0.0004933396795134358,0.008100808109546604,0.6792452830188679,0.4467080745341615,0.23253720848470638
9,UQCRC1,3.4839756,0.9445695,0.0004940245278920914,0.008100808109546604,0.4716981132075472,0.21913043478260869,0.2525676784249385
9,TET2,3.483852,1.670088,0.0004942530076143311,0.008100808109546604,0.29245283018867924,0.08397515527950311,0.20847767490917612
9,LAP3,3.4826555,1.4044737,0.0004964667304893811,0.008122692177536764,0.33962264150943394,0.13217391304347825,0.2074487284659557
9,ITPK1,3.481913,2.132245,0.0004978454117670353,0.008137111670250214,0.25471698113207547,0.048944099378881986,0.20577288175319347
9,MYDGF,3.4743226,0.84186167,0.0005121448164650206,0.0083292259862666,0.5377358490566038,0.2636024844720497,0.27413336458455406
9,FAM96A,3.4743226,0.9426882,0.0005121448164650206,0.0083292259862666,0.4528301886792453,0.20745341614906831,0.24537677253017698
9,DRAM2,3.4687123,0.88063323,0.0005229590131155038,0.008488226600776546,0.5094339622641509,0.2673291925465838,0.24210476971756711
9,MBD2,3.4667735,1.5607017,0.0005267454901068541,0.008541212055141962,0.29245283018867924,0.07900621118012423,0.213446619008555
9,C1D,3.4646697,1.0756061,0.0005308831146181822,0.008599780829968396,0.4056603773584906,0.1746583850931677,0.2310019922653229
9,ADAP1,3.4643397,2.077754,0.0005315348951194417,0.008601822372946771,0.25471698113207547,0.05018633540372671,0.20453064572834875
9,DOK3,3.4634733,2.0656226,0.000533249368365437,0.008620456875504903,0.25471698113207547,0.049689440993788817,0.20502754013828667
9,HCCS,3.4632258,2.1720922,0.0005337401634916244,0.008620456875504903,0.25471698113207547,0.05217391304347826,0.2025430680885972
9,VMA21,3.4579043,1.1344854,0.0005443946088176786,0.008775212014646344,0.3867924528301887,0.16422360248447204,0.22256885034571666
9,MAP3K2,3.4555118,1.2341517,0.0005492492618689916,0.008844751154959224,0.3490566037735849,0.12496894409937888,0.22408765967420602
9,SASH3,3.4458587,1.0231158,0.0005692477435293155,0.009139806017549688,0.42452830188679247,0.19627329192546583,0.22825500996132664
9,MIEN1,3.4355044,0.9940095,0.0005914515444445906,0.009468433188510712,0.44339622641509435,0.21267080745341616,0.2307254189616782
9,ADAM10,3.4308844,1.1032561,0.0006016170862493148,0.009621756743035228,0.37735849056603776,0.1498136645962733,0.22754482596976447
9,ATOX1,3.4251504,0.9999609,0.000614459388755538,0.009807970789687178,0.41509433962264153,0.18111801242236025,0.23397632720028128
9,GNG2,3.4242427,1.0034126,0.0006165152131897147,0.009831194349899534,0.41509433962264153,0.17863354037267082,0.2364607992499707
9,POLR2G,3.423294,0.83662367,0.0006186713260858594,0.009855970366203257,0.5283018867924528,0.26161490683229816,0.26668697996015467
9,PPDPF,3.416735,0.5297373,0.0006337696133145247,0.010076875260873605,0.9528301886792453,0.8325465838509317,0.12028360482831357
9,COMT,3.4153323,0.9789109,0.0006370423477374233,0.010119077525565031,0.4339622641509434,0.19403726708074534,0.23992499707019807
9,GNAS,3.413476,0.78559357,0.0006413980829142262,0.010178384126634002,0.6509433962264151,0.39006211180124223,0.26088128442517283
9,LRRK2,3.4115784,1.5091318,0.0006458792312327646,0.010239564052518666,0.29245283018867924,0.08546583850931677,0.20698699167936246
9,PRKCD,3.4101346,1.8861023,0.0006493082880905152,0.010283962150482981,0.2641509433962264,0.06186335403726708,0.20228758935895932
9,PRDX3,3.4092684,1.0244582,0.0006513738413216471,0.010306699630428885,0.4056603773584906,0.17366459627329192,0.23199578108519867
9,FBXO6,3.4070818,1.9986005,0.0006566141085580273,0.010379578193350612,0.25471698113207547,0.052919254658385095,0.20179772647369038
9,PNPLA6,3.4065044,1.6594678,0.0006580048609452029,0.010384640088367456,0.2830188679245283,0.07627329192546584,0.20674557599906246
9,TMED5,3.406092,1.2691212,0.0006589999320302238,0.010387184863146909,0.3490566037735849,0.1336645962732919,0.21539200750029297
9,PLCB2,3.4038644,1.6174717,0.000664397538573772,0.01046218299192058,0.29245283018867924,0.08670807453416149,0.20574475565451775
9,SEPW1,3.3993266,0.85636634,0.0006755200486030583,0.010627099533840998,0.5471698113207547,0.2817391304347826,0.2654306808859721
9,CD48,3.3952014,0.61134404,0.0006857813912197045,0.01077816459341555,0.9528301886792453,0.7572670807453417,0.19556310793390363
9,IRF2,3.3858783,1.0342491,0.0007095080645622245,0.011119024371937312,0.39622641509433965,0.16298136645962732,0.23324504863471232
9,VPS28,3.3838983,0.7722893,0.0007146445820172899,0.011188803833861128,0.6698113207547169,0.4062111801242236,0.26360014063049336
9,DAZAP2,3.3815882,0.68401814,0.0007206808457630763,0.011265139185765468,0.8113207547169812,0.5562732919254658,0.25504746279151536
9,CTNNB1,3.3815057,1.0746056,0.0007208973001342488,0.011265139185765468,0.39622641509433965,0.16993788819875777,0.22628852689558188
9,CCPG1,3.3784118,1.3338408,0.0007290580730985446,0.011381793066760772,0.32075471698113206,0.10956521739130434,0.21118949958982772
9,CTNNA1,3.373668,1.9997749,0.0007417380821373731,0.011568709973164502,0.25471698113207547,0.055900621118012424,0.19881636001406305
9,UBE2E2,3.372554,1.673745,0.0007447446703248734,0.011585949306056591,0.2830188679245283,0.08099378881987578,0.2020250791046525
9,ATP2B1,3.3725128,1.0300841,0.0007448562425028997,0.011585949306056591,0.41509433962264153,0.195527950310559,0.21956638931208253
9,PFDN6,3.3724716,1.0931327,0.0007449678302042378,0.011585949306056591,0.36792452830188677,0.14335403726708074,0.22457049103480603
9,TNFAIP8L2,3.3696663,1.5523534,0.0007525923196140695,0.011682317781030162,0.29245283018867924,0.08695652173913043,0.2054963084495488
9,NABP1,3.3643448,1.1252007,0.0007672559209826215,0.011898648458006323,0.36792452830188677,0.14509316770186334,0.22283136060002343
9,RAB2A,3.3546095,0.866608,0.0007947710570528613,0.01227880006085162,0.5094339622641509,0.2598757763975155,0.24955818586663542
9,PTBP3,3.3539906,1.0977572,0.0007965504872758968,0.012294681624831083,0.37735849056603776,0.15850931677018634,0.21884917379585142
9,ADRB2,3.3521342,1.8776698,0.0008019109869169042,0.012359634616940085,0.25471698113207547,0.05490683229813664,0.19981014883393883
9,PELI1,3.3520105,1.8535163,0.0008022695411766011,0.012359634616940085,0.2641509433962264,0.0631055900621118,0.2010453533341146
9,HVCN1,3.3509793,0.81930107,0.0008052632842001543,0.01239408522370529,0.39622641509433965,0.15975155279503106,0.23647486229930859
9,SUMO1,3.3456578,0.7800456,0.0008208764305389763,0.012610665990655578,0.7641509433962265,0.4429813664596273,0.32116957693659914
9,H2AFJ,3.339635,0.9259137,0.0008388857050972192,0.012874644078121096,0.4339622641509434,0.19801242236024844,0.23594984179069498
9,MTCH2,3.3393874,1.142248,0.0008396335939951842,0.012874644078121096,0.3490566037735849,0.13093167701863354,0.21812492675495135
9,NDUFS2,3.335221,1.0122988,0.0008523162489559818,0.013056878416824737,0.41509433962264153,0.19105590062111802,0.2240384390015235
9,PRKACA,3.334396,1.8923558,0.0008548486451367044,0.013083422528607691,0.25471698113207547,0.05639751552795031,0.19831946560412517
9,C7orf73,3.332622,0.7469054,0.0008603169428884114,0.013154808880932057,0.6226415094339622,0.36472049689440994,0.2579210125395523
9,TNFRSF1A,3.3286207,1.0264459,0.0008727717347482831,0.01333279024483348,0.36792452830188677,0.13962732919254658,0.22829719910934018
9,PSMD8,3.3279607,0.7951654,0.0008748421241631952,0.013351951486412345,0.5754716981132075,0.3182608695652174,0.25721082854799016
9,TIMM8B,3.314595,0.89275867,0.0009177597303720763,0.01396787623127213,0.46226415094339623,0.23527950310559007,0.22698464783780617
9,LZIC,3.3133163,1.4941655,0.0009219667067097221,0.014005847064510458,0.2830188679245283,0.07751552795031055,0.20550333997421774
9,CNDP2,3.3096035,0.9771082,0.000934281969355771,0.014140413784116344,0.39622641509433965,0.16496894409937887,0.23125747099496077
9,PPP1R15A,3.3057258,0.7046835,0.0009473071617791378,0.014324299883427424,0.7924528301886793,0.533416149068323,0.25903668112035627
9,BEST1,3.3038282,1.5246463,0.0009537423069628944,0.014408289828457908,0.29245283018867924,0.09118012422360249,0.20127270596507674
9,MRPL41,3.3028796,0.8433068,0.0009569750416349342,0.014443790273237231,0.5,0.25937888198757764,0.24062111801242236
9,CSNK2B,3.300982,0.79388046,0.0009634709793685527,0.014528431975528932,0.6132075471698113,0.3604968944099379,0.2527106527598734
9,DSTN,3.299868,0.8291472,0.0009673028077931681,0.014572781987388605,0.5283018867924528,0.2785093167701863,0.2497925700222665
9,SLTM,3.2978055,0.833729,0.0009744360791139804,0.014666742125468108,0.5094339622641509,0.2529192546583851,0.25651470760576583
9,FRG1,3.2938042,0.8435424,0.000988413738271568,0.014849804565529041,0.4811320754716981,0.24322981366459628,0.23790226180710183
9,BCKDK,3.2917001,1.4741926,0.0009958370585449196,0.014947605609957273,0.29245283018867924,0.09192546583850932,0.20052736435016993
9,EIF4EBP1,3.2912464,1.1014314,0.0009974449189140081,0.014958016790423544,0.3584905660377358,0.14385093167701862,0.2146396343607172
9,TACC1,3.290339,1.0608335,0.0010006678521869764,0.014992606895266594,0.37735849056603776,0.15677018633540374,0.22058830423063402
9,MLX,3.287245,1.2260442,0.0010117277205146204,0.015144443948160754,0.33962264150943394,0.1306832298136646,0.20893941169576935
9,DNASE2,3.2868326,1.4928006,0.0010132108889367112,0.015152781859134856,0.29245283018867924,0.09142857142857143,0.20102425876010782
9,RAE1,3.284151,1.4410856,0.0010229006459539802,0.015283723715482256,0.29245283018867924,0.08919254658385094,0.20326028360482828
9,EPSTI1,3.2829134,1.5944315,0.0010274017065116671,0.015336970182698346,0.2830188679245283,0.08645962732919255,0.19655924059533575
9,MEA1,3.2765608,1.1609911,0.0010507970837147793,0.01565764215542578,0.33962264150943394,0.12496894409937888,0.21465369741005508
9,RAB18,3.272023,1.0229803,0.001067808800622003,0.015867774556745314,0.3867924528301887,0.1634782608695652,0.2233141919606235
9,UBE2L3,3.2684753,0.76275414,0.001081285938956008,0.01605346574161456,0.6132075471698113,0.3314285714285714,0.2817789757412399
9,IRF1,3.2649276,0.72881174,0.0010949202603888716,0.01624115174997491,0.6415094339622641,0.40198757763975157,0.23952185632251255
9,COX7A2,3.2610912,0.6154637,0.0011098431656911252,0.01644759423358016,0.9339622641509434,0.715527950310559,0.21843431384038436
9,NUCB1,3.2586162,0.96964437,0.0011195704159860352,0.01657673445787106,0.42452830188679247,0.20248447204968945,0.22204382983710302
9,TMEM9B,3.2580798,0.87840813,0.0011216883496481481,0.01659307693362871,0.46226415094339623,0.2218633540372671,0.24040079690612914
9,UBE2F,3.256141,1.1200643,0.0011293764382111888,0.01669171445851243,0.3584905660377358,0.14633540372670809,0.21215516231102774
9,CYB5R4,3.253006,1.1933298,0.00114191138403903,0.016861743821536615,0.330188679245283,0.12049689440993788,0.20969178483534512
9,RAB32,3.247313,1.231213,0.0011650015209987744,0.017156246521206973,0.32075471698113206,0.11527950310559006,0.20547521387554202
9,ARF5,3.246323,0.75136083,0.0011690609718457733,0.017200545467957462,0.5943396226415094,0.32993788819875774,0.26440173444275167
9,CBR1,3.2455804,1.5166259,0.0011721141338510907,0.0172299724563681,0.29245283018867924,0.09639751552795031,0.19605531466072892
9,POLR2J,3.2401352,0.79120255,0.0011947301273628483,0.01754666033553282,0.5377358490566038,0.29416149068322983,0.24357435837337393
9,MKRN1,3.2369175,0.8193716,0.0012082829317135368,0.017729791072435136,0.5188679245283019,0.2683229813664596,0.2505449431618423
9,EIF4A1,3.2342775,0.73735595,0.0012195090987825185,0.017875383941151315,0.6509433962264151,0.3950310559006211,0.25591234032579396
9,PSMD13,3.232916,0.88216215,0.0012253351612490605,0.01793176079892297,0.4339622641509434,0.19478260869565217,0.23917965545529124
9,DPYSL2,3.2325037,1.1572558,0.0012271057033794903,0.0179416232466415,0.330188679245283,0.12521739130434784,0.20497128794093517
9,PDCL3,3.2320087,1.3463323,0.0012292334727417415,0.017956686471006813,0.3113207547169811,0.11403726708074534,0.19728348763623577
9,KDELR1,3.231101,0.92427385,0.0012331432354973162,0.017997268069704225,0.39622641509433965,0.1672049689440994,0.22902144615024025
9,TSPAN14,3.2308536,0.9838768,0.0012342115258363268,0.017997268069704225,0.37735849056603776,0.15577639751552794,0.22158209305050983
9,AHNAK,3.229905,0.70760024,0.0012383145613722756,0.018041019179529653,0.6037735849056604,0.3306832298136646,0.27309035509199575
9,CCZ1,3.228461,0.9065355,0.0012445824853394654,0.018116204664269567,0.42452830188679247,0.19677018633540372,0.22775811555138875
9,NDUFV2,3.2276359,0.8094808,0.0012481772966006978,0.01815238111083024,0.5377358490566038,0.3115527950310559,0.2261830540255479
9,SELT,3.2261095,0.7044237,0.0012548529843911902,0.01822495920630326,0.6415094339622641,0.37043478260869567,0.27107465135356845
9,BANF1,3.222892,0.7344361,0.0012690341906128602,0.01840662091544061,0.6226415094339622,0.3309316770186335,0.2917098324153287
9,CD53,3.2202518,0.6574801,0.0012807803981457655,0.01856053861298748,0.8679245283018868,0.6012422360248447,0.2666822922770421
9,NRROS,3.2085774,1.7558506,0.0013339334956528135,0.019313704356084673,0.25471698113207547,0.06285714285714286,0.1918598382749326
9,TXNDC17,3.2041223,1.0523311,0.0013547491714783007,0.01958043391745272,0.36792452830188677,0.1577639751552795,0.21016055314660725
9,ZNF524,3.202266,1.1294204,0.001363510475935899,0.01968966892920322,0.33962264150943394,0.13167701863354037,0.20794562287589358
9,SNX17,3.2001622,0.811493,0.0013735031176028332,0.019799017186872207,0.5660377358490566,0.30832298136645964,0.25771475448259695
9,USP3,3.1997495,1.0419198,0.0013754703619135574,0.01980992129513003,0.37735849056603776,0.16745341614906833,0.20990507441696943
9,TMEM219,3.1974394,0.7332364,0.001386535036254515,0.01995171480049263,0.5754716981132075,0.3165217391304348,0.25894995898277273
9,TCOF1,3.192448,1.1259018,0.001410723472130443,0.02026371509913779,0.37735849056603776,0.17664596273291924,0.20071252783311852
9,RNF141,3.1905916,1.7095906,0.001419817989217275,0.02035902026431537,0.2641509433962264,0.07329192546583851,0.1908590179303879
9,ACO2,3.1894367,1.2326324,0.0014255040474378867,0.020422654746174485,0.32075471698113206,0.11826086956521739,0.20249384741591467
9,HADHA,3.1877866,0.7231831,0.0014336634091975749,0.020491581010726043,0.6132075471698113,0.3470807453416149,0.26612680182819637
9,HEBP1,3.187704,1.3877401,0.0014340725051819154,0.020491581010726043,0.29245283018867924,0.09465838509316771,0.19779444509551153
9,CCNG2,3.184775,1.5368745,0.0014486653180580621,0.02068203601112387,0.27358490566037735,0.07950310559006211,0.19408180007031522
9,ANAPC11,3.1785874,0.7375659,0.0014799462722008677,0.021110201359614996,0.5943396226415094,0.32521739130434785,0.26912223133716157
9,PLAC8,3.1759884,0.62772024,0.0014932689195170708,0.021263161699059004,0.7547169811320755,0.5793788819875776,0.17533809914449794
9,PSME1,3.1728945,0.5351372,0.0015092732537527233,0.021472364960563744,0.9056603773584906,0.7473291925465838,0.15833118481190678
9,PARP14,3.164768,1.0953313,0.0015520669229545482,0.0220331040739531,0.33962264150943394,0.13440993788819877,0.20521270362123517
9,TMEM179B,3.1570537,0.99836314,0.001593719342035328,0.022575620913454546,0.39622641509433965,0.19304347826086957,0.20318293683347008
9,CHPT1,3.154455,1.0579135,0.0016079820987135764,0.022757954253505904,0.3584905660377358,0.15527950310559005,0.20321106293214578
9,PSMD9,3.1525161,0.99875784,0.0016186989870997741,0.02288983070694849,0.3867924528301887,0.17217391304347826,0.21461853978671044
9,MRPL23,3.149711,0.77899694,0.0016343206671620147,0.023090777578098205,0.5377358490566038,0.29763975155279504,0.24009609750380873
9,FOS,3.1486797,0.5047166,0.0016400987270186055,0.0231524204251522,0.9905660377358491,0.9274534161490683,0.06311262158678077
9,ATP5O,3.1341176,0.6554336,0.0017237168968901927,0.0242491248065524,0.9056603773584906,0.6352795031055901,0.27038087425290047
9,TOR2A,3.126981,1.5762653,0.0017661126296255154,0.02480289161656915,0.2641509433962264,0.0737888198757764,0.19036212352045
9,BAZ1A,3.1245885,0.8729975,0.0017805394213821196,0.024984052721469006,0.46226415094339623,0.2643478260869565,0.19791632485643973
9,SNX20,3.123021,1.317585,0.0017900501107078932,0.02509598102938461,0.3018867924528302,0.10708074534161491,0.19480604711121527
9,CCDC12,3.1222785,0.8313875,0.0017945714522882173,0.025137828365485893,0.5094339622641509,0.28322981366459626,0.22620414859955468
9,CORO1C,3.1212883,1.5598197,0.0018006162362000477,0.025200925783121452,0.2641509433962264,0.07503105590062112,0.1891198874956053
9,C14orf2,3.1196382,0.55005866,0.0018107324764022332,0.025320849612322168,0.9433962264150944,0.7421118012422361,0.20128442517285827
9,ATP6V0E1,3.1155956,0.63125604,0.0018357384073422833,0.025648604681918957,0.8867924528301887,0.6529192546583851,0.23387319817180363
9,PSMA1,3.113203,0.6786197,0.0018506869069803166,0.025835399731318227,0.6698113207547169,0.4106832298136646,0.2591280909410523
9,COMMD7,3.1101916,0.838987,0.0018696603457116828,0.0260780161263332,0.44339622641509435,0.21490683229813665,0.2284893941169577
9,LMO4,3.1066852,1.2472202,0.0018919777855219539,0.026355411511441447,0.3113207547169811,0.11950310559006211,0.191817649126919
9,UBE2L6,3.1065614,0.799931,0.001892769911737895,0.026355411511441447,0.49056603773584906,0.2636024844720497,0.22696355326379936
9,NDUFC1,3.105365,0.80931747,0.001900442851067282,0.02643974956319031,0.4528301886792453,0.21962732919254657,0.23320285948669872
9,ATP6V1B2,3.1026425,1.1521432,0.0019180120084935177,0.026661507621888226,0.330188679245283,0.13291925465838508,0.19726942458689792
9,EID1,3.098146,0.6537397,0.0019473546032448162,0.02704640803369137,0.7358490566037735,0.4973913043478261,0.23845775225594745
9,GIT2,3.0966609,0.92079717,0.0019571359079607583,0.02715920321471244,0.37735849056603776,0.16,0.21735849056603776
9,SNX5,3.0954235,1.0365462,0.001965321427614541,0.02724968125186568,0.3490566037735849,0.1448447204968944,0.2042118832766905
9,RPS6KA1,3.0950933,1.0365143,0.0019675095343808205,0.027256920823035227,0.3584905660377358,0.15354037267080745,0.20495019336692838
9,MFSD1,3.0910094,0.9875641,0.0019947730569839007,0.027587896859943874,0.33962264150943394,0.13217391304347825,0.2074487284659557
9,GHITM,3.0887818,0.6990317,0.002009789797981874,0.02777210378782216,0.6320754716981132,0.40347826086956523,0.22859721082854795
9,MRPS15,3.08082,0.8644709,0.002064312729220198,0.028501451951706044,0.4056603773584906,0.17813664596273293,0.22752373139575766
9,RBP7,3.0739312,0.9631643,0.002112582109904298,0.02906976947026427,0.330188679245283,0.1301863354037267,0.2000023438415563
9,BTF3L4,3.0725286,0.7818076,0.002122535345980216,0.029177840324063717,0.44339622641509435,0.2039751552795031,0.23942107113559125
9,NDUFB4,3.0723224,0.6855929,0.00212400267868467,0.029177840324063717,0.6698113207547169,0.4111801242236025,0.25863119653111444
9,CHMP2A,3.0668771,0.787567,0.002163078293436061,0.029615166492809538,0.5,0.2919254658385093,0.2080745341614907
9,NDUFA6,3.0600293,0.81384784,0.0022131541499128215,0.030250137883645504,0.4716981132075472,0.24422360248447206,0.22747451072307512
9,RRBP1,3.0576365,1.432171,0.0022308994903530717,0.030416455468055506,0.2641509433962264,0.075527950310559,0.1886229930856674
9,HIGD1A,3.0550377,1.2902837,0.0022503222584155493,0.030630218361012315,0.3018867924528302,0.11105590062111802,0.19083089183171215
9,FAM204A,3.0517788,0.8844267,0.0022748967219235728,0.030938973622104387,0.41509433962264153,0.20124223602484473,0.2138521035977968
9,LAMTOR5,3.0508714,0.69328624,0.0022817838749875806,0.031006865430790537,0.5943396226415094,0.3945341614906832,0.1998054611508262
9,EXOSC1,3.0467873,1.153045,0.0023130130541824914,0.03140515068836493,0.32075471698113206,0.12695652173913044,0.19379819524200162
9,TMOD3,3.0274813,1.1134586,0.0024660088965168486,0.03339931420191404,0.32075471698113206,0.12422360248447205,0.19653111449666
9,TMEM147,3.0271513,0.83185226,0.002468702895234314,0.03340814563186816,0.46226415094339623,0.2506832298136646,0.21158092112973165
9,PDCD6IP,3.0255013,1.0031172,0.0024822133268384895,0.0335076209089994,0.33962264150943394,0.13664596273291926,0.20297667877651468
9,SSBP4,3.0252538,0.8367423,0.002484245716191936,0.0335076209089994,0.41509433962264153,0.1937888198757764,0.22130551974686513
9,FKBP8,3.0177047,0.6763786,0.0025469697287965457,0.034325347391136976,0.7547169811320755,0.493416149068323,0.26130083206375254
9,MID1IP1,3.0130432,1.0573411,0.0025864208477257506,0.034828338674601646,0.3490566037735849,0.1532919254658385,0.19576467830774638
9,WAC,3.0124657,0.8281964,0.0025913473046158806,0.03486554365747092,0.4339622641509434,0.2218633540372671,0.21209891011367632
9,SNN,3.0120945,1.3473473,0.0025945188417121445,0.03486554365747092,0.2641509433962264,0.07701863354037267,0.18713230985585375
9,ATF4,3.00108,0.707236,0.0026902374809064456,0.0359893503067133,0.5566037735849056,0.3316770186335404,0.22492675495136527
9,SLC12A9,2.998605,1.600726,0.002712186580658012,0.03625333712920403,0.25471698113207547,0.07503105590062112,0.17968592523145435
9,YIF1A,2.9957585,1.0801041,0.0027376302513515203,0.036533742693607034,0.330188679245283,0.13291925465838508,0.19726942458689792
9,HAGH,2.9939435,0.91915774,0.002753968868686843,0.036691925619369244,0.37735849056603776,0.1684472049689441,0.20891128559709365
9,ARAP2,2.9915097,1.2948377,0.0027760172762477655,0.03695558881748551,0.27358490566037735,0.0879503105590062,0.18563459510137115
9,OXA1L,2.985817,0.76817226,0.002828219104234649,0.03758935236749236,0.5,0.29093167701863354,0.20906832298136646
9,OS9,2.984538,0.8339853,0.0028400682128224375,0.037716198076288884,0.42452830188679247,0.21018633540372672,0.21434196648306575
9,RAC2,2.9835894,0.59041405,0.0028488887580753936,0.03779238946970569,0.8962264150943396,0.6695652173913044,0.22666119770303528
9,MRPL22,2.9830942,1.103595,0.002853500703961286,0.037802530378551094,0.32075471698113206,0.12745341614906833,0.19330130083206373
9,ATP6V1E1,2.9784741,0.9326811,0.002896875390510589,0.03834609891921015,0.37735849056603776,0.1796273291925466,0.19773116137349117
9,DCTN3,2.9770303,0.78795624,0.0029105528894584503,0.038496003091697414,0.46226415094339623,0.23577639751552795,0.22648775342786828
9,PPP2R3C,2.9762876,1.1180677,0.0029176099589294444,0.03855817167854979,0.3113207547169811,0.11975155279503105,0.19156920192195007
9,LASP1,2.9662635,0.81347984,0.0030144211072523053,0.0397412922931144,0.4056603773584906,0.18782608695652173,0.21783429040196886
9,NACA2,2.965851,1.2442082,0.003018467171805718,0.039762593718126696,0.3018867924528302,0.11453416149068323,0.18735263096214694
9,AKR1A1,2.9609833,0.8246767,0.003066586269063489,0.040363972605106796,0.41509433962264153,0.20198757763975156,0.21310676198288997
9,CCDC88A,2.9579306,1.3607278,0.0030971184969259026,0.0407330833828012,0.2641509433962264,0.08248447204968944,0.18166647134653696
9,ARF6,2.955703,0.63941365,0.003119573426525008,0.040995454483032656,0.8490566037735849,0.582111801242236,0.2669448025313489
9,KIF5B,2.9551256,0.7464375,0.0031254192537395003,0.04103931333100479,0.4811320754716981,0.2643478260869565,0.2167842493847416
9,FOSB,2.9510827,0.6295426,0.0031666204821770715,0.041513684061617845,0.8207547169811321,0.595527950310559,0.22522676667057306
9,DNAJC4,2.9465451,0.9034044,0.0032134560317157597,0.04206028330792124,0.3867924528301887,0.18757763975155278,0.19921481307863592
9,SHFM1,2.94572,0.686552,0.0032220390989106413,0.042116488206825245,0.6037735849056604,0.3629813664596273,0.24079221844603305
9,RAP2B,2.9380884,1.2908565,0.0033024284333060235,0.043058343876177914,0.29245283018867924,0.11229813664596273,0.18015469354271652
9,FAM120A,2.9325194,1.0373687,0.00336223930458111,0.04379745004956333,0.330188679245283,0.13788819875776398,0.19230048048751902
9,PIAS1,2.930828,0.9110811,0.003380598395332655,0.04400156749883657,0.36792452830188677,0.16472049689440993,0.20320403140747684
9,BLOC1S2,2.925053,0.77624136,0.0034439780364252815,0.04479087810330209,0.44339622641509435,0.23229813664596274,0.2110980897691316
9,PPP1R7,2.912801,0.8735352,0.003582028520156809,0.04647547075201075,0.37735849056603776,0.17515527950310558,0.20220321106293218
9,WDR13,2.9058707,1.38944,0.0036623284587394846,0.04737332460103404,0.2641509433962264,0.08521739130434783,0.17893355209187858
9,WBP2,2.9030242,0.8307739,0.0036957803685313153,0.0477619767847874,0.39622641509433965,0.18931677018633541,0.20690964490800423
9,GPX1,2.8977852,0.530051,0.0037580783510944753,0.048528744989942155,0.839622641509434,0.5542857142857143,0.2853369272237197
9,KCNK6,2.8960938,1.4454334,0.0037783931738272457,0.048752595202671584,0.25471698113207547,0.0782608695652174,0.1764561115668581
9,DNAJB6,2.895434,0.699116,0.003786347945009235,0.04881673658652175,0.5094339622641509,0.2742857142857143,0.23514824797843664
9,CCM2,2.8915563,0.8007052,0.00383339037428058,0.04938433064063352,0.41509433962264153,0.2027329192546584,0.21236142036798314
9,GLTP,2.888091,0.90911067,0.003875876923178127,0.049866240443197755,0.36792452830188677,0.17267080745341615,0.19525372084847062
